table_name,state_code,district_code,area_name,total_rural_urban,educational_level,metric,value,source_file,dataset_code
B0303ST,16,000,State - TRIPURA,Total,Total,Population_Persons,1166813.0,DDW-1600B-03ST.xlsx,03ST
B0303ST,16,000,State - TRIPURA,Total,Illiterate,Population_Persons,383043.0,DDW-1600B-03ST.xlsx,03ST
B0303ST,16,000,State - TRIPURA,Total,Literate,Population_Persons,783770.0,DDW-1600B-03ST.xlsx,03ST
B0303ST,16,000,State - TRIPURA,Total,Literate but below matric/secondary,Population_Persons,605477.0,DDW-1600B-03ST.xlsx,03ST
B0303ST,16,000,State - TRIPURA,Total,Matric/secondary but below graduate,Population_Persons,105027.0,DDW-1600B-03ST.xlsx,03ST
B0303ST,16,000,State - TRIPURA,Total,Technical diploma or certificate not equal to degree,Population_Persons,788.0,DDW-1600B-03ST.xlsx,03ST
B0303ST,16,000,State - TRIPURA,Total,Graduate and above other than technical degree,Population_Persons,10674.0,DDW-1600B-03ST.xlsx,03ST
B0303ST,16,000,State - TRIPURA,Total,Technical degree or diploma equal to degree or post-graduate degree,Population_Persons,1400.0,DDW-1600B-03ST.xlsx,03ST
B0303ST,16,000,State - TRIPURA,Rural,Total,Population_Persons,1117566.0,DDW-1600B-03ST.xlsx,03ST
B0303ST,16,000,State - TRIPURA,Rural,Illiterate,Population_Persons,374671.0,DDW-1600B-03ST.xlsx,03ST
B0303ST,16,000,State - TRIPURA,Rural,Literate,Population_Persons,742895.0,DDW-1600B-03ST.xlsx,03ST
B0303ST,16,000,State - TRIPURA,Rural,Literate but below matric/secondary,Population_Persons,581943.0,DDW-1600B-03ST.xlsx,03ST
B0303ST,16,000,State - TRIPURA,Rural,Matric/secondary but below graduate,Population_Persons,93681.0,DDW-1600B-03ST.xlsx,03ST
B0303ST,16,000,State - TRIPURA,Rural,Technical diploma or certificate not equal to degree,Population_Persons,466.0,DDW-1600B-03ST.xlsx,03ST
B0303ST,16,000,State - TRIPURA,Rural,Graduate and above other than technical degree,Population_Persons,7717.0,DDW-1600B-03ST.xlsx,03ST
B0303ST,16,000,State - TRIPURA,Rural,Technical degree or diploma equal to degree or post-graduate degree,Population_Persons,653.0,DDW-1600B-03ST.xlsx,03ST
B0303ST,16,000,State - TRIPURA,Urban,Total,Population_Persons,49247.0,DDW-1600B-03ST.xlsx,03ST
B0303ST,16,000,State - TRIPURA,Urban,Illiterate,Population_Persons,8372.0,DDW-1600B-03ST.xlsx,03ST
B0303ST,16,000,State - TRIPURA,Urban,Literate,Population_Persons,40875.0,DDW-1600B-03ST.xlsx,03ST
B0303ST,16,000,State - TRIPURA,Urban,Literate but below matric/secondary,Population_Persons,23534.0,DDW-1600B-03ST.xlsx,03ST
B0303ST,16,000,State - TRIPURA,Urban,Matric/secondary but below graduate,Population_Persons,11346.0,DDW-1600B-03ST.xlsx,03ST
B0303ST,16,000,State - TRIPURA,Urban,Technical diploma or certificate not equal to degree,Population_Persons,322.0,DDW-1600B-03ST.xlsx,03ST
B0303ST,16,000,State - TRIPURA,Urban,Graduate and above other than technical degree,Population_Persons,2957.0,DDW-1600B-03ST.xlsx,03ST
B0303ST,16,000,State - TRIPURA,Urban,Technical degree or diploma equal to degree or post-graduate degree,Population_Persons,747.0,DDW-1600B-03ST.xlsx,03ST
B0303ST,16,289,District - West Tripura ,Total,Total,Population_Persons,431944.0,DDW-1600B-03ST.xlsx,03ST
B0303ST,16,289,District - West Tripura ,Total,Illiterate,Population_Persons,117166.0,DDW-1600B-03ST.xlsx,03ST
B0303ST,16,289,District - West Tripura ,Total,Literate,Population_Persons,314778.0,DDW-1600B-03ST.xlsx,03ST
B0303ST,16,289,District - West Tripura ,Total,Literate but below matric/secondary,Population_Persons,228820.0,DDW-1600B-03ST.xlsx,03ST
B0303ST,16,289,District - West Tripura ,Total,Matric/secondary but below graduate,Population_Persons,60740.0,DDW-1600B-03ST.xlsx,03ST
B0303ST,16,289,District - West Tripura ,Total,Technical diploma or certificate not equal to degree,Population_Persons,485.0,DDW-1600B-03ST.xlsx,03ST
B0303ST,16,289,District - West Tripura ,Total,Graduate and above other than technical degree,Population_Persons,6336.0,DDW-1600B-03ST.xlsx,03ST
B0303ST,16,289,District - West Tripura ,Total,Technical degree or diploma equal to degree or post-graduate degree,Population_Persons,933.0,DDW-1600B-03ST.xlsx,03ST
B0303ST,16,289,District - West Tripura ,Rural,Total,Population_Persons,402746.0,DDW-1600B-03ST.xlsx,03ST
B0303ST,16,289,District - West Tripura ,Rural,Illiterate,Population_Persons,113333.0,DDW-1600B-03ST.xlsx,03ST
B0303ST,16,289,District - West Tripura ,Rural,Literate,Population_Persons,289413.0,DDW-1600B-03ST.xlsx,03ST
B0303ST,16,289,District - West Tripura ,Rural,Literate but below matric/secondary,Population_Persons,216124.0,DDW-1600B-03ST.xlsx,03ST
B0303ST,16,289,District - West Tripura ,Rural,Matric/secondary but below graduate,Population_Persons,52565.0,DDW-1600B-03ST.xlsx,03ST
B0303ST,16,289,District - West Tripura ,Rural,Technical diploma or certificate not equal to degree,Population_Persons,229.0,DDW-1600B-03ST.xlsx,03ST
B0303ST,16,289,District - West Tripura ,Rural,Graduate and above other than technical degree,Population_Persons,3875.0,DDW-1600B-03ST.xlsx,03ST
B0303ST,16,289,District - West Tripura ,Rural,Technical degree or diploma equal to degree or post-graduate degree,Population_Persons,283.0,DDW-1600B-03ST.xlsx,03ST
B0303ST,16,289,District - West Tripura ,Urban,Total,Population_Persons,29198.0,DDW-1600B-03ST.xlsx,03ST
B0303ST,16,289,District - West Tripura ,Urban,Illiterate,Population_Persons,3833.0,DDW-1600B-03ST.xlsx,03ST
B0303ST,16,289,District - West Tripura ,Urban,Literate,Population_Persons,25365.0,DDW-1600B-03ST.xlsx,03ST
B0303ST,16,289,District - West Tripura ,Urban,Literate but below matric/secondary,Population_Persons,12696.0,DDW-1600B-03ST.xlsx,03ST
B0303ST,16,289,District - West Tripura ,Urban,Matric/secondary but below graduate,Population_Persons,8175.0,DDW-1600B-03ST.xlsx,03ST
B0303ST,16,289,District - West Tripura ,Urban,Technical diploma or certificate not equal to degree,Population_Persons,256.0,DDW-1600B-03ST.xlsx,03ST
B0303ST,16,289,District - West Tripura ,Urban,Graduate and above other than technical degree,Population_Persons,2461.0,DDW-1600B-03ST.xlsx,03ST
B0303ST,16,289,District - West Tripura ,Urban,Technical degree or diploma equal to degree or post-graduate degree,Population_Persons,650.0,DDW-1600B-03ST.xlsx,03ST
B0303ST,16,290,District - South Tripura ,Total,Total,Population_Persons,344835.0,DDW-1600B-03ST.xlsx,03ST
B0303ST,16,290,District - South Tripura ,Total,Illiterate,Population_Persons,124456.0,DDW-1600B-03ST.xlsx,03ST
B0303ST,16,290,District - South Tripura ,Total,Literate,Population_Persons,220379.0,DDW-1600B-03ST.xlsx,03ST
B0303ST,16,290,District - South Tripura ,Total,Literate but below matric/secondary,Population_Persons,183020.0,DDW-1600B-03ST.xlsx,03ST
B0303ST,16,290,District - South Tripura ,Total,Matric/secondary but below graduate,Population_Persons,21254.0,DDW-1600B-03ST.xlsx,03ST
B0303ST,16,290,District - South Tripura ,Total,Technical diploma or certificate not equal to degree,Population_Persons,131.0,DDW-1600B-03ST.xlsx,03ST
B0303ST,16,290,District - South Tripura ,Total,Graduate and above other than technical degree,Population_Persons,2034.0,DDW-1600B-03ST.xlsx,03ST
B0303ST,16,290,District - South Tripura ,Total,Technical degree or diploma equal to degree or post-graduate degree,Population_Persons,194.0,DDW-1600B-03ST.xlsx,03ST
B0303ST,16,290,District - South Tripura ,Rural,Total,Population_Persons,338926.0,DDW-1600B-03ST.xlsx,03ST
B0303ST,16,290,District - South Tripura ,Rural,Illiterate,Population_Persons,123099.0,DDW-1600B-03ST.xlsx,03ST
B0303ST,16,290,District - South Tripura ,Rural,Literate,Population_Persons,215827.0,DDW-1600B-03ST.xlsx,03ST
B0303ST,16,290,District - South Tripura ,Rural,Literate but below matric/secondary,Population_Persons,179552.0,DDW-1600B-03ST.xlsx,03ST
B0303ST,16,290,District - South Tripura ,Rural,Matric/secondary but below graduate,Population_Persons,20533.0,DDW-1600B-03ST.xlsx,03ST
B0303ST,16,290,District - South Tripura ,Rural,Technical diploma or certificate not equal to degree,Population_Persons,119.0,DDW-1600B-03ST.xlsx,03ST
B0303ST,16,290,District - South Tripura ,Rural,Graduate and above other than technical degree,Population_Persons,1900.0,DDW-1600B-03ST.xlsx,03ST
B0303ST,16,290,District - South Tripura ,Rural,Technical degree or diploma equal to degree or post-graduate degree,Population_Persons,173.0,DDW-1600B-03ST.xlsx,03ST
B0303ST,16,290,District - South Tripura ,Urban,Total,Population_Persons,5909.0,DDW-1600B-03ST.xlsx,03ST
B0303ST,16,290,District - South Tripura ,Urban,Illiterate,Population_Persons,1357.0,DDW-1600B-03ST.xlsx,03ST
B0303ST,16,290,District - South Tripura ,Urban,Literate,Population_Persons,4552.0,DDW-1600B-03ST.xlsx,03ST
B0303ST,16,290,District - South Tripura ,Urban,Literate but below matric/secondary,Population_Persons,3468.0,DDW-1600B-03ST.xlsx,03ST
B0303ST,16,290,District - South Tripura ,Urban,Matric/secondary but below graduate,Population_Persons,721.0,DDW-1600B-03ST.xlsx,03ST
B0303ST,16,290,District - South Tripura ,Urban,Technical diploma or certificate not equal to degree,Population_Persons,12.0,DDW-1600B-03ST.xlsx,03ST
B0303ST,16,290,District - South Tripura ,Urban,Graduate and above other than technical degree,Population_Persons,134.0,DDW-1600B-03ST.xlsx,03ST
B0303ST,16,290,District - South Tripura ,Urban,Technical degree or diploma equal to degree or post-graduate degree,Population_Persons,21.0,DDW-1600B-03ST.xlsx,03ST
B0303ST,16,291,District - Dhalai,Total,Total,Population_Persons,210608.0,DDW-1600B-03ST.xlsx,03ST
B0303ST,16,291,District - Dhalai,Total,Illiterate,Population_Persons,72922.0,DDW-1600B-03ST.xlsx,03ST
B0303ST,16,291,District - Dhalai,Total,Literate,Population_Persons,137686.0,DDW-1600B-03ST.xlsx,03ST
B0303ST,16,291,District - Dhalai,Total,Literate but below matric/secondary,Population_Persons,103098.0,DDW-1600B-03ST.xlsx,03ST
B0303ST,16,291,District - Dhalai,Total,Matric/secondary but below graduate,Population_Persons,12398.0,DDW-1600B-03ST.xlsx,03ST
B0303ST,16,291,District - Dhalai,Total,Technical diploma or certificate not equal to degree,Population_Persons,67.0,DDW-1600B-03ST.xlsx,03ST
B0303ST,16,291,District - Dhalai,Total,Graduate and above other than technical degree,Population_Persons,1166.0,DDW-1600B-03ST.xlsx,03ST
B0303ST,16,291,District - Dhalai,Total,Technical degree or diploma equal to degree or post-graduate degree,Population_Persons,129.0,DDW-1600B-03ST.xlsx,03ST
B0303ST,16,291,District - Dhalai,Rural,Total,Population_Persons,205637.0,DDW-1600B-03ST.xlsx,03ST
B0303ST,16,291,District - Dhalai,Rural,Illiterate,Population_Persons,71791.0,DDW-1600B-03ST.xlsx,03ST
B0303ST,16,291,District - Dhalai,Rural,Literate,Population_Persons,133846.0,DDW-1600B-03ST.xlsx,03ST
B0303ST,16,291,District - Dhalai,Rural,Literate but below matric/secondary,Population_Persons,100688.0,DDW-1600B-03ST.xlsx,03ST
B0303ST,16,291,District - Dhalai,Rural,Matric/secondary but below graduate,Population_Persons,11464.0,DDW-1600B-03ST.xlsx,03ST
B0303ST,16,291,District - Dhalai,Rural,Technical diploma or certificate not equal to degree,Population_Persons,49.0,DDW-1600B-03ST.xlsx,03ST
B0303ST,16,291,District - Dhalai,Rural,Graduate and above other than technical degree,Population_Persons,1035.0,DDW-1600B-03ST.xlsx,03ST
B0303ST,16,291,District - Dhalai,Rural,Technical degree or diploma equal to degree or post-graduate degree,Population_Persons,109.0,DDW-1600B-03ST.xlsx,03ST
B0303ST,16,291,District - Dhalai,Urban,Total,Population_Persons,4971.0,DDW-1600B-03ST.xlsx,03ST
B0303ST,16,291,District - Dhalai,Urban,Illiterate,Population_Persons,1131.0,DDW-1600B-03ST.xlsx,03ST
B0303ST,16,291,District - Dhalai,Urban,Literate,Population_Persons,3840.0,DDW-1600B-03ST.xlsx,03ST
B0303ST,16,291,District - Dhalai,Urban,Literate but below matric/secondary,Population_Persons,2410.0,DDW-1600B-03ST.xlsx,03ST
B0303ST,16,291,District - Dhalai,Urban,Matric/secondary but below graduate,Population_Persons,934.0,DDW-1600B-03ST.xlsx,03ST
B0303ST,16,291,District - Dhalai,Urban,Technical diploma or certificate not equal to degree,Population_Persons,18.0,DDW-1600B-03ST.xlsx,03ST
B0303ST,16,291,District - Dhalai,Urban,Graduate and above other than technical degree,Population_Persons,131.0,DDW-1600B-03ST.xlsx,03ST
B0303ST,16,291,District - Dhalai,Urban,Technical degree or diploma equal to degree or post-graduate degree,Population_Persons,20.0,DDW-1600B-03ST.xlsx,03ST
B0303ST,16,292,District - North Tripura,Total,Total,Population_Persons,179426.0,DDW-1600B-03ST.xlsx,03ST
B0303ST,16,292,District - North Tripura,Total,Illiterate,Population_Persons,68499.0,DDW-1600B-03ST.xlsx,03ST
B0303ST,16,292,District - North Tripura,Total,Literate,Population_Persons,110927.0,DDW-1600B-03ST.xlsx,03ST
B0303ST,16,292,District - North Tripura,Total,Literate but below matric/secondary,Population_Persons,90539.0,DDW-1600B-03ST.xlsx,03ST
B0303ST,16,292,District - North Tripura,Total,Matric/secondary but below graduate,Population_Persons,10635.0,DDW-1600B-03ST.xlsx,03ST
B0303ST,16,292,District - North Tripura,Total,Technical diploma or certificate not equal to degree,Population_Persons,105.0,DDW-1600B-03ST.xlsx,03ST
B0303ST,16,292,District - North Tripura,Total,Graduate and above other than technical degree,Population_Persons,1138.0,DDW-1600B-03ST.xlsx,03ST
B0303ST,16,292,District - North Tripura,Total,Technical degree or diploma equal to degree or post-graduate degree,Population_Persons,144.0,DDW-1600B-03ST.xlsx,03ST
B0303ST,16,292,District - North Tripura,Rural,Total,Population_Persons,170257.0,DDW-1600B-03ST.xlsx,03ST
B0303ST,16,292,District - North Tripura,Rural,Illiterate,Population_Persons,66448.0,DDW-1600B-03ST.xlsx,03ST
B0303ST,16,292,District - North Tripura,Rural,Literate,Population_Persons,103809.0,DDW-1600B-03ST.xlsx,03ST
B0303ST,16,292,District - North Tripura,Rural,Literate but below matric/secondary,Population_Persons,85579.0,DDW-1600B-03ST.xlsx,03ST
B0303ST,16,292,District - North Tripura,Rural,Matric/secondary but below graduate,Population_Persons,9119.0,DDW-1600B-03ST.xlsx,03ST
B0303ST,16,292,District - North Tripura,Rural,Technical diploma or certificate not equal to degree,Population_Persons,69.0,DDW-1600B-03ST.xlsx,03ST
B0303ST,16,292,District - North Tripura,Rural,Graduate and above other than technical degree,Population_Persons,907.0,DDW-1600B-03ST.xlsx,03ST
B0303ST,16,292,District - North Tripura,Rural,Technical degree or diploma equal to degree or post-graduate degree,Population_Persons,88.0,DDW-1600B-03ST.xlsx,03ST
B0303ST,16,292,District - North Tripura,Urban,Total,Population_Persons,9169.0,DDW-1600B-03ST.xlsx,03ST
B0303ST,16,292,District - North Tripura,Urban,Illiterate,Population_Persons,2051.0,DDW-1600B-03ST.xlsx,03ST
B0303ST,16,292,District - North Tripura,Urban,Literate,Population_Persons,7118.0,DDW-1600B-03ST.xlsx,03ST
B0303ST,16,292,District - North Tripura,Urban,Literate but below matric/secondary,Population_Persons,4960.0,DDW-1600B-03ST.xlsx,03ST
B0303ST,16,292,District - North Tripura,Urban,Matric/secondary but below graduate,Population_Persons,1516.0,DDW-1600B-03ST.xlsx,03ST
B0303ST,16,292,District - North Tripura,Urban,Technical diploma or certificate not equal to degree,Population_Persons,36.0,DDW-1600B-03ST.xlsx,03ST
B0303ST,16,292,District - North Tripura,Urban,Graduate and above other than technical degree,Population_Persons,231.0,DDW-1600B-03ST.xlsx,03ST
B0303ST,16,292,District - North Tripura,Urban,Technical degree or diploma equal to degree or post-graduate degree,Population_Persons,56.0,DDW-1600B-03ST.xlsx,03ST
B0303ST,16,000,State - TRIPURA,Total,Total,Population_Males,588327.0,DDW-1600B-03ST.xlsx,03ST
B0303ST,16,000,State - TRIPURA,Total,Illiterate,Population_Males,157291.0,DDW-1600B-03ST.xlsx,03ST
B0303ST,16,000,State - TRIPURA,Total,Literate,Population_Males,431036.0,DDW-1600B-03ST.xlsx,03ST
B0303ST,16,000,State - TRIPURA,Total,Literate but below matric/secondary,Population_Males,329142.0,DDW-1600B-03ST.xlsx,03ST
B0303ST,16,000,State - TRIPURA,Total,Matric/secondary but below graduate,Population_Males,64732.0,DDW-1600B-03ST.xlsx,03ST
B0303ST,16,000,State - TRIPURA,Total,Technical diploma or certificate not equal to degree,Population_Males,577.0,DDW-1600B-03ST.xlsx,03ST
B0303ST,16,000,State - TRIPURA,Total,Graduate and above other than technical degree,Population_Males,7018.0,DDW-1600B-03ST.xlsx,03ST
B0303ST,16,000,State - TRIPURA,Total,Technical degree or diploma equal to degree or post-graduate degree,Population_Males,1009.0,DDW-1600B-03ST.xlsx,03ST
B0303ST,16,000,State - TRIPURA,Rural,Total,Population_Males,563908.0,DDW-1600B-03ST.xlsx,03ST
B0303ST,16,000,State - TRIPURA,Rural,Illiterate,Population_Males,153633.0,DDW-1600B-03ST.xlsx,03ST
B0303ST,16,000,State - TRIPURA,Rural,Literate,Population_Males,410275.0,DDW-1600B-03ST.xlsx,03ST
B0303ST,16,000,State - TRIPURA,Rural,Literate but below matric/secondary,Population_Males,317903.0,DDW-1600B-03ST.xlsx,03ST
B0303ST,16,000,State - TRIPURA,Rural,Matric/secondary but below graduate,Population_Males,58644.0,DDW-1600B-03ST.xlsx,03ST
B0303ST,16,000,State - TRIPURA,Rural,Technical diploma or certificate not equal to degree,Population_Males,349.0,DDW-1600B-03ST.xlsx,03ST
B0303ST,16,000,State - TRIPURA,Rural,Graduate and above other than technical degree,Population_Males,5275.0,DDW-1600B-03ST.xlsx,03ST
B0303ST,16,000,State - TRIPURA,Rural,Technical degree or diploma equal to degree or post-graduate degree,Population_Males,497.0,DDW-1600B-03ST.xlsx,03ST
B0303ST,16,000,State - TRIPURA,Urban,Total,Population_Males,24419.0,DDW-1600B-03ST.xlsx,03ST
B0303ST,16,000,State - TRIPURA,Urban,Illiterate,Population_Males,3658.0,DDW-1600B-03ST.xlsx,03ST
B0303ST,16,000,State - TRIPURA,Urban,Literate,Population_Males,20761.0,DDW-1600B-03ST.xlsx,03ST
B0303ST,16,000,State - TRIPURA,Urban,Literate but below matric/secondary,Population_Males,11239.0,DDW-1600B-03ST.xlsx,03ST
B0303ST,16,000,State - TRIPURA,Urban,Matric/secondary but below graduate,Population_Males,6088.0,DDW-1600B-03ST.xlsx,03ST
B0303ST,16,000,State - TRIPURA,Urban,Technical diploma or certificate not equal to degree,Population_Males,228.0,DDW-1600B-03ST.xlsx,03ST
B0303ST,16,000,State - TRIPURA,Urban,Graduate and above other than technical degree,Population_Males,1743.0,DDW-1600B-03ST.xlsx,03ST
B0303ST,16,000,State - TRIPURA,Urban,Technical degree or diploma equal to degree or post-graduate degree,Population_Males,512.0,DDW-1600B-03ST.xlsx,03ST
B0303ST,16,289,District - West Tripura ,Total,Total,Population_Males,217278.0,DDW-1600B-03ST.xlsx,03ST
B0303ST,16,289,District - West Tripura ,Total,Illiterate,Population_Males,47048.0,DDW-1600B-03ST.xlsx,03ST
B0303ST,16,289,District - West Tripura ,Total,Literate,Population_Males,170230.0,DDW-1600B-03ST.xlsx,03ST
B0303ST,16,289,District - West Tripura ,Total,Literate but below matric/secondary,Population_Males,120888.0,DDW-1600B-03ST.xlsx,03ST
B0303ST,16,289,District - West Tripura ,Total,Matric/secondary but below graduate,Population_Males,36049.0,DDW-1600B-03ST.xlsx,03ST
B0303ST,16,289,District - West Tripura ,Total,Technical diploma or certificate not equal to degree,Population_Males,368.0,DDW-1600B-03ST.xlsx,03ST
B0303ST,16,289,District - West Tripura ,Total,Graduate and above other than technical degree,Population_Males,3938.0,DDW-1600B-03ST.xlsx,03ST
B0303ST,16,289,District - West Tripura ,Total,Technical degree or diploma equal to degree or post-graduate degree,Population_Males,649.0,DDW-1600B-03ST.xlsx,03ST
B0303ST,16,289,District - West Tripura ,Rural,Total,Population_Males,203063.0,DDW-1600B-03ST.xlsx,03ST
B0303ST,16,289,District - West Tripura ,Rural,Illiterate,Population_Males,45330.0,DDW-1600B-03ST.xlsx,03ST
B0303ST,16,289,District - West Tripura ,Rural,Literate,Population_Males,157733.0,DDW-1600B-03ST.xlsx,03ST
B0303ST,16,289,District - West Tripura ,Rural,Literate but below matric/secondary,Population_Males,115127.0,DDW-1600B-03ST.xlsx,03ST
B0303ST,16,289,District - West Tripura ,Rural,Matric/secondary but below graduate,Population_Males,31878.0,DDW-1600B-03ST.xlsx,03ST
B0303ST,16,289,District - West Tripura ,Rural,Technical diploma or certificate not equal to degree,Population_Males,189.0,DDW-1600B-03ST.xlsx,03ST
B0303ST,16,289,District - West Tripura ,Rural,Graduate and above other than technical degree,Population_Males,2535.0,DDW-1600B-03ST.xlsx,03ST
B0303ST,16,289,District - West Tripura ,Rural,Technical degree or diploma equal to degree or post-graduate degree,Population_Males,214.0,DDW-1600B-03ST.xlsx,03ST
B0303ST,16,289,District - West Tripura ,Urban,Total,Population_Males,14215.0,DDW-1600B-03ST.xlsx,03ST
B0303ST,16,289,District - West Tripura ,Urban,Illiterate,Population_Males,1718.0,DDW-1600B-03ST.xlsx,03ST
B0303ST,16,289,District - West Tripura ,Urban,Literate,Population_Males,12497.0,DDW-1600B-03ST.xlsx,03ST
B0303ST,16,289,District - West Tripura ,Urban,Literate but below matric/secondary,Population_Males,5761.0,DDW-1600B-03ST.xlsx,03ST
B0303ST,16,289,District - West Tripura ,Urban,Matric/secondary but below graduate,Population_Males,4171.0,DDW-1600B-03ST.xlsx,03ST
B0303ST,16,289,District - West Tripura ,Urban,Technical diploma or certificate not equal to degree,Population_Males,179.0,DDW-1600B-03ST.xlsx,03ST
B0303ST,16,289,District - West Tripura ,Urban,Graduate and above other than technical degree,Population_Males,1403.0,DDW-1600B-03ST.xlsx,03ST
B0303ST,16,289,District - West Tripura ,Urban,Technical degree or diploma equal to degree or post-graduate degree,Population_Males,435.0,DDW-1600B-03ST.xlsx,03ST
B0303ST,16,290,District - South Tripura ,Total,Total,Population_Males,173174.0,DDW-1600B-03ST.xlsx,03ST
B0303ST,16,290,District - South Tripura ,Total,Illiterate,Population_Males,51440.0,DDW-1600B-03ST.xlsx,03ST
B0303ST,16,290,District - South Tripura ,Total,Literate,Population_Males,121734.0,DDW-1600B-03ST.xlsx,03ST
B0303ST,16,290,District - South Tripura ,Total,Literate but below matric/secondary,Population_Males,99794.0,DDW-1600B-03ST.xlsx,03ST
B0303ST,16,290,District - South Tripura ,Total,Matric/secondary but below graduate,Population_Males,13986.0,DDW-1600B-03ST.xlsx,03ST
B0303ST,16,290,District - South Tripura ,Total,Technical diploma or certificate not equal to degree,Population_Males,94.0,DDW-1600B-03ST.xlsx,03ST
B0303ST,16,290,District - South Tripura ,Total,Graduate and above other than technical degree,Population_Males,1476.0,DDW-1600B-03ST.xlsx,03ST
B0303ST,16,290,District - South Tripura ,Total,Technical degree or diploma equal to degree or post-graduate degree,Population_Males,153.0,DDW-1600B-03ST.xlsx,03ST
B0303ST,16,290,District - South Tripura ,Rural,Total,Population_Males,170241.0,DDW-1600B-03ST.xlsx,03ST
B0303ST,16,290,District - South Tripura ,Rural,Illiterate,Population_Males,50856.0,DDW-1600B-03ST.xlsx,03ST
B0303ST,16,290,District - South Tripura ,Rural,Literate,Population_Males,119385.0,DDW-1600B-03ST.xlsx,03ST
B0303ST,16,290,District - South Tripura ,Rural,Literate but below matric/secondary,Population_Males,98077.0,DDW-1600B-03ST.xlsx,03ST
B0303ST,16,290,District - South Tripura ,Rural,Matric/secondary but below graduate,Population_Males,13546.0,DDW-1600B-03ST.xlsx,03ST
B0303ST,16,290,District - South Tripura ,Rural,Technical diploma or certificate not equal to degree,Population_Males,87.0,DDW-1600B-03ST.xlsx,03ST
B0303ST,16,290,District - South Tripura ,Rural,Graduate and above other than technical degree,Population_Males,1392.0,DDW-1600B-03ST.xlsx,03ST
B0303ST,16,290,District - South Tripura ,Rural,Technical degree or diploma equal to degree or post-graduate degree,Population_Males,137.0,DDW-1600B-03ST.xlsx,03ST
B0303ST,16,290,District - South Tripura ,Urban,Total,Population_Males,2933.0,DDW-1600B-03ST.xlsx,03ST
B0303ST,16,290,District - South Tripura ,Urban,Illiterate,Population_Males,584.0,DDW-1600B-03ST.xlsx,03ST
B0303ST,16,290,District - South Tripura ,Urban,Literate,Population_Males,2349.0,DDW-1600B-03ST.xlsx,03ST
B0303ST,16,290,District - South Tripura ,Urban,Literate but below matric/secondary,Population_Males,1717.0,DDW-1600B-03ST.xlsx,03ST
B0303ST,16,290,District - South Tripura ,Urban,Matric/secondary but below graduate,Population_Males,440.0,DDW-1600B-03ST.xlsx,03ST
B0303ST,16,290,District - South Tripura ,Urban,Technical diploma or certificate not equal to degree,Population_Males,7.0,DDW-1600B-03ST.xlsx,03ST
B0303ST,16,290,District - South Tripura ,Urban,Graduate and above other than technical degree,Population_Males,84.0,DDW-1600B-03ST.xlsx,03ST
B0303ST,16,290,District - South Tripura ,Urban,Technical degree or diploma equal to degree or post-graduate degree,Population_Males,16.0,DDW-1600B-03ST.xlsx,03ST
B0303ST,16,291,District - Dhalai,Total,Total,Population_Males,106759.0,DDW-1600B-03ST.xlsx,03ST
B0303ST,16,291,District - Dhalai,Total,Illiterate,Population_Males,29610.0,DDW-1600B-03ST.xlsx,03ST
B0303ST,16,291,District - Dhalai,Total,Literate,Population_Males,77149.0,DDW-1600B-03ST.xlsx,03ST
B0303ST,16,291,District - Dhalai,Total,Literate but below matric/secondary,Population_Males,58459.0,DDW-1600B-03ST.xlsx,03ST
B0303ST,16,291,District - Dhalai,Total,Matric/secondary but below graduate,Population_Males,7906.0,DDW-1600B-03ST.xlsx,03ST
B0303ST,16,291,District - Dhalai,Total,Technical diploma or certificate not equal to degree,Population_Males,54.0,DDW-1600B-03ST.xlsx,03ST
B0303ST,16,291,District - Dhalai,Total,Graduate and above other than technical degree,Population_Males,824.0,DDW-1600B-03ST.xlsx,03ST
B0303ST,16,291,District - Dhalai,Total,Technical degree or diploma equal to degree or post-graduate degree,Population_Males,94.0,DDW-1600B-03ST.xlsx,03ST
B0303ST,16,291,District - Dhalai,Rural,Total,Population_Males,104247.0,DDW-1600B-03ST.xlsx,03ST
B0303ST,16,291,District - Dhalai,Rural,Illiterate,Population_Males,29138.0,DDW-1600B-03ST.xlsx,03ST
B0303ST,16,291,District - Dhalai,Rural,Literate,Population_Males,75109.0,DDW-1600B-03ST.xlsx,03ST
B0303ST,16,291,District - Dhalai,Rural,Literate but below matric/secondary,Population_Males,57253.0,DDW-1600B-03ST.xlsx,03ST
B0303ST,16,291,District - Dhalai,Rural,Matric/secondary but below graduate,Population_Males,7362.0,DDW-1600B-03ST.xlsx,03ST
B0303ST,16,291,District - Dhalai,Rural,Technical diploma or certificate not equal to degree,Population_Males,40.0,DDW-1600B-03ST.xlsx,03ST
B0303ST,16,291,District - Dhalai,Rural,Graduate and above other than technical degree,Population_Males,730.0,DDW-1600B-03ST.xlsx,03ST
B0303ST,16,291,District - Dhalai,Rural,Technical degree or diploma equal to degree or post-graduate degree,Population_Males,79.0,DDW-1600B-03ST.xlsx,03ST
B0303ST,16,291,District - Dhalai,Urban,Total,Population_Males,2512.0,DDW-1600B-03ST.xlsx,03ST
B0303ST,16,291,District - Dhalai,Urban,Illiterate,Population_Males,472.0,DDW-1600B-03ST.xlsx,03ST
B0303ST,16,291,District - Dhalai,Urban,Literate,Population_Males,2040.0,DDW-1600B-03ST.xlsx,03ST
B0303ST,16,291,District - Dhalai,Urban,Literate but below matric/secondary,Population_Males,1206.0,DDW-1600B-03ST.xlsx,03ST
B0303ST,16,291,District - Dhalai,Urban,Matric/secondary but below graduate,Population_Males,544.0,DDW-1600B-03ST.xlsx,03ST
B0303ST,16,291,District - Dhalai,Urban,Technical diploma or certificate not equal to degree,Population_Males,14.0,DDW-1600B-03ST.xlsx,03ST
B0303ST,16,291,District - Dhalai,Urban,Graduate and above other than technical degree,Population_Males,94.0,DDW-1600B-03ST.xlsx,03ST
B0303ST,16,291,District - Dhalai,Urban,Technical degree or diploma equal to degree or post-graduate degree,Population_Males,15.0,DDW-1600B-03ST.xlsx,03ST
B0303ST,16,292,District - North Tripura,Total,Total,Population_Males,91116.0,DDW-1600B-03ST.xlsx,03ST
B0303ST,16,292,District - North Tripura,Total,Illiterate,Population_Males,29193.0,DDW-1600B-03ST.xlsx,03ST
B0303ST,16,292,District - North Tripura,Total,Literate,Population_Males,61923.0,DDW-1600B-03ST.xlsx,03ST
B0303ST,16,292,District - North Tripura,Total,Literate but below matric/secondary,Population_Males,50001.0,DDW-1600B-03ST.xlsx,03ST
B0303ST,16,292,District - North Tripura,Total,Matric/secondary but below graduate,Population_Males,6791.0,DDW-1600B-03ST.xlsx,03ST
B0303ST,16,292,District - North Tripura,Total,Technical diploma or certificate not equal to degree,Population_Males,61.0,DDW-1600B-03ST.xlsx,03ST
B0303ST,16,292,District - North Tripura,Total,Graduate and above other than technical degree,Population_Males,780.0,DDW-1600B-03ST.xlsx,03ST
B0303ST,16,292,District - North Tripura,Total,Technical degree or diploma equal to degree or post-graduate degree,Population_Males,113.0,DDW-1600B-03ST.xlsx,03ST
B0303ST,16,292,District - North Tripura,Rural,Total,Population_Males,86357.0,DDW-1600B-03ST.xlsx,03ST
B0303ST,16,292,District - North Tripura,Rural,Illiterate,Population_Males,28309.0,DDW-1600B-03ST.xlsx,03ST
B0303ST,16,292,District - North Tripura,Rural,Literate,Population_Males,58048.0,DDW-1600B-03ST.xlsx,03ST
B0303ST,16,292,District - North Tripura,Rural,Literate but below matric/secondary,Population_Males,47446.0,DDW-1600B-03ST.xlsx,03ST
B0303ST,16,292,District - North Tripura,Rural,Matric/secondary but below graduate,Population_Males,5858.0,DDW-1600B-03ST.xlsx,03ST
B0303ST,16,292,District - North Tripura,Rural,Technical diploma or certificate not equal to degree,Population_Males,33.0,DDW-1600B-03ST.xlsx,03ST
B0303ST,16,292,District - North Tripura,Rural,Graduate and above other than technical degree,Population_Males,618.0,DDW-1600B-03ST.xlsx,03ST
B0303ST,16,292,District - North Tripura,Rural,Technical degree or diploma equal to degree or post-graduate degree,Population_Males,67.0,DDW-1600B-03ST.xlsx,03ST
B0303ST,16,292,District - North Tripura,Urban,Total,Population_Males,4759.0,DDW-1600B-03ST.xlsx,03ST
B0303ST,16,292,District - North Tripura,Urban,Illiterate,Population_Males,884.0,DDW-1600B-03ST.xlsx,03ST
B0303ST,16,292,District - North Tripura,Urban,Literate,Population_Males,3875.0,DDW-1600B-03ST.xlsx,03ST
B0303ST,16,292,District - North Tripura,Urban,Literate but below matric/secondary,Population_Males,2555.0,DDW-1600B-03ST.xlsx,03ST
B0303ST,16,292,District - North Tripura,Urban,Matric/secondary but below graduate,Population_Males,933.0,DDW-1600B-03ST.xlsx,03ST
B0303ST,16,292,District - North Tripura,Urban,Technical diploma or certificate not equal to degree,Population_Males,28.0,DDW-1600B-03ST.xlsx,03ST
B0303ST,16,292,District - North Tripura,Urban,Graduate and above other than technical degree,Population_Males,162.0,DDW-1600B-03ST.xlsx,03ST
B0303ST,16,292,District - North Tripura,Urban,Technical degree or diploma equal to degree or post-graduate degree,Population_Males,46.0,DDW-1600B-03ST.xlsx,03ST
B0303ST,16,000,State - TRIPURA,Total,Total,Population_Females,578486.0,DDW-1600B-03ST.xlsx,03ST
B0303ST,16,000,State - TRIPURA,Total,Illiterate,Population_Females,225752.0,DDW-1600B-03ST.xlsx,03ST
B0303ST,16,000,State - TRIPURA,Total,Literate,Population_Females,352734.0,DDW-1600B-03ST.xlsx,03ST
B0303ST,16,000,State - TRIPURA,Total,Literate but below matric/secondary,Population_Females,276335.0,DDW-1600B-03ST.xlsx,03ST
B0303ST,16,000,State - TRIPURA,Total,Matric/secondary but below graduate,Population_Females,40295.0,DDW-1600B-03ST.xlsx,03ST
B0303ST,16,000,State - TRIPURA,Total,Technical diploma or certificate not equal to degree,Population_Females,211.0,DDW-1600B-03ST.xlsx,03ST
B0303ST,16,000,State - TRIPURA,Total,Graduate and above other than technical degree,Population_Females,3656.0,DDW-1600B-03ST.xlsx,03ST
B0303ST,16,000,State - TRIPURA,Total,Technical degree or diploma equal to degree or post-graduate degree,Population_Females,391.0,DDW-1600B-03ST.xlsx,03ST
B0303ST,16,000,State - TRIPURA,Rural,Total,Population_Females,553658.0,DDW-1600B-03ST.xlsx,03ST
B0303ST,16,000,State - TRIPURA,Rural,Illiterate,Population_Females,221038.0,DDW-1600B-03ST.xlsx,03ST
B0303ST,16,000,State - TRIPURA,Rural,Literate,Population_Females,332620.0,DDW-1600B-03ST.xlsx,03ST
B0303ST,16,000,State - TRIPURA,Rural,Literate but below matric/secondary,Population_Females,264040.0,DDW-1600B-03ST.xlsx,03ST
B0303ST,16,000,State - TRIPURA,Rural,Matric/secondary but below graduate,Population_Females,35037.0,DDW-1600B-03ST.xlsx,03ST
B0303ST,16,000,State - TRIPURA,Rural,Technical diploma or certificate not equal to degree,Population_Females,117.0,DDW-1600B-03ST.xlsx,03ST
B0303ST,16,000,State - TRIPURA,Rural,Graduate and above other than technical degree,Population_Females,2442.0,DDW-1600B-03ST.xlsx,03ST
B0303ST,16,000,State - TRIPURA,Rural,Technical degree or diploma equal to degree or post-graduate degree,Population_Females,156.0,DDW-1600B-03ST.xlsx,03ST
B0303ST,16,000,State - TRIPURA,Urban,Total,Population_Females,24828.0,DDW-1600B-03ST.xlsx,03ST
B0303ST,16,000,State - TRIPURA,Urban,Illiterate,Population_Females,4714.0,DDW-1600B-03ST.xlsx,03ST
B0303ST,16,000,State - TRIPURA,Urban,Literate,Population_Females,20114.0,DDW-1600B-03ST.xlsx,03ST
B0303ST,16,000,State - TRIPURA,Urban,Literate but below matric/secondary,Population_Females,12295.0,DDW-1600B-03ST.xlsx,03ST
B0303ST,16,000,State - TRIPURA,Urban,Matric/secondary but below graduate,Population_Females,5258.0,DDW-1600B-03ST.xlsx,03ST
B0303ST,16,000,State - TRIPURA,Urban,Technical diploma or certificate not equal to degree,Population_Females,94.0,DDW-1600B-03ST.xlsx,03ST
B0303ST,16,000,State - TRIPURA,Urban,Graduate and above other than technical degree,Population_Females,1214.0,DDW-1600B-03ST.xlsx,03ST
B0303ST,16,000,State - TRIPURA,Urban,Technical degree or diploma equal to degree or post-graduate degree,Population_Females,235.0,DDW-1600B-03ST.xlsx,03ST
B0303ST,16,289,District - West Tripura ,Total,Total,Population_Females,214666.0,DDW-1600B-03ST.xlsx,03ST
B0303ST,16,289,District - West Tripura ,Total,Illiterate,Population_Females,70118.0,DDW-1600B-03ST.xlsx,03ST
B0303ST,16,289,District - West Tripura ,Total,Literate,Population_Females,144548.0,DDW-1600B-03ST.xlsx,03ST
B0303ST,16,289,District - West Tripura ,Total,Literate but below matric/secondary,Population_Females,107932.0,DDW-1600B-03ST.xlsx,03ST
B0303ST,16,289,District - West Tripura ,Total,Matric/secondary but below graduate,Population_Females,24691.0,DDW-1600B-03ST.xlsx,03ST
B0303ST,16,289,District - West Tripura ,Total,Technical diploma or certificate not equal to degree,Population_Females,117.0,DDW-1600B-03ST.xlsx,03ST
B0303ST,16,289,District - West Tripura ,Total,Graduate and above other than technical degree,Population_Females,2398.0,DDW-1600B-03ST.xlsx,03ST
B0303ST,16,289,District - West Tripura ,Total,Technical degree or diploma equal to degree or post-graduate degree,Population_Females,284.0,DDW-1600B-03ST.xlsx,03ST
B0303ST,16,289,District - West Tripura ,Rural,Total,Population_Females,199683.0,DDW-1600B-03ST.xlsx,03ST
B0303ST,16,289,District - West Tripura ,Rural,Illiterate,Population_Females,68003.0,DDW-1600B-03ST.xlsx,03ST
B0303ST,16,289,District - West Tripura ,Rural,Literate,Population_Females,131680.0,DDW-1600B-03ST.xlsx,03ST
B0303ST,16,289,District - West Tripura ,Rural,Literate but below matric/secondary,Population_Females,100997.0,DDW-1600B-03ST.xlsx,03ST
B0303ST,16,289,District - West Tripura ,Rural,Matric/secondary but below graduate,Population_Females,20687.0,DDW-1600B-03ST.xlsx,03ST
B0303ST,16,289,District - West Tripura ,Rural,Technical diploma or certificate not equal to degree,Population_Females,40.0,DDW-1600B-03ST.xlsx,03ST
B0303ST,16,289,District - West Tripura ,Rural,Graduate and above other than technical degree,Population_Females,1340.0,DDW-1600B-03ST.xlsx,03ST
B0303ST,16,289,District - West Tripura ,Rural,Technical degree or diploma equal to degree or post-graduate degree,Population_Females,69.0,DDW-1600B-03ST.xlsx,03ST
B0303ST,16,289,District - West Tripura ,Urban,Total,Population_Females,14983.0,DDW-1600B-03ST.xlsx,03ST
B0303ST,16,289,District - West Tripura ,Urban,Illiterate,Population_Females,2115.0,DDW-1600B-03ST.xlsx,03ST
B0303ST,16,289,District - West Tripura ,Urban,Literate,Population_Females,12868.0,DDW-1600B-03ST.xlsx,03ST
B0303ST,16,289,District - West Tripura ,Urban,Literate but below matric/secondary,Population_Females,6935.0,DDW-1600B-03ST.xlsx,03ST
B0303ST,16,289,District - West Tripura ,Urban,Matric/secondary but below graduate,Population_Females,4004.0,DDW-1600B-03ST.xlsx,03ST
B0303ST,16,289,District - West Tripura ,Urban,Technical diploma or certificate not equal to degree,Population_Females,77.0,DDW-1600B-03ST.xlsx,03ST
B0303ST,16,289,District - West Tripura ,Urban,Graduate and above other than technical degree,Population_Females,1058.0,DDW-1600B-03ST.xlsx,03ST
B0303ST,16,289,District - West Tripura ,Urban,Technical degree or diploma equal to degree or post-graduate degree,Population_Females,215.0,DDW-1600B-03ST.xlsx,03ST
B0303ST,16,290,District - South Tripura ,Total,Total,Population_Females,171661.0,DDW-1600B-03ST.xlsx,03ST
B0303ST,16,290,District - South Tripura ,Total,Illiterate,Population_Females,73016.0,DDW-1600B-03ST.xlsx,03ST
B0303ST,16,290,District - South Tripura ,Total,Literate,Population_Females,98645.0,DDW-1600B-03ST.xlsx,03ST
B0303ST,16,290,District - South Tripura ,Total,Literate but below matric/secondary,Population_Females,83226.0,DDW-1600B-03ST.xlsx,03ST
B0303ST,16,290,District - South Tripura ,Total,Matric/secondary but below graduate,Population_Females,7268.0,DDW-1600B-03ST.xlsx,03ST
B0303ST,16,290,District - South Tripura ,Total,Technical diploma or certificate not equal to degree,Population_Females,37.0,DDW-1600B-03ST.xlsx,03ST
B0303ST,16,290,District - South Tripura ,Total,Graduate and above other than technical degree,Population_Females,558.0,DDW-1600B-03ST.xlsx,03ST
B0303ST,16,290,District - South Tripura ,Total,Technical degree or diploma equal to degree or post-graduate degree,Population_Females,41.0,DDW-1600B-03ST.xlsx,03ST
B0303ST,16,290,District - South Tripura ,Rural,Total,Population_Females,168685.0,DDW-1600B-03ST.xlsx,03ST
B0303ST,16,290,District - South Tripura ,Rural,Illiterate,Population_Females,72243.0,DDW-1600B-03ST.xlsx,03ST
B0303ST,16,290,District - South Tripura ,Rural,Literate,Population_Females,96442.0,DDW-1600B-03ST.xlsx,03ST
B0303ST,16,290,District - South Tripura ,Rural,Literate but below matric/secondary,Population_Females,81475.0,DDW-1600B-03ST.xlsx,03ST
B0303ST,16,290,District - South Tripura ,Rural,Matric/secondary but below graduate,Population_Females,6987.0,DDW-1600B-03ST.xlsx,03ST
B0303ST,16,290,District - South Tripura ,Rural,Technical diploma or certificate not equal to degree,Population_Females,32.0,DDW-1600B-03ST.xlsx,03ST
B0303ST,16,290,District - South Tripura ,Rural,Graduate and above other than technical degree,Population_Females,508.0,DDW-1600B-03ST.xlsx,03ST
B0303ST,16,290,District - South Tripura ,Rural,Technical degree or diploma equal to degree or post-graduate degree,Population_Females,36.0,DDW-1600B-03ST.xlsx,03ST
B0303ST,16,290,District - South Tripura ,Urban,Total,Population_Females,2976.0,DDW-1600B-03ST.xlsx,03ST
B0303ST,16,290,District - South Tripura ,Urban,Illiterate,Population_Females,773.0,DDW-1600B-03ST.xlsx,03ST
B0303ST,16,290,District - South Tripura ,Urban,Literate,Population_Females,2203.0,DDW-1600B-03ST.xlsx,03ST
B0303ST,16,290,District - South Tripura ,Urban,Literate but below matric/secondary,Population_Females,1751.0,DDW-1600B-03ST.xlsx,03ST
B0303ST,16,290,District - South Tripura ,Urban,Matric/secondary but below graduate,Population_Females,281.0,DDW-1600B-03ST.xlsx,03ST
B0303ST,16,290,District - South Tripura ,Urban,Technical diploma or certificate not equal to degree,Population_Females,5.0,DDW-1600B-03ST.xlsx,03ST
B0303ST,16,290,District - South Tripura ,Urban,Graduate and above other than technical degree,Population_Females,50.0,DDW-1600B-03ST.xlsx,03ST
B0303ST,16,290,District - South Tripura ,Urban,Technical degree or diploma equal to degree or post-graduate degree,Population_Females,5.0,DDW-1600B-03ST.xlsx,03ST
B0303ST,16,291,District - Dhalai,Total,Total,Population_Females,103849.0,DDW-1600B-03ST.xlsx,03ST
B0303ST,16,291,District - Dhalai,Total,Illiterate,Population_Females,43312.0,DDW-1600B-03ST.xlsx,03ST
B0303ST,16,291,District - Dhalai,Total,Literate,Population_Females,60537.0,DDW-1600B-03ST.xlsx,03ST
B0303ST,16,291,District - Dhalai,Total,Literate but below matric/secondary,Population_Females,44639.0,DDW-1600B-03ST.xlsx,03ST
B0303ST,16,291,District - Dhalai,Total,Matric/secondary but below graduate,Population_Females,4492.0,DDW-1600B-03ST.xlsx,03ST
B0303ST,16,291,District - Dhalai,Total,Technical diploma or certificate not equal to degree,Population_Females,13.0,DDW-1600B-03ST.xlsx,03ST
B0303ST,16,291,District - Dhalai,Total,Graduate and above other than technical degree,Population_Females,342.0,DDW-1600B-03ST.xlsx,03ST
B0303ST,16,291,District - Dhalai,Total,Technical degree or diploma equal to degree or post-graduate degree,Population_Females,35.0,DDW-1600B-03ST.xlsx,03ST
B0303ST,16,291,District - Dhalai,Rural,Total,Population_Females,101390.0,DDW-1600B-03ST.xlsx,03ST
B0303ST,16,291,District - Dhalai,Rural,Illiterate,Population_Females,42653.0,DDW-1600B-03ST.xlsx,03ST
B0303ST,16,291,District - Dhalai,Rural,Literate,Population_Females,58737.0,DDW-1600B-03ST.xlsx,03ST
B0303ST,16,291,District - Dhalai,Rural,Literate but below matric/secondary,Population_Females,43435.0,DDW-1600B-03ST.xlsx,03ST
B0303ST,16,291,District - Dhalai,Rural,Matric/secondary but below graduate,Population_Females,4102.0,DDW-1600B-03ST.xlsx,03ST
B0303ST,16,291,District - Dhalai,Rural,Technical diploma or certificate not equal to degree,Population_Females,9.0,DDW-1600B-03ST.xlsx,03ST
B0303ST,16,291,District - Dhalai,Rural,Graduate and above other than technical degree,Population_Females,305.0,DDW-1600B-03ST.xlsx,03ST
B0303ST,16,291,District - Dhalai,Rural,Technical degree or diploma equal to degree or post-graduate degree,Population_Females,30.0,DDW-1600B-03ST.xlsx,03ST
B0303ST,16,291,District - Dhalai,Urban,Total,Population_Females,2459.0,DDW-1600B-03ST.xlsx,03ST
B0303ST,16,291,District - Dhalai,Urban,Illiterate,Population_Females,659.0,DDW-1600B-03ST.xlsx,03ST
B0303ST,16,291,District - Dhalai,Urban,Literate,Population_Females,1800.0,DDW-1600B-03ST.xlsx,03ST
B0303ST,16,291,District - Dhalai,Urban,Literate but below matric/secondary,Population_Females,1204.0,DDW-1600B-03ST.xlsx,03ST
B0303ST,16,291,District - Dhalai,Urban,Matric/secondary but below graduate,Population_Females,390.0,DDW-1600B-03ST.xlsx,03ST
B0303ST,16,291,District - Dhalai,Urban,Technical diploma or certificate not equal to degree,Population_Females,4.0,DDW-1600B-03ST.xlsx,03ST
B0303ST,16,291,District - Dhalai,Urban,Graduate and above other than technical degree,Population_Females,37.0,DDW-1600B-03ST.xlsx,03ST
B0303ST,16,291,District - Dhalai,Urban,Technical degree or diploma equal to degree or post-graduate degree,Population_Females,5.0,DDW-1600B-03ST.xlsx,03ST
B0303ST,16,292,District - North Tripura,Total,Total,Population_Females,88310.0,DDW-1600B-03ST.xlsx,03ST
B0303ST,16,292,District - North Tripura,Total,Illiterate,Population_Females,39306.0,DDW-1600B-03ST.xlsx,03ST
B0303ST,16,292,District - North Tripura,Total,Literate,Population_Females,49004.0,DDW-1600B-03ST.xlsx,03ST
B0303ST,16,292,District - North Tripura,Total,Literate but below matric/secondary,Population_Females,40538.0,DDW-1600B-03ST.xlsx,03ST
B0303ST,16,292,District - North Tripura,Total,Matric/secondary but below graduate,Population_Females,3844.0,DDW-1600B-03ST.xlsx,03ST
B0303ST,16,292,District - North Tripura,Total,Technical diploma or certificate not equal to degree,Population_Females,44.0,DDW-1600B-03ST.xlsx,03ST
B0303ST,16,292,District - North Tripura,Total,Graduate and above other than technical degree,Population_Females,358.0,DDW-1600B-03ST.xlsx,03ST
B0303ST,16,292,District - North Tripura,Total,Technical degree or diploma equal to degree or post-graduate degree,Population_Females,31.0,DDW-1600B-03ST.xlsx,03ST
B0303ST,16,292,District - North Tripura,Rural,Total,Population_Females,83900.0,DDW-1600B-03ST.xlsx,03ST
B0303ST,16,292,District - North Tripura,Rural,Illiterate,Population_Females,38139.0,DDW-1600B-03ST.xlsx,03ST
B0303ST,16,292,District - North Tripura,Rural,Literate,Population_Females,45761.0,DDW-1600B-03ST.xlsx,03ST
B0303ST,16,292,District - North Tripura,Rural,Literate but below matric/secondary,Population_Females,38133.0,DDW-1600B-03ST.xlsx,03ST
B0303ST,16,292,District - North Tripura,Rural,Matric/secondary but below graduate,Population_Females,3261.0,DDW-1600B-03ST.xlsx,03ST
B0303ST,16,292,District - North Tripura,Rural,Technical diploma or certificate not equal to degree,Population_Females,36.0,DDW-1600B-03ST.xlsx,03ST
B0303ST,16,292,District - North Tripura,Rural,Graduate and above other than technical degree,Population_Females,289.0,DDW-1600B-03ST.xlsx,03ST
B0303ST,16,292,District - North Tripura,Rural,Technical degree or diploma equal to degree or post-graduate degree,Population_Females,21.0,DDW-1600B-03ST.xlsx,03ST
B0303ST,16,292,District - North Tripura,Urban,Total,Population_Females,4410.0,DDW-1600B-03ST.xlsx,03ST
B0303ST,16,292,District - North Tripura,Urban,Illiterate,Population_Females,1167.0,DDW-1600B-03ST.xlsx,03ST
B0303ST,16,292,District - North Tripura,Urban,Literate,Population_Females,3243.0,DDW-1600B-03ST.xlsx,03ST
B0303ST,16,292,District - North Tripura,Urban,Literate but below matric/secondary,Population_Females,2405.0,DDW-1600B-03ST.xlsx,03ST
B0303ST,16,292,District - North Tripura,Urban,Matric/secondary but below graduate,Population_Females,583.0,DDW-1600B-03ST.xlsx,03ST
B0303ST,16,292,District - North Tripura,Urban,Technical diploma or certificate not equal to degree,Population_Females,8.0,DDW-1600B-03ST.xlsx,03ST
B0303ST,16,292,District - North Tripura,Urban,Graduate and above other than technical degree,Population_Females,69.0,DDW-1600B-03ST.xlsx,03ST
B0303ST,16,292,District - North Tripura,Urban,Technical degree or diploma equal to degree or post-graduate degree,Population_Females,10.0,DDW-1600B-03ST.xlsx,03ST
B0303ST,16,000,State - TRIPURA,Total,Total,Main workers_Persons,329205.0,DDW-1600B-03ST.xlsx,03ST
B0303ST,16,000,State - TRIPURA,Total,Illiterate,Main workers_Persons,70155.0,DDW-1600B-03ST.xlsx,03ST
B0303ST,16,000,State - TRIPURA,Total,Literate,Main workers_Persons,259050.0,DDW-1600B-03ST.xlsx,03ST
B0303ST,16,000,State - TRIPURA,Total,Literate but below matric/secondary,Main workers_Persons,185192.0,DDW-1600B-03ST.xlsx,03ST
B0303ST,16,000,State - TRIPURA,Total,Matric/secondary but below graduate,Main workers_Persons,38941.0,DDW-1600B-03ST.xlsx,03ST
B0303ST,16,000,State - TRIPURA,Total,Technical diploma or certificate not equal to degree,Main workers_Persons,395.0,DDW-1600B-03ST.xlsx,03ST
B0303ST,16,000,State - TRIPURA,Total,Graduate and above other than technical degree,Main workers_Persons,6322.0,DDW-1600B-03ST.xlsx,03ST
B0303ST,16,000,State - TRIPURA,Total,Technical degree or diploma equal to degree or post-graduate degree,Main workers_Persons,922.0,DDW-1600B-03ST.xlsx,03ST
B0303ST,16,000,State - TRIPURA,Rural,Total,Main workers_Persons,313676.0,DDW-1600B-03ST.xlsx,03ST
B0303ST,16,000,State - TRIPURA,Rural,Illiterate,Main workers_Persons,68841.0,DDW-1600B-03ST.xlsx,03ST
B0303ST,16,000,State - TRIPURA,Rural,Literate,Main workers_Persons,244835.0,DDW-1600B-03ST.xlsx,03ST
B0303ST,16,000,State - TRIPURA,Rural,Literate but below matric/secondary,Main workers_Persons,179186.0,DDW-1600B-03ST.xlsx,03ST
B0303ST,16,000,State - TRIPURA,Rural,Matric/secondary but below graduate,Main workers_Persons,34371.0,DDW-1600B-03ST.xlsx,03ST
B0303ST,16,000,State - TRIPURA,Rural,Technical diploma or certificate not equal to degree,Main workers_Persons,228.0,DDW-1600B-03ST.xlsx,03ST
B0303ST,16,000,State - TRIPURA,Rural,Graduate and above other than technical degree,Main workers_Persons,4254.0,DDW-1600B-03ST.xlsx,03ST
B0303ST,16,000,State - TRIPURA,Rural,Technical degree or diploma equal to degree or post-graduate degree,Main workers_Persons,376.0,DDW-1600B-03ST.xlsx,03ST
B0303ST,16,000,State - TRIPURA,Urban,Total,Main workers_Persons,15529.0,DDW-1600B-03ST.xlsx,03ST
B0303ST,16,000,State - TRIPURA,Urban,Illiterate,Main workers_Persons,1314.0,DDW-1600B-03ST.xlsx,03ST
B0303ST,16,000,State - TRIPURA,Urban,Literate,Main workers_Persons,14215.0,DDW-1600B-03ST.xlsx,03ST
B0303ST,16,000,State - TRIPURA,Urban,Literate but below matric/secondary,Main workers_Persons,6006.0,DDW-1600B-03ST.xlsx,03ST
B0303ST,16,000,State - TRIPURA,Urban,Matric/secondary but below graduate,Main workers_Persons,4570.0,DDW-1600B-03ST.xlsx,03ST
B0303ST,16,000,State - TRIPURA,Urban,Technical diploma or certificate not equal to degree,Main workers_Persons,167.0,DDW-1600B-03ST.xlsx,03ST
B0303ST,16,000,State - TRIPURA,Urban,Graduate and above other than technical degree,Main workers_Persons,2068.0,DDW-1600B-03ST.xlsx,03ST
B0303ST,16,000,State - TRIPURA,Urban,Technical degree or diploma equal to degree or post-graduate degree,Main workers_Persons,546.0,DDW-1600B-03ST.xlsx,03ST
B0303ST,16,289,District - West Tripura ,Total,Total,Main workers_Persons,127290.0,DDW-1600B-03ST.xlsx,03ST
B0303ST,16,289,District - West Tripura ,Total,Illiterate,Main workers_Persons,22314.0,DDW-1600B-03ST.xlsx,03ST
B0303ST,16,289,District - West Tripura ,Total,Literate,Main workers_Persons,104976.0,DDW-1600B-03ST.xlsx,03ST
B0303ST,16,289,District - West Tripura ,Total,Literate but below matric/secondary,Main workers_Persons,71388.0,DDW-1600B-03ST.xlsx,03ST
B0303ST,16,289,District - West Tripura ,Total,Matric/secondary but below graduate,Main workers_Persons,21591.0,DDW-1600B-03ST.xlsx,03ST
B0303ST,16,289,District - West Tripura ,Total,Technical diploma or certificate not equal to degree,Main workers_Persons,239.0,DDW-1600B-03ST.xlsx,03ST
B0303ST,16,289,District - West Tripura ,Total,Graduate and above other than technical degree,Main workers_Persons,3653.0,DDW-1600B-03ST.xlsx,03ST
B0303ST,16,289,District - West Tripura ,Total,Technical degree or diploma equal to degree or post-graduate degree,Main workers_Persons,627.0,DDW-1600B-03ST.xlsx,03ST
B0303ST,16,289,District - West Tripura ,Rural,Total,Main workers_Persons,117403.0,DDW-1600B-03ST.xlsx,03ST
B0303ST,16,289,District - West Tripura ,Rural,Illiterate,Main workers_Persons,21710.0,DDW-1600B-03ST.xlsx,03ST
B0303ST,16,289,District - West Tripura ,Rural,Literate,Main workers_Persons,95693.0,DDW-1600B-03ST.xlsx,03ST
B0303ST,16,289,District - West Tripura ,Rural,Literate but below matric/secondary,Main workers_Persons,68159.0,DDW-1600B-03ST.xlsx,03ST
B0303ST,16,289,District - West Tripura ,Rural,Matric/secondary but below graduate,Main workers_Persons,18354.0,DDW-1600B-03ST.xlsx,03ST
B0303ST,16,289,District - West Tripura ,Rural,Technical diploma or certificate not equal to degree,Main workers_Persons,105.0,DDW-1600B-03ST.xlsx,03ST
B0303ST,16,289,District - West Tripura ,Rural,Graduate and above other than technical degree,Main workers_Persons,1951.0,DDW-1600B-03ST.xlsx,03ST
B0303ST,16,289,District - West Tripura ,Rural,Technical degree or diploma equal to degree or post-graduate degree,Main workers_Persons,153.0,DDW-1600B-03ST.xlsx,03ST
B0303ST,16,289,District - West Tripura ,Urban,Total,Main workers_Persons,9887.0,DDW-1600B-03ST.xlsx,03ST
B0303ST,16,289,District - West Tripura ,Urban,Illiterate,Main workers_Persons,604.0,DDW-1600B-03ST.xlsx,03ST
B0303ST,16,289,District - West Tripura ,Urban,Literate,Main workers_Persons,9283.0,DDW-1600B-03ST.xlsx,03ST
B0303ST,16,289,District - West Tripura ,Urban,Literate but below matric/secondary,Main workers_Persons,3229.0,DDW-1600B-03ST.xlsx,03ST
B0303ST,16,289,District - West Tripura ,Urban,Matric/secondary but below graduate,Main workers_Persons,3237.0,DDW-1600B-03ST.xlsx,03ST
B0303ST,16,289,District - West Tripura ,Urban,Technical diploma or certificate not equal to degree,Main workers_Persons,134.0,DDW-1600B-03ST.xlsx,03ST
B0303ST,16,289,District - West Tripura ,Urban,Graduate and above other than technical degree,Main workers_Persons,1702.0,DDW-1600B-03ST.xlsx,03ST
B0303ST,16,289,District - West Tripura ,Urban,Technical degree or diploma equal to degree or post-graduate degree,Main workers_Persons,474.0,DDW-1600B-03ST.xlsx,03ST
B0303ST,16,290,District - South Tripura ,Total,Total,Main workers_Persons,99886.0,DDW-1600B-03ST.xlsx,03ST
B0303ST,16,290,District - South Tripura ,Total,Illiterate,Main workers_Persons,26106.0,DDW-1600B-03ST.xlsx,03ST
B0303ST,16,290,District - South Tripura ,Total,Literate,Main workers_Persons,73780.0,DDW-1600B-03ST.xlsx,03ST
B0303ST,16,290,District - South Tripura ,Total,Literate but below matric/secondary,Main workers_Persons,57372.0,DDW-1600B-03ST.xlsx,03ST
B0303ST,16,290,District - South Tripura ,Total,Matric/secondary but below graduate,Main workers_Persons,8461.0,DDW-1600B-03ST.xlsx,03ST
B0303ST,16,290,District - South Tripura ,Total,Technical diploma or certificate not equal to degree,Main workers_Persons,62.0,DDW-1600B-03ST.xlsx,03ST
B0303ST,16,290,District - South Tripura ,Total,Graduate and above other than technical degree,Main workers_Persons,1240.0,DDW-1600B-03ST.xlsx,03ST
B0303ST,16,290,District - South Tripura ,Total,Technical degree or diploma equal to degree or post-graduate degree,Main workers_Persons,120.0,DDW-1600B-03ST.xlsx,03ST
B0303ST,16,290,District - South Tripura ,Rural,Total,Main workers_Persons,98110.0,DDW-1600B-03ST.xlsx,03ST
B0303ST,16,290,District - South Tripura ,Rural,Illiterate,Main workers_Persons,25886.0,DDW-1600B-03ST.xlsx,03ST
B0303ST,16,290,District - South Tripura ,Rural,Literate,Main workers_Persons,72224.0,DDW-1600B-03ST.xlsx,03ST
B0303ST,16,290,District - South Tripura ,Rural,Literate but below matric/secondary,Main workers_Persons,56355.0,DDW-1600B-03ST.xlsx,03ST
B0303ST,16,290,District - South Tripura ,Rural,Matric/secondary but below graduate,Main workers_Persons,8129.0,DDW-1600B-03ST.xlsx,03ST
B0303ST,16,290,District - South Tripura ,Rural,Technical diploma or certificate not equal to degree,Main workers_Persons,54.0,DDW-1600B-03ST.xlsx,03ST
B0303ST,16,290,District - South Tripura ,Rural,Graduate and above other than technical degree,Main workers_Persons,1133.0,DDW-1600B-03ST.xlsx,03ST
B0303ST,16,290,District - South Tripura ,Rural,Technical degree or diploma equal to degree or post-graduate degree,Main workers_Persons,102.0,DDW-1600B-03ST.xlsx,03ST
B0303ST,16,290,District - South Tripura ,Urban,Total,Main workers_Persons,1776.0,DDW-1600B-03ST.xlsx,03ST
B0303ST,16,290,District - South Tripura ,Urban,Illiterate,Main workers_Persons,220.0,DDW-1600B-03ST.xlsx,03ST
B0303ST,16,290,District - South Tripura ,Urban,Literate,Main workers_Persons,1556.0,DDW-1600B-03ST.xlsx,03ST
B0303ST,16,290,District - South Tripura ,Urban,Literate but below matric/secondary,Main workers_Persons,1017.0,DDW-1600B-03ST.xlsx,03ST
B0303ST,16,290,District - South Tripura ,Urban,Matric/secondary but below graduate,Main workers_Persons,332.0,DDW-1600B-03ST.xlsx,03ST
B0303ST,16,290,District - South Tripura ,Urban,Technical diploma or certificate not equal to degree,Main workers_Persons,8.0,DDW-1600B-03ST.xlsx,03ST
B0303ST,16,290,District - South Tripura ,Urban,Graduate and above other than technical degree,Main workers_Persons,107.0,DDW-1600B-03ST.xlsx,03ST
B0303ST,16,290,District - South Tripura ,Urban,Technical degree or diploma equal to degree or post-graduate degree,Main workers_Persons,18.0,DDW-1600B-03ST.xlsx,03ST
B0303ST,16,291,District - Dhalai,Total,Total,Main workers_Persons,55506.0,DDW-1600B-03ST.xlsx,03ST
B0303ST,16,291,District - Dhalai,Total,Illiterate,Main workers_Persons,11250.0,DDW-1600B-03ST.xlsx,03ST
B0303ST,16,291,District - Dhalai,Total,Literate,Main workers_Persons,44256.0,DDW-1600B-03ST.xlsx,03ST
B0303ST,16,291,District - Dhalai,Total,Literate but below matric/secondary,Main workers_Persons,29175.0,DDW-1600B-03ST.xlsx,03ST
B0303ST,16,291,District - Dhalai,Total,Matric/secondary but below graduate,Main workers_Persons,4696.0,DDW-1600B-03ST.xlsx,03ST
B0303ST,16,291,District - Dhalai,Total,Technical diploma or certificate not equal to degree,Main workers_Persons,38.0,DDW-1600B-03ST.xlsx,03ST
B0303ST,16,291,District - Dhalai,Total,Graduate and above other than technical degree,Main workers_Persons,729.0,DDW-1600B-03ST.xlsx,03ST
B0303ST,16,291,District - Dhalai,Total,Technical degree or diploma equal to degree or post-graduate degree,Main workers_Persons,82.0,DDW-1600B-03ST.xlsx,03ST
B0303ST,16,291,District - Dhalai,Rural,Total,Main workers_Persons,54046.0,DDW-1600B-03ST.xlsx,03ST
B0303ST,16,291,District - Dhalai,Rural,Illiterate,Main workers_Persons,11088.0,DDW-1600B-03ST.xlsx,03ST
B0303ST,16,291,District - Dhalai,Rural,Literate,Main workers_Persons,42958.0,DDW-1600B-03ST.xlsx,03ST
B0303ST,16,291,District - Dhalai,Rural,Literate but below matric/secondary,Main workers_Persons,28555.0,DDW-1600B-03ST.xlsx,03ST
B0303ST,16,291,District - Dhalai,Rural,Matric/secondary but below graduate,Main workers_Persons,4289.0,DDW-1600B-03ST.xlsx,03ST
B0303ST,16,291,District - Dhalai,Rural,Technical diploma or certificate not equal to degree,Main workers_Persons,28.0,DDW-1600B-03ST.xlsx,03ST
B0303ST,16,291,District - Dhalai,Rural,Graduate and above other than technical degree,Main workers_Persons,632.0,DDW-1600B-03ST.xlsx,03ST
B0303ST,16,291,District - Dhalai,Rural,Technical degree or diploma equal to degree or post-graduate degree,Main workers_Persons,66.0,DDW-1600B-03ST.xlsx,03ST
B0303ST,16,291,District - Dhalai,Urban,Total,Main workers_Persons,1460.0,DDW-1600B-03ST.xlsx,03ST
B0303ST,16,291,District - Dhalai,Urban,Illiterate,Main workers_Persons,162.0,DDW-1600B-03ST.xlsx,03ST
B0303ST,16,291,District - Dhalai,Urban,Literate,Main workers_Persons,1298.0,DDW-1600B-03ST.xlsx,03ST
B0303ST,16,291,District - Dhalai,Urban,Literate but below matric/secondary,Main workers_Persons,620.0,DDW-1600B-03ST.xlsx,03ST
B0303ST,16,291,District - Dhalai,Urban,Matric/secondary but below graduate,Main workers_Persons,407.0,DDW-1600B-03ST.xlsx,03ST
B0303ST,16,291,District - Dhalai,Urban,Technical diploma or certificate not equal to degree,Main workers_Persons,10.0,DDW-1600B-03ST.xlsx,03ST
B0303ST,16,291,District - Dhalai,Urban,Graduate and above other than technical degree,Main workers_Persons,97.0,DDW-1600B-03ST.xlsx,03ST
B0303ST,16,291,District - Dhalai,Urban,Technical degree or diploma equal to degree or post-graduate degree,Main workers_Persons,16.0,DDW-1600B-03ST.xlsx,03ST
B0303ST,16,292,District - North Tripura,Total,Total,Main workers_Persons,46523.0,DDW-1600B-03ST.xlsx,03ST
B0303ST,16,292,District - North Tripura,Total,Illiterate,Main workers_Persons,10485.0,DDW-1600B-03ST.xlsx,03ST
B0303ST,16,292,District - North Tripura,Total,Literate,Main workers_Persons,36038.0,DDW-1600B-03ST.xlsx,03ST
B0303ST,16,292,District - North Tripura,Total,Literate but below matric/secondary,Main workers_Persons,27257.0,DDW-1600B-03ST.xlsx,03ST
B0303ST,16,292,District - North Tripura,Total,Matric/secondary but below graduate,Main workers_Persons,4193.0,DDW-1600B-03ST.xlsx,03ST
B0303ST,16,292,District - North Tripura,Total,Technical diploma or certificate not equal to degree,Main workers_Persons,56.0,DDW-1600B-03ST.xlsx,03ST
B0303ST,16,292,District - North Tripura,Total,Graduate and above other than technical degree,Main workers_Persons,700.0,DDW-1600B-03ST.xlsx,03ST
B0303ST,16,292,District - North Tripura,Total,Technical degree or diploma equal to degree or post-graduate degree,Main workers_Persons,93.0,DDW-1600B-03ST.xlsx,03ST
B0303ST,16,292,District - North Tripura,Rural,Total,Main workers_Persons,44117.0,DDW-1600B-03ST.xlsx,03ST
B0303ST,16,292,District - North Tripura,Rural,Illiterate,Main workers_Persons,10157.0,DDW-1600B-03ST.xlsx,03ST
B0303ST,16,292,District - North Tripura,Rural,Literate,Main workers_Persons,33960.0,DDW-1600B-03ST.xlsx,03ST
B0303ST,16,292,District - North Tripura,Rural,Literate but below matric/secondary,Main workers_Persons,26117.0,DDW-1600B-03ST.xlsx,03ST
B0303ST,16,292,District - North Tripura,Rural,Matric/secondary but below graduate,Main workers_Persons,3599.0,DDW-1600B-03ST.xlsx,03ST
B0303ST,16,292,District - North Tripura,Rural,Technical diploma or certificate not equal to degree,Main workers_Persons,41.0,DDW-1600B-03ST.xlsx,03ST
B0303ST,16,292,District - North Tripura,Rural,Graduate and above other than technical degree,Main workers_Persons,538.0,DDW-1600B-03ST.xlsx,03ST
B0303ST,16,292,District - North Tripura,Rural,Technical degree or diploma equal to degree or post-graduate degree,Main workers_Persons,55.0,DDW-1600B-03ST.xlsx,03ST
B0303ST,16,292,District - North Tripura,Urban,Total,Main workers_Persons,2406.0,DDW-1600B-03ST.xlsx,03ST
B0303ST,16,292,District - North Tripura,Urban,Illiterate,Main workers_Persons,328.0,DDW-1600B-03ST.xlsx,03ST
B0303ST,16,292,District - North Tripura,Urban,Literate,Main workers_Persons,2078.0,DDW-1600B-03ST.xlsx,03ST
B0303ST,16,292,District - North Tripura,Urban,Literate but below matric/secondary,Main workers_Persons,1140.0,DDW-1600B-03ST.xlsx,03ST
B0303ST,16,292,District - North Tripura,Urban,Matric/secondary but below graduate,Main workers_Persons,594.0,DDW-1600B-03ST.xlsx,03ST
B0303ST,16,292,District - North Tripura,Urban,Technical diploma or certificate not equal to degree,Main workers_Persons,15.0,DDW-1600B-03ST.xlsx,03ST
B0303ST,16,292,District - North Tripura,Urban,Graduate and above other than technical degree,Main workers_Persons,162.0,DDW-1600B-03ST.xlsx,03ST
B0303ST,16,292,District - North Tripura,Urban,Technical degree or diploma equal to degree or post-graduate degree,Main workers_Persons,38.0,DDW-1600B-03ST.xlsx,03ST
B0303ST,16,000,State - TRIPURA,Total,Total,Main workers_Males,246240.0,DDW-1600B-03ST.xlsx,03ST
B0303ST,16,000,State - TRIPURA,Total,Illiterate,Main workers_Males,40081.0,DDW-1600B-03ST.xlsx,03ST
B0303ST,16,000,State - TRIPURA,Total,Literate,Main workers_Males,206159.0,DDW-1600B-03ST.xlsx,03ST
B0303ST,16,000,State - TRIPURA,Total,Literate but below matric/secondary,Main workers_Males,148683.0,DDW-1600B-03ST.xlsx,03ST
B0303ST,16,000,State - TRIPURA,Total,Matric/secondary but below graduate,Main workers_Males,32196.0,DDW-1600B-03ST.xlsx,03ST
B0303ST,16,000,State - TRIPURA,Total,Technical diploma or certificate not equal to degree,Main workers_Males,317.0,DDW-1600B-03ST.xlsx,03ST
B0303ST,16,000,State - TRIPURA,Total,Graduate and above other than technical degree,Main workers_Males,4639.0,DDW-1600B-03ST.xlsx,03ST
B0303ST,16,000,State - TRIPURA,Total,Technical degree or diploma equal to degree or post-graduate degree,Main workers_Males,698.0,DDW-1600B-03ST.xlsx,03ST
B0303ST,16,000,State - TRIPURA,Rural,Total,Main workers_Males,234980.0,DDW-1600B-03ST.xlsx,03ST
B0303ST,16,000,State - TRIPURA,Rural,Illiterate,Main workers_Males,39351.0,DDW-1600B-03ST.xlsx,03ST
B0303ST,16,000,State - TRIPURA,Rural,Literate,Main workers_Males,195629.0,DDW-1600B-03ST.xlsx,03ST
B0303ST,16,000,State - TRIPURA,Rural,Literate but below matric/secondary,Main workers_Males,143989.0,DDW-1600B-03ST.xlsx,03ST
B0303ST,16,000,State - TRIPURA,Rural,Matric/secondary but below graduate,Main workers_Males,28877.0,DDW-1600B-03ST.xlsx,03ST
B0303ST,16,000,State - TRIPURA,Rural,Technical diploma or certificate not equal to degree,Main workers_Males,185.0,DDW-1600B-03ST.xlsx,03ST
B0303ST,16,000,State - TRIPURA,Rural,Graduate and above other than technical degree,Main workers_Males,3278.0,DDW-1600B-03ST.xlsx,03ST
B0303ST,16,000,State - TRIPURA,Rural,Technical degree or diploma equal to degree or post-graduate degree,Main workers_Males,303.0,DDW-1600B-03ST.xlsx,03ST
B0303ST,16,000,State - TRIPURA,Urban,Total,Main workers_Males,11260.0,DDW-1600B-03ST.xlsx,03ST
B0303ST,16,000,State - TRIPURA,Urban,Illiterate,Main workers_Males,730.0,DDW-1600B-03ST.xlsx,03ST
B0303ST,16,000,State - TRIPURA,Urban,Literate,Main workers_Males,10530.0,DDW-1600B-03ST.xlsx,03ST
B0303ST,16,000,State - TRIPURA,Urban,Literate but below matric/secondary,Main workers_Males,4694.0,DDW-1600B-03ST.xlsx,03ST
B0303ST,16,000,State - TRIPURA,Urban,Matric/secondary but below graduate,Main workers_Males,3319.0,DDW-1600B-03ST.xlsx,03ST
B0303ST,16,000,State - TRIPURA,Urban,Technical diploma or certificate not equal to degree,Main workers_Males,132.0,DDW-1600B-03ST.xlsx,03ST
B0303ST,16,000,State - TRIPURA,Urban,Graduate and above other than technical degree,Main workers_Males,1361.0,DDW-1600B-03ST.xlsx,03ST
B0303ST,16,000,State - TRIPURA,Urban,Technical degree or diploma equal to degree or post-graduate degree,Main workers_Males,395.0,DDW-1600B-03ST.xlsx,03ST
B0303ST,16,289,District - West Tripura ,Total,Total,Main workers_Males,95641.0,DDW-1600B-03ST.xlsx,03ST
B0303ST,16,289,District - West Tripura ,Total,Illiterate,Main workers_Males,12441.0,DDW-1600B-03ST.xlsx,03ST
B0303ST,16,289,District - West Tripura ,Total,Literate,Main workers_Males,83200.0,DDW-1600B-03ST.xlsx,03ST
B0303ST,16,289,District - West Tripura ,Total,Literate but below matric/secondary,Main workers_Males,56988.0,DDW-1600B-03ST.xlsx,03ST
B0303ST,16,289,District - West Tripura ,Total,Matric/secondary but below graduate,Main workers_Males,17678.0,DDW-1600B-03ST.xlsx,03ST
B0303ST,16,289,District - West Tripura ,Total,Technical diploma or certificate not equal to degree,Main workers_Males,206.0,DDW-1600B-03ST.xlsx,03ST
B0303ST,16,289,District - West Tripura ,Total,Graduate and above other than technical degree,Main workers_Males,2534.0,DDW-1600B-03ST.xlsx,03ST
B0303ST,16,289,District - West Tripura ,Total,Technical degree or diploma equal to degree or post-graduate degree,Main workers_Males,456.0,DDW-1600B-03ST.xlsx,03ST
B0303ST,16,289,District - West Tripura ,Rural,Total,Main workers_Males,88758.0,DDW-1600B-03ST.xlsx,03ST
B0303ST,16,289,District - West Tripura ,Rural,Illiterate,Main workers_Males,12133.0,DDW-1600B-03ST.xlsx,03ST
B0303ST,16,289,District - West Tripura ,Rural,Literate,Main workers_Males,76625.0,DDW-1600B-03ST.xlsx,03ST
B0303ST,16,289,District - West Tripura ,Rural,Literate but below matric/secondary,Main workers_Males,54514.0,DDW-1600B-03ST.xlsx,03ST
B0303ST,16,289,District - West Tripura ,Rural,Matric/secondary but below graduate,Main workers_Males,15458.0,DDW-1600B-03ST.xlsx,03ST
B0303ST,16,289,District - West Tripura ,Rural,Technical diploma or certificate not equal to degree,Main workers_Males,97.0,DDW-1600B-03ST.xlsx,03ST
B0303ST,16,289,District - West Tripura ,Rural,Graduate and above other than technical degree,Main workers_Males,1450.0,DDW-1600B-03ST.xlsx,03ST
B0303ST,16,289,District - West Tripura ,Rural,Technical degree or diploma equal to degree or post-graduate degree,Main workers_Males,122.0,DDW-1600B-03ST.xlsx,03ST
B0303ST,16,289,District - West Tripura ,Urban,Total,Main workers_Males,6883.0,DDW-1600B-03ST.xlsx,03ST
B0303ST,16,289,District - West Tripura ,Urban,Illiterate,Main workers_Males,308.0,DDW-1600B-03ST.xlsx,03ST
B0303ST,16,289,District - West Tripura ,Urban,Literate,Main workers_Males,6575.0,DDW-1600B-03ST.xlsx,03ST
B0303ST,16,289,District - West Tripura ,Urban,Literate but below matric/secondary,Main workers_Males,2474.0,DDW-1600B-03ST.xlsx,03ST
B0303ST,16,289,District - West Tripura ,Urban,Matric/secondary but below graduate,Main workers_Males,2220.0,DDW-1600B-03ST.xlsx,03ST
B0303ST,16,289,District - West Tripura ,Urban,Technical diploma or certificate not equal to degree,Main workers_Males,109.0,DDW-1600B-03ST.xlsx,03ST
B0303ST,16,289,District - West Tripura ,Urban,Graduate and above other than technical degree,Main workers_Males,1084.0,DDW-1600B-03ST.xlsx,03ST
B0303ST,16,289,District - West Tripura ,Urban,Technical degree or diploma equal to degree or post-graduate degree,Main workers_Males,334.0,DDW-1600B-03ST.xlsx,03ST
B0303ST,16,290,District - South Tripura ,Total,Total,Main workers_Males,73049.0,DDW-1600B-03ST.xlsx,03ST
B0303ST,16,290,District - South Tripura ,Total,Illiterate,Main workers_Males,15165.0,DDW-1600B-03ST.xlsx,03ST
B0303ST,16,290,District - South Tripura ,Total,Literate,Main workers_Males,57884.0,DDW-1600B-03ST.xlsx,03ST
B0303ST,16,290,District - South Tripura ,Total,Literate but below matric/secondary,Main workers_Males,45281.0,DDW-1600B-03ST.xlsx,03ST
B0303ST,16,290,District - South Tripura ,Total,Matric/secondary but below graduate,Main workers_Males,7152.0,DDW-1600B-03ST.xlsx,03ST
B0303ST,16,290,District - South Tripura ,Total,Technical diploma or certificate not equal to degree,Main workers_Males,46.0,DDW-1600B-03ST.xlsx,03ST
B0303ST,16,290,District - South Tripura ,Total,Graduate and above other than technical degree,Main workers_Males,1003.0,DDW-1600B-03ST.xlsx,03ST
B0303ST,16,290,District - South Tripura ,Total,Technical degree or diploma equal to degree or post-graduate degree,Main workers_Males,99.0,DDW-1600B-03ST.xlsx,03ST
B0303ST,16,290,District - South Tripura ,Rural,Total,Main workers_Males,71732.0,DDW-1600B-03ST.xlsx,03ST
B0303ST,16,290,District - South Tripura ,Rural,Illiterate,Main workers_Males,15025.0,DDW-1600B-03ST.xlsx,03ST
B0303ST,16,290,District - South Tripura ,Rural,Literate,Main workers_Males,56707.0,DDW-1600B-03ST.xlsx,03ST
B0303ST,16,290,District - South Tripura ,Rural,Literate but below matric/secondary,Main workers_Males,44527.0,DDW-1600B-03ST.xlsx,03ST
B0303ST,16,290,District - South Tripura ,Rural,Matric/secondary but below graduate,Main workers_Males,6874.0,DDW-1600B-03ST.xlsx,03ST
B0303ST,16,290,District - South Tripura ,Rural,Technical diploma or certificate not equal to degree,Main workers_Males,41.0,DDW-1600B-03ST.xlsx,03ST
B0303ST,16,290,District - South Tripura ,Rural,Graduate and above other than technical degree,Main workers_Males,928.0,DDW-1600B-03ST.xlsx,03ST
B0303ST,16,290,District - South Tripura ,Rural,Technical degree or diploma equal to degree or post-graduate degree,Main workers_Males,85.0,DDW-1600B-03ST.xlsx,03ST
B0303ST,16,290,District - South Tripura ,Urban,Total,Main workers_Males,1317.0,DDW-1600B-03ST.xlsx,03ST
B0303ST,16,290,District - South Tripura ,Urban,Illiterate,Main workers_Males,140.0,DDW-1600B-03ST.xlsx,03ST
B0303ST,16,290,District - South Tripura ,Urban,Literate,Main workers_Males,1177.0,DDW-1600B-03ST.xlsx,03ST
B0303ST,16,290,District - South Tripura ,Urban,Literate but below matric/secondary,Main workers_Males,754.0,DDW-1600B-03ST.xlsx,03ST
B0303ST,16,290,District - South Tripura ,Urban,Matric/secondary but below graduate,Main workers_Males,278.0,DDW-1600B-03ST.xlsx,03ST
B0303ST,16,290,District - South Tripura ,Urban,Technical diploma or certificate not equal to degree,Main workers_Males,5.0,DDW-1600B-03ST.xlsx,03ST
B0303ST,16,290,District - South Tripura ,Urban,Graduate and above other than technical degree,Main workers_Males,75.0,DDW-1600B-03ST.xlsx,03ST
B0303ST,16,290,District - South Tripura ,Urban,Technical degree or diploma equal to degree or post-graduate degree,Main workers_Males,14.0,DDW-1600B-03ST.xlsx,03ST
B0303ST,16,291,District - Dhalai,Total,Total,Main workers_Males,43587.0,DDW-1600B-03ST.xlsx,03ST
B0303ST,16,291,District - Dhalai,Total,Illiterate,Main workers_Males,6844.0,DDW-1600B-03ST.xlsx,03ST
B0303ST,16,291,District - Dhalai,Total,Literate,Main workers_Males,36743.0,DDW-1600B-03ST.xlsx,03ST
B0303ST,16,291,District - Dhalai,Total,Literate but below matric/secondary,Main workers_Males,24895.0,DDW-1600B-03ST.xlsx,03ST
B0303ST,16,291,District - Dhalai,Total,Matric/secondary but below graduate,Main workers_Males,3947.0,DDW-1600B-03ST.xlsx,03ST
B0303ST,16,291,District - Dhalai,Total,Technical diploma or certificate not equal to degree,Main workers_Males,30.0,DDW-1600B-03ST.xlsx,03ST
B0303ST,16,291,District - Dhalai,Total,Graduate and above other than technical degree,Main workers_Males,572.0,DDW-1600B-03ST.xlsx,03ST
B0303ST,16,291,District - Dhalai,Total,Technical degree or diploma equal to degree or post-graduate degree,Main workers_Males,63.0,DDW-1600B-03ST.xlsx,03ST
B0303ST,16,291,District - Dhalai,Rural,Total,Main workers_Males,42405.0,DDW-1600B-03ST.xlsx,03ST
B0303ST,16,291,District - Dhalai,Rural,Illiterate,Main workers_Males,6733.0,DDW-1600B-03ST.xlsx,03ST
B0303ST,16,291,District - Dhalai,Rural,Literate,Main workers_Males,35672.0,DDW-1600B-03ST.xlsx,03ST
B0303ST,16,291,District - Dhalai,Rural,Literate but below matric/secondary,Main workers_Males,24368.0,DDW-1600B-03ST.xlsx,03ST
B0303ST,16,291,District - Dhalai,Rural,Matric/secondary but below graduate,Main workers_Males,3618.0,DDW-1600B-03ST.xlsx,03ST
B0303ST,16,291,District - Dhalai,Rural,Technical diploma or certificate not equal to degree,Main workers_Males,22.0,DDW-1600B-03ST.xlsx,03ST
B0303ST,16,291,District - Dhalai,Rural,Graduate and above other than technical degree,Main workers_Males,499.0,DDW-1600B-03ST.xlsx,03ST
B0303ST,16,291,District - Dhalai,Rural,Technical degree or diploma equal to degree or post-graduate degree,Main workers_Males,51.0,DDW-1600B-03ST.xlsx,03ST
B0303ST,16,291,District - Dhalai,Urban,Total,Main workers_Males,1182.0,DDW-1600B-03ST.xlsx,03ST
B0303ST,16,291,District - Dhalai,Urban,Illiterate,Main workers_Males,111.0,DDW-1600B-03ST.xlsx,03ST
B0303ST,16,291,District - Dhalai,Urban,Literate,Main workers_Males,1071.0,DDW-1600B-03ST.xlsx,03ST
B0303ST,16,291,District - Dhalai,Urban,Literate but below matric/secondary,Main workers_Males,527.0,DDW-1600B-03ST.xlsx,03ST
B0303ST,16,291,District - Dhalai,Urban,Matric/secondary but below graduate,Main workers_Males,329.0,DDW-1600B-03ST.xlsx,03ST
B0303ST,16,291,District - Dhalai,Urban,Technical diploma or certificate not equal to degree,Main workers_Males,8.0,DDW-1600B-03ST.xlsx,03ST
B0303ST,16,291,District - Dhalai,Urban,Graduate and above other than technical degree,Main workers_Males,73.0,DDW-1600B-03ST.xlsx,03ST
B0303ST,16,291,District - Dhalai,Urban,Technical degree or diploma equal to degree or post-graduate degree,Main workers_Males,12.0,DDW-1600B-03ST.xlsx,03ST
B0303ST,16,292,District - North Tripura,Total,Total,Main workers_Males,33963.0,DDW-1600B-03ST.xlsx,03ST
B0303ST,16,292,District - North Tripura,Total,Illiterate,Main workers_Males,5631.0,DDW-1600B-03ST.xlsx,03ST
B0303ST,16,292,District - North Tripura,Total,Literate,Main workers_Males,28332.0,DDW-1600B-03ST.xlsx,03ST
B0303ST,16,292,District - North Tripura,Total,Literate but below matric/secondary,Main workers_Males,21519.0,DDW-1600B-03ST.xlsx,03ST
B0303ST,16,292,District - North Tripura,Total,Matric/secondary but below graduate,Main workers_Males,3419.0,DDW-1600B-03ST.xlsx,03ST
B0303ST,16,292,District - North Tripura,Total,Technical diploma or certificate not equal to degree,Main workers_Males,35.0,DDW-1600B-03ST.xlsx,03ST
B0303ST,16,292,District - North Tripura,Total,Graduate and above other than technical degree,Main workers_Males,530.0,DDW-1600B-03ST.xlsx,03ST
B0303ST,16,292,District - North Tripura,Total,Technical degree or diploma equal to degree or post-graduate degree,Main workers_Males,80.0,DDW-1600B-03ST.xlsx,03ST
B0303ST,16,292,District - North Tripura,Rural,Total,Main workers_Males,32085.0,DDW-1600B-03ST.xlsx,03ST
B0303ST,16,292,District - North Tripura,Rural,Illiterate,Main workers_Males,5460.0,DDW-1600B-03ST.xlsx,03ST
B0303ST,16,292,District - North Tripura,Rural,Literate,Main workers_Males,26625.0,DDW-1600B-03ST.xlsx,03ST
B0303ST,16,292,District - North Tripura,Rural,Literate but below matric/secondary,Main workers_Males,20580.0,DDW-1600B-03ST.xlsx,03ST
B0303ST,16,292,District - North Tripura,Rural,Matric/secondary but below graduate,Main workers_Males,2927.0,DDW-1600B-03ST.xlsx,03ST
B0303ST,16,292,District - North Tripura,Rural,Technical diploma or certificate not equal to degree,Main workers_Males,25.0,DDW-1600B-03ST.xlsx,03ST
B0303ST,16,292,District - North Tripura,Rural,Graduate and above other than technical degree,Main workers_Males,401.0,DDW-1600B-03ST.xlsx,03ST
B0303ST,16,292,District - North Tripura,Rural,Technical degree or diploma equal to degree or post-graduate degree,Main workers_Males,45.0,DDW-1600B-03ST.xlsx,03ST
B0303ST,16,292,District - North Tripura,Urban,Total,Main workers_Males,1878.0,DDW-1600B-03ST.xlsx,03ST
B0303ST,16,292,District - North Tripura,Urban,Illiterate,Main workers_Males,171.0,DDW-1600B-03ST.xlsx,03ST
B0303ST,16,292,District - North Tripura,Urban,Literate,Main workers_Males,1707.0,DDW-1600B-03ST.xlsx,03ST
B0303ST,16,292,District - North Tripura,Urban,Literate but below matric/secondary,Main workers_Males,939.0,DDW-1600B-03ST.xlsx,03ST
B0303ST,16,292,District - North Tripura,Urban,Matric/secondary but below graduate,Main workers_Males,492.0,DDW-1600B-03ST.xlsx,03ST
B0303ST,16,292,District - North Tripura,Urban,Technical diploma or certificate not equal to degree,Main workers_Males,10.0,DDW-1600B-03ST.xlsx,03ST
B0303ST,16,292,District - North Tripura,Urban,Graduate and above other than technical degree,Main workers_Males,129.0,DDW-1600B-03ST.xlsx,03ST
B0303ST,16,292,District - North Tripura,Urban,Technical degree or diploma equal to degree or post-graduate degree,Main workers_Males,35.0,DDW-1600B-03ST.xlsx,03ST
B0303ST,16,000,State - TRIPURA,Total,Total,Main workers_Females,82965.0,DDW-1600B-03ST.xlsx,03ST
B0303ST,16,000,State - TRIPURA,Total,Illiterate,Main workers_Females,30074.0,DDW-1600B-03ST.xlsx,03ST
B0303ST,16,000,State - TRIPURA,Total,Literate,Main workers_Females,52891.0,DDW-1600B-03ST.xlsx,03ST
B0303ST,16,000,State - TRIPURA,Total,Literate but below matric/secondary,Main workers_Females,36509.0,DDW-1600B-03ST.xlsx,03ST
B0303ST,16,000,State - TRIPURA,Total,Matric/secondary but below graduate,Main workers_Females,6745.0,DDW-1600B-03ST.xlsx,03ST
B0303ST,16,000,State - TRIPURA,Total,Technical diploma or certificate not equal to degree,Main workers_Females,78.0,DDW-1600B-03ST.xlsx,03ST
B0303ST,16,000,State - TRIPURA,Total,Graduate and above other than technical degree,Main workers_Females,1683.0,DDW-1600B-03ST.xlsx,03ST
B0303ST,16,000,State - TRIPURA,Total,Technical degree or diploma equal to degree or post-graduate degree,Main workers_Females,224.0,DDW-1600B-03ST.xlsx,03ST
B0303ST,16,000,State - TRIPURA,Rural,Total,Main workers_Females,78696.0,DDW-1600B-03ST.xlsx,03ST
B0303ST,16,000,State - TRIPURA,Rural,Illiterate,Main workers_Females,29490.0,DDW-1600B-03ST.xlsx,03ST
B0303ST,16,000,State - TRIPURA,Rural,Literate,Main workers_Females,49206.0,DDW-1600B-03ST.xlsx,03ST
B0303ST,16,000,State - TRIPURA,Rural,Literate but below matric/secondary,Main workers_Females,35197.0,DDW-1600B-03ST.xlsx,03ST
B0303ST,16,000,State - TRIPURA,Rural,Matric/secondary but below graduate,Main workers_Females,5494.0,DDW-1600B-03ST.xlsx,03ST
B0303ST,16,000,State - TRIPURA,Rural,Technical diploma or certificate not equal to degree,Main workers_Females,43.0,DDW-1600B-03ST.xlsx,03ST
B0303ST,16,000,State - TRIPURA,Rural,Graduate and above other than technical degree,Main workers_Females,976.0,DDW-1600B-03ST.xlsx,03ST
B0303ST,16,000,State - TRIPURA,Rural,Technical degree or diploma equal to degree or post-graduate degree,Main workers_Females,73.0,DDW-1600B-03ST.xlsx,03ST
B0303ST,16,000,State - TRIPURA,Urban,Total,Main workers_Females,4269.0,DDW-1600B-03ST.xlsx,03ST
B0303ST,16,000,State - TRIPURA,Urban,Illiterate,Main workers_Females,584.0,DDW-1600B-03ST.xlsx,03ST
B0303ST,16,000,State - TRIPURA,Urban,Literate,Main workers_Females,3685.0,DDW-1600B-03ST.xlsx,03ST
B0303ST,16,000,State - TRIPURA,Urban,Literate but below matric/secondary,Main workers_Females,1312.0,DDW-1600B-03ST.xlsx,03ST
B0303ST,16,000,State - TRIPURA,Urban,Matric/secondary but below graduate,Main workers_Females,1251.0,DDW-1600B-03ST.xlsx,03ST
B0303ST,16,000,State - TRIPURA,Urban,Technical diploma or certificate not equal to degree,Main workers_Females,35.0,DDW-1600B-03ST.xlsx,03ST
B0303ST,16,000,State - TRIPURA,Urban,Graduate and above other than technical degree,Main workers_Females,707.0,DDW-1600B-03ST.xlsx,03ST
B0303ST,16,000,State - TRIPURA,Urban,Technical degree or diploma equal to degree or post-graduate degree,Main workers_Females,151.0,DDW-1600B-03ST.xlsx,03ST
B0303ST,16,289,District - West Tripura ,Total,Total,Main workers_Females,31649.0,DDW-1600B-03ST.xlsx,03ST
B0303ST,16,289,District - West Tripura ,Total,Illiterate,Main workers_Females,9873.0,DDW-1600B-03ST.xlsx,03ST
B0303ST,16,289,District - West Tripura ,Total,Literate,Main workers_Females,21776.0,DDW-1600B-03ST.xlsx,03ST
B0303ST,16,289,District - West Tripura ,Total,Literate but below matric/secondary,Main workers_Females,14400.0,DDW-1600B-03ST.xlsx,03ST
B0303ST,16,289,District - West Tripura ,Total,Matric/secondary but below graduate,Main workers_Females,3913.0,DDW-1600B-03ST.xlsx,03ST
B0303ST,16,289,District - West Tripura ,Total,Technical diploma or certificate not equal to degree,Main workers_Females,33.0,DDW-1600B-03ST.xlsx,03ST
B0303ST,16,289,District - West Tripura ,Total,Graduate and above other than technical degree,Main workers_Females,1119.0,DDW-1600B-03ST.xlsx,03ST
B0303ST,16,289,District - West Tripura ,Total,Technical degree or diploma equal to degree or post-graduate degree,Main workers_Females,171.0,DDW-1600B-03ST.xlsx,03ST
B0303ST,16,289,District - West Tripura ,Rural,Total,Main workers_Females,28645.0,DDW-1600B-03ST.xlsx,03ST
B0303ST,16,289,District - West Tripura ,Rural,Illiterate,Main workers_Females,9577.0,DDW-1600B-03ST.xlsx,03ST
B0303ST,16,289,District - West Tripura ,Rural,Literate,Main workers_Females,19068.0,DDW-1600B-03ST.xlsx,03ST
B0303ST,16,289,District - West Tripura ,Rural,Literate but below matric/secondary,Main workers_Females,13645.0,DDW-1600B-03ST.xlsx,03ST
B0303ST,16,289,District - West Tripura ,Rural,Matric/secondary but below graduate,Main workers_Females,2896.0,DDW-1600B-03ST.xlsx,03ST
B0303ST,16,289,District - West Tripura ,Rural,Technical diploma or certificate not equal to degree,Main workers_Females,8.0,DDW-1600B-03ST.xlsx,03ST
B0303ST,16,289,District - West Tripura ,Rural,Graduate and above other than technical degree,Main workers_Females,501.0,DDW-1600B-03ST.xlsx,03ST
B0303ST,16,289,District - West Tripura ,Rural,Technical degree or diploma equal to degree or post-graduate degree,Main workers_Females,31.0,DDW-1600B-03ST.xlsx,03ST
B0303ST,16,289,District - West Tripura ,Urban,Total,Main workers_Females,3004.0,DDW-1600B-03ST.xlsx,03ST
B0303ST,16,289,District - West Tripura ,Urban,Illiterate,Main workers_Females,296.0,DDW-1600B-03ST.xlsx,03ST
B0303ST,16,289,District - West Tripura ,Urban,Literate,Main workers_Females,2708.0,DDW-1600B-03ST.xlsx,03ST
B0303ST,16,289,District - West Tripura ,Urban,Literate but below matric/secondary,Main workers_Females,755.0,DDW-1600B-03ST.xlsx,03ST
B0303ST,16,289,District - West Tripura ,Urban,Matric/secondary but below graduate,Main workers_Females,1017.0,DDW-1600B-03ST.xlsx,03ST
B0303ST,16,289,District - West Tripura ,Urban,Technical diploma or certificate not equal to degree,Main workers_Females,25.0,DDW-1600B-03ST.xlsx,03ST
B0303ST,16,289,District - West Tripura ,Urban,Graduate and above other than technical degree,Main workers_Females,618.0,DDW-1600B-03ST.xlsx,03ST
B0303ST,16,289,District - West Tripura ,Urban,Technical degree or diploma equal to degree or post-graduate degree,Main workers_Females,140.0,DDW-1600B-03ST.xlsx,03ST
B0303ST,16,290,District - South Tripura ,Total,Total,Main workers_Females,26837.0,DDW-1600B-03ST.xlsx,03ST
B0303ST,16,290,District - South Tripura ,Total,Illiterate,Main workers_Females,10941.0,DDW-1600B-03ST.xlsx,03ST
B0303ST,16,290,District - South Tripura ,Total,Literate,Main workers_Females,15896.0,DDW-1600B-03ST.xlsx,03ST
B0303ST,16,290,District - South Tripura ,Total,Literate but below matric/secondary,Main workers_Females,12091.0,DDW-1600B-03ST.xlsx,03ST
B0303ST,16,290,District - South Tripura ,Total,Matric/secondary but below graduate,Main workers_Females,1309.0,DDW-1600B-03ST.xlsx,03ST
B0303ST,16,290,District - South Tripura ,Total,Technical diploma or certificate not equal to degree,Main workers_Females,16.0,DDW-1600B-03ST.xlsx,03ST
B0303ST,16,290,District - South Tripura ,Total,Graduate and above other than technical degree,Main workers_Females,237.0,DDW-1600B-03ST.xlsx,03ST
B0303ST,16,290,District - South Tripura ,Total,Technical degree or diploma equal to degree or post-graduate degree,Main workers_Females,21.0,DDW-1600B-03ST.xlsx,03ST
B0303ST,16,290,District - South Tripura ,Rural,Total,Main workers_Females,26378.0,DDW-1600B-03ST.xlsx,03ST
B0303ST,16,290,District - South Tripura ,Rural,Illiterate,Main workers_Females,10861.0,DDW-1600B-03ST.xlsx,03ST
B0303ST,16,290,District - South Tripura ,Rural,Literate,Main workers_Females,15517.0,DDW-1600B-03ST.xlsx,03ST
B0303ST,16,290,District - South Tripura ,Rural,Literate but below matric/secondary,Main workers_Females,11828.0,DDW-1600B-03ST.xlsx,03ST
B0303ST,16,290,District - South Tripura ,Rural,Matric/secondary but below graduate,Main workers_Females,1255.0,DDW-1600B-03ST.xlsx,03ST
B0303ST,16,290,District - South Tripura ,Rural,Technical diploma or certificate not equal to degree,Main workers_Females,13.0,DDW-1600B-03ST.xlsx,03ST
B0303ST,16,290,District - South Tripura ,Rural,Graduate and above other than technical degree,Main workers_Females,205.0,DDW-1600B-03ST.xlsx,03ST
B0303ST,16,290,District - South Tripura ,Rural,Technical degree or diploma equal to degree or post-graduate degree,Main workers_Females,17.0,DDW-1600B-03ST.xlsx,03ST
B0303ST,16,290,District - South Tripura ,Urban,Total,Main workers_Females,459.0,DDW-1600B-03ST.xlsx,03ST
B0303ST,16,290,District - South Tripura ,Urban,Illiterate,Main workers_Females,80.0,DDW-1600B-03ST.xlsx,03ST
B0303ST,16,290,District - South Tripura ,Urban,Literate,Main workers_Females,379.0,DDW-1600B-03ST.xlsx,03ST
B0303ST,16,290,District - South Tripura ,Urban,Literate but below matric/secondary,Main workers_Females,263.0,DDW-1600B-03ST.xlsx,03ST
B0303ST,16,290,District - South Tripura ,Urban,Matric/secondary but below graduate,Main workers_Females,54.0,DDW-1600B-03ST.xlsx,03ST
B0303ST,16,290,District - South Tripura ,Urban,Technical diploma or certificate not equal to degree,Main workers_Females,3.0,DDW-1600B-03ST.xlsx,03ST
B0303ST,16,290,District - South Tripura ,Urban,Graduate and above other than technical degree,Main workers_Females,32.0,DDW-1600B-03ST.xlsx,03ST
B0303ST,16,290,District - South Tripura ,Urban,Technical degree or diploma equal to degree or post-graduate degree,Main workers_Females,4.0,DDW-1600B-03ST.xlsx,03ST
B0303ST,16,291,District - Dhalai,Total,Total,Main workers_Females,11919.0,DDW-1600B-03ST.xlsx,03ST
B0303ST,16,291,District - Dhalai,Total,Illiterate,Main workers_Females,4406.0,DDW-1600B-03ST.xlsx,03ST
B0303ST,16,291,District - Dhalai,Total,Literate,Main workers_Females,7513.0,DDW-1600B-03ST.xlsx,03ST
B0303ST,16,291,District - Dhalai,Total,Literate but below matric/secondary,Main workers_Females,4280.0,DDW-1600B-03ST.xlsx,03ST
B0303ST,16,291,District - Dhalai,Total,Matric/secondary but below graduate,Main workers_Females,749.0,DDW-1600B-03ST.xlsx,03ST
B0303ST,16,291,District - Dhalai,Total,Technical diploma or certificate not equal to degree,Main workers_Females,8.0,DDW-1600B-03ST.xlsx,03ST
B0303ST,16,291,District - Dhalai,Total,Graduate and above other than technical degree,Main workers_Females,157.0,DDW-1600B-03ST.xlsx,03ST
B0303ST,16,291,District - Dhalai,Total,Technical degree or diploma equal to degree or post-graduate degree,Main workers_Females,19.0,DDW-1600B-03ST.xlsx,03ST
B0303ST,16,291,District - Dhalai,Rural,Total,Main workers_Females,11641.0,DDW-1600B-03ST.xlsx,03ST
B0303ST,16,291,District - Dhalai,Rural,Illiterate,Main workers_Females,4355.0,DDW-1600B-03ST.xlsx,03ST
B0303ST,16,291,District - Dhalai,Rural,Literate,Main workers_Females,7286.0,DDW-1600B-03ST.xlsx,03ST
B0303ST,16,291,District - Dhalai,Rural,Literate but below matric/secondary,Main workers_Females,4187.0,DDW-1600B-03ST.xlsx,03ST
B0303ST,16,291,District - Dhalai,Rural,Matric/secondary but below graduate,Main workers_Females,671.0,DDW-1600B-03ST.xlsx,03ST
B0303ST,16,291,District - Dhalai,Rural,Technical diploma or certificate not equal to degree,Main workers_Females,6.0,DDW-1600B-03ST.xlsx,03ST
B0303ST,16,291,District - Dhalai,Rural,Graduate and above other than technical degree,Main workers_Females,133.0,DDW-1600B-03ST.xlsx,03ST
B0303ST,16,291,District - Dhalai,Rural,Technical degree or diploma equal to degree or post-graduate degree,Main workers_Females,15.0,DDW-1600B-03ST.xlsx,03ST
B0303ST,16,291,District - Dhalai,Urban,Total,Main workers_Females,278.0,DDW-1600B-03ST.xlsx,03ST
B0303ST,16,291,District - Dhalai,Urban,Illiterate,Main workers_Females,51.0,DDW-1600B-03ST.xlsx,03ST
B0303ST,16,291,District - Dhalai,Urban,Literate,Main workers_Females,227.0,DDW-1600B-03ST.xlsx,03ST
B0303ST,16,291,District - Dhalai,Urban,Literate but below matric/secondary,Main workers_Females,93.0,DDW-1600B-03ST.xlsx,03ST
B0303ST,16,291,District - Dhalai,Urban,Matric/secondary but below graduate,Main workers_Females,78.0,DDW-1600B-03ST.xlsx,03ST
B0303ST,16,291,District - Dhalai,Urban,Technical diploma or certificate not equal to degree,Main workers_Females,2.0,DDW-1600B-03ST.xlsx,03ST
B0303ST,16,291,District - Dhalai,Urban,Graduate and above other than technical degree,Main workers_Females,24.0,DDW-1600B-03ST.xlsx,03ST
B0303ST,16,291,District - Dhalai,Urban,Technical degree or diploma equal to degree or post-graduate degree,Main workers_Females,4.0,DDW-1600B-03ST.xlsx,03ST
B0303ST,16,292,District - North Tripura,Total,Total,Main workers_Females,12560.0,DDW-1600B-03ST.xlsx,03ST
B0303ST,16,292,District - North Tripura,Total,Illiterate,Main workers_Females,4854.0,DDW-1600B-03ST.xlsx,03ST
B0303ST,16,292,District - North Tripura,Total,Literate,Main workers_Females,7706.0,DDW-1600B-03ST.xlsx,03ST
B0303ST,16,292,District - North Tripura,Total,Literate but below matric/secondary,Main workers_Females,5738.0,DDW-1600B-03ST.xlsx,03ST
B0303ST,16,292,District - North Tripura,Total,Matric/secondary but below graduate,Main workers_Females,774.0,DDW-1600B-03ST.xlsx,03ST
B0303ST,16,292,District - North Tripura,Total,Technical diploma or certificate not equal to degree,Main workers_Females,21.0,DDW-1600B-03ST.xlsx,03ST
B0303ST,16,292,District - North Tripura,Total,Graduate and above other than technical degree,Main workers_Females,170.0,DDW-1600B-03ST.xlsx,03ST
B0303ST,16,292,District - North Tripura,Total,Technical degree or diploma equal to degree or post-graduate degree,Main workers_Females,13.0,DDW-1600B-03ST.xlsx,03ST
B0303ST,16,292,District - North Tripura,Rural,Total,Main workers_Females,12032.0,DDW-1600B-03ST.xlsx,03ST
B0303ST,16,292,District - North Tripura,Rural,Illiterate,Main workers_Females,4697.0,DDW-1600B-03ST.xlsx,03ST
B0303ST,16,292,District - North Tripura,Rural,Literate,Main workers_Females,7335.0,DDW-1600B-03ST.xlsx,03ST
B0303ST,16,292,District - North Tripura,Rural,Literate but below matric/secondary,Main workers_Females,5537.0,DDW-1600B-03ST.xlsx,03ST
B0303ST,16,292,District - North Tripura,Rural,Matric/secondary but below graduate,Main workers_Females,672.0,DDW-1600B-03ST.xlsx,03ST
B0303ST,16,292,District - North Tripura,Rural,Technical diploma or certificate not equal to degree,Main workers_Females,16.0,DDW-1600B-03ST.xlsx,03ST
B0303ST,16,292,District - North Tripura,Rural,Graduate and above other than technical degree,Main workers_Females,137.0,DDW-1600B-03ST.xlsx,03ST
B0303ST,16,292,District - North Tripura,Rural,Technical degree or diploma equal to degree or post-graduate degree,Main workers_Females,10.0,DDW-1600B-03ST.xlsx,03ST
B0303ST,16,292,District - North Tripura,Urban,Total,Main workers_Females,528.0,DDW-1600B-03ST.xlsx,03ST
B0303ST,16,292,District - North Tripura,Urban,Illiterate,Main workers_Females,157.0,DDW-1600B-03ST.xlsx,03ST
B0303ST,16,292,District - North Tripura,Urban,Literate,Main workers_Females,371.0,DDW-1600B-03ST.xlsx,03ST
B0303ST,16,292,District - North Tripura,Urban,Literate but below matric/secondary,Main workers_Females,201.0,DDW-1600B-03ST.xlsx,03ST
B0303ST,16,292,District - North Tripura,Urban,Matric/secondary but below graduate,Main workers_Females,102.0,DDW-1600B-03ST.xlsx,03ST
B0303ST,16,292,District - North Tripura,Urban,Technical diploma or certificate not equal to degree,Main workers_Females,5.0,DDW-1600B-03ST.xlsx,03ST
B0303ST,16,292,District - North Tripura,Urban,Graduate and above other than technical degree,Main workers_Females,33.0,DDW-1600B-03ST.xlsx,03ST
B0303ST,16,292,District - North Tripura,Urban,Technical degree or diploma equal to degree or post-graduate degree,Main workers_Females,3.0,DDW-1600B-03ST.xlsx,03ST
B0303ST,16,000,State - TRIPURA,Total,Total,Marginal workers_Total_Persons,181387.0,DDW-1600B-03ST.xlsx,03ST
B0303ST,16,000,State - TRIPURA,Total,Illiterate,Marginal workers_Total_Persons,56907.0,DDW-1600B-03ST.xlsx,03ST
B0303ST,16,000,State - TRIPURA,Total,Literate,Marginal workers_Total_Persons,124480.0,DDW-1600B-03ST.xlsx,03ST
B0303ST,16,000,State - TRIPURA,Total,Literate but below matric/secondary,Marginal workers_Total_Persons,92131.0,DDW-1600B-03ST.xlsx,03ST
B0303ST,16,000,State - TRIPURA,Total,Matric/secondary but below graduate,Marginal workers_Total_Persons,14080.0,DDW-1600B-03ST.xlsx,03ST
B0303ST,16,000,State - TRIPURA,Total,Technical diploma or certificate not equal to degree,Marginal workers_Total_Persons,44.0,DDW-1600B-03ST.xlsx,03ST
B0303ST,16,000,State - TRIPURA,Total,Graduate and above other than technical degree,Marginal workers_Total_Persons,756.0,DDW-1600B-03ST.xlsx,03ST
B0303ST,16,000,State - TRIPURA,Total,Technical degree or diploma equal to degree or post-graduate degree,Marginal workers_Total_Persons,38.0,DDW-1600B-03ST.xlsx,03ST
B0303ST,16,000,State - TRIPURA,Rural,Total,Marginal workers_Total_Persons,179010.0,DDW-1600B-03ST.xlsx,03ST
B0303ST,16,000,State - TRIPURA,Rural,Illiterate,Marginal workers_Total_Persons,56479.0,DDW-1600B-03ST.xlsx,03ST
B0303ST,16,000,State - TRIPURA,Rural,Literate,Marginal workers_Total_Persons,122531.0,DDW-1600B-03ST.xlsx,03ST
B0303ST,16,000,State - TRIPURA,Rural,Literate but below matric/secondary,Marginal workers_Total_Persons,90784.0,DDW-1600B-03ST.xlsx,03ST
B0303ST,16,000,State - TRIPURA,Rural,Matric/secondary but below graduate,Marginal workers_Total_Persons,13760.0,DDW-1600B-03ST.xlsx,03ST
B0303ST,16,000,State - TRIPURA,Rural,Technical diploma or certificate not equal to degree,Marginal workers_Total_Persons,37.0,DDW-1600B-03ST.xlsx,03ST
B0303ST,16,000,State - TRIPURA,Rural,Graduate and above other than technical degree,Marginal workers_Total_Persons,704.0,DDW-1600B-03ST.xlsx,03ST
B0303ST,16,000,State - TRIPURA,Rural,Technical degree or diploma equal to degree or post-graduate degree,Marginal workers_Total_Persons,34.0,DDW-1600B-03ST.xlsx,03ST
B0303ST,16,000,State - TRIPURA,Urban,Total,Marginal workers_Total_Persons,2377.0,DDW-1600B-03ST.xlsx,03ST
B0303ST,16,000,State - TRIPURA,Urban,Illiterate,Marginal workers_Total_Persons,428.0,DDW-1600B-03ST.xlsx,03ST
B0303ST,16,000,State - TRIPURA,Urban,Literate,Marginal workers_Total_Persons,1949.0,DDW-1600B-03ST.xlsx,03ST
B0303ST,16,000,State - TRIPURA,Urban,Literate but below matric/secondary,Marginal workers_Total_Persons,1347.0,DDW-1600B-03ST.xlsx,03ST
B0303ST,16,000,State - TRIPURA,Urban,Matric/secondary but below graduate,Marginal workers_Total_Persons,320.0,DDW-1600B-03ST.xlsx,03ST
B0303ST,16,000,State - TRIPURA,Urban,Technical diploma or certificate not equal to degree,Marginal workers_Total_Persons,7.0,DDW-1600B-03ST.xlsx,03ST
B0303ST,16,000,State - TRIPURA,Urban,Graduate and above other than technical degree,Marginal workers_Total_Persons,52.0,DDW-1600B-03ST.xlsx,03ST
B0303ST,16,000,State - TRIPURA,Urban,Technical degree or diploma equal to degree or post-graduate degree,Marginal workers_Total_Persons,4.0,DDW-1600B-03ST.xlsx,03ST
B0303ST,16,289,District - West Tripura ,Total,Total,Marginal workers_Total_Persons,71522.0,DDW-1600B-03ST.xlsx,03ST
B0303ST,16,289,District - West Tripura ,Total,Illiterate,Marginal workers_Total_Persons,18759.0,DDW-1600B-03ST.xlsx,03ST
B0303ST,16,289,District - West Tripura ,Total,Literate,Marginal workers_Total_Persons,52763.0,DDW-1600B-03ST.xlsx,03ST
B0303ST,16,289,District - West Tripura ,Total,Literate but below matric/secondary,Marginal workers_Total_Persons,38405.0,DDW-1600B-03ST.xlsx,03ST
B0303ST,16,289,District - West Tripura ,Total,Matric/secondary but below graduate,Marginal workers_Total_Persons,9021.0,DDW-1600B-03ST.xlsx,03ST
B0303ST,16,289,District - West Tripura ,Total,Technical diploma or certificate not equal to degree,Marginal workers_Total_Persons,19.0,DDW-1600B-03ST.xlsx,03ST
B0303ST,16,289,District - West Tripura ,Total,Graduate and above other than technical degree,Marginal workers_Total_Persons,437.0,DDW-1600B-03ST.xlsx,03ST
B0303ST,16,289,District - West Tripura ,Total,Technical degree or diploma equal to degree or post-graduate degree,Marginal workers_Total_Persons,19.0,DDW-1600B-03ST.xlsx,03ST
B0303ST,16,289,District - West Tripura ,Rural,Total,Marginal workers_Total_Persons,70421.0,DDW-1600B-03ST.xlsx,03ST
B0303ST,16,289,District - West Tripura ,Rural,Illiterate,Marginal workers_Total_Persons,18617.0,DDW-1600B-03ST.xlsx,03ST
B0303ST,16,289,District - West Tripura ,Rural,Literate,Marginal workers_Total_Persons,51804.0,DDW-1600B-03ST.xlsx,03ST
B0303ST,16,289,District - West Tripura ,Rural,Literate but below matric/secondary,Marginal workers_Total_Persons,37820.0,DDW-1600B-03ST.xlsx,03ST
B0303ST,16,289,District - West Tripura ,Rural,Matric/secondary but below graduate,Marginal workers_Total_Persons,8815.0,DDW-1600B-03ST.xlsx,03ST
B0303ST,16,289,District - West Tripura ,Rural,Technical diploma or certificate not equal to degree,Marginal workers_Total_Persons,13.0,DDW-1600B-03ST.xlsx,03ST
B0303ST,16,289,District - West Tripura ,Rural,Graduate and above other than technical degree,Marginal workers_Total_Persons,392.0,DDW-1600B-03ST.xlsx,03ST
B0303ST,16,289,District - West Tripura ,Rural,Technical degree or diploma equal to degree or post-graduate degree,Marginal workers_Total_Persons,16.0,DDW-1600B-03ST.xlsx,03ST
B0303ST,16,289,District - West Tripura ,Urban,Total,Marginal workers_Total_Persons,1101.0,DDW-1600B-03ST.xlsx,03ST
B0303ST,16,289,District - West Tripura ,Urban,Illiterate,Marginal workers_Total_Persons,142.0,DDW-1600B-03ST.xlsx,03ST
B0303ST,16,289,District - West Tripura ,Urban,Literate,Marginal workers_Total_Persons,959.0,DDW-1600B-03ST.xlsx,03ST
B0303ST,16,289,District - West Tripura ,Urban,Literate but below matric/secondary,Marginal workers_Total_Persons,585.0,DDW-1600B-03ST.xlsx,03ST
B0303ST,16,289,District - West Tripura ,Urban,Matric/secondary but below graduate,Marginal workers_Total_Persons,206.0,DDW-1600B-03ST.xlsx,03ST
B0303ST,16,289,District - West Tripura ,Urban,Technical diploma or certificate not equal to degree,Marginal workers_Total_Persons,6.0,DDW-1600B-03ST.xlsx,03ST
B0303ST,16,289,District - West Tripura ,Urban,Graduate and above other than technical degree,Marginal workers_Total_Persons,45.0,DDW-1600B-03ST.xlsx,03ST
B0303ST,16,289,District - West Tripura ,Urban,Technical degree or diploma equal to degree or post-graduate degree,Marginal workers_Total_Persons,3.0,DDW-1600B-03ST.xlsx,03ST
B0303ST,16,290,District - South Tripura ,Total,Total,Marginal workers_Total_Persons,54241.0,DDW-1600B-03ST.xlsx,03ST
B0303ST,16,290,District - South Tripura ,Total,Illiterate,Marginal workers_Total_Persons,20288.0,DDW-1600B-03ST.xlsx,03ST
B0303ST,16,290,District - South Tripura ,Total,Literate,Marginal workers_Total_Persons,33953.0,DDW-1600B-03ST.xlsx,03ST
B0303ST,16,290,District - South Tripura ,Total,Literate but below matric/secondary,Marginal workers_Total_Persons,27174.0,DDW-1600B-03ST.xlsx,03ST
B0303ST,16,290,District - South Tripura ,Total,Matric/secondary but below graduate,Marginal workers_Total_Persons,2563.0,DDW-1600B-03ST.xlsx,03ST
B0303ST,16,290,District - South Tripura ,Total,Technical diploma or certificate not equal to degree,Marginal workers_Total_Persons,9.0,DDW-1600B-03ST.xlsx,03ST
B0303ST,16,290,District - South Tripura ,Total,Graduate and above other than technical degree,Marginal workers_Total_Persons,157.0,DDW-1600B-03ST.xlsx,03ST
B0303ST,16,290,District - South Tripura ,Total,Technical degree or diploma equal to degree or post-graduate degree,Marginal workers_Total_Persons,12.0,DDW-1600B-03ST.xlsx,03ST
B0303ST,16,290,District - South Tripura ,Rural,Total,Marginal workers_Total_Persons,53735.0,DDW-1600B-03ST.xlsx,03ST
B0303ST,16,290,District - South Tripura ,Rural,Illiterate,Marginal workers_Total_Persons,20150.0,DDW-1600B-03ST.xlsx,03ST
B0303ST,16,290,District - South Tripura ,Rural,Literate,Marginal workers_Total_Persons,33585.0,DDW-1600B-03ST.xlsx,03ST
B0303ST,16,290,District - South Tripura ,Rural,Literate but below matric/secondary,Marginal workers_Total_Persons,26869.0,DDW-1600B-03ST.xlsx,03ST
B0303ST,16,290,District - South Tripura ,Rural,Matric/secondary but below graduate,Marginal workers_Total_Persons,2546.0,DDW-1600B-03ST.xlsx,03ST
B0303ST,16,290,District - South Tripura ,Rural,Technical diploma or certificate not equal to degree,Marginal workers_Total_Persons,9.0,DDW-1600B-03ST.xlsx,03ST
B0303ST,16,290,District - South Tripura ,Rural,Graduate and above other than technical degree,Marginal workers_Total_Persons,156.0,DDW-1600B-03ST.xlsx,03ST
B0303ST,16,290,District - South Tripura ,Rural,Technical degree or diploma equal to degree or post-graduate degree,Marginal workers_Total_Persons,12.0,DDW-1600B-03ST.xlsx,03ST
B0303ST,16,290,District - South Tripura ,Urban,Total,Marginal workers_Total_Persons,506.0,DDW-1600B-03ST.xlsx,03ST
B0303ST,16,290,District - South Tripura ,Urban,Illiterate,Marginal workers_Total_Persons,138.0,DDW-1600B-03ST.xlsx,03ST
B0303ST,16,290,District - South Tripura ,Urban,Literate,Marginal workers_Total_Persons,368.0,DDW-1600B-03ST.xlsx,03ST
B0303ST,16,290,District - South Tripura ,Urban,Literate but below matric/secondary,Marginal workers_Total_Persons,305.0,DDW-1600B-03ST.xlsx,03ST
B0303ST,16,290,District - South Tripura ,Urban,Matric/secondary but below graduate,Marginal workers_Total_Persons,17.0,DDW-1600B-03ST.xlsx,03ST
B0303ST,16,290,District - South Tripura ,Urban,Technical diploma or certificate not equal to degree,Marginal workers_Total_Persons,0.0,DDW-1600B-03ST.xlsx,03ST
B0303ST,16,290,District - South Tripura ,Urban,Graduate and above other than technical degree,Marginal workers_Total_Persons,1.0,DDW-1600B-03ST.xlsx,03ST
B0303ST,16,290,District - South Tripura ,Urban,Technical degree or diploma equal to degree or post-graduate degree,Marginal workers_Total_Persons,0.0,DDW-1600B-03ST.xlsx,03ST
B0303ST,16,291,District - Dhalai,Total,Total,Marginal workers_Total_Persons,32754.0,DDW-1600B-03ST.xlsx,03ST
B0303ST,16,291,District - Dhalai,Total,Illiterate,Marginal workers_Total_Persons,10877.0,DDW-1600B-03ST.xlsx,03ST
B0303ST,16,291,District - Dhalai,Total,Literate,Marginal workers_Total_Persons,21877.0,DDW-1600B-03ST.xlsx,03ST
B0303ST,16,291,District - Dhalai,Total,Literate but below matric/secondary,Marginal workers_Total_Persons,13934.0,DDW-1600B-03ST.xlsx,03ST
B0303ST,16,291,District - Dhalai,Total,Matric/secondary but below graduate,Marginal workers_Total_Persons,1381.0,DDW-1600B-03ST.xlsx,03ST
B0303ST,16,291,District - Dhalai,Total,Technical diploma or certificate not equal to degree,Marginal workers_Total_Persons,4.0,DDW-1600B-03ST.xlsx,03ST
B0303ST,16,291,District - Dhalai,Total,Graduate and above other than technical degree,Marginal workers_Total_Persons,83.0,DDW-1600B-03ST.xlsx,03ST
B0303ST,16,291,District - Dhalai,Total,Technical degree or diploma equal to degree or post-graduate degree,Marginal workers_Total_Persons,2.0,DDW-1600B-03ST.xlsx,03ST
B0303ST,16,291,District - Dhalai,Rural,Total,Marginal workers_Total_Persons,32626.0,DDW-1600B-03ST.xlsx,03ST
B0303ST,16,291,District - Dhalai,Rural,Illiterate,Marginal workers_Total_Persons,10847.0,DDW-1600B-03ST.xlsx,03ST
B0303ST,16,291,District - Dhalai,Rural,Literate,Marginal workers_Total_Persons,21779.0,DDW-1600B-03ST.xlsx,03ST
B0303ST,16,291,District - Dhalai,Rural,Literate but below matric/secondary,Marginal workers_Total_Persons,13873.0,DDW-1600B-03ST.xlsx,03ST
B0303ST,16,291,District - Dhalai,Rural,Matric/secondary but below graduate,Marginal workers_Total_Persons,1363.0,DDW-1600B-03ST.xlsx,03ST
B0303ST,16,291,District - Dhalai,Rural,Technical diploma or certificate not equal to degree,Marginal workers_Total_Persons,3.0,DDW-1600B-03ST.xlsx,03ST
B0303ST,16,291,District - Dhalai,Rural,Graduate and above other than technical degree,Marginal workers_Total_Persons,82.0,DDW-1600B-03ST.xlsx,03ST
B0303ST,16,291,District - Dhalai,Rural,Technical degree or diploma equal to degree or post-graduate degree,Marginal workers_Total_Persons,1.0,DDW-1600B-03ST.xlsx,03ST
B0303ST,16,291,District - Dhalai,Urban,Total,Marginal workers_Total_Persons,128.0,DDW-1600B-03ST.xlsx,03ST
B0303ST,16,291,District - Dhalai,Urban,Illiterate,Marginal workers_Total_Persons,30.0,DDW-1600B-03ST.xlsx,03ST
B0303ST,16,291,District - Dhalai,Urban,Literate,Marginal workers_Total_Persons,98.0,DDW-1600B-03ST.xlsx,03ST
B0303ST,16,291,District - Dhalai,Urban,Literate but below matric/secondary,Marginal workers_Total_Persons,61.0,DDW-1600B-03ST.xlsx,03ST
B0303ST,16,291,District - Dhalai,Urban,Matric/secondary but below graduate,Marginal workers_Total_Persons,18.0,DDW-1600B-03ST.xlsx,03ST
B0303ST,16,291,District - Dhalai,Urban,Technical diploma or certificate not equal to degree,Marginal workers_Total_Persons,1.0,DDW-1600B-03ST.xlsx,03ST
B0303ST,16,291,District - Dhalai,Urban,Graduate and above other than technical degree,Marginal workers_Total_Persons,1.0,DDW-1600B-03ST.xlsx,03ST
B0303ST,16,291,District - Dhalai,Urban,Technical degree or diploma equal to degree or post-graduate degree,Marginal workers_Total_Persons,1.0,DDW-1600B-03ST.xlsx,03ST
B0303ST,16,292,District - North Tripura,Total,Total,Marginal workers_Total_Persons,22870.0,DDW-1600B-03ST.xlsx,03ST
B0303ST,16,292,District - North Tripura,Total,Illiterate,Marginal workers_Total_Persons,6983.0,DDW-1600B-03ST.xlsx,03ST
B0303ST,16,292,District - North Tripura,Total,Literate,Marginal workers_Total_Persons,15887.0,DDW-1600B-03ST.xlsx,03ST
B0303ST,16,292,District - North Tripura,Total,Literate but below matric/secondary,Marginal workers_Total_Persons,12618.0,DDW-1600B-03ST.xlsx,03ST
B0303ST,16,292,District - North Tripura,Total,Matric/secondary but below graduate,Marginal workers_Total_Persons,1115.0,DDW-1600B-03ST.xlsx,03ST
B0303ST,16,292,District - North Tripura,Total,Technical diploma or certificate not equal to degree,Marginal workers_Total_Persons,12.0,DDW-1600B-03ST.xlsx,03ST
B0303ST,16,292,District - North Tripura,Total,Graduate and above other than technical degree,Marginal workers_Total_Persons,79.0,DDW-1600B-03ST.xlsx,03ST
B0303ST,16,292,District - North Tripura,Total,Technical degree or diploma equal to degree or post-graduate degree,Marginal workers_Total_Persons,5.0,DDW-1600B-03ST.xlsx,03ST
B0303ST,16,292,District - North Tripura,Rural,Total,Marginal workers_Total_Persons,22228.0,DDW-1600B-03ST.xlsx,03ST
B0303ST,16,292,District - North Tripura,Rural,Illiterate,Marginal workers_Total_Persons,6865.0,DDW-1600B-03ST.xlsx,03ST
B0303ST,16,292,District - North Tripura,Rural,Literate,Marginal workers_Total_Persons,15363.0,DDW-1600B-03ST.xlsx,03ST
B0303ST,16,292,District - North Tripura,Rural,Literate but below matric/secondary,Marginal workers_Total_Persons,12222.0,DDW-1600B-03ST.xlsx,03ST
B0303ST,16,292,District - North Tripura,Rural,Matric/secondary but below graduate,Marginal workers_Total_Persons,1036.0,DDW-1600B-03ST.xlsx,03ST
B0303ST,16,292,District - North Tripura,Rural,Technical diploma or certificate not equal to degree,Marginal workers_Total_Persons,12.0,DDW-1600B-03ST.xlsx,03ST
B0303ST,16,292,District - North Tripura,Rural,Graduate and above other than technical degree,Marginal workers_Total_Persons,74.0,DDW-1600B-03ST.xlsx,03ST
B0303ST,16,292,District - North Tripura,Rural,Technical degree or diploma equal to degree or post-graduate degree,Marginal workers_Total_Persons,5.0,DDW-1600B-03ST.xlsx,03ST
B0303ST,16,292,District - North Tripura,Urban,Total,Marginal workers_Total_Persons,642.0,DDW-1600B-03ST.xlsx,03ST
B0303ST,16,292,District - North Tripura,Urban,Illiterate,Marginal workers_Total_Persons,118.0,DDW-1600B-03ST.xlsx,03ST
B0303ST,16,292,District - North Tripura,Urban,Literate,Marginal workers_Total_Persons,524.0,DDW-1600B-03ST.xlsx,03ST
B0303ST,16,292,District - North Tripura,Urban,Literate but below matric/secondary,Marginal workers_Total_Persons,396.0,DDW-1600B-03ST.xlsx,03ST
B0303ST,16,292,District - North Tripura,Urban,Matric/secondary but below graduate,Marginal workers_Total_Persons,79.0,DDW-1600B-03ST.xlsx,03ST
B0303ST,16,292,District - North Tripura,Urban,Technical diploma or certificate not equal to degree,Marginal workers_Total_Persons,0.0,DDW-1600B-03ST.xlsx,03ST
B0303ST,16,292,District - North Tripura,Urban,Graduate and above other than technical degree,Marginal workers_Total_Persons,5.0,DDW-1600B-03ST.xlsx,03ST
B0303ST,16,292,District - North Tripura,Urban,Technical degree or diploma equal to degree or post-graduate degree,Marginal workers_Total_Persons,0.0,DDW-1600B-03ST.xlsx,03ST
B0303ST,16,000,State - TRIPURA,Total,Total,Marginal workers_Total_Males,55689.0,DDW-1600B-03ST.xlsx,03ST
B0303ST,16,000,State - TRIPURA,Total,Illiterate,Marginal workers_Total_Males,8982.0,DDW-1600B-03ST.xlsx,03ST
B0303ST,16,000,State - TRIPURA,Total,Literate,Marginal workers_Total_Males,46707.0,DDW-1600B-03ST.xlsx,03ST
B0303ST,16,000,State - TRIPURA,Total,Literate but below matric/secondary,Marginal workers_Total_Males,34078.0,DDW-1600B-03ST.xlsx,03ST
B0303ST,16,000,State - TRIPURA,Total,Matric/secondary but below graduate,Marginal workers_Total_Males,7270.0,DDW-1600B-03ST.xlsx,03ST
B0303ST,16,000,State - TRIPURA,Total,Technical diploma or certificate not equal to degree,Marginal workers_Total_Males,30.0,DDW-1600B-03ST.xlsx,03ST
B0303ST,16,000,State - TRIPURA,Total,Graduate and above other than technical degree,Marginal workers_Total_Males,498.0,DDW-1600B-03ST.xlsx,03ST
B0303ST,16,000,State - TRIPURA,Total,Technical degree or diploma equal to degree or post-graduate degree,Marginal workers_Total_Males,30.0,DDW-1600B-03ST.xlsx,03ST
B0303ST,16,000,State - TRIPURA,Rural,Total,Marginal workers_Total_Males,54717.0,DDW-1600B-03ST.xlsx,03ST
B0303ST,16,000,State - TRIPURA,Rural,Illiterate,Marginal workers_Total_Males,8897.0,DDW-1600B-03ST.xlsx,03ST
B0303ST,16,000,State - TRIPURA,Rural,Literate,Marginal workers_Total_Males,45820.0,DDW-1600B-03ST.xlsx,03ST
B0303ST,16,000,State - TRIPURA,Rural,Literate but below matric/secondary,Marginal workers_Total_Males,33473.0,DDW-1600B-03ST.xlsx,03ST
B0303ST,16,000,State - TRIPURA,Rural,Matric/secondary but below graduate,Marginal workers_Total_Males,7102.0,DDW-1600B-03ST.xlsx,03ST
B0303ST,16,000,State - TRIPURA,Rural,Technical diploma or certificate not equal to degree,Marginal workers_Total_Males,24.0,DDW-1600B-03ST.xlsx,03ST
B0303ST,16,000,State - TRIPURA,Rural,Graduate and above other than technical degree,Marginal workers_Total_Males,463.0,DDW-1600B-03ST.xlsx,03ST
B0303ST,16,000,State - TRIPURA,Rural,Technical degree or diploma equal to degree or post-graduate degree,Marginal workers_Total_Males,28.0,DDW-1600B-03ST.xlsx,03ST
B0303ST,16,000,State - TRIPURA,Urban,Total,Marginal workers_Total_Males,972.0,DDW-1600B-03ST.xlsx,03ST
B0303ST,16,000,State - TRIPURA,Urban,Illiterate,Marginal workers_Total_Males,85.0,DDW-1600B-03ST.xlsx,03ST
B0303ST,16,000,State - TRIPURA,Urban,Literate,Marginal workers_Total_Males,887.0,DDW-1600B-03ST.xlsx,03ST
B0303ST,16,000,State - TRIPURA,Urban,Literate but below matric/secondary,Marginal workers_Total_Males,605.0,DDW-1600B-03ST.xlsx,03ST
B0303ST,16,000,State - TRIPURA,Urban,Matric/secondary but below graduate,Marginal workers_Total_Males,168.0,DDW-1600B-03ST.xlsx,03ST
B0303ST,16,000,State - TRIPURA,Urban,Technical diploma or certificate not equal to degree,Marginal workers_Total_Males,6.0,DDW-1600B-03ST.xlsx,03ST
B0303ST,16,000,State - TRIPURA,Urban,Graduate and above other than technical degree,Marginal workers_Total_Males,35.0,DDW-1600B-03ST.xlsx,03ST
B0303ST,16,000,State - TRIPURA,Urban,Technical degree or diploma equal to degree or post-graduate degree,Marginal workers_Total_Males,2.0,DDW-1600B-03ST.xlsx,03ST
B0303ST,16,289,District - West Tripura ,Total,Total,Marginal workers_Total_Males,21761.0,DDW-1600B-03ST.xlsx,03ST
B0303ST,16,289,District - West Tripura ,Total,Illiterate,Marginal workers_Total_Males,2729.0,DDW-1600B-03ST.xlsx,03ST
B0303ST,16,289,District - West Tripura ,Total,Literate,Marginal workers_Total_Males,19032.0,DDW-1600B-03ST.xlsx,03ST
B0303ST,16,289,District - West Tripura ,Total,Literate but below matric/secondary,Marginal workers_Total_Males,12925.0,DDW-1600B-03ST.xlsx,03ST
B0303ST,16,289,District - West Tripura ,Total,Matric/secondary but below graduate,Marginal workers_Total_Males,4286.0,DDW-1600B-03ST.xlsx,03ST
B0303ST,16,289,District - West Tripura ,Total,Technical diploma or certificate not equal to degree,Marginal workers_Total_Males,16.0,DDW-1600B-03ST.xlsx,03ST
B0303ST,16,289,District - West Tripura ,Total,Graduate and above other than technical degree,Marginal workers_Total_Males,300.0,DDW-1600B-03ST.xlsx,03ST
B0303ST,16,289,District - West Tripura ,Total,Technical degree or diploma equal to degree or post-graduate degree,Marginal workers_Total_Males,14.0,DDW-1600B-03ST.xlsx,03ST
B0303ST,16,289,District - West Tripura ,Rural,Total,Marginal workers_Total_Males,21274.0,DDW-1600B-03ST.xlsx,03ST
B0303ST,16,289,District - West Tripura ,Rural,Illiterate,Marginal workers_Total_Males,2694.0,DDW-1600B-03ST.xlsx,03ST
B0303ST,16,289,District - West Tripura ,Rural,Literate,Marginal workers_Total_Males,18580.0,DDW-1600B-03ST.xlsx,03ST
B0303ST,16,289,District - West Tripura ,Rural,Literate but below matric/secondary,Marginal workers_Total_Males,12654.0,DDW-1600B-03ST.xlsx,03ST
B0303ST,16,289,District - West Tripura ,Rural,Matric/secondary but below graduate,Marginal workers_Total_Males,4185.0,DDW-1600B-03ST.xlsx,03ST
B0303ST,16,289,District - West Tripura ,Rural,Technical diploma or certificate not equal to degree,Marginal workers_Total_Males,11.0,DDW-1600B-03ST.xlsx,03ST
B0303ST,16,289,District - West Tripura ,Rural,Graduate and above other than technical degree,Marginal workers_Total_Males,269.0,DDW-1600B-03ST.xlsx,03ST
B0303ST,16,289,District - West Tripura ,Rural,Technical degree or diploma equal to degree or post-graduate degree,Marginal workers_Total_Males,13.0,DDW-1600B-03ST.xlsx,03ST
B0303ST,16,289,District - West Tripura ,Urban,Total,Marginal workers_Total_Males,487.0,DDW-1600B-03ST.xlsx,03ST
B0303ST,16,289,District - West Tripura ,Urban,Illiterate,Marginal workers_Total_Males,35.0,DDW-1600B-03ST.xlsx,03ST
B0303ST,16,289,District - West Tripura ,Urban,Literate,Marginal workers_Total_Males,452.0,DDW-1600B-03ST.xlsx,03ST
B0303ST,16,289,District - West Tripura ,Urban,Literate but below matric/secondary,Marginal workers_Total_Males,271.0,DDW-1600B-03ST.xlsx,03ST
B0303ST,16,289,District - West Tripura ,Urban,Matric/secondary but below graduate,Marginal workers_Total_Males,101.0,DDW-1600B-03ST.xlsx,03ST
B0303ST,16,289,District - West Tripura ,Urban,Technical diploma or certificate not equal to degree,Marginal workers_Total_Males,5.0,DDW-1600B-03ST.xlsx,03ST
B0303ST,16,289,District - West Tripura ,Urban,Graduate and above other than technical degree,Marginal workers_Total_Males,31.0,DDW-1600B-03ST.xlsx,03ST
B0303ST,16,289,District - West Tripura ,Urban,Technical degree or diploma equal to degree or post-graduate degree,Marginal workers_Total_Males,1.0,DDW-1600B-03ST.xlsx,03ST
B0303ST,16,290,District - South Tripura ,Total,Total,Marginal workers_Total_Males,15570.0,DDW-1600B-03ST.xlsx,03ST
B0303ST,16,290,District - South Tripura ,Total,Illiterate,Marginal workers_Total_Males,3005.0,DDW-1600B-03ST.xlsx,03ST
B0303ST,16,290,District - South Tripura ,Total,Literate,Marginal workers_Total_Males,12565.0,DDW-1600B-03ST.xlsx,03ST
B0303ST,16,290,District - South Tripura ,Total,Literate but below matric/secondary,Marginal workers_Total_Males,9934.0,DDW-1600B-03ST.xlsx,03ST
B0303ST,16,290,District - South Tripura ,Total,Matric/secondary but below graduate,Marginal workers_Total_Males,1460.0,DDW-1600B-03ST.xlsx,03ST
B0303ST,16,290,District - South Tripura ,Total,Technical diploma or certificate not equal to degree,Marginal workers_Total_Males,8.0,DDW-1600B-03ST.xlsx,03ST
B0303ST,16,290,District - South Tripura ,Total,Graduate and above other than technical degree,Marginal workers_Total_Males,102.0,DDW-1600B-03ST.xlsx,03ST
B0303ST,16,290,District - South Tripura ,Total,Technical degree or diploma equal to degree or post-graduate degree,Marginal workers_Total_Males,10.0,DDW-1600B-03ST.xlsx,03ST
B0303ST,16,290,District - South Tripura ,Rural,Total,Marginal workers_Total_Males,15447.0,DDW-1600B-03ST.xlsx,03ST
B0303ST,16,290,District - South Tripura ,Rural,Illiterate,Marginal workers_Total_Males,2987.0,DDW-1600B-03ST.xlsx,03ST
B0303ST,16,290,District - South Tripura ,Rural,Literate,Marginal workers_Total_Males,12460.0,DDW-1600B-03ST.xlsx,03ST
B0303ST,16,290,District - South Tripura ,Rural,Literate but below matric/secondary,Marginal workers_Total_Males,9847.0,DDW-1600B-03ST.xlsx,03ST
B0303ST,16,290,District - South Tripura ,Rural,Matric/secondary but below graduate,Marginal workers_Total_Males,1454.0,DDW-1600B-03ST.xlsx,03ST
B0303ST,16,290,District - South Tripura ,Rural,Technical diploma or certificate not equal to degree,Marginal workers_Total_Males,8.0,DDW-1600B-03ST.xlsx,03ST
B0303ST,16,290,District - South Tripura ,Rural,Graduate and above other than technical degree,Marginal workers_Total_Males,102.0,DDW-1600B-03ST.xlsx,03ST
B0303ST,16,290,District - South Tripura ,Rural,Technical degree or diploma equal to degree or post-graduate degree,Marginal workers_Total_Males,10.0,DDW-1600B-03ST.xlsx,03ST
B0303ST,16,290,District - South Tripura ,Urban,Total,Marginal workers_Total_Males,123.0,DDW-1600B-03ST.xlsx,03ST
B0303ST,16,290,District - South Tripura ,Urban,Illiterate,Marginal workers_Total_Males,18.0,DDW-1600B-03ST.xlsx,03ST
B0303ST,16,290,District - South Tripura ,Urban,Literate,Marginal workers_Total_Males,105.0,DDW-1600B-03ST.xlsx,03ST
B0303ST,16,290,District - South Tripura ,Urban,Literate but below matric/secondary,Marginal workers_Total_Males,87.0,DDW-1600B-03ST.xlsx,03ST
B0303ST,16,290,District - South Tripura ,Urban,Matric/secondary but below graduate,Marginal workers_Total_Males,6.0,DDW-1600B-03ST.xlsx,03ST
B0303ST,16,290,District - South Tripura ,Urban,Technical diploma or certificate not equal to degree,Marginal workers_Total_Males,0.0,DDW-1600B-03ST.xlsx,03ST
B0303ST,16,290,District - South Tripura ,Urban,Graduate and above other than technical degree,Marginal workers_Total_Males,0.0,DDW-1600B-03ST.xlsx,03ST
B0303ST,16,290,District - South Tripura ,Urban,Technical degree or diploma equal to degree or post-graduate degree,Marginal workers_Total_Males,0.0,DDW-1600B-03ST.xlsx,03ST
B0303ST,16,291,District - Dhalai,Total,Total,Marginal workers_Total_Males,10175.0,DDW-1600B-03ST.xlsx,03ST
B0303ST,16,291,District - Dhalai,Total,Illiterate,Marginal workers_Total_Males,1630.0,DDW-1600B-03ST.xlsx,03ST
B0303ST,16,291,District - Dhalai,Total,Literate,Marginal workers_Total_Males,8545.0,DDW-1600B-03ST.xlsx,03ST
B0303ST,16,291,District - Dhalai,Total,Literate but below matric/secondary,Marginal workers_Total_Males,5968.0,DDW-1600B-03ST.xlsx,03ST
B0303ST,16,291,District - Dhalai,Total,Matric/secondary but below graduate,Marginal workers_Total_Males,860.0,DDW-1600B-03ST.xlsx,03ST
B0303ST,16,291,District - Dhalai,Total,Technical diploma or certificate not equal to degree,Marginal workers_Total_Males,4.0,DDW-1600B-03ST.xlsx,03ST
B0303ST,16,291,District - Dhalai,Total,Graduate and above other than technical degree,Marginal workers_Total_Males,52.0,DDW-1600B-03ST.xlsx,03ST
B0303ST,16,291,District - Dhalai,Total,Technical degree or diploma equal to degree or post-graduate degree,Marginal workers_Total_Males,1.0,DDW-1600B-03ST.xlsx,03ST
B0303ST,16,291,District - Dhalai,Rural,Total,Marginal workers_Total_Males,10129.0,DDW-1600B-03ST.xlsx,03ST
B0303ST,16,291,District - Dhalai,Rural,Illiterate,Marginal workers_Total_Males,1626.0,DDW-1600B-03ST.xlsx,03ST
B0303ST,16,291,District - Dhalai,Rural,Literate,Marginal workers_Total_Males,8503.0,DDW-1600B-03ST.xlsx,03ST
B0303ST,16,291,District - Dhalai,Rural,Literate but below matric/secondary,Marginal workers_Total_Males,5944.0,DDW-1600B-03ST.xlsx,03ST
B0303ST,16,291,District - Dhalai,Rural,Matric/secondary but below graduate,Marginal workers_Total_Males,850.0,DDW-1600B-03ST.xlsx,03ST
B0303ST,16,291,District - Dhalai,Rural,Technical diploma or certificate not equal to degree,Marginal workers_Total_Males,3.0,DDW-1600B-03ST.xlsx,03ST
B0303ST,16,291,District - Dhalai,Rural,Graduate and above other than technical degree,Marginal workers_Total_Males,51.0,DDW-1600B-03ST.xlsx,03ST
B0303ST,16,291,District - Dhalai,Rural,Technical degree or diploma equal to degree or post-graduate degree,Marginal workers_Total_Males,0.0,DDW-1600B-03ST.xlsx,03ST
B0303ST,16,291,District - Dhalai,Urban,Total,Marginal workers_Total_Males,46.0,DDW-1600B-03ST.xlsx,03ST
B0303ST,16,291,District - Dhalai,Urban,Illiterate,Marginal workers_Total_Males,4.0,DDW-1600B-03ST.xlsx,03ST
B0303ST,16,291,District - Dhalai,Urban,Literate,Marginal workers_Total_Males,42.0,DDW-1600B-03ST.xlsx,03ST
B0303ST,16,291,District - Dhalai,Urban,Literate but below matric/secondary,Marginal workers_Total_Males,24.0,DDW-1600B-03ST.xlsx,03ST
B0303ST,16,291,District - Dhalai,Urban,Matric/secondary but below graduate,Marginal workers_Total_Males,10.0,DDW-1600B-03ST.xlsx,03ST
B0303ST,16,291,District - Dhalai,Urban,Technical diploma or certificate not equal to degree,Marginal workers_Total_Males,1.0,DDW-1600B-03ST.xlsx,03ST
B0303ST,16,291,District - Dhalai,Urban,Graduate and above other than technical degree,Marginal workers_Total_Males,1.0,DDW-1600B-03ST.xlsx,03ST
B0303ST,16,291,District - Dhalai,Urban,Technical degree or diploma equal to degree or post-graduate degree,Marginal workers_Total_Males,1.0,DDW-1600B-03ST.xlsx,03ST
B0303ST,16,292,District - North Tripura,Total,Total,Marginal workers_Total_Males,8183.0,DDW-1600B-03ST.xlsx,03ST
B0303ST,16,292,District - North Tripura,Total,Illiterate,Marginal workers_Total_Males,1618.0,DDW-1600B-03ST.xlsx,03ST
B0303ST,16,292,District - North Tripura,Total,Literate,Marginal workers_Total_Males,6565.0,DDW-1600B-03ST.xlsx,03ST
B0303ST,16,292,District - North Tripura,Total,Literate but below matric/secondary,Marginal workers_Total_Males,5251.0,DDW-1600B-03ST.xlsx,03ST
B0303ST,16,292,District - North Tripura,Total,Matric/secondary but below graduate,Marginal workers_Total_Males,664.0,DDW-1600B-03ST.xlsx,03ST
B0303ST,16,292,District - North Tripura,Total,Technical diploma or certificate not equal to degree,Marginal workers_Total_Males,2.0,DDW-1600B-03ST.xlsx,03ST
B0303ST,16,292,District - North Tripura,Total,Graduate and above other than technical degree,Marginal workers_Total_Males,44.0,DDW-1600B-03ST.xlsx,03ST
B0303ST,16,292,District - North Tripura,Total,Technical degree or diploma equal to degree or post-graduate degree,Marginal workers_Total_Males,5.0,DDW-1600B-03ST.xlsx,03ST
B0303ST,16,292,District - North Tripura,Rural,Total,Marginal workers_Total_Males,7867.0,DDW-1600B-03ST.xlsx,03ST
B0303ST,16,292,District - North Tripura,Rural,Illiterate,Marginal workers_Total_Males,1590.0,DDW-1600B-03ST.xlsx,03ST
B0303ST,16,292,District - North Tripura,Rural,Literate,Marginal workers_Total_Males,6277.0,DDW-1600B-03ST.xlsx,03ST
B0303ST,16,292,District - North Tripura,Rural,Literate but below matric/secondary,Marginal workers_Total_Males,5028.0,DDW-1600B-03ST.xlsx,03ST
B0303ST,16,292,District - North Tripura,Rural,Matric/secondary but below graduate,Marginal workers_Total_Males,613.0,DDW-1600B-03ST.xlsx,03ST
B0303ST,16,292,District - North Tripura,Rural,Technical diploma or certificate not equal to degree,Marginal workers_Total_Males,2.0,DDW-1600B-03ST.xlsx,03ST
B0303ST,16,292,District - North Tripura,Rural,Graduate and above other than technical degree,Marginal workers_Total_Males,41.0,DDW-1600B-03ST.xlsx,03ST
B0303ST,16,292,District - North Tripura,Rural,Technical degree or diploma equal to degree or post-graduate degree,Marginal workers_Total_Males,5.0,DDW-1600B-03ST.xlsx,03ST
B0303ST,16,292,District - North Tripura,Urban,Total,Marginal workers_Total_Males,316.0,DDW-1600B-03ST.xlsx,03ST
B0303ST,16,292,District - North Tripura,Urban,Illiterate,Marginal workers_Total_Males,28.0,DDW-1600B-03ST.xlsx,03ST
B0303ST,16,292,District - North Tripura,Urban,Literate,Marginal workers_Total_Males,288.0,DDW-1600B-03ST.xlsx,03ST
B0303ST,16,292,District - North Tripura,Urban,Literate but below matric/secondary,Marginal workers_Total_Males,223.0,DDW-1600B-03ST.xlsx,03ST
B0303ST,16,292,District - North Tripura,Urban,Matric/secondary but below graduate,Marginal workers_Total_Males,51.0,DDW-1600B-03ST.xlsx,03ST
B0303ST,16,292,District - North Tripura,Urban,Technical diploma or certificate not equal to degree,Marginal workers_Total_Males,0.0,DDW-1600B-03ST.xlsx,03ST
B0303ST,16,292,District - North Tripura,Urban,Graduate and above other than technical degree,Marginal workers_Total_Males,3.0,DDW-1600B-03ST.xlsx,03ST
B0303ST,16,292,District - North Tripura,Urban,Technical degree or diploma equal to degree or post-graduate degree,Marginal workers_Total_Males,0.0,DDW-1600B-03ST.xlsx,03ST
B0303ST,16,000,State - TRIPURA,Total,Total,Marginal workers_Total_Females,125698.0,DDW-1600B-03ST.xlsx,03ST
B0303ST,16,000,State - TRIPURA,Total,Illiterate,Marginal workers_Total_Females,47925.0,DDW-1600B-03ST.xlsx,03ST
B0303ST,16,000,State - TRIPURA,Total,Literate,Marginal workers_Total_Females,77773.0,DDW-1600B-03ST.xlsx,03ST
B0303ST,16,000,State - TRIPURA,Total,Literate but below matric/secondary,Marginal workers_Total_Females,58053.0,DDW-1600B-03ST.xlsx,03ST
B0303ST,16,000,State - TRIPURA,Total,Matric/secondary but below graduate,Marginal workers_Total_Females,6810.0,DDW-1600B-03ST.xlsx,03ST
B0303ST,16,000,State - TRIPURA,Total,Technical diploma or certificate not equal to degree,Marginal workers_Total_Females,14.0,DDW-1600B-03ST.xlsx,03ST
B0303ST,16,000,State - TRIPURA,Total,Graduate and above other than technical degree,Marginal workers_Total_Females,258.0,DDW-1600B-03ST.xlsx,03ST
B0303ST,16,000,State - TRIPURA,Total,Technical degree or diploma equal to degree or post-graduate degree,Marginal workers_Total_Females,8.0,DDW-1600B-03ST.xlsx,03ST
B0303ST,16,000,State - TRIPURA,Rural,Total,Marginal workers_Total_Females,124293.0,DDW-1600B-03ST.xlsx,03ST
B0303ST,16,000,State - TRIPURA,Rural,Illiterate,Marginal workers_Total_Females,47582.0,DDW-1600B-03ST.xlsx,03ST
B0303ST,16,000,State - TRIPURA,Rural,Literate,Marginal workers_Total_Females,76711.0,DDW-1600B-03ST.xlsx,03ST
B0303ST,16,000,State - TRIPURA,Rural,Literate but below matric/secondary,Marginal workers_Total_Females,57311.0,DDW-1600B-03ST.xlsx,03ST
B0303ST,16,000,State - TRIPURA,Rural,Matric/secondary but below graduate,Marginal workers_Total_Females,6658.0,DDW-1600B-03ST.xlsx,03ST
B0303ST,16,000,State - TRIPURA,Rural,Technical diploma or certificate not equal to degree,Marginal workers_Total_Females,13.0,DDW-1600B-03ST.xlsx,03ST
B0303ST,16,000,State - TRIPURA,Rural,Graduate and above other than technical degree,Marginal workers_Total_Females,241.0,DDW-1600B-03ST.xlsx,03ST
B0303ST,16,000,State - TRIPURA,Rural,Technical degree or diploma equal to degree or post-graduate degree,Marginal workers_Total_Females,6.0,DDW-1600B-03ST.xlsx,03ST
B0303ST,16,000,State - TRIPURA,Urban,Total,Marginal workers_Total_Females,1405.0,DDW-1600B-03ST.xlsx,03ST
B0303ST,16,000,State - TRIPURA,Urban,Illiterate,Marginal workers_Total_Females,343.0,DDW-1600B-03ST.xlsx,03ST
B0303ST,16,000,State - TRIPURA,Urban,Literate,Marginal workers_Total_Females,1062.0,DDW-1600B-03ST.xlsx,03ST
B0303ST,16,000,State - TRIPURA,Urban,Literate but below matric/secondary,Marginal workers_Total_Females,742.0,DDW-1600B-03ST.xlsx,03ST
B0303ST,16,000,State - TRIPURA,Urban,Matric/secondary but below graduate,Marginal workers_Total_Females,152.0,DDW-1600B-03ST.xlsx,03ST
B0303ST,16,000,State - TRIPURA,Urban,Technical diploma or certificate not equal to degree,Marginal workers_Total_Females,1.0,DDW-1600B-03ST.xlsx,03ST
B0303ST,16,000,State - TRIPURA,Urban,Graduate and above other than technical degree,Marginal workers_Total_Females,17.0,DDW-1600B-03ST.xlsx,03ST
B0303ST,16,000,State - TRIPURA,Urban,Technical degree or diploma equal to degree or post-graduate degree,Marginal workers_Total_Females,2.0,DDW-1600B-03ST.xlsx,03ST
B0303ST,16,289,District - West Tripura ,Total,Total,Marginal workers_Total_Females,49761.0,DDW-1600B-03ST.xlsx,03ST
B0303ST,16,289,District - West Tripura ,Total,Illiterate,Marginal workers_Total_Females,16030.0,DDW-1600B-03ST.xlsx,03ST
B0303ST,16,289,District - West Tripura ,Total,Literate,Marginal workers_Total_Females,33731.0,DDW-1600B-03ST.xlsx,03ST
B0303ST,16,289,District - West Tripura ,Total,Literate but below matric/secondary,Marginal workers_Total_Females,25480.0,DDW-1600B-03ST.xlsx,03ST
B0303ST,16,289,District - West Tripura ,Total,Matric/secondary but below graduate,Marginal workers_Total_Females,4735.0,DDW-1600B-03ST.xlsx,03ST
B0303ST,16,289,District - West Tripura ,Total,Technical diploma or certificate not equal to degree,Marginal workers_Total_Females,3.0,DDW-1600B-03ST.xlsx,03ST
B0303ST,16,289,District - West Tripura ,Total,Graduate and above other than technical degree,Marginal workers_Total_Females,137.0,DDW-1600B-03ST.xlsx,03ST
B0303ST,16,289,District - West Tripura ,Total,Technical degree or diploma equal to degree or post-graduate degree,Marginal workers_Total_Females,5.0,DDW-1600B-03ST.xlsx,03ST
B0303ST,16,289,District - West Tripura ,Rural,Total,Marginal workers_Total_Females,49147.0,DDW-1600B-03ST.xlsx,03ST
B0303ST,16,289,District - West Tripura ,Rural,Illiterate,Marginal workers_Total_Females,15923.0,DDW-1600B-03ST.xlsx,03ST
B0303ST,16,289,District - West Tripura ,Rural,Literate,Marginal workers_Total_Females,33224.0,DDW-1600B-03ST.xlsx,03ST
B0303ST,16,289,District - West Tripura ,Rural,Literate but below matric/secondary,Marginal workers_Total_Females,25166.0,DDW-1600B-03ST.xlsx,03ST
B0303ST,16,289,District - West Tripura ,Rural,Matric/secondary but below graduate,Marginal workers_Total_Females,4630.0,DDW-1600B-03ST.xlsx,03ST
B0303ST,16,289,District - West Tripura ,Rural,Technical diploma or certificate not equal to degree,Marginal workers_Total_Females,2.0,DDW-1600B-03ST.xlsx,03ST
B0303ST,16,289,District - West Tripura ,Rural,Graduate and above other than technical degree,Marginal workers_Total_Females,123.0,DDW-1600B-03ST.xlsx,03ST
B0303ST,16,289,District - West Tripura ,Rural,Technical degree or diploma equal to degree or post-graduate degree,Marginal workers_Total_Females,3.0,DDW-1600B-03ST.xlsx,03ST
B0303ST,16,289,District - West Tripura ,Urban,Total,Marginal workers_Total_Females,614.0,DDW-1600B-03ST.xlsx,03ST
B0303ST,16,289,District - West Tripura ,Urban,Illiterate,Marginal workers_Total_Females,107.0,DDW-1600B-03ST.xlsx,03ST
B0303ST,16,289,District - West Tripura ,Urban,Literate,Marginal workers_Total_Females,507.0,DDW-1600B-03ST.xlsx,03ST
B0303ST,16,289,District - West Tripura ,Urban,Literate but below matric/secondary,Marginal workers_Total_Females,314.0,DDW-1600B-03ST.xlsx,03ST
B0303ST,16,289,District - West Tripura ,Urban,Matric/secondary but below graduate,Marginal workers_Total_Females,105.0,DDW-1600B-03ST.xlsx,03ST
B0303ST,16,289,District - West Tripura ,Urban,Technical diploma or certificate not equal to degree,Marginal workers_Total_Females,1.0,DDW-1600B-03ST.xlsx,03ST
B0303ST,16,289,District - West Tripura ,Urban,Graduate and above other than technical degree,Marginal workers_Total_Females,14.0,DDW-1600B-03ST.xlsx,03ST
B0303ST,16,289,District - West Tripura ,Urban,Technical degree or diploma equal to degree or post-graduate degree,Marginal workers_Total_Females,2.0,DDW-1600B-03ST.xlsx,03ST
B0303ST,16,290,District - South Tripura ,Total,Total,Marginal workers_Total_Females,38671.0,DDW-1600B-03ST.xlsx,03ST
B0303ST,16,290,District - South Tripura ,Total,Illiterate,Marginal workers_Total_Females,17283.0,DDW-1600B-03ST.xlsx,03ST
B0303ST,16,290,District - South Tripura ,Total,Literate,Marginal workers_Total_Females,21388.0,DDW-1600B-03ST.xlsx,03ST
B0303ST,16,290,District - South Tripura ,Total,Literate but below matric/secondary,Marginal workers_Total_Females,17240.0,DDW-1600B-03ST.xlsx,03ST
B0303ST,16,290,District - South Tripura ,Total,Matric/secondary but below graduate,Marginal workers_Total_Females,1103.0,DDW-1600B-03ST.xlsx,03ST
B0303ST,16,290,District - South Tripura ,Total,Technical diploma or certificate not equal to degree,Marginal workers_Total_Females,1.0,DDW-1600B-03ST.xlsx,03ST
B0303ST,16,290,District - South Tripura ,Total,Graduate and above other than technical degree,Marginal workers_Total_Females,55.0,DDW-1600B-03ST.xlsx,03ST
B0303ST,16,290,District - South Tripura ,Total,Technical degree or diploma equal to degree or post-graduate degree,Marginal workers_Total_Females,2.0,DDW-1600B-03ST.xlsx,03ST
B0303ST,16,290,District - South Tripura ,Rural,Total,Marginal workers_Total_Females,38288.0,DDW-1600B-03ST.xlsx,03ST
B0303ST,16,290,District - South Tripura ,Rural,Illiterate,Marginal workers_Total_Females,17163.0,DDW-1600B-03ST.xlsx,03ST
B0303ST,16,290,District - South Tripura ,Rural,Literate,Marginal workers_Total_Females,21125.0,DDW-1600B-03ST.xlsx,03ST
B0303ST,16,290,District - South Tripura ,Rural,Literate but below matric/secondary,Marginal workers_Total_Females,17022.0,DDW-1600B-03ST.xlsx,03ST
B0303ST,16,290,District - South Tripura ,Rural,Matric/secondary but below graduate,Marginal workers_Total_Females,1092.0,DDW-1600B-03ST.xlsx,03ST
B0303ST,16,290,District - South Tripura ,Rural,Technical diploma or certificate not equal to degree,Marginal workers_Total_Females,1.0,DDW-1600B-03ST.xlsx,03ST
B0303ST,16,290,District - South Tripura ,Rural,Graduate and above other than technical degree,Marginal workers_Total_Females,54.0,DDW-1600B-03ST.xlsx,03ST
B0303ST,16,290,District - South Tripura ,Rural,Technical degree or diploma equal to degree or post-graduate degree,Marginal workers_Total_Females,2.0,DDW-1600B-03ST.xlsx,03ST
B0303ST,16,290,District - South Tripura ,Urban,Total,Marginal workers_Total_Females,383.0,DDW-1600B-03ST.xlsx,03ST
B0303ST,16,290,District - South Tripura ,Urban,Illiterate,Marginal workers_Total_Females,120.0,DDW-1600B-03ST.xlsx,03ST
B0303ST,16,290,District - South Tripura ,Urban,Literate,Marginal workers_Total_Females,263.0,DDW-1600B-03ST.xlsx,03ST
B0303ST,16,290,District - South Tripura ,Urban,Literate but below matric/secondary,Marginal workers_Total_Females,218.0,DDW-1600B-03ST.xlsx,03ST
B0303ST,16,290,District - South Tripura ,Urban,Matric/secondary but below graduate,Marginal workers_Total_Females,11.0,DDW-1600B-03ST.xlsx,03ST
B0303ST,16,290,District - South Tripura ,Urban,Technical diploma or certificate not equal to degree,Marginal workers_Total_Females,0.0,DDW-1600B-03ST.xlsx,03ST
B0303ST,16,290,District - South Tripura ,Urban,Graduate and above other than technical degree,Marginal workers_Total_Females,1.0,DDW-1600B-03ST.xlsx,03ST
B0303ST,16,290,District - South Tripura ,Urban,Technical degree or diploma equal to degree or post-graduate degree,Marginal workers_Total_Females,0.0,DDW-1600B-03ST.xlsx,03ST
B0303ST,16,291,District - Dhalai,Total,Total,Marginal workers_Total_Females,22579.0,DDW-1600B-03ST.xlsx,03ST
B0303ST,16,291,District - Dhalai,Total,Illiterate,Marginal workers_Total_Females,9247.0,DDW-1600B-03ST.xlsx,03ST
B0303ST,16,291,District - Dhalai,Total,Literate,Marginal workers_Total_Females,13332.0,DDW-1600B-03ST.xlsx,03ST
B0303ST,16,291,District - Dhalai,Total,Literate but below matric/secondary,Marginal workers_Total_Females,7966.0,DDW-1600B-03ST.xlsx,03ST
B0303ST,16,291,District - Dhalai,Total,Matric/secondary but below graduate,Marginal workers_Total_Females,521.0,DDW-1600B-03ST.xlsx,03ST
B0303ST,16,291,District - Dhalai,Total,Technical diploma or certificate not equal to degree,Marginal workers_Total_Females,0.0,DDW-1600B-03ST.xlsx,03ST
B0303ST,16,291,District - Dhalai,Total,Graduate and above other than technical degree,Marginal workers_Total_Females,31.0,DDW-1600B-03ST.xlsx,03ST
B0303ST,16,291,District - Dhalai,Total,Technical degree or diploma equal to degree or post-graduate degree,Marginal workers_Total_Females,1.0,DDW-1600B-03ST.xlsx,03ST
B0303ST,16,291,District - Dhalai,Rural,Total,Marginal workers_Total_Females,22497.0,DDW-1600B-03ST.xlsx,03ST
B0303ST,16,291,District - Dhalai,Rural,Illiterate,Marginal workers_Total_Females,9221.0,DDW-1600B-03ST.xlsx,03ST
B0303ST,16,291,District - Dhalai,Rural,Literate,Marginal workers_Total_Females,13276.0,DDW-1600B-03ST.xlsx,03ST
B0303ST,16,291,District - Dhalai,Rural,Literate but below matric/secondary,Marginal workers_Total_Females,7929.0,DDW-1600B-03ST.xlsx,03ST
B0303ST,16,291,District - Dhalai,Rural,Matric/secondary but below graduate,Marginal workers_Total_Females,513.0,DDW-1600B-03ST.xlsx,03ST
B0303ST,16,291,District - Dhalai,Rural,Technical diploma or certificate not equal to degree,Marginal workers_Total_Females,0.0,DDW-1600B-03ST.xlsx,03ST
B0303ST,16,291,District - Dhalai,Rural,Graduate and above other than technical degree,Marginal workers_Total_Females,31.0,DDW-1600B-03ST.xlsx,03ST
B0303ST,16,291,District - Dhalai,Rural,Technical degree or diploma equal to degree or post-graduate degree,Marginal workers_Total_Females,1.0,DDW-1600B-03ST.xlsx,03ST
B0303ST,16,291,District - Dhalai,Urban,Total,Marginal workers_Total_Females,82.0,DDW-1600B-03ST.xlsx,03ST
B0303ST,16,291,District - Dhalai,Urban,Illiterate,Marginal workers_Total_Females,26.0,DDW-1600B-03ST.xlsx,03ST
B0303ST,16,291,District - Dhalai,Urban,Literate,Marginal workers_Total_Females,56.0,DDW-1600B-03ST.xlsx,03ST
B0303ST,16,291,District - Dhalai,Urban,Literate but below matric/secondary,Marginal workers_Total_Females,37.0,DDW-1600B-03ST.xlsx,03ST
B0303ST,16,291,District - Dhalai,Urban,Matric/secondary but below graduate,Marginal workers_Total_Females,8.0,DDW-1600B-03ST.xlsx,03ST
B0303ST,16,291,District - Dhalai,Urban,Technical diploma or certificate not equal to degree,Marginal workers_Total_Females,0.0,DDW-1600B-03ST.xlsx,03ST
B0303ST,16,291,District - Dhalai,Urban,Graduate and above other than technical degree,Marginal workers_Total_Females,0.0,DDW-1600B-03ST.xlsx,03ST
B0303ST,16,291,District - Dhalai,Urban,Technical degree or diploma equal to degree or post-graduate degree,Marginal workers_Total_Females,0.0,DDW-1600B-03ST.xlsx,03ST
B0303ST,16,292,District - North Tripura,Total,Total,Marginal workers_Total_Females,14687.0,DDW-1600B-03ST.xlsx,03ST
B0303ST,16,292,District - North Tripura,Total,Illiterate,Marginal workers_Total_Females,5365.0,DDW-1600B-03ST.xlsx,03ST
B0303ST,16,292,District - North Tripura,Total,Literate,Marginal workers_Total_Females,9322.0,DDW-1600B-03ST.xlsx,03ST
B0303ST,16,292,District - North Tripura,Total,Literate but below matric/secondary,Marginal workers_Total_Females,7367.0,DDW-1600B-03ST.xlsx,03ST
B0303ST,16,292,District - North Tripura,Total,Matric/secondary but below graduate,Marginal workers_Total_Females,451.0,DDW-1600B-03ST.xlsx,03ST
B0303ST,16,292,District - North Tripura,Total,Technical diploma or certificate not equal to degree,Marginal workers_Total_Females,10.0,DDW-1600B-03ST.xlsx,03ST
B0303ST,16,292,District - North Tripura,Total,Graduate and above other than technical degree,Marginal workers_Total_Females,35.0,DDW-1600B-03ST.xlsx,03ST
B0303ST,16,292,District - North Tripura,Total,Technical degree or diploma equal to degree or post-graduate degree,Marginal workers_Total_Females,0.0,DDW-1600B-03ST.xlsx,03ST
B0303ST,16,292,District - North Tripura,Rural,Total,Marginal workers_Total_Females,14361.0,DDW-1600B-03ST.xlsx,03ST
B0303ST,16,292,District - North Tripura,Rural,Illiterate,Marginal workers_Total_Females,5275.0,DDW-1600B-03ST.xlsx,03ST
B0303ST,16,292,District - North Tripura,Rural,Literate,Marginal workers_Total_Females,9086.0,DDW-1600B-03ST.xlsx,03ST
B0303ST,16,292,District - North Tripura,Rural,Literate but below matric/secondary,Marginal workers_Total_Females,7194.0,DDW-1600B-03ST.xlsx,03ST
B0303ST,16,292,District - North Tripura,Rural,Matric/secondary but below graduate,Marginal workers_Total_Females,423.0,DDW-1600B-03ST.xlsx,03ST
B0303ST,16,292,District - North Tripura,Rural,Technical diploma or certificate not equal to degree,Marginal workers_Total_Females,10.0,DDW-1600B-03ST.xlsx,03ST
B0303ST,16,292,District - North Tripura,Rural,Graduate and above other than technical degree,Marginal workers_Total_Females,33.0,DDW-1600B-03ST.xlsx,03ST
B0303ST,16,292,District - North Tripura,Rural,Technical degree or diploma equal to degree or post-graduate degree,Marginal workers_Total_Females,0.0,DDW-1600B-03ST.xlsx,03ST
B0303ST,16,292,District - North Tripura,Urban,Total,Marginal workers_Total_Females,326.0,DDW-1600B-03ST.xlsx,03ST
B0303ST,16,292,District - North Tripura,Urban,Illiterate,Marginal workers_Total_Females,90.0,DDW-1600B-03ST.xlsx,03ST
B0303ST,16,292,District - North Tripura,Urban,Literate,Marginal workers_Total_Females,236.0,DDW-1600B-03ST.xlsx,03ST
B0303ST,16,292,District - North Tripura,Urban,Literate but below matric/secondary,Marginal workers_Total_Females,173.0,DDW-1600B-03ST.xlsx,03ST
B0303ST,16,292,District - North Tripura,Urban,Matric/secondary but below graduate,Marginal workers_Total_Females,28.0,DDW-1600B-03ST.xlsx,03ST
B0303ST,16,292,District - North Tripura,Urban,Technical diploma or certificate not equal to degree,Marginal workers_Total_Females,0.0,DDW-1600B-03ST.xlsx,03ST
B0303ST,16,292,District - North Tripura,Urban,Graduate and above other than technical degree,Marginal workers_Total_Females,2.0,DDW-1600B-03ST.xlsx,03ST
B0303ST,16,292,District - North Tripura,Urban,Technical degree or diploma equal to degree or post-graduate degree,Marginal workers_Total_Females,0.0,DDW-1600B-03ST.xlsx,03ST
B0303ST,16,000,State - TRIPURA,Total,Total,Marginal workers_Seeking/available for work_Persons,122850.0,DDW-1600B-03ST.xlsx,03ST
B0303ST,16,000,State - TRIPURA,Total,Illiterate,Marginal workers_Seeking/available for work_Persons,35073.0,DDW-1600B-03ST.xlsx,03ST
B0303ST,16,000,State - TRIPURA,Total,Literate,Marginal workers_Seeking/available for work_Persons,87777.0,DDW-1600B-03ST.xlsx,03ST
B0303ST,16,000,State - TRIPURA,Total,Literate but below matric/secondary,Marginal workers_Seeking/available for work_Persons,64269.0,DDW-1600B-03ST.xlsx,03ST
B0303ST,16,000,State - TRIPURA,Total,Matric/secondary but below graduate,Marginal workers_Seeking/available for work_Persons,10764.0,DDW-1600B-03ST.xlsx,03ST
B0303ST,16,000,State - TRIPURA,Total,Technical diploma or certificate not equal to degree,Marginal workers_Seeking/available for work_Persons,28.0,DDW-1600B-03ST.xlsx,03ST
B0303ST,16,000,State - TRIPURA,Total,Graduate and above other than technical degree,Marginal workers_Seeking/available for work_Persons,510.0,DDW-1600B-03ST.xlsx,03ST
B0303ST,16,000,State - TRIPURA,Total,Technical degree or diploma equal to degree or post-graduate degree,Marginal workers_Seeking/available for work_Persons,18.0,DDW-1600B-03ST.xlsx,03ST
B0303ST,16,000,State - TRIPURA,Rural,Total,Marginal workers_Seeking/available for work_Persons,121195.0,DDW-1600B-03ST.xlsx,03ST
B0303ST,16,000,State - TRIPURA,Rural,Illiterate,Marginal workers_Seeking/available for work_Persons,34780.0,DDW-1600B-03ST.xlsx,03ST
B0303ST,16,000,State - TRIPURA,Rural,Literate,Marginal workers_Seeking/available for work_Persons,86415.0,DDW-1600B-03ST.xlsx,03ST
B0303ST,16,000,State - TRIPURA,Rural,Literate but below matric/secondary,Marginal workers_Seeking/available for work_Persons,63354.0,DDW-1600B-03ST.xlsx,03ST
B0303ST,16,000,State - TRIPURA,Rural,Matric/secondary but below graduate,Marginal workers_Seeking/available for work_Persons,10525.0,DDW-1600B-03ST.xlsx,03ST
B0303ST,16,000,State - TRIPURA,Rural,Technical diploma or certificate not equal to degree,Marginal workers_Seeking/available for work_Persons,23.0,DDW-1600B-03ST.xlsx,03ST
B0303ST,16,000,State - TRIPURA,Rural,Graduate and above other than technical degree,Marginal workers_Seeking/available for work_Persons,468.0,DDW-1600B-03ST.xlsx,03ST
B0303ST,16,000,State - TRIPURA,Rural,Technical degree or diploma equal to degree or post-graduate degree,Marginal workers_Seeking/available for work_Persons,16.0,DDW-1600B-03ST.xlsx,03ST
B0303ST,16,000,State - TRIPURA,Urban,Total,Marginal workers_Seeking/available for work_Persons,1655.0,DDW-1600B-03ST.xlsx,03ST
B0303ST,16,000,State - TRIPURA,Urban,Illiterate,Marginal workers_Seeking/available for work_Persons,293.0,DDW-1600B-03ST.xlsx,03ST
B0303ST,16,000,State - TRIPURA,Urban,Literate,Marginal workers_Seeking/available for work_Persons,1362.0,DDW-1600B-03ST.xlsx,03ST
B0303ST,16,000,State - TRIPURA,Urban,Literate but below matric/secondary,Marginal workers_Seeking/available for work_Persons,915.0,DDW-1600B-03ST.xlsx,03ST
B0303ST,16,000,State - TRIPURA,Urban,Matric/secondary but below graduate,Marginal workers_Seeking/available for work_Persons,239.0,DDW-1600B-03ST.xlsx,03ST
B0303ST,16,000,State - TRIPURA,Urban,Technical diploma or certificate not equal to degree,Marginal workers_Seeking/available for work_Persons,5.0,DDW-1600B-03ST.xlsx,03ST
B0303ST,16,000,State - TRIPURA,Urban,Graduate and above other than technical degree,Marginal workers_Seeking/available for work_Persons,42.0,DDW-1600B-03ST.xlsx,03ST
B0303ST,16,000,State - TRIPURA,Urban,Technical degree or diploma equal to degree or post-graduate degree,Marginal workers_Seeking/available for work_Persons,2.0,DDW-1600B-03ST.xlsx,03ST
B0303ST,16,289,District - West Tripura ,Total,Total,Marginal workers_Seeking/available for work_Persons,48947.0,DDW-1600B-03ST.xlsx,03ST
B0303ST,16,289,District - West Tripura ,Total,Illiterate,Marginal workers_Seeking/available for work_Persons,11485.0,DDW-1600B-03ST.xlsx,03ST
B0303ST,16,289,District - West Tripura ,Total,Literate,Marginal workers_Seeking/available for work_Persons,37462.0,DDW-1600B-03ST.xlsx,03ST
B0303ST,16,289,District - West Tripura ,Total,Literate but below matric/secondary,Marginal workers_Seeking/available for work_Persons,26735.0,DDW-1600B-03ST.xlsx,03ST
B0303ST,16,289,District - West Tripura ,Total,Matric/secondary but below graduate,Marginal workers_Seeking/available for work_Persons,6877.0,DDW-1600B-03ST.xlsx,03ST
B0303ST,16,289,District - West Tripura ,Total,Technical diploma or certificate not equal to degree,Marginal workers_Seeking/available for work_Persons,13.0,DDW-1600B-03ST.xlsx,03ST
B0303ST,16,289,District - West Tripura ,Total,Graduate and above other than technical degree,Marginal workers_Seeking/available for work_Persons,300.0,DDW-1600B-03ST.xlsx,03ST
B0303ST,16,289,District - West Tripura ,Total,Technical degree or diploma equal to degree or post-graduate degree,Marginal workers_Seeking/available for work_Persons,7.0,DDW-1600B-03ST.xlsx,03ST
B0303ST,16,289,District - West Tripura ,Rural,Total,Marginal workers_Seeking/available for work_Persons,48102.0,DDW-1600B-03ST.xlsx,03ST
B0303ST,16,289,District - West Tripura ,Rural,Illiterate,Marginal workers_Seeking/available for work_Persons,11388.0,DDW-1600B-03ST.xlsx,03ST
B0303ST,16,289,District - West Tripura ,Rural,Literate,Marginal workers_Seeking/available for work_Persons,36714.0,DDW-1600B-03ST.xlsx,03ST
B0303ST,16,289,District - West Tripura ,Rural,Literate but below matric/secondary,Marginal workers_Seeking/available for work_Persons,26286.0,DDW-1600B-03ST.xlsx,03ST
B0303ST,16,289,District - West Tripura ,Rural,Matric/secondary but below graduate,Marginal workers_Seeking/available for work_Persons,6710.0,DDW-1600B-03ST.xlsx,03ST
B0303ST,16,289,District - West Tripura ,Rural,Technical diploma or certificate not equal to degree,Marginal workers_Seeking/available for work_Persons,8.0,DDW-1600B-03ST.xlsx,03ST
B0303ST,16,289,District - West Tripura ,Rural,Graduate and above other than technical degree,Marginal workers_Seeking/available for work_Persons,264.0,DDW-1600B-03ST.xlsx,03ST
B0303ST,16,289,District - West Tripura ,Rural,Technical degree or diploma equal to degree or post-graduate degree,Marginal workers_Seeking/available for work_Persons,6.0,DDW-1600B-03ST.xlsx,03ST
B0303ST,16,289,District - West Tripura ,Urban,Total,Marginal workers_Seeking/available for work_Persons,845.0,DDW-1600B-03ST.xlsx,03ST
B0303ST,16,289,District - West Tripura ,Urban,Illiterate,Marginal workers_Seeking/available for work_Persons,97.0,DDW-1600B-03ST.xlsx,03ST
B0303ST,16,289,District - West Tripura ,Urban,Literate,Marginal workers_Seeking/available for work_Persons,748.0,DDW-1600B-03ST.xlsx,03ST
B0303ST,16,289,District - West Tripura ,Urban,Literate but below matric/secondary,Marginal workers_Seeking/available for work_Persons,449.0,DDW-1600B-03ST.xlsx,03ST
B0303ST,16,289,District - West Tripura ,Urban,Matric/secondary but below graduate,Marginal workers_Seeking/available for work_Persons,167.0,DDW-1600B-03ST.xlsx,03ST
B0303ST,16,289,District - West Tripura ,Urban,Technical diploma or certificate not equal to degree,Marginal workers_Seeking/available for work_Persons,5.0,DDW-1600B-03ST.xlsx,03ST
B0303ST,16,289,District - West Tripura ,Urban,Graduate and above other than technical degree,Marginal workers_Seeking/available for work_Persons,36.0,DDW-1600B-03ST.xlsx,03ST
B0303ST,16,289,District - West Tripura ,Urban,Technical degree or diploma equal to degree or post-graduate degree,Marginal workers_Seeking/available for work_Persons,1.0,DDW-1600B-03ST.xlsx,03ST
B0303ST,16,290,District - South Tripura ,Total,Total,Marginal workers_Seeking/available for work_Persons,35527.0,DDW-1600B-03ST.xlsx,03ST
B0303ST,16,290,District - South Tripura ,Total,Illiterate,Marginal workers_Seeking/available for work_Persons,12224.0,DDW-1600B-03ST.xlsx,03ST
B0303ST,16,290,District - South Tripura ,Total,Literate,Marginal workers_Seeking/available for work_Persons,23303.0,DDW-1600B-03ST.xlsx,03ST
B0303ST,16,290,District - South Tripura ,Total,Literate but below matric/secondary,Marginal workers_Seeking/available for work_Persons,18596.0,DDW-1600B-03ST.xlsx,03ST
B0303ST,16,290,District - South Tripura ,Total,Matric/secondary but below graduate,Marginal workers_Seeking/available for work_Persons,1984.0,DDW-1600B-03ST.xlsx,03ST
B0303ST,16,290,District - South Tripura ,Total,Technical diploma or certificate not equal to degree,Marginal workers_Seeking/available for work_Persons,6.0,DDW-1600B-03ST.xlsx,03ST
B0303ST,16,290,District - South Tripura ,Total,Graduate and above other than technical degree,Marginal workers_Seeking/available for work_Persons,125.0,DDW-1600B-03ST.xlsx,03ST
B0303ST,16,290,District - South Tripura ,Total,Technical degree or diploma equal to degree or post-graduate degree,Marginal workers_Seeking/available for work_Persons,6.0,DDW-1600B-03ST.xlsx,03ST
B0303ST,16,290,District - South Tripura ,Rural,Total,Marginal workers_Seeking/available for work_Persons,35216.0,DDW-1600B-03ST.xlsx,03ST
B0303ST,16,290,District - South Tripura ,Rural,Illiterate,Marginal workers_Seeking/available for work_Persons,12130.0,DDW-1600B-03ST.xlsx,03ST
B0303ST,16,290,District - South Tripura ,Rural,Literate,Marginal workers_Seeking/available for work_Persons,23086.0,DDW-1600B-03ST.xlsx,03ST
B0303ST,16,290,District - South Tripura ,Rural,Literate but below matric/secondary,Marginal workers_Seeking/available for work_Persons,18424.0,DDW-1600B-03ST.xlsx,03ST
B0303ST,16,290,District - South Tripura ,Rural,Matric/secondary but below graduate,Marginal workers_Seeking/available for work_Persons,1971.0,DDW-1600B-03ST.xlsx,03ST
B0303ST,16,290,District - South Tripura ,Rural,Technical diploma or certificate not equal to degree,Marginal workers_Seeking/available for work_Persons,6.0,DDW-1600B-03ST.xlsx,03ST
B0303ST,16,290,District - South Tripura ,Rural,Graduate and above other than technical degree,Marginal workers_Seeking/available for work_Persons,124.0,DDW-1600B-03ST.xlsx,03ST
B0303ST,16,290,District - South Tripura ,Rural,Technical degree or diploma equal to degree or post-graduate degree,Marginal workers_Seeking/available for work_Persons,6.0,DDW-1600B-03ST.xlsx,03ST
B0303ST,16,290,District - South Tripura ,Urban,Total,Marginal workers_Seeking/available for work_Persons,311.0,DDW-1600B-03ST.xlsx,03ST
B0303ST,16,290,District - South Tripura ,Urban,Illiterate,Marginal workers_Seeking/available for work_Persons,94.0,DDW-1600B-03ST.xlsx,03ST
B0303ST,16,290,District - South Tripura ,Urban,Literate,Marginal workers_Seeking/available for work_Persons,217.0,DDW-1600B-03ST.xlsx,03ST
B0303ST,16,290,District - South Tripura ,Urban,Literate but below matric/secondary,Marginal workers_Seeking/available for work_Persons,172.0,DDW-1600B-03ST.xlsx,03ST
B0303ST,16,290,District - South Tripura ,Urban,Matric/secondary but below graduate,Marginal workers_Seeking/available for work_Persons,13.0,DDW-1600B-03ST.xlsx,03ST
B0303ST,16,290,District - South Tripura ,Urban,Technical diploma or certificate not equal to degree,Marginal workers_Seeking/available for work_Persons,0.0,DDW-1600B-03ST.xlsx,03ST
B0303ST,16,290,District - South Tripura ,Urban,Graduate and above other than technical degree,Marginal workers_Seeking/available for work_Persons,1.0,DDW-1600B-03ST.xlsx,03ST
B0303ST,16,290,District - South Tripura ,Urban,Technical degree or diploma equal to degree or post-graduate degree,Marginal workers_Seeking/available for work_Persons,0.0,DDW-1600B-03ST.xlsx,03ST
B0303ST,16,291,District - Dhalai,Total,Total,Marginal workers_Seeking/available for work_Persons,22540.0,DDW-1600B-03ST.xlsx,03ST
B0303ST,16,291,District - Dhalai,Total,Illiterate,Marginal workers_Seeking/available for work_Persons,6615.0,DDW-1600B-03ST.xlsx,03ST
B0303ST,16,291,District - Dhalai,Total,Literate,Marginal workers_Seeking/available for work_Persons,15925.0,DDW-1600B-03ST.xlsx,03ST
B0303ST,16,291,District - Dhalai,Total,Literate but below matric/secondary,Marginal workers_Seeking/available for work_Persons,10138.0,DDW-1600B-03ST.xlsx,03ST
B0303ST,16,291,District - Dhalai,Total,Matric/secondary but below graduate,Marginal workers_Seeking/available for work_Persons,1056.0,DDW-1600B-03ST.xlsx,03ST
B0303ST,16,291,District - Dhalai,Total,Technical diploma or certificate not equal to degree,Marginal workers_Seeking/available for work_Persons,1.0,DDW-1600B-03ST.xlsx,03ST
B0303ST,16,291,District - Dhalai,Total,Graduate and above other than technical degree,Marginal workers_Seeking/available for work_Persons,35.0,DDW-1600B-03ST.xlsx,03ST
B0303ST,16,291,District - Dhalai,Total,Technical degree or diploma equal to degree or post-graduate degree,Marginal workers_Seeking/available for work_Persons,2.0,DDW-1600B-03ST.xlsx,03ST
B0303ST,16,291,District - Dhalai,Rural,Total,Marginal workers_Seeking/available for work_Persons,22476.0,DDW-1600B-03ST.xlsx,03ST
B0303ST,16,291,District - Dhalai,Rural,Illiterate,Marginal workers_Seeking/available for work_Persons,6600.0,DDW-1600B-03ST.xlsx,03ST
B0303ST,16,291,District - Dhalai,Rural,Literate,Marginal workers_Seeking/available for work_Persons,15876.0,DDW-1600B-03ST.xlsx,03ST
B0303ST,16,291,District - Dhalai,Rural,Literate but below matric/secondary,Marginal workers_Seeking/available for work_Persons,10106.0,DDW-1600B-03ST.xlsx,03ST
B0303ST,16,291,District - Dhalai,Rural,Matric/secondary but below graduate,Marginal workers_Seeking/available for work_Persons,1046.0,DDW-1600B-03ST.xlsx,03ST
B0303ST,16,291,District - Dhalai,Rural,Technical diploma or certificate not equal to degree,Marginal workers_Seeking/available for work_Persons,1.0,DDW-1600B-03ST.xlsx,03ST
B0303ST,16,291,District - Dhalai,Rural,Graduate and above other than technical degree,Marginal workers_Seeking/available for work_Persons,34.0,DDW-1600B-03ST.xlsx,03ST
B0303ST,16,291,District - Dhalai,Rural,Technical degree or diploma equal to degree or post-graduate degree,Marginal workers_Seeking/available for work_Persons,1.0,DDW-1600B-03ST.xlsx,03ST
B0303ST,16,291,District - Dhalai,Urban,Total,Marginal workers_Seeking/available for work_Persons,64.0,DDW-1600B-03ST.xlsx,03ST
B0303ST,16,291,District - Dhalai,Urban,Illiterate,Marginal workers_Seeking/available for work_Persons,15.0,DDW-1600B-03ST.xlsx,03ST
B0303ST,16,291,District - Dhalai,Urban,Literate,Marginal workers_Seeking/available for work_Persons,49.0,DDW-1600B-03ST.xlsx,03ST
B0303ST,16,291,District - Dhalai,Urban,Literate but below matric/secondary,Marginal workers_Seeking/available for work_Persons,32.0,DDW-1600B-03ST.xlsx,03ST
B0303ST,16,291,District - Dhalai,Urban,Matric/secondary but below graduate,Marginal workers_Seeking/available for work_Persons,10.0,DDW-1600B-03ST.xlsx,03ST
B0303ST,16,291,District - Dhalai,Urban,Technical diploma or certificate not equal to degree,Marginal workers_Seeking/available for work_Persons,0.0,DDW-1600B-03ST.xlsx,03ST
B0303ST,16,291,District - Dhalai,Urban,Graduate and above other than technical degree,Marginal workers_Seeking/available for work_Persons,1.0,DDW-1600B-03ST.xlsx,03ST
B0303ST,16,291,District - Dhalai,Urban,Technical degree or diploma equal to degree or post-graduate degree,Marginal workers_Seeking/available for work_Persons,1.0,DDW-1600B-03ST.xlsx,03ST
B0303ST,16,292,District - North Tripura,Total,Total,Marginal workers_Seeking/available for work_Persons,15836.0,DDW-1600B-03ST.xlsx,03ST
B0303ST,16,292,District - North Tripura,Total,Illiterate,Marginal workers_Seeking/available for work_Persons,4749.0,DDW-1600B-03ST.xlsx,03ST
B0303ST,16,292,District - North Tripura,Total,Literate,Marginal workers_Seeking/available for work_Persons,11087.0,DDW-1600B-03ST.xlsx,03ST
B0303ST,16,292,District - North Tripura,Total,Literate but below matric/secondary,Marginal workers_Seeking/available for work_Persons,8800.0,DDW-1600B-03ST.xlsx,03ST
B0303ST,16,292,District - North Tripura,Total,Matric/secondary but below graduate,Marginal workers_Seeking/available for work_Persons,847.0,DDW-1600B-03ST.xlsx,03ST
B0303ST,16,292,District - North Tripura,Total,Technical diploma or certificate not equal to degree,Marginal workers_Seeking/available for work_Persons,8.0,DDW-1600B-03ST.xlsx,03ST
B0303ST,16,292,District - North Tripura,Total,Graduate and above other than technical degree,Marginal workers_Seeking/available for work_Persons,50.0,DDW-1600B-03ST.xlsx,03ST
B0303ST,16,292,District - North Tripura,Total,Technical degree or diploma equal to degree or post-graduate degree,Marginal workers_Seeking/available for work_Persons,3.0,DDW-1600B-03ST.xlsx,03ST
B0303ST,16,292,District - North Tripura,Rural,Total,Marginal workers_Seeking/available for work_Persons,15401.0,DDW-1600B-03ST.xlsx,03ST
B0303ST,16,292,District - North Tripura,Rural,Illiterate,Marginal workers_Seeking/available for work_Persons,4662.0,DDW-1600B-03ST.xlsx,03ST
B0303ST,16,292,District - North Tripura,Rural,Literate,Marginal workers_Seeking/available for work_Persons,10739.0,DDW-1600B-03ST.xlsx,03ST
B0303ST,16,292,District - North Tripura,Rural,Literate but below matric/secondary,Marginal workers_Seeking/available for work_Persons,8538.0,DDW-1600B-03ST.xlsx,03ST
B0303ST,16,292,District - North Tripura,Rural,Matric/secondary but below graduate,Marginal workers_Seeking/available for work_Persons,798.0,DDW-1600B-03ST.xlsx,03ST
B0303ST,16,292,District - North Tripura,Rural,Technical diploma or certificate not equal to degree,Marginal workers_Seeking/available for work_Persons,8.0,DDW-1600B-03ST.xlsx,03ST
B0303ST,16,292,District - North Tripura,Rural,Graduate and above other than technical degree,Marginal workers_Seeking/available for work_Persons,46.0,DDW-1600B-03ST.xlsx,03ST
B0303ST,16,292,District - North Tripura,Rural,Technical degree or diploma equal to degree or post-graduate degree,Marginal workers_Seeking/available for work_Persons,3.0,DDW-1600B-03ST.xlsx,03ST
B0303ST,16,292,District - North Tripura,Urban,Total,Marginal workers_Seeking/available for work_Persons,435.0,DDW-1600B-03ST.xlsx,03ST
B0303ST,16,292,District - North Tripura,Urban,Illiterate,Marginal workers_Seeking/available for work_Persons,87.0,DDW-1600B-03ST.xlsx,03ST
B0303ST,16,292,District - North Tripura,Urban,Literate,Marginal workers_Seeking/available for work_Persons,348.0,DDW-1600B-03ST.xlsx,03ST
B0303ST,16,292,District - North Tripura,Urban,Literate but below matric/secondary,Marginal workers_Seeking/available for work_Persons,262.0,DDW-1600B-03ST.xlsx,03ST
B0303ST,16,292,District - North Tripura,Urban,Matric/secondary but below graduate,Marginal workers_Seeking/available for work_Persons,49.0,DDW-1600B-03ST.xlsx,03ST
B0303ST,16,292,District - North Tripura,Urban,Technical diploma or certificate not equal to degree,Marginal workers_Seeking/available for work_Persons,0.0,DDW-1600B-03ST.xlsx,03ST
B0303ST,16,292,District - North Tripura,Urban,Graduate and above other than technical degree,Marginal workers_Seeking/available for work_Persons,4.0,DDW-1600B-03ST.xlsx,03ST
B0303ST,16,292,District - North Tripura,Urban,Technical degree or diploma equal to degree or post-graduate degree,Marginal workers_Seeking/available for work_Persons,0.0,DDW-1600B-03ST.xlsx,03ST
B0303ST,16,000,State - TRIPURA,Total,Total,Marginal workers_Seeking/available for work_Males,42565.0,DDW-1600B-03ST.xlsx,03ST
B0303ST,16,000,State - TRIPURA,Total,Illiterate,Marginal workers_Seeking/available for work_Males,6245.0,DDW-1600B-03ST.xlsx,03ST
B0303ST,16,000,State - TRIPURA,Total,Literate,Marginal workers_Seeking/available for work_Males,36320.0,DDW-1600B-03ST.xlsx,03ST
B0303ST,16,000,State - TRIPURA,Total,Literate but below matric/secondary,Marginal workers_Seeking/available for work_Males,26241.0,DDW-1600B-03ST.xlsx,03ST
B0303ST,16,000,State - TRIPURA,Total,Matric/secondary but below graduate,Marginal workers_Seeking/available for work_Males,5898.0,DDW-1600B-03ST.xlsx,03ST
B0303ST,16,000,State - TRIPURA,Total,Technical diploma or certificate not equal to degree,Marginal workers_Seeking/available for work_Males,18.0,DDW-1600B-03ST.xlsx,03ST
B0303ST,16,000,State - TRIPURA,Total,Graduate and above other than technical degree,Marginal workers_Seeking/available for work_Males,338.0,DDW-1600B-03ST.xlsx,03ST
B0303ST,16,000,State - TRIPURA,Total,Technical degree or diploma equal to degree or post-graduate degree,Marginal workers_Seeking/available for work_Males,13.0,DDW-1600B-03ST.xlsx,03ST
B0303ST,16,000,State - TRIPURA,Rural,Total,Marginal workers_Seeking/available for work_Males,41844.0,DDW-1600B-03ST.xlsx,03ST
B0303ST,16,000,State - TRIPURA,Rural,Illiterate,Marginal workers_Seeking/available for work_Males,6186.0,DDW-1600B-03ST.xlsx,03ST
B0303ST,16,000,State - TRIPURA,Rural,Literate,Marginal workers_Seeking/available for work_Males,35658.0,DDW-1600B-03ST.xlsx,03ST
B0303ST,16,000,State - TRIPURA,Rural,Literate but below matric/secondary,Marginal workers_Seeking/available for work_Males,25797.0,DDW-1600B-03ST.xlsx,03ST
B0303ST,16,000,State - TRIPURA,Rural,Matric/secondary but below graduate,Marginal workers_Seeking/available for work_Males,5772.0,DDW-1600B-03ST.xlsx,03ST
B0303ST,16,000,State - TRIPURA,Rural,Technical diploma or certificate not equal to degree,Marginal workers_Seeking/available for work_Males,14.0,DDW-1600B-03ST.xlsx,03ST
B0303ST,16,000,State - TRIPURA,Rural,Graduate and above other than technical degree,Marginal workers_Seeking/available for work_Males,310.0,DDW-1600B-03ST.xlsx,03ST
B0303ST,16,000,State - TRIPURA,Rural,Technical degree or diploma equal to degree or post-graduate degree,Marginal workers_Seeking/available for work_Males,12.0,DDW-1600B-03ST.xlsx,03ST
B0303ST,16,000,State - TRIPURA,Urban,Total,Marginal workers_Seeking/available for work_Males,721.0,DDW-1600B-03ST.xlsx,03ST
B0303ST,16,000,State - TRIPURA,Urban,Illiterate,Marginal workers_Seeking/available for work_Males,59.0,DDW-1600B-03ST.xlsx,03ST
B0303ST,16,000,State - TRIPURA,Urban,Literate,Marginal workers_Seeking/available for work_Males,662.0,DDW-1600B-03ST.xlsx,03ST
B0303ST,16,000,State - TRIPURA,Urban,Literate but below matric/secondary,Marginal workers_Seeking/available for work_Males,444.0,DDW-1600B-03ST.xlsx,03ST
B0303ST,16,000,State - TRIPURA,Urban,Matric/secondary but below graduate,Marginal workers_Seeking/available for work_Males,126.0,DDW-1600B-03ST.xlsx,03ST
B0303ST,16,000,State - TRIPURA,Urban,Technical diploma or certificate not equal to degree,Marginal workers_Seeking/available for work_Males,4.0,DDW-1600B-03ST.xlsx,03ST
B0303ST,16,000,State - TRIPURA,Urban,Graduate and above other than technical degree,Marginal workers_Seeking/available for work_Males,28.0,DDW-1600B-03ST.xlsx,03ST
B0303ST,16,000,State - TRIPURA,Urban,Technical degree or diploma equal to degree or post-graduate degree,Marginal workers_Seeking/available for work_Males,1.0,DDW-1600B-03ST.xlsx,03ST
B0303ST,16,289,District - West Tripura ,Total,Total,Marginal workers_Seeking/available for work_Males,16637.0,DDW-1600B-03ST.xlsx,03ST
B0303ST,16,289,District - West Tripura ,Total,Illiterate,Marginal workers_Seeking/available for work_Males,1859.0,DDW-1600B-03ST.xlsx,03ST
B0303ST,16,289,District - West Tripura ,Total,Literate,Marginal workers_Seeking/available for work_Males,14778.0,DDW-1600B-03ST.xlsx,03ST
B0303ST,16,289,District - West Tripura ,Total,Literate but below matric/secondary,Marginal workers_Seeking/available for work_Males,9893.0,DDW-1600B-03ST.xlsx,03ST
B0303ST,16,289,District - West Tripura ,Total,Matric/secondary but below graduate,Marginal workers_Seeking/available for work_Males,3464.0,DDW-1600B-03ST.xlsx,03ST
B0303ST,16,289,District - West Tripura ,Total,Technical diploma or certificate not equal to degree,Marginal workers_Seeking/available for work_Males,12.0,DDW-1600B-03ST.xlsx,03ST
B0303ST,16,289,District - West Tripura ,Total,Graduate and above other than technical degree,Marginal workers_Seeking/available for work_Males,202.0,DDW-1600B-03ST.xlsx,03ST
B0303ST,16,289,District - West Tripura ,Total,Technical degree or diploma equal to degree or post-graduate degree,Marginal workers_Seeking/available for work_Males,5.0,DDW-1600B-03ST.xlsx,03ST
B0303ST,16,289,District - West Tripura ,Rural,Total,Marginal workers_Seeking/available for work_Males,16263.0,DDW-1600B-03ST.xlsx,03ST
B0303ST,16,289,District - West Tripura ,Rural,Illiterate,Marginal workers_Seeking/available for work_Males,1835.0,DDW-1600B-03ST.xlsx,03ST
B0303ST,16,289,District - West Tripura ,Rural,Literate,Marginal workers_Seeking/available for work_Males,14428.0,DDW-1600B-03ST.xlsx,03ST
B0303ST,16,289,District - West Tripura ,Rural,Literate but below matric/secondary,Marginal workers_Seeking/available for work_Males,9689.0,DDW-1600B-03ST.xlsx,03ST
B0303ST,16,289,District - West Tripura ,Rural,Matric/secondary but below graduate,Marginal workers_Seeking/available for work_Males,3383.0,DDW-1600B-03ST.xlsx,03ST
B0303ST,16,289,District - West Tripura ,Rural,Technical diploma or certificate not equal to degree,Marginal workers_Seeking/available for work_Males,8.0,DDW-1600B-03ST.xlsx,03ST
B0303ST,16,289,District - West Tripura ,Rural,Graduate and above other than technical degree,Marginal workers_Seeking/available for work_Males,178.0,DDW-1600B-03ST.xlsx,03ST
B0303ST,16,289,District - West Tripura ,Rural,Technical degree or diploma equal to degree or post-graduate degree,Marginal workers_Seeking/available for work_Males,5.0,DDW-1600B-03ST.xlsx,03ST
B0303ST,16,289,District - West Tripura ,Urban,Total,Marginal workers_Seeking/available for work_Males,374.0,DDW-1600B-03ST.xlsx,03ST
B0303ST,16,289,District - West Tripura ,Urban,Illiterate,Marginal workers_Seeking/available for work_Males,24.0,DDW-1600B-03ST.xlsx,03ST
B0303ST,16,289,District - West Tripura ,Urban,Literate,Marginal workers_Seeking/available for work_Males,350.0,DDW-1600B-03ST.xlsx,03ST
B0303ST,16,289,District - West Tripura ,Urban,Literate but below matric/secondary,Marginal workers_Seeking/available for work_Males,204.0,DDW-1600B-03ST.xlsx,03ST
B0303ST,16,289,District - West Tripura ,Urban,Matric/secondary but below graduate,Marginal workers_Seeking/available for work_Males,81.0,DDW-1600B-03ST.xlsx,03ST
B0303ST,16,289,District - West Tripura ,Urban,Technical diploma or certificate not equal to degree,Marginal workers_Seeking/available for work_Males,4.0,DDW-1600B-03ST.xlsx,03ST
B0303ST,16,289,District - West Tripura ,Urban,Graduate and above other than technical degree,Marginal workers_Seeking/available for work_Males,24.0,DDW-1600B-03ST.xlsx,03ST
B0303ST,16,289,District - West Tripura ,Urban,Technical degree or diploma equal to degree or post-graduate degree,Marginal workers_Seeking/available for work_Males,0.0,DDW-1600B-03ST.xlsx,03ST
B0303ST,16,290,District - South Tripura ,Total,Total,Marginal workers_Seeking/available for work_Males,11710.0,DDW-1600B-03ST.xlsx,03ST
B0303ST,16,290,District - South Tripura ,Total,Illiterate,Marginal workers_Seeking/available for work_Males,1997.0,DDW-1600B-03ST.xlsx,03ST
B0303ST,16,290,District - South Tripura ,Total,Literate,Marginal workers_Seeking/available for work_Males,9713.0,DDW-1600B-03ST.xlsx,03ST
B0303ST,16,290,District - South Tripura ,Total,Literate but below matric/secondary,Marginal workers_Seeking/available for work_Males,7606.0,DDW-1600B-03ST.xlsx,03ST
B0303ST,16,290,District - South Tripura ,Total,Matric/secondary but below graduate,Marginal workers_Seeking/available for work_Males,1217.0,DDW-1600B-03ST.xlsx,03ST
B0303ST,16,290,District - South Tripura ,Total,Technical diploma or certificate not equal to degree,Marginal workers_Seeking/available for work_Males,5.0,DDW-1600B-03ST.xlsx,03ST
B0303ST,16,290,District - South Tripura ,Total,Graduate and above other than technical degree,Marginal workers_Seeking/available for work_Males,85.0,DDW-1600B-03ST.xlsx,03ST
B0303ST,16,290,District - South Tripura ,Total,Technical degree or diploma equal to degree or post-graduate degree,Marginal workers_Seeking/available for work_Males,4.0,DDW-1600B-03ST.xlsx,03ST
B0303ST,16,290,District - South Tripura ,Rural,Total,Marginal workers_Seeking/available for work_Males,11610.0,DDW-1600B-03ST.xlsx,03ST
B0303ST,16,290,District - South Tripura ,Rural,Illiterate,Marginal workers_Seeking/available for work_Males,1986.0,DDW-1600B-03ST.xlsx,03ST
B0303ST,16,290,District - South Tripura ,Rural,Literate,Marginal workers_Seeking/available for work_Males,9624.0,DDW-1600B-03ST.xlsx,03ST
B0303ST,16,290,District - South Tripura ,Rural,Literate but below matric/secondary,Marginal workers_Seeking/available for work_Males,7533.0,DDW-1600B-03ST.xlsx,03ST
B0303ST,16,290,District - South Tripura ,Rural,Matric/secondary but below graduate,Marginal workers_Seeking/available for work_Males,1212.0,DDW-1600B-03ST.xlsx,03ST
B0303ST,16,290,District - South Tripura ,Rural,Technical diploma or certificate not equal to degree,Marginal workers_Seeking/available for work_Males,5.0,DDW-1600B-03ST.xlsx,03ST
B0303ST,16,290,District - South Tripura ,Rural,Graduate and above other than technical degree,Marginal workers_Seeking/available for work_Males,85.0,DDW-1600B-03ST.xlsx,03ST
B0303ST,16,290,District - South Tripura ,Rural,Technical degree or diploma equal to degree or post-graduate degree,Marginal workers_Seeking/available for work_Males,4.0,DDW-1600B-03ST.xlsx,03ST
B0303ST,16,290,District - South Tripura ,Urban,Total,Marginal workers_Seeking/available for work_Males,100.0,DDW-1600B-03ST.xlsx,03ST
B0303ST,16,290,District - South Tripura ,Urban,Illiterate,Marginal workers_Seeking/available for work_Males,11.0,DDW-1600B-03ST.xlsx,03ST
B0303ST,16,290,District - South Tripura ,Urban,Literate,Marginal workers_Seeking/available for work_Males,89.0,DDW-1600B-03ST.xlsx,03ST
B0303ST,16,290,District - South Tripura ,Urban,Literate but below matric/secondary,Marginal workers_Seeking/available for work_Males,73.0,DDW-1600B-03ST.xlsx,03ST
B0303ST,16,290,District - South Tripura ,Urban,Matric/secondary but below graduate,Marginal workers_Seeking/available for work_Males,5.0,DDW-1600B-03ST.xlsx,03ST
B0303ST,16,290,District - South Tripura ,Urban,Technical diploma or certificate not equal to degree,Marginal workers_Seeking/available for work_Males,0.0,DDW-1600B-03ST.xlsx,03ST
B0303ST,16,290,District - South Tripura ,Urban,Graduate and above other than technical degree,Marginal workers_Seeking/available for work_Males,0.0,DDW-1600B-03ST.xlsx,03ST
B0303ST,16,290,District - South Tripura ,Urban,Technical degree or diploma equal to degree or post-graduate degree,Marginal workers_Seeking/available for work_Males,0.0,DDW-1600B-03ST.xlsx,03ST
B0303ST,16,291,District - Dhalai,Total,Total,Marginal workers_Seeking/available for work_Males,7985.0,DDW-1600B-03ST.xlsx,03ST
B0303ST,16,291,District - Dhalai,Total,Illiterate,Marginal workers_Seeking/available for work_Males,1146.0,DDW-1600B-03ST.xlsx,03ST
B0303ST,16,291,District - Dhalai,Total,Literate,Marginal workers_Seeking/available for work_Males,6839.0,DDW-1600B-03ST.xlsx,03ST
B0303ST,16,291,District - Dhalai,Total,Literate but below matric/secondary,Marginal workers_Seeking/available for work_Males,4745.0,DDW-1600B-03ST.xlsx,03ST
B0303ST,16,291,District - Dhalai,Total,Matric/secondary but below graduate,Marginal workers_Seeking/available for work_Males,696.0,DDW-1600B-03ST.xlsx,03ST
B0303ST,16,291,District - Dhalai,Total,Technical diploma or certificate not equal to degree,Marginal workers_Seeking/available for work_Males,1.0,DDW-1600B-03ST.xlsx,03ST
B0303ST,16,291,District - Dhalai,Total,Graduate and above other than technical degree,Marginal workers_Seeking/available for work_Males,21.0,DDW-1600B-03ST.xlsx,03ST
B0303ST,16,291,District - Dhalai,Total,Technical degree or diploma equal to degree or post-graduate degree,Marginal workers_Seeking/available for work_Males,1.0,DDW-1600B-03ST.xlsx,03ST
B0303ST,16,291,District - Dhalai,Rural,Total,Marginal workers_Seeking/available for work_Males,7966.0,DDW-1600B-03ST.xlsx,03ST
B0303ST,16,291,District - Dhalai,Rural,Illiterate,Marginal workers_Seeking/available for work_Males,1145.0,DDW-1600B-03ST.xlsx,03ST
B0303ST,16,291,District - Dhalai,Rural,Literate,Marginal workers_Seeking/available for work_Males,6821.0,DDW-1600B-03ST.xlsx,03ST
B0303ST,16,291,District - Dhalai,Rural,Literate but below matric/secondary,Marginal workers_Seeking/available for work_Males,4735.0,DDW-1600B-03ST.xlsx,03ST
B0303ST,16,291,District - Dhalai,Rural,Matric/secondary but below graduate,Marginal workers_Seeking/available for work_Males,691.0,DDW-1600B-03ST.xlsx,03ST
B0303ST,16,291,District - Dhalai,Rural,Technical diploma or certificate not equal to degree,Marginal workers_Seeking/available for work_Males,1.0,DDW-1600B-03ST.xlsx,03ST
B0303ST,16,291,District - Dhalai,Rural,Graduate and above other than technical degree,Marginal workers_Seeking/available for work_Males,20.0,DDW-1600B-03ST.xlsx,03ST
B0303ST,16,291,District - Dhalai,Rural,Technical degree or diploma equal to degree or post-graduate degree,Marginal workers_Seeking/available for work_Males,0.0,DDW-1600B-03ST.xlsx,03ST
B0303ST,16,291,District - Dhalai,Urban,Total,Marginal workers_Seeking/available for work_Males,19.0,DDW-1600B-03ST.xlsx,03ST
B0303ST,16,291,District - Dhalai,Urban,Illiterate,Marginal workers_Seeking/available for work_Males,1.0,DDW-1600B-03ST.xlsx,03ST
B0303ST,16,291,District - Dhalai,Urban,Literate,Marginal workers_Seeking/available for work_Males,18.0,DDW-1600B-03ST.xlsx,03ST
B0303ST,16,291,District - Dhalai,Urban,Literate but below matric/secondary,Marginal workers_Seeking/available for work_Males,10.0,DDW-1600B-03ST.xlsx,03ST
B0303ST,16,291,District - Dhalai,Urban,Matric/secondary but below graduate,Marginal workers_Seeking/available for work_Males,5.0,DDW-1600B-03ST.xlsx,03ST
B0303ST,16,291,District - Dhalai,Urban,Technical diploma or certificate not equal to degree,Marginal workers_Seeking/available for work_Males,0.0,DDW-1600B-03ST.xlsx,03ST
B0303ST,16,291,District - Dhalai,Urban,Graduate and above other than technical degree,Marginal workers_Seeking/available for work_Males,1.0,DDW-1600B-03ST.xlsx,03ST
B0303ST,16,291,District - Dhalai,Urban,Technical degree or diploma equal to degree or post-graduate degree,Marginal workers_Seeking/available for work_Males,1.0,DDW-1600B-03ST.xlsx,03ST
B0303ST,16,292,District - North Tripura,Total,Total,Marginal workers_Seeking/available for work_Males,6233.0,DDW-1600B-03ST.xlsx,03ST
B0303ST,16,292,District - North Tripura,Total,Illiterate,Marginal workers_Seeking/available for work_Males,1243.0,DDW-1600B-03ST.xlsx,03ST
B0303ST,16,292,District - North Tripura,Total,Literate,Marginal workers_Seeking/available for work_Males,4990.0,DDW-1600B-03ST.xlsx,03ST
B0303ST,16,292,District - North Tripura,Total,Literate but below matric/secondary,Marginal workers_Seeking/available for work_Males,3997.0,DDW-1600B-03ST.xlsx,03ST
B0303ST,16,292,District - North Tripura,Total,Matric/secondary but below graduate,Marginal workers_Seeking/available for work_Males,521.0,DDW-1600B-03ST.xlsx,03ST
B0303ST,16,292,District - North Tripura,Total,Technical diploma or certificate not equal to degree,Marginal workers_Seeking/available for work_Males,0.0,DDW-1600B-03ST.xlsx,03ST
B0303ST,16,292,District - North Tripura,Total,Graduate and above other than technical degree,Marginal workers_Seeking/available for work_Males,30.0,DDW-1600B-03ST.xlsx,03ST
B0303ST,16,292,District - North Tripura,Total,Technical degree or diploma equal to degree or post-graduate degree,Marginal workers_Seeking/available for work_Males,3.0,DDW-1600B-03ST.xlsx,03ST
B0303ST,16,292,District - North Tripura,Rural,Total,Marginal workers_Seeking/available for work_Males,6005.0,DDW-1600B-03ST.xlsx,03ST
B0303ST,16,292,District - North Tripura,Rural,Illiterate,Marginal workers_Seeking/available for work_Males,1220.0,DDW-1600B-03ST.xlsx,03ST
B0303ST,16,292,District - North Tripura,Rural,Literate,Marginal workers_Seeking/available for work_Males,4785.0,DDW-1600B-03ST.xlsx,03ST
B0303ST,16,292,District - North Tripura,Rural,Literate but below matric/secondary,Marginal workers_Seeking/available for work_Males,3840.0,DDW-1600B-03ST.xlsx,03ST
B0303ST,16,292,District - North Tripura,Rural,Matric/secondary but below graduate,Marginal workers_Seeking/available for work_Males,486.0,DDW-1600B-03ST.xlsx,03ST
B0303ST,16,292,District - North Tripura,Rural,Technical diploma or certificate not equal to degree,Marginal workers_Seeking/available for work_Males,0.0,DDW-1600B-03ST.xlsx,03ST
B0303ST,16,292,District - North Tripura,Rural,Graduate and above other than technical degree,Marginal workers_Seeking/available for work_Males,27.0,DDW-1600B-03ST.xlsx,03ST
B0303ST,16,292,District - North Tripura,Rural,Technical degree or diploma equal to degree or post-graduate degree,Marginal workers_Seeking/available for work_Males,3.0,DDW-1600B-03ST.xlsx,03ST
B0303ST,16,292,District - North Tripura,Urban,Total,Marginal workers_Seeking/available for work_Males,228.0,DDW-1600B-03ST.xlsx,03ST
B0303ST,16,292,District - North Tripura,Urban,Illiterate,Marginal workers_Seeking/available for work_Males,23.0,DDW-1600B-03ST.xlsx,03ST
B0303ST,16,292,District - North Tripura,Urban,Literate,Marginal workers_Seeking/available for work_Males,205.0,DDW-1600B-03ST.xlsx,03ST
B0303ST,16,292,District - North Tripura,Urban,Literate but below matric/secondary,Marginal workers_Seeking/available for work_Males,157.0,DDW-1600B-03ST.xlsx,03ST
B0303ST,16,292,District - North Tripura,Urban,Matric/secondary but below graduate,Marginal workers_Seeking/available for work_Males,35.0,DDW-1600B-03ST.xlsx,03ST
B0303ST,16,292,District - North Tripura,Urban,Technical diploma or certificate not equal to degree,Marginal workers_Seeking/available for work_Males,0.0,DDW-1600B-03ST.xlsx,03ST
B0303ST,16,292,District - North Tripura,Urban,Graduate and above other than technical degree,Marginal workers_Seeking/available for work_Males,3.0,DDW-1600B-03ST.xlsx,03ST
B0303ST,16,292,District - North Tripura,Urban,Technical degree or diploma equal to degree or post-graduate degree,Marginal workers_Seeking/available for work_Males,0.0,DDW-1600B-03ST.xlsx,03ST
B0303ST,16,000,State - TRIPURA,Total,Total,Marginal workers_Seeking/available for work_Females,80285.0,DDW-1600B-03ST.xlsx,03ST
B0303ST,16,000,State - TRIPURA,Total,Illiterate,Marginal workers_Seeking/available for work_Females,28828.0,DDW-1600B-03ST.xlsx,03ST
B0303ST,16,000,State - TRIPURA,Total,Literate,Marginal workers_Seeking/available for work_Females,51457.0,DDW-1600B-03ST.xlsx,03ST
B0303ST,16,000,State - TRIPURA,Total,Literate but below matric/secondary,Marginal workers_Seeking/available for work_Females,38028.0,DDW-1600B-03ST.xlsx,03ST
B0303ST,16,000,State - TRIPURA,Total,Matric/secondary but below graduate,Marginal workers_Seeking/available for work_Females,4866.0,DDW-1600B-03ST.xlsx,03ST
B0303ST,16,000,State - TRIPURA,Total,Technical diploma or certificate not equal to degree,Marginal workers_Seeking/available for work_Females,10.0,DDW-1600B-03ST.xlsx,03ST
B0303ST,16,000,State - TRIPURA,Total,Graduate and above other than technical degree,Marginal workers_Seeking/available for work_Females,172.0,DDW-1600B-03ST.xlsx,03ST
B0303ST,16,000,State - TRIPURA,Total,Technical degree or diploma equal to degree or post-graduate degree,Marginal workers_Seeking/available for work_Females,5.0,DDW-1600B-03ST.xlsx,03ST
B0303ST,16,000,State - TRIPURA,Rural,Total,Marginal workers_Seeking/available for work_Females,79351.0,DDW-1600B-03ST.xlsx,03ST
B0303ST,16,000,State - TRIPURA,Rural,Illiterate,Marginal workers_Seeking/available for work_Females,28594.0,DDW-1600B-03ST.xlsx,03ST
B0303ST,16,000,State - TRIPURA,Rural,Literate,Marginal workers_Seeking/available for work_Females,50757.0,DDW-1600B-03ST.xlsx,03ST
B0303ST,16,000,State - TRIPURA,Rural,Literate but below matric/secondary,Marginal workers_Seeking/available for work_Females,37557.0,DDW-1600B-03ST.xlsx,03ST
B0303ST,16,000,State - TRIPURA,Rural,Matric/secondary but below graduate,Marginal workers_Seeking/available for work_Females,4753.0,DDW-1600B-03ST.xlsx,03ST
B0303ST,16,000,State - TRIPURA,Rural,Technical diploma or certificate not equal to degree,Marginal workers_Seeking/available for work_Females,9.0,DDW-1600B-03ST.xlsx,03ST
B0303ST,16,000,State - TRIPURA,Rural,Graduate and above other than technical degree,Marginal workers_Seeking/available for work_Females,158.0,DDW-1600B-03ST.xlsx,03ST
B0303ST,16,000,State - TRIPURA,Rural,Technical degree or diploma equal to degree or post-graduate degree,Marginal workers_Seeking/available for work_Females,4.0,DDW-1600B-03ST.xlsx,03ST
B0303ST,16,000,State - TRIPURA,Urban,Total,Marginal workers_Seeking/available for work_Females,934.0,DDW-1600B-03ST.xlsx,03ST
B0303ST,16,000,State - TRIPURA,Urban,Illiterate,Marginal workers_Seeking/available for work_Females,234.0,DDW-1600B-03ST.xlsx,03ST
B0303ST,16,000,State - TRIPURA,Urban,Literate,Marginal workers_Seeking/available for work_Females,700.0,DDW-1600B-03ST.xlsx,03ST
B0303ST,16,000,State - TRIPURA,Urban,Literate but below matric/secondary,Marginal workers_Seeking/available for work_Females,471.0,DDW-1600B-03ST.xlsx,03ST
B0303ST,16,000,State - TRIPURA,Urban,Matric/secondary but below graduate,Marginal workers_Seeking/available for work_Females,113.0,DDW-1600B-03ST.xlsx,03ST
B0303ST,16,000,State - TRIPURA,Urban,Technical diploma or certificate not equal to degree,Marginal workers_Seeking/available for work_Females,1.0,DDW-1600B-03ST.xlsx,03ST
B0303ST,16,000,State - TRIPURA,Urban,Graduate and above other than technical degree,Marginal workers_Seeking/available for work_Females,14.0,DDW-1600B-03ST.xlsx,03ST
B0303ST,16,000,State - TRIPURA,Urban,Technical degree or diploma equal to degree or post-graduate degree,Marginal workers_Seeking/available for work_Females,1.0,DDW-1600B-03ST.xlsx,03ST
B0303ST,16,289,District - West Tripura ,Total,Total,Marginal workers_Seeking/available for work_Females,32310.0,DDW-1600B-03ST.xlsx,03ST
B0303ST,16,289,District - West Tripura ,Total,Illiterate,Marginal workers_Seeking/available for work_Females,9626.0,DDW-1600B-03ST.xlsx,03ST
B0303ST,16,289,District - West Tripura ,Total,Literate,Marginal workers_Seeking/available for work_Females,22684.0,DDW-1600B-03ST.xlsx,03ST
B0303ST,16,289,District - West Tripura ,Total,Literate but below matric/secondary,Marginal workers_Seeking/available for work_Females,16842.0,DDW-1600B-03ST.xlsx,03ST
B0303ST,16,289,District - West Tripura ,Total,Matric/secondary but below graduate,Marginal workers_Seeking/available for work_Females,3413.0,DDW-1600B-03ST.xlsx,03ST
B0303ST,16,289,District - West Tripura ,Total,Technical diploma or certificate not equal to degree,Marginal workers_Seeking/available for work_Females,1.0,DDW-1600B-03ST.xlsx,03ST
B0303ST,16,289,District - West Tripura ,Total,Graduate and above other than technical degree,Marginal workers_Seeking/available for work_Females,98.0,DDW-1600B-03ST.xlsx,03ST
B0303ST,16,289,District - West Tripura ,Total,Technical degree or diploma equal to degree or post-graduate degree,Marginal workers_Seeking/available for work_Females,2.0,DDW-1600B-03ST.xlsx,03ST
B0303ST,16,289,District - West Tripura ,Rural,Total,Marginal workers_Seeking/available for work_Females,31839.0,DDW-1600B-03ST.xlsx,03ST
B0303ST,16,289,District - West Tripura ,Rural,Illiterate,Marginal workers_Seeking/available for work_Females,9553.0,DDW-1600B-03ST.xlsx,03ST
B0303ST,16,289,District - West Tripura ,Rural,Literate,Marginal workers_Seeking/available for work_Females,22286.0,DDW-1600B-03ST.xlsx,03ST
B0303ST,16,289,District - West Tripura ,Rural,Literate but below matric/secondary,Marginal workers_Seeking/available for work_Females,16597.0,DDW-1600B-03ST.xlsx,03ST
B0303ST,16,289,District - West Tripura ,Rural,Matric/secondary but below graduate,Marginal workers_Seeking/available for work_Females,3327.0,DDW-1600B-03ST.xlsx,03ST
B0303ST,16,289,District - West Tripura ,Rural,Technical diploma or certificate not equal to degree,Marginal workers_Seeking/available for work_Females,0.0,DDW-1600B-03ST.xlsx,03ST
B0303ST,16,289,District - West Tripura ,Rural,Graduate and above other than technical degree,Marginal workers_Seeking/available for work_Females,86.0,DDW-1600B-03ST.xlsx,03ST
B0303ST,16,289,District - West Tripura ,Rural,Technical degree or diploma equal to degree or post-graduate degree,Marginal workers_Seeking/available for work_Females,1.0,DDW-1600B-03ST.xlsx,03ST
B0303ST,16,289,District - West Tripura ,Urban,Total,Marginal workers_Seeking/available for work_Females,471.0,DDW-1600B-03ST.xlsx,03ST
B0303ST,16,289,District - West Tripura ,Urban,Illiterate,Marginal workers_Seeking/available for work_Females,73.0,DDW-1600B-03ST.xlsx,03ST
B0303ST,16,289,District - West Tripura ,Urban,Literate,Marginal workers_Seeking/available for work_Females,398.0,DDW-1600B-03ST.xlsx,03ST
B0303ST,16,289,District - West Tripura ,Urban,Literate but below matric/secondary,Marginal workers_Seeking/available for work_Females,245.0,DDW-1600B-03ST.xlsx,03ST
B0303ST,16,289,District - West Tripura ,Urban,Matric/secondary but below graduate,Marginal workers_Seeking/available for work_Females,86.0,DDW-1600B-03ST.xlsx,03ST
B0303ST,16,289,District - West Tripura ,Urban,Technical diploma or certificate not equal to degree,Marginal workers_Seeking/available for work_Females,1.0,DDW-1600B-03ST.xlsx,03ST
B0303ST,16,289,District - West Tripura ,Urban,Graduate and above other than technical degree,Marginal workers_Seeking/available for work_Females,12.0,DDW-1600B-03ST.xlsx,03ST
B0303ST,16,289,District - West Tripura ,Urban,Technical degree or diploma equal to degree or post-graduate degree,Marginal workers_Seeking/available for work_Females,1.0,DDW-1600B-03ST.xlsx,03ST
B0303ST,16,290,District - South Tripura ,Total,Total,Marginal workers_Seeking/available for work_Females,23817.0,DDW-1600B-03ST.xlsx,03ST
B0303ST,16,290,District - South Tripura ,Total,Illiterate,Marginal workers_Seeking/available for work_Females,10227.0,DDW-1600B-03ST.xlsx,03ST
B0303ST,16,290,District - South Tripura ,Total,Literate,Marginal workers_Seeking/available for work_Females,13590.0,DDW-1600B-03ST.xlsx,03ST
B0303ST,16,290,District - South Tripura ,Total,Literate but below matric/secondary,Marginal workers_Seeking/available for work_Females,10990.0,DDW-1600B-03ST.xlsx,03ST
B0303ST,16,290,District - South Tripura ,Total,Matric/secondary but below graduate,Marginal workers_Seeking/available for work_Females,767.0,DDW-1600B-03ST.xlsx,03ST
B0303ST,16,290,District - South Tripura ,Total,Technical diploma or certificate not equal to degree,Marginal workers_Seeking/available for work_Females,1.0,DDW-1600B-03ST.xlsx,03ST
B0303ST,16,290,District - South Tripura ,Total,Graduate and above other than technical degree,Marginal workers_Seeking/available for work_Females,40.0,DDW-1600B-03ST.xlsx,03ST
B0303ST,16,290,District - South Tripura ,Total,Technical degree or diploma equal to degree or post-graduate degree,Marginal workers_Seeking/available for work_Females,2.0,DDW-1600B-03ST.xlsx,03ST
B0303ST,16,290,District - South Tripura ,Rural,Total,Marginal workers_Seeking/available for work_Females,23606.0,DDW-1600B-03ST.xlsx,03ST
B0303ST,16,290,District - South Tripura ,Rural,Illiterate,Marginal workers_Seeking/available for work_Females,10144.0,DDW-1600B-03ST.xlsx,03ST
B0303ST,16,290,District - South Tripura ,Rural,Literate,Marginal workers_Seeking/available for work_Females,13462.0,DDW-1600B-03ST.xlsx,03ST
B0303ST,16,290,District - South Tripura ,Rural,Literate but below matric/secondary,Marginal workers_Seeking/available for work_Females,10891.0,DDW-1600B-03ST.xlsx,03ST
B0303ST,16,290,District - South Tripura ,Rural,Matric/secondary but below graduate,Marginal workers_Seeking/available for work_Females,759.0,DDW-1600B-03ST.xlsx,03ST
B0303ST,16,290,District - South Tripura ,Rural,Technical diploma or certificate not equal to degree,Marginal workers_Seeking/available for work_Females,1.0,DDW-1600B-03ST.xlsx,03ST
B0303ST,16,290,District - South Tripura ,Rural,Graduate and above other than technical degree,Marginal workers_Seeking/available for work_Females,39.0,DDW-1600B-03ST.xlsx,03ST
B0303ST,16,290,District - South Tripura ,Rural,Technical degree or diploma equal to degree or post-graduate degree,Marginal workers_Seeking/available for work_Females,2.0,DDW-1600B-03ST.xlsx,03ST
B0303ST,16,290,District - South Tripura ,Urban,Total,Marginal workers_Seeking/available for work_Females,211.0,DDW-1600B-03ST.xlsx,03ST
B0303ST,16,290,District - South Tripura ,Urban,Illiterate,Marginal workers_Seeking/available for work_Females,83.0,DDW-1600B-03ST.xlsx,03ST
B0303ST,16,290,District - South Tripura ,Urban,Literate,Marginal workers_Seeking/available for work_Females,128.0,DDW-1600B-03ST.xlsx,03ST
B0303ST,16,290,District - South Tripura ,Urban,Literate but below matric/secondary,Marginal workers_Seeking/available for work_Females,99.0,DDW-1600B-03ST.xlsx,03ST
B0303ST,16,290,District - South Tripura ,Urban,Matric/secondary but below graduate,Marginal workers_Seeking/available for work_Females,8.0,DDW-1600B-03ST.xlsx,03ST
B0303ST,16,290,District - South Tripura ,Urban,Technical diploma or certificate not equal to degree,Marginal workers_Seeking/available for work_Females,0.0,DDW-1600B-03ST.xlsx,03ST
B0303ST,16,290,District - South Tripura ,Urban,Graduate and above other than technical degree,Marginal workers_Seeking/available for work_Females,1.0,DDW-1600B-03ST.xlsx,03ST
B0303ST,16,290,District - South Tripura ,Urban,Technical degree or diploma equal to degree or post-graduate degree,Marginal workers_Seeking/available for work_Females,0.0,DDW-1600B-03ST.xlsx,03ST
B0303ST,16,291,District - Dhalai,Total,Total,Marginal workers_Seeking/available for work_Females,14555.0,DDW-1600B-03ST.xlsx,03ST
B0303ST,16,291,District - Dhalai,Total,Illiterate,Marginal workers_Seeking/available for work_Females,5469.0,DDW-1600B-03ST.xlsx,03ST
B0303ST,16,291,District - Dhalai,Total,Literate,Marginal workers_Seeking/available for work_Females,9086.0,DDW-1600B-03ST.xlsx,03ST
B0303ST,16,291,District - Dhalai,Total,Literate but below matric/secondary,Marginal workers_Seeking/available for work_Females,5393.0,DDW-1600B-03ST.xlsx,03ST
B0303ST,16,291,District - Dhalai,Total,Matric/secondary but below graduate,Marginal workers_Seeking/available for work_Females,360.0,DDW-1600B-03ST.xlsx,03ST
B0303ST,16,291,District - Dhalai,Total,Technical diploma or certificate not equal to degree,Marginal workers_Seeking/available for work_Females,0.0,DDW-1600B-03ST.xlsx,03ST
B0303ST,16,291,District - Dhalai,Total,Graduate and above other than technical degree,Marginal workers_Seeking/available for work_Females,14.0,DDW-1600B-03ST.xlsx,03ST
B0303ST,16,291,District - Dhalai,Total,Technical degree or diploma equal to degree or post-graduate degree,Marginal workers_Seeking/available for work_Females,1.0,DDW-1600B-03ST.xlsx,03ST
B0303ST,16,291,District - Dhalai,Rural,Total,Marginal workers_Seeking/available for work_Females,14510.0,DDW-1600B-03ST.xlsx,03ST
B0303ST,16,291,District - Dhalai,Rural,Illiterate,Marginal workers_Seeking/available for work_Females,5455.0,DDW-1600B-03ST.xlsx,03ST
B0303ST,16,291,District - Dhalai,Rural,Literate,Marginal workers_Seeking/available for work_Females,9055.0,DDW-1600B-03ST.xlsx,03ST
B0303ST,16,291,District - Dhalai,Rural,Literate but below matric/secondary,Marginal workers_Seeking/available for work_Females,5371.0,DDW-1600B-03ST.xlsx,03ST
B0303ST,16,291,District - Dhalai,Rural,Matric/secondary but below graduate,Marginal workers_Seeking/available for work_Females,355.0,DDW-1600B-03ST.xlsx,03ST
B0303ST,16,291,District - Dhalai,Rural,Technical diploma or certificate not equal to degree,Marginal workers_Seeking/available for work_Females,0.0,DDW-1600B-03ST.xlsx,03ST
B0303ST,16,291,District - Dhalai,Rural,Graduate and above other than technical degree,Marginal workers_Seeking/available for work_Females,14.0,DDW-1600B-03ST.xlsx,03ST
B0303ST,16,291,District - Dhalai,Rural,Technical degree or diploma equal to degree or post-graduate degree,Marginal workers_Seeking/available for work_Females,1.0,DDW-1600B-03ST.xlsx,03ST
B0303ST,16,291,District - Dhalai,Urban,Total,Marginal workers_Seeking/available for work_Females,45.0,DDW-1600B-03ST.xlsx,03ST
B0303ST,16,291,District - Dhalai,Urban,Illiterate,Marginal workers_Seeking/available for work_Females,14.0,DDW-1600B-03ST.xlsx,03ST
B0303ST,16,291,District - Dhalai,Urban,Literate,Marginal workers_Seeking/available for work_Females,31.0,DDW-1600B-03ST.xlsx,03ST
B0303ST,16,291,District - Dhalai,Urban,Literate but below matric/secondary,Marginal workers_Seeking/available for work_Females,22.0,DDW-1600B-03ST.xlsx,03ST
B0303ST,16,291,District - Dhalai,Urban,Matric/secondary but below graduate,Marginal workers_Seeking/available for work_Females,5.0,DDW-1600B-03ST.xlsx,03ST
B0303ST,16,291,District - Dhalai,Urban,Technical diploma or certificate not equal to degree,Marginal workers_Seeking/available for work_Females,0.0,DDW-1600B-03ST.xlsx,03ST
B0303ST,16,291,District - Dhalai,Urban,Graduate and above other than technical degree,Marginal workers_Seeking/available for work_Females,0.0,DDW-1600B-03ST.xlsx,03ST
B0303ST,16,291,District - Dhalai,Urban,Technical degree or diploma equal to degree or post-graduate degree,Marginal workers_Seeking/available for work_Females,0.0,DDW-1600B-03ST.xlsx,03ST
B0303ST,16,292,District - North Tripura,Total,Total,Marginal workers_Seeking/available for work_Females,9603.0,DDW-1600B-03ST.xlsx,03ST
B0303ST,16,292,District - North Tripura,Total,Illiterate,Marginal workers_Seeking/available for work_Females,3506.0,DDW-1600B-03ST.xlsx,03ST
B0303ST,16,292,District - North Tripura,Total,Literate,Marginal workers_Seeking/available for work_Females,6097.0,DDW-1600B-03ST.xlsx,03ST
B0303ST,16,292,District - North Tripura,Total,Literate but below matric/secondary,Marginal workers_Seeking/available for work_Females,4803.0,DDW-1600B-03ST.xlsx,03ST
B0303ST,16,292,District - North Tripura,Total,Matric/secondary but below graduate,Marginal workers_Seeking/available for work_Females,326.0,DDW-1600B-03ST.xlsx,03ST
B0303ST,16,292,District - North Tripura,Total,Technical diploma or certificate not equal to degree,Marginal workers_Seeking/available for work_Females,8.0,DDW-1600B-03ST.xlsx,03ST
B0303ST,16,292,District - North Tripura,Total,Graduate and above other than technical degree,Marginal workers_Seeking/available for work_Females,20.0,DDW-1600B-03ST.xlsx,03ST
B0303ST,16,292,District - North Tripura,Total,Technical degree or diploma equal to degree or post-graduate degree,Marginal workers_Seeking/available for work_Females,0.0,DDW-1600B-03ST.xlsx,03ST
B0303ST,16,292,District - North Tripura,Rural,Total,Marginal workers_Seeking/available for work_Females,9396.0,DDW-1600B-03ST.xlsx,03ST
B0303ST,16,292,District - North Tripura,Rural,Illiterate,Marginal workers_Seeking/available for work_Females,3442.0,DDW-1600B-03ST.xlsx,03ST
B0303ST,16,292,District - North Tripura,Rural,Literate,Marginal workers_Seeking/available for work_Females,5954.0,DDW-1600B-03ST.xlsx,03ST
B0303ST,16,292,District - North Tripura,Rural,Literate but below matric/secondary,Marginal workers_Seeking/available for work_Females,4698.0,DDW-1600B-03ST.xlsx,03ST
B0303ST,16,292,District - North Tripura,Rural,Matric/secondary but below graduate,Marginal workers_Seeking/available for work_Females,312.0,DDW-1600B-03ST.xlsx,03ST
B0303ST,16,292,District - North Tripura,Rural,Technical diploma or certificate not equal to degree,Marginal workers_Seeking/available for work_Females,8.0,DDW-1600B-03ST.xlsx,03ST
B0303ST,16,292,District - North Tripura,Rural,Graduate and above other than technical degree,Marginal workers_Seeking/available for work_Females,19.0,DDW-1600B-03ST.xlsx,03ST
B0303ST,16,292,District - North Tripura,Rural,Technical degree or diploma equal to degree or post-graduate degree,Marginal workers_Seeking/available for work_Females,0.0,DDW-1600B-03ST.xlsx,03ST
B0303ST,16,292,District - North Tripura,Urban,Total,Marginal workers_Seeking/available for work_Females,207.0,DDW-1600B-03ST.xlsx,03ST
B0303ST,16,292,District - North Tripura,Urban,Illiterate,Marginal workers_Seeking/available for work_Females,64.0,DDW-1600B-03ST.xlsx,03ST
B0303ST,16,292,District - North Tripura,Urban,Literate,Marginal workers_Seeking/available for work_Females,143.0,DDW-1600B-03ST.xlsx,03ST
B0303ST,16,292,District - North Tripura,Urban,Literate but below matric/secondary,Marginal workers_Seeking/available for work_Females,105.0,DDW-1600B-03ST.xlsx,03ST
B0303ST,16,292,District - North Tripura,Urban,Matric/secondary but below graduate,Marginal workers_Seeking/available for work_Females,14.0,DDW-1600B-03ST.xlsx,03ST
B0303ST,16,292,District - North Tripura,Urban,Technical diploma or certificate not equal to degree,Marginal workers_Seeking/available for work_Females,0.0,DDW-1600B-03ST.xlsx,03ST
B0303ST,16,292,District - North Tripura,Urban,Graduate and above other than technical degree,Marginal workers_Seeking/available for work_Females,1.0,DDW-1600B-03ST.xlsx,03ST
B0303ST,16,292,District - North Tripura,Urban,Technical degree or diploma equal to degree or post-graduate degree,Marginal workers_Seeking/available for work_Females,0.0,DDW-1600B-03ST.xlsx,03ST
B0303ST,16,000,State - TRIPURA,Total,Total,Non-workers_Total_Persons,656221.0,DDW-1600B-03ST.xlsx,03ST
B0303ST,16,000,State - TRIPURA,Total,Illiterate,Non-workers_Total_Persons,255981.0,DDW-1600B-03ST.xlsx,03ST
B0303ST,16,000,State - TRIPURA,Total,Literate,Non-workers_Total_Persons,400240.0,DDW-1600B-03ST.xlsx,03ST
B0303ST,16,000,State - TRIPURA,Total,Literate but below matric/secondary,Non-workers_Total_Persons,328154.0,DDW-1600B-03ST.xlsx,03ST
B0303ST,16,000,State - TRIPURA,Total,Matric/secondary but below graduate,Non-workers_Total_Persons,52006.0,DDW-1600B-03ST.xlsx,03ST
B0303ST,16,000,State - TRIPURA,Total,Technical diploma or certificate not equal to degree,Non-workers_Total_Persons,349.0,DDW-1600B-03ST.xlsx,03ST
B0303ST,16,000,State - TRIPURA,Total,Graduate and above other than technical degree,Non-workers_Total_Persons,3596.0,DDW-1600B-03ST.xlsx,03ST
B0303ST,16,000,State - TRIPURA,Total,Technical degree or diploma equal to degree or post-graduate degree,Non-workers_Total_Persons,440.0,DDW-1600B-03ST.xlsx,03ST
B0303ST,16,000,State - TRIPURA,Rural,Total,Non-workers_Total_Persons,624880.0,DDW-1600B-03ST.xlsx,03ST
B0303ST,16,000,State - TRIPURA,Rural,Illiterate,Non-workers_Total_Persons,249351.0,DDW-1600B-03ST.xlsx,03ST
B0303ST,16,000,State - TRIPURA,Rural,Literate,Non-workers_Total_Persons,375529.0,DDW-1600B-03ST.xlsx,03ST
B0303ST,16,000,State - TRIPURA,Rural,Literate but below matric/secondary,Non-workers_Total_Persons,311973.0,DDW-1600B-03ST.xlsx,03ST
B0303ST,16,000,State - TRIPURA,Rural,Matric/secondary but below graduate,Non-workers_Total_Persons,45550.0,DDW-1600B-03ST.xlsx,03ST
B0303ST,16,000,State - TRIPURA,Rural,Technical diploma or certificate not equal to degree,Non-workers_Total_Persons,201.0,DDW-1600B-03ST.xlsx,03ST
B0303ST,16,000,State - TRIPURA,Rural,Graduate and above other than technical degree,Non-workers_Total_Persons,2759.0,DDW-1600B-03ST.xlsx,03ST
B0303ST,16,000,State - TRIPURA,Rural,Technical degree or diploma equal to degree or post-graduate degree,Non-workers_Total_Persons,243.0,DDW-1600B-03ST.xlsx,03ST
B0303ST,16,000,State - TRIPURA,Urban,Total,Non-workers_Total_Persons,31341.0,DDW-1600B-03ST.xlsx,03ST
B0303ST,16,000,State - TRIPURA,Urban,Illiterate,Non-workers_Total_Persons,6630.0,DDW-1600B-03ST.xlsx,03ST
B0303ST,16,000,State - TRIPURA,Urban,Literate,Non-workers_Total_Persons,24711.0,DDW-1600B-03ST.xlsx,03ST
B0303ST,16,000,State - TRIPURA,Urban,Literate but below matric/secondary,Non-workers_Total_Persons,16181.0,DDW-1600B-03ST.xlsx,03ST
B0303ST,16,000,State - TRIPURA,Urban,Matric/secondary but below graduate,Non-workers_Total_Persons,6456.0,DDW-1600B-03ST.xlsx,03ST
B0303ST,16,000,State - TRIPURA,Urban,Technical diploma or certificate not equal to degree,Non-workers_Total_Persons,148.0,DDW-1600B-03ST.xlsx,03ST
B0303ST,16,000,State - TRIPURA,Urban,Graduate and above other than technical degree,Non-workers_Total_Persons,837.0,DDW-1600B-03ST.xlsx,03ST
B0303ST,16,000,State - TRIPURA,Urban,Technical degree or diploma equal to degree or post-graduate degree,Non-workers_Total_Persons,197.0,DDW-1600B-03ST.xlsx,03ST
B0303ST,16,289,District - West Tripura ,Total,Total,Non-workers_Total_Persons,233132.0,DDW-1600B-03ST.xlsx,03ST
B0303ST,16,289,District - West Tripura ,Total,Illiterate,Non-workers_Total_Persons,76093.0,DDW-1600B-03ST.xlsx,03ST
B0303ST,16,289,District - West Tripura ,Total,Literate,Non-workers_Total_Persons,157039.0,DDW-1600B-03ST.xlsx,03ST
B0303ST,16,289,District - West Tripura ,Total,Literate but below matric/secondary,Non-workers_Total_Persons,119027.0,DDW-1600B-03ST.xlsx,03ST
B0303ST,16,289,District - West Tripura ,Total,Matric/secondary but below graduate,Non-workers_Total_Persons,30128.0,DDW-1600B-03ST.xlsx,03ST
B0303ST,16,289,District - West Tripura ,Total,Technical diploma or certificate not equal to degree,Non-workers_Total_Persons,227.0,DDW-1600B-03ST.xlsx,03ST
B0303ST,16,289,District - West Tripura ,Total,Graduate and above other than technical degree,Non-workers_Total_Persons,2246.0,DDW-1600B-03ST.xlsx,03ST
B0303ST,16,289,District - West Tripura ,Total,Technical degree or diploma equal to degree or post-graduate degree,Non-workers_Total_Persons,287.0,DDW-1600B-03ST.xlsx,03ST
B0303ST,16,289,District - West Tripura ,Rural,Total,Non-workers_Total_Persons,214922.0,DDW-1600B-03ST.xlsx,03ST
B0303ST,16,289,District - West Tripura ,Rural,Illiterate,Non-workers_Total_Persons,73006.0,DDW-1600B-03ST.xlsx,03ST
B0303ST,16,289,District - West Tripura ,Rural,Literate,Non-workers_Total_Persons,141916.0,DDW-1600B-03ST.xlsx,03ST
B0303ST,16,289,District - West Tripura ,Rural,Literate but below matric/secondary,Non-workers_Total_Persons,110145.0,DDW-1600B-03ST.xlsx,03ST
B0303ST,16,289,District - West Tripura ,Rural,Matric/secondary but below graduate,Non-workers_Total_Persons,25396.0,DDW-1600B-03ST.xlsx,03ST
B0303ST,16,289,District - West Tripura ,Rural,Technical diploma or certificate not equal to degree,Non-workers_Total_Persons,111.0,DDW-1600B-03ST.xlsx,03ST
B0303ST,16,289,District - West Tripura ,Rural,Graduate and above other than technical degree,Non-workers_Total_Persons,1532.0,DDW-1600B-03ST.xlsx,03ST
B0303ST,16,289,District - West Tripura ,Rural,Technical degree or diploma equal to degree or post-graduate degree,Non-workers_Total_Persons,114.0,DDW-1600B-03ST.xlsx,03ST
B0303ST,16,289,District - West Tripura ,Urban,Total,Non-workers_Total_Persons,18210.0,DDW-1600B-03ST.xlsx,03ST
B0303ST,16,289,District - West Tripura ,Urban,Illiterate,Non-workers_Total_Persons,3087.0,DDW-1600B-03ST.xlsx,03ST
B0303ST,16,289,District - West Tripura ,Urban,Literate,Non-workers_Total_Persons,15123.0,DDW-1600B-03ST.xlsx,03ST
B0303ST,16,289,District - West Tripura ,Urban,Literate but below matric/secondary,Non-workers_Total_Persons,8882.0,DDW-1600B-03ST.xlsx,03ST
B0303ST,16,289,District - West Tripura ,Urban,Matric/secondary but below graduate,Non-workers_Total_Persons,4732.0,DDW-1600B-03ST.xlsx,03ST
B0303ST,16,289,District - West Tripura ,Urban,Technical diploma or certificate not equal to degree,Non-workers_Total_Persons,116.0,DDW-1600B-03ST.xlsx,03ST
B0303ST,16,289,District - West Tripura ,Urban,Graduate and above other than technical degree,Non-workers_Total_Persons,714.0,DDW-1600B-03ST.xlsx,03ST
B0303ST,16,289,District - West Tripura ,Urban,Technical degree or diploma equal to degree or post-graduate degree,Non-workers_Total_Persons,173.0,DDW-1600B-03ST.xlsx,03ST
B0303ST,16,290,District - South Tripura ,Total,Total,Non-workers_Total_Persons,190708.0,DDW-1600B-03ST.xlsx,03ST
B0303ST,16,290,District - South Tripura ,Total,Illiterate,Non-workers_Total_Persons,78062.0,DDW-1600B-03ST.xlsx,03ST
B0303ST,16,290,District - South Tripura ,Total,Literate,Non-workers_Total_Persons,112646.0,DDW-1600B-03ST.xlsx,03ST
B0303ST,16,290,District - South Tripura ,Total,Literate but below matric/secondary,Non-workers_Total_Persons,98474.0,DDW-1600B-03ST.xlsx,03ST
B0303ST,16,290,District - South Tripura ,Total,Matric/secondary but below graduate,Non-workers_Total_Persons,10230.0,DDW-1600B-03ST.xlsx,03ST
B0303ST,16,290,District - South Tripura ,Total,Technical diploma or certificate not equal to degree,Non-workers_Total_Persons,60.0,DDW-1600B-03ST.xlsx,03ST
B0303ST,16,290,District - South Tripura ,Total,Graduate and above other than technical degree,Non-workers_Total_Persons,637.0,DDW-1600B-03ST.xlsx,03ST
B0303ST,16,290,District - South Tripura ,Total,Technical degree or diploma equal to degree or post-graduate degree,Non-workers_Total_Persons,62.0,DDW-1600B-03ST.xlsx,03ST
B0303ST,16,290,District - South Tripura ,Rural,Total,Non-workers_Total_Persons,187081.0,DDW-1600B-03ST.xlsx,03ST
B0303ST,16,290,District - South Tripura ,Rural,Illiterate,Non-workers_Total_Persons,77063.0,DDW-1600B-03ST.xlsx,03ST
B0303ST,16,290,District - South Tripura ,Rural,Literate,Non-workers_Total_Persons,110018.0,DDW-1600B-03ST.xlsx,03ST
B0303ST,16,290,District - South Tripura ,Rural,Literate but below matric/secondary,Non-workers_Total_Persons,96328.0,DDW-1600B-03ST.xlsx,03ST
B0303ST,16,290,District - South Tripura ,Rural,Matric/secondary but below graduate,Non-workers_Total_Persons,9858.0,DDW-1600B-03ST.xlsx,03ST
B0303ST,16,290,District - South Tripura ,Rural,Technical diploma or certificate not equal to degree,Non-workers_Total_Persons,56.0,DDW-1600B-03ST.xlsx,03ST
B0303ST,16,290,District - South Tripura ,Rural,Graduate and above other than technical degree,Non-workers_Total_Persons,611.0,DDW-1600B-03ST.xlsx,03ST
B0303ST,16,290,District - South Tripura ,Rural,Technical degree or diploma equal to degree or post-graduate degree,Non-workers_Total_Persons,59.0,DDW-1600B-03ST.xlsx,03ST
B0303ST,16,290,District - South Tripura ,Urban,Total,Non-workers_Total_Persons,3627.0,DDW-1600B-03ST.xlsx,03ST
B0303ST,16,290,District - South Tripura ,Urban,Illiterate,Non-workers_Total_Persons,999.0,DDW-1600B-03ST.xlsx,03ST
B0303ST,16,290,District - South Tripura ,Urban,Literate,Non-workers_Total_Persons,2628.0,DDW-1600B-03ST.xlsx,03ST
B0303ST,16,290,District - South Tripura ,Urban,Literate but below matric/secondary,Non-workers_Total_Persons,2146.0,DDW-1600B-03ST.xlsx,03ST
B0303ST,16,290,District - South Tripura ,Urban,Matric/secondary but below graduate,Non-workers_Total_Persons,372.0,DDW-1600B-03ST.xlsx,03ST
B0303ST,16,290,District - South Tripura ,Urban,Technical diploma or certificate not equal to degree,Non-workers_Total_Persons,4.0,DDW-1600B-03ST.xlsx,03ST
B0303ST,16,290,District - South Tripura ,Urban,Graduate and above other than technical degree,Non-workers_Total_Persons,26.0,DDW-1600B-03ST.xlsx,03ST
B0303ST,16,290,District - South Tripura ,Urban,Technical degree or diploma equal to degree or post-graduate degree,Non-workers_Total_Persons,3.0,DDW-1600B-03ST.xlsx,03ST
B0303ST,16,291,District - Dhalai,Total,Total,Non-workers_Total_Persons,122348.0,DDW-1600B-03ST.xlsx,03ST
B0303ST,16,291,District - Dhalai,Total,Illiterate,Non-workers_Total_Persons,50795.0,DDW-1600B-03ST.xlsx,03ST
B0303ST,16,291,District - Dhalai,Total,Literate,Non-workers_Total_Persons,71553.0,DDW-1600B-03ST.xlsx,03ST
B0303ST,16,291,District - Dhalai,Total,Literate but below matric/secondary,Non-workers_Total_Persons,59989.0,DDW-1600B-03ST.xlsx,03ST
B0303ST,16,291,District - Dhalai,Total,Matric/secondary but below graduate,Non-workers_Total_Persons,6321.0,DDW-1600B-03ST.xlsx,03ST
B0303ST,16,291,District - Dhalai,Total,Technical diploma or certificate not equal to degree,Non-workers_Total_Persons,25.0,DDW-1600B-03ST.xlsx,03ST
B0303ST,16,291,District - Dhalai,Total,Graduate and above other than technical degree,Non-workers_Total_Persons,354.0,DDW-1600B-03ST.xlsx,03ST
B0303ST,16,291,District - Dhalai,Total,Technical degree or diploma equal to degree or post-graduate degree,Non-workers_Total_Persons,45.0,DDW-1600B-03ST.xlsx,03ST
B0303ST,16,291,District - Dhalai,Rural,Total,Non-workers_Total_Persons,118965.0,DDW-1600B-03ST.xlsx,03ST
B0303ST,16,291,District - Dhalai,Rural,Illiterate,Non-workers_Total_Persons,49856.0,DDW-1600B-03ST.xlsx,03ST
B0303ST,16,291,District - Dhalai,Rural,Literate,Non-workers_Total_Persons,69109.0,DDW-1600B-03ST.xlsx,03ST
B0303ST,16,291,District - Dhalai,Rural,Literate but below matric/secondary,Non-workers_Total_Persons,58260.0,DDW-1600B-03ST.xlsx,03ST
B0303ST,16,291,District - Dhalai,Rural,Matric/secondary but below graduate,Non-workers_Total_Persons,5812.0,DDW-1600B-03ST.xlsx,03ST
B0303ST,16,291,District - Dhalai,Rural,Technical diploma or certificate not equal to degree,Non-workers_Total_Persons,18.0,DDW-1600B-03ST.xlsx,03ST
B0303ST,16,291,District - Dhalai,Rural,Graduate and above other than technical degree,Non-workers_Total_Persons,321.0,DDW-1600B-03ST.xlsx,03ST
B0303ST,16,291,District - Dhalai,Rural,Technical degree or diploma equal to degree or post-graduate degree,Non-workers_Total_Persons,42.0,DDW-1600B-03ST.xlsx,03ST
B0303ST,16,291,District - Dhalai,Urban,Total,Non-workers_Total_Persons,3383.0,DDW-1600B-03ST.xlsx,03ST
B0303ST,16,291,District - Dhalai,Urban,Illiterate,Non-workers_Total_Persons,939.0,DDW-1600B-03ST.xlsx,03ST
B0303ST,16,291,District - Dhalai,Urban,Literate,Non-workers_Total_Persons,2444.0,DDW-1600B-03ST.xlsx,03ST
B0303ST,16,291,District - Dhalai,Urban,Literate but below matric/secondary,Non-workers_Total_Persons,1729.0,DDW-1600B-03ST.xlsx,03ST
B0303ST,16,291,District - Dhalai,Urban,Matric/secondary but below graduate,Non-workers_Total_Persons,509.0,DDW-1600B-03ST.xlsx,03ST
B0303ST,16,291,District - Dhalai,Urban,Technical diploma or certificate not equal to degree,Non-workers_Total_Persons,7.0,DDW-1600B-03ST.xlsx,03ST
B0303ST,16,291,District - Dhalai,Urban,Graduate and above other than technical degree,Non-workers_Total_Persons,33.0,DDW-1600B-03ST.xlsx,03ST
B0303ST,16,291,District - Dhalai,Urban,Technical degree or diploma equal to degree or post-graduate degree,Non-workers_Total_Persons,3.0,DDW-1600B-03ST.xlsx,03ST
B0303ST,16,292,District - North Tripura,Total,Total,Non-workers_Total_Persons,110033.0,DDW-1600B-03ST.xlsx,03ST
B0303ST,16,292,District - North Tripura,Total,Illiterate,Non-workers_Total_Persons,51031.0,DDW-1600B-03ST.xlsx,03ST
B0303ST,16,292,District - North Tripura,Total,Literate,Non-workers_Total_Persons,59002.0,DDW-1600B-03ST.xlsx,03ST
B0303ST,16,292,District - North Tripura,Total,Literate but below matric/secondary,Non-workers_Total_Persons,50664.0,DDW-1600B-03ST.xlsx,03ST
B0303ST,16,292,District - North Tripura,Total,Matric/secondary but below graduate,Non-workers_Total_Persons,5327.0,DDW-1600B-03ST.xlsx,03ST
B0303ST,16,292,District - North Tripura,Total,Technical diploma or certificate not equal to degree,Non-workers_Total_Persons,37.0,DDW-1600B-03ST.xlsx,03ST
B0303ST,16,292,District - North Tripura,Total,Graduate and above other than technical degree,Non-workers_Total_Persons,359.0,DDW-1600B-03ST.xlsx,03ST
B0303ST,16,292,District - North Tripura,Total,Technical degree or diploma equal to degree or post-graduate degree,Non-workers_Total_Persons,46.0,DDW-1600B-03ST.xlsx,03ST
B0303ST,16,292,District - North Tripura,Rural,Total,Non-workers_Total_Persons,103912.0,DDW-1600B-03ST.xlsx,03ST
B0303ST,16,292,District - North Tripura,Rural,Illiterate,Non-workers_Total_Persons,49426.0,DDW-1600B-03ST.xlsx,03ST
B0303ST,16,292,District - North Tripura,Rural,Literate,Non-workers_Total_Persons,54486.0,DDW-1600B-03ST.xlsx,03ST
B0303ST,16,292,District - North Tripura,Rural,Literate but below matric/secondary,Non-workers_Total_Persons,47240.0,DDW-1600B-03ST.xlsx,03ST
B0303ST,16,292,District - North Tripura,Rural,Matric/secondary but below graduate,Non-workers_Total_Persons,4484.0,DDW-1600B-03ST.xlsx,03ST
B0303ST,16,292,District - North Tripura,Rural,Technical diploma or certificate not equal to degree,Non-workers_Total_Persons,16.0,DDW-1600B-03ST.xlsx,03ST
B0303ST,16,292,District - North Tripura,Rural,Graduate and above other than technical degree,Non-workers_Total_Persons,295.0,DDW-1600B-03ST.xlsx,03ST
B0303ST,16,292,District - North Tripura,Rural,Technical degree or diploma equal to degree or post-graduate degree,Non-workers_Total_Persons,28.0,DDW-1600B-03ST.xlsx,03ST
B0303ST,16,292,District - North Tripura,Urban,Total,Non-workers_Total_Persons,6121.0,DDW-1600B-03ST.xlsx,03ST
B0303ST,16,292,District - North Tripura,Urban,Illiterate,Non-workers_Total_Persons,1605.0,DDW-1600B-03ST.xlsx,03ST
B0303ST,16,292,District - North Tripura,Urban,Literate,Non-workers_Total_Persons,4516.0,DDW-1600B-03ST.xlsx,03ST
B0303ST,16,292,District - North Tripura,Urban,Literate but below matric/secondary,Non-workers_Total_Persons,3424.0,DDW-1600B-03ST.xlsx,03ST
B0303ST,16,292,District - North Tripura,Urban,Matric/secondary but below graduate,Non-workers_Total_Persons,843.0,DDW-1600B-03ST.xlsx,03ST
B0303ST,16,292,District - North Tripura,Urban,Technical diploma or certificate not equal to degree,Non-workers_Total_Persons,21.0,DDW-1600B-03ST.xlsx,03ST
B0303ST,16,292,District - North Tripura,Urban,Graduate and above other than technical degree,Non-workers_Total_Persons,64.0,DDW-1600B-03ST.xlsx,03ST
B0303ST,16,292,District - North Tripura,Urban,Technical degree or diploma equal to degree or post-graduate degree,Non-workers_Total_Persons,18.0,DDW-1600B-03ST.xlsx,03ST
B0303ST,16,000,State - TRIPURA,Total,Total,Non-workers_Total_Males,286398.0,DDW-1600B-03ST.xlsx,03ST
B0303ST,16,000,State - TRIPURA,Total,Illiterate,Non-workers_Total_Males,108228.0,DDW-1600B-03ST.xlsx,03ST
B0303ST,16,000,State - TRIPURA,Total,Literate,Non-workers_Total_Males,178170.0,DDW-1600B-03ST.xlsx,03ST
B0303ST,16,000,State - TRIPURA,Total,Literate but below matric/secondary,Non-workers_Total_Males,146381.0,DDW-1600B-03ST.xlsx,03ST
B0303ST,16,000,State - TRIPURA,Total,Matric/secondary but below graduate,Non-workers_Total_Males,25266.0,DDW-1600B-03ST.xlsx,03ST
B0303ST,16,000,State - TRIPURA,Total,Technical diploma or certificate not equal to degree,Non-workers_Total_Males,230.0,DDW-1600B-03ST.xlsx,03ST
B0303ST,16,000,State - TRIPURA,Total,Graduate and above other than technical degree,Non-workers_Total_Males,1881.0,DDW-1600B-03ST.xlsx,03ST
B0303ST,16,000,State - TRIPURA,Total,Technical degree or diploma equal to degree or post-graduate degree,Non-workers_Total_Males,281.0,DDW-1600B-03ST.xlsx,03ST
B0303ST,16,000,State - TRIPURA,Rural,Total,Non-workers_Total_Males,274211.0,DDW-1600B-03ST.xlsx,03ST
B0303ST,16,000,State - TRIPURA,Rural,Illiterate,Non-workers_Total_Males,105385.0,DDW-1600B-03ST.xlsx,03ST
B0303ST,16,000,State - TRIPURA,Rural,Literate,Non-workers_Total_Males,168826.0,DDW-1600B-03ST.xlsx,03ST
B0303ST,16,000,State - TRIPURA,Rural,Literate but below matric/secondary,Non-workers_Total_Males,140441.0,DDW-1600B-03ST.xlsx,03ST
B0303ST,16,000,State - TRIPURA,Rural,Matric/secondary but below graduate,Non-workers_Total_Males,22665.0,DDW-1600B-03ST.xlsx,03ST
B0303ST,16,000,State - TRIPURA,Rural,Technical diploma or certificate not equal to degree,Non-workers_Total_Males,140.0,DDW-1600B-03ST.xlsx,03ST
B0303ST,16,000,State - TRIPURA,Rural,Graduate and above other than technical degree,Non-workers_Total_Males,1534.0,DDW-1600B-03ST.xlsx,03ST
B0303ST,16,000,State - TRIPURA,Rural,Technical degree or diploma equal to degree or post-graduate degree,Non-workers_Total_Males,166.0,DDW-1600B-03ST.xlsx,03ST
B0303ST,16,000,State - TRIPURA,Urban,Total,Non-workers_Total_Males,12187.0,DDW-1600B-03ST.xlsx,03ST
B0303ST,16,000,State - TRIPURA,Urban,Illiterate,Non-workers_Total_Males,2843.0,DDW-1600B-03ST.xlsx,03ST
B0303ST,16,000,State - TRIPURA,Urban,Literate,Non-workers_Total_Males,9344.0,DDW-1600B-03ST.xlsx,03ST
B0303ST,16,000,State - TRIPURA,Urban,Literate but below matric/secondary,Non-workers_Total_Males,5940.0,DDW-1600B-03ST.xlsx,03ST
B0303ST,16,000,State - TRIPURA,Urban,Matric/secondary but below graduate,Non-workers_Total_Males,2601.0,DDW-1600B-03ST.xlsx,03ST
B0303ST,16,000,State - TRIPURA,Urban,Technical diploma or certificate not equal to degree,Non-workers_Total_Males,90.0,DDW-1600B-03ST.xlsx,03ST
B0303ST,16,000,State - TRIPURA,Urban,Graduate and above other than technical degree,Non-workers_Total_Males,347.0,DDW-1600B-03ST.xlsx,03ST
B0303ST,16,000,State - TRIPURA,Urban,Technical degree or diploma equal to degree or post-graduate degree,Non-workers_Total_Males,115.0,DDW-1600B-03ST.xlsx,03ST
B0303ST,16,289,District - West Tripura ,Total,Total,Non-workers_Total_Males,99876.0,DDW-1600B-03ST.xlsx,03ST
B0303ST,16,289,District - West Tripura ,Total,Illiterate,Non-workers_Total_Males,31878.0,DDW-1600B-03ST.xlsx,03ST
B0303ST,16,289,District - West Tripura ,Total,Literate,Non-workers_Total_Males,67998.0,DDW-1600B-03ST.xlsx,03ST
B0303ST,16,289,District - West Tripura ,Total,Literate but below matric/secondary,Non-workers_Total_Males,50975.0,DDW-1600B-03ST.xlsx,03ST
B0303ST,16,289,District - West Tripura ,Total,Matric/secondary but below graduate,Non-workers_Total_Males,14085.0,DDW-1600B-03ST.xlsx,03ST
B0303ST,16,289,District - West Tripura ,Total,Technical diploma or certificate not equal to degree,Non-workers_Total_Males,146.0,DDW-1600B-03ST.xlsx,03ST
B0303ST,16,289,District - West Tripura ,Total,Graduate and above other than technical degree,Non-workers_Total_Males,1104.0,DDW-1600B-03ST.xlsx,03ST
B0303ST,16,289,District - West Tripura ,Total,Technical degree or diploma equal to degree or post-graduate degree,Non-workers_Total_Males,179.0,DDW-1600B-03ST.xlsx,03ST
B0303ST,16,289,District - West Tripura ,Rural,Total,Non-workers_Total_Males,93031.0,DDW-1600B-03ST.xlsx,03ST
B0303ST,16,289,District - West Tripura ,Rural,Illiterate,Non-workers_Total_Males,30503.0,DDW-1600B-03ST.xlsx,03ST
B0303ST,16,289,District - West Tripura ,Rural,Literate,Non-workers_Total_Males,62528.0,DDW-1600B-03ST.xlsx,03ST
B0303ST,16,289,District - West Tripura ,Rural,Literate but below matric/secondary,Non-workers_Total_Males,47959.0,DDW-1600B-03ST.xlsx,03ST
B0303ST,16,289,District - West Tripura ,Rural,Matric/secondary but below graduate,Non-workers_Total_Males,12235.0,DDW-1600B-03ST.xlsx,03ST
B0303ST,16,289,District - West Tripura ,Rural,Technical diploma or certificate not equal to degree,Non-workers_Total_Males,81.0,DDW-1600B-03ST.xlsx,03ST
B0303ST,16,289,District - West Tripura ,Rural,Graduate and above other than technical degree,Non-workers_Total_Males,816.0,DDW-1600B-03ST.xlsx,03ST
B0303ST,16,289,District - West Tripura ,Rural,Technical degree or diploma equal to degree or post-graduate degree,Non-workers_Total_Males,79.0,DDW-1600B-03ST.xlsx,03ST
B0303ST,16,289,District - West Tripura ,Urban,Total,Non-workers_Total_Males,6845.0,DDW-1600B-03ST.xlsx,03ST
B0303ST,16,289,District - West Tripura ,Urban,Illiterate,Non-workers_Total_Males,1375.0,DDW-1600B-03ST.xlsx,03ST
B0303ST,16,289,District - West Tripura ,Urban,Literate,Non-workers_Total_Males,5470.0,DDW-1600B-03ST.xlsx,03ST
B0303ST,16,289,District - West Tripura ,Urban,Literate but below matric/secondary,Non-workers_Total_Males,3016.0,DDW-1600B-03ST.xlsx,03ST
B0303ST,16,289,District - West Tripura ,Urban,Matric/secondary but below graduate,Non-workers_Total_Males,1850.0,DDW-1600B-03ST.xlsx,03ST
B0303ST,16,289,District - West Tripura ,Urban,Technical diploma or certificate not equal to degree,Non-workers_Total_Males,65.0,DDW-1600B-03ST.xlsx,03ST
B0303ST,16,289,District - West Tripura ,Urban,Graduate and above other than technical degree,Non-workers_Total_Males,288.0,DDW-1600B-03ST.xlsx,03ST
B0303ST,16,289,District - West Tripura ,Urban,Technical degree or diploma equal to degree or post-graduate degree,Non-workers_Total_Males,100.0,DDW-1600B-03ST.xlsx,03ST
B0303ST,16,290,District - South Tripura ,Total,Total,Non-workers_Total_Males,84555.0,DDW-1600B-03ST.xlsx,03ST
B0303ST,16,290,District - South Tripura ,Total,Illiterate,Non-workers_Total_Males,33270.0,DDW-1600B-03ST.xlsx,03ST
B0303ST,16,290,District - South Tripura ,Total,Literate,Non-workers_Total_Males,51285.0,DDW-1600B-03ST.xlsx,03ST
B0303ST,16,290,District - South Tripura ,Total,Literate but below matric/secondary,Non-workers_Total_Males,44579.0,DDW-1600B-03ST.xlsx,03ST
B0303ST,16,290,District - South Tripura ,Total,Matric/secondary but below graduate,Non-workers_Total_Males,5374.0,DDW-1600B-03ST.xlsx,03ST
B0303ST,16,290,District - South Tripura ,Total,Technical diploma or certificate not equal to degree,Non-workers_Total_Males,40.0,DDW-1600B-03ST.xlsx,03ST
B0303ST,16,290,District - South Tripura ,Total,Graduate and above other than technical degree,Non-workers_Total_Males,371.0,DDW-1600B-03ST.xlsx,03ST
B0303ST,16,290,District - South Tripura ,Total,Technical degree or diploma equal to degree or post-graduate degree,Non-workers_Total_Males,44.0,DDW-1600B-03ST.xlsx,03ST
B0303ST,16,290,District - South Tripura ,Rural,Total,Non-workers_Total_Males,83062.0,DDW-1600B-03ST.xlsx,03ST
B0303ST,16,290,District - South Tripura ,Rural,Illiterate,Non-workers_Total_Males,32844.0,DDW-1600B-03ST.xlsx,03ST
B0303ST,16,290,District - South Tripura ,Rural,Literate,Non-workers_Total_Males,50218.0,DDW-1600B-03ST.xlsx,03ST
B0303ST,16,290,District - South Tripura ,Rural,Literate but below matric/secondary,Non-workers_Total_Males,43703.0,DDW-1600B-03ST.xlsx,03ST
B0303ST,16,290,District - South Tripura ,Rural,Matric/secondary but below graduate,Non-workers_Total_Males,5218.0,DDW-1600B-03ST.xlsx,03ST
B0303ST,16,290,District - South Tripura ,Rural,Technical diploma or certificate not equal to degree,Non-workers_Total_Males,38.0,DDW-1600B-03ST.xlsx,03ST
B0303ST,16,290,District - South Tripura ,Rural,Graduate and above other than technical degree,Non-workers_Total_Males,362.0,DDW-1600B-03ST.xlsx,03ST
B0303ST,16,290,District - South Tripura ,Rural,Technical degree or diploma equal to degree or post-graduate degree,Non-workers_Total_Males,42.0,DDW-1600B-03ST.xlsx,03ST
B0303ST,16,290,District - South Tripura ,Urban,Total,Non-workers_Total_Males,1493.0,DDW-1600B-03ST.xlsx,03ST
B0303ST,16,290,District - South Tripura ,Urban,Illiterate,Non-workers_Total_Males,426.0,DDW-1600B-03ST.xlsx,03ST
B0303ST,16,290,District - South Tripura ,Urban,Literate,Non-workers_Total_Males,1067.0,DDW-1600B-03ST.xlsx,03ST
B0303ST,16,290,District - South Tripura ,Urban,Literate but below matric/secondary,Non-workers_Total_Males,876.0,DDW-1600B-03ST.xlsx,03ST
B0303ST,16,290,District - South Tripura ,Urban,Matric/secondary but below graduate,Non-workers_Total_Males,156.0,DDW-1600B-03ST.xlsx,03ST
B0303ST,16,290,District - South Tripura ,Urban,Technical diploma or certificate not equal to degree,Non-workers_Total_Males,2.0,DDW-1600B-03ST.xlsx,03ST
B0303ST,16,290,District - South Tripura ,Urban,Graduate and above other than technical degree,Non-workers_Total_Males,9.0,DDW-1600B-03ST.xlsx,03ST
B0303ST,16,290,District - South Tripura ,Urban,Technical degree or diploma equal to degree or post-graduate degree,Non-workers_Total_Males,2.0,DDW-1600B-03ST.xlsx,03ST
B0303ST,16,291,District - Dhalai,Total,Total,Non-workers_Total_Males,52997.0,DDW-1600B-03ST.xlsx,03ST
B0303ST,16,291,District - Dhalai,Total,Illiterate,Non-workers_Total_Males,21136.0,DDW-1600B-03ST.xlsx,03ST
B0303ST,16,291,District - Dhalai,Total,Literate,Non-workers_Total_Males,31861.0,DDW-1600B-03ST.xlsx,03ST
B0303ST,16,291,District - Dhalai,Total,Literate but below matric/secondary,Non-workers_Total_Males,27596.0,DDW-1600B-03ST.xlsx,03ST
B0303ST,16,291,District - Dhalai,Total,Matric/secondary but below graduate,Non-workers_Total_Males,3099.0,DDW-1600B-03ST.xlsx,03ST
B0303ST,16,291,District - Dhalai,Total,Technical diploma or certificate not equal to degree,Non-workers_Total_Males,20.0,DDW-1600B-03ST.xlsx,03ST
B0303ST,16,291,District - Dhalai,Total,Graduate and above other than technical degree,Non-workers_Total_Males,200.0,DDW-1600B-03ST.xlsx,03ST
B0303ST,16,291,District - Dhalai,Total,Technical degree or diploma equal to degree or post-graduate degree,Non-workers_Total_Males,30.0,DDW-1600B-03ST.xlsx,03ST
B0303ST,16,291,District - Dhalai,Rural,Total,Non-workers_Total_Males,51713.0,DDW-1600B-03ST.xlsx,03ST
B0303ST,16,291,District - Dhalai,Rural,Illiterate,Non-workers_Total_Males,20779.0,DDW-1600B-03ST.xlsx,03ST
B0303ST,16,291,District - Dhalai,Rural,Literate,Non-workers_Total_Males,30934.0,DDW-1600B-03ST.xlsx,03ST
B0303ST,16,291,District - Dhalai,Rural,Literate but below matric/secondary,Non-workers_Total_Males,26941.0,DDW-1600B-03ST.xlsx,03ST
B0303ST,16,291,District - Dhalai,Rural,Matric/secondary but below graduate,Non-workers_Total_Males,2894.0,DDW-1600B-03ST.xlsx,03ST
B0303ST,16,291,District - Dhalai,Rural,Technical diploma or certificate not equal to degree,Non-workers_Total_Males,15.0,DDW-1600B-03ST.xlsx,03ST
B0303ST,16,291,District - Dhalai,Rural,Graduate and above other than technical degree,Non-workers_Total_Males,180.0,DDW-1600B-03ST.xlsx,03ST
B0303ST,16,291,District - Dhalai,Rural,Technical degree or diploma equal to degree or post-graduate degree,Non-workers_Total_Males,28.0,DDW-1600B-03ST.xlsx,03ST
B0303ST,16,291,District - Dhalai,Urban,Total,Non-workers_Total_Males,1284.0,DDW-1600B-03ST.xlsx,03ST
B0303ST,16,291,District - Dhalai,Urban,Illiterate,Non-workers_Total_Males,357.0,DDW-1600B-03ST.xlsx,03ST
B0303ST,16,291,District - Dhalai,Urban,Literate,Non-workers_Total_Males,927.0,DDW-1600B-03ST.xlsx,03ST
B0303ST,16,291,District - Dhalai,Urban,Literate but below matric/secondary,Non-workers_Total_Males,655.0,DDW-1600B-03ST.xlsx,03ST
B0303ST,16,291,District - Dhalai,Urban,Matric/secondary but below graduate,Non-workers_Total_Males,205.0,DDW-1600B-03ST.xlsx,03ST
B0303ST,16,291,District - Dhalai,Urban,Technical diploma or certificate not equal to degree,Non-workers_Total_Males,5.0,DDW-1600B-03ST.xlsx,03ST
B0303ST,16,291,District - Dhalai,Urban,Graduate and above other than technical degree,Non-workers_Total_Males,20.0,DDW-1600B-03ST.xlsx,03ST
B0303ST,16,291,District - Dhalai,Urban,Technical degree or diploma equal to degree or post-graduate degree,Non-workers_Total_Males,2.0,DDW-1600B-03ST.xlsx,03ST
B0303ST,16,292,District - North Tripura,Total,Total,Non-workers_Total_Males,48970.0,DDW-1600B-03ST.xlsx,03ST
B0303ST,16,292,District - North Tripura,Total,Illiterate,Non-workers_Total_Males,21944.0,DDW-1600B-03ST.xlsx,03ST
B0303ST,16,292,District - North Tripura,Total,Literate,Non-workers_Total_Males,27026.0,DDW-1600B-03ST.xlsx,03ST
B0303ST,16,292,District - North Tripura,Total,Literate but below matric/secondary,Non-workers_Total_Males,23231.0,DDW-1600B-03ST.xlsx,03ST
B0303ST,16,292,District - North Tripura,Total,Matric/secondary but below graduate,Non-workers_Total_Males,2708.0,DDW-1600B-03ST.xlsx,03ST
B0303ST,16,292,District - North Tripura,Total,Technical diploma or certificate not equal to degree,Non-workers_Total_Males,24.0,DDW-1600B-03ST.xlsx,03ST
B0303ST,16,292,District - North Tripura,Total,Graduate and above other than technical degree,Non-workers_Total_Males,206.0,DDW-1600B-03ST.xlsx,03ST
B0303ST,16,292,District - North Tripura,Total,Technical degree or diploma equal to degree or post-graduate degree,Non-workers_Total_Males,28.0,DDW-1600B-03ST.xlsx,03ST
B0303ST,16,292,District - North Tripura,Rural,Total,Non-workers_Total_Males,46405.0,DDW-1600B-03ST.xlsx,03ST
B0303ST,16,292,District - North Tripura,Rural,Illiterate,Non-workers_Total_Males,21259.0,DDW-1600B-03ST.xlsx,03ST
B0303ST,16,292,District - North Tripura,Rural,Literate,Non-workers_Total_Males,25146.0,DDW-1600B-03ST.xlsx,03ST
B0303ST,16,292,District - North Tripura,Rural,Literate but below matric/secondary,Non-workers_Total_Males,21838.0,DDW-1600B-03ST.xlsx,03ST
B0303ST,16,292,District - North Tripura,Rural,Matric/secondary but below graduate,Non-workers_Total_Males,2318.0,DDW-1600B-03ST.xlsx,03ST
B0303ST,16,292,District - North Tripura,Rural,Technical diploma or certificate not equal to degree,Non-workers_Total_Males,6.0,DDW-1600B-03ST.xlsx,03ST
B0303ST,16,292,District - North Tripura,Rural,Graduate and above other than technical degree,Non-workers_Total_Males,176.0,DDW-1600B-03ST.xlsx,03ST
B0303ST,16,292,District - North Tripura,Rural,Technical degree or diploma equal to degree or post-graduate degree,Non-workers_Total_Males,17.0,DDW-1600B-03ST.xlsx,03ST
B0303ST,16,292,District - North Tripura,Urban,Total,Non-workers_Total_Males,2565.0,DDW-1600B-03ST.xlsx,03ST
B0303ST,16,292,District - North Tripura,Urban,Illiterate,Non-workers_Total_Males,685.0,DDW-1600B-03ST.xlsx,03ST
B0303ST,16,292,District - North Tripura,Urban,Literate,Non-workers_Total_Males,1880.0,DDW-1600B-03ST.xlsx,03ST
B0303ST,16,292,District - North Tripura,Urban,Literate but below matric/secondary,Non-workers_Total_Males,1393.0,DDW-1600B-03ST.xlsx,03ST
B0303ST,16,292,District - North Tripura,Urban,Matric/secondary but below graduate,Non-workers_Total_Males,390.0,DDW-1600B-03ST.xlsx,03ST
B0303ST,16,292,District - North Tripura,Urban,Technical diploma or certificate not equal to degree,Non-workers_Total_Males,18.0,DDW-1600B-03ST.xlsx,03ST
B0303ST,16,292,District - North Tripura,Urban,Graduate and above other than technical degree,Non-workers_Total_Males,30.0,DDW-1600B-03ST.xlsx,03ST
B0303ST,16,292,District - North Tripura,Urban,Technical degree or diploma equal to degree or post-graduate degree,Non-workers_Total_Males,11.0,DDW-1600B-03ST.xlsx,03ST
B0303ST,16,000,State - TRIPURA,Total,Total,Non-workers_Total_Females,369823.0,DDW-1600B-03ST.xlsx,03ST
B0303ST,16,000,State - TRIPURA,Total,Illiterate,Non-workers_Total_Females,147753.0,DDW-1600B-03ST.xlsx,03ST
B0303ST,16,000,State - TRIPURA,Total,Literate,Non-workers_Total_Females,222070.0,DDW-1600B-03ST.xlsx,03ST
B0303ST,16,000,State - TRIPURA,Total,Literate but below matric/secondary,Non-workers_Total_Females,181773.0,DDW-1600B-03ST.xlsx,03ST
B0303ST,16,000,State - TRIPURA,Total,Matric/secondary but below graduate,Non-workers_Total_Females,26740.0,DDW-1600B-03ST.xlsx,03ST
B0303ST,16,000,State - TRIPURA,Total,Technical diploma or certificate not equal to degree,Non-workers_Total_Females,119.0,DDW-1600B-03ST.xlsx,03ST
B0303ST,16,000,State - TRIPURA,Total,Graduate and above other than technical degree,Non-workers_Total_Females,1715.0,DDW-1600B-03ST.xlsx,03ST
B0303ST,16,000,State - TRIPURA,Total,Technical degree or diploma equal to degree or post-graduate degree,Non-workers_Total_Females,159.0,DDW-1600B-03ST.xlsx,03ST
B0303ST,16,000,State - TRIPURA,Rural,Total,Non-workers_Total_Females,350669.0,DDW-1600B-03ST.xlsx,03ST
B0303ST,16,000,State - TRIPURA,Rural,Illiterate,Non-workers_Total_Females,143966.0,DDW-1600B-03ST.xlsx,03ST
B0303ST,16,000,State - TRIPURA,Rural,Literate,Non-workers_Total_Females,206703.0,DDW-1600B-03ST.xlsx,03ST
B0303ST,16,000,State - TRIPURA,Rural,Literate but below matric/secondary,Non-workers_Total_Females,171532.0,DDW-1600B-03ST.xlsx,03ST
B0303ST,16,000,State - TRIPURA,Rural,Matric/secondary but below graduate,Non-workers_Total_Females,22885.0,DDW-1600B-03ST.xlsx,03ST
B0303ST,16,000,State - TRIPURA,Rural,Technical diploma or certificate not equal to degree,Non-workers_Total_Females,61.0,DDW-1600B-03ST.xlsx,03ST
B0303ST,16,000,State - TRIPURA,Rural,Graduate and above other than technical degree,Non-workers_Total_Females,1225.0,DDW-1600B-03ST.xlsx,03ST
B0303ST,16,000,State - TRIPURA,Rural,Technical degree or diploma equal to degree or post-graduate degree,Non-workers_Total_Females,77.0,DDW-1600B-03ST.xlsx,03ST
B0303ST,16,000,State - TRIPURA,Urban,Total,Non-workers_Total_Females,19154.0,DDW-1600B-03ST.xlsx,03ST
B0303ST,16,000,State - TRIPURA,Urban,Illiterate,Non-workers_Total_Females,3787.0,DDW-1600B-03ST.xlsx,03ST
B0303ST,16,000,State - TRIPURA,Urban,Literate,Non-workers_Total_Females,15367.0,DDW-1600B-03ST.xlsx,03ST
B0303ST,16,000,State - TRIPURA,Urban,Literate but below matric/secondary,Non-workers_Total_Females,10241.0,DDW-1600B-03ST.xlsx,03ST
B0303ST,16,000,State - TRIPURA,Urban,Matric/secondary but below graduate,Non-workers_Total_Females,3855.0,DDW-1600B-03ST.xlsx,03ST
B0303ST,16,000,State - TRIPURA,Urban,Technical diploma or certificate not equal to degree,Non-workers_Total_Females,58.0,DDW-1600B-03ST.xlsx,03ST
B0303ST,16,000,State - TRIPURA,Urban,Graduate and above other than technical degree,Non-workers_Total_Females,490.0,DDW-1600B-03ST.xlsx,03ST
B0303ST,16,000,State - TRIPURA,Urban,Technical degree or diploma equal to degree or post-graduate degree,Non-workers_Total_Females,82.0,DDW-1600B-03ST.xlsx,03ST
B0303ST,16,289,District - West Tripura ,Total,Total,Non-workers_Total_Females,133256.0,DDW-1600B-03ST.xlsx,03ST
B0303ST,16,289,District - West Tripura ,Total,Illiterate,Non-workers_Total_Females,44215.0,DDW-1600B-03ST.xlsx,03ST
B0303ST,16,289,District - West Tripura ,Total,Literate,Non-workers_Total_Females,89041.0,DDW-1600B-03ST.xlsx,03ST
B0303ST,16,289,District - West Tripura ,Total,Literate but below matric/secondary,Non-workers_Total_Females,68052.0,DDW-1600B-03ST.xlsx,03ST
B0303ST,16,289,District - West Tripura ,Total,Matric/secondary but below graduate,Non-workers_Total_Females,16043.0,DDW-1600B-03ST.xlsx,03ST
B0303ST,16,289,District - West Tripura ,Total,Technical diploma or certificate not equal to degree,Non-workers_Total_Females,81.0,DDW-1600B-03ST.xlsx,03ST
B0303ST,16,289,District - West Tripura ,Total,Graduate and above other than technical degree,Non-workers_Total_Females,1142.0,DDW-1600B-03ST.xlsx,03ST
B0303ST,16,289,District - West Tripura ,Total,Technical degree or diploma equal to degree or post-graduate degree,Non-workers_Total_Females,108.0,DDW-1600B-03ST.xlsx,03ST
B0303ST,16,289,District - West Tripura ,Rural,Total,Non-workers_Total_Females,121891.0,DDW-1600B-03ST.xlsx,03ST
B0303ST,16,289,District - West Tripura ,Rural,Illiterate,Non-workers_Total_Females,42503.0,DDW-1600B-03ST.xlsx,03ST
B0303ST,16,289,District - West Tripura ,Rural,Literate,Non-workers_Total_Females,79388.0,DDW-1600B-03ST.xlsx,03ST
B0303ST,16,289,District - West Tripura ,Rural,Literate but below matric/secondary,Non-workers_Total_Females,62186.0,DDW-1600B-03ST.xlsx,03ST
B0303ST,16,289,District - West Tripura ,Rural,Matric/secondary but below graduate,Non-workers_Total_Females,13161.0,DDW-1600B-03ST.xlsx,03ST
B0303ST,16,289,District - West Tripura ,Rural,Technical diploma or certificate not equal to degree,Non-workers_Total_Females,30.0,DDW-1600B-03ST.xlsx,03ST
B0303ST,16,289,District - West Tripura ,Rural,Graduate and above other than technical degree,Non-workers_Total_Females,716.0,DDW-1600B-03ST.xlsx,03ST
B0303ST,16,289,District - West Tripura ,Rural,Technical degree or diploma equal to degree or post-graduate degree,Non-workers_Total_Females,35.0,DDW-1600B-03ST.xlsx,03ST
B0303ST,16,289,District - West Tripura ,Urban,Total,Non-workers_Total_Females,11365.0,DDW-1600B-03ST.xlsx,03ST
B0303ST,16,289,District - West Tripura ,Urban,Illiterate,Non-workers_Total_Females,1712.0,DDW-1600B-03ST.xlsx,03ST
B0303ST,16,289,District - West Tripura ,Urban,Literate,Non-workers_Total_Females,9653.0,DDW-1600B-03ST.xlsx,03ST
B0303ST,16,289,District - West Tripura ,Urban,Literate but below matric/secondary,Non-workers_Total_Females,5866.0,DDW-1600B-03ST.xlsx,03ST
B0303ST,16,289,District - West Tripura ,Urban,Matric/secondary but below graduate,Non-workers_Total_Females,2882.0,DDW-1600B-03ST.xlsx,03ST
B0303ST,16,289,District - West Tripura ,Urban,Technical diploma or certificate not equal to degree,Non-workers_Total_Females,51.0,DDW-1600B-03ST.xlsx,03ST
B0303ST,16,289,District - West Tripura ,Urban,Graduate and above other than technical degree,Non-workers_Total_Females,426.0,DDW-1600B-03ST.xlsx,03ST
B0303ST,16,289,District - West Tripura ,Urban,Technical degree or diploma equal to degree or post-graduate degree,Non-workers_Total_Females,73.0,DDW-1600B-03ST.xlsx,03ST
B0303ST,16,290,District - South Tripura ,Total,Total,Non-workers_Total_Females,106153.0,DDW-1600B-03ST.xlsx,03ST
B0303ST,16,290,District - South Tripura ,Total,Illiterate,Non-workers_Total_Females,44792.0,DDW-1600B-03ST.xlsx,03ST
B0303ST,16,290,District - South Tripura ,Total,Literate,Non-workers_Total_Females,61361.0,DDW-1600B-03ST.xlsx,03ST
B0303ST,16,290,District - South Tripura ,Total,Literate but below matric/secondary,Non-workers_Total_Females,53895.0,DDW-1600B-03ST.xlsx,03ST
B0303ST,16,290,District - South Tripura ,Total,Matric/secondary but below graduate,Non-workers_Total_Females,4856.0,DDW-1600B-03ST.xlsx,03ST
B0303ST,16,290,District - South Tripura ,Total,Technical diploma or certificate not equal to degree,Non-workers_Total_Females,20.0,DDW-1600B-03ST.xlsx,03ST
B0303ST,16,290,District - South Tripura ,Total,Graduate and above other than technical degree,Non-workers_Total_Females,266.0,DDW-1600B-03ST.xlsx,03ST
B0303ST,16,290,District - South Tripura ,Total,Technical degree or diploma equal to degree or post-graduate degree,Non-workers_Total_Females,18.0,DDW-1600B-03ST.xlsx,03ST
B0303ST,16,290,District - South Tripura ,Rural,Total,Non-workers_Total_Females,104019.0,DDW-1600B-03ST.xlsx,03ST
B0303ST,16,290,District - South Tripura ,Rural,Illiterate,Non-workers_Total_Females,44219.0,DDW-1600B-03ST.xlsx,03ST
B0303ST,16,290,District - South Tripura ,Rural,Literate,Non-workers_Total_Females,59800.0,DDW-1600B-03ST.xlsx,03ST
B0303ST,16,290,District - South Tripura ,Rural,Literate but below matric/secondary,Non-workers_Total_Females,52625.0,DDW-1600B-03ST.xlsx,03ST
B0303ST,16,290,District - South Tripura ,Rural,Matric/secondary but below graduate,Non-workers_Total_Females,4640.0,DDW-1600B-03ST.xlsx,03ST
B0303ST,16,290,District - South Tripura ,Rural,Technical diploma or certificate not equal to degree,Non-workers_Total_Females,18.0,DDW-1600B-03ST.xlsx,03ST
B0303ST,16,290,District - South Tripura ,Rural,Graduate and above other than technical degree,Non-workers_Total_Females,249.0,DDW-1600B-03ST.xlsx,03ST
B0303ST,16,290,District - South Tripura ,Rural,Technical degree or diploma equal to degree or post-graduate degree,Non-workers_Total_Females,17.0,DDW-1600B-03ST.xlsx,03ST
B0303ST,16,290,District - South Tripura ,Urban,Total,Non-workers_Total_Females,2134.0,DDW-1600B-03ST.xlsx,03ST
B0303ST,16,290,District - South Tripura ,Urban,Illiterate,Non-workers_Total_Females,573.0,DDW-1600B-03ST.xlsx,03ST
B0303ST,16,290,District - South Tripura ,Urban,Literate,Non-workers_Total_Females,1561.0,DDW-1600B-03ST.xlsx,03ST
B0303ST,16,290,District - South Tripura ,Urban,Literate but below matric/secondary,Non-workers_Total_Females,1270.0,DDW-1600B-03ST.xlsx,03ST
B0303ST,16,290,District - South Tripura ,Urban,Matric/secondary but below graduate,Non-workers_Total_Females,216.0,DDW-1600B-03ST.xlsx,03ST
B0303ST,16,290,District - South Tripura ,Urban,Technical diploma or certificate not equal to degree,Non-workers_Total_Females,2.0,DDW-1600B-03ST.xlsx,03ST
B0303ST,16,290,District - South Tripura ,Urban,Graduate and above other than technical degree,Non-workers_Total_Females,17.0,DDW-1600B-03ST.xlsx,03ST
B0303ST,16,290,District - South Tripura ,Urban,Technical degree or diploma equal to degree or post-graduate degree,Non-workers_Total_Females,1.0,DDW-1600B-03ST.xlsx,03ST
B0303ST,16,291,District - Dhalai,Total,Total,Non-workers_Total_Females,69351.0,DDW-1600B-03ST.xlsx,03ST
B0303ST,16,291,District - Dhalai,Total,Illiterate,Non-workers_Total_Females,29659.0,DDW-1600B-03ST.xlsx,03ST
B0303ST,16,291,District - Dhalai,Total,Literate,Non-workers_Total_Females,39692.0,DDW-1600B-03ST.xlsx,03ST
B0303ST,16,291,District - Dhalai,Total,Literate but below matric/secondary,Non-workers_Total_Females,32393.0,DDW-1600B-03ST.xlsx,03ST
B0303ST,16,291,District - Dhalai,Total,Matric/secondary but below graduate,Non-workers_Total_Females,3222.0,DDW-1600B-03ST.xlsx,03ST
B0303ST,16,291,District - Dhalai,Total,Technical diploma or certificate not equal to degree,Non-workers_Total_Females,5.0,DDW-1600B-03ST.xlsx,03ST
B0303ST,16,291,District - Dhalai,Total,Graduate and above other than technical degree,Non-workers_Total_Females,154.0,DDW-1600B-03ST.xlsx,03ST
B0303ST,16,291,District - Dhalai,Total,Technical degree or diploma equal to degree or post-graduate degree,Non-workers_Total_Females,15.0,DDW-1600B-03ST.xlsx,03ST
B0303ST,16,291,District - Dhalai,Rural,Total,Non-workers_Total_Females,67252.0,DDW-1600B-03ST.xlsx,03ST
B0303ST,16,291,District - Dhalai,Rural,Illiterate,Non-workers_Total_Females,29077.0,DDW-1600B-03ST.xlsx,03ST
B0303ST,16,291,District - Dhalai,Rural,Literate,Non-workers_Total_Females,38175.0,DDW-1600B-03ST.xlsx,03ST
B0303ST,16,291,District - Dhalai,Rural,Literate but below matric/secondary,Non-workers_Total_Females,31319.0,DDW-1600B-03ST.xlsx,03ST
B0303ST,16,291,District - Dhalai,Rural,Matric/secondary but below graduate,Non-workers_Total_Females,2918.0,DDW-1600B-03ST.xlsx,03ST
B0303ST,16,291,District - Dhalai,Rural,Technical diploma or certificate not equal to degree,Non-workers_Total_Females,3.0,DDW-1600B-03ST.xlsx,03ST
B0303ST,16,291,District - Dhalai,Rural,Graduate and above other than technical degree,Non-workers_Total_Females,141.0,DDW-1600B-03ST.xlsx,03ST
B0303ST,16,291,District - Dhalai,Rural,Technical degree or diploma equal to degree or post-graduate degree,Non-workers_Total_Females,14.0,DDW-1600B-03ST.xlsx,03ST
B0303ST,16,291,District - Dhalai,Urban,Total,Non-workers_Total_Females,2099.0,DDW-1600B-03ST.xlsx,03ST
B0303ST,16,291,District - Dhalai,Urban,Illiterate,Non-workers_Total_Females,582.0,DDW-1600B-03ST.xlsx,03ST
B0303ST,16,291,District - Dhalai,Urban,Literate,Non-workers_Total_Females,1517.0,DDW-1600B-03ST.xlsx,03ST
B0303ST,16,291,District - Dhalai,Urban,Literate but below matric/secondary,Non-workers_Total_Females,1074.0,DDW-1600B-03ST.xlsx,03ST
B0303ST,16,291,District - Dhalai,Urban,Matric/secondary but below graduate,Non-workers_Total_Females,304.0,DDW-1600B-03ST.xlsx,03ST
B0303ST,16,291,District - Dhalai,Urban,Technical diploma or certificate not equal to degree,Non-workers_Total_Females,2.0,DDW-1600B-03ST.xlsx,03ST
B0303ST,16,291,District - Dhalai,Urban,Graduate and above other than technical degree,Non-workers_Total_Females,13.0,DDW-1600B-03ST.xlsx,03ST
B0303ST,16,291,District - Dhalai,Urban,Technical degree or diploma equal to degree or post-graduate degree,Non-workers_Total_Females,1.0,DDW-1600B-03ST.xlsx,03ST
B0303ST,16,292,District - North Tripura,Total,Total,Non-workers_Total_Females,61063.0,DDW-1600B-03ST.xlsx,03ST
B0303ST,16,292,District - North Tripura,Total,Illiterate,Non-workers_Total_Females,29087.0,DDW-1600B-03ST.xlsx,03ST
B0303ST,16,292,District - North Tripura,Total,Literate,Non-workers_Total_Females,31976.0,DDW-1600B-03ST.xlsx,03ST
B0303ST,16,292,District - North Tripura,Total,Literate but below matric/secondary,Non-workers_Total_Females,27433.0,DDW-1600B-03ST.xlsx,03ST
B0303ST,16,292,District - North Tripura,Total,Matric/secondary but below graduate,Non-workers_Total_Females,2619.0,DDW-1600B-03ST.xlsx,03ST
B0303ST,16,292,District - North Tripura,Total,Technical diploma or certificate not equal to degree,Non-workers_Total_Females,13.0,DDW-1600B-03ST.xlsx,03ST
B0303ST,16,292,District - North Tripura,Total,Graduate and above other than technical degree,Non-workers_Total_Females,153.0,DDW-1600B-03ST.xlsx,03ST
B0303ST,16,292,District - North Tripura,Total,Technical degree or diploma equal to degree or post-graduate degree,Non-workers_Total_Females,18.0,DDW-1600B-03ST.xlsx,03ST
B0303ST,16,292,District - North Tripura,Rural,Total,Non-workers_Total_Females,57507.0,DDW-1600B-03ST.xlsx,03ST
B0303ST,16,292,District - North Tripura,Rural,Illiterate,Non-workers_Total_Females,28167.0,DDW-1600B-03ST.xlsx,03ST
B0303ST,16,292,District - North Tripura,Rural,Literate,Non-workers_Total_Females,29340.0,DDW-1600B-03ST.xlsx,03ST
B0303ST,16,292,District - North Tripura,Rural,Literate but below matric/secondary,Non-workers_Total_Females,25402.0,DDW-1600B-03ST.xlsx,03ST
B0303ST,16,292,District - North Tripura,Rural,Matric/secondary but below graduate,Non-workers_Total_Females,2166.0,DDW-1600B-03ST.xlsx,03ST
B0303ST,16,292,District - North Tripura,Rural,Technical diploma or certificate not equal to degree,Non-workers_Total_Females,10.0,DDW-1600B-03ST.xlsx,03ST
B0303ST,16,292,District - North Tripura,Rural,Graduate and above other than technical degree,Non-workers_Total_Females,119.0,DDW-1600B-03ST.xlsx,03ST
B0303ST,16,292,District - North Tripura,Rural,Technical degree or diploma equal to degree or post-graduate degree,Non-workers_Total_Females,11.0,DDW-1600B-03ST.xlsx,03ST
B0303ST,16,292,District - North Tripura,Urban,Total,Non-workers_Total_Females,3556.0,DDW-1600B-03ST.xlsx,03ST
B0303ST,16,292,District - North Tripura,Urban,Illiterate,Non-workers_Total_Females,920.0,DDW-1600B-03ST.xlsx,03ST
B0303ST,16,292,District - North Tripura,Urban,Literate,Non-workers_Total_Females,2636.0,DDW-1600B-03ST.xlsx,03ST
B0303ST,16,292,District - North Tripura,Urban,Literate but below matric/secondary,Non-workers_Total_Females,2031.0,DDW-1600B-03ST.xlsx,03ST
B0303ST,16,292,District - North Tripura,Urban,Matric/secondary but below graduate,Non-workers_Total_Females,453.0,DDW-1600B-03ST.xlsx,03ST
B0303ST,16,292,District - North Tripura,Urban,Technical diploma or certificate not equal to degree,Non-workers_Total_Females,3.0,DDW-1600B-03ST.xlsx,03ST
B0303ST,16,292,District - North Tripura,Urban,Graduate and above other than technical degree,Non-workers_Total_Females,34.0,DDW-1600B-03ST.xlsx,03ST
B0303ST,16,292,District - North Tripura,Urban,Technical degree or diploma equal to degree or post-graduate degree,Non-workers_Total_Females,7.0,DDW-1600B-03ST.xlsx,03ST
B0303ST,16,000,State - TRIPURA,Total,Total,Non-workers_Seeking/availabe for work_Persons,107436.0,DDW-1600B-03ST.xlsx,03ST
B0303ST,16,000,State - TRIPURA,Total,Illiterate,Non-workers_Seeking/availabe for work_Persons,19405.0,DDW-1600B-03ST.xlsx,03ST
B0303ST,16,000,State - TRIPURA,Total,Literate,Non-workers_Seeking/availabe for work_Persons,88031.0,DDW-1600B-03ST.xlsx,03ST
B0303ST,16,000,State - TRIPURA,Total,Literate but below matric/secondary,Non-workers_Seeking/availabe for work_Persons,55926.0,DDW-1600B-03ST.xlsx,03ST
B0303ST,16,000,State - TRIPURA,Total,Matric/secondary but below graduate,Non-workers_Seeking/availabe for work_Persons,24174.0,DDW-1600B-03ST.xlsx,03ST
B0303ST,16,000,State - TRIPURA,Total,Technical diploma or certificate not equal to degree,Non-workers_Seeking/availabe for work_Persons,196.0,DDW-1600B-03ST.xlsx,03ST
B0303ST,16,000,State - TRIPURA,Total,Graduate and above other than technical degree,Non-workers_Seeking/availabe for work_Persons,2243.0,DDW-1600B-03ST.xlsx,03ST
B0303ST,16,000,State - TRIPURA,Total,Technical degree or diploma equal to degree or post-graduate degree,Non-workers_Seeking/availabe for work_Persons,239.0,DDW-1600B-03ST.xlsx,03ST
B0303ST,16,000,State - TRIPURA,Rural,Total,Non-workers_Seeking/availabe for work_Persons,99144.0,DDW-1600B-03ST.xlsx,03ST
B0303ST,16,000,State - TRIPURA,Rural,Illiterate,Non-workers_Seeking/availabe for work_Persons,19017.0,DDW-1600B-03ST.xlsx,03ST
B0303ST,16,000,State - TRIPURA,Rural,Literate,Non-workers_Seeking/availabe for work_Persons,80127.0,DDW-1600B-03ST.xlsx,03ST
B0303ST,16,000,State - TRIPURA,Rural,Literate but below matric/secondary,Non-workers_Seeking/availabe for work_Persons,52310.0,DDW-1600B-03ST.xlsx,03ST
B0303ST,16,000,State - TRIPURA,Rural,Matric/secondary but below graduate,Non-workers_Seeking/availabe for work_Persons,20948.0,DDW-1600B-03ST.xlsx,03ST
B0303ST,16,000,State - TRIPURA,Rural,Technical diploma or certificate not equal to degree,Non-workers_Seeking/availabe for work_Persons,113.0,DDW-1600B-03ST.xlsx,03ST
B0303ST,16,000,State - TRIPURA,Rural,Graduate and above other than technical degree,Non-workers_Seeking/availabe for work_Persons,1726.0,DDW-1600B-03ST.xlsx,03ST
B0303ST,16,000,State - TRIPURA,Rural,Technical degree or diploma equal to degree or post-graduate degree,Non-workers_Seeking/availabe for work_Persons,132.0,DDW-1600B-03ST.xlsx,03ST
B0303ST,16,000,State - TRIPURA,Urban,Total,Non-workers_Seeking/availabe for work_Persons,8292.0,DDW-1600B-03ST.xlsx,03ST
B0303ST,16,000,State - TRIPURA,Urban,Illiterate,Non-workers_Seeking/availabe for work_Persons,388.0,DDW-1600B-03ST.xlsx,03ST
B0303ST,16,000,State - TRIPURA,Urban,Literate,Non-workers_Seeking/availabe for work_Persons,7904.0,DDW-1600B-03ST.xlsx,03ST
B0303ST,16,000,State - TRIPURA,Urban,Literate but below matric/secondary,Non-workers_Seeking/availabe for work_Persons,3616.0,DDW-1600B-03ST.xlsx,03ST
B0303ST,16,000,State - TRIPURA,Urban,Matric/secondary but below graduate,Non-workers_Seeking/availabe for work_Persons,3226.0,DDW-1600B-03ST.xlsx,03ST
B0303ST,16,000,State - TRIPURA,Urban,Technical diploma or certificate not equal to degree,Non-workers_Seeking/availabe for work_Persons,83.0,DDW-1600B-03ST.xlsx,03ST
B0303ST,16,000,State - TRIPURA,Urban,Graduate and above other than technical degree,Non-workers_Seeking/availabe for work_Persons,517.0,DDW-1600B-03ST.xlsx,03ST
B0303ST,16,000,State - TRIPURA,Urban,Technical degree or diploma equal to degree or post-graduate degree,Non-workers_Seeking/availabe for work_Persons,107.0,DDW-1600B-03ST.xlsx,03ST
B0303ST,16,289,District - West Tripura ,Total,Total,Non-workers_Seeking/availabe for work_Persons,44423.0,DDW-1600B-03ST.xlsx,03ST
B0303ST,16,289,District - West Tripura ,Total,Illiterate,Non-workers_Seeking/availabe for work_Persons,4232.0,DDW-1600B-03ST.xlsx,03ST
B0303ST,16,289,District - West Tripura ,Total,Literate,Non-workers_Seeking/availabe for work_Persons,40191.0,DDW-1600B-03ST.xlsx,03ST
B0303ST,16,289,District - West Tripura ,Total,Literate but below matric/secondary,Non-workers_Seeking/availabe for work_Persons,22375.0,DDW-1600B-03ST.xlsx,03ST
B0303ST,16,289,District - West Tripura ,Total,Matric/secondary but below graduate,Non-workers_Seeking/availabe for work_Persons,14328.0,DDW-1600B-03ST.xlsx,03ST
B0303ST,16,289,District - West Tripura ,Total,Technical diploma or certificate not equal to degree,Non-workers_Seeking/availabe for work_Persons,123.0,DDW-1600B-03ST.xlsx,03ST
B0303ST,16,289,District - West Tripura ,Total,Graduate and above other than technical degree,Non-workers_Seeking/availabe for work_Persons,1389.0,DDW-1600B-03ST.xlsx,03ST
B0303ST,16,289,District - West Tripura ,Total,Technical degree or diploma equal to degree or post-graduate degree,Non-workers_Seeking/availabe for work_Persons,153.0,DDW-1600B-03ST.xlsx,03ST
B0303ST,16,289,District - West Tripura ,Rural,Total,Non-workers_Seeking/availabe for work_Persons,38833.0,DDW-1600B-03ST.xlsx,03ST
B0303ST,16,289,District - West Tripura ,Rural,Illiterate,Non-workers_Seeking/availabe for work_Persons,4074.0,DDW-1600B-03ST.xlsx,03ST
B0303ST,16,289,District - West Tripura ,Rural,Literate,Non-workers_Seeking/availabe for work_Persons,34759.0,DDW-1600B-03ST.xlsx,03ST
B0303ST,16,289,District - West Tripura ,Rural,Literate but below matric/secondary,Non-workers_Seeking/availabe for work_Persons,20158.0,DDW-1600B-03ST.xlsx,03ST
B0303ST,16,289,District - West Tripura ,Rural,Matric/secondary but below graduate,Non-workers_Seeking/availabe for work_Persons,11906.0,DDW-1600B-03ST.xlsx,03ST
B0303ST,16,289,District - West Tripura ,Rural,Technical diploma or certificate not equal to degree,Non-workers_Seeking/availabe for work_Persons,64.0,DDW-1600B-03ST.xlsx,03ST
B0303ST,16,289,District - West Tripura ,Rural,Graduate and above other than technical degree,Non-workers_Seeking/availabe for work_Persons,966.0,DDW-1600B-03ST.xlsx,03ST
B0303ST,16,289,District - West Tripura ,Rural,Technical degree or diploma equal to degree or post-graduate degree,Non-workers_Seeking/availabe for work_Persons,63.0,DDW-1600B-03ST.xlsx,03ST
B0303ST,16,289,District - West Tripura ,Urban,Total,Non-workers_Seeking/availabe for work_Persons,5590.0,DDW-1600B-03ST.xlsx,03ST
B0303ST,16,289,District - West Tripura ,Urban,Illiterate,Non-workers_Seeking/availabe for work_Persons,158.0,DDW-1600B-03ST.xlsx,03ST
B0303ST,16,289,District - West Tripura ,Urban,Literate,Non-workers_Seeking/availabe for work_Persons,5432.0,DDW-1600B-03ST.xlsx,03ST
B0303ST,16,289,District - West Tripura ,Urban,Literate but below matric/secondary,Non-workers_Seeking/availabe for work_Persons,2217.0,DDW-1600B-03ST.xlsx,03ST
B0303ST,16,289,District - West Tripura ,Urban,Matric/secondary but below graduate,Non-workers_Seeking/availabe for work_Persons,2422.0,DDW-1600B-03ST.xlsx,03ST
B0303ST,16,289,District - West Tripura ,Urban,Technical diploma or certificate not equal to degree,Non-workers_Seeking/availabe for work_Persons,59.0,DDW-1600B-03ST.xlsx,03ST
B0303ST,16,289,District - West Tripura ,Urban,Graduate and above other than technical degree,Non-workers_Seeking/availabe for work_Persons,423.0,DDW-1600B-03ST.xlsx,03ST
B0303ST,16,289,District - West Tripura ,Urban,Technical degree or diploma equal to degree or post-graduate degree,Non-workers_Seeking/availabe for work_Persons,90.0,DDW-1600B-03ST.xlsx,03ST
B0303ST,16,290,District - South Tripura ,Total,Total,Non-workers_Seeking/availabe for work_Persons,25140.0,DDW-1600B-03ST.xlsx,03ST
B0303ST,16,290,District - South Tripura ,Total,Illiterate,Non-workers_Seeking/availabe for work_Persons,4713.0,DDW-1600B-03ST.xlsx,03ST
B0303ST,16,290,District - South Tripura ,Total,Literate,Non-workers_Seeking/availabe for work_Persons,20427.0,DDW-1600B-03ST.xlsx,03ST
B0303ST,16,290,District - South Tripura ,Total,Literate but below matric/secondary,Non-workers_Seeking/availabe for work_Persons,14558.0,DDW-1600B-03ST.xlsx,03ST
B0303ST,16,290,District - South Tripura ,Total,Matric/secondary but below graduate,Non-workers_Seeking/availabe for work_Persons,4570.0,DDW-1600B-03ST.xlsx,03ST
B0303ST,16,290,District - South Tripura ,Total,Technical diploma or certificate not equal to degree,Non-workers_Seeking/availabe for work_Persons,36.0,DDW-1600B-03ST.xlsx,03ST
B0303ST,16,290,District - South Tripura ,Total,Graduate and above other than technical degree,Non-workers_Seeking/availabe for work_Persons,398.0,DDW-1600B-03ST.xlsx,03ST
B0303ST,16,290,District - South Tripura ,Total,Technical degree or diploma equal to degree or post-graduate degree,Non-workers_Seeking/availabe for work_Persons,45.0,DDW-1600B-03ST.xlsx,03ST
B0303ST,16,290,District - South Tripura ,Rural,Total,Non-workers_Seeking/availabe for work_Persons,24370.0,DDW-1600B-03ST.xlsx,03ST
B0303ST,16,290,District - South Tripura ,Rural,Illiterate,Non-workers_Seeking/availabe for work_Persons,4629.0,DDW-1600B-03ST.xlsx,03ST
B0303ST,16,290,District - South Tripura ,Rural,Literate,Non-workers_Seeking/availabe for work_Persons,19741.0,DDW-1600B-03ST.xlsx,03ST
B0303ST,16,290,District - South Tripura ,Rural,Literate but below matric/secondary,Non-workers_Seeking/availabe for work_Persons,14136.0,DDW-1600B-03ST.xlsx,03ST
B0303ST,16,290,District - South Tripura ,Rural,Matric/secondary but below graduate,Non-workers_Seeking/availabe for work_Persons,4366.0,DDW-1600B-03ST.xlsx,03ST
B0303ST,16,290,District - South Tripura ,Rural,Technical diploma or certificate not equal to degree,Non-workers_Seeking/availabe for work_Persons,33.0,DDW-1600B-03ST.xlsx,03ST
B0303ST,16,290,District - South Tripura ,Rural,Graduate and above other than technical degree,Non-workers_Seeking/availabe for work_Persons,377.0,DDW-1600B-03ST.xlsx,03ST
B0303ST,16,290,District - South Tripura ,Rural,Technical degree or diploma equal to degree or post-graduate degree,Non-workers_Seeking/availabe for work_Persons,42.0,DDW-1600B-03ST.xlsx,03ST
B0303ST,16,290,District - South Tripura ,Urban,Total,Non-workers_Seeking/availabe for work_Persons,770.0,DDW-1600B-03ST.xlsx,03ST
B0303ST,16,290,District - South Tripura ,Urban,Illiterate,Non-workers_Seeking/availabe for work_Persons,84.0,DDW-1600B-03ST.xlsx,03ST
B0303ST,16,290,District - South Tripura ,Urban,Literate,Non-workers_Seeking/availabe for work_Persons,686.0,DDW-1600B-03ST.xlsx,03ST
B0303ST,16,290,District - South Tripura ,Urban,Literate but below matric/secondary,Non-workers_Seeking/availabe for work_Persons,422.0,DDW-1600B-03ST.xlsx,03ST
B0303ST,16,290,District - South Tripura ,Urban,Matric/secondary but below graduate,Non-workers_Seeking/availabe for work_Persons,204.0,DDW-1600B-03ST.xlsx,03ST
B0303ST,16,290,District - South Tripura ,Urban,Technical diploma or certificate not equal to degree,Non-workers_Seeking/availabe for work_Persons,3.0,DDW-1600B-03ST.xlsx,03ST
B0303ST,16,290,District - South Tripura ,Urban,Graduate and above other than technical degree,Non-workers_Seeking/availabe for work_Persons,21.0,DDW-1600B-03ST.xlsx,03ST
B0303ST,16,290,District - South Tripura ,Urban,Technical degree or diploma equal to degree or post-graduate degree,Non-workers_Seeking/availabe for work_Persons,3.0,DDW-1600B-03ST.xlsx,03ST
B0303ST,16,291,District - Dhalai,Total,Total,Non-workers_Seeking/availabe for work_Persons,17513.0,DDW-1600B-03ST.xlsx,03ST
B0303ST,16,291,District - Dhalai,Total,Illiterate,Non-workers_Seeking/availabe for work_Persons,3502.0,DDW-1600B-03ST.xlsx,03ST
B0303ST,16,291,District - Dhalai,Total,Literate,Non-workers_Seeking/availabe for work_Persons,14011.0,DDW-1600B-03ST.xlsx,03ST
B0303ST,16,291,District - Dhalai,Total,Literate but below matric/secondary,Non-workers_Seeking/availabe for work_Persons,9131.0,DDW-1600B-03ST.xlsx,03ST
B0303ST,16,291,District - Dhalai,Total,Matric/secondary but below graduate,Non-workers_Seeking/availabe for work_Persons,2864.0,DDW-1600B-03ST.xlsx,03ST
B0303ST,16,291,District - Dhalai,Total,Technical diploma or certificate not equal to degree,Non-workers_Seeking/availabe for work_Persons,15.0,DDW-1600B-03ST.xlsx,03ST
B0303ST,16,291,District - Dhalai,Total,Graduate and above other than technical degree,Non-workers_Seeking/availabe for work_Persons,229.0,DDW-1600B-03ST.xlsx,03ST
B0303ST,16,291,District - Dhalai,Total,Technical degree or diploma equal to degree or post-graduate degree,Non-workers_Seeking/availabe for work_Persons,18.0,DDW-1600B-03ST.xlsx,03ST
B0303ST,16,291,District - Dhalai,Rural,Total,Non-workers_Seeking/availabe for work_Persons,16967.0,DDW-1600B-03ST.xlsx,03ST
B0303ST,16,291,District - Dhalai,Rural,Illiterate,Non-workers_Seeking/availabe for work_Persons,3458.0,DDW-1600B-03ST.xlsx,03ST
B0303ST,16,291,District - Dhalai,Rural,Literate,Non-workers_Seeking/availabe for work_Persons,13509.0,DDW-1600B-03ST.xlsx,03ST
B0303ST,16,291,District - Dhalai,Rural,Literate but below matric/secondary,Non-workers_Seeking/availabe for work_Persons,8880.0,DDW-1600B-03ST.xlsx,03ST
B0303ST,16,291,District - Dhalai,Rural,Matric/secondary but below graduate,Non-workers_Seeking/availabe for work_Persons,2688.0,DDW-1600B-03ST.xlsx,03ST
B0303ST,16,291,District - Dhalai,Rural,Technical diploma or certificate not equal to degree,Non-workers_Seeking/availabe for work_Persons,11.0,DDW-1600B-03ST.xlsx,03ST
B0303ST,16,291,District - Dhalai,Rural,Graduate and above other than technical degree,Non-workers_Seeking/availabe for work_Persons,203.0,DDW-1600B-03ST.xlsx,03ST
B0303ST,16,291,District - Dhalai,Rural,Technical degree or diploma equal to degree or post-graduate degree,Non-workers_Seeking/availabe for work_Persons,17.0,DDW-1600B-03ST.xlsx,03ST
B0303ST,16,291,District - Dhalai,Urban,Total,Non-workers_Seeking/availabe for work_Persons,546.0,DDW-1600B-03ST.xlsx,03ST
B0303ST,16,291,District - Dhalai,Urban,Illiterate,Non-workers_Seeking/availabe for work_Persons,44.0,DDW-1600B-03ST.xlsx,03ST
B0303ST,16,291,District - Dhalai,Urban,Literate,Non-workers_Seeking/availabe for work_Persons,502.0,DDW-1600B-03ST.xlsx,03ST
B0303ST,16,291,District - Dhalai,Urban,Literate but below matric/secondary,Non-workers_Seeking/availabe for work_Persons,251.0,DDW-1600B-03ST.xlsx,03ST
B0303ST,16,291,District - Dhalai,Urban,Matric/secondary but below graduate,Non-workers_Seeking/availabe for work_Persons,176.0,DDW-1600B-03ST.xlsx,03ST
B0303ST,16,291,District - Dhalai,Urban,Technical diploma or certificate not equal to degree,Non-workers_Seeking/availabe for work_Persons,4.0,DDW-1600B-03ST.xlsx,03ST
B0303ST,16,291,District - Dhalai,Urban,Graduate and above other than technical degree,Non-workers_Seeking/availabe for work_Persons,26.0,DDW-1600B-03ST.xlsx,03ST
B0303ST,16,291,District - Dhalai,Urban,Technical degree or diploma equal to degree or post-graduate degree,Non-workers_Seeking/availabe for work_Persons,1.0,DDW-1600B-03ST.xlsx,03ST
B0303ST,16,292,District - North Tripura,Total,Total,Non-workers_Seeking/availabe for work_Persons,20360.0,DDW-1600B-03ST.xlsx,03ST
B0303ST,16,292,District - North Tripura,Total,Illiterate,Non-workers_Seeking/availabe for work_Persons,6958.0,DDW-1600B-03ST.xlsx,03ST
B0303ST,16,292,District - North Tripura,Total,Literate,Non-workers_Seeking/availabe for work_Persons,13402.0,DDW-1600B-03ST.xlsx,03ST
B0303ST,16,292,District - North Tripura,Total,Literate but below matric/secondary,Non-workers_Seeking/availabe for work_Persons,9862.0,DDW-1600B-03ST.xlsx,03ST
B0303ST,16,292,District - North Tripura,Total,Matric/secondary but below graduate,Non-workers_Seeking/availabe for work_Persons,2412.0,DDW-1600B-03ST.xlsx,03ST
B0303ST,16,292,District - North Tripura,Total,Technical diploma or certificate not equal to degree,Non-workers_Seeking/availabe for work_Persons,22.0,DDW-1600B-03ST.xlsx,03ST
B0303ST,16,292,District - North Tripura,Total,Graduate and above other than technical degree,Non-workers_Seeking/availabe for work_Persons,227.0,DDW-1600B-03ST.xlsx,03ST
B0303ST,16,292,District - North Tripura,Total,Technical degree or diploma equal to degree or post-graduate degree,Non-workers_Seeking/availabe for work_Persons,23.0,DDW-1600B-03ST.xlsx,03ST
B0303ST,16,292,District - North Tripura,Rural,Total,Non-workers_Seeking/availabe for work_Persons,18974.0,DDW-1600B-03ST.xlsx,03ST
B0303ST,16,292,District - North Tripura,Rural,Illiterate,Non-workers_Seeking/availabe for work_Persons,6856.0,DDW-1600B-03ST.xlsx,03ST
B0303ST,16,292,District - North Tripura,Rural,Literate,Non-workers_Seeking/availabe for work_Persons,12118.0,DDW-1600B-03ST.xlsx,03ST
B0303ST,16,292,District - North Tripura,Rural,Literate but below matric/secondary,Non-workers_Seeking/availabe for work_Persons,9136.0,DDW-1600B-03ST.xlsx,03ST
B0303ST,16,292,District - North Tripura,Rural,Matric/secondary but below graduate,Non-workers_Seeking/availabe for work_Persons,1988.0,DDW-1600B-03ST.xlsx,03ST
B0303ST,16,292,District - North Tripura,Rural,Technical diploma or certificate not equal to degree,Non-workers_Seeking/availabe for work_Persons,5.0,DDW-1600B-03ST.xlsx,03ST
B0303ST,16,292,District - North Tripura,Rural,Graduate and above other than technical degree,Non-workers_Seeking/availabe for work_Persons,180.0,DDW-1600B-03ST.xlsx,03ST
B0303ST,16,292,District - North Tripura,Rural,Technical degree or diploma equal to degree or post-graduate degree,Non-workers_Seeking/availabe for work_Persons,10.0,DDW-1600B-03ST.xlsx,03ST
B0303ST,16,292,District - North Tripura,Urban,Total,Non-workers_Seeking/availabe for work_Persons,1386.0,DDW-1600B-03ST.xlsx,03ST
B0303ST,16,292,District - North Tripura,Urban,Illiterate,Non-workers_Seeking/availabe for work_Persons,102.0,DDW-1600B-03ST.xlsx,03ST
B0303ST,16,292,District - North Tripura,Urban,Literate,Non-workers_Seeking/availabe for work_Persons,1284.0,DDW-1600B-03ST.xlsx,03ST
B0303ST,16,292,District - North Tripura,Urban,Literate but below matric/secondary,Non-workers_Seeking/availabe for work_Persons,726.0,DDW-1600B-03ST.xlsx,03ST
B0303ST,16,292,District - North Tripura,Urban,Matric/secondary but below graduate,Non-workers_Seeking/availabe for work_Persons,424.0,DDW-1600B-03ST.xlsx,03ST
B0303ST,16,292,District - North Tripura,Urban,Technical diploma or certificate not equal to degree,Non-workers_Seeking/availabe for work_Persons,17.0,DDW-1600B-03ST.xlsx,03ST
B0303ST,16,292,District - North Tripura,Urban,Graduate and above other than technical degree,Non-workers_Seeking/availabe for work_Persons,47.0,DDW-1600B-03ST.xlsx,03ST
B0303ST,16,292,District - North Tripura,Urban,Technical degree or diploma equal to degree or post-graduate degree,Non-workers_Seeking/availabe for work_Persons,13.0,DDW-1600B-03ST.xlsx,03ST
B0303ST,16,000,State - TRIPURA,Total,Total,Non-workers_Seeking/availabe for work_Males,35980.0,DDW-1600B-03ST.xlsx,03ST
B0303ST,16,000,State - TRIPURA,Total,Illiterate,Non-workers_Seeking/availabe for work_Males,3661.0,DDW-1600B-03ST.xlsx,03ST
B0303ST,16,000,State - TRIPURA,Total,Literate,Non-workers_Seeking/availabe for work_Males,32319.0,DDW-1600B-03ST.xlsx,03ST
B0303ST,16,000,State - TRIPURA,Total,Literate but below matric/secondary,Non-workers_Seeking/availabe for work_Males,18391.0,DDW-1600B-03ST.xlsx,03ST
B0303ST,16,000,State - TRIPURA,Total,Matric/secondary but below graduate,Non-workers_Seeking/availabe for work_Males,11385.0,DDW-1600B-03ST.xlsx,03ST
B0303ST,16,000,State - TRIPURA,Total,Technical diploma or certificate not equal to degree,Non-workers_Seeking/availabe for work_Males,139.0,DDW-1600B-03ST.xlsx,03ST
B0303ST,16,000,State - TRIPURA,Total,Graduate and above other than technical degree,Non-workers_Seeking/availabe for work_Males,1157.0,DDW-1600B-03ST.xlsx,03ST
B0303ST,16,000,State - TRIPURA,Total,Technical degree or diploma equal to degree or post-graduate degree,Non-workers_Seeking/availabe for work_Males,145.0,DDW-1600B-03ST.xlsx,03ST
B0303ST,16,000,State - TRIPURA,Rural,Total,Non-workers_Seeking/availabe for work_Males,33377.0,DDW-1600B-03ST.xlsx,03ST
B0303ST,16,000,State - TRIPURA,Rural,Illiterate,Non-workers_Seeking/availabe for work_Males,3600.0,DDW-1600B-03ST.xlsx,03ST
B0303ST,16,000,State - TRIPURA,Rural,Literate,Non-workers_Seeking/availabe for work_Males,29777.0,DDW-1600B-03ST.xlsx,03ST
B0303ST,16,000,State - TRIPURA,Rural,Literate but below matric/secondary,Non-workers_Seeking/availabe for work_Males,17534.0,DDW-1600B-03ST.xlsx,03ST
B0303ST,16,000,State - TRIPURA,Rural,Matric/secondary but below graduate,Non-workers_Seeking/availabe for work_Males,10137.0,DDW-1600B-03ST.xlsx,03ST
B0303ST,16,000,State - TRIPURA,Rural,Technical diploma or certificate not equal to degree,Non-workers_Seeking/availabe for work_Males,76.0,DDW-1600B-03ST.xlsx,03ST
B0303ST,16,000,State - TRIPURA,Rural,Graduate and above other than technical degree,Non-workers_Seeking/availabe for work_Males,953.0,DDW-1600B-03ST.xlsx,03ST
B0303ST,16,000,State - TRIPURA,Rural,Technical degree or diploma equal to degree or post-graduate degree,Non-workers_Seeking/availabe for work_Males,86.0,DDW-1600B-03ST.xlsx,03ST
B0303ST,16,000,State - TRIPURA,Urban,Total,Non-workers_Seeking/availabe for work_Males,2603.0,DDW-1600B-03ST.xlsx,03ST
B0303ST,16,000,State - TRIPURA,Urban,Illiterate,Non-workers_Seeking/availabe for work_Males,61.0,DDW-1600B-03ST.xlsx,03ST
B0303ST,16,000,State - TRIPURA,Urban,Literate,Non-workers_Seeking/availabe for work_Males,2542.0,DDW-1600B-03ST.xlsx,03ST
B0303ST,16,000,State - TRIPURA,Urban,Literate but below matric/secondary,Non-workers_Seeking/availabe for work_Males,857.0,DDW-1600B-03ST.xlsx,03ST
B0303ST,16,000,State - TRIPURA,Urban,Matric/secondary but below graduate,Non-workers_Seeking/availabe for work_Males,1248.0,DDW-1600B-03ST.xlsx,03ST
B0303ST,16,000,State - TRIPURA,Urban,Technical diploma or certificate not equal to degree,Non-workers_Seeking/availabe for work_Males,63.0,DDW-1600B-03ST.xlsx,03ST
B0303ST,16,000,State - TRIPURA,Urban,Graduate and above other than technical degree,Non-workers_Seeking/availabe for work_Males,204.0,DDW-1600B-03ST.xlsx,03ST
B0303ST,16,000,State - TRIPURA,Urban,Technical degree or diploma equal to degree or post-graduate degree,Non-workers_Seeking/availabe for work_Males,59.0,DDW-1600B-03ST.xlsx,03ST
B0303ST,16,289,District - West Tripura ,Total,Total,Non-workers_Seeking/availabe for work_Males,15559.0,DDW-1600B-03ST.xlsx,03ST
B0303ST,16,289,District - West Tripura ,Total,Illiterate,Non-workers_Seeking/availabe for work_Males,577.0,DDW-1600B-03ST.xlsx,03ST
B0303ST,16,289,District - West Tripura ,Total,Literate,Non-workers_Seeking/availabe for work_Males,14982.0,DDW-1600B-03ST.xlsx,03ST
B0303ST,16,289,District - West Tripura ,Total,Literate but below matric/secondary,Non-workers_Seeking/availabe for work_Males,7127.0,DDW-1600B-03ST.xlsx,03ST
B0303ST,16,289,District - West Tripura ,Total,Matric/secondary but below graduate,Non-workers_Seeking/availabe for work_Males,6499.0,DDW-1600B-03ST.xlsx,03ST
B0303ST,16,289,District - West Tripura ,Total,Technical diploma or certificate not equal to degree,Non-workers_Seeking/availabe for work_Males,89.0,DDW-1600B-03ST.xlsx,03ST
B0303ST,16,289,District - West Tripura ,Total,Graduate and above other than technical degree,Non-workers_Seeking/availabe for work_Males,673.0,DDW-1600B-03ST.xlsx,03ST
B0303ST,16,289,District - West Tripura ,Total,Technical degree or diploma equal to degree or post-graduate degree,Non-workers_Seeking/availabe for work_Males,88.0,DDW-1600B-03ST.xlsx,03ST
B0303ST,16,289,District - West Tripura ,Rural,Total,Non-workers_Seeking/availabe for work_Males,13771.0,DDW-1600B-03ST.xlsx,03ST
B0303ST,16,289,District - West Tripura ,Rural,Illiterate,Non-workers_Seeking/availabe for work_Males,543.0,DDW-1600B-03ST.xlsx,03ST
B0303ST,16,289,District - West Tripura ,Rural,Literate,Non-workers_Seeking/availabe for work_Males,13228.0,DDW-1600B-03ST.xlsx,03ST
B0303ST,16,289,District - West Tripura ,Rural,Literate but below matric/secondary,Non-workers_Seeking/availabe for work_Males,6613.0,DDW-1600B-03ST.xlsx,03ST
B0303ST,16,289,District - West Tripura ,Rural,Matric/secondary but below graduate,Non-workers_Seeking/availabe for work_Males,5586.0,DDW-1600B-03ST.xlsx,03ST
B0303ST,16,289,District - West Tripura ,Rural,Technical diploma or certificate not equal to degree,Non-workers_Seeking/availabe for work_Males,45.0,DDW-1600B-03ST.xlsx,03ST
B0303ST,16,289,District - West Tripura ,Rural,Graduate and above other than technical degree,Non-workers_Seeking/availabe for work_Males,517.0,DDW-1600B-03ST.xlsx,03ST
B0303ST,16,289,District - West Tripura ,Rural,Technical degree or diploma equal to degree or post-graduate degree,Non-workers_Seeking/availabe for work_Males,40.0,DDW-1600B-03ST.xlsx,03ST
B0303ST,16,289,District - West Tripura ,Urban,Total,Non-workers_Seeking/availabe for work_Males,1788.0,DDW-1600B-03ST.xlsx,03ST
B0303ST,16,289,District - West Tripura ,Urban,Illiterate,Non-workers_Seeking/availabe for work_Males,34.0,DDW-1600B-03ST.xlsx,03ST
B0303ST,16,289,District - West Tripura ,Urban,Literate,Non-workers_Seeking/availabe for work_Males,1754.0,DDW-1600B-03ST.xlsx,03ST
B0303ST,16,289,District - West Tripura ,Urban,Literate but below matric/secondary,Non-workers_Seeking/availabe for work_Males,514.0,DDW-1600B-03ST.xlsx,03ST
B0303ST,16,289,District - West Tripura ,Urban,Matric/secondary but below graduate,Non-workers_Seeking/availabe for work_Males,913.0,DDW-1600B-03ST.xlsx,03ST
B0303ST,16,289,District - West Tripura ,Urban,Technical diploma or certificate not equal to degree,Non-workers_Seeking/availabe for work_Males,44.0,DDW-1600B-03ST.xlsx,03ST
B0303ST,16,289,District - West Tripura ,Urban,Graduate and above other than technical degree,Non-workers_Seeking/availabe for work_Males,156.0,DDW-1600B-03ST.xlsx,03ST
B0303ST,16,289,District - West Tripura ,Urban,Technical degree or diploma equal to degree or post-graduate degree,Non-workers_Seeking/availabe for work_Males,48.0,DDW-1600B-03ST.xlsx,03ST
B0303ST,16,290,District - South Tripura ,Total,Total,Non-workers_Seeking/availabe for work_Males,7592.0,DDW-1600B-03ST.xlsx,03ST
B0303ST,16,290,District - South Tripura ,Total,Illiterate,Non-workers_Seeking/availabe for work_Males,482.0,DDW-1600B-03ST.xlsx,03ST
B0303ST,16,290,District - South Tripura ,Total,Literate,Non-workers_Seeking/availabe for work_Males,7110.0,DDW-1600B-03ST.xlsx,03ST
B0303ST,16,290,District - South Tripura ,Total,Literate but below matric/secondary,Non-workers_Seeking/availabe for work_Males,4398.0,DDW-1600B-03ST.xlsx,03ST
B0303ST,16,290,District - South Tripura ,Total,Matric/secondary but below graduate,Non-workers_Seeking/availabe for work_Males,2304.0,DDW-1600B-03ST.xlsx,03ST
B0303ST,16,290,District - South Tripura ,Total,Technical diploma or certificate not equal to degree,Non-workers_Seeking/availabe for work_Males,24.0,DDW-1600B-03ST.xlsx,03ST
B0303ST,16,290,District - South Tripura ,Total,Graduate and above other than technical degree,Non-workers_Seeking/availabe for work_Males,222.0,DDW-1600B-03ST.xlsx,03ST
B0303ST,16,290,District - South Tripura ,Total,Technical degree or diploma equal to degree or post-graduate degree,Non-workers_Seeking/availabe for work_Males,32.0,DDW-1600B-03ST.xlsx,03ST
B0303ST,16,290,District - South Tripura ,Rural,Total,Non-workers_Seeking/availabe for work_Males,7362.0,DDW-1600B-03ST.xlsx,03ST
B0303ST,16,290,District - South Tripura ,Rural,Illiterate,Non-workers_Seeking/availabe for work_Males,472.0,DDW-1600B-03ST.xlsx,03ST
B0303ST,16,290,District - South Tripura ,Rural,Literate,Non-workers_Seeking/availabe for work_Males,6890.0,DDW-1600B-03ST.xlsx,03ST
B0303ST,16,290,District - South Tripura ,Rural,Literate but below matric/secondary,Non-workers_Seeking/availabe for work_Males,4281.0,DDW-1600B-03ST.xlsx,03ST
B0303ST,16,290,District - South Tripura ,Rural,Matric/secondary but below graduate,Non-workers_Seeking/availabe for work_Males,2219.0,DDW-1600B-03ST.xlsx,03ST
B0303ST,16,290,District - South Tripura ,Rural,Technical diploma or certificate not equal to degree,Non-workers_Seeking/availabe for work_Males,22.0,DDW-1600B-03ST.xlsx,03ST
B0303ST,16,290,District - South Tripura ,Rural,Graduate and above other than technical degree,Non-workers_Seeking/availabe for work_Males,216.0,DDW-1600B-03ST.xlsx,03ST
B0303ST,16,290,District - South Tripura ,Rural,Technical degree or diploma equal to degree or post-graduate degree,Non-workers_Seeking/availabe for work_Males,30.0,DDW-1600B-03ST.xlsx,03ST
B0303ST,16,290,District - South Tripura ,Urban,Total,Non-workers_Seeking/availabe for work_Males,230.0,DDW-1600B-03ST.xlsx,03ST
B0303ST,16,290,District - South Tripura ,Urban,Illiterate,Non-workers_Seeking/availabe for work_Males,10.0,DDW-1600B-03ST.xlsx,03ST
B0303ST,16,290,District - South Tripura ,Urban,Literate,Non-workers_Seeking/availabe for work_Males,220.0,DDW-1600B-03ST.xlsx,03ST
B0303ST,16,290,District - South Tripura ,Urban,Literate but below matric/secondary,Non-workers_Seeking/availabe for work_Males,117.0,DDW-1600B-03ST.xlsx,03ST
B0303ST,16,290,District - South Tripura ,Urban,Matric/secondary but below graduate,Non-workers_Seeking/availabe for work_Males,85.0,DDW-1600B-03ST.xlsx,03ST
B0303ST,16,290,District - South Tripura ,Urban,Technical diploma or certificate not equal to degree,Non-workers_Seeking/availabe for work_Males,2.0,DDW-1600B-03ST.xlsx,03ST
B0303ST,16,290,District - South Tripura ,Urban,Graduate and above other than technical degree,Non-workers_Seeking/availabe for work_Males,6.0,DDW-1600B-03ST.xlsx,03ST
B0303ST,16,290,District - South Tripura ,Urban,Technical degree or diploma equal to degree or post-graduate degree,Non-workers_Seeking/availabe for work_Males,2.0,DDW-1600B-03ST.xlsx,03ST
B0303ST,16,291,District - Dhalai,Total,Total,Non-workers_Seeking/availabe for work_Males,4954.0,DDW-1600B-03ST.xlsx,03ST
B0303ST,16,291,District - Dhalai,Total,Illiterate,Non-workers_Seeking/availabe for work_Males,306.0,DDW-1600B-03ST.xlsx,03ST
B0303ST,16,291,District - Dhalai,Total,Literate,Non-workers_Seeking/availabe for work_Males,4648.0,DDW-1600B-03ST.xlsx,03ST
B0303ST,16,291,District - Dhalai,Total,Literate but below matric/secondary,Non-workers_Seeking/availabe for work_Males,2918.0,DDW-1600B-03ST.xlsx,03ST
B0303ST,16,291,District - Dhalai,Total,Matric/secondary but below graduate,Non-workers_Seeking/availabe for work_Males,1363.0,DDW-1600B-03ST.xlsx,03ST
B0303ST,16,291,District - Dhalai,Total,Technical diploma or certificate not equal to degree,Non-workers_Seeking/availabe for work_Males,10.0,DDW-1600B-03ST.xlsx,03ST
B0303ST,16,291,District - Dhalai,Total,Graduate and above other than technical degree,Non-workers_Seeking/availabe for work_Males,129.0,DDW-1600B-03ST.xlsx,03ST
B0303ST,16,291,District - Dhalai,Total,Technical degree or diploma equal to degree or post-graduate degree,Non-workers_Seeking/availabe for work_Males,10.0,DDW-1600B-03ST.xlsx,03ST
B0303ST,16,291,District - Dhalai,Rural,Total,Non-workers_Seeking/availabe for work_Males,4787.0,DDW-1600B-03ST.xlsx,03ST
B0303ST,16,291,District - Dhalai,Rural,Illiterate,Non-workers_Seeking/availabe for work_Males,302.0,DDW-1600B-03ST.xlsx,03ST
B0303ST,16,291,District - Dhalai,Rural,Literate,Non-workers_Seeking/availabe for work_Males,4485.0,DDW-1600B-03ST.xlsx,03ST
B0303ST,16,291,District - Dhalai,Rural,Literate but below matric/secondary,Non-workers_Seeking/availabe for work_Males,2855.0,DDW-1600B-03ST.xlsx,03ST
B0303ST,16,291,District - Dhalai,Rural,Matric/secondary but below graduate,Non-workers_Seeking/availabe for work_Males,1289.0,DDW-1600B-03ST.xlsx,03ST
B0303ST,16,291,District - Dhalai,Rural,Technical diploma or certificate not equal to degree,Non-workers_Seeking/availabe for work_Males,8.0,DDW-1600B-03ST.xlsx,03ST
B0303ST,16,291,District - Dhalai,Rural,Graduate and above other than technical degree,Non-workers_Seeking/availabe for work_Males,113.0,DDW-1600B-03ST.xlsx,03ST
B0303ST,16,291,District - Dhalai,Rural,Technical degree or diploma equal to degree or post-graduate degree,Non-workers_Seeking/availabe for work_Males,10.0,DDW-1600B-03ST.xlsx,03ST
B0303ST,16,291,District - Dhalai,Urban,Total,Non-workers_Seeking/availabe for work_Males,167.0,DDW-1600B-03ST.xlsx,03ST
B0303ST,16,291,District - Dhalai,Urban,Illiterate,Non-workers_Seeking/availabe for work_Males,4.0,DDW-1600B-03ST.xlsx,03ST
B0303ST,16,291,District - Dhalai,Urban,Literate,Non-workers_Seeking/availabe for work_Males,163.0,DDW-1600B-03ST.xlsx,03ST
B0303ST,16,291,District - Dhalai,Urban,Literate but below matric/secondary,Non-workers_Seeking/availabe for work_Males,63.0,DDW-1600B-03ST.xlsx,03ST
B0303ST,16,291,District - Dhalai,Urban,Matric/secondary but below graduate,Non-workers_Seeking/availabe for work_Males,74.0,DDW-1600B-03ST.xlsx,03ST
B0303ST,16,291,District - Dhalai,Urban,Technical diploma or certificate not equal to degree,Non-workers_Seeking/availabe for work_Males,2.0,DDW-1600B-03ST.xlsx,03ST
B0303ST,16,291,District - Dhalai,Urban,Graduate and above other than technical degree,Non-workers_Seeking/availabe for work_Males,16.0,DDW-1600B-03ST.xlsx,03ST
B0303ST,16,291,District - Dhalai,Urban,Technical degree or diploma equal to degree or post-graduate degree,Non-workers_Seeking/availabe for work_Males,0.0,DDW-1600B-03ST.xlsx,03ST
B0303ST,16,292,District - North Tripura,Total,Total,Non-workers_Seeking/availabe for work_Males,7875.0,DDW-1600B-03ST.xlsx,03ST
B0303ST,16,292,District - North Tripura,Total,Illiterate,Non-workers_Seeking/availabe for work_Males,2296.0,DDW-1600B-03ST.xlsx,03ST
B0303ST,16,292,District - North Tripura,Total,Literate,Non-workers_Seeking/availabe for work_Males,5579.0,DDW-1600B-03ST.xlsx,03ST
B0303ST,16,292,District - North Tripura,Total,Literate but below matric/secondary,Non-workers_Seeking/availabe for work_Males,3948.0,DDW-1600B-03ST.xlsx,03ST
B0303ST,16,292,District - North Tripura,Total,Matric/secondary but below graduate,Non-workers_Seeking/availabe for work_Males,1219.0,DDW-1600B-03ST.xlsx,03ST
B0303ST,16,292,District - North Tripura,Total,Technical diploma or certificate not equal to degree,Non-workers_Seeking/availabe for work_Males,16.0,DDW-1600B-03ST.xlsx,03ST
B0303ST,16,292,District - North Tripura,Total,Graduate and above other than technical degree,Non-workers_Seeking/availabe for work_Males,133.0,DDW-1600B-03ST.xlsx,03ST
B0303ST,16,292,District - North Tripura,Total,Technical degree or diploma equal to degree or post-graduate degree,Non-workers_Seeking/availabe for work_Males,15.0,DDW-1600B-03ST.xlsx,03ST
B0303ST,16,292,District - North Tripura,Rural,Total,Non-workers_Seeking/availabe for work_Males,7457.0,DDW-1600B-03ST.xlsx,03ST
B0303ST,16,292,District - North Tripura,Rural,Illiterate,Non-workers_Seeking/availabe for work_Males,2283.0,DDW-1600B-03ST.xlsx,03ST
B0303ST,16,292,District - North Tripura,Rural,Literate,Non-workers_Seeking/availabe for work_Males,5174.0,DDW-1600B-03ST.xlsx,03ST
B0303ST,16,292,District - North Tripura,Rural,Literate but below matric/secondary,Non-workers_Seeking/availabe for work_Males,3785.0,DDW-1600B-03ST.xlsx,03ST
B0303ST,16,292,District - North Tripura,Rural,Matric/secondary but below graduate,Non-workers_Seeking/availabe for work_Males,1043.0,DDW-1600B-03ST.xlsx,03ST
B0303ST,16,292,District - North Tripura,Rural,Technical diploma or certificate not equal to degree,Non-workers_Seeking/availabe for work_Males,1.0,DDW-1600B-03ST.xlsx,03ST
B0303ST,16,292,District - North Tripura,Rural,Graduate and above other than technical degree,Non-workers_Seeking/availabe for work_Males,107.0,DDW-1600B-03ST.xlsx,03ST
B0303ST,16,292,District - North Tripura,Rural,Technical degree or diploma equal to degree or post-graduate degree,Non-workers_Seeking/availabe for work_Males,6.0,DDW-1600B-03ST.xlsx,03ST
B0303ST,16,292,District - North Tripura,Urban,Total,Non-workers_Seeking/availabe for work_Males,418.0,DDW-1600B-03ST.xlsx,03ST
B0303ST,16,292,District - North Tripura,Urban,Illiterate,Non-workers_Seeking/availabe for work_Males,13.0,DDW-1600B-03ST.xlsx,03ST
B0303ST,16,292,District - North Tripura,Urban,Literate,Non-workers_Seeking/availabe for work_Males,405.0,DDW-1600B-03ST.xlsx,03ST
B0303ST,16,292,District - North Tripura,Urban,Literate but below matric/secondary,Non-workers_Seeking/availabe for work_Males,163.0,DDW-1600B-03ST.xlsx,03ST
B0303ST,16,292,District - North Tripura,Urban,Matric/secondary but below graduate,Non-workers_Seeking/availabe for work_Males,176.0,DDW-1600B-03ST.xlsx,03ST
B0303ST,16,292,District - North Tripura,Urban,Technical diploma or certificate not equal to degree,Non-workers_Seeking/availabe for work_Males,15.0,DDW-1600B-03ST.xlsx,03ST
B0303ST,16,292,District - North Tripura,Urban,Graduate and above other than technical degree,Non-workers_Seeking/availabe for work_Males,26.0,DDW-1600B-03ST.xlsx,03ST
B0303ST,16,292,District - North Tripura,Urban,Technical degree or diploma equal to degree or post-graduate degree,Non-workers_Seeking/availabe for work_Males,9.0,DDW-1600B-03ST.xlsx,03ST
B0303ST,16,000,State - TRIPURA,Total,Total,Non-workers_Seeking/availabe for work_Females,71456.0,DDW-1600B-03ST.xlsx,03ST
B0303ST,16,000,State - TRIPURA,Total,Illiterate,Non-workers_Seeking/availabe for work_Females,15744.0,DDW-1600B-03ST.xlsx,03ST
B0303ST,16,000,State - TRIPURA,Total,Literate,Non-workers_Seeking/availabe for work_Females,55712.0,DDW-1600B-03ST.xlsx,03ST
B0303ST,16,000,State - TRIPURA,Total,Literate but below matric/secondary,Non-workers_Seeking/availabe for work_Females,37535.0,DDW-1600B-03ST.xlsx,03ST
B0303ST,16,000,State - TRIPURA,Total,Matric/secondary but below graduate,Non-workers_Seeking/availabe for work_Females,12789.0,DDW-1600B-03ST.xlsx,03ST
B0303ST,16,000,State - TRIPURA,Total,Technical diploma or certificate not equal to degree,Non-workers_Seeking/availabe for work_Females,57.0,DDW-1600B-03ST.xlsx,03ST
B0303ST,16,000,State - TRIPURA,Total,Graduate and above other than technical degree,Non-workers_Seeking/availabe for work_Females,1086.0,DDW-1600B-03ST.xlsx,03ST
B0303ST,16,000,State - TRIPURA,Total,Technical degree or diploma equal to degree or post-graduate degree,Non-workers_Seeking/availabe for work_Females,94.0,DDW-1600B-03ST.xlsx,03ST
B0303ST,16,000,State - TRIPURA,Rural,Total,Non-workers_Seeking/availabe for work_Females,65767.0,DDW-1600B-03ST.xlsx,03ST
B0303ST,16,000,State - TRIPURA,Rural,Illiterate,Non-workers_Seeking/availabe for work_Females,15417.0,DDW-1600B-03ST.xlsx,03ST
B0303ST,16,000,State - TRIPURA,Rural,Literate,Non-workers_Seeking/availabe for work_Females,50350.0,DDW-1600B-03ST.xlsx,03ST
B0303ST,16,000,State - TRIPURA,Rural,Literate but below matric/secondary,Non-workers_Seeking/availabe for work_Females,34776.0,DDW-1600B-03ST.xlsx,03ST
B0303ST,16,000,State - TRIPURA,Rural,Matric/secondary but below graduate,Non-workers_Seeking/availabe for work_Females,10811.0,DDW-1600B-03ST.xlsx,03ST
B0303ST,16,000,State - TRIPURA,Rural,Technical diploma or certificate not equal to degree,Non-workers_Seeking/availabe for work_Females,37.0,DDW-1600B-03ST.xlsx,03ST
B0303ST,16,000,State - TRIPURA,Rural,Graduate and above other than technical degree,Non-workers_Seeking/availabe for work_Females,773.0,DDW-1600B-03ST.xlsx,03ST
B0303ST,16,000,State - TRIPURA,Rural,Technical degree or diploma equal to degree or post-graduate degree,Non-workers_Seeking/availabe for work_Females,46.0,DDW-1600B-03ST.xlsx,03ST
B0303ST,16,000,State - TRIPURA,Urban,Total,Non-workers_Seeking/availabe for work_Females,5689.0,DDW-1600B-03ST.xlsx,03ST
B0303ST,16,000,State - TRIPURA,Urban,Illiterate,Non-workers_Seeking/availabe for work_Females,327.0,DDW-1600B-03ST.xlsx,03ST
B0303ST,16,000,State - TRIPURA,Urban,Literate,Non-workers_Seeking/availabe for work_Females,5362.0,DDW-1600B-03ST.xlsx,03ST
B0303ST,16,000,State - TRIPURA,Urban,Literate but below matric/secondary,Non-workers_Seeking/availabe for work_Females,2759.0,DDW-1600B-03ST.xlsx,03ST
B0303ST,16,000,State - TRIPURA,Urban,Matric/secondary but below graduate,Non-workers_Seeking/availabe for work_Females,1978.0,DDW-1600B-03ST.xlsx,03ST
B0303ST,16,000,State - TRIPURA,Urban,Technical diploma or certificate not equal to degree,Non-workers_Seeking/availabe for work_Females,20.0,DDW-1600B-03ST.xlsx,03ST
B0303ST,16,000,State - TRIPURA,Urban,Graduate and above other than technical degree,Non-workers_Seeking/availabe for work_Females,313.0,DDW-1600B-03ST.xlsx,03ST
B0303ST,16,000,State - TRIPURA,Urban,Technical degree or diploma equal to degree or post-graduate degree,Non-workers_Seeking/availabe for work_Females,48.0,DDW-1600B-03ST.xlsx,03ST
B0303ST,16,289,District - West Tripura ,Total,Total,Non-workers_Seeking/availabe for work_Females,28864.0,DDW-1600B-03ST.xlsx,03ST
B0303ST,16,289,District - West Tripura ,Total,Illiterate,Non-workers_Seeking/availabe for work_Females,3655.0,DDW-1600B-03ST.xlsx,03ST
B0303ST,16,289,District - West Tripura ,Total,Literate,Non-workers_Seeking/availabe for work_Females,25209.0,DDW-1600B-03ST.xlsx,03ST
B0303ST,16,289,District - West Tripura ,Total,Literate but below matric/secondary,Non-workers_Seeking/availabe for work_Females,15248.0,DDW-1600B-03ST.xlsx,03ST
B0303ST,16,289,District - West Tripura ,Total,Matric/secondary but below graduate,Non-workers_Seeking/availabe for work_Females,7829.0,DDW-1600B-03ST.xlsx,03ST
B0303ST,16,289,District - West Tripura ,Total,Technical diploma or certificate not equal to degree,Non-workers_Seeking/availabe for work_Females,34.0,DDW-1600B-03ST.xlsx,03ST
B0303ST,16,289,District - West Tripura ,Total,Graduate and above other than technical degree,Non-workers_Seeking/availabe for work_Females,716.0,DDW-1600B-03ST.xlsx,03ST
B0303ST,16,289,District - West Tripura ,Total,Technical degree or diploma equal to degree or post-graduate degree,Non-workers_Seeking/availabe for work_Females,65.0,DDW-1600B-03ST.xlsx,03ST
B0303ST,16,289,District - West Tripura ,Rural,Total,Non-workers_Seeking/availabe for work_Females,25062.0,DDW-1600B-03ST.xlsx,03ST
B0303ST,16,289,District - West Tripura ,Rural,Illiterate,Non-workers_Seeking/availabe for work_Females,3531.0,DDW-1600B-03ST.xlsx,03ST
B0303ST,16,289,District - West Tripura ,Rural,Literate,Non-workers_Seeking/availabe for work_Females,21531.0,DDW-1600B-03ST.xlsx,03ST
B0303ST,16,289,District - West Tripura ,Rural,Literate but below matric/secondary,Non-workers_Seeking/availabe for work_Females,13545.0,DDW-1600B-03ST.xlsx,03ST
B0303ST,16,289,District - West Tripura ,Rural,Matric/secondary but below graduate,Non-workers_Seeking/availabe for work_Females,6320.0,DDW-1600B-03ST.xlsx,03ST
B0303ST,16,289,District - West Tripura ,Rural,Technical diploma or certificate not equal to degree,Non-workers_Seeking/availabe for work_Females,19.0,DDW-1600B-03ST.xlsx,03ST
B0303ST,16,289,District - West Tripura ,Rural,Graduate and above other than technical degree,Non-workers_Seeking/availabe for work_Females,449.0,DDW-1600B-03ST.xlsx,03ST
B0303ST,16,289,District - West Tripura ,Rural,Technical degree or diploma equal to degree or post-graduate degree,Non-workers_Seeking/availabe for work_Females,23.0,DDW-1600B-03ST.xlsx,03ST
B0303ST,16,289,District - West Tripura ,Urban,Total,Non-workers_Seeking/availabe for work_Females,3802.0,DDW-1600B-03ST.xlsx,03ST
B0303ST,16,289,District - West Tripura ,Urban,Illiterate,Non-workers_Seeking/availabe for work_Females,124.0,DDW-1600B-03ST.xlsx,03ST
B0303ST,16,289,District - West Tripura ,Urban,Literate,Non-workers_Seeking/availabe for work_Females,3678.0,DDW-1600B-03ST.xlsx,03ST
B0303ST,16,289,District - West Tripura ,Urban,Literate but below matric/secondary,Non-workers_Seeking/availabe for work_Females,1703.0,DDW-1600B-03ST.xlsx,03ST
B0303ST,16,289,District - West Tripura ,Urban,Matric/secondary but below graduate,Non-workers_Seeking/availabe for work_Females,1509.0,DDW-1600B-03ST.xlsx,03ST
B0303ST,16,289,District - West Tripura ,Urban,Technical diploma or certificate not equal to degree,Non-workers_Seeking/availabe for work_Females,15.0,DDW-1600B-03ST.xlsx,03ST
B0303ST,16,289,District - West Tripura ,Urban,Graduate and above other than technical degree,Non-workers_Seeking/availabe for work_Females,267.0,DDW-1600B-03ST.xlsx,03ST
B0303ST,16,289,District - West Tripura ,Urban,Technical degree or diploma equal to degree or post-graduate degree,Non-workers_Seeking/availabe for work_Females,42.0,DDW-1600B-03ST.xlsx,03ST
B0303ST,16,290,District - South Tripura ,Total,Total,Non-workers_Seeking/availabe for work_Females,17548.0,DDW-1600B-03ST.xlsx,03ST
B0303ST,16,290,District - South Tripura ,Total,Illiterate,Non-workers_Seeking/availabe for work_Females,4231.0,DDW-1600B-03ST.xlsx,03ST
B0303ST,16,290,District - South Tripura ,Total,Literate,Non-workers_Seeking/availabe for work_Females,13317.0,DDW-1600B-03ST.xlsx,03ST
B0303ST,16,290,District - South Tripura ,Total,Literate but below matric/secondary,Non-workers_Seeking/availabe for work_Females,10160.0,DDW-1600B-03ST.xlsx,03ST
B0303ST,16,290,District - South Tripura ,Total,Matric/secondary but below graduate,Non-workers_Seeking/availabe for work_Females,2266.0,DDW-1600B-03ST.xlsx,03ST
B0303ST,16,290,District - South Tripura ,Total,Technical diploma or certificate not equal to degree,Non-workers_Seeking/availabe for work_Females,12.0,DDW-1600B-03ST.xlsx,03ST
B0303ST,16,290,District - South Tripura ,Total,Graduate and above other than technical degree,Non-workers_Seeking/availabe for work_Females,176.0,DDW-1600B-03ST.xlsx,03ST
B0303ST,16,290,District - South Tripura ,Total,Technical degree or diploma equal to degree or post-graduate degree,Non-workers_Seeking/availabe for work_Females,13.0,DDW-1600B-03ST.xlsx,03ST
B0303ST,16,290,District - South Tripura ,Rural,Total,Non-workers_Seeking/availabe for work_Females,17008.0,DDW-1600B-03ST.xlsx,03ST
B0303ST,16,290,District - South Tripura ,Rural,Illiterate,Non-workers_Seeking/availabe for work_Females,4157.0,DDW-1600B-03ST.xlsx,03ST
B0303ST,16,290,District - South Tripura ,Rural,Literate,Non-workers_Seeking/availabe for work_Females,12851.0,DDW-1600B-03ST.xlsx,03ST
B0303ST,16,290,District - South Tripura ,Rural,Literate but below matric/secondary,Non-workers_Seeking/availabe for work_Females,9855.0,DDW-1600B-03ST.xlsx,03ST
B0303ST,16,290,District - South Tripura ,Rural,Matric/secondary but below graduate,Non-workers_Seeking/availabe for work_Females,2147.0,DDW-1600B-03ST.xlsx,03ST
B0303ST,16,290,District - South Tripura ,Rural,Technical diploma or certificate not equal to degree,Non-workers_Seeking/availabe for work_Females,11.0,DDW-1600B-03ST.xlsx,03ST
B0303ST,16,290,District - South Tripura ,Rural,Graduate and above other than technical degree,Non-workers_Seeking/availabe for work_Females,161.0,DDW-1600B-03ST.xlsx,03ST
B0303ST,16,290,District - South Tripura ,Rural,Technical degree or diploma equal to degree or post-graduate degree,Non-workers_Seeking/availabe for work_Females,12.0,DDW-1600B-03ST.xlsx,03ST
B0303ST,16,290,District - South Tripura ,Urban,Total,Non-workers_Seeking/availabe for work_Females,540.0,DDW-1600B-03ST.xlsx,03ST
B0303ST,16,290,District - South Tripura ,Urban,Illiterate,Non-workers_Seeking/availabe for work_Females,74.0,DDW-1600B-03ST.xlsx,03ST
B0303ST,16,290,District - South Tripura ,Urban,Literate,Non-workers_Seeking/availabe for work_Females,466.0,DDW-1600B-03ST.xlsx,03ST
B0303ST,16,290,District - South Tripura ,Urban,Literate but below matric/secondary,Non-workers_Seeking/availabe for work_Females,305.0,DDW-1600B-03ST.xlsx,03ST
B0303ST,16,290,District - South Tripura ,Urban,Matric/secondary but below graduate,Non-workers_Seeking/availabe for work_Females,119.0,DDW-1600B-03ST.xlsx,03ST
B0303ST,16,290,District - South Tripura ,Urban,Technical diploma or certificate not equal to degree,Non-workers_Seeking/availabe for work_Females,1.0,DDW-1600B-03ST.xlsx,03ST
B0303ST,16,290,District - South Tripura ,Urban,Graduate and above other than technical degree,Non-workers_Seeking/availabe for work_Females,15.0,DDW-1600B-03ST.xlsx,03ST
B0303ST,16,290,District - South Tripura ,Urban,Technical degree or diploma equal to degree or post-graduate degree,Non-workers_Seeking/availabe for work_Females,1.0,DDW-1600B-03ST.xlsx,03ST
B0303ST,16,291,District - Dhalai,Total,Total,Non-workers_Seeking/availabe for work_Females,12559.0,DDW-1600B-03ST.xlsx,03ST
B0303ST,16,291,District - Dhalai,Total,Illiterate,Non-workers_Seeking/availabe for work_Females,3196.0,DDW-1600B-03ST.xlsx,03ST
B0303ST,16,291,District - Dhalai,Total,Literate,Non-workers_Seeking/availabe for work_Females,9363.0,DDW-1600B-03ST.xlsx,03ST
B0303ST,16,291,District - Dhalai,Total,Literate but below matric/secondary,Non-workers_Seeking/availabe for work_Females,6213.0,DDW-1600B-03ST.xlsx,03ST
B0303ST,16,291,District - Dhalai,Total,Matric/secondary but below graduate,Non-workers_Seeking/availabe for work_Females,1501.0,DDW-1600B-03ST.xlsx,03ST
B0303ST,16,291,District - Dhalai,Total,Technical diploma or certificate not equal to degree,Non-workers_Seeking/availabe for work_Females,5.0,DDW-1600B-03ST.xlsx,03ST
B0303ST,16,291,District - Dhalai,Total,Graduate and above other than technical degree,Non-workers_Seeking/availabe for work_Females,100.0,DDW-1600B-03ST.xlsx,03ST
B0303ST,16,291,District - Dhalai,Total,Technical degree or diploma equal to degree or post-graduate degree,Non-workers_Seeking/availabe for work_Females,8.0,DDW-1600B-03ST.xlsx,03ST
B0303ST,16,291,District - Dhalai,Rural,Total,Non-workers_Seeking/availabe for work_Females,12180.0,DDW-1600B-03ST.xlsx,03ST
B0303ST,16,291,District - Dhalai,Rural,Illiterate,Non-workers_Seeking/availabe for work_Females,3156.0,DDW-1600B-03ST.xlsx,03ST
B0303ST,16,291,District - Dhalai,Rural,Literate,Non-workers_Seeking/availabe for work_Females,9024.0,DDW-1600B-03ST.xlsx,03ST
B0303ST,16,291,District - Dhalai,Rural,Literate but below matric/secondary,Non-workers_Seeking/availabe for work_Females,6025.0,DDW-1600B-03ST.xlsx,03ST
B0303ST,16,291,District - Dhalai,Rural,Matric/secondary but below graduate,Non-workers_Seeking/availabe for work_Females,1399.0,DDW-1600B-03ST.xlsx,03ST
B0303ST,16,291,District - Dhalai,Rural,Technical diploma or certificate not equal to degree,Non-workers_Seeking/availabe for work_Females,3.0,DDW-1600B-03ST.xlsx,03ST
B0303ST,16,291,District - Dhalai,Rural,Graduate and above other than technical degree,Non-workers_Seeking/availabe for work_Females,90.0,DDW-1600B-03ST.xlsx,03ST
B0303ST,16,291,District - Dhalai,Rural,Technical degree or diploma equal to degree or post-graduate degree,Non-workers_Seeking/availabe for work_Females,7.0,DDW-1600B-03ST.xlsx,03ST
B0303ST,16,291,District - Dhalai,Urban,Total,Non-workers_Seeking/availabe for work_Females,379.0,DDW-1600B-03ST.xlsx,03ST
B0303ST,16,291,District - Dhalai,Urban,Illiterate,Non-workers_Seeking/availabe for work_Females,40.0,DDW-1600B-03ST.xlsx,03ST
B0303ST,16,291,District - Dhalai,Urban,Literate,Non-workers_Seeking/availabe for work_Females,339.0,DDW-1600B-03ST.xlsx,03ST
B0303ST,16,291,District - Dhalai,Urban,Literate but below matric/secondary,Non-workers_Seeking/availabe for work_Females,188.0,DDW-1600B-03ST.xlsx,03ST
B0303ST,16,291,District - Dhalai,Urban,Matric/secondary but below graduate,Non-workers_Seeking/availabe for work_Females,102.0,DDW-1600B-03ST.xlsx,03ST
B0303ST,16,291,District - Dhalai,Urban,Technical diploma or certificate not equal to degree,Non-workers_Seeking/availabe for work_Females,2.0,DDW-1600B-03ST.xlsx,03ST
B0303ST,16,291,District - Dhalai,Urban,Graduate and above other than technical degree,Non-workers_Seeking/availabe for work_Females,10.0,DDW-1600B-03ST.xlsx,03ST
B0303ST,16,291,District - Dhalai,Urban,Technical degree or diploma equal to degree or post-graduate degree,Non-workers_Seeking/availabe for work_Females,1.0,DDW-1600B-03ST.xlsx,03ST
B0303ST,16,292,District - North Tripura,Total,Total,Non-workers_Seeking/availabe for work_Females,12485.0,DDW-1600B-03ST.xlsx,03ST
B0303ST,16,292,District - North Tripura,Total,Illiterate,Non-workers_Seeking/availabe for work_Females,4662.0,DDW-1600B-03ST.xlsx,03ST
B0303ST,16,292,District - North Tripura,Total,Literate,Non-workers_Seeking/availabe for work_Females,7823.0,DDW-1600B-03ST.xlsx,03ST
B0303ST,16,292,District - North Tripura,Total,Literate but below matric/secondary,Non-workers_Seeking/availabe for work_Females,5914.0,DDW-1600B-03ST.xlsx,03ST
B0303ST,16,292,District - North Tripura,Total,Matric/secondary but below graduate,Non-workers_Seeking/availabe for work_Females,1193.0,DDW-1600B-03ST.xlsx,03ST
B0303ST,16,292,District - North Tripura,Total,Technical diploma or certificate not equal to degree,Non-workers_Seeking/availabe for work_Females,6.0,DDW-1600B-03ST.xlsx,03ST
B0303ST,16,292,District - North Tripura,Total,Graduate and above other than technical degree,Non-workers_Seeking/availabe for work_Females,94.0,DDW-1600B-03ST.xlsx,03ST
B0303ST,16,292,District - North Tripura,Total,Technical degree or diploma equal to degree or post-graduate degree,Non-workers_Seeking/availabe for work_Females,8.0,DDW-1600B-03ST.xlsx,03ST
B0303ST,16,292,District - North Tripura,Rural,Total,Non-workers_Seeking/availabe for work_Females,11517.0,DDW-1600B-03ST.xlsx,03ST
B0303ST,16,292,District - North Tripura,Rural,Illiterate,Non-workers_Seeking/availabe for work_Females,4573.0,DDW-1600B-03ST.xlsx,03ST
B0303ST,16,292,District - North Tripura,Rural,Literate,Non-workers_Seeking/availabe for work_Females,6944.0,DDW-1600B-03ST.xlsx,03ST
B0303ST,16,292,District - North Tripura,Rural,Literate but below matric/secondary,Non-workers_Seeking/availabe for work_Females,5351.0,DDW-1600B-03ST.xlsx,03ST
B0303ST,16,292,District - North Tripura,Rural,Matric/secondary but below graduate,Non-workers_Seeking/availabe for work_Females,945.0,DDW-1600B-03ST.xlsx,03ST
B0303ST,16,292,District - North Tripura,Rural,Technical diploma or certificate not equal to degree,Non-workers_Seeking/availabe for work_Females,4.0,DDW-1600B-03ST.xlsx,03ST
B0303ST,16,292,District - North Tripura,Rural,Graduate and above other than technical degree,Non-workers_Seeking/availabe for work_Females,73.0,DDW-1600B-03ST.xlsx,03ST
B0303ST,16,292,District - North Tripura,Rural,Technical degree or diploma equal to degree or post-graduate degree,Non-workers_Seeking/availabe for work_Females,4.0,DDW-1600B-03ST.xlsx,03ST
B0303ST,16,292,District - North Tripura,Urban,Total,Non-workers_Seeking/availabe for work_Females,968.0,DDW-1600B-03ST.xlsx,03ST
B0303ST,16,292,District - North Tripura,Urban,Illiterate,Non-workers_Seeking/availabe for work_Females,89.0,DDW-1600B-03ST.xlsx,03ST
B0303ST,16,292,District - North Tripura,Urban,Literate,Non-workers_Seeking/availabe for work_Females,879.0,DDW-1600B-03ST.xlsx,03ST
B0303ST,16,292,District - North Tripura,Urban,Literate but below matric/secondary,Non-workers_Seeking/availabe for work_Females,563.0,DDW-1600B-03ST.xlsx,03ST
B0303ST,16,292,District - North Tripura,Urban,Matric/secondary but below graduate,Non-workers_Seeking/availabe for work_Females,248.0,DDW-1600B-03ST.xlsx,03ST
B0303ST,16,292,District - North Tripura,Urban,Technical diploma or certificate not equal to degree,Non-workers_Seeking/availabe for work_Females,2.0,DDW-1600B-03ST.xlsx,03ST
B0303ST,16,292,District - North Tripura,Urban,Graduate and above other than technical degree,Non-workers_Seeking/availabe for work_Females,21.0,DDW-1600B-03ST.xlsx,03ST
B0303ST,16,292,District - North Tripura,Urban,Technical degree or diploma equal to degree or post-graduate degree,Non-workers_Seeking/availabe for work_Females,4.0,DDW-1600B-03ST.xlsx,03ST
