table_name,state_code,district_code,area_name,total_rural_urban,age_group,metric,value,source_file,dataset_code
B0301ST,31,000,State - LAKSHADWEEP (31),Total,Total,Population_Persons,61120,DDW-3100B-01ST-Census.xls,01ST
B0301ST,31,000,State - LAKSHADWEEP (31),Total,5-14,Population_Persons,11112,DDW-3100B-01ST-Census.xls,01ST
B0301ST,31,000,State - LAKSHADWEEP (31),Total,15-34,Population_Persons,21407,DDW-3100B-01ST-Census.xls,01ST
B0301ST,31,000,State - LAKSHADWEEP (31),Total,35-59,Population_Persons,18387,DDW-3100B-01ST-Census.xls,01ST
B0301ST,31,000,State - LAKSHADWEEP (31),Total,60+,Population_Persons,5197,DDW-3100B-01ST-Census.xls,01ST
B0301ST,31,000,State - LAKSHADWEEP (31),Total,Age not stated,Population_Persons,108,DDW-3100B-01ST-Census.xls,01ST
B0301ST,31,000,State - LAKSHADWEEP (31),Total,15-59,Population_Persons,39794,DDW-3100B-01ST-Census.xls,01ST
B0301ST,31,000,State - LAKSHADWEEP (31),Rural,Total,Population_Persons,13463,DDW-3100B-01ST-Census.xls,01ST
B0301ST,31,000,State - LAKSHADWEEP (31),Rural,5-14,Population_Persons,2700,DDW-3100B-01ST-Census.xls,01ST
B0301ST,31,000,State - LAKSHADWEEP (31),Rural,15-34,Population_Persons,4634,DDW-3100B-01ST-Census.xls,01ST
B0301ST,31,000,State - LAKSHADWEEP (31),Rural,35-59,Population_Persons,3830,DDW-3100B-01ST-Census.xls,01ST
B0301ST,31,000,State - LAKSHADWEEP (31),Rural,60+,Population_Persons,1089,DDW-3100B-01ST-Census.xls,01ST
B0301ST,31,000,State - LAKSHADWEEP (31),Rural,Age not stated,Population_Persons,23,DDW-3100B-01ST-Census.xls,01ST
B0301ST,31,000,State - LAKSHADWEEP (31),Rural,15-59,Population_Persons,8464,DDW-3100B-01ST-Census.xls,01ST
B0301ST,31,000,State - LAKSHADWEEP (31),Urban,Total,Population_Persons,47657,DDW-3100B-01ST-Census.xls,01ST
B0301ST,31,000,State - LAKSHADWEEP (31),Urban,5-14,Population_Persons,8412,DDW-3100B-01ST-Census.xls,01ST
B0301ST,31,000,State - LAKSHADWEEP (31),Urban,15-34,Population_Persons,16773,DDW-3100B-01ST-Census.xls,01ST
B0301ST,31,000,State - LAKSHADWEEP (31),Urban,35-59,Population_Persons,14557,DDW-3100B-01ST-Census.xls,01ST
B0301ST,31,000,State - LAKSHADWEEP (31),Urban,60+,Population_Persons,4108,DDW-3100B-01ST-Census.xls,01ST
B0301ST,31,000,State - LAKSHADWEEP (31),Urban,Age not stated,Population_Persons,85,DDW-3100B-01ST-Census.xls,01ST
B0301ST,31,000,State - LAKSHADWEEP (31),Urban,15-59,Population_Persons,31330,DDW-3100B-01ST-Census.xls,01ST
B0301ST,31,587,District - Lakshadweep (01),Total,Total,Population_Persons,61120,DDW-3100B-01ST-Census.xls,01ST
B0301ST,31,587,District - Lakshadweep (01),Total,5-14,Population_Persons,11112,DDW-3100B-01ST-Census.xls,01ST
B0301ST,31,587,District - Lakshadweep (01),Total,15-34,Population_Persons,21407,DDW-3100B-01ST-Census.xls,01ST
B0301ST,31,587,District - Lakshadweep (01),Total,35-59,Population_Persons,18387,DDW-3100B-01ST-Census.xls,01ST
B0301ST,31,587,District - Lakshadweep (01),Total,60+,Population_Persons,5197,DDW-3100B-01ST-Census.xls,01ST
B0301ST,31,587,District - Lakshadweep (01),Total,Age not stated,Population_Persons,108,DDW-3100B-01ST-Census.xls,01ST
B0301ST,31,587,District - Lakshadweep (01),Total,15-59,Population_Persons,39794,DDW-3100B-01ST-Census.xls,01ST
B0301ST,31,587,District - Lakshadweep (01),Rural,Total,Population_Persons,13463,DDW-3100B-01ST-Census.xls,01ST
B0301ST,31,587,District - Lakshadweep (01),Rural,5-14,Population_Persons,2700,DDW-3100B-01ST-Census.xls,01ST
B0301ST,31,587,District - Lakshadweep (01),Rural,15-34,Population_Persons,4634,DDW-3100B-01ST-Census.xls,01ST
B0301ST,31,587,District - Lakshadweep (01),Rural,35-59,Population_Persons,3830,DDW-3100B-01ST-Census.xls,01ST
B0301ST,31,587,District - Lakshadweep (01),Rural,60+,Population_Persons,1089,DDW-3100B-01ST-Census.xls,01ST
B0301ST,31,587,District - Lakshadweep (01),Rural,Age not stated,Population_Persons,23,DDW-3100B-01ST-Census.xls,01ST
B0301ST,31,587,District - Lakshadweep (01),Rural,15-59,Population_Persons,8464,DDW-3100B-01ST-Census.xls,01ST
B0301ST,31,587,District - Lakshadweep (01),Urban,Total,Population_Persons,47657,DDW-3100B-01ST-Census.xls,01ST
B0301ST,31,587,District - Lakshadweep (01),Urban,5-14,Population_Persons,8412,DDW-3100B-01ST-Census.xls,01ST
B0301ST,31,587,District - Lakshadweep (01),Urban,15-34,Population_Persons,16773,DDW-3100B-01ST-Census.xls,01ST
B0301ST,31,587,District - Lakshadweep (01),Urban,35-59,Population_Persons,14557,DDW-3100B-01ST-Census.xls,01ST
B0301ST,31,587,District - Lakshadweep (01),Urban,60+,Population_Persons,4108,DDW-3100B-01ST-Census.xls,01ST
B0301ST,31,587,District - Lakshadweep (01),Urban,Age not stated,Population_Persons,85,DDW-3100B-01ST-Census.xls,01ST
B0301ST,31,587,District - Lakshadweep (01),Urban,15-59,Population_Persons,31330,DDW-3100B-01ST-Census.xls,01ST
B0301ST,31,000,State - LAKSHADWEEP (31),Total,Total,Population_Males,30515,DDW-3100B-01ST-Census.xls,01ST
B0301ST,31,000,State - LAKSHADWEEP (31),Total,5-14,Population_Males,5469,DDW-3100B-01ST-Census.xls,01ST
B0301ST,31,000,State - LAKSHADWEEP (31),Total,15-34,Population_Males,10595,DDW-3100B-01ST-Census.xls,01ST
B0301ST,31,000,State - LAKSHADWEEP (31),Total,35-59,Population_Males,9179,DDW-3100B-01ST-Census.xls,01ST
B0301ST,31,000,State - LAKSHADWEEP (31),Total,60+,Population_Males,2623,DDW-3100B-01ST-Census.xls,01ST
B0301ST,31,000,State - LAKSHADWEEP (31),Total,Age not stated,Population_Males,69,DDW-3100B-01ST-Census.xls,01ST
B0301ST,31,000,State - LAKSHADWEEP (31),Total,15-59,Population_Males,19774,DDW-3100B-01ST-Census.xls,01ST
B0301ST,31,000,State - LAKSHADWEEP (31),Rural,Total,Population_Males,6752,DDW-3100B-01ST-Census.xls,01ST
B0301ST,31,000,State - LAKSHADWEEP (31),Rural,5-14,Population_Males,1301,DDW-3100B-01ST-Census.xls,01ST
B0301ST,31,000,State - LAKSHADWEEP (31),Rural,15-34,Population_Males,2260,DDW-3100B-01ST-Census.xls,01ST
B0301ST,31,000,State - LAKSHADWEEP (31),Rural,35-59,Population_Males,1988,DDW-3100B-01ST-Census.xls,01ST
B0301ST,31,000,State - LAKSHADWEEP (31),Rural,60+,Population_Males,579,DDW-3100B-01ST-Census.xls,01ST
B0301ST,31,000,State - LAKSHADWEEP (31),Rural,Age not stated,Population_Males,16,DDW-3100B-01ST-Census.xls,01ST
B0301ST,31,000,State - LAKSHADWEEP (31),Rural,15-59,Population_Males,4248,DDW-3100B-01ST-Census.xls,01ST
B0301ST,31,000,State - LAKSHADWEEP (31),Urban,Total,Population_Males,23763,DDW-3100B-01ST-Census.xls,01ST
B0301ST,31,000,State - LAKSHADWEEP (31),Urban,5-14,Population_Males,4168,DDW-3100B-01ST-Census.xls,01ST
B0301ST,31,000,State - LAKSHADWEEP (31),Urban,15-34,Population_Males,8335,DDW-3100B-01ST-Census.xls,01ST
B0301ST,31,000,State - LAKSHADWEEP (31),Urban,35-59,Population_Males,7191,DDW-3100B-01ST-Census.xls,01ST
B0301ST,31,000,State - LAKSHADWEEP (31),Urban,60+,Population_Males,2044,DDW-3100B-01ST-Census.xls,01ST
B0301ST,31,000,State - LAKSHADWEEP (31),Urban,Age not stated,Population_Males,53,DDW-3100B-01ST-Census.xls,01ST
B0301ST,31,000,State - LAKSHADWEEP (31),Urban,15-59,Population_Males,15526,DDW-3100B-01ST-Census.xls,01ST
B0301ST,31,587,District - Lakshadweep (01),Total,Total,Population_Males,30515,DDW-3100B-01ST-Census.xls,01ST
B0301ST,31,587,District - Lakshadweep (01),Total,5-14,Population_Males,5469,DDW-3100B-01ST-Census.xls,01ST
B0301ST,31,587,District - Lakshadweep (01),Total,15-34,Population_Males,10595,DDW-3100B-01ST-Census.xls,01ST
B0301ST,31,587,District - Lakshadweep (01),Total,35-59,Population_Males,9179,DDW-3100B-01ST-Census.xls,01ST
B0301ST,31,587,District - Lakshadweep (01),Total,60+,Population_Males,2623,DDW-3100B-01ST-Census.xls,01ST
B0301ST,31,587,District - Lakshadweep (01),Total,Age not stated,Population_Males,69,DDW-3100B-01ST-Census.xls,01ST
B0301ST,31,587,District - Lakshadweep (01),Total,15-59,Population_Males,19774,DDW-3100B-01ST-Census.xls,01ST
B0301ST,31,587,District - Lakshadweep (01),Rural,Total,Population_Males,6752,DDW-3100B-01ST-Census.xls,01ST
B0301ST,31,587,District - Lakshadweep (01),Rural,5-14,Population_Males,1301,DDW-3100B-01ST-Census.xls,01ST
B0301ST,31,587,District - Lakshadweep (01),Rural,15-34,Population_Males,2260,DDW-3100B-01ST-Census.xls,01ST
B0301ST,31,587,District - Lakshadweep (01),Rural,35-59,Population_Males,1988,DDW-3100B-01ST-Census.xls,01ST
B0301ST,31,587,District - Lakshadweep (01),Rural,60+,Population_Males,579,DDW-3100B-01ST-Census.xls,01ST
B0301ST,31,587,District - Lakshadweep (01),Rural,Age not stated,Population_Males,16,DDW-3100B-01ST-Census.xls,01ST
B0301ST,31,587,District - Lakshadweep (01),Rural,15-59,Population_Males,4248,DDW-3100B-01ST-Census.xls,01ST
B0301ST,31,587,District - Lakshadweep (01),Urban,Total,Population_Males,23763,DDW-3100B-01ST-Census.xls,01ST
B0301ST,31,587,District - Lakshadweep (01),Urban,5-14,Population_Males,4168,DDW-3100B-01ST-Census.xls,01ST
B0301ST,31,587,District - Lakshadweep (01),Urban,15-34,Population_Males,8335,DDW-3100B-01ST-Census.xls,01ST
B0301ST,31,587,District - Lakshadweep (01),Urban,35-59,Population_Males,7191,DDW-3100B-01ST-Census.xls,01ST
B0301ST,31,587,District - Lakshadweep (01),Urban,60+,Population_Males,2044,DDW-3100B-01ST-Census.xls,01ST
B0301ST,31,587,District - Lakshadweep (01),Urban,Age not stated,Population_Males,53,DDW-3100B-01ST-Census.xls,01ST
B0301ST,31,587,District - Lakshadweep (01),Urban,15-59,Population_Males,15526,DDW-3100B-01ST-Census.xls,01ST
B0301ST,31,000,State - LAKSHADWEEP (31),Total,Total,Population_Females,30605,DDW-3100B-01ST-Census.xls,01ST
B0301ST,31,000,State - LAKSHADWEEP (31),Total,5-14,Population_Females,5643,DDW-3100B-01ST-Census.xls,01ST
B0301ST,31,000,State - LAKSHADWEEP (31),Total,15-34,Population_Females,10812,DDW-3100B-01ST-Census.xls,01ST
B0301ST,31,000,State - LAKSHADWEEP (31),Total,35-59,Population_Females,9208,DDW-3100B-01ST-Census.xls,01ST
B0301ST,31,000,State - LAKSHADWEEP (31),Total,60+,Population_Females,2574,DDW-3100B-01ST-Census.xls,01ST
B0301ST,31,000,State - LAKSHADWEEP (31),Total,Age not stated,Population_Females,39,DDW-3100B-01ST-Census.xls,01ST
B0301ST,31,000,State - LAKSHADWEEP (31),Total,15-59,Population_Females,20020,DDW-3100B-01ST-Census.xls,01ST
B0301ST,31,000,State - LAKSHADWEEP (31),Rural,Total,Population_Females,6711,DDW-3100B-01ST-Census.xls,01ST
B0301ST,31,000,State - LAKSHADWEEP (31),Rural,5-14,Population_Females,1399,DDW-3100B-01ST-Census.xls,01ST
B0301ST,31,000,State - LAKSHADWEEP (31),Rural,15-34,Population_Females,2374,DDW-3100B-01ST-Census.xls,01ST
B0301ST,31,000,State - LAKSHADWEEP (31),Rural,35-59,Population_Females,1842,DDW-3100B-01ST-Census.xls,01ST
B0301ST,31,000,State - LAKSHADWEEP (31),Rural,60+,Population_Females,510,DDW-3100B-01ST-Census.xls,01ST
B0301ST,31,000,State - LAKSHADWEEP (31),Rural,Age not stated,Population_Females,7,DDW-3100B-01ST-Census.xls,01ST
B0301ST,31,000,State - LAKSHADWEEP (31),Rural,15-59,Population_Females,4216,DDW-3100B-01ST-Census.xls,01ST
B0301ST,31,000,State - LAKSHADWEEP (31),Urban,Total,Population_Females,23894,DDW-3100B-01ST-Census.xls,01ST
B0301ST,31,000,State - LAKSHADWEEP (31),Urban,5-14,Population_Females,4244,DDW-3100B-01ST-Census.xls,01ST
B0301ST,31,000,State - LAKSHADWEEP (31),Urban,15-34,Population_Females,8438,DDW-3100B-01ST-Census.xls,01ST
B0301ST,31,000,State - LAKSHADWEEP (31),Urban,35-59,Population_Females,7366,DDW-3100B-01ST-Census.xls,01ST
B0301ST,31,000,State - LAKSHADWEEP (31),Urban,60+,Population_Females,2064,DDW-3100B-01ST-Census.xls,01ST
B0301ST,31,000,State - LAKSHADWEEP (31),Urban,Age not stated,Population_Females,32,DDW-3100B-01ST-Census.xls,01ST
B0301ST,31,000,State - LAKSHADWEEP (31),Urban,15-59,Population_Females,15804,DDW-3100B-01ST-Census.xls,01ST
B0301ST,31,587,District - Lakshadweep (01),Total,Total,Population_Females,30605,DDW-3100B-01ST-Census.xls,01ST
B0301ST,31,587,District - Lakshadweep (01),Total,5-14,Population_Females,5643,DDW-3100B-01ST-Census.xls,01ST
B0301ST,31,587,District - Lakshadweep (01),Total,15-34,Population_Females,10812,DDW-3100B-01ST-Census.xls,01ST
B0301ST,31,587,District - Lakshadweep (01),Total,35-59,Population_Females,9208,DDW-3100B-01ST-Census.xls,01ST
B0301ST,31,587,District - Lakshadweep (01),Total,60+,Population_Females,2574,DDW-3100B-01ST-Census.xls,01ST
B0301ST,31,587,District - Lakshadweep (01),Total,Age not stated,Population_Females,39,DDW-3100B-01ST-Census.xls,01ST
B0301ST,31,587,District - Lakshadweep (01),Total,15-59,Population_Females,20020,DDW-3100B-01ST-Census.xls,01ST
B0301ST,31,587,District - Lakshadweep (01),Rural,Total,Population_Females,6711,DDW-3100B-01ST-Census.xls,01ST
B0301ST,31,587,District - Lakshadweep (01),Rural,5-14,Population_Females,1399,DDW-3100B-01ST-Census.xls,01ST
B0301ST,31,587,District - Lakshadweep (01),Rural,15-34,Population_Females,2374,DDW-3100B-01ST-Census.xls,01ST
B0301ST,31,587,District - Lakshadweep (01),Rural,35-59,Population_Females,1842,DDW-3100B-01ST-Census.xls,01ST
B0301ST,31,587,District - Lakshadweep (01),Rural,60+,Population_Females,510,DDW-3100B-01ST-Census.xls,01ST
B0301ST,31,587,District - Lakshadweep (01),Rural,Age not stated,Population_Females,7,DDW-3100B-01ST-Census.xls,01ST
B0301ST,31,587,District - Lakshadweep (01),Rural,15-59,Population_Females,4216,DDW-3100B-01ST-Census.xls,01ST
B0301ST,31,587,District - Lakshadweep (01),Urban,Total,Population_Females,23894,DDW-3100B-01ST-Census.xls,01ST
B0301ST,31,587,District - Lakshadweep (01),Urban,5-14,Population_Females,4244,DDW-3100B-01ST-Census.xls,01ST
B0301ST,31,587,District - Lakshadweep (01),Urban,15-34,Population_Females,8438,DDW-3100B-01ST-Census.xls,01ST
B0301ST,31,587,District - Lakshadweep (01),Urban,35-59,Population_Females,7366,DDW-3100B-01ST-Census.xls,01ST
B0301ST,31,587,District - Lakshadweep (01),Urban,60+,Population_Females,2064,DDW-3100B-01ST-Census.xls,01ST
B0301ST,31,587,District - Lakshadweep (01),Urban,Age not stated,Population_Females,32,DDW-3100B-01ST-Census.xls,01ST
B0301ST,31,587,District - Lakshadweep (01),Urban,15-59,Population_Females,15804,DDW-3100B-01ST-Census.xls,01ST
B0301ST,31,000,State - LAKSHADWEEP (31),Total,Total,Main workers_Persons,9219,DDW-3100B-01ST-Census.xls,01ST
B0301ST,31,000,State - LAKSHADWEEP (31),Total,5-14,Main workers_Persons,26,DDW-3100B-01ST-Census.xls,01ST
B0301ST,31,000,State - LAKSHADWEEP (31),Total,15-34,Main workers_Persons,2228,DDW-3100B-01ST-Census.xls,01ST
B0301ST,31,000,State - LAKSHADWEEP (31),Total,35-59,Main workers_Persons,6647,DDW-3100B-01ST-Census.xls,01ST
B0301ST,31,000,State - LAKSHADWEEP (31),Total,60+,Main workers_Persons,310,DDW-3100B-01ST-Census.xls,01ST
B0301ST,31,000,State - LAKSHADWEEP (31),Total,Age not stated,Main workers_Persons,8,DDW-3100B-01ST-Census.xls,01ST
B0301ST,31,000,State - LAKSHADWEEP (31),Total,15-59,Main workers_Persons,8875,DDW-3100B-01ST-Census.xls,01ST
B0301ST,31,000,State - LAKSHADWEEP (31),Rural,Total,Main workers_Persons,1923,DDW-3100B-01ST-Census.xls,01ST
B0301ST,31,000,State - LAKSHADWEEP (31),Rural,5-14,Main workers_Persons,3,DDW-3100B-01ST-Census.xls,01ST
B0301ST,31,000,State - LAKSHADWEEP (31),Rural,15-34,Main workers_Persons,497,DDW-3100B-01ST-Census.xls,01ST
B0301ST,31,000,State - LAKSHADWEEP (31),Rural,35-59,Main workers_Persons,1353,DDW-3100B-01ST-Census.xls,01ST
B0301ST,31,000,State - LAKSHADWEEP (31),Rural,60+,Main workers_Persons,69,DDW-3100B-01ST-Census.xls,01ST
B0301ST,31,000,State - LAKSHADWEEP (31),Rural,Age not stated,Main workers_Persons,1,DDW-3100B-01ST-Census.xls,01ST
B0301ST,31,000,State - LAKSHADWEEP (31),Rural,15-59,Main workers_Persons,1850,DDW-3100B-01ST-Census.xls,01ST
B0301ST,31,000,State - LAKSHADWEEP (31),Urban,Total,Main workers_Persons,7296,DDW-3100B-01ST-Census.xls,01ST
B0301ST,31,000,State - LAKSHADWEEP (31),Urban,5-14,Main workers_Persons,23,DDW-3100B-01ST-Census.xls,01ST
B0301ST,31,000,State - LAKSHADWEEP (31),Urban,15-34,Main workers_Persons,1731,DDW-3100B-01ST-Census.xls,01ST
B0301ST,31,000,State - LAKSHADWEEP (31),Urban,35-59,Main workers_Persons,5294,DDW-3100B-01ST-Census.xls,01ST
B0301ST,31,000,State - LAKSHADWEEP (31),Urban,60+,Main workers_Persons,241,DDW-3100B-01ST-Census.xls,01ST
B0301ST,31,000,State - LAKSHADWEEP (31),Urban,Age not stated,Main workers_Persons,7,DDW-3100B-01ST-Census.xls,01ST
B0301ST,31,000,State - LAKSHADWEEP (31),Urban,15-59,Main workers_Persons,7025,DDW-3100B-01ST-Census.xls,01ST
B0301ST,31,587,District - Lakshadweep (01),Total,Total,Main workers_Persons,9219,DDW-3100B-01ST-Census.xls,01ST
B0301ST,31,587,District - Lakshadweep (01),Total,5-14,Main workers_Persons,26,DDW-3100B-01ST-Census.xls,01ST
B0301ST,31,587,District - Lakshadweep (01),Total,15-34,Main workers_Persons,2228,DDW-3100B-01ST-Census.xls,01ST
B0301ST,31,587,District - Lakshadweep (01),Total,35-59,Main workers_Persons,6647,DDW-3100B-01ST-Census.xls,01ST
B0301ST,31,587,District - Lakshadweep (01),Total,60+,Main workers_Persons,310,DDW-3100B-01ST-Census.xls,01ST
B0301ST,31,587,District - Lakshadweep (01),Total,Age not stated,Main workers_Persons,8,DDW-3100B-01ST-Census.xls,01ST
B0301ST,31,587,District - Lakshadweep (01),Total,15-59,Main workers_Persons,8875,DDW-3100B-01ST-Census.xls,01ST
B0301ST,31,587,District - Lakshadweep (01),Rural,Total,Main workers_Persons,1923,DDW-3100B-01ST-Census.xls,01ST
B0301ST,31,587,District - Lakshadweep (01),Rural,5-14,Main workers_Persons,3,DDW-3100B-01ST-Census.xls,01ST
B0301ST,31,587,District - Lakshadweep (01),Rural,15-34,Main workers_Persons,497,DDW-3100B-01ST-Census.xls,01ST
B0301ST,31,587,District - Lakshadweep (01),Rural,35-59,Main workers_Persons,1353,DDW-3100B-01ST-Census.xls,01ST
B0301ST,31,587,District - Lakshadweep (01),Rural,60+,Main workers_Persons,69,DDW-3100B-01ST-Census.xls,01ST
B0301ST,31,587,District - Lakshadweep (01),Rural,Age not stated,Main workers_Persons,1,DDW-3100B-01ST-Census.xls,01ST
B0301ST,31,587,District - Lakshadweep (01),Rural,15-59,Main workers_Persons,1850,DDW-3100B-01ST-Census.xls,01ST
B0301ST,31,587,District - Lakshadweep (01),Urban,Total,Main workers_Persons,7296,DDW-3100B-01ST-Census.xls,01ST
B0301ST,31,587,District - Lakshadweep (01),Urban,5-14,Main workers_Persons,23,DDW-3100B-01ST-Census.xls,01ST
B0301ST,31,587,District - Lakshadweep (01),Urban,15-34,Main workers_Persons,1731,DDW-3100B-01ST-Census.xls,01ST
B0301ST,31,587,District - Lakshadweep (01),Urban,35-59,Main workers_Persons,5294,DDW-3100B-01ST-Census.xls,01ST
B0301ST,31,587,District - Lakshadweep (01),Urban,60+,Main workers_Persons,241,DDW-3100B-01ST-Census.xls,01ST
B0301ST,31,587,District - Lakshadweep (01),Urban,Age not stated,Main workers_Persons,7,DDW-3100B-01ST-Census.xls,01ST
B0301ST,31,587,District - Lakshadweep (01),Urban,15-59,Main workers_Persons,7025,DDW-3100B-01ST-Census.xls,01ST
B0301ST,31,000,State - LAKSHADWEEP (31),Total,Total,Main workers_Males,7623,DDW-3100B-01ST-Census.xls,01ST
B0301ST,31,000,State - LAKSHADWEEP (31),Total,5-14,Main workers_Males,17,DDW-3100B-01ST-Census.xls,01ST
B0301ST,31,000,State - LAKSHADWEEP (31),Total,15-34,Main workers_Males,1713,DDW-3100B-01ST-Census.xls,01ST
B0301ST,31,000,State - LAKSHADWEEP (31),Total,35-59,Main workers_Males,5603,DDW-3100B-01ST-Census.xls,01ST
B0301ST,31,000,State - LAKSHADWEEP (31),Total,60+,Main workers_Males,283,DDW-3100B-01ST-Census.xls,01ST
B0301ST,31,000,State - LAKSHADWEEP (31),Total,Age not stated,Main workers_Males,7,DDW-3100B-01ST-Census.xls,01ST
B0301ST,31,000,State - LAKSHADWEEP (31),Total,15-59,Main workers_Males,7316,DDW-3100B-01ST-Census.xls,01ST
B0301ST,31,000,State - LAKSHADWEEP (31),Rural,Total,Main workers_Males,1587,DDW-3100B-01ST-Census.xls,01ST
B0301ST,31,000,State - LAKSHADWEEP (31),Rural,5-14,Main workers_Males,1,DDW-3100B-01ST-Census.xls,01ST
B0301ST,31,000,State - LAKSHADWEEP (31),Rural,15-34,Main workers_Males,375,DDW-3100B-01ST-Census.xls,01ST
B0301ST,31,000,State - LAKSHADWEEP (31),Rural,35-59,Main workers_Males,1146,DDW-3100B-01ST-Census.xls,01ST
B0301ST,31,000,State - LAKSHADWEEP (31),Rural,60+,Main workers_Males,64,DDW-3100B-01ST-Census.xls,01ST
B0301ST,31,000,State - LAKSHADWEEP (31),Rural,Age not stated,Main workers_Males,1,DDW-3100B-01ST-Census.xls,01ST
B0301ST,31,000,State - LAKSHADWEEP (31),Rural,15-59,Main workers_Males,1521,DDW-3100B-01ST-Census.xls,01ST
B0301ST,31,000,State - LAKSHADWEEP (31),Urban,Total,Main workers_Males,6036,DDW-3100B-01ST-Census.xls,01ST
B0301ST,31,000,State - LAKSHADWEEP (31),Urban,5-14,Main workers_Males,16,DDW-3100B-01ST-Census.xls,01ST
B0301ST,31,000,State - LAKSHADWEEP (31),Urban,15-34,Main workers_Males,1338,DDW-3100B-01ST-Census.xls,01ST
B0301ST,31,000,State - LAKSHADWEEP (31),Urban,35-59,Main workers_Males,4457,DDW-3100B-01ST-Census.xls,01ST
B0301ST,31,000,State - LAKSHADWEEP (31),Urban,60+,Main workers_Males,219,DDW-3100B-01ST-Census.xls,01ST
B0301ST,31,000,State - LAKSHADWEEP (31),Urban,Age not stated,Main workers_Males,6,DDW-3100B-01ST-Census.xls,01ST
B0301ST,31,000,State - LAKSHADWEEP (31),Urban,15-59,Main workers_Males,5795,DDW-3100B-01ST-Census.xls,01ST
B0301ST,31,587,District - Lakshadweep (01),Total,Total,Main workers_Males,7623,DDW-3100B-01ST-Census.xls,01ST
B0301ST,31,587,District - Lakshadweep (01),Total,5-14,Main workers_Males,17,DDW-3100B-01ST-Census.xls,01ST
B0301ST,31,587,District - Lakshadweep (01),Total,15-34,Main workers_Males,1713,DDW-3100B-01ST-Census.xls,01ST
B0301ST,31,587,District - Lakshadweep (01),Total,35-59,Main workers_Males,5603,DDW-3100B-01ST-Census.xls,01ST
B0301ST,31,587,District - Lakshadweep (01),Total,60+,Main workers_Males,283,DDW-3100B-01ST-Census.xls,01ST
B0301ST,31,587,District - Lakshadweep (01),Total,Age not stated,Main workers_Males,7,DDW-3100B-01ST-Census.xls,01ST
B0301ST,31,587,District - Lakshadweep (01),Total,15-59,Main workers_Males,7316,DDW-3100B-01ST-Census.xls,01ST
B0301ST,31,587,District - Lakshadweep (01),Rural,Total,Main workers_Males,1587,DDW-3100B-01ST-Census.xls,01ST
B0301ST,31,587,District - Lakshadweep (01),Rural,5-14,Main workers_Males,1,DDW-3100B-01ST-Census.xls,01ST
B0301ST,31,587,District - Lakshadweep (01),Rural,15-34,Main workers_Males,375,DDW-3100B-01ST-Census.xls,01ST
B0301ST,31,587,District - Lakshadweep (01),Rural,35-59,Main workers_Males,1146,DDW-3100B-01ST-Census.xls,01ST
B0301ST,31,587,District - Lakshadweep (01),Rural,60+,Main workers_Males,64,DDW-3100B-01ST-Census.xls,01ST
B0301ST,31,587,District - Lakshadweep (01),Rural,Age not stated,Main workers_Males,1,DDW-3100B-01ST-Census.xls,01ST
B0301ST,31,587,District - Lakshadweep (01),Rural,15-59,Main workers_Males,1521,DDW-3100B-01ST-Census.xls,01ST
B0301ST,31,587,District - Lakshadweep (01),Urban,Total,Main workers_Males,6036,DDW-3100B-01ST-Census.xls,01ST
B0301ST,31,587,District - Lakshadweep (01),Urban,5-14,Main workers_Males,16,DDW-3100B-01ST-Census.xls,01ST
B0301ST,31,587,District - Lakshadweep (01),Urban,15-34,Main workers_Males,1338,DDW-3100B-01ST-Census.xls,01ST
B0301ST,31,587,District - Lakshadweep (01),Urban,35-59,Main workers_Males,4457,DDW-3100B-01ST-Census.xls,01ST
B0301ST,31,587,District - Lakshadweep (01),Urban,60+,Main workers_Males,219,DDW-3100B-01ST-Census.xls,01ST
B0301ST,31,587,District - Lakshadweep (01),Urban,Age not stated,Main workers_Males,6,DDW-3100B-01ST-Census.xls,01ST
B0301ST,31,587,District - Lakshadweep (01),Urban,15-59,Main workers_Males,5795,DDW-3100B-01ST-Census.xls,01ST
B0301ST,31,000,State - LAKSHADWEEP (31),Total,Total,Main workers_Females,1596,DDW-3100B-01ST-Census.xls,01ST
B0301ST,31,000,State - LAKSHADWEEP (31),Total,5-14,Main workers_Females,9,DDW-3100B-01ST-Census.xls,01ST
B0301ST,31,000,State - LAKSHADWEEP (31),Total,15-34,Main workers_Females,515,DDW-3100B-01ST-Census.xls,01ST
B0301ST,31,000,State - LAKSHADWEEP (31),Total,35-59,Main workers_Females,1044,DDW-3100B-01ST-Census.xls,01ST
B0301ST,31,000,State - LAKSHADWEEP (31),Total,60+,Main workers_Females,27,DDW-3100B-01ST-Census.xls,01ST
B0301ST,31,000,State - LAKSHADWEEP (31),Total,Age not stated,Main workers_Females,1,DDW-3100B-01ST-Census.xls,01ST
B0301ST,31,000,State - LAKSHADWEEP (31),Total,15-59,Main workers_Females,1559,DDW-3100B-01ST-Census.xls,01ST
B0301ST,31,000,State - LAKSHADWEEP (31),Rural,Total,Main workers_Females,336,DDW-3100B-01ST-Census.xls,01ST
B0301ST,31,000,State - LAKSHADWEEP (31),Rural,5-14,Main workers_Females,2,DDW-3100B-01ST-Census.xls,01ST
B0301ST,31,000,State - LAKSHADWEEP (31),Rural,15-34,Main workers_Females,122,DDW-3100B-01ST-Census.xls,01ST
B0301ST,31,000,State - LAKSHADWEEP (31),Rural,35-59,Main workers_Females,207,DDW-3100B-01ST-Census.xls,01ST
B0301ST,31,000,State - LAKSHADWEEP (31),Rural,60+,Main workers_Females,5,DDW-3100B-01ST-Census.xls,01ST
B0301ST,31,000,State - LAKSHADWEEP (31),Rural,Age not stated,Main workers_Females,0,DDW-3100B-01ST-Census.xls,01ST
B0301ST,31,000,State - LAKSHADWEEP (31),Rural,15-59,Main workers_Females,329,DDW-3100B-01ST-Census.xls,01ST
B0301ST,31,000,State - LAKSHADWEEP (31),Urban,Total,Main workers_Females,1260,DDW-3100B-01ST-Census.xls,01ST
B0301ST,31,000,State - LAKSHADWEEP (31),Urban,5-14,Main workers_Females,7,DDW-3100B-01ST-Census.xls,01ST
B0301ST,31,000,State - LAKSHADWEEP (31),Urban,15-34,Main workers_Females,393,DDW-3100B-01ST-Census.xls,01ST
B0301ST,31,000,State - LAKSHADWEEP (31),Urban,35-59,Main workers_Females,837,DDW-3100B-01ST-Census.xls,01ST
B0301ST,31,000,State - LAKSHADWEEP (31),Urban,60+,Main workers_Females,22,DDW-3100B-01ST-Census.xls,01ST
B0301ST,31,000,State - LAKSHADWEEP (31),Urban,Age not stated,Main workers_Females,1,DDW-3100B-01ST-Census.xls,01ST
B0301ST,31,000,State - LAKSHADWEEP (31),Urban,15-59,Main workers_Females,1230,DDW-3100B-01ST-Census.xls,01ST
B0301ST,31,587,District - Lakshadweep (01),Total,Total,Main workers_Females,1596,DDW-3100B-01ST-Census.xls,01ST
B0301ST,31,587,District - Lakshadweep (01),Total,5-14,Main workers_Females,9,DDW-3100B-01ST-Census.xls,01ST
B0301ST,31,587,District - Lakshadweep (01),Total,15-34,Main workers_Females,515,DDW-3100B-01ST-Census.xls,01ST
B0301ST,31,587,District - Lakshadweep (01),Total,35-59,Main workers_Females,1044,DDW-3100B-01ST-Census.xls,01ST
B0301ST,31,587,District - Lakshadweep (01),Total,60+,Main workers_Females,27,DDW-3100B-01ST-Census.xls,01ST
B0301ST,31,587,District - Lakshadweep (01),Total,Age not stated,Main workers_Females,1,DDW-3100B-01ST-Census.xls,01ST
B0301ST,31,587,District - Lakshadweep (01),Total,15-59,Main workers_Females,1559,DDW-3100B-01ST-Census.xls,01ST
B0301ST,31,587,District - Lakshadweep (01),Rural,Total,Main workers_Females,336,DDW-3100B-01ST-Census.xls,01ST
B0301ST,31,587,District - Lakshadweep (01),Rural,5-14,Main workers_Females,2,DDW-3100B-01ST-Census.xls,01ST
B0301ST,31,587,District - Lakshadweep (01),Rural,15-34,Main workers_Females,122,DDW-3100B-01ST-Census.xls,01ST
B0301ST,31,587,District - Lakshadweep (01),Rural,35-59,Main workers_Females,207,DDW-3100B-01ST-Census.xls,01ST
B0301ST,31,587,District - Lakshadweep (01),Rural,60+,Main workers_Females,5,DDW-3100B-01ST-Census.xls,01ST
B0301ST,31,587,District - Lakshadweep (01),Rural,Age not stated,Main workers_Females,0,DDW-3100B-01ST-Census.xls,01ST
B0301ST,31,587,District - Lakshadweep (01),Rural,15-59,Main workers_Females,329,DDW-3100B-01ST-Census.xls,01ST
B0301ST,31,587,District - Lakshadweep (01),Urban,Total,Main workers_Females,1260,DDW-3100B-01ST-Census.xls,01ST
B0301ST,31,587,District - Lakshadweep (01),Urban,5-14,Main workers_Females,7,DDW-3100B-01ST-Census.xls,01ST
B0301ST,31,587,District - Lakshadweep (01),Urban,15-34,Main workers_Females,393,DDW-3100B-01ST-Census.xls,01ST
B0301ST,31,587,District - Lakshadweep (01),Urban,35-59,Main workers_Females,837,DDW-3100B-01ST-Census.xls,01ST
B0301ST,31,587,District - Lakshadweep (01),Urban,60+,Main workers_Females,22,DDW-3100B-01ST-Census.xls,01ST
B0301ST,31,587,District - Lakshadweep (01),Urban,Age not stated,Main workers_Females,1,DDW-3100B-01ST-Census.xls,01ST
B0301ST,31,587,District - Lakshadweep (01),Urban,15-59,Main workers_Females,1230,DDW-3100B-01ST-Census.xls,01ST
B0301ST,31,000,State - LAKSHADWEEP (31),Total,Total,Marginal workers_Worked for less than_3 months_Total_Persons,2422,DDW-3100B-01ST-Census.xls,01ST
B0301ST,31,000,State - LAKSHADWEEP (31),Total,5-14,Marginal workers_Worked for less than_3 months_Total_Persons,4,DDW-3100B-01ST-Census.xls,01ST
B0301ST,31,000,State - LAKSHADWEEP (31),Total,15-34,Marginal workers_Worked for less than_3 months_Total_Persons,1369,DDW-3100B-01ST-Census.xls,01ST
B0301ST,31,000,State - LAKSHADWEEP (31),Total,35-59,Marginal workers_Worked for less than_3 months_Total_Persons,941,DDW-3100B-01ST-Census.xls,01ST
B0301ST,31,000,State - LAKSHADWEEP (31),Total,60+,Marginal workers_Worked for less than_3 months_Total_Persons,105,DDW-3100B-01ST-Census.xls,01ST
B0301ST,31,000,State - LAKSHADWEEP (31),Total,Age not stated,Marginal workers_Worked for less than_3 months_Total_Persons,3,DDW-3100B-01ST-Census.xls,01ST
B0301ST,31,000,State - LAKSHADWEEP (31),Total,15-59,Marginal workers_Worked for less than_3 months_Total_Persons,2310,DDW-3100B-01ST-Census.xls,01ST
B0301ST,31,000,State - LAKSHADWEEP (31),Rural,Total,Marginal workers_Worked for less than_3 months_Total_Persons,494,DDW-3100B-01ST-Census.xls,01ST
B0301ST,31,000,State - LAKSHADWEEP (31),Rural,5-14,Marginal workers_Worked for less than_3 months_Total_Persons,0,DDW-3100B-01ST-Census.xls,01ST
B0301ST,31,000,State - LAKSHADWEEP (31),Rural,15-34,Marginal workers_Worked for less than_3 months_Total_Persons,303,DDW-3100B-01ST-Census.xls,01ST
B0301ST,31,000,State - LAKSHADWEEP (31),Rural,35-59,Marginal workers_Worked for less than_3 months_Total_Persons,160,DDW-3100B-01ST-Census.xls,01ST
B0301ST,31,000,State - LAKSHADWEEP (31),Rural,60+,Marginal workers_Worked for less than_3 months_Total_Persons,29,DDW-3100B-01ST-Census.xls,01ST
B0301ST,31,000,State - LAKSHADWEEP (31),Rural,Age not stated,Marginal workers_Worked for less than_3 months_Total_Persons,2,DDW-3100B-01ST-Census.xls,01ST
B0301ST,31,000,State - LAKSHADWEEP (31),Rural,15-59,Marginal workers_Worked for less than_3 months_Total_Persons,463,DDW-3100B-01ST-Census.xls,01ST
B0301ST,31,000,State - LAKSHADWEEP (31),Urban,Total,Marginal workers_Worked for less than_3 months_Total_Persons,1928,DDW-3100B-01ST-Census.xls,01ST
B0301ST,31,000,State - LAKSHADWEEP (31),Urban,5-14,Marginal workers_Worked for less than_3 months_Total_Persons,4,DDW-3100B-01ST-Census.xls,01ST
B0301ST,31,000,State - LAKSHADWEEP (31),Urban,15-34,Marginal workers_Worked for less than_3 months_Total_Persons,1066,DDW-3100B-01ST-Census.xls,01ST
B0301ST,31,000,State - LAKSHADWEEP (31),Urban,35-59,Marginal workers_Worked for less than_3 months_Total_Persons,781,DDW-3100B-01ST-Census.xls,01ST
B0301ST,31,000,State - LAKSHADWEEP (31),Urban,60+,Marginal workers_Worked for less than_3 months_Total_Persons,76,DDW-3100B-01ST-Census.xls,01ST
B0301ST,31,000,State - LAKSHADWEEP (31),Urban,Age not stated,Marginal workers_Worked for less than_3 months_Total_Persons,1,DDW-3100B-01ST-Census.xls,01ST
B0301ST,31,000,State - LAKSHADWEEP (31),Urban,15-59,Marginal workers_Worked for less than_3 months_Total_Persons,1847,DDW-3100B-01ST-Census.xls,01ST
B0301ST,31,587,District - Lakshadweep (01),Total,Total,Marginal workers_Worked for less than_3 months_Total_Persons,2422,DDW-3100B-01ST-Census.xls,01ST
B0301ST,31,587,District - Lakshadweep (01),Total,5-14,Marginal workers_Worked for less than_3 months_Total_Persons,4,DDW-3100B-01ST-Census.xls,01ST
B0301ST,31,587,District - Lakshadweep (01),Total,15-34,Marginal workers_Worked for less than_3 months_Total_Persons,1369,DDW-3100B-01ST-Census.xls,01ST
B0301ST,31,587,District - Lakshadweep (01),Total,35-59,Marginal workers_Worked for less than_3 months_Total_Persons,941,DDW-3100B-01ST-Census.xls,01ST
B0301ST,31,587,District - Lakshadweep (01),Total,60+,Marginal workers_Worked for less than_3 months_Total_Persons,105,DDW-3100B-01ST-Census.xls,01ST
B0301ST,31,587,District - Lakshadweep (01),Total,Age not stated,Marginal workers_Worked for less than_3 months_Total_Persons,3,DDW-3100B-01ST-Census.xls,01ST
B0301ST,31,587,District - Lakshadweep (01),Total,15-59,Marginal workers_Worked for less than_3 months_Total_Persons,2310,DDW-3100B-01ST-Census.xls,01ST
B0301ST,31,587,District - Lakshadweep (01),Rural,Total,Marginal workers_Worked for less than_3 months_Total_Persons,494,DDW-3100B-01ST-Census.xls,01ST
B0301ST,31,587,District - Lakshadweep (01),Rural,5-14,Marginal workers_Worked for less than_3 months_Total_Persons,0,DDW-3100B-01ST-Census.xls,01ST
B0301ST,31,587,District - Lakshadweep (01),Rural,15-34,Marginal workers_Worked for less than_3 months_Total_Persons,303,DDW-3100B-01ST-Census.xls,01ST
B0301ST,31,587,District - Lakshadweep (01),Rural,35-59,Marginal workers_Worked for less than_3 months_Total_Persons,160,DDW-3100B-01ST-Census.xls,01ST
B0301ST,31,587,District - Lakshadweep (01),Rural,60+,Marginal workers_Worked for less than_3 months_Total_Persons,29,DDW-3100B-01ST-Census.xls,01ST
B0301ST,31,587,District - Lakshadweep (01),Rural,Age not stated,Marginal workers_Worked for less than_3 months_Total_Persons,2,DDW-3100B-01ST-Census.xls,01ST
B0301ST,31,587,District - Lakshadweep (01),Rural,15-59,Marginal workers_Worked for less than_3 months_Total_Persons,463,DDW-3100B-01ST-Census.xls,01ST
B0301ST,31,587,District - Lakshadweep (01),Urban,Total,Marginal workers_Worked for less than_3 months_Total_Persons,1928,DDW-3100B-01ST-Census.xls,01ST
B0301ST,31,587,District - Lakshadweep (01),Urban,5-14,Marginal workers_Worked for less than_3 months_Total_Persons,4,DDW-3100B-01ST-Census.xls,01ST
B0301ST,31,587,District - Lakshadweep (01),Urban,15-34,Marginal workers_Worked for less than_3 months_Total_Persons,1066,DDW-3100B-01ST-Census.xls,01ST
B0301ST,31,587,District - Lakshadweep (01),Urban,35-59,Marginal workers_Worked for less than_3 months_Total_Persons,781,DDW-3100B-01ST-Census.xls,01ST
B0301ST,31,587,District - Lakshadweep (01),Urban,60+,Marginal workers_Worked for less than_3 months_Total_Persons,76,DDW-3100B-01ST-Census.xls,01ST
B0301ST,31,587,District - Lakshadweep (01),Urban,Age not stated,Marginal workers_Worked for less than_3 months_Total_Persons,1,DDW-3100B-01ST-Census.xls,01ST
B0301ST,31,587,District - Lakshadweep (01),Urban,15-59,Marginal workers_Worked for less than_3 months_Total_Persons,1847,DDW-3100B-01ST-Census.xls,01ST
B0301ST,31,000,State - LAKSHADWEEP (31),Total,Total,Marginal workers_Worked for less than_3 months_Total_Males,1764,DDW-3100B-01ST-Census.xls,01ST
B0301ST,31,000,State - LAKSHADWEEP (31),Total,5-14,Marginal workers_Worked for less than_3 months_Total_Males,3,DDW-3100B-01ST-Census.xls,01ST
B0301ST,31,000,State - LAKSHADWEEP (31),Total,15-34,Marginal workers_Worked for less than_3 months_Total_Males,999,DDW-3100B-01ST-Census.xls,01ST
B0301ST,31,000,State - LAKSHADWEEP (31),Total,35-59,Marginal workers_Worked for less than_3 months_Total_Males,662,DDW-3100B-01ST-Census.xls,01ST
B0301ST,31,000,State - LAKSHADWEEP (31),Total,60+,Marginal workers_Worked for less than_3 months_Total_Males,98,DDW-3100B-01ST-Census.xls,01ST
B0301ST,31,000,State - LAKSHADWEEP (31),Total,Age not stated,Marginal workers_Worked for less than_3 months_Total_Males,2,DDW-3100B-01ST-Census.xls,01ST
B0301ST,31,000,State - LAKSHADWEEP (31),Total,15-59,Marginal workers_Worked for less than_3 months_Total_Males,1661,DDW-3100B-01ST-Census.xls,01ST
B0301ST,31,000,State - LAKSHADWEEP (31),Rural,Total,Marginal workers_Worked for less than_3 months_Total_Males,358,DDW-3100B-01ST-Census.xls,01ST
B0301ST,31,000,State - LAKSHADWEEP (31),Rural,5-14,Marginal workers_Worked for less than_3 months_Total_Males,0,DDW-3100B-01ST-Census.xls,01ST
B0301ST,31,000,State - LAKSHADWEEP (31),Rural,15-34,Marginal workers_Worked for less than_3 months_Total_Males,215,DDW-3100B-01ST-Census.xls,01ST
B0301ST,31,000,State - LAKSHADWEEP (31),Rural,35-59,Marginal workers_Worked for less than_3 months_Total_Males,113,DDW-3100B-01ST-Census.xls,01ST
B0301ST,31,000,State - LAKSHADWEEP (31),Rural,60+,Marginal workers_Worked for less than_3 months_Total_Males,28,DDW-3100B-01ST-Census.xls,01ST
B0301ST,31,000,State - LAKSHADWEEP (31),Rural,Age not stated,Marginal workers_Worked for less than_3 months_Total_Males,2,DDW-3100B-01ST-Census.xls,01ST
B0301ST,31,000,State - LAKSHADWEEP (31),Rural,15-59,Marginal workers_Worked for less than_3 months_Total_Males,328,DDW-3100B-01ST-Census.xls,01ST
B0301ST,31,000,State - LAKSHADWEEP (31),Urban,Total,Marginal workers_Worked for less than_3 months_Total_Males,1406,DDW-3100B-01ST-Census.xls,01ST
B0301ST,31,000,State - LAKSHADWEEP (31),Urban,5-14,Marginal workers_Worked for less than_3 months_Total_Males,3,DDW-3100B-01ST-Census.xls,01ST
B0301ST,31,000,State - LAKSHADWEEP (31),Urban,15-34,Marginal workers_Worked for less than_3 months_Total_Males,784,DDW-3100B-01ST-Census.xls,01ST
B0301ST,31,000,State - LAKSHADWEEP (31),Urban,35-59,Marginal workers_Worked for less than_3 months_Total_Males,549,DDW-3100B-01ST-Census.xls,01ST
B0301ST,31,000,State - LAKSHADWEEP (31),Urban,60+,Marginal workers_Worked for less than_3 months_Total_Males,70,DDW-3100B-01ST-Census.xls,01ST
B0301ST,31,000,State - LAKSHADWEEP (31),Urban,Age not stated,Marginal workers_Worked for less than_3 months_Total_Males,0,DDW-3100B-01ST-Census.xls,01ST
B0301ST,31,000,State - LAKSHADWEEP (31),Urban,15-59,Marginal workers_Worked for less than_3 months_Total_Males,1333,DDW-3100B-01ST-Census.xls,01ST
B0301ST,31,587,District - Lakshadweep (01),Total,Total,Marginal workers_Worked for less than_3 months_Total_Males,1764,DDW-3100B-01ST-Census.xls,01ST
B0301ST,31,587,District - Lakshadweep (01),Total,5-14,Marginal workers_Worked for less than_3 months_Total_Males,3,DDW-3100B-01ST-Census.xls,01ST
B0301ST,31,587,District - Lakshadweep (01),Total,15-34,Marginal workers_Worked for less than_3 months_Total_Males,999,DDW-3100B-01ST-Census.xls,01ST
B0301ST,31,587,District - Lakshadweep (01),Total,35-59,Marginal workers_Worked for less than_3 months_Total_Males,662,DDW-3100B-01ST-Census.xls,01ST
B0301ST,31,587,District - Lakshadweep (01),Total,60+,Marginal workers_Worked for less than_3 months_Total_Males,98,DDW-3100B-01ST-Census.xls,01ST
B0301ST,31,587,District - Lakshadweep (01),Total,Age not stated,Marginal workers_Worked for less than_3 months_Total_Males,2,DDW-3100B-01ST-Census.xls,01ST
B0301ST,31,587,District - Lakshadweep (01),Total,15-59,Marginal workers_Worked for less than_3 months_Total_Males,1661,DDW-3100B-01ST-Census.xls,01ST
B0301ST,31,587,District - Lakshadweep (01),Rural,Total,Marginal workers_Worked for less than_3 months_Total_Males,358,DDW-3100B-01ST-Census.xls,01ST
B0301ST,31,587,District - Lakshadweep (01),Rural,5-14,Marginal workers_Worked for less than_3 months_Total_Males,0,DDW-3100B-01ST-Census.xls,01ST
B0301ST,31,587,District - Lakshadweep (01),Rural,15-34,Marginal workers_Worked for less than_3 months_Total_Males,215,DDW-3100B-01ST-Census.xls,01ST
B0301ST,31,587,District - Lakshadweep (01),Rural,35-59,Marginal workers_Worked for less than_3 months_Total_Males,113,DDW-3100B-01ST-Census.xls,01ST
B0301ST,31,587,District - Lakshadweep (01),Rural,60+,Marginal workers_Worked for less than_3 months_Total_Males,28,DDW-3100B-01ST-Census.xls,01ST
B0301ST,31,587,District - Lakshadweep (01),Rural,Age not stated,Marginal workers_Worked for less than_3 months_Total_Males,2,DDW-3100B-01ST-Census.xls,01ST
B0301ST,31,587,District - Lakshadweep (01),Rural,15-59,Marginal workers_Worked for less than_3 months_Total_Males,328,DDW-3100B-01ST-Census.xls,01ST
B0301ST,31,587,District - Lakshadweep (01),Urban,Total,Marginal workers_Worked for less than_3 months_Total_Males,1406,DDW-3100B-01ST-Census.xls,01ST
B0301ST,31,587,District - Lakshadweep (01),Urban,5-14,Marginal workers_Worked for less than_3 months_Total_Males,3,DDW-3100B-01ST-Census.xls,01ST
B0301ST,31,587,District - Lakshadweep (01),Urban,15-34,Marginal workers_Worked for less than_3 months_Total_Males,784,DDW-3100B-01ST-Census.xls,01ST
B0301ST,31,587,District - Lakshadweep (01),Urban,35-59,Marginal workers_Worked for less than_3 months_Total_Males,549,DDW-3100B-01ST-Census.xls,01ST
B0301ST,31,587,District - Lakshadweep (01),Urban,60+,Marginal workers_Worked for less than_3 months_Total_Males,70,DDW-3100B-01ST-Census.xls,01ST
B0301ST,31,587,District - Lakshadweep (01),Urban,Age not stated,Marginal workers_Worked for less than_3 months_Total_Males,0,DDW-3100B-01ST-Census.xls,01ST
B0301ST,31,587,District - Lakshadweep (01),Urban,15-59,Marginal workers_Worked for less than_3 months_Total_Males,1333,DDW-3100B-01ST-Census.xls,01ST
B0301ST,31,000,State - LAKSHADWEEP (31),Total,Total,Marginal workers_Worked for less than_3 months_Total_Females,658,DDW-3100B-01ST-Census.xls,01ST
B0301ST,31,000,State - LAKSHADWEEP (31),Total,5-14,Marginal workers_Worked for less than_3 months_Total_Females,1,DDW-3100B-01ST-Census.xls,01ST
B0301ST,31,000,State - LAKSHADWEEP (31),Total,15-34,Marginal workers_Worked for less than_3 months_Total_Females,370,DDW-3100B-01ST-Census.xls,01ST
B0301ST,31,000,State - LAKSHADWEEP (31),Total,35-59,Marginal workers_Worked for less than_3 months_Total_Females,279,DDW-3100B-01ST-Census.xls,01ST
B0301ST,31,000,State - LAKSHADWEEP (31),Total,60+,Marginal workers_Worked for less than_3 months_Total_Females,7,DDW-3100B-01ST-Census.xls,01ST
B0301ST,31,000,State - LAKSHADWEEP (31),Total,Age not stated,Marginal workers_Worked for less than_3 months_Total_Females,1,DDW-3100B-01ST-Census.xls,01ST
B0301ST,31,000,State - LAKSHADWEEP (31),Total,15-59,Marginal workers_Worked for less than_3 months_Total_Females,649,DDW-3100B-01ST-Census.xls,01ST
B0301ST,31,000,State - LAKSHADWEEP (31),Rural,Total,Marginal workers_Worked for less than_3 months_Total_Females,136,DDW-3100B-01ST-Census.xls,01ST
B0301ST,31,000,State - LAKSHADWEEP (31),Rural,5-14,Marginal workers_Worked for less than_3 months_Total_Females,0,DDW-3100B-01ST-Census.xls,01ST
B0301ST,31,000,State - LAKSHADWEEP (31),Rural,15-34,Marginal workers_Worked for less than_3 months_Total_Females,88,DDW-3100B-01ST-Census.xls,01ST
B0301ST,31,000,State - LAKSHADWEEP (31),Rural,35-59,Marginal workers_Worked for less than_3 months_Total_Females,47,DDW-3100B-01ST-Census.xls,01ST
B0301ST,31,000,State - LAKSHADWEEP (31),Rural,60+,Marginal workers_Worked for less than_3 months_Total_Females,1,DDW-3100B-01ST-Census.xls,01ST
B0301ST,31,000,State - LAKSHADWEEP (31),Rural,Age not stated,Marginal workers_Worked for less than_3 months_Total_Females,0,DDW-3100B-01ST-Census.xls,01ST
B0301ST,31,000,State - LAKSHADWEEP (31),Rural,15-59,Marginal workers_Worked for less than_3 months_Total_Females,135,DDW-3100B-01ST-Census.xls,01ST
B0301ST,31,000,State - LAKSHADWEEP (31),Urban,Total,Marginal workers_Worked for less than_3 months_Total_Females,522,DDW-3100B-01ST-Census.xls,01ST
B0301ST,31,000,State - LAKSHADWEEP (31),Urban,5-14,Marginal workers_Worked for less than_3 months_Total_Females,1,DDW-3100B-01ST-Census.xls,01ST
B0301ST,31,000,State - LAKSHADWEEP (31),Urban,15-34,Marginal workers_Worked for less than_3 months_Total_Females,282,DDW-3100B-01ST-Census.xls,01ST
B0301ST,31,000,State - LAKSHADWEEP (31),Urban,35-59,Marginal workers_Worked for less than_3 months_Total_Females,232,DDW-3100B-01ST-Census.xls,01ST
B0301ST,31,000,State - LAKSHADWEEP (31),Urban,60+,Marginal workers_Worked for less than_3 months_Total_Females,6,DDW-3100B-01ST-Census.xls,01ST
B0301ST,31,000,State - LAKSHADWEEP (31),Urban,Age not stated,Marginal workers_Worked for less than_3 months_Total_Females,1,DDW-3100B-01ST-Census.xls,01ST
B0301ST,31,000,State - LAKSHADWEEP (31),Urban,15-59,Marginal workers_Worked for less than_3 months_Total_Females,514,DDW-3100B-01ST-Census.xls,01ST
B0301ST,31,587,District - Lakshadweep (01),Total,Total,Marginal workers_Worked for less than_3 months_Total_Females,658,DDW-3100B-01ST-Census.xls,01ST
B0301ST,31,587,District - Lakshadweep (01),Total,5-14,Marginal workers_Worked for less than_3 months_Total_Females,1,DDW-3100B-01ST-Census.xls,01ST
B0301ST,31,587,District - Lakshadweep (01),Total,15-34,Marginal workers_Worked for less than_3 months_Total_Females,370,DDW-3100B-01ST-Census.xls,01ST
B0301ST,31,587,District - Lakshadweep (01),Total,35-59,Marginal workers_Worked for less than_3 months_Total_Females,279,DDW-3100B-01ST-Census.xls,01ST
B0301ST,31,587,District - Lakshadweep (01),Total,60+,Marginal workers_Worked for less than_3 months_Total_Females,7,DDW-3100B-01ST-Census.xls,01ST
B0301ST,31,587,District - Lakshadweep (01),Total,Age not stated,Marginal workers_Worked for less than_3 months_Total_Females,1,DDW-3100B-01ST-Census.xls,01ST
B0301ST,31,587,District - Lakshadweep (01),Total,15-59,Marginal workers_Worked for less than_3 months_Total_Females,649,DDW-3100B-01ST-Census.xls,01ST
B0301ST,31,587,District - Lakshadweep (01),Rural,Total,Marginal workers_Worked for less than_3 months_Total_Females,136,DDW-3100B-01ST-Census.xls,01ST
B0301ST,31,587,District - Lakshadweep (01),Rural,5-14,Marginal workers_Worked for less than_3 months_Total_Females,0,DDW-3100B-01ST-Census.xls,01ST
B0301ST,31,587,District - Lakshadweep (01),Rural,15-34,Marginal workers_Worked for less than_3 months_Total_Females,88,DDW-3100B-01ST-Census.xls,01ST
B0301ST,31,587,District - Lakshadweep (01),Rural,35-59,Marginal workers_Worked for less than_3 months_Total_Females,47,DDW-3100B-01ST-Census.xls,01ST
B0301ST,31,587,District - Lakshadweep (01),Rural,60+,Marginal workers_Worked for less than_3 months_Total_Females,1,DDW-3100B-01ST-Census.xls,01ST
B0301ST,31,587,District - Lakshadweep (01),Rural,Age not stated,Marginal workers_Worked for less than_3 months_Total_Females,0,DDW-3100B-01ST-Census.xls,01ST
B0301ST,31,587,District - Lakshadweep (01),Rural,15-59,Marginal workers_Worked for less than_3 months_Total_Females,135,DDW-3100B-01ST-Census.xls,01ST
B0301ST,31,587,District - Lakshadweep (01),Urban,Total,Marginal workers_Worked for less than_3 months_Total_Females,522,DDW-3100B-01ST-Census.xls,01ST
B0301ST,31,587,District - Lakshadweep (01),Urban,5-14,Marginal workers_Worked for less than_3 months_Total_Females,1,DDW-3100B-01ST-Census.xls,01ST
B0301ST,31,587,District - Lakshadweep (01),Urban,15-34,Marginal workers_Worked for less than_3 months_Total_Females,282,DDW-3100B-01ST-Census.xls,01ST
B0301ST,31,587,District - Lakshadweep (01),Urban,35-59,Marginal workers_Worked for less than_3 months_Total_Females,232,DDW-3100B-01ST-Census.xls,01ST
B0301ST,31,587,District - Lakshadweep (01),Urban,60+,Marginal workers_Worked for less than_3 months_Total_Females,6,DDW-3100B-01ST-Census.xls,01ST
B0301ST,31,587,District - Lakshadweep (01),Urban,Age not stated,Marginal workers_Worked for less than_3 months_Total_Females,1,DDW-3100B-01ST-Census.xls,01ST
B0301ST,31,587,District - Lakshadweep (01),Urban,15-59,Marginal workers_Worked for less than_3 months_Total_Females,514,DDW-3100B-01ST-Census.xls,01ST
B0301ST,31,000,State - LAKSHADWEEP (31),Total,Total,Marginal workers_Worked for 3 to 6 months_Total_Persons,4761,DDW-3100B-01ST-Census.xls,01ST
B0301ST,31,000,State - LAKSHADWEEP (31),Total,5-14,Marginal workers_Worked for 3 to 6 months_Total_Persons,47,DDW-3100B-01ST-Census.xls,01ST
B0301ST,31,000,State - LAKSHADWEEP (31),Total,15-34,Marginal workers_Worked for 3 to 6 months_Total_Persons,2460,DDW-3100B-01ST-Census.xls,01ST
B0301ST,31,000,State - LAKSHADWEEP (31),Total,35-59,Marginal workers_Worked for 3 to 6 months_Total_Persons,2045,DDW-3100B-01ST-Census.xls,01ST
B0301ST,31,000,State - LAKSHADWEEP (31),Total,60+,Marginal workers_Worked for 3 to 6 months_Total_Persons,199,DDW-3100B-01ST-Census.xls,01ST
B0301ST,31,000,State - LAKSHADWEEP (31),Total,Age not stated,Marginal workers_Worked for 3 to 6 months_Total_Persons,10,DDW-3100B-01ST-Census.xls,01ST
B0301ST,31,000,State - LAKSHADWEEP (31),Total,15-59,Marginal workers_Worked for 3 to 6 months_Total_Persons,4505,DDW-3100B-01ST-Census.xls,01ST
B0301ST,31,000,State - LAKSHADWEEP (31),Rural,Total,Marginal workers_Worked for 3 to 6 months_Total_Persons,1808,DDW-3100B-01ST-Census.xls,01ST
B0301ST,31,000,State - LAKSHADWEEP (31),Rural,5-14,Marginal workers_Worked for 3 to 6 months_Total_Persons,10,DDW-3100B-01ST-Census.xls,01ST
B0301ST,31,000,State - LAKSHADWEEP (31),Rural,15-34,Marginal workers_Worked for 3 to 6 months_Total_Persons,987,DDW-3100B-01ST-Census.xls,01ST
B0301ST,31,000,State - LAKSHADWEEP (31),Rural,35-59,Marginal workers_Worked for 3 to 6 months_Total_Persons,729,DDW-3100B-01ST-Census.xls,01ST
B0301ST,31,000,State - LAKSHADWEEP (31),Rural,60+,Marginal workers_Worked for 3 to 6 months_Total_Persons,75,DDW-3100B-01ST-Census.xls,01ST
B0301ST,31,000,State - LAKSHADWEEP (31),Rural,Age not stated,Marginal workers_Worked for 3 to 6 months_Total_Persons,7,DDW-3100B-01ST-Census.xls,01ST
B0301ST,31,000,State - LAKSHADWEEP (31),Rural,15-59,Marginal workers_Worked for 3 to 6 months_Total_Persons,1716,DDW-3100B-01ST-Census.xls,01ST
B0301ST,31,000,State - LAKSHADWEEP (31),Urban,Total,Marginal workers_Worked for 3 to 6 months_Total_Persons,2953,DDW-3100B-01ST-Census.xls,01ST
B0301ST,31,000,State - LAKSHADWEEP (31),Urban,5-14,Marginal workers_Worked for 3 to 6 months_Total_Persons,37,DDW-3100B-01ST-Census.xls,01ST
B0301ST,31,000,State - LAKSHADWEEP (31),Urban,15-34,Marginal workers_Worked for 3 to 6 months_Total_Persons,1473,DDW-3100B-01ST-Census.xls,01ST
B0301ST,31,000,State - LAKSHADWEEP (31),Urban,35-59,Marginal workers_Worked for 3 to 6 months_Total_Persons,1316,DDW-3100B-01ST-Census.xls,01ST
B0301ST,31,000,State - LAKSHADWEEP (31),Urban,60+,Marginal workers_Worked for 3 to 6 months_Total_Persons,124,DDW-3100B-01ST-Census.xls,01ST
B0301ST,31,000,State - LAKSHADWEEP (31),Urban,Age not stated,Marginal workers_Worked for 3 to 6 months_Total_Persons,3,DDW-3100B-01ST-Census.xls,01ST
B0301ST,31,000,State - LAKSHADWEEP (31),Urban,15-59,Marginal workers_Worked for 3 to 6 months_Total_Persons,2789,DDW-3100B-01ST-Census.xls,01ST
B0301ST,31,587,District - Lakshadweep (01),Total,Total,Marginal workers_Worked for 3 to 6 months_Total_Persons,4761,DDW-3100B-01ST-Census.xls,01ST
B0301ST,31,587,District - Lakshadweep (01),Total,5-14,Marginal workers_Worked for 3 to 6 months_Total_Persons,47,DDW-3100B-01ST-Census.xls,01ST
B0301ST,31,587,District - Lakshadweep (01),Total,15-34,Marginal workers_Worked for 3 to 6 months_Total_Persons,2460,DDW-3100B-01ST-Census.xls,01ST
B0301ST,31,587,District - Lakshadweep (01),Total,35-59,Marginal workers_Worked for 3 to 6 months_Total_Persons,2045,DDW-3100B-01ST-Census.xls,01ST
B0301ST,31,587,District - Lakshadweep (01),Total,60+,Marginal workers_Worked for 3 to 6 months_Total_Persons,199,DDW-3100B-01ST-Census.xls,01ST
B0301ST,31,587,District - Lakshadweep (01),Total,Age not stated,Marginal workers_Worked for 3 to 6 months_Total_Persons,10,DDW-3100B-01ST-Census.xls,01ST
B0301ST,31,587,District - Lakshadweep (01),Total,15-59,Marginal workers_Worked for 3 to 6 months_Total_Persons,4505,DDW-3100B-01ST-Census.xls,01ST
B0301ST,31,587,District - Lakshadweep (01),Rural,Total,Marginal workers_Worked for 3 to 6 months_Total_Persons,1808,DDW-3100B-01ST-Census.xls,01ST
B0301ST,31,587,District - Lakshadweep (01),Rural,5-14,Marginal workers_Worked for 3 to 6 months_Total_Persons,10,DDW-3100B-01ST-Census.xls,01ST
B0301ST,31,587,District - Lakshadweep (01),Rural,15-34,Marginal workers_Worked for 3 to 6 months_Total_Persons,987,DDW-3100B-01ST-Census.xls,01ST
B0301ST,31,587,District - Lakshadweep (01),Rural,35-59,Marginal workers_Worked for 3 to 6 months_Total_Persons,729,DDW-3100B-01ST-Census.xls,01ST
B0301ST,31,587,District - Lakshadweep (01),Rural,60+,Marginal workers_Worked for 3 to 6 months_Total_Persons,75,DDW-3100B-01ST-Census.xls,01ST
B0301ST,31,587,District - Lakshadweep (01),Rural,Age not stated,Marginal workers_Worked for 3 to 6 months_Total_Persons,7,DDW-3100B-01ST-Census.xls,01ST
B0301ST,31,587,District - Lakshadweep (01),Rural,15-59,Marginal workers_Worked for 3 to 6 months_Total_Persons,1716,DDW-3100B-01ST-Census.xls,01ST
B0301ST,31,587,District - Lakshadweep (01),Urban,Total,Marginal workers_Worked for 3 to 6 months_Total_Persons,2953,DDW-3100B-01ST-Census.xls,01ST
B0301ST,31,587,District - Lakshadweep (01),Urban,5-14,Marginal workers_Worked for 3 to 6 months_Total_Persons,37,DDW-3100B-01ST-Census.xls,01ST
B0301ST,31,587,District - Lakshadweep (01),Urban,15-34,Marginal workers_Worked for 3 to 6 months_Total_Persons,1473,DDW-3100B-01ST-Census.xls,01ST
B0301ST,31,587,District - Lakshadweep (01),Urban,35-59,Marginal workers_Worked for 3 to 6 months_Total_Persons,1316,DDW-3100B-01ST-Census.xls,01ST
B0301ST,31,587,District - Lakshadweep (01),Urban,60+,Marginal workers_Worked for 3 to 6 months_Total_Persons,124,DDW-3100B-01ST-Census.xls,01ST
B0301ST,31,587,District - Lakshadweep (01),Urban,Age not stated,Marginal workers_Worked for 3 to 6 months_Total_Persons,3,DDW-3100B-01ST-Census.xls,01ST
B0301ST,31,587,District - Lakshadweep (01),Urban,15-59,Marginal workers_Worked for 3 to 6 months_Total_Persons,2789,DDW-3100B-01ST-Census.xls,01ST
B0301ST,31,000,State - LAKSHADWEEP (31),Total,Total,Marginal workers_Worked for 3 to 6 months_Total_Males,3687,DDW-3100B-01ST-Census.xls,01ST
B0301ST,31,000,State - LAKSHADWEEP (31),Total,5-14,Marginal workers_Worked for 3 to 6 months_Total_Males,26,DDW-3100B-01ST-Census.xls,01ST
B0301ST,31,000,State - LAKSHADWEEP (31),Total,15-34,Marginal workers_Worked for 3 to 6 months_Total_Males,1848,DDW-3100B-01ST-Census.xls,01ST
B0301ST,31,000,State - LAKSHADWEEP (31),Total,35-59,Marginal workers_Worked for 3 to 6 months_Total_Males,1631,DDW-3100B-01ST-Census.xls,01ST
B0301ST,31,000,State - LAKSHADWEEP (31),Total,60+,Marginal workers_Worked for 3 to 6 months_Total_Males,173,DDW-3100B-01ST-Census.xls,01ST
B0301ST,31,000,State - LAKSHADWEEP (31),Total,Age not stated,Marginal workers_Worked for 3 to 6 months_Total_Males,9,DDW-3100B-01ST-Census.xls,01ST
B0301ST,31,000,State - LAKSHADWEEP (31),Total,15-59,Marginal workers_Worked for 3 to 6 months_Total_Males,3479,DDW-3100B-01ST-Census.xls,01ST
B0301ST,31,000,State - LAKSHADWEEP (31),Rural,Total,Marginal workers_Worked for 3 to 6 months_Total_Males,1435,DDW-3100B-01ST-Census.xls,01ST
B0301ST,31,000,State - LAKSHADWEEP (31),Rural,5-14,Marginal workers_Worked for 3 to 6 months_Total_Males,6,DDW-3100B-01ST-Census.xls,01ST
B0301ST,31,000,State - LAKSHADWEEP (31),Rural,15-34,Marginal workers_Worked for 3 to 6 months_Total_Males,768,DDW-3100B-01ST-Census.xls,01ST
B0301ST,31,000,State - LAKSHADWEEP (31),Rural,35-59,Marginal workers_Worked for 3 to 6 months_Total_Males,588,DDW-3100B-01ST-Census.xls,01ST
B0301ST,31,000,State - LAKSHADWEEP (31),Rural,60+,Marginal workers_Worked for 3 to 6 months_Total_Males,67,DDW-3100B-01ST-Census.xls,01ST
B0301ST,31,000,State - LAKSHADWEEP (31),Rural,Age not stated,Marginal workers_Worked for 3 to 6 months_Total_Males,6,DDW-3100B-01ST-Census.xls,01ST
B0301ST,31,000,State - LAKSHADWEEP (31),Rural,15-59,Marginal workers_Worked for 3 to 6 months_Total_Males,1356,DDW-3100B-01ST-Census.xls,01ST
B0301ST,31,000,State - LAKSHADWEEP (31),Urban,Total,Marginal workers_Worked for 3 to 6 months_Total_Males,2252,DDW-3100B-01ST-Census.xls,01ST
B0301ST,31,000,State - LAKSHADWEEP (31),Urban,5-14,Marginal workers_Worked for 3 to 6 months_Total_Males,20,DDW-3100B-01ST-Census.xls,01ST
B0301ST,31,000,State - LAKSHADWEEP (31),Urban,15-34,Marginal workers_Worked for 3 to 6 months_Total_Males,1080,DDW-3100B-01ST-Census.xls,01ST
B0301ST,31,000,State - LAKSHADWEEP (31),Urban,35-59,Marginal workers_Worked for 3 to 6 months_Total_Males,1043,DDW-3100B-01ST-Census.xls,01ST
B0301ST,31,000,State - LAKSHADWEEP (31),Urban,60+,Marginal workers_Worked for 3 to 6 months_Total_Males,106,DDW-3100B-01ST-Census.xls,01ST
B0301ST,31,000,State - LAKSHADWEEP (31),Urban,Age not stated,Marginal workers_Worked for 3 to 6 months_Total_Males,3,DDW-3100B-01ST-Census.xls,01ST
B0301ST,31,000,State - LAKSHADWEEP (31),Urban,15-59,Marginal workers_Worked for 3 to 6 months_Total_Males,2123,DDW-3100B-01ST-Census.xls,01ST
B0301ST,31,587,District - Lakshadweep (01),Total,Total,Marginal workers_Worked for 3 to 6 months_Total_Males,3687,DDW-3100B-01ST-Census.xls,01ST
B0301ST,31,587,District - Lakshadweep (01),Total,5-14,Marginal workers_Worked for 3 to 6 months_Total_Males,26,DDW-3100B-01ST-Census.xls,01ST
B0301ST,31,587,District - Lakshadweep (01),Total,15-34,Marginal workers_Worked for 3 to 6 months_Total_Males,1848,DDW-3100B-01ST-Census.xls,01ST
B0301ST,31,587,District - Lakshadweep (01),Total,35-59,Marginal workers_Worked for 3 to 6 months_Total_Males,1631,DDW-3100B-01ST-Census.xls,01ST
B0301ST,31,587,District - Lakshadweep (01),Total,60+,Marginal workers_Worked for 3 to 6 months_Total_Males,173,DDW-3100B-01ST-Census.xls,01ST
B0301ST,31,587,District - Lakshadweep (01),Total,Age not stated,Marginal workers_Worked for 3 to 6 months_Total_Males,9,DDW-3100B-01ST-Census.xls,01ST
B0301ST,31,587,District - Lakshadweep (01),Total,15-59,Marginal workers_Worked for 3 to 6 months_Total_Males,3479,DDW-3100B-01ST-Census.xls,01ST
B0301ST,31,587,District - Lakshadweep (01),Rural,Total,Marginal workers_Worked for 3 to 6 months_Total_Males,1435,DDW-3100B-01ST-Census.xls,01ST
B0301ST,31,587,District - Lakshadweep (01),Rural,5-14,Marginal workers_Worked for 3 to 6 months_Total_Males,6,DDW-3100B-01ST-Census.xls,01ST
B0301ST,31,587,District - Lakshadweep (01),Rural,15-34,Marginal workers_Worked for 3 to 6 months_Total_Males,768,DDW-3100B-01ST-Census.xls,01ST
B0301ST,31,587,District - Lakshadweep (01),Rural,35-59,Marginal workers_Worked for 3 to 6 months_Total_Males,588,DDW-3100B-01ST-Census.xls,01ST
B0301ST,31,587,District - Lakshadweep (01),Rural,60+,Marginal workers_Worked for 3 to 6 months_Total_Males,67,DDW-3100B-01ST-Census.xls,01ST
B0301ST,31,587,District - Lakshadweep (01),Rural,Age not stated,Marginal workers_Worked for 3 to 6 months_Total_Males,6,DDW-3100B-01ST-Census.xls,01ST
B0301ST,31,587,District - Lakshadweep (01),Rural,15-59,Marginal workers_Worked for 3 to 6 months_Total_Males,1356,DDW-3100B-01ST-Census.xls,01ST
B0301ST,31,587,District - Lakshadweep (01),Urban,Total,Marginal workers_Worked for 3 to 6 months_Total_Males,2252,DDW-3100B-01ST-Census.xls,01ST
B0301ST,31,587,District - Lakshadweep (01),Urban,5-14,Marginal workers_Worked for 3 to 6 months_Total_Males,20,DDW-3100B-01ST-Census.xls,01ST
B0301ST,31,587,District - Lakshadweep (01),Urban,15-34,Marginal workers_Worked for 3 to 6 months_Total_Males,1080,DDW-3100B-01ST-Census.xls,01ST
B0301ST,31,587,District - Lakshadweep (01),Urban,35-59,Marginal workers_Worked for 3 to 6 months_Total_Males,1043,DDW-3100B-01ST-Census.xls,01ST
B0301ST,31,587,District - Lakshadweep (01),Urban,60+,Marginal workers_Worked for 3 to 6 months_Total_Males,106,DDW-3100B-01ST-Census.xls,01ST
B0301ST,31,587,District - Lakshadweep (01),Urban,Age not stated,Marginal workers_Worked for 3 to 6 months_Total_Males,3,DDW-3100B-01ST-Census.xls,01ST
B0301ST,31,587,District - Lakshadweep (01),Urban,15-59,Marginal workers_Worked for 3 to 6 months_Total_Males,2123,DDW-3100B-01ST-Census.xls,01ST
B0301ST,31,000,State - LAKSHADWEEP (31),Total,Total,Marginal workers_Worked for 3 to 6 months_Total_Females,1074,DDW-3100B-01ST-Census.xls,01ST
B0301ST,31,000,State - LAKSHADWEEP (31),Total,5-14,Marginal workers_Worked for 3 to 6 months_Total_Females,21,DDW-3100B-01ST-Census.xls,01ST
B0301ST,31,000,State - LAKSHADWEEP (31),Total,15-34,Marginal workers_Worked for 3 to 6 months_Total_Females,612,DDW-3100B-01ST-Census.xls,01ST
B0301ST,31,000,State - LAKSHADWEEP (31),Total,35-59,Marginal workers_Worked for 3 to 6 months_Total_Females,414,DDW-3100B-01ST-Census.xls,01ST
B0301ST,31,000,State - LAKSHADWEEP (31),Total,60+,Marginal workers_Worked for 3 to 6 months_Total_Females,26,DDW-3100B-01ST-Census.xls,01ST
B0301ST,31,000,State - LAKSHADWEEP (31),Total,Age not stated,Marginal workers_Worked for 3 to 6 months_Total_Females,1,DDW-3100B-01ST-Census.xls,01ST
B0301ST,31,000,State - LAKSHADWEEP (31),Total,15-59,Marginal workers_Worked for 3 to 6 months_Total_Females,1026,DDW-3100B-01ST-Census.xls,01ST
B0301ST,31,000,State - LAKSHADWEEP (31),Rural,Total,Marginal workers_Worked for 3 to 6 months_Total_Females,373,DDW-3100B-01ST-Census.xls,01ST
B0301ST,31,000,State - LAKSHADWEEP (31),Rural,5-14,Marginal workers_Worked for 3 to 6 months_Total_Females,4,DDW-3100B-01ST-Census.xls,01ST
B0301ST,31,000,State - LAKSHADWEEP (31),Rural,15-34,Marginal workers_Worked for 3 to 6 months_Total_Females,219,DDW-3100B-01ST-Census.xls,01ST
B0301ST,31,000,State - LAKSHADWEEP (31),Rural,35-59,Marginal workers_Worked for 3 to 6 months_Total_Females,141,DDW-3100B-01ST-Census.xls,01ST
B0301ST,31,000,State - LAKSHADWEEP (31),Rural,60+,Marginal workers_Worked for 3 to 6 months_Total_Females,8,DDW-3100B-01ST-Census.xls,01ST
B0301ST,31,000,State - LAKSHADWEEP (31),Rural,Age not stated,Marginal workers_Worked for 3 to 6 months_Total_Females,1,DDW-3100B-01ST-Census.xls,01ST
B0301ST,31,000,State - LAKSHADWEEP (31),Rural,15-59,Marginal workers_Worked for 3 to 6 months_Total_Females,360,DDW-3100B-01ST-Census.xls,01ST
B0301ST,31,000,State - LAKSHADWEEP (31),Urban,Total,Marginal workers_Worked for 3 to 6 months_Total_Females,701,DDW-3100B-01ST-Census.xls,01ST
B0301ST,31,000,State - LAKSHADWEEP (31),Urban,5-14,Marginal workers_Worked for 3 to 6 months_Total_Females,17,DDW-3100B-01ST-Census.xls,01ST
B0301ST,31,000,State - LAKSHADWEEP (31),Urban,15-34,Marginal workers_Worked for 3 to 6 months_Total_Females,393,DDW-3100B-01ST-Census.xls,01ST
B0301ST,31,000,State - LAKSHADWEEP (31),Urban,35-59,Marginal workers_Worked for 3 to 6 months_Total_Females,273,DDW-3100B-01ST-Census.xls,01ST
B0301ST,31,000,State - LAKSHADWEEP (31),Urban,60+,Marginal workers_Worked for 3 to 6 months_Total_Females,18,DDW-3100B-01ST-Census.xls,01ST
B0301ST,31,000,State - LAKSHADWEEP (31),Urban,Age not stated,Marginal workers_Worked for 3 to 6 months_Total_Females,0,DDW-3100B-01ST-Census.xls,01ST
B0301ST,31,000,State - LAKSHADWEEP (31),Urban,15-59,Marginal workers_Worked for 3 to 6 months_Total_Females,666,DDW-3100B-01ST-Census.xls,01ST
B0301ST,31,587,District - Lakshadweep (01),Total,Total,Marginal workers_Worked for 3 to 6 months_Total_Females,1074,DDW-3100B-01ST-Census.xls,01ST
B0301ST,31,587,District - Lakshadweep (01),Total,5-14,Marginal workers_Worked for 3 to 6 months_Total_Females,21,DDW-3100B-01ST-Census.xls,01ST
B0301ST,31,587,District - Lakshadweep (01),Total,15-34,Marginal workers_Worked for 3 to 6 months_Total_Females,612,DDW-3100B-01ST-Census.xls,01ST
B0301ST,31,587,District - Lakshadweep (01),Total,35-59,Marginal workers_Worked for 3 to 6 months_Total_Females,414,DDW-3100B-01ST-Census.xls,01ST
B0301ST,31,587,District - Lakshadweep (01),Total,60+,Marginal workers_Worked for 3 to 6 months_Total_Females,26,DDW-3100B-01ST-Census.xls,01ST
B0301ST,31,587,District - Lakshadweep (01),Total,Age not stated,Marginal workers_Worked for 3 to 6 months_Total_Females,1,DDW-3100B-01ST-Census.xls,01ST
B0301ST,31,587,District - Lakshadweep (01),Total,15-59,Marginal workers_Worked for 3 to 6 months_Total_Females,1026,DDW-3100B-01ST-Census.xls,01ST
B0301ST,31,587,District - Lakshadweep (01),Rural,Total,Marginal workers_Worked for 3 to 6 months_Total_Females,373,DDW-3100B-01ST-Census.xls,01ST
B0301ST,31,587,District - Lakshadweep (01),Rural,5-14,Marginal workers_Worked for 3 to 6 months_Total_Females,4,DDW-3100B-01ST-Census.xls,01ST
B0301ST,31,587,District - Lakshadweep (01),Rural,15-34,Marginal workers_Worked for 3 to 6 months_Total_Females,219,DDW-3100B-01ST-Census.xls,01ST
B0301ST,31,587,District - Lakshadweep (01),Rural,35-59,Marginal workers_Worked for 3 to 6 months_Total_Females,141,DDW-3100B-01ST-Census.xls,01ST
B0301ST,31,587,District - Lakshadweep (01),Rural,60+,Marginal workers_Worked for 3 to 6 months_Total_Females,8,DDW-3100B-01ST-Census.xls,01ST
B0301ST,31,587,District - Lakshadweep (01),Rural,Age not stated,Marginal workers_Worked for 3 to 6 months_Total_Females,1,DDW-3100B-01ST-Census.xls,01ST
B0301ST,31,587,District - Lakshadweep (01),Rural,15-59,Marginal workers_Worked for 3 to 6 months_Total_Females,360,DDW-3100B-01ST-Census.xls,01ST
B0301ST,31,587,District - Lakshadweep (01),Urban,Total,Marginal workers_Worked for 3 to 6 months_Total_Females,701,DDW-3100B-01ST-Census.xls,01ST
B0301ST,31,587,District - Lakshadweep (01),Urban,5-14,Marginal workers_Worked for 3 to 6 months_Total_Females,17,DDW-3100B-01ST-Census.xls,01ST
B0301ST,31,587,District - Lakshadweep (01),Urban,15-34,Marginal workers_Worked for 3 to 6 months_Total_Females,393,DDW-3100B-01ST-Census.xls,01ST
B0301ST,31,587,District - Lakshadweep (01),Urban,35-59,Marginal workers_Worked for 3 to 6 months_Total_Females,273,DDW-3100B-01ST-Census.xls,01ST
B0301ST,31,587,District - Lakshadweep (01),Urban,60+,Marginal workers_Worked for 3 to 6 months_Total_Females,18,DDW-3100B-01ST-Census.xls,01ST
B0301ST,31,587,District - Lakshadweep (01),Urban,Age not stated,Marginal workers_Worked for 3 to 6 months_Total_Females,0,DDW-3100B-01ST-Census.xls,01ST
B0301ST,31,587,District - Lakshadweep (01),Urban,15-59,Marginal workers_Worked for 3 to 6 months_Total_Females,666,DDW-3100B-01ST-Census.xls,01ST
B0301ST,31,000,State - LAKSHADWEEP (31),Total,Total,Marginal workers_Seeking/available for work_Persons,5922,DDW-3100B-01ST-Census.xls,01ST
B0301ST,31,000,State - LAKSHADWEEP (31),Total,5-14,Marginal workers_Seeking/available for work_Persons,42,DDW-3100B-01ST-Census.xls,01ST
B0301ST,31,000,State - LAKSHADWEEP (31),Total,15-34,Marginal workers_Seeking/available for work_Persons,3460,DDW-3100B-01ST-Census.xls,01ST
B0301ST,31,000,State - LAKSHADWEEP (31),Total,35-59,Marginal workers_Seeking/available for work_Persons,2275,DDW-3100B-01ST-Census.xls,01ST
B0301ST,31,000,State - LAKSHADWEEP (31),Total,60+,Marginal workers_Seeking/available for work_Persons,137,DDW-3100B-01ST-Census.xls,01ST
B0301ST,31,000,State - LAKSHADWEEP (31),Total,Age not stated,Marginal workers_Seeking/available for work_Persons,8,DDW-3100B-01ST-Census.xls,01ST
B0301ST,31,000,State - LAKSHADWEEP (31),Total,15-59,Marginal workers_Seeking/available for work_Persons,5735,DDW-3100B-01ST-Census.xls,01ST
B0301ST,31,000,State - LAKSHADWEEP (31),Rural,Total,Marginal workers_Seeking/available for work_Persons,2108,DDW-3100B-01ST-Census.xls,01ST
B0301ST,31,000,State - LAKSHADWEEP (31),Rural,5-14,Marginal workers_Seeking/available for work_Persons,5,DDW-3100B-01ST-Census.xls,01ST
B0301ST,31,000,State - LAKSHADWEEP (31),Rural,15-34,Marginal workers_Seeking/available for work_Persons,1238,DDW-3100B-01ST-Census.xls,01ST
B0301ST,31,000,State - LAKSHADWEEP (31),Rural,35-59,Marginal workers_Seeking/available for work_Persons,795,DDW-3100B-01ST-Census.xls,01ST
B0301ST,31,000,State - LAKSHADWEEP (31),Rural,60+,Marginal workers_Seeking/available for work_Persons,64,DDW-3100B-01ST-Census.xls,01ST
B0301ST,31,000,State - LAKSHADWEEP (31),Rural,Age not stated,Marginal workers_Seeking/available for work_Persons,6,DDW-3100B-01ST-Census.xls,01ST
B0301ST,31,000,State - LAKSHADWEEP (31),Rural,15-59,Marginal workers_Seeking/available for work_Persons,2033,DDW-3100B-01ST-Census.xls,01ST
B0301ST,31,000,State - LAKSHADWEEP (31),Urban,Total,Marginal workers_Seeking/available for work_Persons,3814,DDW-3100B-01ST-Census.xls,01ST
B0301ST,31,000,State - LAKSHADWEEP (31),Urban,5-14,Marginal workers_Seeking/available for work_Persons,37,DDW-3100B-01ST-Census.xls,01ST
B0301ST,31,000,State - LAKSHADWEEP (31),Urban,15-34,Marginal workers_Seeking/available for work_Persons,2222,DDW-3100B-01ST-Census.xls,01ST
B0301ST,31,000,State - LAKSHADWEEP (31),Urban,35-59,Marginal workers_Seeking/available for work_Persons,1480,DDW-3100B-01ST-Census.xls,01ST
B0301ST,31,000,State - LAKSHADWEEP (31),Urban,60+,Marginal workers_Seeking/available for work_Persons,73,DDW-3100B-01ST-Census.xls,01ST
B0301ST,31,000,State - LAKSHADWEEP (31),Urban,Age not stated,Marginal workers_Seeking/available for work_Persons,2,DDW-3100B-01ST-Census.xls,01ST
B0301ST,31,000,State - LAKSHADWEEP (31),Urban,15-59,Marginal workers_Seeking/available for work_Persons,3702,DDW-3100B-01ST-Census.xls,01ST
B0301ST,31,587,District - Lakshadweep (01),Total,Total,Marginal workers_Seeking/available for work_Persons,5922,DDW-3100B-01ST-Census.xls,01ST
B0301ST,31,587,District - Lakshadweep (01),Total,5-14,Marginal workers_Seeking/available for work_Persons,42,DDW-3100B-01ST-Census.xls,01ST
B0301ST,31,587,District - Lakshadweep (01),Total,15-34,Marginal workers_Seeking/available for work_Persons,3460,DDW-3100B-01ST-Census.xls,01ST
B0301ST,31,587,District - Lakshadweep (01),Total,35-59,Marginal workers_Seeking/available for work_Persons,2275,DDW-3100B-01ST-Census.xls,01ST
B0301ST,31,587,District - Lakshadweep (01),Total,60+,Marginal workers_Seeking/available for work_Persons,137,DDW-3100B-01ST-Census.xls,01ST
B0301ST,31,587,District - Lakshadweep (01),Total,Age not stated,Marginal workers_Seeking/available for work_Persons,8,DDW-3100B-01ST-Census.xls,01ST
B0301ST,31,587,District - Lakshadweep (01),Total,15-59,Marginal workers_Seeking/available for work_Persons,5735,DDW-3100B-01ST-Census.xls,01ST
B0301ST,31,587,District - Lakshadweep (01),Rural,Total,Marginal workers_Seeking/available for work_Persons,2108,DDW-3100B-01ST-Census.xls,01ST
B0301ST,31,587,District - Lakshadweep (01),Rural,5-14,Marginal workers_Seeking/available for work_Persons,5,DDW-3100B-01ST-Census.xls,01ST
B0301ST,31,587,District - Lakshadweep (01),Rural,15-34,Marginal workers_Seeking/available for work_Persons,1238,DDW-3100B-01ST-Census.xls,01ST
B0301ST,31,587,District - Lakshadweep (01),Rural,35-59,Marginal workers_Seeking/available for work_Persons,795,DDW-3100B-01ST-Census.xls,01ST
B0301ST,31,587,District - Lakshadweep (01),Rural,60+,Marginal workers_Seeking/available for work_Persons,64,DDW-3100B-01ST-Census.xls,01ST
B0301ST,31,587,District - Lakshadweep (01),Rural,Age not stated,Marginal workers_Seeking/available for work_Persons,6,DDW-3100B-01ST-Census.xls,01ST
B0301ST,31,587,District - Lakshadweep (01),Rural,15-59,Marginal workers_Seeking/available for work_Persons,2033,DDW-3100B-01ST-Census.xls,01ST
B0301ST,31,587,District - Lakshadweep (01),Urban,Total,Marginal workers_Seeking/available for work_Persons,3814,DDW-3100B-01ST-Census.xls,01ST
B0301ST,31,587,District - Lakshadweep (01),Urban,5-14,Marginal workers_Seeking/available for work_Persons,37,DDW-3100B-01ST-Census.xls,01ST
B0301ST,31,587,District - Lakshadweep (01),Urban,15-34,Marginal workers_Seeking/available for work_Persons,2222,DDW-3100B-01ST-Census.xls,01ST
B0301ST,31,587,District - Lakshadweep (01),Urban,35-59,Marginal workers_Seeking/available for work_Persons,1480,DDW-3100B-01ST-Census.xls,01ST
B0301ST,31,587,District - Lakshadweep (01),Urban,60+,Marginal workers_Seeking/available for work_Persons,73,DDW-3100B-01ST-Census.xls,01ST
B0301ST,31,587,District - Lakshadweep (01),Urban,Age not stated,Marginal workers_Seeking/available for work_Persons,2,DDW-3100B-01ST-Census.xls,01ST
B0301ST,31,587,District - Lakshadweep (01),Urban,15-59,Marginal workers_Seeking/available for work_Persons,3702,DDW-3100B-01ST-Census.xls,01ST
B0301ST,31,000,State - LAKSHADWEEP (31),Total,Total,Marginal workers_Seeking/available for work_Males,4488,DDW-3100B-01ST-Census.xls,01ST
B0301ST,31,000,State - LAKSHADWEEP (31),Total,5-14,Marginal workers_Seeking/available for work_Males,26,DDW-3100B-01ST-Census.xls,01ST
B0301ST,31,000,State - LAKSHADWEEP (31),Total,15-34,Marginal workers_Seeking/available for work_Males,2575,DDW-3100B-01ST-Census.xls,01ST
B0301ST,31,000,State - LAKSHADWEEP (31),Total,35-59,Marginal workers_Seeking/available for work_Males,1763,DDW-3100B-01ST-Census.xls,01ST
B0301ST,31,000,State - LAKSHADWEEP (31),Total,60+,Marginal workers_Seeking/available for work_Males,117,DDW-3100B-01ST-Census.xls,01ST
B0301ST,31,000,State - LAKSHADWEEP (31),Total,Age not stated,Marginal workers_Seeking/available for work_Males,7,DDW-3100B-01ST-Census.xls,01ST
B0301ST,31,000,State - LAKSHADWEEP (31),Total,15-59,Marginal workers_Seeking/available for work_Males,4338,DDW-3100B-01ST-Census.xls,01ST
B0301ST,31,000,State - LAKSHADWEEP (31),Rural,Total,Marginal workers_Seeking/available for work_Males,1639,DDW-3100B-01ST-Census.xls,01ST
B0301ST,31,000,State - LAKSHADWEEP (31),Rural,5-14,Marginal workers_Seeking/available for work_Males,4,DDW-3100B-01ST-Census.xls,01ST
B0301ST,31,000,State - LAKSHADWEEP (31),Rural,15-34,Marginal workers_Seeking/available for work_Males,947,DDW-3100B-01ST-Census.xls,01ST
B0301ST,31,000,State - LAKSHADWEEP (31),Rural,35-59,Marginal workers_Seeking/available for work_Males,625,DDW-3100B-01ST-Census.xls,01ST
B0301ST,31,000,State - LAKSHADWEEP (31),Rural,60+,Marginal workers_Seeking/available for work_Males,57,DDW-3100B-01ST-Census.xls,01ST
B0301ST,31,000,State - LAKSHADWEEP (31),Rural,Age not stated,Marginal workers_Seeking/available for work_Males,6,DDW-3100B-01ST-Census.xls,01ST
B0301ST,31,000,State - LAKSHADWEEP (31),Rural,15-59,Marginal workers_Seeking/available for work_Males,1572,DDW-3100B-01ST-Census.xls,01ST
B0301ST,31,000,State - LAKSHADWEEP (31),Urban,Total,Marginal workers_Seeking/available for work_Males,2849,DDW-3100B-01ST-Census.xls,01ST
B0301ST,31,000,State - LAKSHADWEEP (31),Urban,5-14,Marginal workers_Seeking/available for work_Males,22,DDW-3100B-01ST-Census.xls,01ST
B0301ST,31,000,State - LAKSHADWEEP (31),Urban,15-34,Marginal workers_Seeking/available for work_Males,1628,DDW-3100B-01ST-Census.xls,01ST
B0301ST,31,000,State - LAKSHADWEEP (31),Urban,35-59,Marginal workers_Seeking/available for work_Males,1138,DDW-3100B-01ST-Census.xls,01ST
B0301ST,31,000,State - LAKSHADWEEP (31),Urban,60+,Marginal workers_Seeking/available for work_Males,60,DDW-3100B-01ST-Census.xls,01ST
B0301ST,31,000,State - LAKSHADWEEP (31),Urban,Age not stated,Marginal workers_Seeking/available for work_Males,1,DDW-3100B-01ST-Census.xls,01ST
B0301ST,31,000,State - LAKSHADWEEP (31),Urban,15-59,Marginal workers_Seeking/available for work_Males,2766,DDW-3100B-01ST-Census.xls,01ST
B0301ST,31,587,District - Lakshadweep (01),Total,Total,Marginal workers_Seeking/available for work_Males,4488,DDW-3100B-01ST-Census.xls,01ST
B0301ST,31,587,District - Lakshadweep (01),Total,5-14,Marginal workers_Seeking/available for work_Males,26,DDW-3100B-01ST-Census.xls,01ST
B0301ST,31,587,District - Lakshadweep (01),Total,15-34,Marginal workers_Seeking/available for work_Males,2575,DDW-3100B-01ST-Census.xls,01ST
B0301ST,31,587,District - Lakshadweep (01),Total,35-59,Marginal workers_Seeking/available for work_Males,1763,DDW-3100B-01ST-Census.xls,01ST
B0301ST,31,587,District - Lakshadweep (01),Total,60+,Marginal workers_Seeking/available for work_Males,117,DDW-3100B-01ST-Census.xls,01ST
B0301ST,31,587,District - Lakshadweep (01),Total,Age not stated,Marginal workers_Seeking/available for work_Males,7,DDW-3100B-01ST-Census.xls,01ST
B0301ST,31,587,District - Lakshadweep (01),Total,15-59,Marginal workers_Seeking/available for work_Males,4338,DDW-3100B-01ST-Census.xls,01ST
B0301ST,31,587,District - Lakshadweep (01),Rural,Total,Marginal workers_Seeking/available for work_Males,1639,DDW-3100B-01ST-Census.xls,01ST
B0301ST,31,587,District - Lakshadweep (01),Rural,5-14,Marginal workers_Seeking/available for work_Males,4,DDW-3100B-01ST-Census.xls,01ST
B0301ST,31,587,District - Lakshadweep (01),Rural,15-34,Marginal workers_Seeking/available for work_Males,947,DDW-3100B-01ST-Census.xls,01ST
B0301ST,31,587,District - Lakshadweep (01),Rural,35-59,Marginal workers_Seeking/available for work_Males,625,DDW-3100B-01ST-Census.xls,01ST
B0301ST,31,587,District - Lakshadweep (01),Rural,60+,Marginal workers_Seeking/available for work_Males,57,DDW-3100B-01ST-Census.xls,01ST
B0301ST,31,587,District - Lakshadweep (01),Rural,Age not stated,Marginal workers_Seeking/available for work_Males,6,DDW-3100B-01ST-Census.xls,01ST
B0301ST,31,587,District - Lakshadweep (01),Rural,15-59,Marginal workers_Seeking/available for work_Males,1572,DDW-3100B-01ST-Census.xls,01ST
B0301ST,31,587,District - Lakshadweep (01),Urban,Total,Marginal workers_Seeking/available for work_Males,2849,DDW-3100B-01ST-Census.xls,01ST
B0301ST,31,587,District - Lakshadweep (01),Urban,5-14,Marginal workers_Seeking/available for work_Males,22,DDW-3100B-01ST-Census.xls,01ST
B0301ST,31,587,District - Lakshadweep (01),Urban,15-34,Marginal workers_Seeking/available for work_Males,1628,DDW-3100B-01ST-Census.xls,01ST
B0301ST,31,587,District - Lakshadweep (01),Urban,35-59,Marginal workers_Seeking/available for work_Males,1138,DDW-3100B-01ST-Census.xls,01ST
B0301ST,31,587,District - Lakshadweep (01),Urban,60+,Marginal workers_Seeking/available for work_Males,60,DDW-3100B-01ST-Census.xls,01ST
B0301ST,31,587,District - Lakshadweep (01),Urban,Age not stated,Marginal workers_Seeking/available for work_Males,1,DDW-3100B-01ST-Census.xls,01ST
B0301ST,31,587,District - Lakshadweep (01),Urban,15-59,Marginal workers_Seeking/available for work_Males,2766,DDW-3100B-01ST-Census.xls,01ST
B0301ST,31,000,State - LAKSHADWEEP (31),Total,Total,Marginal workers_Seeking/available for work_Females,1434,DDW-3100B-01ST-Census.xls,01ST
B0301ST,31,000,State - LAKSHADWEEP (31),Total,5-14,Marginal workers_Seeking/available for work_Females,16,DDW-3100B-01ST-Census.xls,01ST
B0301ST,31,000,State - LAKSHADWEEP (31),Total,15-34,Marginal workers_Seeking/available for work_Females,885,DDW-3100B-01ST-Census.xls,01ST
B0301ST,31,000,State - LAKSHADWEEP (31),Total,35-59,Marginal workers_Seeking/available for work_Females,512,DDW-3100B-01ST-Census.xls,01ST
B0301ST,31,000,State - LAKSHADWEEP (31),Total,60+,Marginal workers_Seeking/available for work_Females,20,DDW-3100B-01ST-Census.xls,01ST
B0301ST,31,000,State - LAKSHADWEEP (31),Total,Age not stated,Marginal workers_Seeking/available for work_Females,1,DDW-3100B-01ST-Census.xls,01ST
B0301ST,31,000,State - LAKSHADWEEP (31),Total,15-59,Marginal workers_Seeking/available for work_Females,1397,DDW-3100B-01ST-Census.xls,01ST
B0301ST,31,000,State - LAKSHADWEEP (31),Rural,Total,Marginal workers_Seeking/available for work_Females,469,DDW-3100B-01ST-Census.xls,01ST
B0301ST,31,000,State - LAKSHADWEEP (31),Rural,5-14,Marginal workers_Seeking/available for work_Females,1,DDW-3100B-01ST-Census.xls,01ST
B0301ST,31,000,State - LAKSHADWEEP (31),Rural,15-34,Marginal workers_Seeking/available for work_Females,291,DDW-3100B-01ST-Census.xls,01ST
B0301ST,31,000,State - LAKSHADWEEP (31),Rural,35-59,Marginal workers_Seeking/available for work_Females,170,DDW-3100B-01ST-Census.xls,01ST
B0301ST,31,000,State - LAKSHADWEEP (31),Rural,60+,Marginal workers_Seeking/available for work_Females,7,DDW-3100B-01ST-Census.xls,01ST
B0301ST,31,000,State - LAKSHADWEEP (31),Rural,Age not stated,Marginal workers_Seeking/available for work_Females,0,DDW-3100B-01ST-Census.xls,01ST
B0301ST,31,000,State - LAKSHADWEEP (31),Rural,15-59,Marginal workers_Seeking/available for work_Females,461,DDW-3100B-01ST-Census.xls,01ST
B0301ST,31,000,State - LAKSHADWEEP (31),Urban,Total,Marginal workers_Seeking/available for work_Females,965,DDW-3100B-01ST-Census.xls,01ST
B0301ST,31,000,State - LAKSHADWEEP (31),Urban,5-14,Marginal workers_Seeking/available for work_Females,15,DDW-3100B-01ST-Census.xls,01ST
B0301ST,31,000,State - LAKSHADWEEP (31),Urban,15-34,Marginal workers_Seeking/available for work_Females,594,DDW-3100B-01ST-Census.xls,01ST
B0301ST,31,000,State - LAKSHADWEEP (31),Urban,35-59,Marginal workers_Seeking/available for work_Females,342,DDW-3100B-01ST-Census.xls,01ST
B0301ST,31,000,State - LAKSHADWEEP (31),Urban,60+,Marginal workers_Seeking/available for work_Females,13,DDW-3100B-01ST-Census.xls,01ST
B0301ST,31,000,State - LAKSHADWEEP (31),Urban,Age not stated,Marginal workers_Seeking/available for work_Females,1,DDW-3100B-01ST-Census.xls,01ST
B0301ST,31,000,State - LAKSHADWEEP (31),Urban,15-59,Marginal workers_Seeking/available for work_Females,936,DDW-3100B-01ST-Census.xls,01ST
B0301ST,31,587,District - Lakshadweep (01),Total,Total,Marginal workers_Seeking/available for work_Females,1434,DDW-3100B-01ST-Census.xls,01ST
B0301ST,31,587,District - Lakshadweep (01),Total,5-14,Marginal workers_Seeking/available for work_Females,16,DDW-3100B-01ST-Census.xls,01ST
B0301ST,31,587,District - Lakshadweep (01),Total,15-34,Marginal workers_Seeking/available for work_Females,885,DDW-3100B-01ST-Census.xls,01ST
B0301ST,31,587,District - Lakshadweep (01),Total,35-59,Marginal workers_Seeking/available for work_Females,512,DDW-3100B-01ST-Census.xls,01ST
B0301ST,31,587,District - Lakshadweep (01),Total,60+,Marginal workers_Seeking/available for work_Females,20,DDW-3100B-01ST-Census.xls,01ST
B0301ST,31,587,District - Lakshadweep (01),Total,Age not stated,Marginal workers_Seeking/available for work_Females,1,DDW-3100B-01ST-Census.xls,01ST
B0301ST,31,587,District - Lakshadweep (01),Total,15-59,Marginal workers_Seeking/available for work_Females,1397,DDW-3100B-01ST-Census.xls,01ST
B0301ST,31,587,District - Lakshadweep (01),Rural,Total,Marginal workers_Seeking/available for work_Females,469,DDW-3100B-01ST-Census.xls,01ST
B0301ST,31,587,District - Lakshadweep (01),Rural,5-14,Marginal workers_Seeking/available for work_Females,1,DDW-3100B-01ST-Census.xls,01ST
B0301ST,31,587,District - Lakshadweep (01),Rural,15-34,Marginal workers_Seeking/available for work_Females,291,DDW-3100B-01ST-Census.xls,01ST
B0301ST,31,587,District - Lakshadweep (01),Rural,35-59,Marginal workers_Seeking/available for work_Females,170,DDW-3100B-01ST-Census.xls,01ST
B0301ST,31,587,District - Lakshadweep (01),Rural,60+,Marginal workers_Seeking/available for work_Females,7,DDW-3100B-01ST-Census.xls,01ST
B0301ST,31,587,District - Lakshadweep (01),Rural,Age not stated,Marginal workers_Seeking/available for work_Females,0,DDW-3100B-01ST-Census.xls,01ST
B0301ST,31,587,District - Lakshadweep (01),Rural,15-59,Marginal workers_Seeking/available for work_Females,461,DDW-3100B-01ST-Census.xls,01ST
B0301ST,31,587,District - Lakshadweep (01),Urban,Total,Marginal workers_Seeking/available for work_Females,965,DDW-3100B-01ST-Census.xls,01ST
B0301ST,31,587,District - Lakshadweep (01),Urban,5-14,Marginal workers_Seeking/available for work_Females,15,DDW-3100B-01ST-Census.xls,01ST
B0301ST,31,587,District - Lakshadweep (01),Urban,15-34,Marginal workers_Seeking/available for work_Females,594,DDW-3100B-01ST-Census.xls,01ST
B0301ST,31,587,District - Lakshadweep (01),Urban,35-59,Marginal workers_Seeking/available for work_Females,342,DDW-3100B-01ST-Census.xls,01ST
B0301ST,31,587,District - Lakshadweep (01),Urban,60+,Marginal workers_Seeking/available for work_Females,13,DDW-3100B-01ST-Census.xls,01ST
B0301ST,31,587,District - Lakshadweep (01),Urban,Age not stated,Marginal workers_Seeking/available for work_Females,1,DDW-3100B-01ST-Census.xls,01ST
B0301ST,31,587,District - Lakshadweep (01),Urban,15-59,Marginal workers_Seeking/available for work_Females,936,DDW-3100B-01ST-Census.xls,01ST
B0301ST,31,000,State - LAKSHADWEEP (31),Total,Total,Non-workers_Total_Persons,44718,DDW-3100B-01ST-Census.xls,01ST
B0301ST,31,000,State - LAKSHADWEEP (31),Total,5-14,Non-workers_Total_Persons,11035,DDW-3100B-01ST-Census.xls,01ST
B0301ST,31,000,State - LAKSHADWEEP (31),Total,15-34,Non-workers_Total_Persons,15350,DDW-3100B-01ST-Census.xls,01ST
B0301ST,31,000,State - LAKSHADWEEP (31),Total,35-59,Non-workers_Total_Persons,8754,DDW-3100B-01ST-Census.xls,01ST
B0301ST,31,000,State - LAKSHADWEEP (31),Total,60+,Non-workers_Total_Persons,4583,DDW-3100B-01ST-Census.xls,01ST
B0301ST,31,000,State - LAKSHADWEEP (31),Total,Age not stated,Non-workers_Total_Persons,87,DDW-3100B-01ST-Census.xls,01ST
B0301ST,31,000,State - LAKSHADWEEP (31),Total,15-59,Non-workers_Total_Persons,24104,DDW-3100B-01ST-Census.xls,01ST
B0301ST,31,000,State - LAKSHADWEEP (31),Rural,Total,Non-workers_Total_Persons,9238,DDW-3100B-01ST-Census.xls,01ST
B0301ST,31,000,State - LAKSHADWEEP (31),Rural,5-14,Non-workers_Total_Persons,2687,DDW-3100B-01ST-Census.xls,01ST
B0301ST,31,000,State - LAKSHADWEEP (31),Rural,15-34,Non-workers_Total_Persons,2847,DDW-3100B-01ST-Census.xls,01ST
B0301ST,31,000,State - LAKSHADWEEP (31),Rural,35-59,Non-workers_Total_Persons,1588,DDW-3100B-01ST-Census.xls,01ST
B0301ST,31,000,State - LAKSHADWEEP (31),Rural,60+,Non-workers_Total_Persons,916,DDW-3100B-01ST-Census.xls,01ST
B0301ST,31,000,State - LAKSHADWEEP (31),Rural,Age not stated,Non-workers_Total_Persons,13,DDW-3100B-01ST-Census.xls,01ST
B0301ST,31,000,State - LAKSHADWEEP (31),Rural,15-59,Non-workers_Total_Persons,4435,DDW-3100B-01ST-Census.xls,01ST
B0301ST,31,000,State - LAKSHADWEEP (31),Urban,Total,Non-workers_Total_Persons,35480,DDW-3100B-01ST-Census.xls,01ST
B0301ST,31,000,State - LAKSHADWEEP (31),Urban,5-14,Non-workers_Total_Persons,8348,DDW-3100B-01ST-Census.xls,01ST
B0301ST,31,000,State - LAKSHADWEEP (31),Urban,15-34,Non-workers_Total_Persons,12503,DDW-3100B-01ST-Census.xls,01ST
B0301ST,31,000,State - LAKSHADWEEP (31),Urban,35-59,Non-workers_Total_Persons,7166,DDW-3100B-01ST-Census.xls,01ST
B0301ST,31,000,State - LAKSHADWEEP (31),Urban,60+,Non-workers_Total_Persons,3667,DDW-3100B-01ST-Census.xls,01ST
B0301ST,31,000,State - LAKSHADWEEP (31),Urban,Age not stated,Non-workers_Total_Persons,74,DDW-3100B-01ST-Census.xls,01ST
B0301ST,31,000,State - LAKSHADWEEP (31),Urban,15-59,Non-workers_Total_Persons,19669,DDW-3100B-01ST-Census.xls,01ST
B0301ST,31,587,District - Lakshadweep (01),Total,Total,Non-workers_Total_Persons,44718,DDW-3100B-01ST-Census.xls,01ST
B0301ST,31,587,District - Lakshadweep (01),Total,5-14,Non-workers_Total_Persons,11035,DDW-3100B-01ST-Census.xls,01ST
B0301ST,31,587,District - Lakshadweep (01),Total,15-34,Non-workers_Total_Persons,15350,DDW-3100B-01ST-Census.xls,01ST
B0301ST,31,587,District - Lakshadweep (01),Total,35-59,Non-workers_Total_Persons,8754,DDW-3100B-01ST-Census.xls,01ST
B0301ST,31,587,District - Lakshadweep (01),Total,60+,Non-workers_Total_Persons,4583,DDW-3100B-01ST-Census.xls,01ST
B0301ST,31,587,District - Lakshadweep (01),Total,Age not stated,Non-workers_Total_Persons,87,DDW-3100B-01ST-Census.xls,01ST
B0301ST,31,587,District - Lakshadweep (01),Total,15-59,Non-workers_Total_Persons,24104,DDW-3100B-01ST-Census.xls,01ST
B0301ST,31,587,District - Lakshadweep (01),Rural,Total,Non-workers_Total_Persons,9238,DDW-3100B-01ST-Census.xls,01ST
B0301ST,31,587,District - Lakshadweep (01),Rural,5-14,Non-workers_Total_Persons,2687,DDW-3100B-01ST-Census.xls,01ST
B0301ST,31,587,District - Lakshadweep (01),Rural,15-34,Non-workers_Total_Persons,2847,DDW-3100B-01ST-Census.xls,01ST
B0301ST,31,587,District - Lakshadweep (01),Rural,35-59,Non-workers_Total_Persons,1588,DDW-3100B-01ST-Census.xls,01ST
B0301ST,31,587,District - Lakshadweep (01),Rural,60+,Non-workers_Total_Persons,916,DDW-3100B-01ST-Census.xls,01ST
B0301ST,31,587,District - Lakshadweep (01),Rural,Age not stated,Non-workers_Total_Persons,13,DDW-3100B-01ST-Census.xls,01ST
B0301ST,31,587,District - Lakshadweep (01),Rural,15-59,Non-workers_Total_Persons,4435,DDW-3100B-01ST-Census.xls,01ST
B0301ST,31,587,District - Lakshadweep (01),Urban,Total,Non-workers_Total_Persons,35480,DDW-3100B-01ST-Census.xls,01ST
B0301ST,31,587,District - Lakshadweep (01),Urban,5-14,Non-workers_Total_Persons,8348,DDW-3100B-01ST-Census.xls,01ST
B0301ST,31,587,District - Lakshadweep (01),Urban,15-34,Non-workers_Total_Persons,12503,DDW-3100B-01ST-Census.xls,01ST
B0301ST,31,587,District - Lakshadweep (01),Urban,35-59,Non-workers_Total_Persons,7166,DDW-3100B-01ST-Census.xls,01ST
B0301ST,31,587,District - Lakshadweep (01),Urban,60+,Non-workers_Total_Persons,3667,DDW-3100B-01ST-Census.xls,01ST
B0301ST,31,587,District - Lakshadweep (01),Urban,Age not stated,Non-workers_Total_Persons,74,DDW-3100B-01ST-Census.xls,01ST
B0301ST,31,587,District - Lakshadweep (01),Urban,15-59,Non-workers_Total_Persons,19669,DDW-3100B-01ST-Census.xls,01ST
B0301ST,31,000,State - LAKSHADWEEP (31),Total,Total,Non-workers_Total_Males,17441,DDW-3100B-01ST-Census.xls,01ST
B0301ST,31,000,State - LAKSHADWEEP (31),Total,5-14,Non-workers_Total_Males,5423,DDW-3100B-01ST-Census.xls,01ST
B0301ST,31,000,State - LAKSHADWEEP (31),Total,15-34,Non-workers_Total_Males,6035,DDW-3100B-01ST-Census.xls,01ST
B0301ST,31,000,State - LAKSHADWEEP (31),Total,35-59,Non-workers_Total_Males,1283,DDW-3100B-01ST-Census.xls,01ST
B0301ST,31,000,State - LAKSHADWEEP (31),Total,60+,Non-workers_Total_Males,2069,DDW-3100B-01ST-Census.xls,01ST
B0301ST,31,000,State - LAKSHADWEEP (31),Total,Age not stated,Non-workers_Total_Males,51,DDW-3100B-01ST-Census.xls,01ST
B0301ST,31,000,State - LAKSHADWEEP (31),Total,15-59,Non-workers_Total_Males,7318,DDW-3100B-01ST-Census.xls,01ST
B0301ST,31,000,State - LAKSHADWEEP (31),Rural,Total,Non-workers_Total_Males,3372,DDW-3100B-01ST-Census.xls,01ST
B0301ST,31,000,State - LAKSHADWEEP (31),Rural,5-14,Non-workers_Total_Males,1294,DDW-3100B-01ST-Census.xls,01ST
B0301ST,31,000,State - LAKSHADWEEP (31),Rural,15-34,Non-workers_Total_Males,902,DDW-3100B-01ST-Census.xls,01ST
B0301ST,31,000,State - LAKSHADWEEP (31),Rural,35-59,Non-workers_Total_Males,141,DDW-3100B-01ST-Census.xls,01ST
B0301ST,31,000,State - LAKSHADWEEP (31),Rural,60+,Non-workers_Total_Males,420,DDW-3100B-01ST-Census.xls,01ST
B0301ST,31,000,State - LAKSHADWEEP (31),Rural,Age not stated,Non-workers_Total_Males,7,DDW-3100B-01ST-Census.xls,01ST
B0301ST,31,000,State - LAKSHADWEEP (31),Rural,15-59,Non-workers_Total_Males,1043,DDW-3100B-01ST-Census.xls,01ST
B0301ST,31,000,State - LAKSHADWEEP (31),Urban,Total,Non-workers_Total_Males,14069,DDW-3100B-01ST-Census.xls,01ST
B0301ST,31,000,State - LAKSHADWEEP (31),Urban,5-14,Non-workers_Total_Males,4129,DDW-3100B-01ST-Census.xls,01ST
B0301ST,31,000,State - LAKSHADWEEP (31),Urban,15-34,Non-workers_Total_Males,5133,DDW-3100B-01ST-Census.xls,01ST
B0301ST,31,000,State - LAKSHADWEEP (31),Urban,35-59,Non-workers_Total_Males,1142,DDW-3100B-01ST-Census.xls,01ST
B0301ST,31,000,State - LAKSHADWEEP (31),Urban,60+,Non-workers_Total_Males,1649,DDW-3100B-01ST-Census.xls,01ST
B0301ST,31,000,State - LAKSHADWEEP (31),Urban,Age not stated,Non-workers_Total_Males,44,DDW-3100B-01ST-Census.xls,01ST
B0301ST,31,000,State - LAKSHADWEEP (31),Urban,15-59,Non-workers_Total_Males,6275,DDW-3100B-01ST-Census.xls,01ST
B0301ST,31,587,District - Lakshadweep (01),Total,Total,Non-workers_Total_Males,17441,DDW-3100B-01ST-Census.xls,01ST
B0301ST,31,587,District - Lakshadweep (01),Total,5-14,Non-workers_Total_Males,5423,DDW-3100B-01ST-Census.xls,01ST
B0301ST,31,587,District - Lakshadweep (01),Total,15-34,Non-workers_Total_Males,6035,DDW-3100B-01ST-Census.xls,01ST
B0301ST,31,587,District - Lakshadweep (01),Total,35-59,Non-workers_Total_Males,1283,DDW-3100B-01ST-Census.xls,01ST
B0301ST,31,587,District - Lakshadweep (01),Total,60+,Non-workers_Total_Males,2069,DDW-3100B-01ST-Census.xls,01ST
B0301ST,31,587,District - Lakshadweep (01),Total,Age not stated,Non-workers_Total_Males,51,DDW-3100B-01ST-Census.xls,01ST
B0301ST,31,587,District - Lakshadweep (01),Total,15-59,Non-workers_Total_Males,7318,DDW-3100B-01ST-Census.xls,01ST
B0301ST,31,587,District - Lakshadweep (01),Rural,Total,Non-workers_Total_Males,3372,DDW-3100B-01ST-Census.xls,01ST
B0301ST,31,587,District - Lakshadweep (01),Rural,5-14,Non-workers_Total_Males,1294,DDW-3100B-01ST-Census.xls,01ST
B0301ST,31,587,District - Lakshadweep (01),Rural,15-34,Non-workers_Total_Males,902,DDW-3100B-01ST-Census.xls,01ST
B0301ST,31,587,District - Lakshadweep (01),Rural,35-59,Non-workers_Total_Males,141,DDW-3100B-01ST-Census.xls,01ST
B0301ST,31,587,District - Lakshadweep (01),Rural,60+,Non-workers_Total_Males,420,DDW-3100B-01ST-Census.xls,01ST
B0301ST,31,587,District - Lakshadweep (01),Rural,Age not stated,Non-workers_Total_Males,7,DDW-3100B-01ST-Census.xls,01ST
B0301ST,31,587,District - Lakshadweep (01),Rural,15-59,Non-workers_Total_Males,1043,DDW-3100B-01ST-Census.xls,01ST
B0301ST,31,587,District - Lakshadweep (01),Urban,Total,Non-workers_Total_Males,14069,DDW-3100B-01ST-Census.xls,01ST
B0301ST,31,587,District - Lakshadweep (01),Urban,5-14,Non-workers_Total_Males,4129,DDW-3100B-01ST-Census.xls,01ST
B0301ST,31,587,District - Lakshadweep (01),Urban,15-34,Non-workers_Total_Males,5133,DDW-3100B-01ST-Census.xls,01ST
B0301ST,31,587,District - Lakshadweep (01),Urban,35-59,Non-workers_Total_Males,1142,DDW-3100B-01ST-Census.xls,01ST
B0301ST,31,587,District - Lakshadweep (01),Urban,60+,Non-workers_Total_Males,1649,DDW-3100B-01ST-Census.xls,01ST
B0301ST,31,587,District - Lakshadweep (01),Urban,Age not stated,Non-workers_Total_Males,44,DDW-3100B-01ST-Census.xls,01ST
B0301ST,31,587,District - Lakshadweep (01),Urban,15-59,Non-workers_Total_Males,6275,DDW-3100B-01ST-Census.xls,01ST
B0301ST,31,000,State - LAKSHADWEEP (31),Total,Total,Non-workers_Total_Females,27277,DDW-3100B-01ST-Census.xls,01ST
B0301ST,31,000,State - LAKSHADWEEP (31),Total,5-14,Non-workers_Total_Females,5612,DDW-3100B-01ST-Census.xls,01ST
B0301ST,31,000,State - LAKSHADWEEP (31),Total,15-34,Non-workers_Total_Females,9315,DDW-3100B-01ST-Census.xls,01ST
B0301ST,31,000,State - LAKSHADWEEP (31),Total,35-59,Non-workers_Total_Females,7471,DDW-3100B-01ST-Census.xls,01ST
B0301ST,31,000,State - LAKSHADWEEP (31),Total,60+,Non-workers_Total_Females,2514,DDW-3100B-01ST-Census.xls,01ST
B0301ST,31,000,State - LAKSHADWEEP (31),Total,Age not stated,Non-workers_Total_Females,36,DDW-3100B-01ST-Census.xls,01ST
B0301ST,31,000,State - LAKSHADWEEP (31),Total,15-59,Non-workers_Total_Females,16786,DDW-3100B-01ST-Census.xls,01ST
B0301ST,31,000,State - LAKSHADWEEP (31),Rural,Total,Non-workers_Total_Females,5866,DDW-3100B-01ST-Census.xls,01ST
B0301ST,31,000,State - LAKSHADWEEP (31),Rural,5-14,Non-workers_Total_Females,1393,DDW-3100B-01ST-Census.xls,01ST
B0301ST,31,000,State - LAKSHADWEEP (31),Rural,15-34,Non-workers_Total_Females,1945,DDW-3100B-01ST-Census.xls,01ST
B0301ST,31,000,State - LAKSHADWEEP (31),Rural,35-59,Non-workers_Total_Females,1447,DDW-3100B-01ST-Census.xls,01ST
B0301ST,31,000,State - LAKSHADWEEP (31),Rural,60+,Non-workers_Total_Females,496,DDW-3100B-01ST-Census.xls,01ST
B0301ST,31,000,State - LAKSHADWEEP (31),Rural,Age not stated,Non-workers_Total_Females,6,DDW-3100B-01ST-Census.xls,01ST
B0301ST,31,000,State - LAKSHADWEEP (31),Rural,15-59,Non-workers_Total_Females,3392,DDW-3100B-01ST-Census.xls,01ST
B0301ST,31,000,State - LAKSHADWEEP (31),Urban,Total,Non-workers_Total_Females,21411,DDW-3100B-01ST-Census.xls,01ST
B0301ST,31,000,State - LAKSHADWEEP (31),Urban,5-14,Non-workers_Total_Females,4219,DDW-3100B-01ST-Census.xls,01ST
B0301ST,31,000,State - LAKSHADWEEP (31),Urban,15-34,Non-workers_Total_Females,7370,DDW-3100B-01ST-Census.xls,01ST
B0301ST,31,000,State - LAKSHADWEEP (31),Urban,35-59,Non-workers_Total_Females,6024,DDW-3100B-01ST-Census.xls,01ST
B0301ST,31,000,State - LAKSHADWEEP (31),Urban,60+,Non-workers_Total_Females,2018,DDW-3100B-01ST-Census.xls,01ST
B0301ST,31,000,State - LAKSHADWEEP (31),Urban,Age not stated,Non-workers_Total_Females,30,DDW-3100B-01ST-Census.xls,01ST
B0301ST,31,000,State - LAKSHADWEEP (31),Urban,15-59,Non-workers_Total_Females,13394,DDW-3100B-01ST-Census.xls,01ST
B0301ST,31,587,District - Lakshadweep (01),Total,Total,Non-workers_Total_Females,27277,DDW-3100B-01ST-Census.xls,01ST
B0301ST,31,587,District - Lakshadweep (01),Total,5-14,Non-workers_Total_Females,5612,DDW-3100B-01ST-Census.xls,01ST
B0301ST,31,587,District - Lakshadweep (01),Total,15-34,Non-workers_Total_Females,9315,DDW-3100B-01ST-Census.xls,01ST
B0301ST,31,587,District - Lakshadweep (01),Total,35-59,Non-workers_Total_Females,7471,DDW-3100B-01ST-Census.xls,01ST
B0301ST,31,587,District - Lakshadweep (01),Total,60+,Non-workers_Total_Females,2514,DDW-3100B-01ST-Census.xls,01ST
B0301ST,31,587,District - Lakshadweep (01),Total,Age not stated,Non-workers_Total_Females,36,DDW-3100B-01ST-Census.xls,01ST
B0301ST,31,587,District - Lakshadweep (01),Total,15-59,Non-workers_Total_Females,16786,DDW-3100B-01ST-Census.xls,01ST
B0301ST,31,587,District - Lakshadweep (01),Rural,Total,Non-workers_Total_Females,5866,DDW-3100B-01ST-Census.xls,01ST
B0301ST,31,587,District - Lakshadweep (01),Rural,5-14,Non-workers_Total_Females,1393,DDW-3100B-01ST-Census.xls,01ST
B0301ST,31,587,District - Lakshadweep (01),Rural,15-34,Non-workers_Total_Females,1945,DDW-3100B-01ST-Census.xls,01ST
B0301ST,31,587,District - Lakshadweep (01),Rural,35-59,Non-workers_Total_Females,1447,DDW-3100B-01ST-Census.xls,01ST
B0301ST,31,587,District - Lakshadweep (01),Rural,60+,Non-workers_Total_Females,496,DDW-3100B-01ST-Census.xls,01ST
B0301ST,31,587,District - Lakshadweep (01),Rural,Age not stated,Non-workers_Total_Females,6,DDW-3100B-01ST-Census.xls,01ST
B0301ST,31,587,District - Lakshadweep (01),Rural,15-59,Non-workers_Total_Females,3392,DDW-3100B-01ST-Census.xls,01ST
B0301ST,31,587,District - Lakshadweep (01),Urban,Total,Non-workers_Total_Females,21411,DDW-3100B-01ST-Census.xls,01ST
B0301ST,31,587,District - Lakshadweep (01),Urban,5-14,Non-workers_Total_Females,4219,DDW-3100B-01ST-Census.xls,01ST
B0301ST,31,587,District - Lakshadweep (01),Urban,15-34,Non-workers_Total_Females,7370,DDW-3100B-01ST-Census.xls,01ST
B0301ST,31,587,District - Lakshadweep (01),Urban,35-59,Non-workers_Total_Females,6024,DDW-3100B-01ST-Census.xls,01ST
B0301ST,31,587,District - Lakshadweep (01),Urban,60+,Non-workers_Total_Females,2018,DDW-3100B-01ST-Census.xls,01ST
B0301ST,31,587,District - Lakshadweep (01),Urban,Age not stated,Non-workers_Total_Females,30,DDW-3100B-01ST-Census.xls,01ST
B0301ST,31,587,District - Lakshadweep (01),Urban,15-59,Non-workers_Total_Females,13394,DDW-3100B-01ST-Census.xls,01ST
B0301ST,31,000,State - LAKSHADWEEP (31),Total,Total,Non-workers_Seeking/availabe for work_Persons,12458,DDW-3100B-01ST-Census.xls,01ST
B0301ST,31,000,State - LAKSHADWEEP (31),Total,5-14,Non-workers_Seeking/availabe for work_Persons,614,DDW-3100B-01ST-Census.xls,01ST
B0301ST,31,000,State - LAKSHADWEEP (31),Total,15-34,Non-workers_Seeking/availabe for work_Persons,9068,DDW-3100B-01ST-Census.xls,01ST
B0301ST,31,000,State - LAKSHADWEEP (31),Total,35-59,Non-workers_Seeking/availabe for work_Persons,2472,DDW-3100B-01ST-Census.xls,01ST
B0301ST,31,000,State - LAKSHADWEEP (31),Total,60+,Non-workers_Seeking/availabe for work_Persons,292,DDW-3100B-01ST-Census.xls,01ST
B0301ST,31,000,State - LAKSHADWEEP (31),Total,Age not stated,Non-workers_Seeking/availabe for work_Persons,12,DDW-3100B-01ST-Census.xls,01ST
B0301ST,31,000,State - LAKSHADWEEP (31),Total,15-59,Non-workers_Seeking/availabe for work_Persons,11540,DDW-3100B-01ST-Census.xls,01ST
B0301ST,31,000,State - LAKSHADWEEP (31),Rural,Total,Non-workers_Seeking/availabe for work_Persons,2536,DDW-3100B-01ST-Census.xls,01ST
B0301ST,31,000,State - LAKSHADWEEP (31),Rural,5-14,Non-workers_Seeking/availabe for work_Persons,56,DDW-3100B-01ST-Census.xls,01ST
B0301ST,31,000,State - LAKSHADWEEP (31),Rural,15-34,Non-workers_Seeking/availabe for work_Persons,1774,DDW-3100B-01ST-Census.xls,01ST
B0301ST,31,000,State - LAKSHADWEEP (31),Rural,35-59,Non-workers_Seeking/availabe for work_Persons,613,DDW-3100B-01ST-Census.xls,01ST
B0301ST,31,000,State - LAKSHADWEEP (31),Rural,60+,Non-workers_Seeking/availabe for work_Persons,92,DDW-3100B-01ST-Census.xls,01ST
B0301ST,31,000,State - LAKSHADWEEP (31),Rural,Age not stated,Non-workers_Seeking/availabe for work_Persons,1,DDW-3100B-01ST-Census.xls,01ST
B0301ST,31,000,State - LAKSHADWEEP (31),Rural,15-59,Non-workers_Seeking/availabe for work_Persons,2387,DDW-3100B-01ST-Census.xls,01ST
B0301ST,31,000,State - LAKSHADWEEP (31),Urban,Total,Non-workers_Seeking/availabe for work_Persons,9922,DDW-3100B-01ST-Census.xls,01ST
B0301ST,31,000,State - LAKSHADWEEP (31),Urban,5-14,Non-workers_Seeking/availabe for work_Persons,558,DDW-3100B-01ST-Census.xls,01ST
B0301ST,31,000,State - LAKSHADWEEP (31),Urban,15-34,Non-workers_Seeking/availabe for work_Persons,7294,DDW-3100B-01ST-Census.xls,01ST
B0301ST,31,000,State - LAKSHADWEEP (31),Urban,35-59,Non-workers_Seeking/availabe for work_Persons,1859,DDW-3100B-01ST-Census.xls,01ST
B0301ST,31,000,State - LAKSHADWEEP (31),Urban,60+,Non-workers_Seeking/availabe for work_Persons,200,DDW-3100B-01ST-Census.xls,01ST
B0301ST,31,000,State - LAKSHADWEEP (31),Urban,Age not stated,Non-workers_Seeking/availabe for work_Persons,11,DDW-3100B-01ST-Census.xls,01ST
B0301ST,31,000,State - LAKSHADWEEP (31),Urban,15-59,Non-workers_Seeking/availabe for work_Persons,9153,DDW-3100B-01ST-Census.xls,01ST
B0301ST,31,587,District - Lakshadweep (01),Total,Total,Non-workers_Seeking/availabe for work_Persons,12458,DDW-3100B-01ST-Census.xls,01ST
B0301ST,31,587,District - Lakshadweep (01),Total,5-14,Non-workers_Seeking/availabe for work_Persons,614,DDW-3100B-01ST-Census.xls,01ST
B0301ST,31,587,District - Lakshadweep (01),Total,15-34,Non-workers_Seeking/availabe for work_Persons,9068,DDW-3100B-01ST-Census.xls,01ST
B0301ST,31,587,District - Lakshadweep (01),Total,35-59,Non-workers_Seeking/availabe for work_Persons,2472,DDW-3100B-01ST-Census.xls,01ST
B0301ST,31,587,District - Lakshadweep (01),Total,60+,Non-workers_Seeking/availabe for work_Persons,292,DDW-3100B-01ST-Census.xls,01ST
B0301ST,31,587,District - Lakshadweep (01),Total,Age not stated,Non-workers_Seeking/availabe for work_Persons,12,DDW-3100B-01ST-Census.xls,01ST
B0301ST,31,587,District - Lakshadweep (01),Total,15-59,Non-workers_Seeking/availabe for work_Persons,11540,DDW-3100B-01ST-Census.xls,01ST
B0301ST,31,587,District - Lakshadweep (01),Rural,Total,Non-workers_Seeking/availabe for work_Persons,2536,DDW-3100B-01ST-Census.xls,01ST
B0301ST,31,587,District - Lakshadweep (01),Rural,5-14,Non-workers_Seeking/availabe for work_Persons,56,DDW-3100B-01ST-Census.xls,01ST
B0301ST,31,587,District - Lakshadweep (01),Rural,15-34,Non-workers_Seeking/availabe for work_Persons,1774,DDW-3100B-01ST-Census.xls,01ST
B0301ST,31,587,District - Lakshadweep (01),Rural,35-59,Non-workers_Seeking/availabe for work_Persons,613,DDW-3100B-01ST-Census.xls,01ST
B0301ST,31,587,District - Lakshadweep (01),Rural,60+,Non-workers_Seeking/availabe for work_Persons,92,DDW-3100B-01ST-Census.xls,01ST
B0301ST,31,587,District - Lakshadweep (01),Rural,Age not stated,Non-workers_Seeking/availabe for work_Persons,1,DDW-3100B-01ST-Census.xls,01ST
B0301ST,31,587,District - Lakshadweep (01),Rural,15-59,Non-workers_Seeking/availabe for work_Persons,2387,DDW-3100B-01ST-Census.xls,01ST
B0301ST,31,587,District - Lakshadweep (01),Urban,Total,Non-workers_Seeking/availabe for work_Persons,9922,DDW-3100B-01ST-Census.xls,01ST
B0301ST,31,587,District - Lakshadweep (01),Urban,5-14,Non-workers_Seeking/availabe for work_Persons,558,DDW-3100B-01ST-Census.xls,01ST
B0301ST,31,587,District - Lakshadweep (01),Urban,15-34,Non-workers_Seeking/availabe for work_Persons,7294,DDW-3100B-01ST-Census.xls,01ST
B0301ST,31,587,District - Lakshadweep (01),Urban,35-59,Non-workers_Seeking/availabe for work_Persons,1859,DDW-3100B-01ST-Census.xls,01ST
B0301ST,31,587,District - Lakshadweep (01),Urban,60+,Non-workers_Seeking/availabe for work_Persons,200,DDW-3100B-01ST-Census.xls,01ST
B0301ST,31,587,District - Lakshadweep (01),Urban,Age not stated,Non-workers_Seeking/availabe for work_Persons,11,DDW-3100B-01ST-Census.xls,01ST
B0301ST,31,587,District - Lakshadweep (01),Urban,15-59,Non-workers_Seeking/availabe for work_Persons,9153,DDW-3100B-01ST-Census.xls,01ST
B0301ST,31,000,State - LAKSHADWEEP (31),Total,Total,Non-workers_Seeking/availabe for work_Males,5177,DDW-3100B-01ST-Census.xls,01ST
B0301ST,31,000,State - LAKSHADWEEP (31),Total,5-14,Non-workers_Seeking/availabe for work_Males,296,DDW-3100B-01ST-Census.xls,01ST
B0301ST,31,000,State - LAKSHADWEEP (31),Total,15-34,Non-workers_Seeking/availabe for work_Males,3944,DDW-3100B-01ST-Census.xls,01ST
B0301ST,31,000,State - LAKSHADWEEP (31),Total,35-59,Non-workers_Seeking/availabe for work_Males,716,DDW-3100B-01ST-Census.xls,01ST
B0301ST,31,000,State - LAKSHADWEEP (31),Total,60+,Non-workers_Seeking/availabe for work_Males,212,DDW-3100B-01ST-Census.xls,01ST
B0301ST,31,000,State - LAKSHADWEEP (31),Total,Age not stated,Non-workers_Seeking/availabe for work_Males,9,DDW-3100B-01ST-Census.xls,01ST
B0301ST,31,000,State - LAKSHADWEEP (31),Total,15-59,Non-workers_Seeking/availabe for work_Males,4660,DDW-3100B-01ST-Census.xls,01ST
B0301ST,31,000,State - LAKSHADWEEP (31),Rural,Total,Non-workers_Seeking/availabe for work_Males,742,DDW-3100B-01ST-Census.xls,01ST
B0301ST,31,000,State - LAKSHADWEEP (31),Rural,5-14,Non-workers_Seeking/availabe for work_Males,23,DDW-3100B-01ST-Census.xls,01ST
B0301ST,31,000,State - LAKSHADWEEP (31),Rural,15-34,Non-workers_Seeking/availabe for work_Males,556,DDW-3100B-01ST-Census.xls,01ST
B0301ST,31,000,State - LAKSHADWEEP (31),Rural,35-59,Non-workers_Seeking/availabe for work_Males,97,DDW-3100B-01ST-Census.xls,01ST
B0301ST,31,000,State - LAKSHADWEEP (31),Rural,60+,Non-workers_Seeking/availabe for work_Males,65,DDW-3100B-01ST-Census.xls,01ST
B0301ST,31,000,State - LAKSHADWEEP (31),Rural,Age not stated,Non-workers_Seeking/availabe for work_Males,1,DDW-3100B-01ST-Census.xls,01ST
B0301ST,31,000,State - LAKSHADWEEP (31),Rural,15-59,Non-workers_Seeking/availabe for work_Males,653,DDW-3100B-01ST-Census.xls,01ST
B0301ST,31,000,State - LAKSHADWEEP (31),Urban,Total,Non-workers_Seeking/availabe for work_Males,4435,DDW-3100B-01ST-Census.xls,01ST
B0301ST,31,000,State - LAKSHADWEEP (31),Urban,5-14,Non-workers_Seeking/availabe for work_Males,273,DDW-3100B-01ST-Census.xls,01ST
B0301ST,31,000,State - LAKSHADWEEP (31),Urban,15-34,Non-workers_Seeking/availabe for work_Males,3388,DDW-3100B-01ST-Census.xls,01ST
B0301ST,31,000,State - LAKSHADWEEP (31),Urban,35-59,Non-workers_Seeking/availabe for work_Males,619,DDW-3100B-01ST-Census.xls,01ST
B0301ST,31,000,State - LAKSHADWEEP (31),Urban,60+,Non-workers_Seeking/availabe for work_Males,147,DDW-3100B-01ST-Census.xls,01ST
B0301ST,31,000,State - LAKSHADWEEP (31),Urban,Age not stated,Non-workers_Seeking/availabe for work_Males,8,DDW-3100B-01ST-Census.xls,01ST
B0301ST,31,000,State - LAKSHADWEEP (31),Urban,15-59,Non-workers_Seeking/availabe for work_Males,4007,DDW-3100B-01ST-Census.xls,01ST
B0301ST,31,587,District - Lakshadweep (01),Total,Total,Non-workers_Seeking/availabe for work_Males,5177,DDW-3100B-01ST-Census.xls,01ST
B0301ST,31,587,District - Lakshadweep (01),Total,5-14,Non-workers_Seeking/availabe for work_Males,296,DDW-3100B-01ST-Census.xls,01ST
B0301ST,31,587,District - Lakshadweep (01),Total,15-34,Non-workers_Seeking/availabe for work_Males,3944,DDW-3100B-01ST-Census.xls,01ST
B0301ST,31,587,District - Lakshadweep (01),Total,35-59,Non-workers_Seeking/availabe for work_Males,716,DDW-3100B-01ST-Census.xls,01ST
B0301ST,31,587,District - Lakshadweep (01),Total,60+,Non-workers_Seeking/availabe for work_Males,212,DDW-3100B-01ST-Census.xls,01ST
B0301ST,31,587,District - Lakshadweep (01),Total,Age not stated,Non-workers_Seeking/availabe for work_Males,9,DDW-3100B-01ST-Census.xls,01ST
B0301ST,31,587,District - Lakshadweep (01),Total,15-59,Non-workers_Seeking/availabe for work_Males,4660,DDW-3100B-01ST-Census.xls,01ST
B0301ST,31,587,District - Lakshadweep (01),Rural,Total,Non-workers_Seeking/availabe for work_Males,742,DDW-3100B-01ST-Census.xls,01ST
B0301ST,31,587,District - Lakshadweep (01),Rural,5-14,Non-workers_Seeking/availabe for work_Males,23,DDW-3100B-01ST-Census.xls,01ST
B0301ST,31,587,District - Lakshadweep (01),Rural,15-34,Non-workers_Seeking/availabe for work_Males,556,DDW-3100B-01ST-Census.xls,01ST
B0301ST,31,587,District - Lakshadweep (01),Rural,35-59,Non-workers_Seeking/availabe for work_Males,97,DDW-3100B-01ST-Census.xls,01ST
B0301ST,31,587,District - Lakshadweep (01),Rural,60+,Non-workers_Seeking/availabe for work_Males,65,DDW-3100B-01ST-Census.xls,01ST
B0301ST,31,587,District - Lakshadweep (01),Rural,Age not stated,Non-workers_Seeking/availabe for work_Males,1,DDW-3100B-01ST-Census.xls,01ST
B0301ST,31,587,District - Lakshadweep (01),Rural,15-59,Non-workers_Seeking/availabe for work_Males,653,DDW-3100B-01ST-Census.xls,01ST
B0301ST,31,587,District - Lakshadweep (01),Urban,Total,Non-workers_Seeking/availabe for work_Males,4435,DDW-3100B-01ST-Census.xls,01ST
B0301ST,31,587,District - Lakshadweep (01),Urban,5-14,Non-workers_Seeking/availabe for work_Males,273,DDW-3100B-01ST-Census.xls,01ST
B0301ST,31,587,District - Lakshadweep (01),Urban,15-34,Non-workers_Seeking/availabe for work_Males,3388,DDW-3100B-01ST-Census.xls,01ST
B0301ST,31,587,District - Lakshadweep (01),Urban,35-59,Non-workers_Seeking/availabe for work_Males,619,DDW-3100B-01ST-Census.xls,01ST
B0301ST,31,587,District - Lakshadweep (01),Urban,60+,Non-workers_Seeking/availabe for work_Males,147,DDW-3100B-01ST-Census.xls,01ST
B0301ST,31,587,District - Lakshadweep (01),Urban,Age not stated,Non-workers_Seeking/availabe for work_Males,8,DDW-3100B-01ST-Census.xls,01ST
B0301ST,31,587,District - Lakshadweep (01),Urban,15-59,Non-workers_Seeking/availabe for work_Males,4007,DDW-3100B-01ST-Census.xls,01ST
B0301ST,31,000,State - LAKSHADWEEP (31),Total,Total,Non-workers_Seeking/availabe for work_Females,7281,DDW-3100B-01ST-Census.xls,01ST
B0301ST,31,000,State - LAKSHADWEEP (31),Total,5-14,Non-workers_Seeking/availabe for work_Females,318,DDW-3100B-01ST-Census.xls,01ST
B0301ST,31,000,State - LAKSHADWEEP (31),Total,15-34,Non-workers_Seeking/availabe for work_Females,5124,DDW-3100B-01ST-Census.xls,01ST
B0301ST,31,000,State - LAKSHADWEEP (31),Total,35-59,Non-workers_Seeking/availabe for work_Females,1756,DDW-3100B-01ST-Census.xls,01ST
B0301ST,31,000,State - LAKSHADWEEP (31),Total,60+,Non-workers_Seeking/availabe for work_Females,80,DDW-3100B-01ST-Census.xls,01ST
B0301ST,31,000,State - LAKSHADWEEP (31),Total,Age not stated,Non-workers_Seeking/availabe for work_Females,3,DDW-3100B-01ST-Census.xls,01ST
B0301ST,31,000,State - LAKSHADWEEP (31),Total,15-59,Non-workers_Seeking/availabe for work_Females,6880,DDW-3100B-01ST-Census.xls,01ST
B0301ST,31,000,State - LAKSHADWEEP (31),Rural,Total,Non-workers_Seeking/availabe for work_Females,1794,DDW-3100B-01ST-Census.xls,01ST
B0301ST,31,000,State - LAKSHADWEEP (31),Rural,5-14,Non-workers_Seeking/availabe for work_Females,33,DDW-3100B-01ST-Census.xls,01ST
B0301ST,31,000,State - LAKSHADWEEP (31),Rural,15-34,Non-workers_Seeking/availabe for work_Females,1218,DDW-3100B-01ST-Census.xls,01ST
B0301ST,31,000,State - LAKSHADWEEP (31),Rural,35-59,Non-workers_Seeking/availabe for work_Females,516,DDW-3100B-01ST-Census.xls,01ST
B0301ST,31,000,State - LAKSHADWEEP (31),Rural,60+,Non-workers_Seeking/availabe for work_Females,27,DDW-3100B-01ST-Census.xls,01ST
B0301ST,31,000,State - LAKSHADWEEP (31),Rural,Age not stated,Non-workers_Seeking/availabe for work_Females,0,DDW-3100B-01ST-Census.xls,01ST
B0301ST,31,000,State - LAKSHADWEEP (31),Rural,15-59,Non-workers_Seeking/availabe for work_Females,1734,DDW-3100B-01ST-Census.xls,01ST
B0301ST,31,000,State - LAKSHADWEEP (31),Urban,Total,Non-workers_Seeking/availabe for work_Females,5487,DDW-3100B-01ST-Census.xls,01ST
B0301ST,31,000,State - LAKSHADWEEP (31),Urban,5-14,Non-workers_Seeking/availabe for work_Females,285,DDW-3100B-01ST-Census.xls,01ST
B0301ST,31,000,State - LAKSHADWEEP (31),Urban,15-34,Non-workers_Seeking/availabe for work_Females,3906,DDW-3100B-01ST-Census.xls,01ST
B0301ST,31,000,State - LAKSHADWEEP (31),Urban,35-59,Non-workers_Seeking/availabe for work_Females,1240,DDW-3100B-01ST-Census.xls,01ST
B0301ST,31,000,State - LAKSHADWEEP (31),Urban,60+,Non-workers_Seeking/availabe for work_Females,53,DDW-3100B-01ST-Census.xls,01ST
B0301ST,31,000,State - LAKSHADWEEP (31),Urban,Age not stated,Non-workers_Seeking/availabe for work_Females,3,DDW-3100B-01ST-Census.xls,01ST
B0301ST,31,000,State - LAKSHADWEEP (31),Urban,15-59,Non-workers_Seeking/availabe for work_Females,5146,DDW-3100B-01ST-Census.xls,01ST
B0301ST,31,587,District - Lakshadweep (01),Total,Total,Non-workers_Seeking/availabe for work_Females,7281,DDW-3100B-01ST-Census.xls,01ST
B0301ST,31,587,District - Lakshadweep (01),Total,5-14,Non-workers_Seeking/availabe for work_Females,318,DDW-3100B-01ST-Census.xls,01ST
B0301ST,31,587,District - Lakshadweep (01),Total,15-34,Non-workers_Seeking/availabe for work_Females,5124,DDW-3100B-01ST-Census.xls,01ST
B0301ST,31,587,District - Lakshadweep (01),Total,35-59,Non-workers_Seeking/availabe for work_Females,1756,DDW-3100B-01ST-Census.xls,01ST
B0301ST,31,587,District - Lakshadweep (01),Total,60+,Non-workers_Seeking/availabe for work_Females,80,DDW-3100B-01ST-Census.xls,01ST
B0301ST,31,587,District - Lakshadweep (01),Total,Age not stated,Non-workers_Seeking/availabe for work_Females,3,DDW-3100B-01ST-Census.xls,01ST
B0301ST,31,587,District - Lakshadweep (01),Total,15-59,Non-workers_Seeking/availabe for work_Females,6880,DDW-3100B-01ST-Census.xls,01ST
B0301ST,31,587,District - Lakshadweep (01),Rural,Total,Non-workers_Seeking/availabe for work_Females,1794,DDW-3100B-01ST-Census.xls,01ST
B0301ST,31,587,District - Lakshadweep (01),Rural,5-14,Non-workers_Seeking/availabe for work_Females,33,DDW-3100B-01ST-Census.xls,01ST
B0301ST,31,587,District - Lakshadweep (01),Rural,15-34,Non-workers_Seeking/availabe for work_Females,1218,DDW-3100B-01ST-Census.xls,01ST
B0301ST,31,587,District - Lakshadweep (01),Rural,35-59,Non-workers_Seeking/availabe for work_Females,516,DDW-3100B-01ST-Census.xls,01ST
B0301ST,31,587,District - Lakshadweep (01),Rural,60+,Non-workers_Seeking/availabe for work_Females,27,DDW-3100B-01ST-Census.xls,01ST
B0301ST,31,587,District - Lakshadweep (01),Rural,Age not stated,Non-workers_Seeking/availabe for work_Females,0,DDW-3100B-01ST-Census.xls,01ST
B0301ST,31,587,District - Lakshadweep (01),Rural,15-59,Non-workers_Seeking/availabe for work_Females,1734,DDW-3100B-01ST-Census.xls,01ST
B0301ST,31,587,District - Lakshadweep (01),Urban,Total,Non-workers_Seeking/availabe for work_Females,5487,DDW-3100B-01ST-Census.xls,01ST
B0301ST,31,587,District - Lakshadweep (01),Urban,5-14,Non-workers_Seeking/availabe for work_Females,285,DDW-3100B-01ST-Census.xls,01ST
B0301ST,31,587,District - Lakshadweep (01),Urban,15-34,Non-workers_Seeking/availabe for work_Females,3906,DDW-3100B-01ST-Census.xls,01ST
B0301ST,31,587,District - Lakshadweep (01),Urban,35-59,Non-workers_Seeking/availabe for work_Females,1240,DDW-3100B-01ST-Census.xls,01ST
B0301ST,31,587,District - Lakshadweep (01),Urban,60+,Non-workers_Seeking/availabe for work_Females,53,DDW-3100B-01ST-Census.xls,01ST
B0301ST,31,587,District - Lakshadweep (01),Urban,Age not stated,Non-workers_Seeking/availabe for work_Females,3,DDW-3100B-01ST-Census.xls,01ST
B0301ST,31,587,District - Lakshadweep (01),Urban,15-59,Non-workers_Seeking/availabe for work_Females,5146,DDW-3100B-01ST-Census.xls,01ST
