table_name,state_code,district_code,area_name,total_rural_urban,age_group,metric,value,source_file,dataset_code
B0301ST,05,000,State - UTTARAKHAND (05),Total,Total,Population_Persons,291903,DDW-0500B-01ST-Census.xls,01ST
B0301ST,05,000,State - UTTARAKHAND (05),Total,5-14,Population_Persons,63140,DDW-0500B-01ST-Census.xls,01ST
B0301ST,05,000,State - UTTARAKHAND (05),Total,15-34,Population_Persons,110197,DDW-0500B-01ST-Census.xls,01ST
B0301ST,05,000,State - UTTARAKHAND (05),Total,35-59,Population_Persons,68461,DDW-0500B-01ST-Census.xls,01ST
B0301ST,05,000,State - UTTARAKHAND (05),Total,60+,Population_Persons,26300,DDW-0500B-01ST-Census.xls,01ST
B0301ST,05,000,State - UTTARAKHAND (05),Total,Age not stated,Population_Persons,384,DDW-0500B-01ST-Census.xls,01ST
B0301ST,05,000,State - UTTARAKHAND (05),Total,15-59,Population_Persons,178658,DDW-0500B-01ST-Census.xls,01ST
B0301ST,05,000,State - UTTARAKHAND (05),Rural,Total,Population_Persons,264819,DDW-0500B-01ST-Census.xls,01ST
B0301ST,05,000,State - UTTARAKHAND (05),Rural,5-14,Population_Persons,57705,DDW-0500B-01ST-Census.xls,01ST
B0301ST,05,000,State - UTTARAKHAND (05),Rural,15-34,Population_Persons,99655,DDW-0500B-01ST-Census.xls,01ST
B0301ST,05,000,State - UTTARAKHAND (05),Rural,35-59,Population_Persons,61248,DDW-0500B-01ST-Census.xls,01ST
B0301ST,05,000,State - UTTARAKHAND (05),Rural,60+,Population_Persons,24427,DDW-0500B-01ST-Census.xls,01ST
B0301ST,05,000,State - UTTARAKHAND (05),Rural,Age not stated,Population_Persons,348,DDW-0500B-01ST-Census.xls,01ST
B0301ST,05,000,State - UTTARAKHAND (05),Rural,15-59,Population_Persons,160903,DDW-0500B-01ST-Census.xls,01ST
B0301ST,05,000,State - UTTARAKHAND (05),Urban,Total,Population_Persons,27084,DDW-0500B-01ST-Census.xls,01ST
B0301ST,05,000,State - UTTARAKHAND (05),Urban,5-14,Population_Persons,5435,DDW-0500B-01ST-Census.xls,01ST
B0301ST,05,000,State - UTTARAKHAND (05),Urban,15-34,Population_Persons,10542,DDW-0500B-01ST-Census.xls,01ST
B0301ST,05,000,State - UTTARAKHAND (05),Urban,35-59,Population_Persons,7213,DDW-0500B-01ST-Census.xls,01ST
B0301ST,05,000,State - UTTARAKHAND (05),Urban,60+,Population_Persons,1873,DDW-0500B-01ST-Census.xls,01ST
B0301ST,05,000,State - UTTARAKHAND (05),Urban,Age not stated,Population_Persons,36,DDW-0500B-01ST-Census.xls,01ST
B0301ST,05,000,State - UTTARAKHAND (05),Urban,15-59,Population_Persons,17755,DDW-0500B-01ST-Census.xls,01ST
B0301ST,05,056,District - Uttarkashi (01),Total,Total,Population_Persons,3512,DDW-0500B-01ST-Census.xls,01ST
B0301ST,05,056,District - Uttarkashi (01),Total,5-14,Population_Persons,621,DDW-0500B-01ST-Census.xls,01ST
B0301ST,05,056,District - Uttarkashi (01),Total,15-34,Population_Persons,1309,DDW-0500B-01ST-Census.xls,01ST
B0301ST,05,056,District - Uttarkashi (01),Total,35-59,Population_Persons,1004,DDW-0500B-01ST-Census.xls,01ST
B0301ST,05,056,District - Uttarkashi (01),Total,60+,Population_Persons,375,DDW-0500B-01ST-Census.xls,01ST
B0301ST,05,056,District - Uttarkashi (01),Total,Age not stated,Population_Persons,3,DDW-0500B-01ST-Census.xls,01ST
B0301ST,05,056,District - Uttarkashi (01),Total,15-59,Population_Persons,2313,DDW-0500B-01ST-Census.xls,01ST
B0301ST,05,056,District - Uttarkashi (01),Rural,Total,Population_Persons,3374,DDW-0500B-01ST-Census.xls,01ST
B0301ST,05,056,District - Uttarkashi (01),Rural,5-14,Population_Persons,587,DDW-0500B-01ST-Census.xls,01ST
B0301ST,05,056,District - Uttarkashi (01),Rural,15-34,Population_Persons,1259,DDW-0500B-01ST-Census.xls,01ST
B0301ST,05,056,District - Uttarkashi (01),Rural,35-59,Population_Persons,965,DDW-0500B-01ST-Census.xls,01ST
B0301ST,05,056,District - Uttarkashi (01),Rural,60+,Population_Persons,369,DDW-0500B-01ST-Census.xls,01ST
B0301ST,05,056,District - Uttarkashi (01),Rural,Age not stated,Population_Persons,3,DDW-0500B-01ST-Census.xls,01ST
B0301ST,05,056,District - Uttarkashi (01),Rural,15-59,Population_Persons,2224,DDW-0500B-01ST-Census.xls,01ST
B0301ST,05,056,District - Uttarkashi (01),Urban,Total,Population_Persons,138,DDW-0500B-01ST-Census.xls,01ST
B0301ST,05,056,District - Uttarkashi (01),Urban,5-14,Population_Persons,34,DDW-0500B-01ST-Census.xls,01ST
B0301ST,05,056,District - Uttarkashi (01),Urban,15-34,Population_Persons,50,DDW-0500B-01ST-Census.xls,01ST
B0301ST,05,056,District - Uttarkashi (01),Urban,35-59,Population_Persons,39,DDW-0500B-01ST-Census.xls,01ST
B0301ST,05,056,District - Uttarkashi (01),Urban,60+,Population_Persons,6,DDW-0500B-01ST-Census.xls,01ST
B0301ST,05,056,District - Uttarkashi (01),Urban,Age not stated,Population_Persons,0,DDW-0500B-01ST-Census.xls,01ST
B0301ST,05,056,District - Uttarkashi (01),Urban,15-59,Population_Persons,89,DDW-0500B-01ST-Census.xls,01ST
B0301ST,05,057,District - Chamoli (02),Total,Total,Population_Persons,12260,DDW-0500B-01ST-Census.xls,01ST
B0301ST,05,057,District - Chamoli (02),Total,5-14,Population_Persons,1939,DDW-0500B-01ST-Census.xls,01ST
B0301ST,05,057,District - Chamoli (02),Total,15-34,Population_Persons,4489,DDW-0500B-01ST-Census.xls,01ST
B0301ST,05,057,District - Chamoli (02),Total,35-59,Population_Persons,3268,DDW-0500B-01ST-Census.xls,01ST
B0301ST,05,057,District - Chamoli (02),Total,60+,Population_Persons,1626,DDW-0500B-01ST-Census.xls,01ST
B0301ST,05,057,District - Chamoli (02),Total,Age not stated,Population_Persons,17,DDW-0500B-01ST-Census.xls,01ST
B0301ST,05,057,District - Chamoli (02),Total,15-59,Population_Persons,7757,DDW-0500B-01ST-Census.xls,01ST
B0301ST,05,057,District - Chamoli (02),Rural,Total,Population_Persons,9046,DDW-0500B-01ST-Census.xls,01ST
B0301ST,05,057,District - Chamoli (02),Rural,5-14,Population_Persons,1349,DDW-0500B-01ST-Census.xls,01ST
B0301ST,05,057,District - Chamoli (02),Rural,15-34,Population_Persons,3348,DDW-0500B-01ST-Census.xls,01ST
B0301ST,05,057,District - Chamoli (02),Rural,35-59,Population_Persons,2376,DDW-0500B-01ST-Census.xls,01ST
B0301ST,05,057,District - Chamoli (02),Rural,60+,Population_Persons,1321,DDW-0500B-01ST-Census.xls,01ST
B0301ST,05,057,District - Chamoli (02),Rural,Age not stated,Population_Persons,16,DDW-0500B-01ST-Census.xls,01ST
B0301ST,05,057,District - Chamoli (02),Rural,15-59,Population_Persons,5724,DDW-0500B-01ST-Census.xls,01ST
B0301ST,05,057,District - Chamoli (02),Urban,Total,Population_Persons,3214,DDW-0500B-01ST-Census.xls,01ST
B0301ST,05,057,District - Chamoli (02),Urban,5-14,Population_Persons,590,DDW-0500B-01ST-Census.xls,01ST
B0301ST,05,057,District - Chamoli (02),Urban,15-34,Population_Persons,1141,DDW-0500B-01ST-Census.xls,01ST
B0301ST,05,057,District - Chamoli (02),Urban,35-59,Population_Persons,892,DDW-0500B-01ST-Census.xls,01ST
B0301ST,05,057,District - Chamoli (02),Urban,60+,Population_Persons,305,DDW-0500B-01ST-Census.xls,01ST
B0301ST,05,057,District - Chamoli (02),Urban,Age not stated,Population_Persons,1,DDW-0500B-01ST-Census.xls,01ST
B0301ST,05,057,District - Chamoli (02),Urban,15-59,Population_Persons,2033,DDW-0500B-01ST-Census.xls,01ST
B0301ST,05,058,District - Rudraprayag (03),Total,Total,Population_Persons,386,DDW-0500B-01ST-Census.xls,01ST
B0301ST,05,058,District - Rudraprayag (03),Total,5-14,Population_Persons,86,DDW-0500B-01ST-Census.xls,01ST
B0301ST,05,058,District - Rudraprayag (03),Total,15-34,Population_Persons,154,DDW-0500B-01ST-Census.xls,01ST
B0301ST,05,058,District - Rudraprayag (03),Total,35-59,Population_Persons,97,DDW-0500B-01ST-Census.xls,01ST
B0301ST,05,058,District - Rudraprayag (03),Total,60+,Population_Persons,16,DDW-0500B-01ST-Census.xls,01ST
B0301ST,05,058,District - Rudraprayag (03),Total,Age not stated,Population_Persons,0,DDW-0500B-01ST-Census.xls,01ST
B0301ST,05,058,District - Rudraprayag (03),Total,15-59,Population_Persons,251,DDW-0500B-01ST-Census.xls,01ST
B0301ST,05,058,District - Rudraprayag (03),Rural,Total,Population_Persons,309,DDW-0500B-01ST-Census.xls,01ST
B0301ST,05,058,District - Rudraprayag (03),Rural,5-14,Population_Persons,71,DDW-0500B-01ST-Census.xls,01ST
B0301ST,05,058,District - Rudraprayag (03),Rural,15-34,Population_Persons,126,DDW-0500B-01ST-Census.xls,01ST
B0301ST,05,058,District - Rudraprayag (03),Rural,35-59,Population_Persons,70,DDW-0500B-01ST-Census.xls,01ST
B0301ST,05,058,District - Rudraprayag (03),Rural,60+,Population_Persons,12,DDW-0500B-01ST-Census.xls,01ST
B0301ST,05,058,District - Rudraprayag (03),Rural,Age not stated,Population_Persons,0,DDW-0500B-01ST-Census.xls,01ST
B0301ST,05,058,District - Rudraprayag (03),Rural,15-59,Population_Persons,196,DDW-0500B-01ST-Census.xls,01ST
B0301ST,05,058,District - Rudraprayag (03),Urban,Total,Population_Persons,77,DDW-0500B-01ST-Census.xls,01ST
B0301ST,05,058,District - Rudraprayag (03),Urban,5-14,Population_Persons,15,DDW-0500B-01ST-Census.xls,01ST
B0301ST,05,058,District - Rudraprayag (03),Urban,15-34,Population_Persons,28,DDW-0500B-01ST-Census.xls,01ST
B0301ST,05,058,District - Rudraprayag (03),Urban,35-59,Population_Persons,27,DDW-0500B-01ST-Census.xls,01ST
B0301ST,05,058,District - Rudraprayag (03),Urban,60+,Population_Persons,4,DDW-0500B-01ST-Census.xls,01ST
B0301ST,05,058,District - Rudraprayag (03),Urban,Age not stated,Population_Persons,0,DDW-0500B-01ST-Census.xls,01ST
B0301ST,05,058,District - Rudraprayag (03),Urban,15-59,Population_Persons,55,DDW-0500B-01ST-Census.xls,01ST
B0301ST,05,059,District - Tehri Garhwal (04),Total,Total,Population_Persons,875,DDW-0500B-01ST-Census.xls,01ST
B0301ST,05,059,District - Tehri Garhwal (04),Total,5-14,Population_Persons,164,DDW-0500B-01ST-Census.xls,01ST
B0301ST,05,059,District - Tehri Garhwal (04),Total,15-34,Population_Persons,353,DDW-0500B-01ST-Census.xls,01ST
B0301ST,05,059,District - Tehri Garhwal (04),Total,35-59,Population_Persons,239,DDW-0500B-01ST-Census.xls,01ST
B0301ST,05,059,District - Tehri Garhwal (04),Total,60+,Population_Persons,44,DDW-0500B-01ST-Census.xls,01ST
B0301ST,05,059,District - Tehri Garhwal (04),Total,Age not stated,Population_Persons,3,DDW-0500B-01ST-Census.xls,01ST
B0301ST,05,059,District - Tehri Garhwal (04),Total,15-59,Population_Persons,592,DDW-0500B-01ST-Census.xls,01ST
B0301ST,05,059,District - Tehri Garhwal (04),Rural,Total,Population_Persons,630,DDW-0500B-01ST-Census.xls,01ST
B0301ST,05,059,District - Tehri Garhwal (04),Rural,5-14,Population_Persons,123,DDW-0500B-01ST-Census.xls,01ST
B0301ST,05,059,District - Tehri Garhwal (04),Rural,15-34,Population_Persons,240,DDW-0500B-01ST-Census.xls,01ST
B0301ST,05,059,District - Tehri Garhwal (04),Rural,35-59,Population_Persons,174,DDW-0500B-01ST-Census.xls,01ST
B0301ST,05,059,District - Tehri Garhwal (04),Rural,60+,Population_Persons,40,DDW-0500B-01ST-Census.xls,01ST
B0301ST,05,059,District - Tehri Garhwal (04),Rural,Age not stated,Population_Persons,2,DDW-0500B-01ST-Census.xls,01ST
B0301ST,05,059,District - Tehri Garhwal (04),Rural,15-59,Population_Persons,414,DDW-0500B-01ST-Census.xls,01ST
B0301ST,05,059,District - Tehri Garhwal (04),Urban,Total,Population_Persons,245,DDW-0500B-01ST-Census.xls,01ST
B0301ST,05,059,District - Tehri Garhwal (04),Urban,5-14,Population_Persons,41,DDW-0500B-01ST-Census.xls,01ST
B0301ST,05,059,District - Tehri Garhwal (04),Urban,15-34,Population_Persons,113,DDW-0500B-01ST-Census.xls,01ST
B0301ST,05,059,District - Tehri Garhwal (04),Urban,35-59,Population_Persons,65,DDW-0500B-01ST-Census.xls,01ST
B0301ST,05,059,District - Tehri Garhwal (04),Urban,60+,Population_Persons,4,DDW-0500B-01ST-Census.xls,01ST
B0301ST,05,059,District - Tehri Garhwal (04),Urban,Age not stated,Population_Persons,1,DDW-0500B-01ST-Census.xls,01ST
B0301ST,05,059,District - Tehri Garhwal (04),Urban,15-59,Population_Persons,178,DDW-0500B-01ST-Census.xls,01ST
B0301ST,05,060,District - Dehradun (05),Total,Total,Population_Persons,111663,DDW-0500B-01ST-Census.xls,01ST
B0301ST,05,060,District - Dehradun (05),Total,5-14,Population_Persons,26464,DDW-0500B-01ST-Census.xls,01ST
B0301ST,05,060,District - Dehradun (05),Total,15-34,Population_Persons,40160,DDW-0500B-01ST-Census.xls,01ST
B0301ST,05,060,District - Dehradun (05),Total,35-59,Population_Persons,24661,DDW-0500B-01ST-Census.xls,01ST
B0301ST,05,060,District - Dehradun (05),Total,60+,Population_Persons,10380,DDW-0500B-01ST-Census.xls,01ST
B0301ST,05,060,District - Dehradun (05),Total,Age not stated,Population_Persons,206,DDW-0500B-01ST-Census.xls,01ST
B0301ST,05,060,District - Dehradun (05),Total,15-59,Population_Persons,64821,DDW-0500B-01ST-Census.xls,01ST
B0301ST,05,060,District - Dehradun (05),Rural,Total,Population_Persons,101475,DDW-0500B-01ST-Census.xls,01ST
B0301ST,05,060,District - Dehradun (05),Rural,5-14,Population_Persons,24401,DDW-0500B-01ST-Census.xls,01ST
B0301ST,05,060,District - Dehradun (05),Rural,15-34,Population_Persons,35939,DDW-0500B-01ST-Census.xls,01ST
B0301ST,05,060,District - Dehradun (05),Rural,35-59,Population_Persons,22025,DDW-0500B-01ST-Census.xls,01ST
B0301ST,05,060,District - Dehradun (05),Rural,60+,Population_Persons,9835,DDW-0500B-01ST-Census.xls,01ST
B0301ST,05,060,District - Dehradun (05),Rural,Age not stated,Population_Persons,178,DDW-0500B-01ST-Census.xls,01ST
B0301ST,05,060,District - Dehradun (05),Rural,15-59,Population_Persons,57964,DDW-0500B-01ST-Census.xls,01ST
B0301ST,05,060,District - Dehradun (05),Urban,Total,Population_Persons,10188,DDW-0500B-01ST-Census.xls,01ST
B0301ST,05,060,District - Dehradun (05),Urban,5-14,Population_Persons,2063,DDW-0500B-01ST-Census.xls,01ST
B0301ST,05,060,District - Dehradun (05),Urban,15-34,Population_Persons,4221,DDW-0500B-01ST-Census.xls,01ST
B0301ST,05,060,District - Dehradun (05),Urban,35-59,Population_Persons,2636,DDW-0500B-01ST-Census.xls,01ST
B0301ST,05,060,District - Dehradun (05),Urban,60+,Population_Persons,545,DDW-0500B-01ST-Census.xls,01ST
B0301ST,05,060,District - Dehradun (05),Urban,Age not stated,Population_Persons,28,DDW-0500B-01ST-Census.xls,01ST
B0301ST,05,060,District - Dehradun (05),Urban,15-59,Population_Persons,6857,DDW-0500B-01ST-Census.xls,01ST
B0301ST,05,061,District - Garhwal (06),Total,Total,Population_Persons,2215,DDW-0500B-01ST-Census.xls,01ST
B0301ST,05,061,District - Garhwal (06),Total,5-14,Population_Persons,520,DDW-0500B-01ST-Census.xls,01ST
B0301ST,05,061,District - Garhwal (06),Total,15-34,Population_Persons,768,DDW-0500B-01ST-Census.xls,01ST
B0301ST,05,061,District - Garhwal (06),Total,35-59,Population_Persons,542,DDW-0500B-01ST-Census.xls,01ST
B0301ST,05,061,District - Garhwal (06),Total,60+,Population_Persons,174,DDW-0500B-01ST-Census.xls,01ST
B0301ST,05,061,District - Garhwal (06),Total,Age not stated,Population_Persons,1,DDW-0500B-01ST-Census.xls,01ST
B0301ST,05,061,District - Garhwal (06),Total,15-59,Population_Persons,1310,DDW-0500B-01ST-Census.xls,01ST
B0301ST,05,061,District - Garhwal (06),Rural,Total,Population_Persons,1952,DDW-0500B-01ST-Census.xls,01ST
B0301ST,05,061,District - Garhwal (06),Rural,5-14,Population_Persons,461,DDW-0500B-01ST-Census.xls,01ST
B0301ST,05,061,District - Garhwal (06),Rural,15-34,Population_Persons,664,DDW-0500B-01ST-Census.xls,01ST
B0301ST,05,061,District - Garhwal (06),Rural,35-59,Population_Persons,469,DDW-0500B-01ST-Census.xls,01ST
B0301ST,05,061,District - Garhwal (06),Rural,60+,Population_Persons,171,DDW-0500B-01ST-Census.xls,01ST
B0301ST,05,061,District - Garhwal (06),Rural,Age not stated,Population_Persons,1,DDW-0500B-01ST-Census.xls,01ST
B0301ST,05,061,District - Garhwal (06),Rural,15-59,Population_Persons,1133,DDW-0500B-01ST-Census.xls,01ST
B0301ST,05,061,District - Garhwal (06),Urban,Total,Population_Persons,263,DDW-0500B-01ST-Census.xls,01ST
B0301ST,05,061,District - Garhwal (06),Urban,5-14,Population_Persons,59,DDW-0500B-01ST-Census.xls,01ST
B0301ST,05,061,District - Garhwal (06),Urban,15-34,Population_Persons,104,DDW-0500B-01ST-Census.xls,01ST
B0301ST,05,061,District - Garhwal (06),Urban,35-59,Population_Persons,73,DDW-0500B-01ST-Census.xls,01ST
B0301ST,05,061,District - Garhwal (06),Urban,60+,Population_Persons,3,DDW-0500B-01ST-Census.xls,01ST
B0301ST,05,061,District - Garhwal (06),Urban,Age not stated,Population_Persons,0,DDW-0500B-01ST-Census.xls,01ST
B0301ST,05,061,District - Garhwal (06),Urban,15-59,Population_Persons,177,DDW-0500B-01ST-Census.xls,01ST
B0301ST,05,062,District - Pithoragarh (07),Total,Total,Population_Persons,19535,DDW-0500B-01ST-Census.xls,01ST
B0301ST,05,062,District - Pithoragarh (07),Total,5-14,Population_Persons,3631,DDW-0500B-01ST-Census.xls,01ST
B0301ST,05,062,District - Pithoragarh (07),Total,15-34,Population_Persons,6595,DDW-0500B-01ST-Census.xls,01ST
B0301ST,05,062,District - Pithoragarh (07),Total,35-59,Population_Persons,5051,DDW-0500B-01ST-Census.xls,01ST
B0301ST,05,062,District - Pithoragarh (07),Total,60+,Population_Persons,2607,DDW-0500B-01ST-Census.xls,01ST
B0301ST,05,062,District - Pithoragarh (07),Total,Age not stated,Population_Persons,37,DDW-0500B-01ST-Census.xls,01ST
B0301ST,05,062,District - Pithoragarh (07),Total,15-59,Population_Persons,11646,DDW-0500B-01ST-Census.xls,01ST
B0301ST,05,062,District - Pithoragarh (07),Rural,Total,Population_Persons,15915,DDW-0500B-01ST-Census.xls,01ST
B0301ST,05,062,District - Pithoragarh (07),Rural,5-14,Population_Persons,2948,DDW-0500B-01ST-Census.xls,01ST
B0301ST,05,062,District - Pithoragarh (07),Rural,15-34,Population_Persons,5363,DDW-0500B-01ST-Census.xls,01ST
B0301ST,05,062,District - Pithoragarh (07),Rural,35-59,Population_Persons,3998,DDW-0500B-01ST-Census.xls,01ST
B0301ST,05,062,District - Pithoragarh (07),Rural,60+,Population_Persons,2210,DDW-0500B-01ST-Census.xls,01ST
B0301ST,05,062,District - Pithoragarh (07),Rural,Age not stated,Population_Persons,32,DDW-0500B-01ST-Census.xls,01ST
B0301ST,05,062,District - Pithoragarh (07),Rural,15-59,Population_Persons,9361,DDW-0500B-01ST-Census.xls,01ST
B0301ST,05,062,District - Pithoragarh (07),Urban,Total,Population_Persons,3620,DDW-0500B-01ST-Census.xls,01ST
B0301ST,05,062,District - Pithoragarh (07),Urban,5-14,Population_Persons,683,DDW-0500B-01ST-Census.xls,01ST
B0301ST,05,062,District - Pithoragarh (07),Urban,15-34,Population_Persons,1232,DDW-0500B-01ST-Census.xls,01ST
B0301ST,05,062,District - Pithoragarh (07),Urban,35-59,Population_Persons,1053,DDW-0500B-01ST-Census.xls,01ST
B0301ST,05,062,District - Pithoragarh (07),Urban,60+,Population_Persons,397,DDW-0500B-01ST-Census.xls,01ST
B0301ST,05,062,District - Pithoragarh (07),Urban,Age not stated,Population_Persons,5,DDW-0500B-01ST-Census.xls,01ST
B0301ST,05,062,District - Pithoragarh (07),Urban,15-59,Population_Persons,2285,DDW-0500B-01ST-Census.xls,01ST
B0301ST,05,063,District - Bageshwar (08),Total,Total,Population_Persons,1982,DDW-0500B-01ST-Census.xls,01ST
B0301ST,05,063,District - Bageshwar (08),Total,5-14,Population_Persons,363,DDW-0500B-01ST-Census.xls,01ST
B0301ST,05,063,District - Bageshwar (08),Total,15-34,Population_Persons,656,DDW-0500B-01ST-Census.xls,01ST
B0301ST,05,063,District - Bageshwar (08),Total,35-59,Population_Persons,484,DDW-0500B-01ST-Census.xls,01ST
B0301ST,05,063,District - Bageshwar (08),Total,60+,Population_Persons,283,DDW-0500B-01ST-Census.xls,01ST
B0301ST,05,063,District - Bageshwar (08),Total,Age not stated,Population_Persons,0,DDW-0500B-01ST-Census.xls,01ST
B0301ST,05,063,District - Bageshwar (08),Total,15-59,Population_Persons,1140,DDW-0500B-01ST-Census.xls,01ST
B0301ST,05,063,District - Bageshwar (08),Rural,Total,Population_Persons,1874,DDW-0500B-01ST-Census.xls,01ST
B0301ST,05,063,District - Bageshwar (08),Rural,5-14,Population_Persons,343,DDW-0500B-01ST-Census.xls,01ST
B0301ST,05,063,District - Bageshwar (08),Rural,15-34,Population_Persons,616,DDW-0500B-01ST-Census.xls,01ST
B0301ST,05,063,District - Bageshwar (08),Rural,35-59,Population_Persons,453,DDW-0500B-01ST-Census.xls,01ST
B0301ST,05,063,District - Bageshwar (08),Rural,60+,Population_Persons,278,DDW-0500B-01ST-Census.xls,01ST
B0301ST,05,063,District - Bageshwar (08),Rural,Age not stated,Population_Persons,0,DDW-0500B-01ST-Census.xls,01ST
B0301ST,05,063,District - Bageshwar (08),Rural,15-59,Population_Persons,1069,DDW-0500B-01ST-Census.xls,01ST
B0301ST,05,063,District - Bageshwar (08),Urban,Total,Population_Persons,108,DDW-0500B-01ST-Census.xls,01ST
B0301ST,05,063,District - Bageshwar (08),Urban,5-14,Population_Persons,20,DDW-0500B-01ST-Census.xls,01ST
B0301ST,05,063,District - Bageshwar (08),Urban,15-34,Population_Persons,40,DDW-0500B-01ST-Census.xls,01ST
B0301ST,05,063,District - Bageshwar (08),Urban,35-59,Population_Persons,31,DDW-0500B-01ST-Census.xls,01ST
B0301ST,05,063,District - Bageshwar (08),Urban,60+,Population_Persons,5,DDW-0500B-01ST-Census.xls,01ST
B0301ST,05,063,District - Bageshwar (08),Urban,Age not stated,Population_Persons,0,DDW-0500B-01ST-Census.xls,01ST
B0301ST,05,063,District - Bageshwar (08),Urban,15-59,Population_Persons,71,DDW-0500B-01ST-Census.xls,01ST
B0301ST,05,064,"District - Almora
 (09)",Total,Total,Population_Persons,1281,DDW-0500B-01ST-Census.xls,01ST
B0301ST,05,064,"District - Almora
 (09)",Total,5-14,Population_Persons,216,DDW-0500B-01ST-Census.xls,01ST
B0301ST,05,064,"District - Almora
 (09)",Total,15-34,Population_Persons,491,DDW-0500B-01ST-Census.xls,01ST
B0301ST,05,064,"District - Almora
 (09)",Total,35-59,Population_Persons,379,DDW-0500B-01ST-Census.xls,01ST
B0301ST,05,064,"District - Almora
 (09)",Total,60+,Population_Persons,98,DDW-0500B-01ST-Census.xls,01ST
B0301ST,05,064,"District - Almora
 (09)",Total,Age not stated,Population_Persons,0,DDW-0500B-01ST-Census.xls,01ST
B0301ST,05,064,"District - Almora
 (09)",Total,15-59,Population_Persons,870,DDW-0500B-01ST-Census.xls,01ST
B0301ST,05,064,"District - Almora
 (09)",Rural,Total,Population_Persons,750,DDW-0500B-01ST-Census.xls,01ST
B0301ST,05,064,"District - Almora
 (09)",Rural,5-14,Population_Persons,129,DDW-0500B-01ST-Census.xls,01ST
B0301ST,05,064,"District - Almora
 (09)",Rural,15-34,Population_Persons,282,DDW-0500B-01ST-Census.xls,01ST
B0301ST,05,064,"District - Almora
 (09)",Rural,35-59,Population_Persons,208,DDW-0500B-01ST-Census.xls,01ST
B0301ST,05,064,"District - Almora
 (09)",Rural,60+,Population_Persons,62,DDW-0500B-01ST-Census.xls,01ST
B0301ST,05,064,"District - Almora
 (09)",Rural,Age not stated,Population_Persons,0,DDW-0500B-01ST-Census.xls,01ST
B0301ST,05,064,"District - Almora
 (09)",Rural,15-59,Population_Persons,490,DDW-0500B-01ST-Census.xls,01ST
B0301ST,05,064,"District - Almora
 (09)",Urban,Total,Population_Persons,531,DDW-0500B-01ST-Census.xls,01ST
B0301ST,05,064,"District - Almora
 (09)",Urban,5-14,Population_Persons,87,DDW-0500B-01ST-Census.xls,01ST
B0301ST,05,064,"District - Almora
 (09)",Urban,15-34,Population_Persons,209,DDW-0500B-01ST-Census.xls,01ST
B0301ST,05,064,"District - Almora
 (09)",Urban,35-59,Population_Persons,171,DDW-0500B-01ST-Census.xls,01ST
B0301ST,05,064,"District - Almora
 (09)",Urban,60+,Population_Persons,36,DDW-0500B-01ST-Census.xls,01ST
B0301ST,05,064,"District - Almora
 (09)",Urban,Age not stated,Population_Persons,0,DDW-0500B-01ST-Census.xls,01ST
B0301ST,05,064,"District - Almora
 (09)",Urban,15-59,Population_Persons,380,DDW-0500B-01ST-Census.xls,01ST
B0301ST,05,065,District - Champawat (10),Total,Total,Population_Persons,1339,DDW-0500B-01ST-Census.xls,01ST
B0301ST,05,065,District - Champawat (10),Total,5-14,Population_Persons,275,DDW-0500B-01ST-Census.xls,01ST
B0301ST,05,065,District - Champawat (10),Total,15-34,Population_Persons,497,DDW-0500B-01ST-Census.xls,01ST
B0301ST,05,065,District - Champawat (10),Total,35-59,Population_Persons,379,DDW-0500B-01ST-Census.xls,01ST
B0301ST,05,065,District - Champawat (10),Total,60+,Population_Persons,86,DDW-0500B-01ST-Census.xls,01ST
B0301ST,05,065,District - Champawat (10),Total,Age not stated,Population_Persons,0,DDW-0500B-01ST-Census.xls,01ST
B0301ST,05,065,District - Champawat (10),Total,15-59,Population_Persons,876,DDW-0500B-01ST-Census.xls,01ST
B0301ST,05,065,District - Champawat (10),Rural,Total,Population_Persons,1084,DDW-0500B-01ST-Census.xls,01ST
B0301ST,05,065,District - Champawat (10),Rural,5-14,Population_Persons,225,DDW-0500B-01ST-Census.xls,01ST
B0301ST,05,065,District - Champawat (10),Rural,15-34,Population_Persons,412,DDW-0500B-01ST-Census.xls,01ST
B0301ST,05,065,District - Champawat (10),Rural,35-59,Population_Persons,293,DDW-0500B-01ST-Census.xls,01ST
B0301ST,05,065,District - Champawat (10),Rural,60+,Population_Persons,72,DDW-0500B-01ST-Census.xls,01ST
B0301ST,05,065,District - Champawat (10),Rural,Age not stated,Population_Persons,0,DDW-0500B-01ST-Census.xls,01ST
B0301ST,05,065,District - Champawat (10),Rural,15-59,Population_Persons,705,DDW-0500B-01ST-Census.xls,01ST
B0301ST,05,065,District - Champawat (10),Urban,Total,Population_Persons,255,DDW-0500B-01ST-Census.xls,01ST
B0301ST,05,065,District - Champawat (10),Urban,5-14,Population_Persons,50,DDW-0500B-01ST-Census.xls,01ST
B0301ST,05,065,District - Champawat (10),Urban,15-34,Population_Persons,85,DDW-0500B-01ST-Census.xls,01ST
B0301ST,05,065,District - Champawat (10),Urban,35-59,Population_Persons,86,DDW-0500B-01ST-Census.xls,01ST
B0301ST,05,065,District - Champawat (10),Urban,60+,Population_Persons,14,DDW-0500B-01ST-Census.xls,01ST
B0301ST,05,065,District - Champawat (10),Urban,Age not stated,Population_Persons,0,DDW-0500B-01ST-Census.xls,01ST
B0301ST,05,065,District - Champawat (10),Urban,15-59,Population_Persons,171,DDW-0500B-01ST-Census.xls,01ST
B0301ST,05,066,District - Nainital (11),Total,Total,Population_Persons,7495,DDW-0500B-01ST-Census.xls,01ST
B0301ST,05,066,District - Nainital (11),Total,5-14,Population_Persons,1585,DDW-0500B-01ST-Census.xls,01ST
B0301ST,05,066,District - Nainital (11),Total,15-34,Population_Persons,2782,DDW-0500B-01ST-Census.xls,01ST
B0301ST,05,066,District - Nainital (11),Total,35-59,Population_Persons,1918,DDW-0500B-01ST-Census.xls,01ST
B0301ST,05,066,District - Nainital (11),Total,60+,Population_Persons,549,DDW-0500B-01ST-Census.xls,01ST
B0301ST,05,066,District - Nainital (11),Total,Age not stated,Population_Persons,15,DDW-0500B-01ST-Census.xls,01ST
B0301ST,05,066,District - Nainital (11),Total,15-59,Population_Persons,4700,DDW-0500B-01ST-Census.xls,01ST
B0301ST,05,066,District - Nainital (11),Rural,Total,Population_Persons,5780,DDW-0500B-01ST-Census.xls,01ST
B0301ST,05,066,District - Nainital (11),Rural,5-14,Population_Persons,1286,DDW-0500B-01ST-Census.xls,01ST
B0301ST,05,066,District - Nainital (11),Rural,15-34,Population_Persons,2174,DDW-0500B-01ST-Census.xls,01ST
B0301ST,05,066,District - Nainital (11),Rural,35-59,Population_Persons,1389,DDW-0500B-01ST-Census.xls,01ST
B0301ST,05,066,District - Nainital (11),Rural,60+,Population_Persons,399,DDW-0500B-01ST-Census.xls,01ST
B0301ST,05,066,District - Nainital (11),Rural,Age not stated,Population_Persons,15,DDW-0500B-01ST-Census.xls,01ST
B0301ST,05,066,District - Nainital (11),Rural,15-59,Population_Persons,3563,DDW-0500B-01ST-Census.xls,01ST
B0301ST,05,066,District - Nainital (11),Urban,Total,Population_Persons,1715,DDW-0500B-01ST-Census.xls,01ST
B0301ST,05,066,District - Nainital (11),Urban,5-14,Population_Persons,299,DDW-0500B-01ST-Census.xls,01ST
B0301ST,05,066,District - Nainital (11),Urban,15-34,Population_Persons,608,DDW-0500B-01ST-Census.xls,01ST
B0301ST,05,066,District - Nainital (11),Urban,35-59,Population_Persons,529,DDW-0500B-01ST-Census.xls,01ST
B0301ST,05,066,District - Nainital (11),Urban,60+,Population_Persons,150,DDW-0500B-01ST-Census.xls,01ST
B0301ST,05,066,District - Nainital (11),Urban,Age not stated,Population_Persons,0,DDW-0500B-01ST-Census.xls,01ST
B0301ST,05,066,District - Nainital (11),Urban,15-59,Population_Persons,1137,DDW-0500B-01ST-Census.xls,01ST
B0301ST,05,067,District - Udham Singh Nagar (12),Total,Total,Population_Persons,123037,DDW-0500B-01ST-Census.xls,01ST
B0301ST,05,067,District - Udham Singh Nagar (12),Total,5-14,Population_Persons,25725,DDW-0500B-01ST-Census.xls,01ST
B0301ST,05,067,District - Udham Singh Nagar (12),Total,15-34,Population_Persons,49643,DDW-0500B-01ST-Census.xls,01ST
B0301ST,05,067,District - Udham Singh Nagar (12),Total,35-59,Population_Persons,29079,DDW-0500B-01ST-Census.xls,01ST
B0301ST,05,067,District - Udham Singh Nagar (12),Total,60+,Population_Persons,9600,DDW-0500B-01ST-Census.xls,01ST
B0301ST,05,067,District - Udham Singh Nagar (12),Total,Age not stated,Population_Persons,93,DDW-0500B-01ST-Census.xls,01ST
B0301ST,05,067,District - Udham Singh Nagar (12),Total,15-59,Population_Persons,78722,DDW-0500B-01ST-Census.xls,01ST
B0301ST,05,067,District - Udham Singh Nagar (12),Rural,Total,Population_Persons,117381,DDW-0500B-01ST-Census.xls,01ST
B0301ST,05,067,District - Udham Singh Nagar (12),Rural,5-14,Population_Persons,24447,DDW-0500B-01ST-Census.xls,01ST
B0301ST,05,067,District - Udham Singh Nagar (12),Rural,15-34,Population_Persons,47384,DDW-0500B-01ST-Census.xls,01ST
B0301ST,05,067,District - Udham Singh Nagar (12),Rural,35-59,Population_Persons,27715,DDW-0500B-01ST-Census.xls,01ST
B0301ST,05,067,District - Udham Singh Nagar (12),Rural,60+,Population_Persons,9246,DDW-0500B-01ST-Census.xls,01ST
B0301ST,05,067,District - Udham Singh Nagar (12),Rural,Age not stated,Population_Persons,92,DDW-0500B-01ST-Census.xls,01ST
B0301ST,05,067,District - Udham Singh Nagar (12),Rural,15-59,Population_Persons,75099,DDW-0500B-01ST-Census.xls,01ST
B0301ST,05,067,District - Udham Singh Nagar (12),Urban,Total,Population_Persons,5656,DDW-0500B-01ST-Census.xls,01ST
B0301ST,05,067,District - Udham Singh Nagar (12),Urban,5-14,Population_Persons,1278,DDW-0500B-01ST-Census.xls,01ST
B0301ST,05,067,District - Udham Singh Nagar (12),Urban,15-34,Population_Persons,2259,DDW-0500B-01ST-Census.xls,01ST
B0301ST,05,067,District - Udham Singh Nagar (12),Urban,35-59,Population_Persons,1364,DDW-0500B-01ST-Census.xls,01ST
B0301ST,05,067,District - Udham Singh Nagar (12),Urban,60+,Population_Persons,354,DDW-0500B-01ST-Census.xls,01ST
B0301ST,05,067,District - Udham Singh Nagar (12),Urban,Age not stated,Population_Persons,1,DDW-0500B-01ST-Census.xls,01ST
B0301ST,05,067,District - Udham Singh Nagar (12),Urban,15-59,Population_Persons,3623,DDW-0500B-01ST-Census.xls,01ST
B0301ST,05,068,District - Hardwar (13),Total,Total,Population_Persons,6323,DDW-0500B-01ST-Census.xls,01ST
B0301ST,05,068,District - Hardwar (13),Total,5-14,Population_Persons,1551,DDW-0500B-01ST-Census.xls,01ST
B0301ST,05,068,District - Hardwar (13),Total,15-34,Population_Persons,2300,DDW-0500B-01ST-Census.xls,01ST
B0301ST,05,068,District - Hardwar (13),Total,35-59,Population_Persons,1360,DDW-0500B-01ST-Census.xls,01ST
B0301ST,05,068,District - Hardwar (13),Total,60+,Population_Persons,462,DDW-0500B-01ST-Census.xls,01ST
B0301ST,05,068,District - Hardwar (13),Total,Age not stated,Population_Persons,9,DDW-0500B-01ST-Census.xls,01ST
B0301ST,05,068,District - Hardwar (13),Total,15-59,Population_Persons,3660,DDW-0500B-01ST-Census.xls,01ST
B0301ST,05,068,District - Hardwar (13),Rural,Total,Population_Persons,5249,DDW-0500B-01ST-Census.xls,01ST
B0301ST,05,068,District - Hardwar (13),Rural,5-14,Population_Persons,1335,DDW-0500B-01ST-Census.xls,01ST
B0301ST,05,068,District - Hardwar (13),Rural,15-34,Population_Persons,1848,DDW-0500B-01ST-Census.xls,01ST
B0301ST,05,068,District - Hardwar (13),Rural,35-59,Population_Persons,1113,DDW-0500B-01ST-Census.xls,01ST
B0301ST,05,068,District - Hardwar (13),Rural,60+,Population_Persons,412,DDW-0500B-01ST-Census.xls,01ST
B0301ST,05,068,District - Hardwar (13),Rural,Age not stated,Population_Persons,9,DDW-0500B-01ST-Census.xls,01ST
B0301ST,05,068,District - Hardwar (13),Rural,15-59,Population_Persons,2961,DDW-0500B-01ST-Census.xls,01ST
B0301ST,05,068,District - Hardwar (13),Urban,Total,Population_Persons,1074,DDW-0500B-01ST-Census.xls,01ST
B0301ST,05,068,District - Hardwar (13),Urban,5-14,Population_Persons,216,DDW-0500B-01ST-Census.xls,01ST
B0301ST,05,068,District - Hardwar (13),Urban,15-34,Population_Persons,452,DDW-0500B-01ST-Census.xls,01ST
B0301ST,05,068,District - Hardwar (13),Urban,35-59,Population_Persons,247,DDW-0500B-01ST-Census.xls,01ST
B0301ST,05,068,District - Hardwar (13),Urban,60+,Population_Persons,50,DDW-0500B-01ST-Census.xls,01ST
B0301ST,05,068,District - Hardwar (13),Urban,Age not stated,Population_Persons,0,DDW-0500B-01ST-Census.xls,01ST
B0301ST,05,068,District - Hardwar (13),Urban,15-59,Population_Persons,699,DDW-0500B-01ST-Census.xls,01ST
B0301ST,05,000,State - UTTARAKHAND (05),Total,Total,Population_Males,148669,DDW-0500B-01ST-Census.xls,01ST
B0301ST,05,000,State - UTTARAKHAND (05),Total,5-14,Population_Males,32699,DDW-0500B-01ST-Census.xls,01ST
B0301ST,05,000,State - UTTARAKHAND (05),Total,15-34,Population_Males,55104,DDW-0500B-01ST-Census.xls,01ST
B0301ST,05,000,State - UTTARAKHAND (05),Total,35-59,Population_Males,34926,DDW-0500B-01ST-Census.xls,01ST
B0301ST,05,000,State - UTTARAKHAND (05),Total,60+,Population_Males,13653,DDW-0500B-01ST-Census.xls,01ST
B0301ST,05,000,State - UTTARAKHAND (05),Total,Age not stated,Population_Males,198,DDW-0500B-01ST-Census.xls,01ST
B0301ST,05,000,State - UTTARAKHAND (05),Total,15-59,Population_Males,90030,DDW-0500B-01ST-Census.xls,01ST
B0301ST,05,000,State - UTTARAKHAND (05),Rural,Total,Population_Males,134691,DDW-0500B-01ST-Census.xls,01ST
B0301ST,05,000,State - UTTARAKHAND (05),Rural,5-14,Population_Males,29639,DDW-0500B-01ST-Census.xls,01ST
B0301ST,05,000,State - UTTARAKHAND (05),Rural,15-34,Population_Males,49881,DDW-0500B-01ST-Census.xls,01ST
B0301ST,05,000,State - UTTARAKHAND (05),Rural,35-59,Population_Males,31213,DDW-0500B-01ST-Census.xls,01ST
B0301ST,05,000,State - UTTARAKHAND (05),Rural,60+,Population_Males,12740,DDW-0500B-01ST-Census.xls,01ST
B0301ST,05,000,State - UTTARAKHAND (05),Rural,Age not stated,Population_Males,179,DDW-0500B-01ST-Census.xls,01ST
B0301ST,05,000,State - UTTARAKHAND (05),Rural,15-59,Population_Males,81094,DDW-0500B-01ST-Census.xls,01ST
B0301ST,05,000,State - UTTARAKHAND (05),Urban,Total,Population_Males,13978,DDW-0500B-01ST-Census.xls,01ST
B0301ST,05,000,State - UTTARAKHAND (05),Urban,5-14,Population_Males,3060,DDW-0500B-01ST-Census.xls,01ST
B0301ST,05,000,State - UTTARAKHAND (05),Urban,15-34,Population_Males,5223,DDW-0500B-01ST-Census.xls,01ST
B0301ST,05,000,State - UTTARAKHAND (05),Urban,35-59,Population_Males,3713,DDW-0500B-01ST-Census.xls,01ST
B0301ST,05,000,State - UTTARAKHAND (05),Urban,60+,Population_Males,913,DDW-0500B-01ST-Census.xls,01ST
B0301ST,05,000,State - UTTARAKHAND (05),Urban,Age not stated,Population_Males,19,DDW-0500B-01ST-Census.xls,01ST
B0301ST,05,000,State - UTTARAKHAND (05),Urban,15-59,Population_Males,8936,DDW-0500B-01ST-Census.xls,01ST
B0301ST,05,056,District - Uttarkashi (01),Total,Total,Population_Males,1651,DDW-0500B-01ST-Census.xls,01ST
B0301ST,05,056,District - Uttarkashi (01),Total,5-14,Population_Males,349,DDW-0500B-01ST-Census.xls,01ST
B0301ST,05,056,District - Uttarkashi (01),Total,15-34,Population_Males,591,DDW-0500B-01ST-Census.xls,01ST
B0301ST,05,056,District - Uttarkashi (01),Total,35-59,Population_Males,459,DDW-0500B-01ST-Census.xls,01ST
B0301ST,05,056,District - Uttarkashi (01),Total,60+,Population_Males,153,DDW-0500B-01ST-Census.xls,01ST
B0301ST,05,056,District - Uttarkashi (01),Total,Age not stated,Population_Males,1,DDW-0500B-01ST-Census.xls,01ST
B0301ST,05,056,District - Uttarkashi (01),Total,15-59,Population_Males,1050,DDW-0500B-01ST-Census.xls,01ST
B0301ST,05,056,District - Uttarkashi (01),Rural,Total,Population_Males,1581,DDW-0500B-01ST-Census.xls,01ST
B0301ST,05,056,District - Uttarkashi (01),Rural,5-14,Population_Males,330,DDW-0500B-01ST-Census.xls,01ST
B0301ST,05,056,District - Uttarkashi (01),Rural,15-34,Population_Males,567,DDW-0500B-01ST-Census.xls,01ST
B0301ST,05,056,District - Uttarkashi (01),Rural,35-59,Population_Males,439,DDW-0500B-01ST-Census.xls,01ST
B0301ST,05,056,District - Uttarkashi (01),Rural,60+,Population_Males,152,DDW-0500B-01ST-Census.xls,01ST
B0301ST,05,056,District - Uttarkashi (01),Rural,Age not stated,Population_Males,1,DDW-0500B-01ST-Census.xls,01ST
B0301ST,05,056,District - Uttarkashi (01),Rural,15-59,Population_Males,1006,DDW-0500B-01ST-Census.xls,01ST
B0301ST,05,056,District - Uttarkashi (01),Urban,Total,Population_Males,70,DDW-0500B-01ST-Census.xls,01ST
B0301ST,05,056,District - Uttarkashi (01),Urban,5-14,Population_Males,19,DDW-0500B-01ST-Census.xls,01ST
B0301ST,05,056,District - Uttarkashi (01),Urban,15-34,Population_Males,24,DDW-0500B-01ST-Census.xls,01ST
B0301ST,05,056,District - Uttarkashi (01),Urban,35-59,Population_Males,20,DDW-0500B-01ST-Census.xls,01ST
B0301ST,05,056,District - Uttarkashi (01),Urban,60+,Population_Males,1,DDW-0500B-01ST-Census.xls,01ST
B0301ST,05,056,District - Uttarkashi (01),Urban,Age not stated,Population_Males,0,DDW-0500B-01ST-Census.xls,01ST
B0301ST,05,056,District - Uttarkashi (01),Urban,15-59,Population_Males,44,DDW-0500B-01ST-Census.xls,01ST
B0301ST,05,057,District - Chamoli (02),Total,Total,Population_Males,6021,DDW-0500B-01ST-Census.xls,01ST
B0301ST,05,057,District - Chamoli (02),Total,5-14,Population_Males,1008,DDW-0500B-01ST-Census.xls,01ST
B0301ST,05,057,District - Chamoli (02),Total,15-34,Population_Males,2295,DDW-0500B-01ST-Census.xls,01ST
B0301ST,05,057,District - Chamoli (02),Total,35-59,Population_Males,1489,DDW-0500B-01ST-Census.xls,01ST
B0301ST,05,057,District - Chamoli (02),Total,60+,Population_Males,714,DDW-0500B-01ST-Census.xls,01ST
B0301ST,05,057,District - Chamoli (02),Total,Age not stated,Population_Males,11,DDW-0500B-01ST-Census.xls,01ST
B0301ST,05,057,District - Chamoli (02),Total,15-59,Population_Males,3784,DDW-0500B-01ST-Census.xls,01ST
B0301ST,05,057,District - Chamoli (02),Rural,Total,Population_Males,4457,DDW-0500B-01ST-Census.xls,01ST
B0301ST,05,057,District - Chamoli (02),Rural,5-14,Population_Males,689,DDW-0500B-01ST-Census.xls,01ST
B0301ST,05,057,District - Chamoli (02),Rural,15-34,Population_Males,1744,DDW-0500B-01ST-Census.xls,01ST
B0301ST,05,057,District - Chamoli (02),Rural,35-59,Population_Males,1079,DDW-0500B-01ST-Census.xls,01ST
B0301ST,05,057,District - Chamoli (02),Rural,60+,Population_Males,578,DDW-0500B-01ST-Census.xls,01ST
B0301ST,05,057,District - Chamoli (02),Rural,Age not stated,Population_Males,10,DDW-0500B-01ST-Census.xls,01ST
B0301ST,05,057,District - Chamoli (02),Rural,15-59,Population_Males,2823,DDW-0500B-01ST-Census.xls,01ST
B0301ST,05,057,District - Chamoli (02),Urban,Total,Population_Males,1564,DDW-0500B-01ST-Census.xls,01ST
B0301ST,05,057,District - Chamoli (02),Urban,5-14,Population_Males,319,DDW-0500B-01ST-Census.xls,01ST
B0301ST,05,057,District - Chamoli (02),Urban,15-34,Population_Males,551,DDW-0500B-01ST-Census.xls,01ST
B0301ST,05,057,District - Chamoli (02),Urban,35-59,Population_Males,410,DDW-0500B-01ST-Census.xls,01ST
B0301ST,05,057,District - Chamoli (02),Urban,60+,Population_Males,136,DDW-0500B-01ST-Census.xls,01ST
B0301ST,05,057,District - Chamoli (02),Urban,Age not stated,Population_Males,1,DDW-0500B-01ST-Census.xls,01ST
B0301ST,05,057,District - Chamoli (02),Urban,15-59,Population_Males,961,DDW-0500B-01ST-Census.xls,01ST
B0301ST,05,058,District - Rudraprayag (03),Total,Total,Population_Males,217,DDW-0500B-01ST-Census.xls,01ST
B0301ST,05,058,District - Rudraprayag (03),Total,5-14,Population_Males,49,DDW-0500B-01ST-Census.xls,01ST
B0301ST,05,058,District - Rudraprayag (03),Total,15-34,Population_Males,87,DDW-0500B-01ST-Census.xls,01ST
B0301ST,05,058,District - Rudraprayag (03),Total,35-59,Population_Males,54,DDW-0500B-01ST-Census.xls,01ST
B0301ST,05,058,District - Rudraprayag (03),Total,60+,Population_Males,12,DDW-0500B-01ST-Census.xls,01ST
B0301ST,05,058,District - Rudraprayag (03),Total,Age not stated,Population_Males,0,DDW-0500B-01ST-Census.xls,01ST
B0301ST,05,058,District - Rudraprayag (03),Total,15-59,Population_Males,141,DDW-0500B-01ST-Census.xls,01ST
B0301ST,05,058,District - Rudraprayag (03),Rural,Total,Population_Males,169,DDW-0500B-01ST-Census.xls,01ST
B0301ST,05,058,District - Rudraprayag (03),Rural,5-14,Population_Males,42,DDW-0500B-01ST-Census.xls,01ST
B0301ST,05,058,District - Rudraprayag (03),Rural,15-34,Population_Males,72,DDW-0500B-01ST-Census.xls,01ST
B0301ST,05,058,District - Rudraprayag (03),Rural,35-59,Population_Males,35,DDW-0500B-01ST-Census.xls,01ST
B0301ST,05,058,District - Rudraprayag (03),Rural,60+,Population_Males,8,DDW-0500B-01ST-Census.xls,01ST
B0301ST,05,058,District - Rudraprayag (03),Rural,Age not stated,Population_Males,0,DDW-0500B-01ST-Census.xls,01ST
B0301ST,05,058,District - Rudraprayag (03),Rural,15-59,Population_Males,107,DDW-0500B-01ST-Census.xls,01ST
B0301ST,05,058,District - Rudraprayag (03),Urban,Total,Population_Males,48,DDW-0500B-01ST-Census.xls,01ST
B0301ST,05,058,District - Rudraprayag (03),Urban,5-14,Population_Males,7,DDW-0500B-01ST-Census.xls,01ST
B0301ST,05,058,District - Rudraprayag (03),Urban,15-34,Population_Males,15,DDW-0500B-01ST-Census.xls,01ST
B0301ST,05,058,District - Rudraprayag (03),Urban,35-59,Population_Males,19,DDW-0500B-01ST-Census.xls,01ST
B0301ST,05,058,District - Rudraprayag (03),Urban,60+,Population_Males,4,DDW-0500B-01ST-Census.xls,01ST
B0301ST,05,058,District - Rudraprayag (03),Urban,Age not stated,Population_Males,0,DDW-0500B-01ST-Census.xls,01ST
B0301ST,05,058,District - Rudraprayag (03),Urban,15-59,Population_Males,34,DDW-0500B-01ST-Census.xls,01ST
B0301ST,05,059,District - Tehri Garhwal (04),Total,Total,Population_Males,459,DDW-0500B-01ST-Census.xls,01ST
B0301ST,05,059,District - Tehri Garhwal (04),Total,5-14,Population_Males,89,DDW-0500B-01ST-Census.xls,01ST
B0301ST,05,059,District - Tehri Garhwal (04),Total,15-34,Population_Males,179,DDW-0500B-01ST-Census.xls,01ST
B0301ST,05,059,District - Tehri Garhwal (04),Total,35-59,Population_Males,133,DDW-0500B-01ST-Census.xls,01ST
B0301ST,05,059,District - Tehri Garhwal (04),Total,60+,Population_Males,19,DDW-0500B-01ST-Census.xls,01ST
B0301ST,05,059,District - Tehri Garhwal (04),Total,Age not stated,Population_Males,2,DDW-0500B-01ST-Census.xls,01ST
B0301ST,05,059,District - Tehri Garhwal (04),Total,15-59,Population_Males,312,DDW-0500B-01ST-Census.xls,01ST
B0301ST,05,059,District - Tehri Garhwal (04),Rural,Total,Population_Males,312,DDW-0500B-01ST-Census.xls,01ST
B0301ST,05,059,District - Tehri Garhwal (04),Rural,5-14,Population_Males,68,DDW-0500B-01ST-Census.xls,01ST
B0301ST,05,059,District - Tehri Garhwal (04),Rural,15-34,Population_Males,107,DDW-0500B-01ST-Census.xls,01ST
B0301ST,05,059,District - Tehri Garhwal (04),Rural,35-59,Population_Males,88,DDW-0500B-01ST-Census.xls,01ST
B0301ST,05,059,District - Tehri Garhwal (04),Rural,60+,Population_Males,18,DDW-0500B-01ST-Census.xls,01ST
B0301ST,05,059,District - Tehri Garhwal (04),Rural,Age not stated,Population_Males,2,DDW-0500B-01ST-Census.xls,01ST
B0301ST,05,059,District - Tehri Garhwal (04),Rural,15-59,Population_Males,195,DDW-0500B-01ST-Census.xls,01ST
B0301ST,05,059,District - Tehri Garhwal (04),Urban,Total,Population_Males,147,DDW-0500B-01ST-Census.xls,01ST
B0301ST,05,059,District - Tehri Garhwal (04),Urban,5-14,Population_Males,21,DDW-0500B-01ST-Census.xls,01ST
B0301ST,05,059,District - Tehri Garhwal (04),Urban,15-34,Population_Males,72,DDW-0500B-01ST-Census.xls,01ST
B0301ST,05,059,District - Tehri Garhwal (04),Urban,35-59,Population_Males,45,DDW-0500B-01ST-Census.xls,01ST
B0301ST,05,059,District - Tehri Garhwal (04),Urban,60+,Population_Males,1,DDW-0500B-01ST-Census.xls,01ST
B0301ST,05,059,District - Tehri Garhwal (04),Urban,Age not stated,Population_Males,0,DDW-0500B-01ST-Census.xls,01ST
B0301ST,05,059,District - Tehri Garhwal (04),Urban,15-59,Population_Males,117,DDW-0500B-01ST-Census.xls,01ST
B0301ST,05,060,District - Dehradun (05),Total,Total,Population_Males,58264,DDW-0500B-01ST-Census.xls,01ST
B0301ST,05,060,District - Dehradun (05),Total,5-14,Population_Males,13667,DDW-0500B-01ST-Census.xls,01ST
B0301ST,05,060,District - Dehradun (05),Total,15-34,Population_Males,20735,DDW-0500B-01ST-Census.xls,01ST
B0301ST,05,060,District - Dehradun (05),Total,35-59,Population_Males,13032,DDW-0500B-01ST-Census.xls,01ST
B0301ST,05,060,District - Dehradun (05),Total,60+,Population_Males,5689,DDW-0500B-01ST-Census.xls,01ST
B0301ST,05,060,District - Dehradun (05),Total,Age not stated,Population_Males,102,DDW-0500B-01ST-Census.xls,01ST
B0301ST,05,060,District - Dehradun (05),Total,15-59,Population_Males,33767,DDW-0500B-01ST-Census.xls,01ST
B0301ST,05,060,District - Dehradun (05),Rural,Total,Population_Males,52825,DDW-0500B-01ST-Census.xls,01ST
B0301ST,05,060,District - Dehradun (05),Rural,5-14,Population_Males,12488,DDW-0500B-01ST-Census.xls,01ST
B0301ST,05,060,District - Dehradun (05),Rural,15-34,Population_Males,18550,DDW-0500B-01ST-Census.xls,01ST
B0301ST,05,060,District - Dehradun (05),Rural,35-59,Population_Males,11616,DDW-0500B-01ST-Census.xls,01ST
B0301ST,05,060,District - Dehradun (05),Rural,60+,Population_Males,5401,DDW-0500B-01ST-Census.xls,01ST
B0301ST,05,060,District - Dehradun (05),Rural,Age not stated,Population_Males,86,DDW-0500B-01ST-Census.xls,01ST
B0301ST,05,060,District - Dehradun (05),Rural,15-59,Population_Males,30166,DDW-0500B-01ST-Census.xls,01ST
B0301ST,05,060,District - Dehradun (05),Urban,Total,Population_Males,5439,DDW-0500B-01ST-Census.xls,01ST
B0301ST,05,060,District - Dehradun (05),Urban,5-14,Population_Males,1179,DDW-0500B-01ST-Census.xls,01ST
B0301ST,05,060,District - Dehradun (05),Urban,15-34,Population_Males,2185,DDW-0500B-01ST-Census.xls,01ST
B0301ST,05,060,District - Dehradun (05),Urban,35-59,Population_Males,1416,DDW-0500B-01ST-Census.xls,01ST
B0301ST,05,060,District - Dehradun (05),Urban,60+,Population_Males,288,DDW-0500B-01ST-Census.xls,01ST
B0301ST,05,060,District - Dehradun (05),Urban,Age not stated,Population_Males,16,DDW-0500B-01ST-Census.xls,01ST
B0301ST,05,060,District - Dehradun (05),Urban,15-59,Population_Males,3601,DDW-0500B-01ST-Census.xls,01ST
B0301ST,05,061,District - Garhwal (06),Total,Total,Population_Males,1174,DDW-0500B-01ST-Census.xls,01ST
B0301ST,05,061,District - Garhwal (06),Total,5-14,Population_Males,271,DDW-0500B-01ST-Census.xls,01ST
B0301ST,05,061,District - Garhwal (06),Total,15-34,Population_Males,409,DDW-0500B-01ST-Census.xls,01ST
B0301ST,05,061,District - Garhwal (06),Total,35-59,Population_Males,310,DDW-0500B-01ST-Census.xls,01ST
B0301ST,05,061,District - Garhwal (06),Total,60+,Population_Males,86,DDW-0500B-01ST-Census.xls,01ST
B0301ST,05,061,District - Garhwal (06),Total,Age not stated,Population_Males,0,DDW-0500B-01ST-Census.xls,01ST
B0301ST,05,061,District - Garhwal (06),Total,15-59,Population_Males,719,DDW-0500B-01ST-Census.xls,01ST
B0301ST,05,061,District - Garhwal (06),Rural,Total,Population_Males,1018,DDW-0500B-01ST-Census.xls,01ST
B0301ST,05,061,District - Garhwal (06),Rural,5-14,Population_Males,236,DDW-0500B-01ST-Census.xls,01ST
B0301ST,05,061,District - Garhwal (06),Rural,15-34,Population_Males,352,DDW-0500B-01ST-Census.xls,01ST
B0301ST,05,061,District - Garhwal (06),Rural,35-59,Population_Males,265,DDW-0500B-01ST-Census.xls,01ST
B0301ST,05,061,District - Garhwal (06),Rural,60+,Population_Males,83,DDW-0500B-01ST-Census.xls,01ST
B0301ST,05,061,District - Garhwal (06),Rural,Age not stated,Population_Males,0,DDW-0500B-01ST-Census.xls,01ST
B0301ST,05,061,District - Garhwal (06),Rural,15-59,Population_Males,617,DDW-0500B-01ST-Census.xls,01ST
B0301ST,05,061,District - Garhwal (06),Urban,Total,Population_Males,156,DDW-0500B-01ST-Census.xls,01ST
B0301ST,05,061,District - Garhwal (06),Urban,5-14,Population_Males,35,DDW-0500B-01ST-Census.xls,01ST
B0301ST,05,061,District - Garhwal (06),Urban,15-34,Population_Males,57,DDW-0500B-01ST-Census.xls,01ST
B0301ST,05,061,District - Garhwal (06),Urban,35-59,Population_Males,45,DDW-0500B-01ST-Census.xls,01ST
B0301ST,05,061,District - Garhwal (06),Urban,60+,Population_Males,3,DDW-0500B-01ST-Census.xls,01ST
B0301ST,05,061,District - Garhwal (06),Urban,Age not stated,Population_Males,0,DDW-0500B-01ST-Census.xls,01ST
B0301ST,05,061,District - Garhwal (06),Urban,15-59,Population_Males,102,DDW-0500B-01ST-Census.xls,01ST
B0301ST,05,062,District - Pithoragarh (07),Total,Total,Population_Males,9558,DDW-0500B-01ST-Census.xls,01ST
B0301ST,05,062,District - Pithoragarh (07),Total,5-14,Population_Males,1893,DDW-0500B-01ST-Census.xls,01ST
B0301ST,05,062,District - Pithoragarh (07),Total,15-34,Population_Males,3234,DDW-0500B-01ST-Census.xls,01ST
B0301ST,05,062,District - Pithoragarh (07),Total,35-59,Population_Males,2316,DDW-0500B-01ST-Census.xls,01ST
B0301ST,05,062,District - Pithoragarh (07),Total,60+,Population_Males,1252,DDW-0500B-01ST-Census.xls,01ST
B0301ST,05,062,District - Pithoragarh (07),Total,Age not stated,Population_Males,15,DDW-0500B-01ST-Census.xls,01ST
B0301ST,05,062,District - Pithoragarh (07),Total,15-59,Population_Males,5550,DDW-0500B-01ST-Census.xls,01ST
B0301ST,05,062,District - Pithoragarh (07),Rural,Total,Population_Males,7822,DDW-0500B-01ST-Census.xls,01ST
B0301ST,05,062,District - Pithoragarh (07),Rural,5-14,Population_Males,1514,DDW-0500B-01ST-Census.xls,01ST
B0301ST,05,062,District - Pithoragarh (07),Rural,15-34,Population_Males,2659,DDW-0500B-01ST-Census.xls,01ST
B0301ST,05,062,District - Pithoragarh (07),Rural,35-59,Population_Males,1838,DDW-0500B-01ST-Census.xls,01ST
B0301ST,05,062,District - Pithoragarh (07),Rural,60+,Population_Males,1080,DDW-0500B-01ST-Census.xls,01ST
B0301ST,05,062,District - Pithoragarh (07),Rural,Age not stated,Population_Males,14,DDW-0500B-01ST-Census.xls,01ST
B0301ST,05,062,District - Pithoragarh (07),Rural,15-59,Population_Males,4497,DDW-0500B-01ST-Census.xls,01ST
B0301ST,05,062,District - Pithoragarh (07),Urban,Total,Population_Males,1736,DDW-0500B-01ST-Census.xls,01ST
B0301ST,05,062,District - Pithoragarh (07),Urban,5-14,Population_Males,379,DDW-0500B-01ST-Census.xls,01ST
B0301ST,05,062,District - Pithoragarh (07),Urban,15-34,Population_Males,575,DDW-0500B-01ST-Census.xls,01ST
B0301ST,05,062,District - Pithoragarh (07),Urban,35-59,Population_Males,478,DDW-0500B-01ST-Census.xls,01ST
B0301ST,05,062,District - Pithoragarh (07),Urban,60+,Population_Males,172,DDW-0500B-01ST-Census.xls,01ST
B0301ST,05,062,District - Pithoragarh (07),Urban,Age not stated,Population_Males,1,DDW-0500B-01ST-Census.xls,01ST
B0301ST,05,062,District - Pithoragarh (07),Urban,15-59,Population_Males,1053,DDW-0500B-01ST-Census.xls,01ST
B0301ST,05,063,District - Bageshwar (08),Total,Total,Population_Males,971,DDW-0500B-01ST-Census.xls,01ST
B0301ST,05,063,District - Bageshwar (08),Total,5-14,Population_Males,205,DDW-0500B-01ST-Census.xls,01ST
B0301ST,05,063,District - Bageshwar (08),Total,15-34,Population_Males,310,DDW-0500B-01ST-Census.xls,01ST
B0301ST,05,063,District - Bageshwar (08),Total,35-59,Population_Males,220,DDW-0500B-01ST-Census.xls,01ST
B0301ST,05,063,District - Bageshwar (08),Total,60+,Population_Males,141,DDW-0500B-01ST-Census.xls,01ST
B0301ST,05,063,District - Bageshwar (08),Total,Age not stated,Population_Males,0,DDW-0500B-01ST-Census.xls,01ST
B0301ST,05,063,District - Bageshwar (08),Total,15-59,Population_Males,530,DDW-0500B-01ST-Census.xls,01ST
B0301ST,05,063,District - Bageshwar (08),Rural,Total,Population_Males,916,DDW-0500B-01ST-Census.xls,01ST
B0301ST,05,063,District - Bageshwar (08),Rural,5-14,Population_Males,196,DDW-0500B-01ST-Census.xls,01ST
B0301ST,05,063,District - Bageshwar (08),Rural,15-34,Population_Males,294,DDW-0500B-01ST-Census.xls,01ST
B0301ST,05,063,District - Bageshwar (08),Rural,35-59,Population_Males,200,DDW-0500B-01ST-Census.xls,01ST
B0301ST,05,063,District - Bageshwar (08),Rural,60+,Population_Males,139,DDW-0500B-01ST-Census.xls,01ST
B0301ST,05,063,District - Bageshwar (08),Rural,Age not stated,Population_Males,0,DDW-0500B-01ST-Census.xls,01ST
B0301ST,05,063,District - Bageshwar (08),Rural,15-59,Population_Males,494,DDW-0500B-01ST-Census.xls,01ST
B0301ST,05,063,District - Bageshwar (08),Urban,Total,Population_Males,55,DDW-0500B-01ST-Census.xls,01ST
B0301ST,05,063,District - Bageshwar (08),Urban,5-14,Population_Males,9,DDW-0500B-01ST-Census.xls,01ST
B0301ST,05,063,District - Bageshwar (08),Urban,15-34,Population_Males,16,DDW-0500B-01ST-Census.xls,01ST
B0301ST,05,063,District - Bageshwar (08),Urban,35-59,Population_Males,20,DDW-0500B-01ST-Census.xls,01ST
B0301ST,05,063,District - Bageshwar (08),Urban,60+,Population_Males,2,DDW-0500B-01ST-Census.xls,01ST
B0301ST,05,063,District - Bageshwar (08),Urban,Age not stated,Population_Males,0,DDW-0500B-01ST-Census.xls,01ST
B0301ST,05,063,District - Bageshwar (08),Urban,15-59,Population_Males,36,DDW-0500B-01ST-Census.xls,01ST
B0301ST,05,064,"District - Almora
 (09)",Total,Total,Population_Males,633,DDW-0500B-01ST-Census.xls,01ST
B0301ST,05,064,"District - Almora
 (09)",Total,5-14,Population_Males,116,DDW-0500B-01ST-Census.xls,01ST
B0301ST,05,064,"District - Almora
 (09)",Total,15-34,Population_Males,224,DDW-0500B-01ST-Census.xls,01ST
B0301ST,05,064,"District - Almora
 (09)",Total,35-59,Population_Males,198,DDW-0500B-01ST-Census.xls,01ST
B0301ST,05,064,"District - Almora
 (09)",Total,60+,Population_Males,43,DDW-0500B-01ST-Census.xls,01ST
B0301ST,05,064,"District - Almora
 (09)",Total,Age not stated,Population_Males,0,DDW-0500B-01ST-Census.xls,01ST
B0301ST,05,064,"District - Almora
 (09)",Total,15-59,Population_Males,422,DDW-0500B-01ST-Census.xls,01ST
B0301ST,05,064,"District - Almora
 (09)",Rural,Total,Population_Males,364,DDW-0500B-01ST-Census.xls,01ST
B0301ST,05,064,"District - Almora
 (09)",Rural,5-14,Population_Males,68,DDW-0500B-01ST-Census.xls,01ST
B0301ST,05,064,"District - Almora
 (09)",Rural,15-34,Population_Males,126,DDW-0500B-01ST-Census.xls,01ST
B0301ST,05,064,"District - Almora
 (09)",Rural,35-59,Population_Males,107,DDW-0500B-01ST-Census.xls,01ST
B0301ST,05,064,"District - Almora
 (09)",Rural,60+,Population_Males,27,DDW-0500B-01ST-Census.xls,01ST
B0301ST,05,064,"District - Almora
 (09)",Rural,Age not stated,Population_Males,0,DDW-0500B-01ST-Census.xls,01ST
B0301ST,05,064,"District - Almora
 (09)",Rural,15-59,Population_Males,233,DDW-0500B-01ST-Census.xls,01ST
B0301ST,05,064,"District - Almora
 (09)",Urban,Total,Population_Males,269,DDW-0500B-01ST-Census.xls,01ST
B0301ST,05,064,"District - Almora
 (09)",Urban,5-14,Population_Males,48,DDW-0500B-01ST-Census.xls,01ST
B0301ST,05,064,"District - Almora
 (09)",Urban,15-34,Population_Males,98,DDW-0500B-01ST-Census.xls,01ST
B0301ST,05,064,"District - Almora
 (09)",Urban,35-59,Population_Males,91,DDW-0500B-01ST-Census.xls,01ST
B0301ST,05,064,"District - Almora
 (09)",Urban,60+,Population_Males,16,DDW-0500B-01ST-Census.xls,01ST
B0301ST,05,064,"District - Almora
 (09)",Urban,Age not stated,Population_Males,0,DDW-0500B-01ST-Census.xls,01ST
B0301ST,05,064,"District - Almora
 (09)",Urban,15-59,Population_Males,189,DDW-0500B-01ST-Census.xls,01ST
B0301ST,05,065,District - Champawat (10),Total,Total,Population_Males,777,DDW-0500B-01ST-Census.xls,01ST
B0301ST,05,065,District - Champawat (10),Total,5-14,Population_Males,145,DDW-0500B-01ST-Census.xls,01ST
B0301ST,05,065,District - Champawat (10),Total,15-34,Population_Males,282,DDW-0500B-01ST-Census.xls,01ST
B0301ST,05,065,District - Champawat (10),Total,35-59,Population_Males,252,DDW-0500B-01ST-Census.xls,01ST
B0301ST,05,065,District - Champawat (10),Total,60+,Population_Males,45,DDW-0500B-01ST-Census.xls,01ST
B0301ST,05,065,District - Champawat (10),Total,Age not stated,Population_Males,0,DDW-0500B-01ST-Census.xls,01ST
B0301ST,05,065,District - Champawat (10),Total,15-59,Population_Males,534,DDW-0500B-01ST-Census.xls,01ST
B0301ST,05,065,District - Champawat (10),Rural,Total,Population_Males,640,DDW-0500B-01ST-Census.xls,01ST
B0301ST,05,065,District - Champawat (10),Rural,5-14,Population_Males,121,DDW-0500B-01ST-Census.xls,01ST
B0301ST,05,065,District - Champawat (10),Rural,15-34,Population_Males,236,DDW-0500B-01ST-Census.xls,01ST
B0301ST,05,065,District - Champawat (10),Rural,35-59,Population_Males,201,DDW-0500B-01ST-Census.xls,01ST
B0301ST,05,065,District - Champawat (10),Rural,60+,Population_Males,39,DDW-0500B-01ST-Census.xls,01ST
B0301ST,05,065,District - Champawat (10),Rural,Age not stated,Population_Males,0,DDW-0500B-01ST-Census.xls,01ST
B0301ST,05,065,District - Champawat (10),Rural,15-59,Population_Males,437,DDW-0500B-01ST-Census.xls,01ST
B0301ST,05,065,District - Champawat (10),Urban,Total,Population_Males,137,DDW-0500B-01ST-Census.xls,01ST
B0301ST,05,065,District - Champawat (10),Urban,5-14,Population_Males,24,DDW-0500B-01ST-Census.xls,01ST
B0301ST,05,065,District - Champawat (10),Urban,15-34,Population_Males,46,DDW-0500B-01ST-Census.xls,01ST
B0301ST,05,065,District - Champawat (10),Urban,35-59,Population_Males,51,DDW-0500B-01ST-Census.xls,01ST
B0301ST,05,065,District - Champawat (10),Urban,60+,Population_Males,6,DDW-0500B-01ST-Census.xls,01ST
B0301ST,05,065,District - Champawat (10),Urban,Age not stated,Population_Males,0,DDW-0500B-01ST-Census.xls,01ST
B0301ST,05,065,District - Champawat (10),Urban,15-59,Population_Males,97,DDW-0500B-01ST-Census.xls,01ST
B0301ST,05,066,District - Nainital (11),Total,Total,Population_Males,3801,DDW-0500B-01ST-Census.xls,01ST
B0301ST,05,066,District - Nainital (11),Total,5-14,Population_Males,817,DDW-0500B-01ST-Census.xls,01ST
B0301ST,05,066,District - Nainital (11),Total,15-34,Population_Males,1380,DDW-0500B-01ST-Census.xls,01ST
B0301ST,05,066,District - Nainital (11),Total,35-59,Population_Males,972,DDW-0500B-01ST-Census.xls,01ST
B0301ST,05,066,District - Nainital (11),Total,60+,Population_Males,299,DDW-0500B-01ST-Census.xls,01ST
B0301ST,05,066,District - Nainital (11),Total,Age not stated,Population_Males,10,DDW-0500B-01ST-Census.xls,01ST
B0301ST,05,066,District - Nainital (11),Total,15-59,Population_Males,2352,DDW-0500B-01ST-Census.xls,01ST
B0301ST,05,066,District - Nainital (11),Rural,Total,Population_Males,2934,DDW-0500B-01ST-Census.xls,01ST
B0301ST,05,066,District - Nainital (11),Rural,5-14,Population_Males,650,DDW-0500B-01ST-Census.xls,01ST
B0301ST,05,066,District - Nainital (11),Rural,15-34,Population_Males,1101,DDW-0500B-01ST-Census.xls,01ST
B0301ST,05,066,District - Nainital (11),Rural,35-59,Population_Males,700,DDW-0500B-01ST-Census.xls,01ST
B0301ST,05,066,District - Nainital (11),Rural,60+,Population_Males,221,DDW-0500B-01ST-Census.xls,01ST
B0301ST,05,066,District - Nainital (11),Rural,Age not stated,Population_Males,10,DDW-0500B-01ST-Census.xls,01ST
B0301ST,05,066,District - Nainital (11),Rural,15-59,Population_Males,1801,DDW-0500B-01ST-Census.xls,01ST
B0301ST,05,066,District - Nainital (11),Urban,Total,Population_Males,867,DDW-0500B-01ST-Census.xls,01ST
B0301ST,05,066,District - Nainital (11),Urban,5-14,Population_Males,167,DDW-0500B-01ST-Census.xls,01ST
B0301ST,05,066,District - Nainital (11),Urban,15-34,Population_Males,279,DDW-0500B-01ST-Census.xls,01ST
B0301ST,05,066,District - Nainital (11),Urban,35-59,Population_Males,272,DDW-0500B-01ST-Census.xls,01ST
B0301ST,05,066,District - Nainital (11),Urban,60+,Population_Males,78,DDW-0500B-01ST-Census.xls,01ST
B0301ST,05,066,District - Nainital (11),Urban,Age not stated,Population_Males,0,DDW-0500B-01ST-Census.xls,01ST
B0301ST,05,066,District - Nainital (11),Urban,15-59,Population_Males,551,DDW-0500B-01ST-Census.xls,01ST
B0301ST,05,067,District - Udham Singh Nagar (12),Total,Total,Population_Males,61758,DDW-0500B-01ST-Census.xls,01ST
B0301ST,05,067,District - Udham Singh Nagar (12),Total,5-14,Population_Males,13275,DDW-0500B-01ST-Census.xls,01ST
B0301ST,05,067,District - Udham Singh Nagar (12),Total,15-34,Population_Males,24143,DDW-0500B-01ST-Census.xls,01ST
B0301ST,05,067,District - Udham Singh Nagar (12),Total,35-59,Population_Males,14757,DDW-0500B-01ST-Census.xls,01ST
B0301ST,05,067,District - Udham Singh Nagar (12),Total,60+,Population_Males,4954,DDW-0500B-01ST-Census.xls,01ST
B0301ST,05,067,District - Udham Singh Nagar (12),Total,Age not stated,Population_Males,52,DDW-0500B-01ST-Census.xls,01ST
B0301ST,05,067,District - Udham Singh Nagar (12),Total,15-59,Population_Males,38900,DDW-0500B-01ST-Census.xls,01ST
B0301ST,05,067,District - Udham Singh Nagar (12),Rural,Total,Population_Males,58843,DDW-0500B-01ST-Census.xls,01ST
B0301ST,05,067,District - Udham Singh Nagar (12),Rural,5-14,Population_Males,12533,DDW-0500B-01ST-Census.xls,01ST
B0301ST,05,067,District - Udham Singh Nagar (12),Rural,15-34,Population_Males,23075,DDW-0500B-01ST-Census.xls,01ST
B0301ST,05,067,District - Udham Singh Nagar (12),Rural,35-59,Population_Males,14047,DDW-0500B-01ST-Census.xls,01ST
B0301ST,05,067,District - Udham Singh Nagar (12),Rural,60+,Population_Males,4778,DDW-0500B-01ST-Census.xls,01ST
B0301ST,05,067,District - Udham Singh Nagar (12),Rural,Age not stated,Population_Males,51,DDW-0500B-01ST-Census.xls,01ST
B0301ST,05,067,District - Udham Singh Nagar (12),Rural,15-59,Population_Males,37122,DDW-0500B-01ST-Census.xls,01ST
B0301ST,05,067,District - Udham Singh Nagar (12),Urban,Total,Population_Males,2915,DDW-0500B-01ST-Census.xls,01ST
B0301ST,05,067,District - Udham Singh Nagar (12),Urban,5-14,Population_Males,742,DDW-0500B-01ST-Census.xls,01ST
B0301ST,05,067,District - Udham Singh Nagar (12),Urban,15-34,Population_Males,1068,DDW-0500B-01ST-Census.xls,01ST
B0301ST,05,067,District - Udham Singh Nagar (12),Urban,35-59,Population_Males,710,DDW-0500B-01ST-Census.xls,01ST
B0301ST,05,067,District - Udham Singh Nagar (12),Urban,60+,Population_Males,176,DDW-0500B-01ST-Census.xls,01ST
B0301ST,05,067,District - Udham Singh Nagar (12),Urban,Age not stated,Population_Males,1,DDW-0500B-01ST-Census.xls,01ST
B0301ST,05,067,District - Udham Singh Nagar (12),Urban,15-59,Population_Males,1778,DDW-0500B-01ST-Census.xls,01ST
B0301ST,05,068,District - Hardwar (13),Total,Total,Population_Males,3385,DDW-0500B-01ST-Census.xls,01ST
B0301ST,05,068,District - Hardwar (13),Total,5-14,Population_Males,815,DDW-0500B-01ST-Census.xls,01ST
B0301ST,05,068,District - Hardwar (13),Total,15-34,Population_Males,1235,DDW-0500B-01ST-Census.xls,01ST
B0301ST,05,068,District - Hardwar (13),Total,35-59,Population_Males,734,DDW-0500B-01ST-Census.xls,01ST
B0301ST,05,068,District - Hardwar (13),Total,60+,Population_Males,246,DDW-0500B-01ST-Census.xls,01ST
B0301ST,05,068,District - Hardwar (13),Total,Age not stated,Population_Males,5,DDW-0500B-01ST-Census.xls,01ST
B0301ST,05,068,District - Hardwar (13),Total,15-59,Population_Males,1969,DDW-0500B-01ST-Census.xls,01ST
B0301ST,05,068,District - Hardwar (13),Rural,Total,Population_Males,2810,DDW-0500B-01ST-Census.xls,01ST
B0301ST,05,068,District - Hardwar (13),Rural,5-14,Population_Males,704,DDW-0500B-01ST-Census.xls,01ST
B0301ST,05,068,District - Hardwar (13),Rural,15-34,Population_Males,998,DDW-0500B-01ST-Census.xls,01ST
B0301ST,05,068,District - Hardwar (13),Rural,35-59,Population_Males,598,DDW-0500B-01ST-Census.xls,01ST
B0301ST,05,068,District - Hardwar (13),Rural,60+,Population_Males,216,DDW-0500B-01ST-Census.xls,01ST
B0301ST,05,068,District - Hardwar (13),Rural,Age not stated,Population_Males,5,DDW-0500B-01ST-Census.xls,01ST
B0301ST,05,068,District - Hardwar (13),Rural,15-59,Population_Males,1596,DDW-0500B-01ST-Census.xls,01ST
B0301ST,05,068,District - Hardwar (13),Urban,Total,Population_Males,575,DDW-0500B-01ST-Census.xls,01ST
B0301ST,05,068,District - Hardwar (13),Urban,5-14,Population_Males,111,DDW-0500B-01ST-Census.xls,01ST
B0301ST,05,068,District - Hardwar (13),Urban,15-34,Population_Males,237,DDW-0500B-01ST-Census.xls,01ST
B0301ST,05,068,District - Hardwar (13),Urban,35-59,Population_Males,136,DDW-0500B-01ST-Census.xls,01ST
B0301ST,05,068,District - Hardwar (13),Urban,60+,Population_Males,30,DDW-0500B-01ST-Census.xls,01ST
B0301ST,05,068,District - Hardwar (13),Urban,Age not stated,Population_Males,0,DDW-0500B-01ST-Census.xls,01ST
B0301ST,05,068,District - Hardwar (13),Urban,15-59,Population_Males,373,DDW-0500B-01ST-Census.xls,01ST
B0301ST,05,000,State - UTTARAKHAND (05),Total,Total,Population_Females,143234,DDW-0500B-01ST-Census.xls,01ST
B0301ST,05,000,State - UTTARAKHAND (05),Total,5-14,Population_Females,30441,DDW-0500B-01ST-Census.xls,01ST
B0301ST,05,000,State - UTTARAKHAND (05),Total,15-34,Population_Females,55093,DDW-0500B-01ST-Census.xls,01ST
B0301ST,05,000,State - UTTARAKHAND (05),Total,35-59,Population_Females,33535,DDW-0500B-01ST-Census.xls,01ST
B0301ST,05,000,State - UTTARAKHAND (05),Total,60+,Population_Females,12647,DDW-0500B-01ST-Census.xls,01ST
B0301ST,05,000,State - UTTARAKHAND (05),Total,Age not stated,Population_Females,186,DDW-0500B-01ST-Census.xls,01ST
B0301ST,05,000,State - UTTARAKHAND (05),Total,15-59,Population_Females,88628,DDW-0500B-01ST-Census.xls,01ST
B0301ST,05,000,State - UTTARAKHAND (05),Rural,Total,Population_Females,130128,DDW-0500B-01ST-Census.xls,01ST
B0301ST,05,000,State - UTTARAKHAND (05),Rural,5-14,Population_Females,28066,DDW-0500B-01ST-Census.xls,01ST
B0301ST,05,000,State - UTTARAKHAND (05),Rural,15-34,Population_Females,49774,DDW-0500B-01ST-Census.xls,01ST
B0301ST,05,000,State - UTTARAKHAND (05),Rural,35-59,Population_Females,30035,DDW-0500B-01ST-Census.xls,01ST
B0301ST,05,000,State - UTTARAKHAND (05),Rural,60+,Population_Females,11687,DDW-0500B-01ST-Census.xls,01ST
B0301ST,05,000,State - UTTARAKHAND (05),Rural,Age not stated,Population_Females,169,DDW-0500B-01ST-Census.xls,01ST
B0301ST,05,000,State - UTTARAKHAND (05),Rural,15-59,Population_Females,79809,DDW-0500B-01ST-Census.xls,01ST
B0301ST,05,000,State - UTTARAKHAND (05),Urban,Total,Population_Females,13106,DDW-0500B-01ST-Census.xls,01ST
B0301ST,05,000,State - UTTARAKHAND (05),Urban,5-14,Population_Females,2375,DDW-0500B-01ST-Census.xls,01ST
B0301ST,05,000,State - UTTARAKHAND (05),Urban,15-34,Population_Females,5319,DDW-0500B-01ST-Census.xls,01ST
B0301ST,05,000,State - UTTARAKHAND (05),Urban,35-59,Population_Females,3500,DDW-0500B-01ST-Census.xls,01ST
B0301ST,05,000,State - UTTARAKHAND (05),Urban,60+,Population_Females,960,DDW-0500B-01ST-Census.xls,01ST
B0301ST,05,000,State - UTTARAKHAND (05),Urban,Age not stated,Population_Females,17,DDW-0500B-01ST-Census.xls,01ST
B0301ST,05,000,State - UTTARAKHAND (05),Urban,15-59,Population_Females,8819,DDW-0500B-01ST-Census.xls,01ST
B0301ST,05,056,District - Uttarkashi (01),Total,Total,Population_Females,1861,DDW-0500B-01ST-Census.xls,01ST
B0301ST,05,056,District - Uttarkashi (01),Total,5-14,Population_Females,272,DDW-0500B-01ST-Census.xls,01ST
B0301ST,05,056,District - Uttarkashi (01),Total,15-34,Population_Females,718,DDW-0500B-01ST-Census.xls,01ST
B0301ST,05,056,District - Uttarkashi (01),Total,35-59,Population_Females,545,DDW-0500B-01ST-Census.xls,01ST
B0301ST,05,056,District - Uttarkashi (01),Total,60+,Population_Females,222,DDW-0500B-01ST-Census.xls,01ST
B0301ST,05,056,District - Uttarkashi (01),Total,Age not stated,Population_Females,2,DDW-0500B-01ST-Census.xls,01ST
B0301ST,05,056,District - Uttarkashi (01),Total,15-59,Population_Females,1263,DDW-0500B-01ST-Census.xls,01ST
B0301ST,05,056,District - Uttarkashi (01),Rural,Total,Population_Females,1793,DDW-0500B-01ST-Census.xls,01ST
B0301ST,05,056,District - Uttarkashi (01),Rural,5-14,Population_Females,257,DDW-0500B-01ST-Census.xls,01ST
B0301ST,05,056,District - Uttarkashi (01),Rural,15-34,Population_Females,692,DDW-0500B-01ST-Census.xls,01ST
B0301ST,05,056,District - Uttarkashi (01),Rural,35-59,Population_Females,526,DDW-0500B-01ST-Census.xls,01ST
B0301ST,05,056,District - Uttarkashi (01),Rural,60+,Population_Females,217,DDW-0500B-01ST-Census.xls,01ST
B0301ST,05,056,District - Uttarkashi (01),Rural,Age not stated,Population_Females,2,DDW-0500B-01ST-Census.xls,01ST
B0301ST,05,056,District - Uttarkashi (01),Rural,15-59,Population_Females,1218,DDW-0500B-01ST-Census.xls,01ST
B0301ST,05,056,District - Uttarkashi (01),Urban,Total,Population_Females,68,DDW-0500B-01ST-Census.xls,01ST
B0301ST,05,056,District - Uttarkashi (01),Urban,5-14,Population_Females,15,DDW-0500B-01ST-Census.xls,01ST
B0301ST,05,056,District - Uttarkashi (01),Urban,15-34,Population_Females,26,DDW-0500B-01ST-Census.xls,01ST
B0301ST,05,056,District - Uttarkashi (01),Urban,35-59,Population_Females,19,DDW-0500B-01ST-Census.xls,01ST
B0301ST,05,056,District - Uttarkashi (01),Urban,60+,Population_Females,5,DDW-0500B-01ST-Census.xls,01ST
B0301ST,05,056,District - Uttarkashi (01),Urban,Age not stated,Population_Females,0,DDW-0500B-01ST-Census.xls,01ST
B0301ST,05,056,District - Uttarkashi (01),Urban,15-59,Population_Females,45,DDW-0500B-01ST-Census.xls,01ST
B0301ST,05,057,District - Chamoli (02),Total,Total,Population_Females,6239,DDW-0500B-01ST-Census.xls,01ST
B0301ST,05,057,District - Chamoli (02),Total,5-14,Population_Females,931,DDW-0500B-01ST-Census.xls,01ST
B0301ST,05,057,District - Chamoli (02),Total,15-34,Population_Females,2194,DDW-0500B-01ST-Census.xls,01ST
B0301ST,05,057,District - Chamoli (02),Total,35-59,Population_Females,1779,DDW-0500B-01ST-Census.xls,01ST
B0301ST,05,057,District - Chamoli (02),Total,60+,Population_Females,912,DDW-0500B-01ST-Census.xls,01ST
B0301ST,05,057,District - Chamoli (02),Total,Age not stated,Population_Females,6,DDW-0500B-01ST-Census.xls,01ST
B0301ST,05,057,District - Chamoli (02),Total,15-59,Population_Females,3973,DDW-0500B-01ST-Census.xls,01ST
B0301ST,05,057,District - Chamoli (02),Rural,Total,Population_Females,4589,DDW-0500B-01ST-Census.xls,01ST
B0301ST,05,057,District - Chamoli (02),Rural,5-14,Population_Females,660,DDW-0500B-01ST-Census.xls,01ST
B0301ST,05,057,District - Chamoli (02),Rural,15-34,Population_Females,1604,DDW-0500B-01ST-Census.xls,01ST
B0301ST,05,057,District - Chamoli (02),Rural,35-59,Population_Females,1297,DDW-0500B-01ST-Census.xls,01ST
B0301ST,05,057,District - Chamoli (02),Rural,60+,Population_Females,743,DDW-0500B-01ST-Census.xls,01ST
B0301ST,05,057,District - Chamoli (02),Rural,Age not stated,Population_Females,6,DDW-0500B-01ST-Census.xls,01ST
B0301ST,05,057,District - Chamoli (02),Rural,15-59,Population_Females,2901,DDW-0500B-01ST-Census.xls,01ST
B0301ST,05,057,District - Chamoli (02),Urban,Total,Population_Females,1650,DDW-0500B-01ST-Census.xls,01ST
B0301ST,05,057,District - Chamoli (02),Urban,5-14,Population_Females,271,DDW-0500B-01ST-Census.xls,01ST
B0301ST,05,057,District - Chamoli (02),Urban,15-34,Population_Females,590,DDW-0500B-01ST-Census.xls,01ST
B0301ST,05,057,District - Chamoli (02),Urban,35-59,Population_Females,482,DDW-0500B-01ST-Census.xls,01ST
B0301ST,05,057,District - Chamoli (02),Urban,60+,Population_Females,169,DDW-0500B-01ST-Census.xls,01ST
B0301ST,05,057,District - Chamoli (02),Urban,Age not stated,Population_Females,0,DDW-0500B-01ST-Census.xls,01ST
B0301ST,05,057,District - Chamoli (02),Urban,15-59,Population_Females,1072,DDW-0500B-01ST-Census.xls,01ST
B0301ST,05,058,District - Rudraprayag (03),Total,Total,Population_Females,169,DDW-0500B-01ST-Census.xls,01ST
B0301ST,05,058,District - Rudraprayag (03),Total,5-14,Population_Females,37,DDW-0500B-01ST-Census.xls,01ST
B0301ST,05,058,District - Rudraprayag (03),Total,15-34,Population_Females,67,DDW-0500B-01ST-Census.xls,01ST
B0301ST,05,058,District - Rudraprayag (03),Total,35-59,Population_Females,43,DDW-0500B-01ST-Census.xls,01ST
B0301ST,05,058,District - Rudraprayag (03),Total,60+,Population_Females,4,DDW-0500B-01ST-Census.xls,01ST
B0301ST,05,058,District - Rudraprayag (03),Total,Age not stated,Population_Females,0,DDW-0500B-01ST-Census.xls,01ST
B0301ST,05,058,District - Rudraprayag (03),Total,15-59,Population_Females,110,DDW-0500B-01ST-Census.xls,01ST
B0301ST,05,058,District - Rudraprayag (03),Rural,Total,Population_Females,140,DDW-0500B-01ST-Census.xls,01ST
B0301ST,05,058,District - Rudraprayag (03),Rural,5-14,Population_Females,29,DDW-0500B-01ST-Census.xls,01ST
B0301ST,05,058,District - Rudraprayag (03),Rural,15-34,Population_Females,54,DDW-0500B-01ST-Census.xls,01ST
B0301ST,05,058,District - Rudraprayag (03),Rural,35-59,Population_Females,35,DDW-0500B-01ST-Census.xls,01ST
B0301ST,05,058,District - Rudraprayag (03),Rural,60+,Population_Females,4,DDW-0500B-01ST-Census.xls,01ST
B0301ST,05,058,District - Rudraprayag (03),Rural,Age not stated,Population_Females,0,DDW-0500B-01ST-Census.xls,01ST
B0301ST,05,058,District - Rudraprayag (03),Rural,15-59,Population_Females,89,DDW-0500B-01ST-Census.xls,01ST
B0301ST,05,058,District - Rudraprayag (03),Urban,Total,Population_Females,29,DDW-0500B-01ST-Census.xls,01ST
B0301ST,05,058,District - Rudraprayag (03),Urban,5-14,Population_Females,8,DDW-0500B-01ST-Census.xls,01ST
B0301ST,05,058,District - Rudraprayag (03),Urban,15-34,Population_Females,13,DDW-0500B-01ST-Census.xls,01ST
B0301ST,05,058,District - Rudraprayag (03),Urban,35-59,Population_Females,8,DDW-0500B-01ST-Census.xls,01ST
B0301ST,05,058,District - Rudraprayag (03),Urban,60+,Population_Females,0,DDW-0500B-01ST-Census.xls,01ST
B0301ST,05,058,District - Rudraprayag (03),Urban,Age not stated,Population_Females,0,DDW-0500B-01ST-Census.xls,01ST
B0301ST,05,058,District - Rudraprayag (03),Urban,15-59,Population_Females,21,DDW-0500B-01ST-Census.xls,01ST
B0301ST,05,059,District - Tehri Garhwal (04),Total,Total,Population_Females,416,DDW-0500B-01ST-Census.xls,01ST
B0301ST,05,059,District - Tehri Garhwal (04),Total,5-14,Population_Females,75,DDW-0500B-01ST-Census.xls,01ST
B0301ST,05,059,District - Tehri Garhwal (04),Total,15-34,Population_Females,174,DDW-0500B-01ST-Census.xls,01ST
B0301ST,05,059,District - Tehri Garhwal (04),Total,35-59,Population_Females,106,DDW-0500B-01ST-Census.xls,01ST
B0301ST,05,059,District - Tehri Garhwal (04),Total,60+,Population_Females,25,DDW-0500B-01ST-Census.xls,01ST
B0301ST,05,059,District - Tehri Garhwal (04),Total,Age not stated,Population_Females,1,DDW-0500B-01ST-Census.xls,01ST
B0301ST,05,059,District - Tehri Garhwal (04),Total,15-59,Population_Females,280,DDW-0500B-01ST-Census.xls,01ST
B0301ST,05,059,District - Tehri Garhwal (04),Rural,Total,Population_Females,318,DDW-0500B-01ST-Census.xls,01ST
B0301ST,05,059,District - Tehri Garhwal (04),Rural,5-14,Population_Females,55,DDW-0500B-01ST-Census.xls,01ST
B0301ST,05,059,District - Tehri Garhwal (04),Rural,15-34,Population_Females,133,DDW-0500B-01ST-Census.xls,01ST
B0301ST,05,059,District - Tehri Garhwal (04),Rural,35-59,Population_Females,86,DDW-0500B-01ST-Census.xls,01ST
B0301ST,05,059,District - Tehri Garhwal (04),Rural,60+,Population_Females,22,DDW-0500B-01ST-Census.xls,01ST
B0301ST,05,059,District - Tehri Garhwal (04),Rural,Age not stated,Population_Females,0,DDW-0500B-01ST-Census.xls,01ST
B0301ST,05,059,District - Tehri Garhwal (04),Rural,15-59,Population_Females,219,DDW-0500B-01ST-Census.xls,01ST
B0301ST,05,059,District - Tehri Garhwal (04),Urban,Total,Population_Females,98,DDW-0500B-01ST-Census.xls,01ST
B0301ST,05,059,District - Tehri Garhwal (04),Urban,5-14,Population_Females,20,DDW-0500B-01ST-Census.xls,01ST
B0301ST,05,059,District - Tehri Garhwal (04),Urban,15-34,Population_Females,41,DDW-0500B-01ST-Census.xls,01ST
B0301ST,05,059,District - Tehri Garhwal (04),Urban,35-59,Population_Females,20,DDW-0500B-01ST-Census.xls,01ST
B0301ST,05,059,District - Tehri Garhwal (04),Urban,60+,Population_Females,3,DDW-0500B-01ST-Census.xls,01ST
B0301ST,05,059,District - Tehri Garhwal (04),Urban,Age not stated,Population_Females,1,DDW-0500B-01ST-Census.xls,01ST
B0301ST,05,059,District - Tehri Garhwal (04),Urban,15-59,Population_Females,61,DDW-0500B-01ST-Census.xls,01ST
B0301ST,05,060,District - Dehradun (05),Total,Total,Population_Females,53399,DDW-0500B-01ST-Census.xls,01ST
B0301ST,05,060,District - Dehradun (05),Total,5-14,Population_Females,12797,DDW-0500B-01ST-Census.xls,01ST
B0301ST,05,060,District - Dehradun (05),Total,15-34,Population_Females,19425,DDW-0500B-01ST-Census.xls,01ST
B0301ST,05,060,District - Dehradun (05),Total,35-59,Population_Females,11629,DDW-0500B-01ST-Census.xls,01ST
B0301ST,05,060,District - Dehradun (05),Total,60+,Population_Females,4691,DDW-0500B-01ST-Census.xls,01ST
B0301ST,05,060,District - Dehradun (05),Total,Age not stated,Population_Females,104,DDW-0500B-01ST-Census.xls,01ST
B0301ST,05,060,District - Dehradun (05),Total,15-59,Population_Females,31054,DDW-0500B-01ST-Census.xls,01ST
B0301ST,05,060,District - Dehradun (05),Rural,Total,Population_Females,48650,DDW-0500B-01ST-Census.xls,01ST
B0301ST,05,060,District - Dehradun (05),Rural,5-14,Population_Females,11913,DDW-0500B-01ST-Census.xls,01ST
B0301ST,05,060,District - Dehradun (05),Rural,15-34,Population_Females,17389,DDW-0500B-01ST-Census.xls,01ST
B0301ST,05,060,District - Dehradun (05),Rural,35-59,Population_Females,10409,DDW-0500B-01ST-Census.xls,01ST
B0301ST,05,060,District - Dehradun (05),Rural,60+,Population_Females,4434,DDW-0500B-01ST-Census.xls,01ST
B0301ST,05,060,District - Dehradun (05),Rural,Age not stated,Population_Females,92,DDW-0500B-01ST-Census.xls,01ST
B0301ST,05,060,District - Dehradun (05),Rural,15-59,Population_Females,27798,DDW-0500B-01ST-Census.xls,01ST
B0301ST,05,060,District - Dehradun (05),Urban,Total,Population_Females,4749,DDW-0500B-01ST-Census.xls,01ST
B0301ST,05,060,District - Dehradun (05),Urban,5-14,Population_Females,884,DDW-0500B-01ST-Census.xls,01ST
B0301ST,05,060,District - Dehradun (05),Urban,15-34,Population_Females,2036,DDW-0500B-01ST-Census.xls,01ST
B0301ST,05,060,District - Dehradun (05),Urban,35-59,Population_Females,1220,DDW-0500B-01ST-Census.xls,01ST
B0301ST,05,060,District - Dehradun (05),Urban,60+,Population_Females,257,DDW-0500B-01ST-Census.xls,01ST
B0301ST,05,060,District - Dehradun (05),Urban,Age not stated,Population_Females,12,DDW-0500B-01ST-Census.xls,01ST
B0301ST,05,060,District - Dehradun (05),Urban,15-59,Population_Females,3256,DDW-0500B-01ST-Census.xls,01ST
B0301ST,05,061,District - Garhwal (06),Total,Total,Population_Females,1041,DDW-0500B-01ST-Census.xls,01ST
B0301ST,05,061,District - Garhwal (06),Total,5-14,Population_Females,249,DDW-0500B-01ST-Census.xls,01ST
B0301ST,05,061,District - Garhwal (06),Total,15-34,Population_Females,359,DDW-0500B-01ST-Census.xls,01ST
B0301ST,05,061,District - Garhwal (06),Total,35-59,Population_Females,232,DDW-0500B-01ST-Census.xls,01ST
B0301ST,05,061,District - Garhwal (06),Total,60+,Population_Females,88,DDW-0500B-01ST-Census.xls,01ST
B0301ST,05,061,District - Garhwal (06),Total,Age not stated,Population_Females,1,DDW-0500B-01ST-Census.xls,01ST
B0301ST,05,061,District - Garhwal (06),Total,15-59,Population_Females,591,DDW-0500B-01ST-Census.xls,01ST
B0301ST,05,061,District - Garhwal (06),Rural,Total,Population_Females,934,DDW-0500B-01ST-Census.xls,01ST
B0301ST,05,061,District - Garhwal (06),Rural,5-14,Population_Females,225,DDW-0500B-01ST-Census.xls,01ST
B0301ST,05,061,District - Garhwal (06),Rural,15-34,Population_Females,312,DDW-0500B-01ST-Census.xls,01ST
B0301ST,05,061,District - Garhwal (06),Rural,35-59,Population_Females,204,DDW-0500B-01ST-Census.xls,01ST
B0301ST,05,061,District - Garhwal (06),Rural,60+,Population_Females,88,DDW-0500B-01ST-Census.xls,01ST
B0301ST,05,061,District - Garhwal (06),Rural,Age not stated,Population_Females,1,DDW-0500B-01ST-Census.xls,01ST
B0301ST,05,061,District - Garhwal (06),Rural,15-59,Population_Females,516,DDW-0500B-01ST-Census.xls,01ST
B0301ST,05,061,District - Garhwal (06),Urban,Total,Population_Females,107,DDW-0500B-01ST-Census.xls,01ST
B0301ST,05,061,District - Garhwal (06),Urban,5-14,Population_Females,24,DDW-0500B-01ST-Census.xls,01ST
B0301ST,05,061,District - Garhwal (06),Urban,15-34,Population_Females,47,DDW-0500B-01ST-Census.xls,01ST
B0301ST,05,061,District - Garhwal (06),Urban,35-59,Population_Females,28,DDW-0500B-01ST-Census.xls,01ST
B0301ST,05,061,District - Garhwal (06),Urban,60+,Population_Females,0,DDW-0500B-01ST-Census.xls,01ST
B0301ST,05,061,District - Garhwal (06),Urban,Age not stated,Population_Females,0,DDW-0500B-01ST-Census.xls,01ST
B0301ST,05,061,District - Garhwal (06),Urban,15-59,Population_Females,75,DDW-0500B-01ST-Census.xls,01ST
B0301ST,05,062,District - Pithoragarh (07),Total,Total,Population_Females,9977,DDW-0500B-01ST-Census.xls,01ST
B0301ST,05,062,District - Pithoragarh (07),Total,5-14,Population_Females,1738,DDW-0500B-01ST-Census.xls,01ST
B0301ST,05,062,District - Pithoragarh (07),Total,15-34,Population_Females,3361,DDW-0500B-01ST-Census.xls,01ST
B0301ST,05,062,District - Pithoragarh (07),Total,35-59,Population_Females,2735,DDW-0500B-01ST-Census.xls,01ST
B0301ST,05,062,District - Pithoragarh (07),Total,60+,Population_Females,1355,DDW-0500B-01ST-Census.xls,01ST
B0301ST,05,062,District - Pithoragarh (07),Total,Age not stated,Population_Females,22,DDW-0500B-01ST-Census.xls,01ST
B0301ST,05,062,District - Pithoragarh (07),Total,15-59,Population_Females,6096,DDW-0500B-01ST-Census.xls,01ST
B0301ST,05,062,District - Pithoragarh (07),Rural,Total,Population_Females,8093,DDW-0500B-01ST-Census.xls,01ST
B0301ST,05,062,District - Pithoragarh (07),Rural,5-14,Population_Females,1434,DDW-0500B-01ST-Census.xls,01ST
B0301ST,05,062,District - Pithoragarh (07),Rural,15-34,Population_Females,2704,DDW-0500B-01ST-Census.xls,01ST
B0301ST,05,062,District - Pithoragarh (07),Rural,35-59,Population_Females,2160,DDW-0500B-01ST-Census.xls,01ST
B0301ST,05,062,District - Pithoragarh (07),Rural,60+,Population_Females,1130,DDW-0500B-01ST-Census.xls,01ST
B0301ST,05,062,District - Pithoragarh (07),Rural,Age not stated,Population_Females,18,DDW-0500B-01ST-Census.xls,01ST
B0301ST,05,062,District - Pithoragarh (07),Rural,15-59,Population_Females,4864,DDW-0500B-01ST-Census.xls,01ST
B0301ST,05,062,District - Pithoragarh (07),Urban,Total,Population_Females,1884,DDW-0500B-01ST-Census.xls,01ST
B0301ST,05,062,District - Pithoragarh (07),Urban,5-14,Population_Females,304,DDW-0500B-01ST-Census.xls,01ST
B0301ST,05,062,District - Pithoragarh (07),Urban,15-34,Population_Females,657,DDW-0500B-01ST-Census.xls,01ST
B0301ST,05,062,District - Pithoragarh (07),Urban,35-59,Population_Females,575,DDW-0500B-01ST-Census.xls,01ST
B0301ST,05,062,District - Pithoragarh (07),Urban,60+,Population_Females,225,DDW-0500B-01ST-Census.xls,01ST
B0301ST,05,062,District - Pithoragarh (07),Urban,Age not stated,Population_Females,4,DDW-0500B-01ST-Census.xls,01ST
B0301ST,05,062,District - Pithoragarh (07),Urban,15-59,Population_Females,1232,DDW-0500B-01ST-Census.xls,01ST
B0301ST,05,063,District - Bageshwar (08),Total,Total,Population_Females,1011,DDW-0500B-01ST-Census.xls,01ST
B0301ST,05,063,District - Bageshwar (08),Total,5-14,Population_Females,158,DDW-0500B-01ST-Census.xls,01ST
B0301ST,05,063,District - Bageshwar (08),Total,15-34,Population_Females,346,DDW-0500B-01ST-Census.xls,01ST
B0301ST,05,063,District - Bageshwar (08),Total,35-59,Population_Females,264,DDW-0500B-01ST-Census.xls,01ST
B0301ST,05,063,District - Bageshwar (08),Total,60+,Population_Females,142,DDW-0500B-01ST-Census.xls,01ST
B0301ST,05,063,District - Bageshwar (08),Total,Age not stated,Population_Females,0,DDW-0500B-01ST-Census.xls,01ST
B0301ST,05,063,District - Bageshwar (08),Total,15-59,Population_Females,610,DDW-0500B-01ST-Census.xls,01ST
B0301ST,05,063,District - Bageshwar (08),Rural,Total,Population_Females,958,DDW-0500B-01ST-Census.xls,01ST
B0301ST,05,063,District - Bageshwar (08),Rural,5-14,Population_Females,147,DDW-0500B-01ST-Census.xls,01ST
B0301ST,05,063,District - Bageshwar (08),Rural,15-34,Population_Females,322,DDW-0500B-01ST-Census.xls,01ST
B0301ST,05,063,District - Bageshwar (08),Rural,35-59,Population_Females,253,DDW-0500B-01ST-Census.xls,01ST
B0301ST,05,063,District - Bageshwar (08),Rural,60+,Population_Females,139,DDW-0500B-01ST-Census.xls,01ST
B0301ST,05,063,District - Bageshwar (08),Rural,Age not stated,Population_Females,0,DDW-0500B-01ST-Census.xls,01ST
B0301ST,05,063,District - Bageshwar (08),Rural,15-59,Population_Females,575,DDW-0500B-01ST-Census.xls,01ST
B0301ST,05,063,District - Bageshwar (08),Urban,Total,Population_Females,53,DDW-0500B-01ST-Census.xls,01ST
B0301ST,05,063,District - Bageshwar (08),Urban,5-14,Population_Females,11,DDW-0500B-01ST-Census.xls,01ST
B0301ST,05,063,District - Bageshwar (08),Urban,15-34,Population_Females,24,DDW-0500B-01ST-Census.xls,01ST
B0301ST,05,063,District - Bageshwar (08),Urban,35-59,Population_Females,11,DDW-0500B-01ST-Census.xls,01ST
B0301ST,05,063,District - Bageshwar (08),Urban,60+,Population_Females,3,DDW-0500B-01ST-Census.xls,01ST
B0301ST,05,063,District - Bageshwar (08),Urban,Age not stated,Population_Females,0,DDW-0500B-01ST-Census.xls,01ST
B0301ST,05,063,District - Bageshwar (08),Urban,15-59,Population_Females,35,DDW-0500B-01ST-Census.xls,01ST
B0301ST,05,064,"District - Almora
 (09)",Total,Total,Population_Females,648,DDW-0500B-01ST-Census.xls,01ST
B0301ST,05,064,"District - Almora
 (09)",Total,5-14,Population_Females,100,DDW-0500B-01ST-Census.xls,01ST
B0301ST,05,064,"District - Almora
 (09)",Total,15-34,Population_Females,267,DDW-0500B-01ST-Census.xls,01ST
B0301ST,05,064,"District - Almora
 (09)",Total,35-59,Population_Females,181,DDW-0500B-01ST-Census.xls,01ST
B0301ST,05,064,"District - Almora
 (09)",Total,60+,Population_Females,55,DDW-0500B-01ST-Census.xls,01ST
B0301ST,05,064,"District - Almora
 (09)",Total,Age not stated,Population_Females,0,DDW-0500B-01ST-Census.xls,01ST
B0301ST,05,064,"District - Almora
 (09)",Total,15-59,Population_Females,448,DDW-0500B-01ST-Census.xls,01ST
B0301ST,05,064,"District - Almora
 (09)",Rural,Total,Population_Females,386,DDW-0500B-01ST-Census.xls,01ST
B0301ST,05,064,"District - Almora
 (09)",Rural,5-14,Population_Females,61,DDW-0500B-01ST-Census.xls,01ST
B0301ST,05,064,"District - Almora
 (09)",Rural,15-34,Population_Females,156,DDW-0500B-01ST-Census.xls,01ST
B0301ST,05,064,"District - Almora
 (09)",Rural,35-59,Population_Females,101,DDW-0500B-01ST-Census.xls,01ST
B0301ST,05,064,"District - Almora
 (09)",Rural,60+,Population_Females,35,DDW-0500B-01ST-Census.xls,01ST
B0301ST,05,064,"District - Almora
 (09)",Rural,Age not stated,Population_Females,0,DDW-0500B-01ST-Census.xls,01ST
B0301ST,05,064,"District - Almora
 (09)",Rural,15-59,Population_Females,257,DDW-0500B-01ST-Census.xls,01ST
B0301ST,05,064,"District - Almora
 (09)",Urban,Total,Population_Females,262,DDW-0500B-01ST-Census.xls,01ST
B0301ST,05,064,"District - Almora
 (09)",Urban,5-14,Population_Females,39,DDW-0500B-01ST-Census.xls,01ST
B0301ST,05,064,"District - Almora
 (09)",Urban,15-34,Population_Females,111,DDW-0500B-01ST-Census.xls,01ST
B0301ST,05,064,"District - Almora
 (09)",Urban,35-59,Population_Females,80,DDW-0500B-01ST-Census.xls,01ST
B0301ST,05,064,"District - Almora
 (09)",Urban,60+,Population_Females,20,DDW-0500B-01ST-Census.xls,01ST
B0301ST,05,064,"District - Almora
 (09)",Urban,Age not stated,Population_Females,0,DDW-0500B-01ST-Census.xls,01ST
B0301ST,05,064,"District - Almora
 (09)",Urban,15-59,Population_Females,191,DDW-0500B-01ST-Census.xls,01ST
B0301ST,05,065,District - Champawat (10),Total,Total,Population_Females,562,DDW-0500B-01ST-Census.xls,01ST
B0301ST,05,065,District - Champawat (10),Total,5-14,Population_Females,130,DDW-0500B-01ST-Census.xls,01ST
B0301ST,05,065,District - Champawat (10),Total,15-34,Population_Females,215,DDW-0500B-01ST-Census.xls,01ST
B0301ST,05,065,District - Champawat (10),Total,35-59,Population_Females,127,DDW-0500B-01ST-Census.xls,01ST
B0301ST,05,065,District - Champawat (10),Total,60+,Population_Females,41,DDW-0500B-01ST-Census.xls,01ST
B0301ST,05,065,District - Champawat (10),Total,Age not stated,Population_Females,0,DDW-0500B-01ST-Census.xls,01ST
B0301ST,05,065,District - Champawat (10),Total,15-59,Population_Females,342,DDW-0500B-01ST-Census.xls,01ST
B0301ST,05,065,District - Champawat (10),Rural,Total,Population_Females,444,DDW-0500B-01ST-Census.xls,01ST
B0301ST,05,065,District - Champawat (10),Rural,5-14,Population_Females,104,DDW-0500B-01ST-Census.xls,01ST
B0301ST,05,065,District - Champawat (10),Rural,15-34,Population_Females,176,DDW-0500B-01ST-Census.xls,01ST
B0301ST,05,065,District - Champawat (10),Rural,35-59,Population_Females,92,DDW-0500B-01ST-Census.xls,01ST
B0301ST,05,065,District - Champawat (10),Rural,60+,Population_Females,33,DDW-0500B-01ST-Census.xls,01ST
B0301ST,05,065,District - Champawat (10),Rural,Age not stated,Population_Females,0,DDW-0500B-01ST-Census.xls,01ST
B0301ST,05,065,District - Champawat (10),Rural,15-59,Population_Females,268,DDW-0500B-01ST-Census.xls,01ST
B0301ST,05,065,District - Champawat (10),Urban,Total,Population_Females,118,DDW-0500B-01ST-Census.xls,01ST
B0301ST,05,065,District - Champawat (10),Urban,5-14,Population_Females,26,DDW-0500B-01ST-Census.xls,01ST
B0301ST,05,065,District - Champawat (10),Urban,15-34,Population_Females,39,DDW-0500B-01ST-Census.xls,01ST
B0301ST,05,065,District - Champawat (10),Urban,35-59,Population_Females,35,DDW-0500B-01ST-Census.xls,01ST
B0301ST,05,065,District - Champawat (10),Urban,60+,Population_Females,8,DDW-0500B-01ST-Census.xls,01ST
B0301ST,05,065,District - Champawat (10),Urban,Age not stated,Population_Females,0,DDW-0500B-01ST-Census.xls,01ST
B0301ST,05,065,District - Champawat (10),Urban,15-59,Population_Females,74,DDW-0500B-01ST-Census.xls,01ST
B0301ST,05,066,District - Nainital (11),Total,Total,Population_Females,3694,DDW-0500B-01ST-Census.xls,01ST
B0301ST,05,066,District - Nainital (11),Total,5-14,Population_Females,768,DDW-0500B-01ST-Census.xls,01ST
B0301ST,05,066,District - Nainital (11),Total,15-34,Population_Females,1402,DDW-0500B-01ST-Census.xls,01ST
B0301ST,05,066,District - Nainital (11),Total,35-59,Population_Females,946,DDW-0500B-01ST-Census.xls,01ST
B0301ST,05,066,District - Nainital (11),Total,60+,Population_Females,250,DDW-0500B-01ST-Census.xls,01ST
B0301ST,05,066,District - Nainital (11),Total,Age not stated,Population_Females,5,DDW-0500B-01ST-Census.xls,01ST
B0301ST,05,066,District - Nainital (11),Total,15-59,Population_Females,2348,DDW-0500B-01ST-Census.xls,01ST
B0301ST,05,066,District - Nainital (11),Rural,Total,Population_Females,2846,DDW-0500B-01ST-Census.xls,01ST
B0301ST,05,066,District - Nainital (11),Rural,5-14,Population_Females,636,DDW-0500B-01ST-Census.xls,01ST
B0301ST,05,066,District - Nainital (11),Rural,15-34,Population_Females,1073,DDW-0500B-01ST-Census.xls,01ST
B0301ST,05,066,District - Nainital (11),Rural,35-59,Population_Females,689,DDW-0500B-01ST-Census.xls,01ST
B0301ST,05,066,District - Nainital (11),Rural,60+,Population_Females,178,DDW-0500B-01ST-Census.xls,01ST
B0301ST,05,066,District - Nainital (11),Rural,Age not stated,Population_Females,5,DDW-0500B-01ST-Census.xls,01ST
B0301ST,05,066,District - Nainital (11),Rural,15-59,Population_Females,1762,DDW-0500B-01ST-Census.xls,01ST
B0301ST,05,066,District - Nainital (11),Urban,Total,Population_Females,848,DDW-0500B-01ST-Census.xls,01ST
B0301ST,05,066,District - Nainital (11),Urban,5-14,Population_Females,132,DDW-0500B-01ST-Census.xls,01ST
B0301ST,05,066,District - Nainital (11),Urban,15-34,Population_Females,329,DDW-0500B-01ST-Census.xls,01ST
B0301ST,05,066,District - Nainital (11),Urban,35-59,Population_Females,257,DDW-0500B-01ST-Census.xls,01ST
B0301ST,05,066,District - Nainital (11),Urban,60+,Population_Females,72,DDW-0500B-01ST-Census.xls,01ST
B0301ST,05,066,District - Nainital (11),Urban,Age not stated,Population_Females,0,DDW-0500B-01ST-Census.xls,01ST
B0301ST,05,066,District - Nainital (11),Urban,15-59,Population_Females,586,DDW-0500B-01ST-Census.xls,01ST
B0301ST,05,067,District - Udham Singh Nagar (12),Total,Total,Population_Females,61279,DDW-0500B-01ST-Census.xls,01ST
B0301ST,05,067,District - Udham Singh Nagar (12),Total,5-14,Population_Females,12450,DDW-0500B-01ST-Census.xls,01ST
B0301ST,05,067,District - Udham Singh Nagar (12),Total,15-34,Population_Females,25500,DDW-0500B-01ST-Census.xls,01ST
B0301ST,05,067,District - Udham Singh Nagar (12),Total,35-59,Population_Females,14322,DDW-0500B-01ST-Census.xls,01ST
B0301ST,05,067,District - Udham Singh Nagar (12),Total,60+,Population_Females,4646,DDW-0500B-01ST-Census.xls,01ST
B0301ST,05,067,District - Udham Singh Nagar (12),Total,Age not stated,Population_Females,41,DDW-0500B-01ST-Census.xls,01ST
B0301ST,05,067,District - Udham Singh Nagar (12),Total,15-59,Population_Females,39822,DDW-0500B-01ST-Census.xls,01ST
B0301ST,05,067,District - Udham Singh Nagar (12),Rural,Total,Population_Females,58538,DDW-0500B-01ST-Census.xls,01ST
B0301ST,05,067,District - Udham Singh Nagar (12),Rural,5-14,Population_Females,11914,DDW-0500B-01ST-Census.xls,01ST
B0301ST,05,067,District - Udham Singh Nagar (12),Rural,15-34,Population_Females,24309,DDW-0500B-01ST-Census.xls,01ST
B0301ST,05,067,District - Udham Singh Nagar (12),Rural,35-59,Population_Females,13668,DDW-0500B-01ST-Census.xls,01ST
B0301ST,05,067,District - Udham Singh Nagar (12),Rural,60+,Population_Females,4468,DDW-0500B-01ST-Census.xls,01ST
B0301ST,05,067,District - Udham Singh Nagar (12),Rural,Age not stated,Population_Females,41,DDW-0500B-01ST-Census.xls,01ST
B0301ST,05,067,District - Udham Singh Nagar (12),Rural,15-59,Population_Females,37977,DDW-0500B-01ST-Census.xls,01ST
B0301ST,05,067,District - Udham Singh Nagar (12),Urban,Total,Population_Females,2741,DDW-0500B-01ST-Census.xls,01ST
B0301ST,05,067,District - Udham Singh Nagar (12),Urban,5-14,Population_Females,536,DDW-0500B-01ST-Census.xls,01ST
B0301ST,05,067,District - Udham Singh Nagar (12),Urban,15-34,Population_Females,1191,DDW-0500B-01ST-Census.xls,01ST
B0301ST,05,067,District - Udham Singh Nagar (12),Urban,35-59,Population_Females,654,DDW-0500B-01ST-Census.xls,01ST
B0301ST,05,067,District - Udham Singh Nagar (12),Urban,60+,Population_Females,178,DDW-0500B-01ST-Census.xls,01ST
B0301ST,05,067,District - Udham Singh Nagar (12),Urban,Age not stated,Population_Females,0,DDW-0500B-01ST-Census.xls,01ST
B0301ST,05,067,District - Udham Singh Nagar (12),Urban,15-59,Population_Females,1845,DDW-0500B-01ST-Census.xls,01ST
B0301ST,05,068,District - Hardwar (13),Total,Total,Population_Females,2938,DDW-0500B-01ST-Census.xls,01ST
B0301ST,05,068,District - Hardwar (13),Total,5-14,Population_Females,736,DDW-0500B-01ST-Census.xls,01ST
B0301ST,05,068,District - Hardwar (13),Total,15-34,Population_Females,1065,DDW-0500B-01ST-Census.xls,01ST
B0301ST,05,068,District - Hardwar (13),Total,35-59,Population_Females,626,DDW-0500B-01ST-Census.xls,01ST
B0301ST,05,068,District - Hardwar (13),Total,60+,Population_Females,216,DDW-0500B-01ST-Census.xls,01ST
B0301ST,05,068,District - Hardwar (13),Total,Age not stated,Population_Females,4,DDW-0500B-01ST-Census.xls,01ST
B0301ST,05,068,District - Hardwar (13),Total,15-59,Population_Females,1691,DDW-0500B-01ST-Census.xls,01ST
B0301ST,05,068,District - Hardwar (13),Rural,Total,Population_Females,2439,DDW-0500B-01ST-Census.xls,01ST
B0301ST,05,068,District - Hardwar (13),Rural,5-14,Population_Females,631,DDW-0500B-01ST-Census.xls,01ST
B0301ST,05,068,District - Hardwar (13),Rural,15-34,Population_Females,850,DDW-0500B-01ST-Census.xls,01ST
B0301ST,05,068,District - Hardwar (13),Rural,35-59,Population_Females,515,DDW-0500B-01ST-Census.xls,01ST
B0301ST,05,068,District - Hardwar (13),Rural,60+,Population_Females,196,DDW-0500B-01ST-Census.xls,01ST
B0301ST,05,068,District - Hardwar (13),Rural,Age not stated,Population_Females,4,DDW-0500B-01ST-Census.xls,01ST
B0301ST,05,068,District - Hardwar (13),Rural,15-59,Population_Females,1365,DDW-0500B-01ST-Census.xls,01ST
B0301ST,05,068,District - Hardwar (13),Urban,Total,Population_Females,499,DDW-0500B-01ST-Census.xls,01ST
B0301ST,05,068,District - Hardwar (13),Urban,5-14,Population_Females,105,DDW-0500B-01ST-Census.xls,01ST
B0301ST,05,068,District - Hardwar (13),Urban,15-34,Population_Females,215,DDW-0500B-01ST-Census.xls,01ST
B0301ST,05,068,District - Hardwar (13),Urban,35-59,Population_Females,111,DDW-0500B-01ST-Census.xls,01ST
B0301ST,05,068,District - Hardwar (13),Urban,60+,Population_Females,20,DDW-0500B-01ST-Census.xls,01ST
B0301ST,05,068,District - Hardwar (13),Urban,Age not stated,Population_Females,0,DDW-0500B-01ST-Census.xls,01ST
B0301ST,05,068,District - Hardwar (13),Urban,15-59,Population_Females,326,DDW-0500B-01ST-Census.xls,01ST
B0301ST,05,000,State - UTTARAKHAND (05),Total,Total,Main workers_Persons,90398,DDW-0500B-01ST-Census.xls,01ST
B0301ST,05,000,State - UTTARAKHAND (05),Total,5-14,Main workers_Persons,1196,DDW-0500B-01ST-Census.xls,01ST
B0301ST,05,000,State - UTTARAKHAND (05),Total,15-34,Main workers_Persons,36486,DDW-0500B-01ST-Census.xls,01ST
B0301ST,05,000,State - UTTARAKHAND (05),Total,35-59,Main workers_Persons,41367,DDW-0500B-01ST-Census.xls,01ST
B0301ST,05,000,State - UTTARAKHAND (05),Total,60+,Main workers_Persons,11257,DDW-0500B-01ST-Census.xls,01ST
B0301ST,05,000,State - UTTARAKHAND (05),Total,Age not stated,Main workers_Persons,92,DDW-0500B-01ST-Census.xls,01ST
B0301ST,05,000,State - UTTARAKHAND (05),Total,15-59,Main workers_Persons,77853,DDW-0500B-01ST-Census.xls,01ST
B0301ST,05,000,State - UTTARAKHAND (05),Rural,Total,Main workers_Persons,82820,DDW-0500B-01ST-Census.xls,01ST
B0301ST,05,000,State - UTTARAKHAND (05),Rural,5-14,Main workers_Persons,1153,DDW-0500B-01ST-Census.xls,01ST
B0301ST,05,000,State - UTTARAKHAND (05),Rural,15-34,Main workers_Persons,33716,DDW-0500B-01ST-Census.xls,01ST
B0301ST,05,000,State - UTTARAKHAND (05),Rural,35-59,Main workers_Persons,37141,DDW-0500B-01ST-Census.xls,01ST
B0301ST,05,000,State - UTTARAKHAND (05),Rural,60+,Main workers_Persons,10728,DDW-0500B-01ST-Census.xls,01ST
B0301ST,05,000,State - UTTARAKHAND (05),Rural,Age not stated,Main workers_Persons,82,DDW-0500B-01ST-Census.xls,01ST
B0301ST,05,000,State - UTTARAKHAND (05),Rural,15-59,Main workers_Persons,70857,DDW-0500B-01ST-Census.xls,01ST
B0301ST,05,000,State - UTTARAKHAND (05),Urban,Total,Main workers_Persons,7578,DDW-0500B-01ST-Census.xls,01ST
B0301ST,05,000,State - UTTARAKHAND (05),Urban,5-14,Main workers_Persons,43,DDW-0500B-01ST-Census.xls,01ST
B0301ST,05,000,State - UTTARAKHAND (05),Urban,15-34,Main workers_Persons,2770,DDW-0500B-01ST-Census.xls,01ST
B0301ST,05,000,State - UTTARAKHAND (05),Urban,35-59,Main workers_Persons,4226,DDW-0500B-01ST-Census.xls,01ST
B0301ST,05,000,State - UTTARAKHAND (05),Urban,60+,Main workers_Persons,529,DDW-0500B-01ST-Census.xls,01ST
B0301ST,05,000,State - UTTARAKHAND (05),Urban,Age not stated,Main workers_Persons,10,DDW-0500B-01ST-Census.xls,01ST
B0301ST,05,000,State - UTTARAKHAND (05),Urban,15-59,Main workers_Persons,6996,DDW-0500B-01ST-Census.xls,01ST
B0301ST,05,056,District - Uttarkashi (01),Total,Total,Main workers_Persons,1230,DDW-0500B-01ST-Census.xls,01ST
B0301ST,05,056,District - Uttarkashi (01),Total,5-14,Main workers_Persons,13,DDW-0500B-01ST-Census.xls,01ST
B0301ST,05,056,District - Uttarkashi (01),Total,15-34,Main workers_Persons,441,DDW-0500B-01ST-Census.xls,01ST
B0301ST,05,056,District - Uttarkashi (01),Total,35-59,Main workers_Persons,608,DDW-0500B-01ST-Census.xls,01ST
B0301ST,05,056,District - Uttarkashi (01),Total,60+,Main workers_Persons,168,DDW-0500B-01ST-Census.xls,01ST
B0301ST,05,056,District - Uttarkashi (01),Total,Age not stated,Main workers_Persons,0,DDW-0500B-01ST-Census.xls,01ST
B0301ST,05,056,District - Uttarkashi (01),Total,15-59,Main workers_Persons,1049,DDW-0500B-01ST-Census.xls,01ST
B0301ST,05,056,District - Uttarkashi (01),Rural,Total,Main workers_Persons,1184,DDW-0500B-01ST-Census.xls,01ST
B0301ST,05,056,District - Uttarkashi (01),Rural,5-14,Main workers_Persons,13,DDW-0500B-01ST-Census.xls,01ST
B0301ST,05,056,District - Uttarkashi (01),Rural,15-34,Main workers_Persons,419,DDW-0500B-01ST-Census.xls,01ST
B0301ST,05,056,District - Uttarkashi (01),Rural,35-59,Main workers_Persons,586,DDW-0500B-01ST-Census.xls,01ST
B0301ST,05,056,District - Uttarkashi (01),Rural,60+,Main workers_Persons,166,DDW-0500B-01ST-Census.xls,01ST
B0301ST,05,056,District - Uttarkashi (01),Rural,Age not stated,Main workers_Persons,0,DDW-0500B-01ST-Census.xls,01ST
B0301ST,05,056,District - Uttarkashi (01),Rural,15-59,Main workers_Persons,1005,DDW-0500B-01ST-Census.xls,01ST
B0301ST,05,056,District - Uttarkashi (01),Urban,Total,Main workers_Persons,46,DDW-0500B-01ST-Census.xls,01ST
B0301ST,05,056,District - Uttarkashi (01),Urban,5-14,Main workers_Persons,0,DDW-0500B-01ST-Census.xls,01ST
B0301ST,05,056,District - Uttarkashi (01),Urban,15-34,Main workers_Persons,22,DDW-0500B-01ST-Census.xls,01ST
B0301ST,05,056,District - Uttarkashi (01),Urban,35-59,Main workers_Persons,22,DDW-0500B-01ST-Census.xls,01ST
B0301ST,05,056,District - Uttarkashi (01),Urban,60+,Main workers_Persons,2,DDW-0500B-01ST-Census.xls,01ST
B0301ST,05,056,District - Uttarkashi (01),Urban,Age not stated,Main workers_Persons,0,DDW-0500B-01ST-Census.xls,01ST
B0301ST,05,056,District - Uttarkashi (01),Urban,15-59,Main workers_Persons,44,DDW-0500B-01ST-Census.xls,01ST
B0301ST,05,057,District - Chamoli (02),Total,Total,Main workers_Persons,3890,DDW-0500B-01ST-Census.xls,01ST
B0301ST,05,057,District - Chamoli (02),Total,5-14,Main workers_Persons,20,DDW-0500B-01ST-Census.xls,01ST
B0301ST,05,057,District - Chamoli (02),Total,15-34,Main workers_Persons,1382,DDW-0500B-01ST-Census.xls,01ST
B0301ST,05,057,District - Chamoli (02),Total,35-59,Main workers_Persons,1823,DDW-0500B-01ST-Census.xls,01ST
B0301ST,05,057,District - Chamoli (02),Total,60+,Main workers_Persons,660,DDW-0500B-01ST-Census.xls,01ST
B0301ST,05,057,District - Chamoli (02),Total,Age not stated,Main workers_Persons,5,DDW-0500B-01ST-Census.xls,01ST
B0301ST,05,057,District - Chamoli (02),Total,15-59,Main workers_Persons,3205,DDW-0500B-01ST-Census.xls,01ST
B0301ST,05,057,District - Chamoli (02),Rural,Total,Main workers_Persons,2818,DDW-0500B-01ST-Census.xls,01ST
B0301ST,05,057,District - Chamoli (02),Rural,5-14,Main workers_Persons,20,DDW-0500B-01ST-Census.xls,01ST
B0301ST,05,057,District - Chamoli (02),Rural,15-34,Main workers_Persons,1022,DDW-0500B-01ST-Census.xls,01ST
B0301ST,05,057,District - Chamoli (02),Rural,35-59,Main workers_Persons,1239,DDW-0500B-01ST-Census.xls,01ST
B0301ST,05,057,District - Chamoli (02),Rural,60+,Main workers_Persons,533,DDW-0500B-01ST-Census.xls,01ST
B0301ST,05,057,District - Chamoli (02),Rural,Age not stated,Main workers_Persons,4,DDW-0500B-01ST-Census.xls,01ST
B0301ST,05,057,District - Chamoli (02),Rural,15-59,Main workers_Persons,2261,DDW-0500B-01ST-Census.xls,01ST
B0301ST,05,057,District - Chamoli (02),Urban,Total,Main workers_Persons,1072,DDW-0500B-01ST-Census.xls,01ST
B0301ST,05,057,District - Chamoli (02),Urban,5-14,Main workers_Persons,0,DDW-0500B-01ST-Census.xls,01ST
B0301ST,05,057,District - Chamoli (02),Urban,15-34,Main workers_Persons,360,DDW-0500B-01ST-Census.xls,01ST
B0301ST,05,057,District - Chamoli (02),Urban,35-59,Main workers_Persons,584,DDW-0500B-01ST-Census.xls,01ST
B0301ST,05,057,District - Chamoli (02),Urban,60+,Main workers_Persons,127,DDW-0500B-01ST-Census.xls,01ST
B0301ST,05,057,District - Chamoli (02),Urban,Age not stated,Main workers_Persons,1,DDW-0500B-01ST-Census.xls,01ST
B0301ST,05,057,District - Chamoli (02),Urban,15-59,Main workers_Persons,944,DDW-0500B-01ST-Census.xls,01ST
B0301ST,05,058,District - Rudraprayag (03),Total,Total,Main workers_Persons,142,DDW-0500B-01ST-Census.xls,01ST
B0301ST,05,058,District - Rudraprayag (03),Total,5-14,Main workers_Persons,4,DDW-0500B-01ST-Census.xls,01ST
B0301ST,05,058,District - Rudraprayag (03),Total,15-34,Main workers_Persons,68,DDW-0500B-01ST-Census.xls,01ST
B0301ST,05,058,District - Rudraprayag (03),Total,35-59,Main workers_Persons,65,DDW-0500B-01ST-Census.xls,01ST
B0301ST,05,058,District - Rudraprayag (03),Total,60+,Main workers_Persons,5,DDW-0500B-01ST-Census.xls,01ST
B0301ST,05,058,District - Rudraprayag (03),Total,Age not stated,Main workers_Persons,0,DDW-0500B-01ST-Census.xls,01ST
B0301ST,05,058,District - Rudraprayag (03),Total,15-59,Main workers_Persons,133,DDW-0500B-01ST-Census.xls,01ST
B0301ST,05,058,District - Rudraprayag (03),Rural,Total,Main workers_Persons,111,DDW-0500B-01ST-Census.xls,01ST
B0301ST,05,058,District - Rudraprayag (03),Rural,5-14,Main workers_Persons,4,DDW-0500B-01ST-Census.xls,01ST
B0301ST,05,058,District - Rudraprayag (03),Rural,15-34,Main workers_Persons,58,DDW-0500B-01ST-Census.xls,01ST
B0301ST,05,058,District - Rudraprayag (03),Rural,35-59,Main workers_Persons,45,DDW-0500B-01ST-Census.xls,01ST
B0301ST,05,058,District - Rudraprayag (03),Rural,60+,Main workers_Persons,4,DDW-0500B-01ST-Census.xls,01ST
B0301ST,05,058,District - Rudraprayag (03),Rural,Age not stated,Main workers_Persons,0,DDW-0500B-01ST-Census.xls,01ST
B0301ST,05,058,District - Rudraprayag (03),Rural,15-59,Main workers_Persons,103,DDW-0500B-01ST-Census.xls,01ST
B0301ST,05,058,District - Rudraprayag (03),Urban,Total,Main workers_Persons,31,DDW-0500B-01ST-Census.xls,01ST
B0301ST,05,058,District - Rudraprayag (03),Urban,5-14,Main workers_Persons,0,DDW-0500B-01ST-Census.xls,01ST
B0301ST,05,058,District - Rudraprayag (03),Urban,15-34,Main workers_Persons,10,DDW-0500B-01ST-Census.xls,01ST
B0301ST,05,058,District - Rudraprayag (03),Urban,35-59,Main workers_Persons,20,DDW-0500B-01ST-Census.xls,01ST
B0301ST,05,058,District - Rudraprayag (03),Urban,60+,Main workers_Persons,1,DDW-0500B-01ST-Census.xls,01ST
B0301ST,05,058,District - Rudraprayag (03),Urban,Age not stated,Main workers_Persons,0,DDW-0500B-01ST-Census.xls,01ST
B0301ST,05,058,District - Rudraprayag (03),Urban,15-59,Main workers_Persons,30,DDW-0500B-01ST-Census.xls,01ST
B0301ST,05,059,District - Tehri Garhwal (04),Total,Total,Main workers_Persons,356,DDW-0500B-01ST-Census.xls,01ST
B0301ST,05,059,District - Tehri Garhwal (04),Total,5-14,Main workers_Persons,10,DDW-0500B-01ST-Census.xls,01ST
B0301ST,05,059,District - Tehri Garhwal (04),Total,15-34,Main workers_Persons,163,DDW-0500B-01ST-Census.xls,01ST
B0301ST,05,059,District - Tehri Garhwal (04),Total,35-59,Main workers_Persons,167,DDW-0500B-01ST-Census.xls,01ST
B0301ST,05,059,District - Tehri Garhwal (04),Total,60+,Main workers_Persons,15,DDW-0500B-01ST-Census.xls,01ST
B0301ST,05,059,District - Tehri Garhwal (04),Total,Age not stated,Main workers_Persons,1,DDW-0500B-01ST-Census.xls,01ST
B0301ST,05,059,District - Tehri Garhwal (04),Total,15-59,Main workers_Persons,330,DDW-0500B-01ST-Census.xls,01ST
B0301ST,05,059,District - Tehri Garhwal (04),Rural,Total,Main workers_Persons,244,DDW-0500B-01ST-Census.xls,01ST
B0301ST,05,059,District - Tehri Garhwal (04),Rural,5-14,Main workers_Persons,9,DDW-0500B-01ST-Census.xls,01ST
B0301ST,05,059,District - Tehri Garhwal (04),Rural,15-34,Main workers_Persons,103,DDW-0500B-01ST-Census.xls,01ST
B0301ST,05,059,District - Tehri Garhwal (04),Rural,35-59,Main workers_Persons,117,DDW-0500B-01ST-Census.xls,01ST
B0301ST,05,059,District - Tehri Garhwal (04),Rural,60+,Main workers_Persons,14,DDW-0500B-01ST-Census.xls,01ST
B0301ST,05,059,District - Tehri Garhwal (04),Rural,Age not stated,Main workers_Persons,1,DDW-0500B-01ST-Census.xls,01ST
B0301ST,05,059,District - Tehri Garhwal (04),Rural,15-59,Main workers_Persons,220,DDW-0500B-01ST-Census.xls,01ST
B0301ST,05,059,District - Tehri Garhwal (04),Urban,Total,Main workers_Persons,112,DDW-0500B-01ST-Census.xls,01ST
B0301ST,05,059,District - Tehri Garhwal (04),Urban,5-14,Main workers_Persons,1,DDW-0500B-01ST-Census.xls,01ST
B0301ST,05,059,District - Tehri Garhwal (04),Urban,15-34,Main workers_Persons,60,DDW-0500B-01ST-Census.xls,01ST
B0301ST,05,059,District - Tehri Garhwal (04),Urban,35-59,Main workers_Persons,50,DDW-0500B-01ST-Census.xls,01ST
B0301ST,05,059,District - Tehri Garhwal (04),Urban,60+,Main workers_Persons,1,DDW-0500B-01ST-Census.xls,01ST
B0301ST,05,059,District - Tehri Garhwal (04),Urban,Age not stated,Main workers_Persons,0,DDW-0500B-01ST-Census.xls,01ST
B0301ST,05,059,District - Tehri Garhwal (04),Urban,15-59,Main workers_Persons,110,DDW-0500B-01ST-Census.xls,01ST
B0301ST,05,060,District - Dehradun (05),Total,Total,Main workers_Persons,35707,DDW-0500B-01ST-Census.xls,01ST
B0301ST,05,060,District - Dehradun (05),Total,5-14,Main workers_Persons,696,DDW-0500B-01ST-Census.xls,01ST
B0301ST,05,060,District - Dehradun (05),Total,15-34,Main workers_Persons,14153,DDW-0500B-01ST-Census.xls,01ST
B0301ST,05,060,District - Dehradun (05),Total,35-59,Main workers_Persons,15872,DDW-0500B-01ST-Census.xls,01ST
B0301ST,05,060,District - Dehradun (05),Total,60+,Main workers_Persons,4931,DDW-0500B-01ST-Census.xls,01ST
B0301ST,05,060,District - Dehradun (05),Total,Age not stated,Main workers_Persons,55,DDW-0500B-01ST-Census.xls,01ST
B0301ST,05,060,District - Dehradun (05),Total,15-59,Main workers_Persons,30025,DDW-0500B-01ST-Census.xls,01ST
B0301ST,05,060,District - Dehradun (05),Rural,Total,Main workers_Persons,32981,DDW-0500B-01ST-Census.xls,01ST
B0301ST,05,060,District - Dehradun (05),Rural,5-14,Main workers_Persons,680,DDW-0500B-01ST-Census.xls,01ST
B0301ST,05,060,District - Dehradun (05),Rural,15-34,Main workers_Persons,13120,DDW-0500B-01ST-Census.xls,01ST
B0301ST,05,060,District - Dehradun (05),Rural,35-59,Main workers_Persons,14360,DDW-0500B-01ST-Census.xls,01ST
B0301ST,05,060,District - Dehradun (05),Rural,60+,Main workers_Persons,4774,DDW-0500B-01ST-Census.xls,01ST
B0301ST,05,060,District - Dehradun (05),Rural,Age not stated,Main workers_Persons,47,DDW-0500B-01ST-Census.xls,01ST
B0301ST,05,060,District - Dehradun (05),Rural,15-59,Main workers_Persons,27480,DDW-0500B-01ST-Census.xls,01ST
B0301ST,05,060,District - Dehradun (05),Urban,Total,Main workers_Persons,2726,DDW-0500B-01ST-Census.xls,01ST
B0301ST,05,060,District - Dehradun (05),Urban,5-14,Main workers_Persons,16,DDW-0500B-01ST-Census.xls,01ST
B0301ST,05,060,District - Dehradun (05),Urban,15-34,Main workers_Persons,1033,DDW-0500B-01ST-Census.xls,01ST
B0301ST,05,060,District - Dehradun (05),Urban,35-59,Main workers_Persons,1512,DDW-0500B-01ST-Census.xls,01ST
B0301ST,05,060,District - Dehradun (05),Urban,60+,Main workers_Persons,157,DDW-0500B-01ST-Census.xls,01ST
B0301ST,05,060,District - Dehradun (05),Urban,Age not stated,Main workers_Persons,8,DDW-0500B-01ST-Census.xls,01ST
B0301ST,05,060,District - Dehradun (05),Urban,15-59,Main workers_Persons,2545,DDW-0500B-01ST-Census.xls,01ST
B0301ST,05,061,District - Garhwal (06),Total,Total,Main workers_Persons,480,DDW-0500B-01ST-Census.xls,01ST
B0301ST,05,061,District - Garhwal (06),Total,5-14,Main workers_Persons,2,DDW-0500B-01ST-Census.xls,01ST
B0301ST,05,061,District - Garhwal (06),Total,15-34,Main workers_Persons,193,DDW-0500B-01ST-Census.xls,01ST
B0301ST,05,061,District - Garhwal (06),Total,35-59,Main workers_Persons,242,DDW-0500B-01ST-Census.xls,01ST
B0301ST,05,061,District - Garhwal (06),Total,60+,Main workers_Persons,43,DDW-0500B-01ST-Census.xls,01ST
B0301ST,05,061,District - Garhwal (06),Total,Age not stated,Main workers_Persons,0,DDW-0500B-01ST-Census.xls,01ST
B0301ST,05,061,District - Garhwal (06),Total,15-59,Main workers_Persons,435,DDW-0500B-01ST-Census.xls,01ST
B0301ST,05,061,District - Garhwal (06),Rural,Total,Main workers_Persons,388,DDW-0500B-01ST-Census.xls,01ST
B0301ST,05,061,District - Garhwal (06),Rural,5-14,Main workers_Persons,1,DDW-0500B-01ST-Census.xls,01ST
B0301ST,05,061,District - Garhwal (06),Rural,15-34,Main workers_Persons,151,DDW-0500B-01ST-Census.xls,01ST
B0301ST,05,061,District - Garhwal (06),Rural,35-59,Main workers_Persons,194,DDW-0500B-01ST-Census.xls,01ST
B0301ST,05,061,District - Garhwal (06),Rural,60+,Main workers_Persons,42,DDW-0500B-01ST-Census.xls,01ST
B0301ST,05,061,District - Garhwal (06),Rural,Age not stated,Main workers_Persons,0,DDW-0500B-01ST-Census.xls,01ST
B0301ST,05,061,District - Garhwal (06),Rural,15-59,Main workers_Persons,345,DDW-0500B-01ST-Census.xls,01ST
B0301ST,05,061,District - Garhwal (06),Urban,Total,Main workers_Persons,92,DDW-0500B-01ST-Census.xls,01ST
B0301ST,05,061,District - Garhwal (06),Urban,5-14,Main workers_Persons,1,DDW-0500B-01ST-Census.xls,01ST
B0301ST,05,061,District - Garhwal (06),Urban,15-34,Main workers_Persons,42,DDW-0500B-01ST-Census.xls,01ST
B0301ST,05,061,District - Garhwal (06),Urban,35-59,Main workers_Persons,48,DDW-0500B-01ST-Census.xls,01ST
B0301ST,05,061,District - Garhwal (06),Urban,60+,Main workers_Persons,1,DDW-0500B-01ST-Census.xls,01ST
B0301ST,05,061,District - Garhwal (06),Urban,Age not stated,Main workers_Persons,0,DDW-0500B-01ST-Census.xls,01ST
B0301ST,05,061,District - Garhwal (06),Urban,15-59,Main workers_Persons,90,DDW-0500B-01ST-Census.xls,01ST
B0301ST,05,062,District - Pithoragarh (07),Total,Total,Main workers_Persons,6637,DDW-0500B-01ST-Census.xls,01ST
B0301ST,05,062,District - Pithoragarh (07),Total,5-14,Main workers_Persons,86,DDW-0500B-01ST-Census.xls,01ST
B0301ST,05,062,District - Pithoragarh (07),Total,15-34,Main workers_Persons,2375,DDW-0500B-01ST-Census.xls,01ST
B0301ST,05,062,District - Pithoragarh (07),Total,35-59,Main workers_Persons,3122,DDW-0500B-01ST-Census.xls,01ST
B0301ST,05,062,District - Pithoragarh (07),Total,60+,Main workers_Persons,1043,DDW-0500B-01ST-Census.xls,01ST
B0301ST,05,062,District - Pithoragarh (07),Total,Age not stated,Main workers_Persons,11,DDW-0500B-01ST-Census.xls,01ST
B0301ST,05,062,District - Pithoragarh (07),Total,15-59,Main workers_Persons,5497,DDW-0500B-01ST-Census.xls,01ST
B0301ST,05,062,District - Pithoragarh (07),Rural,Total,Main workers_Persons,5823,DDW-0500B-01ST-Census.xls,01ST
B0301ST,05,062,District - Pithoragarh (07),Rural,5-14,Main workers_Persons,84,DDW-0500B-01ST-Census.xls,01ST
B0301ST,05,062,District - Pithoragarh (07),Rural,15-34,Main workers_Persons,2144,DDW-0500B-01ST-Census.xls,01ST
B0301ST,05,062,District - Pithoragarh (07),Rural,35-59,Main workers_Persons,2608,DDW-0500B-01ST-Census.xls,01ST
B0301ST,05,062,District - Pithoragarh (07),Rural,60+,Main workers_Persons,976,DDW-0500B-01ST-Census.xls,01ST
B0301ST,05,062,District - Pithoragarh (07),Rural,Age not stated,Main workers_Persons,11,DDW-0500B-01ST-Census.xls,01ST
B0301ST,05,062,District - Pithoragarh (07),Rural,15-59,Main workers_Persons,4752,DDW-0500B-01ST-Census.xls,01ST
B0301ST,05,062,District - Pithoragarh (07),Urban,Total,Main workers_Persons,814,DDW-0500B-01ST-Census.xls,01ST
B0301ST,05,062,District - Pithoragarh (07),Urban,5-14,Main workers_Persons,2,DDW-0500B-01ST-Census.xls,01ST
B0301ST,05,062,District - Pithoragarh (07),Urban,15-34,Main workers_Persons,231,DDW-0500B-01ST-Census.xls,01ST
B0301ST,05,062,District - Pithoragarh (07),Urban,35-59,Main workers_Persons,514,DDW-0500B-01ST-Census.xls,01ST
B0301ST,05,062,District - Pithoragarh (07),Urban,60+,Main workers_Persons,67,DDW-0500B-01ST-Census.xls,01ST
B0301ST,05,062,District - Pithoragarh (07),Urban,Age not stated,Main workers_Persons,0,DDW-0500B-01ST-Census.xls,01ST
B0301ST,05,062,District - Pithoragarh (07),Urban,15-59,Main workers_Persons,745,DDW-0500B-01ST-Census.xls,01ST
B0301ST,05,063,District - Bageshwar (08),Total,Total,Main workers_Persons,666,DDW-0500B-01ST-Census.xls,01ST
B0301ST,05,063,District - Bageshwar (08),Total,5-14,Main workers_Persons,6,DDW-0500B-01ST-Census.xls,01ST
B0301ST,05,063,District - Bageshwar (08),Total,15-34,Main workers_Persons,243,DDW-0500B-01ST-Census.xls,01ST
B0301ST,05,063,District - Bageshwar (08),Total,35-59,Main workers_Persons,299,DDW-0500B-01ST-Census.xls,01ST
B0301ST,05,063,District - Bageshwar (08),Total,60+,Main workers_Persons,118,DDW-0500B-01ST-Census.xls,01ST
B0301ST,05,063,District - Bageshwar (08),Total,Age not stated,Main workers_Persons,0,DDW-0500B-01ST-Census.xls,01ST
B0301ST,05,063,District - Bageshwar (08),Total,15-59,Main workers_Persons,542,DDW-0500B-01ST-Census.xls,01ST
B0301ST,05,063,District - Bageshwar (08),Rural,Total,Main workers_Persons,630,DDW-0500B-01ST-Census.xls,01ST
B0301ST,05,063,District - Bageshwar (08),Rural,5-14,Main workers_Persons,6,DDW-0500B-01ST-Census.xls,01ST
B0301ST,05,063,District - Bageshwar (08),Rural,15-34,Main workers_Persons,233,DDW-0500B-01ST-Census.xls,01ST
B0301ST,05,063,District - Bageshwar (08),Rural,35-59,Main workers_Persons,276,DDW-0500B-01ST-Census.xls,01ST
B0301ST,05,063,District - Bageshwar (08),Rural,60+,Main workers_Persons,115,DDW-0500B-01ST-Census.xls,01ST
B0301ST,05,063,District - Bageshwar (08),Rural,Age not stated,Main workers_Persons,0,DDW-0500B-01ST-Census.xls,01ST
B0301ST,05,063,District - Bageshwar (08),Rural,15-59,Main workers_Persons,509,DDW-0500B-01ST-Census.xls,01ST
B0301ST,05,063,District - Bageshwar (08),Urban,Total,Main workers_Persons,36,DDW-0500B-01ST-Census.xls,01ST
B0301ST,05,063,District - Bageshwar (08),Urban,5-14,Main workers_Persons,0,DDW-0500B-01ST-Census.xls,01ST
B0301ST,05,063,District - Bageshwar (08),Urban,15-34,Main workers_Persons,10,DDW-0500B-01ST-Census.xls,01ST
B0301ST,05,063,District - Bageshwar (08),Urban,35-59,Main workers_Persons,23,DDW-0500B-01ST-Census.xls,01ST
B0301ST,05,063,District - Bageshwar (08),Urban,60+,Main workers_Persons,3,DDW-0500B-01ST-Census.xls,01ST
B0301ST,05,063,District - Bageshwar (08),Urban,Age not stated,Main workers_Persons,0,DDW-0500B-01ST-Census.xls,01ST
B0301ST,05,063,District - Bageshwar (08),Urban,15-59,Main workers_Persons,33,DDW-0500B-01ST-Census.xls,01ST
B0301ST,05,064,"District - Almora
 (09)",Total,Total,Main workers_Persons,410,DDW-0500B-01ST-Census.xls,01ST
B0301ST,05,064,"District - Almora
 (09)",Total,5-14,Main workers_Persons,3,DDW-0500B-01ST-Census.xls,01ST
B0301ST,05,064,"District - Almora
 (09)",Total,15-34,Main workers_Persons,135,DDW-0500B-01ST-Census.xls,01ST
B0301ST,05,064,"District - Almora
 (09)",Total,35-59,Main workers_Persons,244,DDW-0500B-01ST-Census.xls,01ST
B0301ST,05,064,"District - Almora
 (09)",Total,60+,Main workers_Persons,28,DDW-0500B-01ST-Census.xls,01ST
B0301ST,05,064,"District - Almora
 (09)",Total,Age not stated,Main workers_Persons,0,DDW-0500B-01ST-Census.xls,01ST
B0301ST,05,064,"District - Almora
 (09)",Total,15-59,Main workers_Persons,379,DDW-0500B-01ST-Census.xls,01ST
B0301ST,05,064,"District - Almora
 (09)",Rural,Total,Main workers_Persons,265,DDW-0500B-01ST-Census.xls,01ST
B0301ST,05,064,"District - Almora
 (09)",Rural,5-14,Main workers_Persons,3,DDW-0500B-01ST-Census.xls,01ST
B0301ST,05,064,"District - Almora
 (09)",Rural,15-34,Main workers_Persons,93,DDW-0500B-01ST-Census.xls,01ST
B0301ST,05,064,"District - Almora
 (09)",Rural,35-59,Main workers_Persons,142,DDW-0500B-01ST-Census.xls,01ST
B0301ST,05,064,"District - Almora
 (09)",Rural,60+,Main workers_Persons,27,DDW-0500B-01ST-Census.xls,01ST
B0301ST,05,064,"District - Almora
 (09)",Rural,Age not stated,Main workers_Persons,0,DDW-0500B-01ST-Census.xls,01ST
B0301ST,05,064,"District - Almora
 (09)",Rural,15-59,Main workers_Persons,235,DDW-0500B-01ST-Census.xls,01ST
B0301ST,05,064,"District - Almora
 (09)",Urban,Total,Main workers_Persons,145,DDW-0500B-01ST-Census.xls,01ST
B0301ST,05,064,"District - Almora
 (09)",Urban,5-14,Main workers_Persons,0,DDW-0500B-01ST-Census.xls,01ST
B0301ST,05,064,"District - Almora
 (09)",Urban,15-34,Main workers_Persons,42,DDW-0500B-01ST-Census.xls,01ST
B0301ST,05,064,"District - Almora
 (09)",Urban,35-59,Main workers_Persons,102,DDW-0500B-01ST-Census.xls,01ST
B0301ST,05,064,"District - Almora
 (09)",Urban,60+,Main workers_Persons,1,DDW-0500B-01ST-Census.xls,01ST
B0301ST,05,064,"District - Almora
 (09)",Urban,Age not stated,Main workers_Persons,0,DDW-0500B-01ST-Census.xls,01ST
B0301ST,05,064,"District - Almora
 (09)",Urban,15-59,Main workers_Persons,144,DDW-0500B-01ST-Census.xls,01ST
B0301ST,05,065,District - Champawat (10),Total,Total,Main workers_Persons,578,DDW-0500B-01ST-Census.xls,01ST
B0301ST,05,065,District - Champawat (10),Total,5-14,Main workers_Persons,3,DDW-0500B-01ST-Census.xls,01ST
B0301ST,05,065,District - Champawat (10),Total,15-34,Main workers_Persons,251,DDW-0500B-01ST-Census.xls,01ST
B0301ST,05,065,District - Champawat (10),Total,35-59,Main workers_Persons,283,DDW-0500B-01ST-Census.xls,01ST
B0301ST,05,065,District - Champawat (10),Total,60+,Main workers_Persons,41,DDW-0500B-01ST-Census.xls,01ST
B0301ST,05,065,District - Champawat (10),Total,Age not stated,Main workers_Persons,0,DDW-0500B-01ST-Census.xls,01ST
B0301ST,05,065,District - Champawat (10),Total,15-59,Main workers_Persons,534,DDW-0500B-01ST-Census.xls,01ST
B0301ST,05,065,District - Champawat (10),Rural,Total,Main workers_Persons,475,DDW-0500B-01ST-Census.xls,01ST
B0301ST,05,065,District - Champawat (10),Rural,5-14,Main workers_Persons,3,DDW-0500B-01ST-Census.xls,01ST
B0301ST,05,065,District - Champawat (10),Rural,15-34,Main workers_Persons,217,DDW-0500B-01ST-Census.xls,01ST
B0301ST,05,065,District - Champawat (10),Rural,35-59,Main workers_Persons,221,DDW-0500B-01ST-Census.xls,01ST
B0301ST,05,065,District - Champawat (10),Rural,60+,Main workers_Persons,34,DDW-0500B-01ST-Census.xls,01ST
B0301ST,05,065,District - Champawat (10),Rural,Age not stated,Main workers_Persons,0,DDW-0500B-01ST-Census.xls,01ST
B0301ST,05,065,District - Champawat (10),Rural,15-59,Main workers_Persons,438,DDW-0500B-01ST-Census.xls,01ST
B0301ST,05,065,District - Champawat (10),Urban,Total,Main workers_Persons,103,DDW-0500B-01ST-Census.xls,01ST
B0301ST,05,065,District - Champawat (10),Urban,5-14,Main workers_Persons,0,DDW-0500B-01ST-Census.xls,01ST
B0301ST,05,065,District - Champawat (10),Urban,15-34,Main workers_Persons,34,DDW-0500B-01ST-Census.xls,01ST
B0301ST,05,065,District - Champawat (10),Urban,35-59,Main workers_Persons,62,DDW-0500B-01ST-Census.xls,01ST
B0301ST,05,065,District - Champawat (10),Urban,60+,Main workers_Persons,7,DDW-0500B-01ST-Census.xls,01ST
B0301ST,05,065,District - Champawat (10),Urban,Age not stated,Main workers_Persons,0,DDW-0500B-01ST-Census.xls,01ST
B0301ST,05,065,District - Champawat (10),Urban,15-59,Main workers_Persons,96,DDW-0500B-01ST-Census.xls,01ST
B0301ST,05,066,District - Nainital (11),Total,Total,Main workers_Persons,2354,DDW-0500B-01ST-Census.xls,01ST
B0301ST,05,066,District - Nainital (11),Total,5-14,Main workers_Persons,29,DDW-0500B-01ST-Census.xls,01ST
B0301ST,05,066,District - Nainital (11),Total,15-34,Main workers_Persons,990,DDW-0500B-01ST-Census.xls,01ST
B0301ST,05,066,District - Nainital (11),Total,35-59,Main workers_Persons,1158,DDW-0500B-01ST-Census.xls,01ST
B0301ST,05,066,District - Nainital (11),Total,60+,Main workers_Persons,174,DDW-0500B-01ST-Census.xls,01ST
B0301ST,05,066,District - Nainital (11),Total,Age not stated,Main workers_Persons,3,DDW-0500B-01ST-Census.xls,01ST
B0301ST,05,066,District - Nainital (11),Total,15-59,Main workers_Persons,2148,DDW-0500B-01ST-Census.xls,01ST
B0301ST,05,066,District - Nainital (11),Rural,Total,Main workers_Persons,1819,DDW-0500B-01ST-Census.xls,01ST
B0301ST,05,066,District - Nainital (11),Rural,5-14,Main workers_Persons,23,DDW-0500B-01ST-Census.xls,01ST
B0301ST,05,066,District - Nainital (11),Rural,15-34,Main workers_Persons,826,DDW-0500B-01ST-Census.xls,01ST
B0301ST,05,066,District - Nainital (11),Rural,35-59,Main workers_Persons,818,DDW-0500B-01ST-Census.xls,01ST
B0301ST,05,066,District - Nainital (11),Rural,60+,Main workers_Persons,149,DDW-0500B-01ST-Census.xls,01ST
B0301ST,05,066,District - Nainital (11),Rural,Age not stated,Main workers_Persons,3,DDW-0500B-01ST-Census.xls,01ST
B0301ST,05,066,District - Nainital (11),Rural,15-59,Main workers_Persons,1644,DDW-0500B-01ST-Census.xls,01ST
B0301ST,05,066,District - Nainital (11),Urban,Total,Main workers_Persons,535,DDW-0500B-01ST-Census.xls,01ST
B0301ST,05,066,District - Nainital (11),Urban,5-14,Main workers_Persons,6,DDW-0500B-01ST-Census.xls,01ST
B0301ST,05,066,District - Nainital (11),Urban,15-34,Main workers_Persons,164,DDW-0500B-01ST-Census.xls,01ST
B0301ST,05,066,District - Nainital (11),Urban,35-59,Main workers_Persons,340,DDW-0500B-01ST-Census.xls,01ST
B0301ST,05,066,District - Nainital (11),Urban,60+,Main workers_Persons,25,DDW-0500B-01ST-Census.xls,01ST
B0301ST,05,066,District - Nainital (11),Urban,Age not stated,Main workers_Persons,0,DDW-0500B-01ST-Census.xls,01ST
B0301ST,05,066,District - Nainital (11),Urban,15-59,Main workers_Persons,504,DDW-0500B-01ST-Census.xls,01ST
B0301ST,05,067,District - Udham Singh Nagar (12),Total,Total,Main workers_Persons,36292,DDW-0500B-01ST-Census.xls,01ST
B0301ST,05,067,District - Udham Singh Nagar (12),Total,5-14,Main workers_Persons,289,DDW-0500B-01ST-Census.xls,01ST
B0301ST,05,067,District - Udham Singh Nagar (12),Total,15-34,Main workers_Persons,15343,DDW-0500B-01ST-Census.xls,01ST
B0301ST,05,067,District - Udham Singh Nagar (12),Total,35-59,Main workers_Persons,16791,DDW-0500B-01ST-Census.xls,01ST
B0301ST,05,067,District - Udham Singh Nagar (12),Total,60+,Main workers_Persons,3855,DDW-0500B-01ST-Census.xls,01ST
B0301ST,05,067,District - Udham Singh Nagar (12),Total,Age not stated,Main workers_Persons,14,DDW-0500B-01ST-Census.xls,01ST
B0301ST,05,067,District - Udham Singh Nagar (12),Total,15-59,Main workers_Persons,32134,DDW-0500B-01ST-Census.xls,01ST
B0301ST,05,067,District - Udham Singh Nagar (12),Rural,Total,Main workers_Persons,34695,DDW-0500B-01ST-Census.xls,01ST
B0301ST,05,067,District - Udham Singh Nagar (12),Rural,5-14,Main workers_Persons,275,DDW-0500B-01ST-Census.xls,01ST
B0301ST,05,067,District - Udham Singh Nagar (12),Rural,15-34,Main workers_Persons,14715,DDW-0500B-01ST-Census.xls,01ST
B0301ST,05,067,District - Udham Singh Nagar (12),Rural,35-59,Main workers_Persons,15960,DDW-0500B-01ST-Census.xls,01ST
B0301ST,05,067,District - Udham Singh Nagar (12),Rural,60+,Main workers_Persons,3732,DDW-0500B-01ST-Census.xls,01ST
B0301ST,05,067,District - Udham Singh Nagar (12),Rural,Age not stated,Main workers_Persons,13,DDW-0500B-01ST-Census.xls,01ST
B0301ST,05,067,District - Udham Singh Nagar (12),Rural,15-59,Main workers_Persons,30675,DDW-0500B-01ST-Census.xls,01ST
B0301ST,05,067,District - Udham Singh Nagar (12),Urban,Total,Main workers_Persons,1597,DDW-0500B-01ST-Census.xls,01ST
B0301ST,05,067,District - Udham Singh Nagar (12),Urban,5-14,Main workers_Persons,14,DDW-0500B-01ST-Census.xls,01ST
B0301ST,05,067,District - Udham Singh Nagar (12),Urban,15-34,Main workers_Persons,628,DDW-0500B-01ST-Census.xls,01ST
B0301ST,05,067,District - Udham Singh Nagar (12),Urban,35-59,Main workers_Persons,831,DDW-0500B-01ST-Census.xls,01ST
B0301ST,05,067,District - Udham Singh Nagar (12),Urban,60+,Main workers_Persons,123,DDW-0500B-01ST-Census.xls,01ST
B0301ST,05,067,District - Udham Singh Nagar (12),Urban,Age not stated,Main workers_Persons,1,DDW-0500B-01ST-Census.xls,01ST
B0301ST,05,067,District - Udham Singh Nagar (12),Urban,15-59,Main workers_Persons,1459,DDW-0500B-01ST-Census.xls,01ST
B0301ST,05,068,District - Hardwar (13),Total,Total,Main workers_Persons,1656,DDW-0500B-01ST-Census.xls,01ST
B0301ST,05,068,District - Hardwar (13),Total,5-14,Main workers_Persons,35,DDW-0500B-01ST-Census.xls,01ST
B0301ST,05,068,District - Hardwar (13),Total,15-34,Main workers_Persons,749,DDW-0500B-01ST-Census.xls,01ST
B0301ST,05,068,District - Hardwar (13),Total,35-59,Main workers_Persons,693,DDW-0500B-01ST-Census.xls,01ST
B0301ST,05,068,District - Hardwar (13),Total,60+,Main workers_Persons,176,DDW-0500B-01ST-Census.xls,01ST
B0301ST,05,068,District - Hardwar (13),Total,Age not stated,Main workers_Persons,3,DDW-0500B-01ST-Census.xls,01ST
B0301ST,05,068,District - Hardwar (13),Total,15-59,Main workers_Persons,1442,DDW-0500B-01ST-Census.xls,01ST
B0301ST,05,068,District - Hardwar (13),Rural,Total,Main workers_Persons,1387,DDW-0500B-01ST-Census.xls,01ST
B0301ST,05,068,District - Hardwar (13),Rural,5-14,Main workers_Persons,32,DDW-0500B-01ST-Census.xls,01ST
B0301ST,05,068,District - Hardwar (13),Rural,15-34,Main workers_Persons,615,DDW-0500B-01ST-Census.xls,01ST
B0301ST,05,068,District - Hardwar (13),Rural,35-59,Main workers_Persons,575,DDW-0500B-01ST-Census.xls,01ST
B0301ST,05,068,District - Hardwar (13),Rural,60+,Main workers_Persons,162,DDW-0500B-01ST-Census.xls,01ST
B0301ST,05,068,District - Hardwar (13),Rural,Age not stated,Main workers_Persons,3,DDW-0500B-01ST-Census.xls,01ST
B0301ST,05,068,District - Hardwar (13),Rural,15-59,Main workers_Persons,1190,DDW-0500B-01ST-Census.xls,01ST
B0301ST,05,068,District - Hardwar (13),Urban,Total,Main workers_Persons,269,DDW-0500B-01ST-Census.xls,01ST
B0301ST,05,068,District - Hardwar (13),Urban,5-14,Main workers_Persons,3,DDW-0500B-01ST-Census.xls,01ST
B0301ST,05,068,District - Hardwar (13),Urban,15-34,Main workers_Persons,134,DDW-0500B-01ST-Census.xls,01ST
B0301ST,05,068,District - Hardwar (13),Urban,35-59,Main workers_Persons,118,DDW-0500B-01ST-Census.xls,01ST
B0301ST,05,068,District - Hardwar (13),Urban,60+,Main workers_Persons,14,DDW-0500B-01ST-Census.xls,01ST
B0301ST,05,068,District - Hardwar (13),Urban,Age not stated,Main workers_Persons,0,DDW-0500B-01ST-Census.xls,01ST
B0301ST,05,068,District - Hardwar (13),Urban,15-59,Main workers_Persons,252,DDW-0500B-01ST-Census.xls,01ST
B0301ST,05,000,State - UTTARAKHAND (05),Total,Total,Main workers_Males,62791,DDW-0500B-01ST-Census.xls,01ST
B0301ST,05,000,State - UTTARAKHAND (05),Total,5-14,Main workers_Males,699,DDW-0500B-01ST-Census.xls,01ST
B0301ST,05,000,State - UTTARAKHAND (05),Total,15-34,Main workers_Males,25002,DDW-0500B-01ST-Census.xls,01ST
B0301ST,05,000,State - UTTARAKHAND (05),Total,35-59,Main workers_Males,28971,DDW-0500B-01ST-Census.xls,01ST
B0301ST,05,000,State - UTTARAKHAND (05),Total,60+,Main workers_Males,8058,DDW-0500B-01ST-Census.xls,01ST
B0301ST,05,000,State - UTTARAKHAND (05),Total,Age not stated,Main workers_Males,61,DDW-0500B-01ST-Census.xls,01ST
B0301ST,05,000,State - UTTARAKHAND (05),Total,15-59,Main workers_Males,53973,DDW-0500B-01ST-Census.xls,01ST
B0301ST,05,000,State - UTTARAKHAND (05),Rural,Total,Main workers_Males,56966,DDW-0500B-01ST-Census.xls,01ST
B0301ST,05,000,State - UTTARAKHAND (05),Rural,5-14,Main workers_Males,671,DDW-0500B-01ST-Census.xls,01ST
B0301ST,05,000,State - UTTARAKHAND (05),Rural,15-34,Main workers_Males,22895,DDW-0500B-01ST-Census.xls,01ST
B0301ST,05,000,State - UTTARAKHAND (05),Rural,35-59,Main workers_Males,25700,DDW-0500B-01ST-Census.xls,01ST
B0301ST,05,000,State - UTTARAKHAND (05),Rural,60+,Main workers_Males,7648,DDW-0500B-01ST-Census.xls,01ST
B0301ST,05,000,State - UTTARAKHAND (05),Rural,Age not stated,Main workers_Males,52,DDW-0500B-01ST-Census.xls,01ST
B0301ST,05,000,State - UTTARAKHAND (05),Rural,15-59,Main workers_Males,48595,DDW-0500B-01ST-Census.xls,01ST
B0301ST,05,000,State - UTTARAKHAND (05),Urban,Total,Main workers_Males,5825,DDW-0500B-01ST-Census.xls,01ST
B0301ST,05,000,State - UTTARAKHAND (05),Urban,5-14,Main workers_Males,28,DDW-0500B-01ST-Census.xls,01ST
B0301ST,05,000,State - UTTARAKHAND (05),Urban,15-34,Main workers_Males,2107,DDW-0500B-01ST-Census.xls,01ST
B0301ST,05,000,State - UTTARAKHAND (05),Urban,35-59,Main workers_Males,3271,DDW-0500B-01ST-Census.xls,01ST
B0301ST,05,000,State - UTTARAKHAND (05),Urban,60+,Main workers_Males,410,DDW-0500B-01ST-Census.xls,01ST
B0301ST,05,000,State - UTTARAKHAND (05),Urban,Age not stated,Main workers_Males,9,DDW-0500B-01ST-Census.xls,01ST
B0301ST,05,000,State - UTTARAKHAND (05),Urban,15-59,Main workers_Males,5378,DDW-0500B-01ST-Census.xls,01ST
B0301ST,05,056,District - Uttarkashi (01),Total,Total,Main workers_Males,661,DDW-0500B-01ST-Census.xls,01ST
B0301ST,05,056,District - Uttarkashi (01),Total,5-14,Main workers_Males,7,DDW-0500B-01ST-Census.xls,01ST
B0301ST,05,056,District - Uttarkashi (01),Total,15-34,Main workers_Males,222,DDW-0500B-01ST-Census.xls,01ST
B0301ST,05,056,District - Uttarkashi (01),Total,35-59,Main workers_Males,348,DDW-0500B-01ST-Census.xls,01ST
B0301ST,05,056,District - Uttarkashi (01),Total,60+,Main workers_Males,84,DDW-0500B-01ST-Census.xls,01ST
B0301ST,05,056,District - Uttarkashi (01),Total,Age not stated,Main workers_Males,0,DDW-0500B-01ST-Census.xls,01ST
B0301ST,05,056,District - Uttarkashi (01),Total,15-59,Main workers_Males,570,DDW-0500B-01ST-Census.xls,01ST
B0301ST,05,056,District - Uttarkashi (01),Rural,Total,Main workers_Males,626,DDW-0500B-01ST-Census.xls,01ST
B0301ST,05,056,District - Uttarkashi (01),Rural,5-14,Main workers_Males,7,DDW-0500B-01ST-Census.xls,01ST
B0301ST,05,056,District - Uttarkashi (01),Rural,15-34,Main workers_Males,204,DDW-0500B-01ST-Census.xls,01ST
B0301ST,05,056,District - Uttarkashi (01),Rural,35-59,Main workers_Males,331,DDW-0500B-01ST-Census.xls,01ST
B0301ST,05,056,District - Uttarkashi (01),Rural,60+,Main workers_Males,84,DDW-0500B-01ST-Census.xls,01ST
B0301ST,05,056,District - Uttarkashi (01),Rural,Age not stated,Main workers_Males,0,DDW-0500B-01ST-Census.xls,01ST
B0301ST,05,056,District - Uttarkashi (01),Rural,15-59,Main workers_Males,535,DDW-0500B-01ST-Census.xls,01ST
B0301ST,05,056,District - Uttarkashi (01),Urban,Total,Main workers_Males,35,DDW-0500B-01ST-Census.xls,01ST
B0301ST,05,056,District - Uttarkashi (01),Urban,5-14,Main workers_Males,0,DDW-0500B-01ST-Census.xls,01ST
B0301ST,05,056,District - Uttarkashi (01),Urban,15-34,Main workers_Males,18,DDW-0500B-01ST-Census.xls,01ST
B0301ST,05,056,District - Uttarkashi (01),Urban,35-59,Main workers_Males,17,DDW-0500B-01ST-Census.xls,01ST
B0301ST,05,056,District - Uttarkashi (01),Urban,60+,Main workers_Males,0,DDW-0500B-01ST-Census.xls,01ST
B0301ST,05,056,District - Uttarkashi (01),Urban,Age not stated,Main workers_Males,0,DDW-0500B-01ST-Census.xls,01ST
B0301ST,05,056,District - Uttarkashi (01),Urban,15-59,Main workers_Males,35,DDW-0500B-01ST-Census.xls,01ST
B0301ST,05,057,District - Chamoli (02),Total,Total,Main workers_Males,2157,DDW-0500B-01ST-Census.xls,01ST
B0301ST,05,057,District - Chamoli (02),Total,5-14,Main workers_Males,10,DDW-0500B-01ST-Census.xls,01ST
B0301ST,05,057,District - Chamoli (02),Total,15-34,Main workers_Males,822,DDW-0500B-01ST-Census.xls,01ST
B0301ST,05,057,District - Chamoli (02),Total,35-59,Main workers_Males,999,DDW-0500B-01ST-Census.xls,01ST
B0301ST,05,057,District - Chamoli (02),Total,60+,Main workers_Males,322,DDW-0500B-01ST-Census.xls,01ST
B0301ST,05,057,District - Chamoli (02),Total,Age not stated,Main workers_Males,4,DDW-0500B-01ST-Census.xls,01ST
B0301ST,05,057,District - Chamoli (02),Total,15-59,Main workers_Males,1821,DDW-0500B-01ST-Census.xls,01ST
B0301ST,05,057,District - Chamoli (02),Rural,Total,Main workers_Males,1489,DDW-0500B-01ST-Census.xls,01ST
B0301ST,05,057,District - Chamoli (02),Rural,5-14,Main workers_Males,10,DDW-0500B-01ST-Census.xls,01ST
B0301ST,05,057,District - Chamoli (02),Rural,15-34,Main workers_Males,588,DDW-0500B-01ST-Census.xls,01ST
B0301ST,05,057,District - Chamoli (02),Rural,35-59,Main workers_Males,645,DDW-0500B-01ST-Census.xls,01ST
B0301ST,05,057,District - Chamoli (02),Rural,60+,Main workers_Males,243,DDW-0500B-01ST-Census.xls,01ST
B0301ST,05,057,District - Chamoli (02),Rural,Age not stated,Main workers_Males,3,DDW-0500B-01ST-Census.xls,01ST
B0301ST,05,057,District - Chamoli (02),Rural,15-59,Main workers_Males,1233,DDW-0500B-01ST-Census.xls,01ST
B0301ST,05,057,District - Chamoli (02),Urban,Total,Main workers_Males,668,DDW-0500B-01ST-Census.xls,01ST
B0301ST,05,057,District - Chamoli (02),Urban,5-14,Main workers_Males,0,DDW-0500B-01ST-Census.xls,01ST
B0301ST,05,057,District - Chamoli (02),Urban,15-34,Main workers_Males,234,DDW-0500B-01ST-Census.xls,01ST
B0301ST,05,057,District - Chamoli (02),Urban,35-59,Main workers_Males,354,DDW-0500B-01ST-Census.xls,01ST
B0301ST,05,057,District - Chamoli (02),Urban,60+,Main workers_Males,79,DDW-0500B-01ST-Census.xls,01ST
B0301ST,05,057,District - Chamoli (02),Urban,Age not stated,Main workers_Males,1,DDW-0500B-01ST-Census.xls,01ST
B0301ST,05,057,District - Chamoli (02),Urban,15-59,Main workers_Males,588,DDW-0500B-01ST-Census.xls,01ST
B0301ST,05,058,District - Rudraprayag (03),Total,Total,Main workers_Males,93,DDW-0500B-01ST-Census.xls,01ST
B0301ST,05,058,District - Rudraprayag (03),Total,5-14,Main workers_Males,3,DDW-0500B-01ST-Census.xls,01ST
B0301ST,05,058,District - Rudraprayag (03),Total,15-34,Main workers_Males,44,DDW-0500B-01ST-Census.xls,01ST
B0301ST,05,058,District - Rudraprayag (03),Total,35-59,Main workers_Males,43,DDW-0500B-01ST-Census.xls,01ST
B0301ST,05,058,District - Rudraprayag (03),Total,60+,Main workers_Males,3,DDW-0500B-01ST-Census.xls,01ST
B0301ST,05,058,District - Rudraprayag (03),Total,Age not stated,Main workers_Males,0,DDW-0500B-01ST-Census.xls,01ST
B0301ST,05,058,District - Rudraprayag (03),Total,15-59,Main workers_Males,87,DDW-0500B-01ST-Census.xls,01ST
B0301ST,05,058,District - Rudraprayag (03),Rural,Total,Main workers_Males,73,DDW-0500B-01ST-Census.xls,01ST
B0301ST,05,058,District - Rudraprayag (03),Rural,5-14,Main workers_Males,3,DDW-0500B-01ST-Census.xls,01ST
B0301ST,05,058,District - Rudraprayag (03),Rural,15-34,Main workers_Males,39,DDW-0500B-01ST-Census.xls,01ST
B0301ST,05,058,District - Rudraprayag (03),Rural,35-59,Main workers_Males,29,DDW-0500B-01ST-Census.xls,01ST
B0301ST,05,058,District - Rudraprayag (03),Rural,60+,Main workers_Males,2,DDW-0500B-01ST-Census.xls,01ST
B0301ST,05,058,District - Rudraprayag (03),Rural,Age not stated,Main workers_Males,0,DDW-0500B-01ST-Census.xls,01ST
B0301ST,05,058,District - Rudraprayag (03),Rural,15-59,Main workers_Males,68,DDW-0500B-01ST-Census.xls,01ST
B0301ST,05,058,District - Rudraprayag (03),Urban,Total,Main workers_Males,20,DDW-0500B-01ST-Census.xls,01ST
B0301ST,05,058,District - Rudraprayag (03),Urban,5-14,Main workers_Males,0,DDW-0500B-01ST-Census.xls,01ST
B0301ST,05,058,District - Rudraprayag (03),Urban,15-34,Main workers_Males,5,DDW-0500B-01ST-Census.xls,01ST
B0301ST,05,058,District - Rudraprayag (03),Urban,35-59,Main workers_Males,14,DDW-0500B-01ST-Census.xls,01ST
B0301ST,05,058,District - Rudraprayag (03),Urban,60+,Main workers_Males,1,DDW-0500B-01ST-Census.xls,01ST
B0301ST,05,058,District - Rudraprayag (03),Urban,Age not stated,Main workers_Males,0,DDW-0500B-01ST-Census.xls,01ST
B0301ST,05,058,District - Rudraprayag (03),Urban,15-59,Main workers_Males,19,DDW-0500B-01ST-Census.xls,01ST
B0301ST,05,059,District - Tehri Garhwal (04),Total,Total,Main workers_Males,254,DDW-0500B-01ST-Census.xls,01ST
B0301ST,05,059,District - Tehri Garhwal (04),Total,5-14,Main workers_Males,5,DDW-0500B-01ST-Census.xls,01ST
B0301ST,05,059,District - Tehri Garhwal (04),Total,15-34,Main workers_Males,118,DDW-0500B-01ST-Census.xls,01ST
B0301ST,05,059,District - Tehri Garhwal (04),Total,35-59,Main workers_Males,123,DDW-0500B-01ST-Census.xls,01ST
B0301ST,05,059,District - Tehri Garhwal (04),Total,60+,Main workers_Males,7,DDW-0500B-01ST-Census.xls,01ST
B0301ST,05,059,District - Tehri Garhwal (04),Total,Age not stated,Main workers_Males,1,DDW-0500B-01ST-Census.xls,01ST
B0301ST,05,059,District - Tehri Garhwal (04),Total,15-59,Main workers_Males,241,DDW-0500B-01ST-Census.xls,01ST
B0301ST,05,059,District - Tehri Garhwal (04),Rural,Total,Main workers_Males,151,DDW-0500B-01ST-Census.xls,01ST
B0301ST,05,059,District - Tehri Garhwal (04),Rural,5-14,Main workers_Males,4,DDW-0500B-01ST-Census.xls,01ST
B0301ST,05,059,District - Tehri Garhwal (04),Rural,15-34,Main workers_Males,62,DDW-0500B-01ST-Census.xls,01ST
B0301ST,05,059,District - Tehri Garhwal (04),Rural,35-59,Main workers_Males,78,DDW-0500B-01ST-Census.xls,01ST
B0301ST,05,059,District - Tehri Garhwal (04),Rural,60+,Main workers_Males,6,DDW-0500B-01ST-Census.xls,01ST
B0301ST,05,059,District - Tehri Garhwal (04),Rural,Age not stated,Main workers_Males,1,DDW-0500B-01ST-Census.xls,01ST
B0301ST,05,059,District - Tehri Garhwal (04),Rural,15-59,Main workers_Males,140,DDW-0500B-01ST-Census.xls,01ST
B0301ST,05,059,District - Tehri Garhwal (04),Urban,Total,Main workers_Males,103,DDW-0500B-01ST-Census.xls,01ST
B0301ST,05,059,District - Tehri Garhwal (04),Urban,5-14,Main workers_Males,1,DDW-0500B-01ST-Census.xls,01ST
B0301ST,05,059,District - Tehri Garhwal (04),Urban,15-34,Main workers_Males,56,DDW-0500B-01ST-Census.xls,01ST
B0301ST,05,059,District - Tehri Garhwal (04),Urban,35-59,Main workers_Males,45,DDW-0500B-01ST-Census.xls,01ST
B0301ST,05,059,District - Tehri Garhwal (04),Urban,60+,Main workers_Males,1,DDW-0500B-01ST-Census.xls,01ST
B0301ST,05,059,District - Tehri Garhwal (04),Urban,Age not stated,Main workers_Males,0,DDW-0500B-01ST-Census.xls,01ST
B0301ST,05,059,District - Tehri Garhwal (04),Urban,15-59,Main workers_Males,101,DDW-0500B-01ST-Census.xls,01ST
B0301ST,05,060,District - Dehradun (05),Total,Total,Main workers_Males,24742,DDW-0500B-01ST-Census.xls,01ST
B0301ST,05,060,District - Dehradun (05),Total,5-14,Main workers_Males,406,DDW-0500B-01ST-Census.xls,01ST
B0301ST,05,060,District - Dehradun (05),Total,15-34,Main workers_Males,9526,DDW-0500B-01ST-Census.xls,01ST
B0301ST,05,060,District - Dehradun (05),Total,35-59,Main workers_Males,11212,DDW-0500B-01ST-Census.xls,01ST
B0301ST,05,060,District - Dehradun (05),Total,60+,Main workers_Males,3564,DDW-0500B-01ST-Census.xls,01ST
B0301ST,05,060,District - Dehradun (05),Total,Age not stated,Main workers_Males,34,DDW-0500B-01ST-Census.xls,01ST
B0301ST,05,060,District - Dehradun (05),Total,15-59,Main workers_Males,20738,DDW-0500B-01ST-Census.xls,01ST
B0301ST,05,060,District - Dehradun (05),Rural,Total,Main workers_Males,22470,DDW-0500B-01ST-Census.xls,01ST
B0301ST,05,060,District - Dehradun (05),Rural,5-14,Main workers_Males,397,DDW-0500B-01ST-Census.xls,01ST
B0301ST,05,060,District - Dehradun (05),Rural,15-34,Main workers_Males,8681,DDW-0500B-01ST-Census.xls,01ST
B0301ST,05,060,District - Dehradun (05),Rural,35-59,Main workers_Males,9929,DDW-0500B-01ST-Census.xls,01ST
B0301ST,05,060,District - Dehradun (05),Rural,60+,Main workers_Males,3436,DDW-0500B-01ST-Census.xls,01ST
B0301ST,05,060,District - Dehradun (05),Rural,Age not stated,Main workers_Males,27,DDW-0500B-01ST-Census.xls,01ST
B0301ST,05,060,District - Dehradun (05),Rural,15-59,Main workers_Males,18610,DDW-0500B-01ST-Census.xls,01ST
B0301ST,05,060,District - Dehradun (05),Urban,Total,Main workers_Males,2272,DDW-0500B-01ST-Census.xls,01ST
B0301ST,05,060,District - Dehradun (05),Urban,5-14,Main workers_Males,9,DDW-0500B-01ST-Census.xls,01ST
B0301ST,05,060,District - Dehradun (05),Urban,15-34,Main workers_Males,845,DDW-0500B-01ST-Census.xls,01ST
B0301ST,05,060,District - Dehradun (05),Urban,35-59,Main workers_Males,1283,DDW-0500B-01ST-Census.xls,01ST
B0301ST,05,060,District - Dehradun (05),Urban,60+,Main workers_Males,128,DDW-0500B-01ST-Census.xls,01ST
B0301ST,05,060,District - Dehradun (05),Urban,Age not stated,Main workers_Males,7,DDW-0500B-01ST-Census.xls,01ST
B0301ST,05,060,District - Dehradun (05),Urban,15-59,Main workers_Males,2128,DDW-0500B-01ST-Census.xls,01ST
B0301ST,05,061,District - Garhwal (06),Total,Total,Main workers_Males,383,DDW-0500B-01ST-Census.xls,01ST
B0301ST,05,061,District - Garhwal (06),Total,5-14,Main workers_Males,1,DDW-0500B-01ST-Census.xls,01ST
B0301ST,05,061,District - Garhwal (06),Total,15-34,Main workers_Males,161,DDW-0500B-01ST-Census.xls,01ST
B0301ST,05,061,District - Garhwal (06),Total,35-59,Main workers_Males,190,DDW-0500B-01ST-Census.xls,01ST
B0301ST,05,061,District - Garhwal (06),Total,60+,Main workers_Males,31,DDW-0500B-01ST-Census.xls,01ST
B0301ST,05,061,District - Garhwal (06),Total,Age not stated,Main workers_Males,0,DDW-0500B-01ST-Census.xls,01ST
B0301ST,05,061,District - Garhwal (06),Total,15-59,Main workers_Males,351,DDW-0500B-01ST-Census.xls,01ST
B0301ST,05,061,District - Garhwal (06),Rural,Total,Main workers_Males,302,DDW-0500B-01ST-Census.xls,01ST
B0301ST,05,061,District - Garhwal (06),Rural,5-14,Main workers_Males,1,DDW-0500B-01ST-Census.xls,01ST
B0301ST,05,061,District - Garhwal (06),Rural,15-34,Main workers_Males,123,DDW-0500B-01ST-Census.xls,01ST
B0301ST,05,061,District - Garhwal (06),Rural,35-59,Main workers_Males,148,DDW-0500B-01ST-Census.xls,01ST
B0301ST,05,061,District - Garhwal (06),Rural,60+,Main workers_Males,30,DDW-0500B-01ST-Census.xls,01ST
B0301ST,05,061,District - Garhwal (06),Rural,Age not stated,Main workers_Males,0,DDW-0500B-01ST-Census.xls,01ST
B0301ST,05,061,District - Garhwal (06),Rural,15-59,Main workers_Males,271,DDW-0500B-01ST-Census.xls,01ST
B0301ST,05,061,District - Garhwal (06),Urban,Total,Main workers_Males,81,DDW-0500B-01ST-Census.xls,01ST
B0301ST,05,061,District - Garhwal (06),Urban,5-14,Main workers_Males,0,DDW-0500B-01ST-Census.xls,01ST
B0301ST,05,061,District - Garhwal (06),Urban,15-34,Main workers_Males,38,DDW-0500B-01ST-Census.xls,01ST
B0301ST,05,061,District - Garhwal (06),Urban,35-59,Main workers_Males,42,DDW-0500B-01ST-Census.xls,01ST
B0301ST,05,061,District - Garhwal (06),Urban,60+,Main workers_Males,1,DDW-0500B-01ST-Census.xls,01ST
B0301ST,05,061,District - Garhwal (06),Urban,Age not stated,Main workers_Males,0,DDW-0500B-01ST-Census.xls,01ST
B0301ST,05,061,District - Garhwal (06),Urban,15-59,Main workers_Males,80,DDW-0500B-01ST-Census.xls,01ST
B0301ST,05,062,District - Pithoragarh (07),Total,Total,Main workers_Males,3780,DDW-0500B-01ST-Census.xls,01ST
B0301ST,05,062,District - Pithoragarh (07),Total,5-14,Main workers_Males,43,DDW-0500B-01ST-Census.xls,01ST
B0301ST,05,062,District - Pithoragarh (07),Total,15-34,Main workers_Males,1331,DDW-0500B-01ST-Census.xls,01ST
B0301ST,05,062,District - Pithoragarh (07),Total,35-59,Main workers_Males,1779,DDW-0500B-01ST-Census.xls,01ST
B0301ST,05,062,District - Pithoragarh (07),Total,60+,Main workers_Males,622,DDW-0500B-01ST-Census.xls,01ST
B0301ST,05,062,District - Pithoragarh (07),Total,Age not stated,Main workers_Males,5,DDW-0500B-01ST-Census.xls,01ST
B0301ST,05,062,District - Pithoragarh (07),Total,15-59,Main workers_Males,3110,DDW-0500B-01ST-Census.xls,01ST
B0301ST,05,062,District - Pithoragarh (07),Rural,Total,Main workers_Males,3165,DDW-0500B-01ST-Census.xls,01ST
B0301ST,05,062,District - Pithoragarh (07),Rural,5-14,Main workers_Males,43,DDW-0500B-01ST-Census.xls,01ST
B0301ST,05,062,District - Pithoragarh (07),Rural,15-34,Main workers_Males,1158,DDW-0500B-01ST-Census.xls,01ST
B0301ST,05,062,District - Pithoragarh (07),Rural,35-59,Main workers_Males,1396,DDW-0500B-01ST-Census.xls,01ST
B0301ST,05,062,District - Pithoragarh (07),Rural,60+,Main workers_Males,563,DDW-0500B-01ST-Census.xls,01ST
B0301ST,05,062,District - Pithoragarh (07),Rural,Age not stated,Main workers_Males,5,DDW-0500B-01ST-Census.xls,01ST
B0301ST,05,062,District - Pithoragarh (07),Rural,15-59,Main workers_Males,2554,DDW-0500B-01ST-Census.xls,01ST
B0301ST,05,062,District - Pithoragarh (07),Urban,Total,Main workers_Males,615,DDW-0500B-01ST-Census.xls,01ST
B0301ST,05,062,District - Pithoragarh (07),Urban,5-14,Main workers_Males,0,DDW-0500B-01ST-Census.xls,01ST
B0301ST,05,062,District - Pithoragarh (07),Urban,15-34,Main workers_Males,173,DDW-0500B-01ST-Census.xls,01ST
B0301ST,05,062,District - Pithoragarh (07),Urban,35-59,Main workers_Males,383,DDW-0500B-01ST-Census.xls,01ST
B0301ST,05,062,District - Pithoragarh (07),Urban,60+,Main workers_Males,59,DDW-0500B-01ST-Census.xls,01ST
B0301ST,05,062,District - Pithoragarh (07),Urban,Age not stated,Main workers_Males,0,DDW-0500B-01ST-Census.xls,01ST
B0301ST,05,062,District - Pithoragarh (07),Urban,15-59,Main workers_Males,556,DDW-0500B-01ST-Census.xls,01ST
B0301ST,05,063,District - Bageshwar (08),Total,Total,Main workers_Males,344,DDW-0500B-01ST-Census.xls,01ST
B0301ST,05,063,District - Bageshwar (08),Total,5-14,Main workers_Males,1,DDW-0500B-01ST-Census.xls,01ST
B0301ST,05,063,District - Bageshwar (08),Total,15-34,Main workers_Males,124,DDW-0500B-01ST-Census.xls,01ST
B0301ST,05,063,District - Bageshwar (08),Total,35-59,Main workers_Males,157,DDW-0500B-01ST-Census.xls,01ST
B0301ST,05,063,District - Bageshwar (08),Total,60+,Main workers_Males,62,DDW-0500B-01ST-Census.xls,01ST
B0301ST,05,063,District - Bageshwar (08),Total,Age not stated,Main workers_Males,0,DDW-0500B-01ST-Census.xls,01ST
B0301ST,05,063,District - Bageshwar (08),Total,15-59,Main workers_Males,281,DDW-0500B-01ST-Census.xls,01ST
B0301ST,05,063,District - Bageshwar (08),Rural,Total,Main workers_Males,317,DDW-0500B-01ST-Census.xls,01ST
B0301ST,05,063,District - Bageshwar (08),Rural,5-14,Main workers_Males,1,DDW-0500B-01ST-Census.xls,01ST
B0301ST,05,063,District - Bageshwar (08),Rural,15-34,Main workers_Males,117,DDW-0500B-01ST-Census.xls,01ST
B0301ST,05,063,District - Bageshwar (08),Rural,35-59,Main workers_Males,139,DDW-0500B-01ST-Census.xls,01ST
B0301ST,05,063,District - Bageshwar (08),Rural,60+,Main workers_Males,60,DDW-0500B-01ST-Census.xls,01ST
B0301ST,05,063,District - Bageshwar (08),Rural,Age not stated,Main workers_Males,0,DDW-0500B-01ST-Census.xls,01ST
B0301ST,05,063,District - Bageshwar (08),Rural,15-59,Main workers_Males,256,DDW-0500B-01ST-Census.xls,01ST
B0301ST,05,063,District - Bageshwar (08),Urban,Total,Main workers_Males,27,DDW-0500B-01ST-Census.xls,01ST
B0301ST,05,063,District - Bageshwar (08),Urban,5-14,Main workers_Males,0,DDW-0500B-01ST-Census.xls,01ST
B0301ST,05,063,District - Bageshwar (08),Urban,15-34,Main workers_Males,7,DDW-0500B-01ST-Census.xls,01ST
B0301ST,05,063,District - Bageshwar (08),Urban,35-59,Main workers_Males,18,DDW-0500B-01ST-Census.xls,01ST
B0301ST,05,063,District - Bageshwar (08),Urban,60+,Main workers_Males,2,DDW-0500B-01ST-Census.xls,01ST
B0301ST,05,063,District - Bageshwar (08),Urban,Age not stated,Main workers_Males,0,DDW-0500B-01ST-Census.xls,01ST
B0301ST,05,063,District - Bageshwar (08),Urban,15-59,Main workers_Males,25,DDW-0500B-01ST-Census.xls,01ST
B0301ST,05,064,"District - Almora
 (09)",Total,Total,Main workers_Males,270,DDW-0500B-01ST-Census.xls,01ST
B0301ST,05,064,"District - Almora
 (09)",Total,5-14,Main workers_Males,1,DDW-0500B-01ST-Census.xls,01ST
B0301ST,05,064,"District - Almora
 (09)",Total,15-34,Main workers_Males,81,DDW-0500B-01ST-Census.xls,01ST
B0301ST,05,064,"District - Almora
 (09)",Total,35-59,Main workers_Males,177,DDW-0500B-01ST-Census.xls,01ST
B0301ST,05,064,"District - Almora
 (09)",Total,60+,Main workers_Males,11,DDW-0500B-01ST-Census.xls,01ST
B0301ST,05,064,"District - Almora
 (09)",Total,Age not stated,Main workers_Males,0,DDW-0500B-01ST-Census.xls,01ST
B0301ST,05,064,"District - Almora
 (09)",Total,15-59,Main workers_Males,258,DDW-0500B-01ST-Census.xls,01ST
B0301ST,05,064,"District - Almora
 (09)",Rural,Total,Main workers_Males,163,DDW-0500B-01ST-Census.xls,01ST
B0301ST,05,064,"District - Almora
 (09)",Rural,5-14,Main workers_Males,1,DDW-0500B-01ST-Census.xls,01ST
B0301ST,05,064,"District - Almora
 (09)",Rural,15-34,Main workers_Males,55,DDW-0500B-01ST-Census.xls,01ST
B0301ST,05,064,"District - Almora
 (09)",Rural,35-59,Main workers_Males,96,DDW-0500B-01ST-Census.xls,01ST
B0301ST,05,064,"District - Almora
 (09)",Rural,60+,Main workers_Males,11,DDW-0500B-01ST-Census.xls,01ST
B0301ST,05,064,"District - Almora
 (09)",Rural,Age not stated,Main workers_Males,0,DDW-0500B-01ST-Census.xls,01ST
B0301ST,05,064,"District - Almora
 (09)",Rural,15-59,Main workers_Males,151,DDW-0500B-01ST-Census.xls,01ST
B0301ST,05,064,"District - Almora
 (09)",Urban,Total,Main workers_Males,107,DDW-0500B-01ST-Census.xls,01ST
B0301ST,05,064,"District - Almora
 (09)",Urban,5-14,Main workers_Males,0,DDW-0500B-01ST-Census.xls,01ST
B0301ST,05,064,"District - Almora
 (09)",Urban,15-34,Main workers_Males,26,DDW-0500B-01ST-Census.xls,01ST
B0301ST,05,064,"District - Almora
 (09)",Urban,35-59,Main workers_Males,81,DDW-0500B-01ST-Census.xls,01ST
B0301ST,05,064,"District - Almora
 (09)",Urban,60+,Main workers_Males,0,DDW-0500B-01ST-Census.xls,01ST
B0301ST,05,064,"District - Almora
 (09)",Urban,Age not stated,Main workers_Males,0,DDW-0500B-01ST-Census.xls,01ST
B0301ST,05,064,"District - Almora
 (09)",Urban,15-59,Main workers_Males,107,DDW-0500B-01ST-Census.xls,01ST
B0301ST,05,065,District - Champawat (10),Total,Total,Main workers_Males,436,DDW-0500B-01ST-Census.xls,01ST
B0301ST,05,065,District - Champawat (10),Total,5-14,Main workers_Males,2,DDW-0500B-01ST-Census.xls,01ST
B0301ST,05,065,District - Champawat (10),Total,15-34,Main workers_Males,184,DDW-0500B-01ST-Census.xls,01ST
B0301ST,05,065,District - Champawat (10),Total,35-59,Main workers_Males,223,DDW-0500B-01ST-Census.xls,01ST
B0301ST,05,065,District - Champawat (10),Total,60+,Main workers_Males,27,DDW-0500B-01ST-Census.xls,01ST
B0301ST,05,065,District - Champawat (10),Total,Age not stated,Main workers_Males,0,DDW-0500B-01ST-Census.xls,01ST
B0301ST,05,065,District - Champawat (10),Total,15-59,Main workers_Males,407,DDW-0500B-01ST-Census.xls,01ST
B0301ST,05,065,District - Champawat (10),Rural,Total,Main workers_Males,360,DDW-0500B-01ST-Census.xls,01ST
B0301ST,05,065,District - Champawat (10),Rural,5-14,Main workers_Males,2,DDW-0500B-01ST-Census.xls,01ST
B0301ST,05,065,District - Champawat (10),Rural,15-34,Main workers_Males,162,DDW-0500B-01ST-Census.xls,01ST
B0301ST,05,065,District - Champawat (10),Rural,35-59,Main workers_Males,173,DDW-0500B-01ST-Census.xls,01ST
B0301ST,05,065,District - Champawat (10),Rural,60+,Main workers_Males,23,DDW-0500B-01ST-Census.xls,01ST
B0301ST,05,065,District - Champawat (10),Rural,Age not stated,Main workers_Males,0,DDW-0500B-01ST-Census.xls,01ST
B0301ST,05,065,District - Champawat (10),Rural,15-59,Main workers_Males,335,DDW-0500B-01ST-Census.xls,01ST
B0301ST,05,065,District - Champawat (10),Urban,Total,Main workers_Males,76,DDW-0500B-01ST-Census.xls,01ST
B0301ST,05,065,District - Champawat (10),Urban,5-14,Main workers_Males,0,DDW-0500B-01ST-Census.xls,01ST
B0301ST,05,065,District - Champawat (10),Urban,15-34,Main workers_Males,22,DDW-0500B-01ST-Census.xls,01ST
B0301ST,05,065,District - Champawat (10),Urban,35-59,Main workers_Males,50,DDW-0500B-01ST-Census.xls,01ST
B0301ST,05,065,District - Champawat (10),Urban,60+,Main workers_Males,4,DDW-0500B-01ST-Census.xls,01ST
B0301ST,05,065,District - Champawat (10),Urban,Age not stated,Main workers_Males,0,DDW-0500B-01ST-Census.xls,01ST
B0301ST,05,065,District - Champawat (10),Urban,15-59,Main workers_Males,72,DDW-0500B-01ST-Census.xls,01ST
B0301ST,05,066,District - Nainital (11),Total,Total,Main workers_Males,1708,DDW-0500B-01ST-Census.xls,01ST
B0301ST,05,066,District - Nainital (11),Total,5-14,Main workers_Males,17,DDW-0500B-01ST-Census.xls,01ST
B0301ST,05,066,District - Nainital (11),Total,15-34,Main workers_Males,711,DDW-0500B-01ST-Census.xls,01ST
B0301ST,05,066,District - Nainital (11),Total,35-59,Main workers_Males,842,DDW-0500B-01ST-Census.xls,01ST
B0301ST,05,066,District - Nainital (11),Total,60+,Main workers_Males,135,DDW-0500B-01ST-Census.xls,01ST
B0301ST,05,066,District - Nainital (11),Total,Age not stated,Main workers_Males,3,DDW-0500B-01ST-Census.xls,01ST
B0301ST,05,066,District - Nainital (11),Total,15-59,Main workers_Males,1553,DDW-0500B-01ST-Census.xls,01ST
B0301ST,05,066,District - Nainital (11),Rural,Total,Main workers_Males,1302,DDW-0500B-01ST-Census.xls,01ST
B0301ST,05,066,District - Nainital (11),Rural,5-14,Main workers_Males,11,DDW-0500B-01ST-Census.xls,01ST
B0301ST,05,066,District - Nainital (11),Rural,15-34,Main workers_Males,589,DDW-0500B-01ST-Census.xls,01ST
B0301ST,05,066,District - Nainital (11),Rural,35-59,Main workers_Males,588,DDW-0500B-01ST-Census.xls,01ST
B0301ST,05,066,District - Nainital (11),Rural,60+,Main workers_Males,111,DDW-0500B-01ST-Census.xls,01ST
B0301ST,05,066,District - Nainital (11),Rural,Age not stated,Main workers_Males,3,DDW-0500B-01ST-Census.xls,01ST
B0301ST,05,066,District - Nainital (11),Rural,15-59,Main workers_Males,1177,DDW-0500B-01ST-Census.xls,01ST
B0301ST,05,066,District - Nainital (11),Urban,Total,Main workers_Males,406,DDW-0500B-01ST-Census.xls,01ST
B0301ST,05,066,District - Nainital (11),Urban,5-14,Main workers_Males,6,DDW-0500B-01ST-Census.xls,01ST
B0301ST,05,066,District - Nainital (11),Urban,15-34,Main workers_Males,122,DDW-0500B-01ST-Census.xls,01ST
B0301ST,05,066,District - Nainital (11),Urban,35-59,Main workers_Males,254,DDW-0500B-01ST-Census.xls,01ST
B0301ST,05,066,District - Nainital (11),Urban,60+,Main workers_Males,24,DDW-0500B-01ST-Census.xls,01ST
B0301ST,05,066,District - Nainital (11),Urban,Age not stated,Main workers_Males,0,DDW-0500B-01ST-Census.xls,01ST
B0301ST,05,066,District - Nainital (11),Urban,15-59,Main workers_Males,376,DDW-0500B-01ST-Census.xls,01ST
B0301ST,05,067,District - Udham Singh Nagar (12),Total,Total,Main workers_Males,26618,DDW-0500B-01ST-Census.xls,01ST
B0301ST,05,067,District - Udham Singh Nagar (12),Total,5-14,Main workers_Males,182,DDW-0500B-01ST-Census.xls,01ST
B0301ST,05,067,District - Udham Singh Nagar (12),Total,15-34,Main workers_Males,11049,DDW-0500B-01ST-Census.xls,01ST
B0301ST,05,067,District - Udham Singh Nagar (12),Total,35-59,Main workers_Males,12325,DDW-0500B-01ST-Census.xls,01ST
B0301ST,05,067,District - Udham Singh Nagar (12),Total,60+,Main workers_Males,3051,DDW-0500B-01ST-Census.xls,01ST
B0301ST,05,067,District - Udham Singh Nagar (12),Total,Age not stated,Main workers_Males,11,DDW-0500B-01ST-Census.xls,01ST
B0301ST,05,067,District - Udham Singh Nagar (12),Total,15-59,Main workers_Males,23374,DDW-0500B-01ST-Census.xls,01ST
B0301ST,05,067,District - Udham Singh Nagar (12),Rural,Total,Main workers_Males,25440,DDW-0500B-01ST-Census.xls,01ST
B0301ST,05,067,District - Udham Singh Nagar (12),Rural,5-14,Main workers_Males,172,DDW-0500B-01ST-Census.xls,01ST
B0301ST,05,067,District - Udham Singh Nagar (12),Rural,15-34,Main workers_Males,10605,DDW-0500B-01ST-Census.xls,01ST
B0301ST,05,067,District - Udham Singh Nagar (12),Rural,35-59,Main workers_Males,11699,DDW-0500B-01ST-Census.xls,01ST
B0301ST,05,067,District - Udham Singh Nagar (12),Rural,60+,Main workers_Males,2954,DDW-0500B-01ST-Census.xls,01ST
B0301ST,05,067,District - Udham Singh Nagar (12),Rural,Age not stated,Main workers_Males,10,DDW-0500B-01ST-Census.xls,01ST
B0301ST,05,067,District - Udham Singh Nagar (12),Rural,15-59,Main workers_Males,22304,DDW-0500B-01ST-Census.xls,01ST
B0301ST,05,067,District - Udham Singh Nagar (12),Urban,Total,Main workers_Males,1178,DDW-0500B-01ST-Census.xls,01ST
B0301ST,05,067,District - Udham Singh Nagar (12),Urban,5-14,Main workers_Males,10,DDW-0500B-01ST-Census.xls,01ST
B0301ST,05,067,District - Udham Singh Nagar (12),Urban,15-34,Main workers_Males,444,DDW-0500B-01ST-Census.xls,01ST
B0301ST,05,067,District - Udham Singh Nagar (12),Urban,35-59,Main workers_Males,626,DDW-0500B-01ST-Census.xls,01ST
B0301ST,05,067,District - Udham Singh Nagar (12),Urban,60+,Main workers_Males,97,DDW-0500B-01ST-Census.xls,01ST
B0301ST,05,067,District - Udham Singh Nagar (12),Urban,Age not stated,Main workers_Males,1,DDW-0500B-01ST-Census.xls,01ST
B0301ST,05,067,District - Udham Singh Nagar (12),Urban,15-59,Main workers_Males,1070,DDW-0500B-01ST-Census.xls,01ST
B0301ST,05,068,District - Hardwar (13),Total,Total,Main workers_Males,1345,DDW-0500B-01ST-Census.xls,01ST
B0301ST,05,068,District - Hardwar (13),Total,5-14,Main workers_Males,21,DDW-0500B-01ST-Census.xls,01ST
B0301ST,05,068,District - Hardwar (13),Total,15-34,Main workers_Males,629,DDW-0500B-01ST-Census.xls,01ST
B0301ST,05,068,District - Hardwar (13),Total,35-59,Main workers_Males,553,DDW-0500B-01ST-Census.xls,01ST
B0301ST,05,068,District - Hardwar (13),Total,60+,Main workers_Males,139,DDW-0500B-01ST-Census.xls,01ST
B0301ST,05,068,District - Hardwar (13),Total,Age not stated,Main workers_Males,3,DDW-0500B-01ST-Census.xls,01ST
B0301ST,05,068,District - Hardwar (13),Total,15-59,Main workers_Males,1182,DDW-0500B-01ST-Census.xls,01ST
B0301ST,05,068,District - Hardwar (13),Rural,Total,Main workers_Males,1108,DDW-0500B-01ST-Census.xls,01ST
B0301ST,05,068,District - Hardwar (13),Rural,5-14,Main workers_Males,19,DDW-0500B-01ST-Census.xls,01ST
B0301ST,05,068,District - Hardwar (13),Rural,15-34,Main workers_Males,512,DDW-0500B-01ST-Census.xls,01ST
B0301ST,05,068,District - Hardwar (13),Rural,35-59,Main workers_Males,449,DDW-0500B-01ST-Census.xls,01ST
B0301ST,05,068,District - Hardwar (13),Rural,60+,Main workers_Males,125,DDW-0500B-01ST-Census.xls,01ST
B0301ST,05,068,District - Hardwar (13),Rural,Age not stated,Main workers_Males,3,DDW-0500B-01ST-Census.xls,01ST
B0301ST,05,068,District - Hardwar (13),Rural,15-59,Main workers_Males,961,DDW-0500B-01ST-Census.xls,01ST
B0301ST,05,068,District - Hardwar (13),Urban,Total,Main workers_Males,237,DDW-0500B-01ST-Census.xls,01ST
B0301ST,05,068,District - Hardwar (13),Urban,5-14,Main workers_Males,2,DDW-0500B-01ST-Census.xls,01ST
B0301ST,05,068,District - Hardwar (13),Urban,15-34,Main workers_Males,117,DDW-0500B-01ST-Census.xls,01ST
B0301ST,05,068,District - Hardwar (13),Urban,35-59,Main workers_Males,104,DDW-0500B-01ST-Census.xls,01ST
B0301ST,05,068,District - Hardwar (13),Urban,60+,Main workers_Males,14,DDW-0500B-01ST-Census.xls,01ST
B0301ST,05,068,District - Hardwar (13),Urban,Age not stated,Main workers_Males,0,DDW-0500B-01ST-Census.xls,01ST
B0301ST,05,068,District - Hardwar (13),Urban,15-59,Main workers_Males,221,DDW-0500B-01ST-Census.xls,01ST
B0301ST,05,000,State - UTTARAKHAND (05),Total,Total,Main workers_Females,27607,DDW-0500B-01ST-Census.xls,01ST
B0301ST,05,000,State - UTTARAKHAND (05),Total,5-14,Main workers_Females,497,DDW-0500B-01ST-Census.xls,01ST
B0301ST,05,000,State - UTTARAKHAND (05),Total,15-34,Main workers_Females,11484,DDW-0500B-01ST-Census.xls,01ST
B0301ST,05,000,State - UTTARAKHAND (05),Total,35-59,Main workers_Females,12396,DDW-0500B-01ST-Census.xls,01ST
B0301ST,05,000,State - UTTARAKHAND (05),Total,60+,Main workers_Females,3199,DDW-0500B-01ST-Census.xls,01ST
B0301ST,05,000,State - UTTARAKHAND (05),Total,Age not stated,Main workers_Females,31,DDW-0500B-01ST-Census.xls,01ST
B0301ST,05,000,State - UTTARAKHAND (05),Total,15-59,Main workers_Females,23880,DDW-0500B-01ST-Census.xls,01ST
B0301ST,05,000,State - UTTARAKHAND (05),Rural,Total,Main workers_Females,25854,DDW-0500B-01ST-Census.xls,01ST
B0301ST,05,000,State - UTTARAKHAND (05),Rural,5-14,Main workers_Females,482,DDW-0500B-01ST-Census.xls,01ST
B0301ST,05,000,State - UTTARAKHAND (05),Rural,15-34,Main workers_Females,10821,DDW-0500B-01ST-Census.xls,01ST
B0301ST,05,000,State - UTTARAKHAND (05),Rural,35-59,Main workers_Females,11441,DDW-0500B-01ST-Census.xls,01ST
B0301ST,05,000,State - UTTARAKHAND (05),Rural,60+,Main workers_Females,3080,DDW-0500B-01ST-Census.xls,01ST
B0301ST,05,000,State - UTTARAKHAND (05),Rural,Age not stated,Main workers_Females,30,DDW-0500B-01ST-Census.xls,01ST
B0301ST,05,000,State - UTTARAKHAND (05),Rural,15-59,Main workers_Females,22262,DDW-0500B-01ST-Census.xls,01ST
B0301ST,05,000,State - UTTARAKHAND (05),Urban,Total,Main workers_Females,1753,DDW-0500B-01ST-Census.xls,01ST
B0301ST,05,000,State - UTTARAKHAND (05),Urban,5-14,Main workers_Females,15,DDW-0500B-01ST-Census.xls,01ST
B0301ST,05,000,State - UTTARAKHAND (05),Urban,15-34,Main workers_Females,663,DDW-0500B-01ST-Census.xls,01ST
B0301ST,05,000,State - UTTARAKHAND (05),Urban,35-59,Main workers_Females,955,DDW-0500B-01ST-Census.xls,01ST
B0301ST,05,000,State - UTTARAKHAND (05),Urban,60+,Main workers_Females,119,DDW-0500B-01ST-Census.xls,01ST
B0301ST,05,000,State - UTTARAKHAND (05),Urban,Age not stated,Main workers_Females,1,DDW-0500B-01ST-Census.xls,01ST
B0301ST,05,000,State - UTTARAKHAND (05),Urban,15-59,Main workers_Females,1618,DDW-0500B-01ST-Census.xls,01ST
B0301ST,05,056,District - Uttarkashi (01),Total,Total,Main workers_Females,569,DDW-0500B-01ST-Census.xls,01ST
B0301ST,05,056,District - Uttarkashi (01),Total,5-14,Main workers_Females,6,DDW-0500B-01ST-Census.xls,01ST
B0301ST,05,056,District - Uttarkashi (01),Total,15-34,Main workers_Females,219,DDW-0500B-01ST-Census.xls,01ST
B0301ST,05,056,District - Uttarkashi (01),Total,35-59,Main workers_Females,260,DDW-0500B-01ST-Census.xls,01ST
B0301ST,05,056,District - Uttarkashi (01),Total,60+,Main workers_Females,84,DDW-0500B-01ST-Census.xls,01ST
B0301ST,05,056,District - Uttarkashi (01),Total,Age not stated,Main workers_Females,0,DDW-0500B-01ST-Census.xls,01ST
B0301ST,05,056,District - Uttarkashi (01),Total,15-59,Main workers_Females,479,DDW-0500B-01ST-Census.xls,01ST
B0301ST,05,056,District - Uttarkashi (01),Rural,Total,Main workers_Females,558,DDW-0500B-01ST-Census.xls,01ST
B0301ST,05,056,District - Uttarkashi (01),Rural,5-14,Main workers_Females,6,DDW-0500B-01ST-Census.xls,01ST
B0301ST,05,056,District - Uttarkashi (01),Rural,15-34,Main workers_Females,215,DDW-0500B-01ST-Census.xls,01ST
B0301ST,05,056,District - Uttarkashi (01),Rural,35-59,Main workers_Females,255,DDW-0500B-01ST-Census.xls,01ST
B0301ST,05,056,District - Uttarkashi (01),Rural,60+,Main workers_Females,82,DDW-0500B-01ST-Census.xls,01ST
B0301ST,05,056,District - Uttarkashi (01),Rural,Age not stated,Main workers_Females,0,DDW-0500B-01ST-Census.xls,01ST
B0301ST,05,056,District - Uttarkashi (01),Rural,15-59,Main workers_Females,470,DDW-0500B-01ST-Census.xls,01ST
B0301ST,05,056,District - Uttarkashi (01),Urban,Total,Main workers_Females,11,DDW-0500B-01ST-Census.xls,01ST
B0301ST,05,056,District - Uttarkashi (01),Urban,5-14,Main workers_Females,0,DDW-0500B-01ST-Census.xls,01ST
B0301ST,05,056,District - Uttarkashi (01),Urban,15-34,Main workers_Females,4,DDW-0500B-01ST-Census.xls,01ST
B0301ST,05,056,District - Uttarkashi (01),Urban,35-59,Main workers_Females,5,DDW-0500B-01ST-Census.xls,01ST
B0301ST,05,056,District - Uttarkashi (01),Urban,60+,Main workers_Females,2,DDW-0500B-01ST-Census.xls,01ST
B0301ST,05,056,District - Uttarkashi (01),Urban,Age not stated,Main workers_Females,0,DDW-0500B-01ST-Census.xls,01ST
B0301ST,05,056,District - Uttarkashi (01),Urban,15-59,Main workers_Females,9,DDW-0500B-01ST-Census.xls,01ST
B0301ST,05,057,District - Chamoli (02),Total,Total,Main workers_Females,1733,DDW-0500B-01ST-Census.xls,01ST
B0301ST,05,057,District - Chamoli (02),Total,5-14,Main workers_Females,10,DDW-0500B-01ST-Census.xls,01ST
B0301ST,05,057,District - Chamoli (02),Total,15-34,Main workers_Females,560,DDW-0500B-01ST-Census.xls,01ST
B0301ST,05,057,District - Chamoli (02),Total,35-59,Main workers_Females,824,DDW-0500B-01ST-Census.xls,01ST
B0301ST,05,057,District - Chamoli (02),Total,60+,Main workers_Females,338,DDW-0500B-01ST-Census.xls,01ST
B0301ST,05,057,District - Chamoli (02),Total,Age not stated,Main workers_Females,1,DDW-0500B-01ST-Census.xls,01ST
B0301ST,05,057,District - Chamoli (02),Total,15-59,Main workers_Females,1384,DDW-0500B-01ST-Census.xls,01ST
B0301ST,05,057,District - Chamoli (02),Rural,Total,Main workers_Females,1329,DDW-0500B-01ST-Census.xls,01ST
B0301ST,05,057,District - Chamoli (02),Rural,5-14,Main workers_Females,10,DDW-0500B-01ST-Census.xls,01ST
B0301ST,05,057,District - Chamoli (02),Rural,15-34,Main workers_Females,434,DDW-0500B-01ST-Census.xls,01ST
B0301ST,05,057,District - Chamoli (02),Rural,35-59,Main workers_Females,594,DDW-0500B-01ST-Census.xls,01ST
B0301ST,05,057,District - Chamoli (02),Rural,60+,Main workers_Females,290,DDW-0500B-01ST-Census.xls,01ST
B0301ST,05,057,District - Chamoli (02),Rural,Age not stated,Main workers_Females,1,DDW-0500B-01ST-Census.xls,01ST
B0301ST,05,057,District - Chamoli (02),Rural,15-59,Main workers_Females,1028,DDW-0500B-01ST-Census.xls,01ST
B0301ST,05,057,District - Chamoli (02),Urban,Total,Main workers_Females,404,DDW-0500B-01ST-Census.xls,01ST
B0301ST,05,057,District - Chamoli (02),Urban,5-14,Main workers_Females,0,DDW-0500B-01ST-Census.xls,01ST
B0301ST,05,057,District - Chamoli (02),Urban,15-34,Main workers_Females,126,DDW-0500B-01ST-Census.xls,01ST
B0301ST,05,057,District - Chamoli (02),Urban,35-59,Main workers_Females,230,DDW-0500B-01ST-Census.xls,01ST
B0301ST,05,057,District - Chamoli (02),Urban,60+,Main workers_Females,48,DDW-0500B-01ST-Census.xls,01ST
B0301ST,05,057,District - Chamoli (02),Urban,Age not stated,Main workers_Females,0,DDW-0500B-01ST-Census.xls,01ST
B0301ST,05,057,District - Chamoli (02),Urban,15-59,Main workers_Females,356,DDW-0500B-01ST-Census.xls,01ST
B0301ST,05,058,District - Rudraprayag (03),Total,Total,Main workers_Females,49,DDW-0500B-01ST-Census.xls,01ST
B0301ST,05,058,District - Rudraprayag (03),Total,5-14,Main workers_Females,1,DDW-0500B-01ST-Census.xls,01ST
B0301ST,05,058,District - Rudraprayag (03),Total,15-34,Main workers_Females,24,DDW-0500B-01ST-Census.xls,01ST
B0301ST,05,058,District - Rudraprayag (03),Total,35-59,Main workers_Females,22,DDW-0500B-01ST-Census.xls,01ST
B0301ST,05,058,District - Rudraprayag (03),Total,60+,Main workers_Females,2,DDW-0500B-01ST-Census.xls,01ST
B0301ST,05,058,District - Rudraprayag (03),Total,Age not stated,Main workers_Females,0,DDW-0500B-01ST-Census.xls,01ST
B0301ST,05,058,District - Rudraprayag (03),Total,15-59,Main workers_Females,46,DDW-0500B-01ST-Census.xls,01ST
B0301ST,05,058,District - Rudraprayag (03),Rural,Total,Main workers_Females,38,DDW-0500B-01ST-Census.xls,01ST
B0301ST,05,058,District - Rudraprayag (03),Rural,5-14,Main workers_Females,1,DDW-0500B-01ST-Census.xls,01ST
B0301ST,05,058,District - Rudraprayag (03),Rural,15-34,Main workers_Females,19,DDW-0500B-01ST-Census.xls,01ST
B0301ST,05,058,District - Rudraprayag (03),Rural,35-59,Main workers_Females,16,DDW-0500B-01ST-Census.xls,01ST
B0301ST,05,058,District - Rudraprayag (03),Rural,60+,Main workers_Females,2,DDW-0500B-01ST-Census.xls,01ST
B0301ST,05,058,District - Rudraprayag (03),Rural,Age not stated,Main workers_Females,0,DDW-0500B-01ST-Census.xls,01ST
B0301ST,05,058,District - Rudraprayag (03),Rural,15-59,Main workers_Females,35,DDW-0500B-01ST-Census.xls,01ST
B0301ST,05,058,District - Rudraprayag (03),Urban,Total,Main workers_Females,11,DDW-0500B-01ST-Census.xls,01ST
B0301ST,05,058,District - Rudraprayag (03),Urban,5-14,Main workers_Females,0,DDW-0500B-01ST-Census.xls,01ST
B0301ST,05,058,District - Rudraprayag (03),Urban,15-34,Main workers_Females,5,DDW-0500B-01ST-Census.xls,01ST
B0301ST,05,058,District - Rudraprayag (03),Urban,35-59,Main workers_Females,6,DDW-0500B-01ST-Census.xls,01ST
B0301ST,05,058,District - Rudraprayag (03),Urban,60+,Main workers_Females,0,DDW-0500B-01ST-Census.xls,01ST
B0301ST,05,058,District - Rudraprayag (03),Urban,Age not stated,Main workers_Females,0,DDW-0500B-01ST-Census.xls,01ST
B0301ST,05,058,District - Rudraprayag (03),Urban,15-59,Main workers_Females,11,DDW-0500B-01ST-Census.xls,01ST
B0301ST,05,059,District - Tehri Garhwal (04),Total,Total,Main workers_Females,102,DDW-0500B-01ST-Census.xls,01ST
B0301ST,05,059,District - Tehri Garhwal (04),Total,5-14,Main workers_Females,5,DDW-0500B-01ST-Census.xls,01ST
B0301ST,05,059,District - Tehri Garhwal (04),Total,15-34,Main workers_Females,45,DDW-0500B-01ST-Census.xls,01ST
B0301ST,05,059,District - Tehri Garhwal (04),Total,35-59,Main workers_Females,44,DDW-0500B-01ST-Census.xls,01ST
B0301ST,05,059,District - Tehri Garhwal (04),Total,60+,Main workers_Females,8,DDW-0500B-01ST-Census.xls,01ST
B0301ST,05,059,District - Tehri Garhwal (04),Total,Age not stated,Main workers_Females,0,DDW-0500B-01ST-Census.xls,01ST
B0301ST,05,059,District - Tehri Garhwal (04),Total,15-59,Main workers_Females,89,DDW-0500B-01ST-Census.xls,01ST
B0301ST,05,059,District - Tehri Garhwal (04),Rural,Total,Main workers_Females,93,DDW-0500B-01ST-Census.xls,01ST
B0301ST,05,059,District - Tehri Garhwal (04),Rural,5-14,Main workers_Females,5,DDW-0500B-01ST-Census.xls,01ST
B0301ST,05,059,District - Tehri Garhwal (04),Rural,15-34,Main workers_Females,41,DDW-0500B-01ST-Census.xls,01ST
B0301ST,05,059,District - Tehri Garhwal (04),Rural,35-59,Main workers_Females,39,DDW-0500B-01ST-Census.xls,01ST
B0301ST,05,059,District - Tehri Garhwal (04),Rural,60+,Main workers_Females,8,DDW-0500B-01ST-Census.xls,01ST
B0301ST,05,059,District - Tehri Garhwal (04),Rural,Age not stated,Main workers_Females,0,DDW-0500B-01ST-Census.xls,01ST
B0301ST,05,059,District - Tehri Garhwal (04),Rural,15-59,Main workers_Females,80,DDW-0500B-01ST-Census.xls,01ST
B0301ST,05,059,District - Tehri Garhwal (04),Urban,Total,Main workers_Females,9,DDW-0500B-01ST-Census.xls,01ST
B0301ST,05,059,District - Tehri Garhwal (04),Urban,5-14,Main workers_Females,0,DDW-0500B-01ST-Census.xls,01ST
B0301ST,05,059,District - Tehri Garhwal (04),Urban,15-34,Main workers_Females,4,DDW-0500B-01ST-Census.xls,01ST
B0301ST,05,059,District - Tehri Garhwal (04),Urban,35-59,Main workers_Females,5,DDW-0500B-01ST-Census.xls,01ST
B0301ST,05,059,District - Tehri Garhwal (04),Urban,60+,Main workers_Females,0,DDW-0500B-01ST-Census.xls,01ST
B0301ST,05,059,District - Tehri Garhwal (04),Urban,Age not stated,Main workers_Females,0,DDW-0500B-01ST-Census.xls,01ST
B0301ST,05,059,District - Tehri Garhwal (04),Urban,15-59,Main workers_Females,9,DDW-0500B-01ST-Census.xls,01ST
B0301ST,05,060,District - Dehradun (05),Total,Total,Main workers_Females,10965,DDW-0500B-01ST-Census.xls,01ST
B0301ST,05,060,District - Dehradun (05),Total,5-14,Main workers_Females,290,DDW-0500B-01ST-Census.xls,01ST
B0301ST,05,060,District - Dehradun (05),Total,15-34,Main workers_Females,4627,DDW-0500B-01ST-Census.xls,01ST
B0301ST,05,060,District - Dehradun (05),Total,35-59,Main workers_Females,4660,DDW-0500B-01ST-Census.xls,01ST
B0301ST,05,060,District - Dehradun (05),Total,60+,Main workers_Females,1367,DDW-0500B-01ST-Census.xls,01ST
B0301ST,05,060,District - Dehradun (05),Total,Age not stated,Main workers_Females,21,DDW-0500B-01ST-Census.xls,01ST
B0301ST,05,060,District - Dehradun (05),Total,15-59,Main workers_Females,9287,DDW-0500B-01ST-Census.xls,01ST
B0301ST,05,060,District - Dehradun (05),Rural,Total,Main workers_Females,10511,DDW-0500B-01ST-Census.xls,01ST
B0301ST,05,060,District - Dehradun (05),Rural,5-14,Main workers_Females,283,DDW-0500B-01ST-Census.xls,01ST
B0301ST,05,060,District - Dehradun (05),Rural,15-34,Main workers_Females,4439,DDW-0500B-01ST-Census.xls,01ST
B0301ST,05,060,District - Dehradun (05),Rural,35-59,Main workers_Females,4431,DDW-0500B-01ST-Census.xls,01ST
B0301ST,05,060,District - Dehradun (05),Rural,60+,Main workers_Females,1338,DDW-0500B-01ST-Census.xls,01ST
B0301ST,05,060,District - Dehradun (05),Rural,Age not stated,Main workers_Females,20,DDW-0500B-01ST-Census.xls,01ST
B0301ST,05,060,District - Dehradun (05),Rural,15-59,Main workers_Females,8870,DDW-0500B-01ST-Census.xls,01ST
B0301ST,05,060,District - Dehradun (05),Urban,Total,Main workers_Females,454,DDW-0500B-01ST-Census.xls,01ST
B0301ST,05,060,District - Dehradun (05),Urban,5-14,Main workers_Females,7,DDW-0500B-01ST-Census.xls,01ST
B0301ST,05,060,District - Dehradun (05),Urban,15-34,Main workers_Females,188,DDW-0500B-01ST-Census.xls,01ST
B0301ST,05,060,District - Dehradun (05),Urban,35-59,Main workers_Females,229,DDW-0500B-01ST-Census.xls,01ST
B0301ST,05,060,District - Dehradun (05),Urban,60+,Main workers_Females,29,DDW-0500B-01ST-Census.xls,01ST
B0301ST,05,060,District - Dehradun (05),Urban,Age not stated,Main workers_Females,1,DDW-0500B-01ST-Census.xls,01ST
B0301ST,05,060,District - Dehradun (05),Urban,15-59,Main workers_Females,417,DDW-0500B-01ST-Census.xls,01ST
B0301ST,05,061,District - Garhwal (06),Total,Total,Main workers_Females,97,DDW-0500B-01ST-Census.xls,01ST
B0301ST,05,061,District - Garhwal (06),Total,5-14,Main workers_Females,1,DDW-0500B-01ST-Census.xls,01ST
B0301ST,05,061,District - Garhwal (06),Total,15-34,Main workers_Females,32,DDW-0500B-01ST-Census.xls,01ST
B0301ST,05,061,District - Garhwal (06),Total,35-59,Main workers_Females,52,DDW-0500B-01ST-Census.xls,01ST
B0301ST,05,061,District - Garhwal (06),Total,60+,Main workers_Females,12,DDW-0500B-01ST-Census.xls,01ST
B0301ST,05,061,District - Garhwal (06),Total,Age not stated,Main workers_Females,0,DDW-0500B-01ST-Census.xls,01ST
B0301ST,05,061,District - Garhwal (06),Total,15-59,Main workers_Females,84,DDW-0500B-01ST-Census.xls,01ST
B0301ST,05,061,District - Garhwal (06),Rural,Total,Main workers_Females,86,DDW-0500B-01ST-Census.xls,01ST
B0301ST,05,061,District - Garhwal (06),Rural,5-14,Main workers_Females,0,DDW-0500B-01ST-Census.xls,01ST
B0301ST,05,061,District - Garhwal (06),Rural,15-34,Main workers_Females,28,DDW-0500B-01ST-Census.xls,01ST
B0301ST,05,061,District - Garhwal (06),Rural,35-59,Main workers_Females,46,DDW-0500B-01ST-Census.xls,01ST
B0301ST,05,061,District - Garhwal (06),Rural,60+,Main workers_Females,12,DDW-0500B-01ST-Census.xls,01ST
B0301ST,05,061,District - Garhwal (06),Rural,Age not stated,Main workers_Females,0,DDW-0500B-01ST-Census.xls,01ST
B0301ST,05,061,District - Garhwal (06),Rural,15-59,Main workers_Females,74,DDW-0500B-01ST-Census.xls,01ST
B0301ST,05,061,District - Garhwal (06),Urban,Total,Main workers_Females,11,DDW-0500B-01ST-Census.xls,01ST
B0301ST,05,061,District - Garhwal (06),Urban,5-14,Main workers_Females,1,DDW-0500B-01ST-Census.xls,01ST
B0301ST,05,061,District - Garhwal (06),Urban,15-34,Main workers_Females,4,DDW-0500B-01ST-Census.xls,01ST
B0301ST,05,061,District - Garhwal (06),Urban,35-59,Main workers_Females,6,DDW-0500B-01ST-Census.xls,01ST
B0301ST,05,061,District - Garhwal (06),Urban,60+,Main workers_Females,0,DDW-0500B-01ST-Census.xls,01ST
B0301ST,05,061,District - Garhwal (06),Urban,Age not stated,Main workers_Females,0,DDW-0500B-01ST-Census.xls,01ST
B0301ST,05,061,District - Garhwal (06),Urban,15-59,Main workers_Females,10,DDW-0500B-01ST-Census.xls,01ST
B0301ST,05,062,District - Pithoragarh (07),Total,Total,Main workers_Females,2857,DDW-0500B-01ST-Census.xls,01ST
B0301ST,05,062,District - Pithoragarh (07),Total,5-14,Main workers_Females,43,DDW-0500B-01ST-Census.xls,01ST
B0301ST,05,062,District - Pithoragarh (07),Total,15-34,Main workers_Females,1044,DDW-0500B-01ST-Census.xls,01ST
B0301ST,05,062,District - Pithoragarh (07),Total,35-59,Main workers_Females,1343,DDW-0500B-01ST-Census.xls,01ST
B0301ST,05,062,District - Pithoragarh (07),Total,60+,Main workers_Females,421,DDW-0500B-01ST-Census.xls,01ST
B0301ST,05,062,District - Pithoragarh (07),Total,Age not stated,Main workers_Females,6,DDW-0500B-01ST-Census.xls,01ST
B0301ST,05,062,District - Pithoragarh (07),Total,15-59,Main workers_Females,2387,DDW-0500B-01ST-Census.xls,01ST
B0301ST,05,062,District - Pithoragarh (07),Rural,Total,Main workers_Females,2658,DDW-0500B-01ST-Census.xls,01ST
B0301ST,05,062,District - Pithoragarh (07),Rural,5-14,Main workers_Females,41,DDW-0500B-01ST-Census.xls,01ST
B0301ST,05,062,District - Pithoragarh (07),Rural,15-34,Main workers_Females,986,DDW-0500B-01ST-Census.xls,01ST
B0301ST,05,062,District - Pithoragarh (07),Rural,35-59,Main workers_Females,1212,DDW-0500B-01ST-Census.xls,01ST
B0301ST,05,062,District - Pithoragarh (07),Rural,60+,Main workers_Females,413,DDW-0500B-01ST-Census.xls,01ST
B0301ST,05,062,District - Pithoragarh (07),Rural,Age not stated,Main workers_Females,6,DDW-0500B-01ST-Census.xls,01ST
B0301ST,05,062,District - Pithoragarh (07),Rural,15-59,Main workers_Females,2198,DDW-0500B-01ST-Census.xls,01ST
B0301ST,05,062,District - Pithoragarh (07),Urban,Total,Main workers_Females,199,DDW-0500B-01ST-Census.xls,01ST
B0301ST,05,062,District - Pithoragarh (07),Urban,5-14,Main workers_Females,2,DDW-0500B-01ST-Census.xls,01ST
B0301ST,05,062,District - Pithoragarh (07),Urban,15-34,Main workers_Females,58,DDW-0500B-01ST-Census.xls,01ST
B0301ST,05,062,District - Pithoragarh (07),Urban,35-59,Main workers_Females,131,DDW-0500B-01ST-Census.xls,01ST
B0301ST,05,062,District - Pithoragarh (07),Urban,60+,Main workers_Females,8,DDW-0500B-01ST-Census.xls,01ST
B0301ST,05,062,District - Pithoragarh (07),Urban,Age not stated,Main workers_Females,0,DDW-0500B-01ST-Census.xls,01ST
B0301ST,05,062,District - Pithoragarh (07),Urban,15-59,Main workers_Females,189,DDW-0500B-01ST-Census.xls,01ST
B0301ST,05,063,District - Bageshwar (08),Total,Total,Main workers_Females,322,DDW-0500B-01ST-Census.xls,01ST
B0301ST,05,063,District - Bageshwar (08),Total,5-14,Main workers_Females,5,DDW-0500B-01ST-Census.xls,01ST
B0301ST,05,063,District - Bageshwar (08),Total,15-34,Main workers_Females,119,DDW-0500B-01ST-Census.xls,01ST
B0301ST,05,063,District - Bageshwar (08),Total,35-59,Main workers_Females,142,DDW-0500B-01ST-Census.xls,01ST
B0301ST,05,063,District - Bageshwar (08),Total,60+,Main workers_Females,56,DDW-0500B-01ST-Census.xls,01ST
B0301ST,05,063,District - Bageshwar (08),Total,Age not stated,Main workers_Females,0,DDW-0500B-01ST-Census.xls,01ST
B0301ST,05,063,District - Bageshwar (08),Total,15-59,Main workers_Females,261,DDW-0500B-01ST-Census.xls,01ST
B0301ST,05,063,District - Bageshwar (08),Rural,Total,Main workers_Females,313,DDW-0500B-01ST-Census.xls,01ST
B0301ST,05,063,District - Bageshwar (08),Rural,5-14,Main workers_Females,5,DDW-0500B-01ST-Census.xls,01ST
B0301ST,05,063,District - Bageshwar (08),Rural,15-34,Main workers_Females,116,DDW-0500B-01ST-Census.xls,01ST
B0301ST,05,063,District - Bageshwar (08),Rural,35-59,Main workers_Females,137,DDW-0500B-01ST-Census.xls,01ST
B0301ST,05,063,District - Bageshwar (08),Rural,60+,Main workers_Females,55,DDW-0500B-01ST-Census.xls,01ST
B0301ST,05,063,District - Bageshwar (08),Rural,Age not stated,Main workers_Females,0,DDW-0500B-01ST-Census.xls,01ST
B0301ST,05,063,District - Bageshwar (08),Rural,15-59,Main workers_Females,253,DDW-0500B-01ST-Census.xls,01ST
B0301ST,05,063,District - Bageshwar (08),Urban,Total,Main workers_Females,9,DDW-0500B-01ST-Census.xls,01ST
B0301ST,05,063,District - Bageshwar (08),Urban,5-14,Main workers_Females,0,DDW-0500B-01ST-Census.xls,01ST
B0301ST,05,063,District - Bageshwar (08),Urban,15-34,Main workers_Females,3,DDW-0500B-01ST-Census.xls,01ST
B0301ST,05,063,District - Bageshwar (08),Urban,35-59,Main workers_Females,5,DDW-0500B-01ST-Census.xls,01ST
B0301ST,05,063,District - Bageshwar (08),Urban,60+,Main workers_Females,1,DDW-0500B-01ST-Census.xls,01ST
B0301ST,05,063,District - Bageshwar (08),Urban,Age not stated,Main workers_Females,0,DDW-0500B-01ST-Census.xls,01ST
B0301ST,05,063,District - Bageshwar (08),Urban,15-59,Main workers_Females,8,DDW-0500B-01ST-Census.xls,01ST
B0301ST,05,064,"District - Almora
 (09)",Total,Total,Main workers_Females,140,DDW-0500B-01ST-Census.xls,01ST
B0301ST,05,064,"District - Almora
 (09)",Total,5-14,Main workers_Females,2,DDW-0500B-01ST-Census.xls,01ST
B0301ST,05,064,"District - Almora
 (09)",Total,15-34,Main workers_Females,54,DDW-0500B-01ST-Census.xls,01ST
B0301ST,05,064,"District - Almora
 (09)",Total,35-59,Main workers_Females,67,DDW-0500B-01ST-Census.xls,01ST
B0301ST,05,064,"District - Almora
 (09)",Total,60+,Main workers_Females,17,DDW-0500B-01ST-Census.xls,01ST
B0301ST,05,064,"District - Almora
 (09)",Total,Age not stated,Main workers_Females,0,DDW-0500B-01ST-Census.xls,01ST
B0301ST,05,064,"District - Almora
 (09)",Total,15-59,Main workers_Females,121,DDW-0500B-01ST-Census.xls,01ST
B0301ST,05,064,"District - Almora
 (09)",Rural,Total,Main workers_Females,102,DDW-0500B-01ST-Census.xls,01ST
B0301ST,05,064,"District - Almora
 (09)",Rural,5-14,Main workers_Females,2,DDW-0500B-01ST-Census.xls,01ST
B0301ST,05,064,"District - Almora
 (09)",Rural,15-34,Main workers_Females,38,DDW-0500B-01ST-Census.xls,01ST
B0301ST,05,064,"District - Almora
 (09)",Rural,35-59,Main workers_Females,46,DDW-0500B-01ST-Census.xls,01ST
B0301ST,05,064,"District - Almora
 (09)",Rural,60+,Main workers_Females,16,DDW-0500B-01ST-Census.xls,01ST
B0301ST,05,064,"District - Almora
 (09)",Rural,Age not stated,Main workers_Females,0,DDW-0500B-01ST-Census.xls,01ST
B0301ST,05,064,"District - Almora
 (09)",Rural,15-59,Main workers_Females,84,DDW-0500B-01ST-Census.xls,01ST
B0301ST,05,064,"District - Almora
 (09)",Urban,Total,Main workers_Females,38,DDW-0500B-01ST-Census.xls,01ST
B0301ST,05,064,"District - Almora
 (09)",Urban,5-14,Main workers_Females,0,DDW-0500B-01ST-Census.xls,01ST
B0301ST,05,064,"District - Almora
 (09)",Urban,15-34,Main workers_Females,16,DDW-0500B-01ST-Census.xls,01ST
B0301ST,05,064,"District - Almora
 (09)",Urban,35-59,Main workers_Females,21,DDW-0500B-01ST-Census.xls,01ST
B0301ST,05,064,"District - Almora
 (09)",Urban,60+,Main workers_Females,1,DDW-0500B-01ST-Census.xls,01ST
B0301ST,05,064,"District - Almora
 (09)",Urban,Age not stated,Main workers_Females,0,DDW-0500B-01ST-Census.xls,01ST
B0301ST,05,064,"District - Almora
 (09)",Urban,15-59,Main workers_Females,37,DDW-0500B-01ST-Census.xls,01ST
B0301ST,05,065,District - Champawat (10),Total,Total,Main workers_Females,142,DDW-0500B-01ST-Census.xls,01ST
B0301ST,05,065,District - Champawat (10),Total,5-14,Main workers_Females,1,DDW-0500B-01ST-Census.xls,01ST
B0301ST,05,065,District - Champawat (10),Total,15-34,Main workers_Females,67,DDW-0500B-01ST-Census.xls,01ST
B0301ST,05,065,District - Champawat (10),Total,35-59,Main workers_Females,60,DDW-0500B-01ST-Census.xls,01ST
B0301ST,05,065,District - Champawat (10),Total,60+,Main workers_Females,14,DDW-0500B-01ST-Census.xls,01ST
B0301ST,05,065,District - Champawat (10),Total,Age not stated,Main workers_Females,0,DDW-0500B-01ST-Census.xls,01ST
B0301ST,05,065,District - Champawat (10),Total,15-59,Main workers_Females,127,DDW-0500B-01ST-Census.xls,01ST
B0301ST,05,065,District - Champawat (10),Rural,Total,Main workers_Females,115,DDW-0500B-01ST-Census.xls,01ST
B0301ST,05,065,District - Champawat (10),Rural,5-14,Main workers_Females,1,DDW-0500B-01ST-Census.xls,01ST
B0301ST,05,065,District - Champawat (10),Rural,15-34,Main workers_Females,55,DDW-0500B-01ST-Census.xls,01ST
B0301ST,05,065,District - Champawat (10),Rural,35-59,Main workers_Females,48,DDW-0500B-01ST-Census.xls,01ST
B0301ST,05,065,District - Champawat (10),Rural,60+,Main workers_Females,11,DDW-0500B-01ST-Census.xls,01ST
B0301ST,05,065,District - Champawat (10),Rural,Age not stated,Main workers_Females,0,DDW-0500B-01ST-Census.xls,01ST
B0301ST,05,065,District - Champawat (10),Rural,15-59,Main workers_Females,103,DDW-0500B-01ST-Census.xls,01ST
B0301ST,05,065,District - Champawat (10),Urban,Total,Main workers_Females,27,DDW-0500B-01ST-Census.xls,01ST
B0301ST,05,065,District - Champawat (10),Urban,5-14,Main workers_Females,0,DDW-0500B-01ST-Census.xls,01ST
B0301ST,05,065,District - Champawat (10),Urban,15-34,Main workers_Females,12,DDW-0500B-01ST-Census.xls,01ST
B0301ST,05,065,District - Champawat (10),Urban,35-59,Main workers_Females,12,DDW-0500B-01ST-Census.xls,01ST
B0301ST,05,065,District - Champawat (10),Urban,60+,Main workers_Females,3,DDW-0500B-01ST-Census.xls,01ST
B0301ST,05,065,District - Champawat (10),Urban,Age not stated,Main workers_Females,0,DDW-0500B-01ST-Census.xls,01ST
B0301ST,05,065,District - Champawat (10),Urban,15-59,Main workers_Females,24,DDW-0500B-01ST-Census.xls,01ST
B0301ST,05,066,District - Nainital (11),Total,Total,Main workers_Females,646,DDW-0500B-01ST-Census.xls,01ST
B0301ST,05,066,District - Nainital (11),Total,5-14,Main workers_Females,12,DDW-0500B-01ST-Census.xls,01ST
B0301ST,05,066,District - Nainital (11),Total,15-34,Main workers_Females,279,DDW-0500B-01ST-Census.xls,01ST
B0301ST,05,066,District - Nainital (11),Total,35-59,Main workers_Females,316,DDW-0500B-01ST-Census.xls,01ST
B0301ST,05,066,District - Nainital (11),Total,60+,Main workers_Females,39,DDW-0500B-01ST-Census.xls,01ST
B0301ST,05,066,District - Nainital (11),Total,Age not stated,Main workers_Females,0,DDW-0500B-01ST-Census.xls,01ST
B0301ST,05,066,District - Nainital (11),Total,15-59,Main workers_Females,595,DDW-0500B-01ST-Census.xls,01ST
B0301ST,05,066,District - Nainital (11),Rural,Total,Main workers_Females,517,DDW-0500B-01ST-Census.xls,01ST
B0301ST,05,066,District - Nainital (11),Rural,5-14,Main workers_Females,12,DDW-0500B-01ST-Census.xls,01ST
B0301ST,05,066,District - Nainital (11),Rural,15-34,Main workers_Females,237,DDW-0500B-01ST-Census.xls,01ST
B0301ST,05,066,District - Nainital (11),Rural,35-59,Main workers_Females,230,DDW-0500B-01ST-Census.xls,01ST
B0301ST,05,066,District - Nainital (11),Rural,60+,Main workers_Females,38,DDW-0500B-01ST-Census.xls,01ST
B0301ST,05,066,District - Nainital (11),Rural,Age not stated,Main workers_Females,0,DDW-0500B-01ST-Census.xls,01ST
B0301ST,05,066,District - Nainital (11),Rural,15-59,Main workers_Females,467,DDW-0500B-01ST-Census.xls,01ST
B0301ST,05,066,District - Nainital (11),Urban,Total,Main workers_Females,129,DDW-0500B-01ST-Census.xls,01ST
B0301ST,05,066,District - Nainital (11),Urban,5-14,Main workers_Females,0,DDW-0500B-01ST-Census.xls,01ST
B0301ST,05,066,District - Nainital (11),Urban,15-34,Main workers_Females,42,DDW-0500B-01ST-Census.xls,01ST
B0301ST,05,066,District - Nainital (11),Urban,35-59,Main workers_Females,86,DDW-0500B-01ST-Census.xls,01ST
B0301ST,05,066,District - Nainital (11),Urban,60+,Main workers_Females,1,DDW-0500B-01ST-Census.xls,01ST
B0301ST,05,066,District - Nainital (11),Urban,Age not stated,Main workers_Females,0,DDW-0500B-01ST-Census.xls,01ST
B0301ST,05,066,District - Nainital (11),Urban,15-59,Main workers_Females,128,DDW-0500B-01ST-Census.xls,01ST
B0301ST,05,067,District - Udham Singh Nagar (12),Total,Total,Main workers_Females,9674,DDW-0500B-01ST-Census.xls,01ST
B0301ST,05,067,District - Udham Singh Nagar (12),Total,5-14,Main workers_Females,107,DDW-0500B-01ST-Census.xls,01ST
B0301ST,05,067,District - Udham Singh Nagar (12),Total,15-34,Main workers_Females,4294,DDW-0500B-01ST-Census.xls,01ST
B0301ST,05,067,District - Udham Singh Nagar (12),Total,35-59,Main workers_Females,4466,DDW-0500B-01ST-Census.xls,01ST
B0301ST,05,067,District - Udham Singh Nagar (12),Total,60+,Main workers_Females,804,DDW-0500B-01ST-Census.xls,01ST
B0301ST,05,067,District - Udham Singh Nagar (12),Total,Age not stated,Main workers_Females,3,DDW-0500B-01ST-Census.xls,01ST
B0301ST,05,067,District - Udham Singh Nagar (12),Total,15-59,Main workers_Females,8760,DDW-0500B-01ST-Census.xls,01ST
B0301ST,05,067,District - Udham Singh Nagar (12),Rural,Total,Main workers_Females,9255,DDW-0500B-01ST-Census.xls,01ST
B0301ST,05,067,District - Udham Singh Nagar (12),Rural,5-14,Main workers_Females,103,DDW-0500B-01ST-Census.xls,01ST
B0301ST,05,067,District - Udham Singh Nagar (12),Rural,15-34,Main workers_Females,4110,DDW-0500B-01ST-Census.xls,01ST
B0301ST,05,067,District - Udham Singh Nagar (12),Rural,35-59,Main workers_Females,4261,DDW-0500B-01ST-Census.xls,01ST
B0301ST,05,067,District - Udham Singh Nagar (12),Rural,60+,Main workers_Females,778,DDW-0500B-01ST-Census.xls,01ST
B0301ST,05,067,District - Udham Singh Nagar (12),Rural,Age not stated,Main workers_Females,3,DDW-0500B-01ST-Census.xls,01ST
B0301ST,05,067,District - Udham Singh Nagar (12),Rural,15-59,Main workers_Females,8371,DDW-0500B-01ST-Census.xls,01ST
B0301ST,05,067,District - Udham Singh Nagar (12),Urban,Total,Main workers_Females,419,DDW-0500B-01ST-Census.xls,01ST
B0301ST,05,067,District - Udham Singh Nagar (12),Urban,5-14,Main workers_Females,4,DDW-0500B-01ST-Census.xls,01ST
B0301ST,05,067,District - Udham Singh Nagar (12),Urban,15-34,Main workers_Females,184,DDW-0500B-01ST-Census.xls,01ST
B0301ST,05,067,District - Udham Singh Nagar (12),Urban,35-59,Main workers_Females,205,DDW-0500B-01ST-Census.xls,01ST
B0301ST,05,067,District - Udham Singh Nagar (12),Urban,60+,Main workers_Females,26,DDW-0500B-01ST-Census.xls,01ST
B0301ST,05,067,District - Udham Singh Nagar (12),Urban,Age not stated,Main workers_Females,0,DDW-0500B-01ST-Census.xls,01ST
B0301ST,05,067,District - Udham Singh Nagar (12),Urban,15-59,Main workers_Females,389,DDW-0500B-01ST-Census.xls,01ST
B0301ST,05,068,District - Hardwar (13),Total,Total,Main workers_Females,311,DDW-0500B-01ST-Census.xls,01ST
B0301ST,05,068,District - Hardwar (13),Total,5-14,Main workers_Females,14,DDW-0500B-01ST-Census.xls,01ST
B0301ST,05,068,District - Hardwar (13),Total,15-34,Main workers_Females,120,DDW-0500B-01ST-Census.xls,01ST
B0301ST,05,068,District - Hardwar (13),Total,35-59,Main workers_Females,140,DDW-0500B-01ST-Census.xls,01ST
B0301ST,05,068,District - Hardwar (13),Total,60+,Main workers_Females,37,DDW-0500B-01ST-Census.xls,01ST
B0301ST,05,068,District - Hardwar (13),Total,Age not stated,Main workers_Females,0,DDW-0500B-01ST-Census.xls,01ST
B0301ST,05,068,District - Hardwar (13),Total,15-59,Main workers_Females,260,DDW-0500B-01ST-Census.xls,01ST
B0301ST,05,068,District - Hardwar (13),Rural,Total,Main workers_Females,279,DDW-0500B-01ST-Census.xls,01ST
B0301ST,05,068,District - Hardwar (13),Rural,5-14,Main workers_Females,13,DDW-0500B-01ST-Census.xls,01ST
B0301ST,05,068,District - Hardwar (13),Rural,15-34,Main workers_Females,103,DDW-0500B-01ST-Census.xls,01ST
B0301ST,05,068,District - Hardwar (13),Rural,35-59,Main workers_Females,126,DDW-0500B-01ST-Census.xls,01ST
B0301ST,05,068,District - Hardwar (13),Rural,60+,Main workers_Females,37,DDW-0500B-01ST-Census.xls,01ST
B0301ST,05,068,District - Hardwar (13),Rural,Age not stated,Main workers_Females,0,DDW-0500B-01ST-Census.xls,01ST
B0301ST,05,068,District - Hardwar (13),Rural,15-59,Main workers_Females,229,DDW-0500B-01ST-Census.xls,01ST
B0301ST,05,068,District - Hardwar (13),Urban,Total,Main workers_Females,32,DDW-0500B-01ST-Census.xls,01ST
B0301ST,05,068,District - Hardwar (13),Urban,5-14,Main workers_Females,1,DDW-0500B-01ST-Census.xls,01ST
B0301ST,05,068,District - Hardwar (13),Urban,15-34,Main workers_Females,17,DDW-0500B-01ST-Census.xls,01ST
B0301ST,05,068,District - Hardwar (13),Urban,35-59,Main workers_Females,14,DDW-0500B-01ST-Census.xls,01ST
B0301ST,05,068,District - Hardwar (13),Urban,60+,Main workers_Females,0,DDW-0500B-01ST-Census.xls,01ST
B0301ST,05,068,District - Hardwar (13),Urban,Age not stated,Main workers_Females,0,DDW-0500B-01ST-Census.xls,01ST
B0301ST,05,068,District - Hardwar (13),Urban,15-59,Main workers_Females,31,DDW-0500B-01ST-Census.xls,01ST
B0301ST,05,000,State - UTTARAKHAND (05),Total,Total,Marginal workers_Worked for less than_3 months_Total_Persons,11337,DDW-0500B-01ST-Census.xls,01ST
B0301ST,05,000,State - UTTARAKHAND (05),Total,5-14,Marginal workers_Worked for less than_3 months_Total_Persons,1504,DDW-0500B-01ST-Census.xls,01ST
B0301ST,05,000,State - UTTARAKHAND (05),Total,15-34,Marginal workers_Worked for less than_3 months_Total_Persons,5973,DDW-0500B-01ST-Census.xls,01ST
B0301ST,05,000,State - UTTARAKHAND (05),Total,35-59,Marginal workers_Worked for less than_3 months_Total_Persons,2653,DDW-0500B-01ST-Census.xls,01ST
B0301ST,05,000,State - UTTARAKHAND (05),Total,60+,Marginal workers_Worked for less than_3 months_Total_Persons,1191,DDW-0500B-01ST-Census.xls,01ST
B0301ST,05,000,State - UTTARAKHAND (05),Total,Age not stated,Marginal workers_Worked for less than_3 months_Total_Persons,16,DDW-0500B-01ST-Census.xls,01ST
B0301ST,05,000,State - UTTARAKHAND (05),Total,15-59,Marginal workers_Worked for less than_3 months_Total_Persons,8626,DDW-0500B-01ST-Census.xls,01ST
B0301ST,05,000,State - UTTARAKHAND (05),Rural,Total,Marginal workers_Worked for less than_3 months_Total_Persons,11128,DDW-0500B-01ST-Census.xls,01ST
B0301ST,05,000,State - UTTARAKHAND (05),Rural,5-14,Marginal workers_Worked for less than_3 months_Total_Persons,1498,DDW-0500B-01ST-Census.xls,01ST
B0301ST,05,000,State - UTTARAKHAND (05),Rural,15-34,Marginal workers_Worked for less than_3 months_Total_Persons,5878,DDW-0500B-01ST-Census.xls,01ST
B0301ST,05,000,State - UTTARAKHAND (05),Rural,35-59,Marginal workers_Worked for less than_3 months_Total_Persons,2566,DDW-0500B-01ST-Census.xls,01ST
B0301ST,05,000,State - UTTARAKHAND (05),Rural,60+,Marginal workers_Worked for less than_3 months_Total_Persons,1170,DDW-0500B-01ST-Census.xls,01ST
B0301ST,05,000,State - UTTARAKHAND (05),Rural,Age not stated,Marginal workers_Worked for less than_3 months_Total_Persons,16,DDW-0500B-01ST-Census.xls,01ST
B0301ST,05,000,State - UTTARAKHAND (05),Rural,15-59,Marginal workers_Worked for less than_3 months_Total_Persons,8444,DDW-0500B-01ST-Census.xls,01ST
B0301ST,05,000,State - UTTARAKHAND (05),Urban,Total,Marginal workers_Worked for less than_3 months_Total_Persons,209,DDW-0500B-01ST-Census.xls,01ST
B0301ST,05,000,State - UTTARAKHAND (05),Urban,5-14,Marginal workers_Worked for less than_3 months_Total_Persons,6,DDW-0500B-01ST-Census.xls,01ST
B0301ST,05,000,State - UTTARAKHAND (05),Urban,15-34,Marginal workers_Worked for less than_3 months_Total_Persons,95,DDW-0500B-01ST-Census.xls,01ST
B0301ST,05,000,State - UTTARAKHAND (05),Urban,35-59,Marginal workers_Worked for less than_3 months_Total_Persons,87,DDW-0500B-01ST-Census.xls,01ST
B0301ST,05,000,State - UTTARAKHAND (05),Urban,60+,Marginal workers_Worked for less than_3 months_Total_Persons,21,DDW-0500B-01ST-Census.xls,01ST
B0301ST,05,000,State - UTTARAKHAND (05),Urban,Age not stated,Marginal workers_Worked for less than_3 months_Total_Persons,0,DDW-0500B-01ST-Census.xls,01ST
B0301ST,05,000,State - UTTARAKHAND (05),Urban,15-59,Marginal workers_Worked for less than_3 months_Total_Persons,182,DDW-0500B-01ST-Census.xls,01ST
B0301ST,05,056,District - Uttarkashi (01),Total,Total,Marginal workers_Worked for less than_3 months_Total_Persons,153,DDW-0500B-01ST-Census.xls,01ST
B0301ST,05,056,District - Uttarkashi (01),Total,5-14,Marginal workers_Worked for less than_3 months_Total_Persons,1,DDW-0500B-01ST-Census.xls,01ST
B0301ST,05,056,District - Uttarkashi (01),Total,15-34,Marginal workers_Worked for less than_3 months_Total_Persons,79,DDW-0500B-01ST-Census.xls,01ST
B0301ST,05,056,District - Uttarkashi (01),Total,35-59,Marginal workers_Worked for less than_3 months_Total_Persons,61,DDW-0500B-01ST-Census.xls,01ST
B0301ST,05,056,District - Uttarkashi (01),Total,60+,Marginal workers_Worked for less than_3 months_Total_Persons,12,DDW-0500B-01ST-Census.xls,01ST
B0301ST,05,056,District - Uttarkashi (01),Total,Age not stated,Marginal workers_Worked for less than_3 months_Total_Persons,0,DDW-0500B-01ST-Census.xls,01ST
B0301ST,05,056,District - Uttarkashi (01),Total,15-59,Marginal workers_Worked for less than_3 months_Total_Persons,140,DDW-0500B-01ST-Census.xls,01ST
B0301ST,05,056,District - Uttarkashi (01),Rural,Total,Marginal workers_Worked for less than_3 months_Total_Persons,153,DDW-0500B-01ST-Census.xls,01ST
B0301ST,05,056,District - Uttarkashi (01),Rural,5-14,Marginal workers_Worked for less than_3 months_Total_Persons,1,DDW-0500B-01ST-Census.xls,01ST
B0301ST,05,056,District - Uttarkashi (01),Rural,15-34,Marginal workers_Worked for less than_3 months_Total_Persons,79,DDW-0500B-01ST-Census.xls,01ST
B0301ST,05,056,District - Uttarkashi (01),Rural,35-59,Marginal workers_Worked for less than_3 months_Total_Persons,61,DDW-0500B-01ST-Census.xls,01ST
B0301ST,05,056,District - Uttarkashi (01),Rural,60+,Marginal workers_Worked for less than_3 months_Total_Persons,12,DDW-0500B-01ST-Census.xls,01ST
B0301ST,05,056,District - Uttarkashi (01),Rural,Age not stated,Marginal workers_Worked for less than_3 months_Total_Persons,0,DDW-0500B-01ST-Census.xls,01ST
B0301ST,05,056,District - Uttarkashi (01),Rural,15-59,Marginal workers_Worked for less than_3 months_Total_Persons,140,DDW-0500B-01ST-Census.xls,01ST
B0301ST,05,056,District - Uttarkashi (01),Urban,Total,Marginal workers_Worked for less than_3 months_Total_Persons,0,DDW-0500B-01ST-Census.xls,01ST
B0301ST,05,056,District - Uttarkashi (01),Urban,5-14,Marginal workers_Worked for less than_3 months_Total_Persons,0,DDW-0500B-01ST-Census.xls,01ST
B0301ST,05,056,District - Uttarkashi (01),Urban,15-34,Marginal workers_Worked for less than_3 months_Total_Persons,0,DDW-0500B-01ST-Census.xls,01ST
B0301ST,05,056,District - Uttarkashi (01),Urban,35-59,Marginal workers_Worked for less than_3 months_Total_Persons,0,DDW-0500B-01ST-Census.xls,01ST
B0301ST,05,056,District - Uttarkashi (01),Urban,60+,Marginal workers_Worked for less than_3 months_Total_Persons,0,DDW-0500B-01ST-Census.xls,01ST
B0301ST,05,056,District - Uttarkashi (01),Urban,Age not stated,Marginal workers_Worked for less than_3 months_Total_Persons,0,DDW-0500B-01ST-Census.xls,01ST
B0301ST,05,056,District - Uttarkashi (01),Urban,15-59,Marginal workers_Worked for less than_3 months_Total_Persons,0,DDW-0500B-01ST-Census.xls,01ST
B0301ST,05,057,District - Chamoli (02),Total,Total,Marginal workers_Worked for less than_3 months_Total_Persons,545,DDW-0500B-01ST-Census.xls,01ST
B0301ST,05,057,District - Chamoli (02),Total,5-14,Marginal workers_Worked for less than_3 months_Total_Persons,18,DDW-0500B-01ST-Census.xls,01ST
B0301ST,05,057,District - Chamoli (02),Total,15-34,Marginal workers_Worked for less than_3 months_Total_Persons,227,DDW-0500B-01ST-Census.xls,01ST
B0301ST,05,057,District - Chamoli (02),Total,35-59,Marginal workers_Worked for less than_3 months_Total_Persons,165,DDW-0500B-01ST-Census.xls,01ST
B0301ST,05,057,District - Chamoli (02),Total,60+,Marginal workers_Worked for less than_3 months_Total_Persons,134,DDW-0500B-01ST-Census.xls,01ST
B0301ST,05,057,District - Chamoli (02),Total,Age not stated,Marginal workers_Worked for less than_3 months_Total_Persons,1,DDW-0500B-01ST-Census.xls,01ST
B0301ST,05,057,District - Chamoli (02),Total,15-59,Marginal workers_Worked for less than_3 months_Total_Persons,392,DDW-0500B-01ST-Census.xls,01ST
B0301ST,05,057,District - Chamoli (02),Rural,Total,Marginal workers_Worked for less than_3 months_Total_Persons,527,DDW-0500B-01ST-Census.xls,01ST
B0301ST,05,057,District - Chamoli (02),Rural,5-14,Marginal workers_Worked for less than_3 months_Total_Persons,18,DDW-0500B-01ST-Census.xls,01ST
B0301ST,05,057,District - Chamoli (02),Rural,15-34,Marginal workers_Worked for less than_3 months_Total_Persons,226,DDW-0500B-01ST-Census.xls,01ST
B0301ST,05,057,District - Chamoli (02),Rural,35-59,Marginal workers_Worked for less than_3 months_Total_Persons,149,DDW-0500B-01ST-Census.xls,01ST
B0301ST,05,057,District - Chamoli (02),Rural,60+,Marginal workers_Worked for less than_3 months_Total_Persons,133,DDW-0500B-01ST-Census.xls,01ST
B0301ST,05,057,District - Chamoli (02),Rural,Age not stated,Marginal workers_Worked for less than_3 months_Total_Persons,1,DDW-0500B-01ST-Census.xls,01ST
B0301ST,05,057,District - Chamoli (02),Rural,15-59,Marginal workers_Worked for less than_3 months_Total_Persons,375,DDW-0500B-01ST-Census.xls,01ST
B0301ST,05,057,District - Chamoli (02),Urban,Total,Marginal workers_Worked for less than_3 months_Total_Persons,18,DDW-0500B-01ST-Census.xls,01ST
B0301ST,05,057,District - Chamoli (02),Urban,5-14,Marginal workers_Worked for less than_3 months_Total_Persons,0,DDW-0500B-01ST-Census.xls,01ST
B0301ST,05,057,District - Chamoli (02),Urban,15-34,Marginal workers_Worked for less than_3 months_Total_Persons,1,DDW-0500B-01ST-Census.xls,01ST
B0301ST,05,057,District - Chamoli (02),Urban,35-59,Marginal workers_Worked for less than_3 months_Total_Persons,16,DDW-0500B-01ST-Census.xls,01ST
B0301ST,05,057,District - Chamoli (02),Urban,60+,Marginal workers_Worked for less than_3 months_Total_Persons,1,DDW-0500B-01ST-Census.xls,01ST
B0301ST,05,057,District - Chamoli (02),Urban,Age not stated,Marginal workers_Worked for less than_3 months_Total_Persons,0,DDW-0500B-01ST-Census.xls,01ST
B0301ST,05,057,District - Chamoli (02),Urban,15-59,Marginal workers_Worked for less than_3 months_Total_Persons,17,DDW-0500B-01ST-Census.xls,01ST
B0301ST,05,058,District - Rudraprayag (03),Total,Total,Marginal workers_Worked for less than_3 months_Total_Persons,8,DDW-0500B-01ST-Census.xls,01ST
B0301ST,05,058,District - Rudraprayag (03),Total,5-14,Marginal workers_Worked for less than_3 months_Total_Persons,0,DDW-0500B-01ST-Census.xls,01ST
B0301ST,05,058,District - Rudraprayag (03),Total,15-34,Marginal workers_Worked for less than_3 months_Total_Persons,6,DDW-0500B-01ST-Census.xls,01ST
B0301ST,05,058,District - Rudraprayag (03),Total,35-59,Marginal workers_Worked for less than_3 months_Total_Persons,2,DDW-0500B-01ST-Census.xls,01ST
B0301ST,05,058,District - Rudraprayag (03),Total,60+,Marginal workers_Worked for less than_3 months_Total_Persons,0,DDW-0500B-01ST-Census.xls,01ST
B0301ST,05,058,District - Rudraprayag (03),Total,Age not stated,Marginal workers_Worked for less than_3 months_Total_Persons,0,DDW-0500B-01ST-Census.xls,01ST
B0301ST,05,058,District - Rudraprayag (03),Total,15-59,Marginal workers_Worked for less than_3 months_Total_Persons,8,DDW-0500B-01ST-Census.xls,01ST
B0301ST,05,058,District - Rudraprayag (03),Rural,Total,Marginal workers_Worked for less than_3 months_Total_Persons,8,DDW-0500B-01ST-Census.xls,01ST
B0301ST,05,058,District - Rudraprayag (03),Rural,5-14,Marginal workers_Worked for less than_3 months_Total_Persons,0,DDW-0500B-01ST-Census.xls,01ST
B0301ST,05,058,District - Rudraprayag (03),Rural,15-34,Marginal workers_Worked for less than_3 months_Total_Persons,6,DDW-0500B-01ST-Census.xls,01ST
B0301ST,05,058,District - Rudraprayag (03),Rural,35-59,Marginal workers_Worked for less than_3 months_Total_Persons,2,DDW-0500B-01ST-Census.xls,01ST
B0301ST,05,058,District - Rudraprayag (03),Rural,60+,Marginal workers_Worked for less than_3 months_Total_Persons,0,DDW-0500B-01ST-Census.xls,01ST
B0301ST,05,058,District - Rudraprayag (03),Rural,Age not stated,Marginal workers_Worked for less than_3 months_Total_Persons,0,DDW-0500B-01ST-Census.xls,01ST
B0301ST,05,058,District - Rudraprayag (03),Rural,15-59,Marginal workers_Worked for less than_3 months_Total_Persons,8,DDW-0500B-01ST-Census.xls,01ST
B0301ST,05,058,District - Rudraprayag (03),Urban,Total,Marginal workers_Worked for less than_3 months_Total_Persons,0,DDW-0500B-01ST-Census.xls,01ST
B0301ST,05,058,District - Rudraprayag (03),Urban,5-14,Marginal workers_Worked for less than_3 months_Total_Persons,0,DDW-0500B-01ST-Census.xls,01ST
B0301ST,05,058,District - Rudraprayag (03),Urban,15-34,Marginal workers_Worked for less than_3 months_Total_Persons,0,DDW-0500B-01ST-Census.xls,01ST
B0301ST,05,058,District - Rudraprayag (03),Urban,35-59,Marginal workers_Worked for less than_3 months_Total_Persons,0,DDW-0500B-01ST-Census.xls,01ST
B0301ST,05,058,District - Rudraprayag (03),Urban,60+,Marginal workers_Worked for less than_3 months_Total_Persons,0,DDW-0500B-01ST-Census.xls,01ST
B0301ST,05,058,District - Rudraprayag (03),Urban,Age not stated,Marginal workers_Worked for less than_3 months_Total_Persons,0,DDW-0500B-01ST-Census.xls,01ST
B0301ST,05,058,District - Rudraprayag (03),Urban,15-59,Marginal workers_Worked for less than_3 months_Total_Persons,0,DDW-0500B-01ST-Census.xls,01ST
B0301ST,05,059,District - Tehri Garhwal (04),Total,Total,Marginal workers_Worked for less than_3 months_Total_Persons,7,DDW-0500B-01ST-Census.xls,01ST
B0301ST,05,059,District - Tehri Garhwal (04),Total,5-14,Marginal workers_Worked for less than_3 months_Total_Persons,1,DDW-0500B-01ST-Census.xls,01ST
B0301ST,05,059,District - Tehri Garhwal (04),Total,15-34,Marginal workers_Worked for less than_3 months_Total_Persons,3,DDW-0500B-01ST-Census.xls,01ST
B0301ST,05,059,District - Tehri Garhwal (04),Total,35-59,Marginal workers_Worked for less than_3 months_Total_Persons,1,DDW-0500B-01ST-Census.xls,01ST
B0301ST,05,059,District - Tehri Garhwal (04),Total,60+,Marginal workers_Worked for less than_3 months_Total_Persons,2,DDW-0500B-01ST-Census.xls,01ST
B0301ST,05,059,District - Tehri Garhwal (04),Total,Age not stated,Marginal workers_Worked for less than_3 months_Total_Persons,0,DDW-0500B-01ST-Census.xls,01ST
B0301ST,05,059,District - Tehri Garhwal (04),Total,15-59,Marginal workers_Worked for less than_3 months_Total_Persons,4,DDW-0500B-01ST-Census.xls,01ST
B0301ST,05,059,District - Tehri Garhwal (04),Rural,Total,Marginal workers_Worked for less than_3 months_Total_Persons,7,DDW-0500B-01ST-Census.xls,01ST
B0301ST,05,059,District - Tehri Garhwal (04),Rural,5-14,Marginal workers_Worked for less than_3 months_Total_Persons,1,DDW-0500B-01ST-Census.xls,01ST
B0301ST,05,059,District - Tehri Garhwal (04),Rural,15-34,Marginal workers_Worked for less than_3 months_Total_Persons,3,DDW-0500B-01ST-Census.xls,01ST
B0301ST,05,059,District - Tehri Garhwal (04),Rural,35-59,Marginal workers_Worked for less than_3 months_Total_Persons,1,DDW-0500B-01ST-Census.xls,01ST
B0301ST,05,059,District - Tehri Garhwal (04),Rural,60+,Marginal workers_Worked for less than_3 months_Total_Persons,2,DDW-0500B-01ST-Census.xls,01ST
B0301ST,05,059,District - Tehri Garhwal (04),Rural,Age not stated,Marginal workers_Worked for less than_3 months_Total_Persons,0,DDW-0500B-01ST-Census.xls,01ST
B0301ST,05,059,District - Tehri Garhwal (04),Rural,15-59,Marginal workers_Worked for less than_3 months_Total_Persons,4,DDW-0500B-01ST-Census.xls,01ST
B0301ST,05,059,District - Tehri Garhwal (04),Urban,Total,Marginal workers_Worked for less than_3 months_Total_Persons,0,DDW-0500B-01ST-Census.xls,01ST
B0301ST,05,059,District - Tehri Garhwal (04),Urban,5-14,Marginal workers_Worked for less than_3 months_Total_Persons,0,DDW-0500B-01ST-Census.xls,01ST
B0301ST,05,059,District - Tehri Garhwal (04),Urban,15-34,Marginal workers_Worked for less than_3 months_Total_Persons,0,DDW-0500B-01ST-Census.xls,01ST
B0301ST,05,059,District - Tehri Garhwal (04),Urban,35-59,Marginal workers_Worked for less than_3 months_Total_Persons,0,DDW-0500B-01ST-Census.xls,01ST
B0301ST,05,059,District - Tehri Garhwal (04),Urban,60+,Marginal workers_Worked for less than_3 months_Total_Persons,0,DDW-0500B-01ST-Census.xls,01ST
B0301ST,05,059,District - Tehri Garhwal (04),Urban,Age not stated,Marginal workers_Worked for less than_3 months_Total_Persons,0,DDW-0500B-01ST-Census.xls,01ST
B0301ST,05,059,District - Tehri Garhwal (04),Urban,15-59,Marginal workers_Worked for less than_3 months_Total_Persons,0,DDW-0500B-01ST-Census.xls,01ST
B0301ST,05,060,District - Dehradun (05),Total,Total,Marginal workers_Worked for less than_3 months_Total_Persons,3399,DDW-0500B-01ST-Census.xls,01ST
B0301ST,05,060,District - Dehradun (05),Total,5-14,Marginal workers_Worked for less than_3 months_Total_Persons,650,DDW-0500B-01ST-Census.xls,01ST
B0301ST,05,060,District - Dehradun (05),Total,15-34,Marginal workers_Worked for less than_3 months_Total_Persons,1627,DDW-0500B-01ST-Census.xls,01ST
B0301ST,05,060,District - Dehradun (05),Total,35-59,Marginal workers_Worked for less than_3 months_Total_Persons,685,DDW-0500B-01ST-Census.xls,01ST
B0301ST,05,060,District - Dehradun (05),Total,60+,Marginal workers_Worked for less than_3 months_Total_Persons,430,DDW-0500B-01ST-Census.xls,01ST
B0301ST,05,060,District - Dehradun (05),Total,Age not stated,Marginal workers_Worked for less than_3 months_Total_Persons,7,DDW-0500B-01ST-Census.xls,01ST
B0301ST,05,060,District - Dehradun (05),Total,15-59,Marginal workers_Worked for less than_3 months_Total_Persons,2312,DDW-0500B-01ST-Census.xls,01ST
B0301ST,05,060,District - Dehradun (05),Rural,Total,Marginal workers_Worked for less than_3 months_Total_Persons,3371,DDW-0500B-01ST-Census.xls,01ST
B0301ST,05,060,District - Dehradun (05),Rural,5-14,Marginal workers_Worked for less than_3 months_Total_Persons,650,DDW-0500B-01ST-Census.xls,01ST
B0301ST,05,060,District - Dehradun (05),Rural,15-34,Marginal workers_Worked for less than_3 months_Total_Persons,1609,DDW-0500B-01ST-Census.xls,01ST
B0301ST,05,060,District - Dehradun (05),Rural,35-59,Marginal workers_Worked for less than_3 months_Total_Persons,675,DDW-0500B-01ST-Census.xls,01ST
B0301ST,05,060,District - Dehradun (05),Rural,60+,Marginal workers_Worked for less than_3 months_Total_Persons,430,DDW-0500B-01ST-Census.xls,01ST
B0301ST,05,060,District - Dehradun (05),Rural,Age not stated,Marginal workers_Worked for less than_3 months_Total_Persons,7,DDW-0500B-01ST-Census.xls,01ST
B0301ST,05,060,District - Dehradun (05),Rural,15-59,Marginal workers_Worked for less than_3 months_Total_Persons,2284,DDW-0500B-01ST-Census.xls,01ST
B0301ST,05,060,District - Dehradun (05),Urban,Total,Marginal workers_Worked for less than_3 months_Total_Persons,28,DDW-0500B-01ST-Census.xls,01ST
B0301ST,05,060,District - Dehradun (05),Urban,5-14,Marginal workers_Worked for less than_3 months_Total_Persons,0,DDW-0500B-01ST-Census.xls,01ST
B0301ST,05,060,District - Dehradun (05),Urban,15-34,Marginal workers_Worked for less than_3 months_Total_Persons,18,DDW-0500B-01ST-Census.xls,01ST
B0301ST,05,060,District - Dehradun (05),Urban,35-59,Marginal workers_Worked for less than_3 months_Total_Persons,10,DDW-0500B-01ST-Census.xls,01ST
B0301ST,05,060,District - Dehradun (05),Urban,60+,Marginal workers_Worked for less than_3 months_Total_Persons,0,DDW-0500B-01ST-Census.xls,01ST
B0301ST,05,060,District - Dehradun (05),Urban,Age not stated,Marginal workers_Worked for less than_3 months_Total_Persons,0,DDW-0500B-01ST-Census.xls,01ST
B0301ST,05,060,District - Dehradun (05),Urban,15-59,Marginal workers_Worked for less than_3 months_Total_Persons,28,DDW-0500B-01ST-Census.xls,01ST
B0301ST,05,061,District - Garhwal (06),Total,Total,Marginal workers_Worked for less than_3 months_Total_Persons,123,DDW-0500B-01ST-Census.xls,01ST
B0301ST,05,061,District - Garhwal (06),Total,5-14,Marginal workers_Worked for less than_3 months_Total_Persons,0,DDW-0500B-01ST-Census.xls,01ST
B0301ST,05,061,District - Garhwal (06),Total,15-34,Marginal workers_Worked for less than_3 months_Total_Persons,55,DDW-0500B-01ST-Census.xls,01ST
B0301ST,05,061,District - Garhwal (06),Total,35-59,Marginal workers_Worked for less than_3 months_Total_Persons,56,DDW-0500B-01ST-Census.xls,01ST
B0301ST,05,061,District - Garhwal (06),Total,60+,Marginal workers_Worked for less than_3 months_Total_Persons,11,DDW-0500B-01ST-Census.xls,01ST
B0301ST,05,061,District - Garhwal (06),Total,Age not stated,Marginal workers_Worked for less than_3 months_Total_Persons,1,DDW-0500B-01ST-Census.xls,01ST
B0301ST,05,061,District - Garhwal (06),Total,15-59,Marginal workers_Worked for less than_3 months_Total_Persons,111,DDW-0500B-01ST-Census.xls,01ST
B0301ST,05,061,District - Garhwal (06),Rural,Total,Marginal workers_Worked for less than_3 months_Total_Persons,121,DDW-0500B-01ST-Census.xls,01ST
B0301ST,05,061,District - Garhwal (06),Rural,5-14,Marginal workers_Worked for less than_3 months_Total_Persons,0,DDW-0500B-01ST-Census.xls,01ST
B0301ST,05,061,District - Garhwal (06),Rural,15-34,Marginal workers_Worked for less than_3 months_Total_Persons,54,DDW-0500B-01ST-Census.xls,01ST
B0301ST,05,061,District - Garhwal (06),Rural,35-59,Marginal workers_Worked for less than_3 months_Total_Persons,56,DDW-0500B-01ST-Census.xls,01ST
B0301ST,05,061,District - Garhwal (06),Rural,60+,Marginal workers_Worked for less than_3 months_Total_Persons,10,DDW-0500B-01ST-Census.xls,01ST
B0301ST,05,061,District - Garhwal (06),Rural,Age not stated,Marginal workers_Worked for less than_3 months_Total_Persons,1,DDW-0500B-01ST-Census.xls,01ST
B0301ST,05,061,District - Garhwal (06),Rural,15-59,Marginal workers_Worked for less than_3 months_Total_Persons,110,DDW-0500B-01ST-Census.xls,01ST
B0301ST,05,061,District - Garhwal (06),Urban,Total,Marginal workers_Worked for less than_3 months_Total_Persons,2,DDW-0500B-01ST-Census.xls,01ST
B0301ST,05,061,District - Garhwal (06),Urban,5-14,Marginal workers_Worked for less than_3 months_Total_Persons,0,DDW-0500B-01ST-Census.xls,01ST
B0301ST,05,061,District - Garhwal (06),Urban,15-34,Marginal workers_Worked for less than_3 months_Total_Persons,1,DDW-0500B-01ST-Census.xls,01ST
B0301ST,05,061,District - Garhwal (06),Urban,35-59,Marginal workers_Worked for less than_3 months_Total_Persons,0,DDW-0500B-01ST-Census.xls,01ST
B0301ST,05,061,District - Garhwal (06),Urban,60+,Marginal workers_Worked for less than_3 months_Total_Persons,1,DDW-0500B-01ST-Census.xls,01ST
B0301ST,05,061,District - Garhwal (06),Urban,Age not stated,Marginal workers_Worked for less than_3 months_Total_Persons,0,DDW-0500B-01ST-Census.xls,01ST
B0301ST,05,061,District - Garhwal (06),Urban,15-59,Marginal workers_Worked for less than_3 months_Total_Persons,1,DDW-0500B-01ST-Census.xls,01ST
B0301ST,05,062,District - Pithoragarh (07),Total,Total,Marginal workers_Worked for less than_3 months_Total_Persons,591,DDW-0500B-01ST-Census.xls,01ST
B0301ST,05,062,District - Pithoragarh (07),Total,5-14,Marginal workers_Worked for less than_3 months_Total_Persons,34,DDW-0500B-01ST-Census.xls,01ST
B0301ST,05,062,District - Pithoragarh (07),Total,15-34,Marginal workers_Worked for less than_3 months_Total_Persons,269,DDW-0500B-01ST-Census.xls,01ST
B0301ST,05,062,District - Pithoragarh (07),Total,35-59,Marginal workers_Worked for less than_3 months_Total_Persons,171,DDW-0500B-01ST-Census.xls,01ST
B0301ST,05,062,District - Pithoragarh (07),Total,60+,Marginal workers_Worked for less than_3 months_Total_Persons,116,DDW-0500B-01ST-Census.xls,01ST
B0301ST,05,062,District - Pithoragarh (07),Total,Age not stated,Marginal workers_Worked for less than_3 months_Total_Persons,1,DDW-0500B-01ST-Census.xls,01ST
B0301ST,05,062,District - Pithoragarh (07),Total,15-59,Marginal workers_Worked for less than_3 months_Total_Persons,440,DDW-0500B-01ST-Census.xls,01ST
B0301ST,05,062,District - Pithoragarh (07),Rural,Total,Marginal workers_Worked for less than_3 months_Total_Persons,532,DDW-0500B-01ST-Census.xls,01ST
B0301ST,05,062,District - Pithoragarh (07),Rural,5-14,Marginal workers_Worked for less than_3 months_Total_Persons,34,DDW-0500B-01ST-Census.xls,01ST
B0301ST,05,062,District - Pithoragarh (07),Rural,15-34,Marginal workers_Worked for less than_3 months_Total_Persons,252,DDW-0500B-01ST-Census.xls,01ST
B0301ST,05,062,District - Pithoragarh (07),Rural,35-59,Marginal workers_Worked for less than_3 months_Total_Persons,144,DDW-0500B-01ST-Census.xls,01ST
B0301ST,05,062,District - Pithoragarh (07),Rural,60+,Marginal workers_Worked for less than_3 months_Total_Persons,101,DDW-0500B-01ST-Census.xls,01ST
B0301ST,05,062,District - Pithoragarh (07),Rural,Age not stated,Marginal workers_Worked for less than_3 months_Total_Persons,1,DDW-0500B-01ST-Census.xls,01ST
B0301ST,05,062,District - Pithoragarh (07),Rural,15-59,Marginal workers_Worked for less than_3 months_Total_Persons,396,DDW-0500B-01ST-Census.xls,01ST
B0301ST,05,062,District - Pithoragarh (07),Urban,Total,Marginal workers_Worked for less than_3 months_Total_Persons,59,DDW-0500B-01ST-Census.xls,01ST
B0301ST,05,062,District - Pithoragarh (07),Urban,5-14,Marginal workers_Worked for less than_3 months_Total_Persons,0,DDW-0500B-01ST-Census.xls,01ST
B0301ST,05,062,District - Pithoragarh (07),Urban,15-34,Marginal workers_Worked for less than_3 months_Total_Persons,17,DDW-0500B-01ST-Census.xls,01ST
B0301ST,05,062,District - Pithoragarh (07),Urban,35-59,Marginal workers_Worked for less than_3 months_Total_Persons,27,DDW-0500B-01ST-Census.xls,01ST
B0301ST,05,062,District - Pithoragarh (07),Urban,60+,Marginal workers_Worked for less than_3 months_Total_Persons,15,DDW-0500B-01ST-Census.xls,01ST
B0301ST,05,062,District - Pithoragarh (07),Urban,Age not stated,Marginal workers_Worked for less than_3 months_Total_Persons,0,DDW-0500B-01ST-Census.xls,01ST
B0301ST,05,062,District - Pithoragarh (07),Urban,15-59,Marginal workers_Worked for less than_3 months_Total_Persons,44,DDW-0500B-01ST-Census.xls,01ST
B0301ST,05,063,District - Bageshwar (08),Total,Total,Marginal workers_Worked for less than_3 months_Total_Persons,120,DDW-0500B-01ST-Census.xls,01ST
B0301ST,05,063,District - Bageshwar (08),Total,5-14,Marginal workers_Worked for less than_3 months_Total_Persons,10,DDW-0500B-01ST-Census.xls,01ST
B0301ST,05,063,District - Bageshwar (08),Total,15-34,Marginal workers_Worked for less than_3 months_Total_Persons,55,DDW-0500B-01ST-Census.xls,01ST
B0301ST,05,063,District - Bageshwar (08),Total,35-59,Marginal workers_Worked for less than_3 months_Total_Persons,25,DDW-0500B-01ST-Census.xls,01ST
B0301ST,05,063,District - Bageshwar (08),Total,60+,Marginal workers_Worked for less than_3 months_Total_Persons,30,DDW-0500B-01ST-Census.xls,01ST
B0301ST,05,063,District - Bageshwar (08),Total,Age not stated,Marginal workers_Worked for less than_3 months_Total_Persons,0,DDW-0500B-01ST-Census.xls,01ST
B0301ST,05,063,District - Bageshwar (08),Total,15-59,Marginal workers_Worked for less than_3 months_Total_Persons,80,DDW-0500B-01ST-Census.xls,01ST
B0301ST,05,063,District - Bageshwar (08),Rural,Total,Marginal workers_Worked for less than_3 months_Total_Persons,120,DDW-0500B-01ST-Census.xls,01ST
B0301ST,05,063,District - Bageshwar (08),Rural,5-14,Marginal workers_Worked for less than_3 months_Total_Persons,10,DDW-0500B-01ST-Census.xls,01ST
B0301ST,05,063,District - Bageshwar (08),Rural,15-34,Marginal workers_Worked for less than_3 months_Total_Persons,55,DDW-0500B-01ST-Census.xls,01ST
B0301ST,05,063,District - Bageshwar (08),Rural,35-59,Marginal workers_Worked for less than_3 months_Total_Persons,25,DDW-0500B-01ST-Census.xls,01ST
B0301ST,05,063,District - Bageshwar (08),Rural,60+,Marginal workers_Worked for less than_3 months_Total_Persons,30,DDW-0500B-01ST-Census.xls,01ST
B0301ST,05,063,District - Bageshwar (08),Rural,Age not stated,Marginal workers_Worked for less than_3 months_Total_Persons,0,DDW-0500B-01ST-Census.xls,01ST
B0301ST,05,063,District - Bageshwar (08),Rural,15-59,Marginal workers_Worked for less than_3 months_Total_Persons,80,DDW-0500B-01ST-Census.xls,01ST
B0301ST,05,063,District - Bageshwar (08),Urban,Total,Marginal workers_Worked for less than_3 months_Total_Persons,0,DDW-0500B-01ST-Census.xls,01ST
B0301ST,05,063,District - Bageshwar (08),Urban,5-14,Marginal workers_Worked for less than_3 months_Total_Persons,0,DDW-0500B-01ST-Census.xls,01ST
B0301ST,05,063,District - Bageshwar (08),Urban,15-34,Marginal workers_Worked for less than_3 months_Total_Persons,0,DDW-0500B-01ST-Census.xls,01ST
B0301ST,05,063,District - Bageshwar (08),Urban,35-59,Marginal workers_Worked for less than_3 months_Total_Persons,0,DDW-0500B-01ST-Census.xls,01ST
B0301ST,05,063,District - Bageshwar (08),Urban,60+,Marginal workers_Worked for less than_3 months_Total_Persons,0,DDW-0500B-01ST-Census.xls,01ST
B0301ST,05,063,District - Bageshwar (08),Urban,Age not stated,Marginal workers_Worked for less than_3 months_Total_Persons,0,DDW-0500B-01ST-Census.xls,01ST
B0301ST,05,063,District - Bageshwar (08),Urban,15-59,Marginal workers_Worked for less than_3 months_Total_Persons,0,DDW-0500B-01ST-Census.xls,01ST
B0301ST,05,064,"District - Almora
 (09)",Total,Total,Marginal workers_Worked for less than_3 months_Total_Persons,13,DDW-0500B-01ST-Census.xls,01ST
B0301ST,05,064,"District - Almora
 (09)",Total,5-14,Marginal workers_Worked for less than_3 months_Total_Persons,1,DDW-0500B-01ST-Census.xls,01ST
B0301ST,05,064,"District - Almora
 (09)",Total,15-34,Marginal workers_Worked for less than_3 months_Total_Persons,7,DDW-0500B-01ST-Census.xls,01ST
B0301ST,05,064,"District - Almora
 (09)",Total,35-59,Marginal workers_Worked for less than_3 months_Total_Persons,1,DDW-0500B-01ST-Census.xls,01ST
B0301ST,05,064,"District - Almora
 (09)",Total,60+,Marginal workers_Worked for less than_3 months_Total_Persons,4,DDW-0500B-01ST-Census.xls,01ST
B0301ST,05,064,"District - Almora
 (09)",Total,Age not stated,Marginal workers_Worked for less than_3 months_Total_Persons,0,DDW-0500B-01ST-Census.xls,01ST
B0301ST,05,064,"District - Almora
 (09)",Total,15-59,Marginal workers_Worked for less than_3 months_Total_Persons,8,DDW-0500B-01ST-Census.xls,01ST
B0301ST,05,064,"District - Almora
 (09)",Rural,Total,Marginal workers_Worked for less than_3 months_Total_Persons,12,DDW-0500B-01ST-Census.xls,01ST
B0301ST,05,064,"District - Almora
 (09)",Rural,5-14,Marginal workers_Worked for less than_3 months_Total_Persons,1,DDW-0500B-01ST-Census.xls,01ST
B0301ST,05,064,"District - Almora
 (09)",Rural,15-34,Marginal workers_Worked for less than_3 months_Total_Persons,7,DDW-0500B-01ST-Census.xls,01ST
B0301ST,05,064,"District - Almora
 (09)",Rural,35-59,Marginal workers_Worked for less than_3 months_Total_Persons,0,DDW-0500B-01ST-Census.xls,01ST
B0301ST,05,064,"District - Almora
 (09)",Rural,60+,Marginal workers_Worked for less than_3 months_Total_Persons,4,DDW-0500B-01ST-Census.xls,01ST
B0301ST,05,064,"District - Almora
 (09)",Rural,Age not stated,Marginal workers_Worked for less than_3 months_Total_Persons,0,DDW-0500B-01ST-Census.xls,01ST
B0301ST,05,064,"District - Almora
 (09)",Rural,15-59,Marginal workers_Worked for less than_3 months_Total_Persons,7,DDW-0500B-01ST-Census.xls,01ST
B0301ST,05,064,"District - Almora
 (09)",Urban,Total,Marginal workers_Worked for less than_3 months_Total_Persons,1,DDW-0500B-01ST-Census.xls,01ST
B0301ST,05,064,"District - Almora
 (09)",Urban,5-14,Marginal workers_Worked for less than_3 months_Total_Persons,0,DDW-0500B-01ST-Census.xls,01ST
B0301ST,05,064,"District - Almora
 (09)",Urban,15-34,Marginal workers_Worked for less than_3 months_Total_Persons,0,DDW-0500B-01ST-Census.xls,01ST
B0301ST,05,064,"District - Almora
 (09)",Urban,35-59,Marginal workers_Worked for less than_3 months_Total_Persons,1,DDW-0500B-01ST-Census.xls,01ST
B0301ST,05,064,"District - Almora
 (09)",Urban,60+,Marginal workers_Worked for less than_3 months_Total_Persons,0,DDW-0500B-01ST-Census.xls,01ST
B0301ST,05,064,"District - Almora
 (09)",Urban,Age not stated,Marginal workers_Worked for less than_3 months_Total_Persons,0,DDW-0500B-01ST-Census.xls,01ST
B0301ST,05,064,"District - Almora
 (09)",Urban,15-59,Marginal workers_Worked for less than_3 months_Total_Persons,1,DDW-0500B-01ST-Census.xls,01ST
B0301ST,05,065,District - Champawat (10),Total,Total,Marginal workers_Worked for less than_3 months_Total_Persons,23,DDW-0500B-01ST-Census.xls,01ST
B0301ST,05,065,District - Champawat (10),Total,5-14,Marginal workers_Worked for less than_3 months_Total_Persons,0,DDW-0500B-01ST-Census.xls,01ST
B0301ST,05,065,District - Champawat (10),Total,15-34,Marginal workers_Worked for less than_3 months_Total_Persons,12,DDW-0500B-01ST-Census.xls,01ST
B0301ST,05,065,District - Champawat (10),Total,35-59,Marginal workers_Worked for less than_3 months_Total_Persons,9,DDW-0500B-01ST-Census.xls,01ST
B0301ST,05,065,District - Champawat (10),Total,60+,Marginal workers_Worked for less than_3 months_Total_Persons,2,DDW-0500B-01ST-Census.xls,01ST
B0301ST,05,065,District - Champawat (10),Total,Age not stated,Marginal workers_Worked for less than_3 months_Total_Persons,0,DDW-0500B-01ST-Census.xls,01ST
B0301ST,05,065,District - Champawat (10),Total,15-59,Marginal workers_Worked for less than_3 months_Total_Persons,21,DDW-0500B-01ST-Census.xls,01ST
B0301ST,05,065,District - Champawat (10),Rural,Total,Marginal workers_Worked for less than_3 months_Total_Persons,23,DDW-0500B-01ST-Census.xls,01ST
B0301ST,05,065,District - Champawat (10),Rural,5-14,Marginal workers_Worked for less than_3 months_Total_Persons,0,DDW-0500B-01ST-Census.xls,01ST
B0301ST,05,065,District - Champawat (10),Rural,15-34,Marginal workers_Worked for less than_3 months_Total_Persons,12,DDW-0500B-01ST-Census.xls,01ST
B0301ST,05,065,District - Champawat (10),Rural,35-59,Marginal workers_Worked for less than_3 months_Total_Persons,9,DDW-0500B-01ST-Census.xls,01ST
B0301ST,05,065,District - Champawat (10),Rural,60+,Marginal workers_Worked for less than_3 months_Total_Persons,2,DDW-0500B-01ST-Census.xls,01ST
B0301ST,05,065,District - Champawat (10),Rural,Age not stated,Marginal workers_Worked for less than_3 months_Total_Persons,0,DDW-0500B-01ST-Census.xls,01ST
B0301ST,05,065,District - Champawat (10),Rural,15-59,Marginal workers_Worked for less than_3 months_Total_Persons,21,DDW-0500B-01ST-Census.xls,01ST
B0301ST,05,065,District - Champawat (10),Urban,Total,Marginal workers_Worked for less than_3 months_Total_Persons,0,DDW-0500B-01ST-Census.xls,01ST
B0301ST,05,065,District - Champawat (10),Urban,5-14,Marginal workers_Worked for less than_3 months_Total_Persons,0,DDW-0500B-01ST-Census.xls,01ST
B0301ST,05,065,District - Champawat (10),Urban,15-34,Marginal workers_Worked for less than_3 months_Total_Persons,0,DDW-0500B-01ST-Census.xls,01ST
B0301ST,05,065,District - Champawat (10),Urban,35-59,Marginal workers_Worked for less than_3 months_Total_Persons,0,DDW-0500B-01ST-Census.xls,01ST
B0301ST,05,065,District - Champawat (10),Urban,60+,Marginal workers_Worked for less than_3 months_Total_Persons,0,DDW-0500B-01ST-Census.xls,01ST
B0301ST,05,065,District - Champawat (10),Urban,Age not stated,Marginal workers_Worked for less than_3 months_Total_Persons,0,DDW-0500B-01ST-Census.xls,01ST
B0301ST,05,065,District - Champawat (10),Urban,15-59,Marginal workers_Worked for less than_3 months_Total_Persons,0,DDW-0500B-01ST-Census.xls,01ST
B0301ST,05,066,District - Nainital (11),Total,Total,Marginal workers_Worked for less than_3 months_Total_Persons,135,DDW-0500B-01ST-Census.xls,01ST
B0301ST,05,066,District - Nainital (11),Total,5-14,Marginal workers_Worked for less than_3 months_Total_Persons,1,DDW-0500B-01ST-Census.xls,01ST
B0301ST,05,066,District - Nainital (11),Total,15-34,Marginal workers_Worked for less than_3 months_Total_Persons,68,DDW-0500B-01ST-Census.xls,01ST
B0301ST,05,066,District - Nainital (11),Total,35-59,Marginal workers_Worked for less than_3 months_Total_Persons,45,DDW-0500B-01ST-Census.xls,01ST
B0301ST,05,066,District - Nainital (11),Total,60+,Marginal workers_Worked for less than_3 months_Total_Persons,20,DDW-0500B-01ST-Census.xls,01ST
B0301ST,05,066,District - Nainital (11),Total,Age not stated,Marginal workers_Worked for less than_3 months_Total_Persons,1,DDW-0500B-01ST-Census.xls,01ST
B0301ST,05,066,District - Nainital (11),Total,15-59,Marginal workers_Worked for less than_3 months_Total_Persons,113,DDW-0500B-01ST-Census.xls,01ST
B0301ST,05,066,District - Nainital (11),Rural,Total,Marginal workers_Worked for less than_3 months_Total_Persons,134,DDW-0500B-01ST-Census.xls,01ST
B0301ST,05,066,District - Nainital (11),Rural,5-14,Marginal workers_Worked for less than_3 months_Total_Persons,1,DDW-0500B-01ST-Census.xls,01ST
B0301ST,05,066,District - Nainital (11),Rural,15-34,Marginal workers_Worked for less than_3 months_Total_Persons,67,DDW-0500B-01ST-Census.xls,01ST
B0301ST,05,066,District - Nainital (11),Rural,35-59,Marginal workers_Worked for less than_3 months_Total_Persons,45,DDW-0500B-01ST-Census.xls,01ST
B0301ST,05,066,District - Nainital (11),Rural,60+,Marginal workers_Worked for less than_3 months_Total_Persons,20,DDW-0500B-01ST-Census.xls,01ST
B0301ST,05,066,District - Nainital (11),Rural,Age not stated,Marginal workers_Worked for less than_3 months_Total_Persons,1,DDW-0500B-01ST-Census.xls,01ST
B0301ST,05,066,District - Nainital (11),Rural,15-59,Marginal workers_Worked for less than_3 months_Total_Persons,112,DDW-0500B-01ST-Census.xls,01ST
B0301ST,05,066,District - Nainital (11),Urban,Total,Marginal workers_Worked for less than_3 months_Total_Persons,1,DDW-0500B-01ST-Census.xls,01ST
B0301ST,05,066,District - Nainital (11),Urban,5-14,Marginal workers_Worked for less than_3 months_Total_Persons,0,DDW-0500B-01ST-Census.xls,01ST
B0301ST,05,066,District - Nainital (11),Urban,15-34,Marginal workers_Worked for less than_3 months_Total_Persons,1,DDW-0500B-01ST-Census.xls,01ST
B0301ST,05,066,District - Nainital (11),Urban,35-59,Marginal workers_Worked for less than_3 months_Total_Persons,0,DDW-0500B-01ST-Census.xls,01ST
B0301ST,05,066,District - Nainital (11),Urban,60+,Marginal workers_Worked for less than_3 months_Total_Persons,0,DDW-0500B-01ST-Census.xls,01ST
B0301ST,05,066,District - Nainital (11),Urban,Age not stated,Marginal workers_Worked for less than_3 months_Total_Persons,0,DDW-0500B-01ST-Census.xls,01ST
B0301ST,05,066,District - Nainital (11),Urban,15-59,Marginal workers_Worked for less than_3 months_Total_Persons,1,DDW-0500B-01ST-Census.xls,01ST
B0301ST,05,067,District - Udham Singh Nagar (12),Total,Total,Marginal workers_Worked for less than_3 months_Total_Persons,5927,DDW-0500B-01ST-Census.xls,01ST
B0301ST,05,067,District - Udham Singh Nagar (12),Total,5-14,Marginal workers_Worked for less than_3 months_Total_Persons,784,DDW-0500B-01ST-Census.xls,01ST
B0301ST,05,067,District - Udham Singh Nagar (12),Total,15-34,Marginal workers_Worked for less than_3 months_Total_Persons,3427,DDW-0500B-01ST-Census.xls,01ST
B0301ST,05,067,District - Udham Singh Nagar (12),Total,35-59,Marginal workers_Worked for less than_3 months_Total_Persons,1314,DDW-0500B-01ST-Census.xls,01ST
B0301ST,05,067,District - Udham Singh Nagar (12),Total,60+,Marginal workers_Worked for less than_3 months_Total_Persons,397,DDW-0500B-01ST-Census.xls,01ST
B0301ST,05,067,District - Udham Singh Nagar (12),Total,Age not stated,Marginal workers_Worked for less than_3 months_Total_Persons,5,DDW-0500B-01ST-Census.xls,01ST
B0301ST,05,067,District - Udham Singh Nagar (12),Total,15-59,Marginal workers_Worked for less than_3 months_Total_Persons,4741,DDW-0500B-01ST-Census.xls,01ST
B0301ST,05,067,District - Udham Singh Nagar (12),Rural,Total,Marginal workers_Worked for less than_3 months_Total_Persons,5831,DDW-0500B-01ST-Census.xls,01ST
B0301ST,05,067,District - Udham Singh Nagar (12),Rural,5-14,Marginal workers_Worked for less than_3 months_Total_Persons,778,DDW-0500B-01ST-Census.xls,01ST
B0301ST,05,067,District - Udham Singh Nagar (12),Rural,15-34,Marginal workers_Worked for less than_3 months_Total_Persons,3373,DDW-0500B-01ST-Census.xls,01ST
B0301ST,05,067,District - Udham Singh Nagar (12),Rural,35-59,Marginal workers_Worked for less than_3 months_Total_Persons,1282,DDW-0500B-01ST-Census.xls,01ST
B0301ST,05,067,District - Udham Singh Nagar (12),Rural,60+,Marginal workers_Worked for less than_3 months_Total_Persons,393,DDW-0500B-01ST-Census.xls,01ST
B0301ST,05,067,District - Udham Singh Nagar (12),Rural,Age not stated,Marginal workers_Worked for less than_3 months_Total_Persons,5,DDW-0500B-01ST-Census.xls,01ST
B0301ST,05,067,District - Udham Singh Nagar (12),Rural,15-59,Marginal workers_Worked for less than_3 months_Total_Persons,4655,DDW-0500B-01ST-Census.xls,01ST
B0301ST,05,067,District - Udham Singh Nagar (12),Urban,Total,Marginal workers_Worked for less than_3 months_Total_Persons,96,DDW-0500B-01ST-Census.xls,01ST
B0301ST,05,067,District - Udham Singh Nagar (12),Urban,5-14,Marginal workers_Worked for less than_3 months_Total_Persons,6,DDW-0500B-01ST-Census.xls,01ST
B0301ST,05,067,District - Udham Singh Nagar (12),Urban,15-34,Marginal workers_Worked for less than_3 months_Total_Persons,54,DDW-0500B-01ST-Census.xls,01ST
B0301ST,05,067,District - Udham Singh Nagar (12),Urban,35-59,Marginal workers_Worked for less than_3 months_Total_Persons,32,DDW-0500B-01ST-Census.xls,01ST
B0301ST,05,067,District - Udham Singh Nagar (12),Urban,60+,Marginal workers_Worked for less than_3 months_Total_Persons,4,DDW-0500B-01ST-Census.xls,01ST
B0301ST,05,067,District - Udham Singh Nagar (12),Urban,Age not stated,Marginal workers_Worked for less than_3 months_Total_Persons,0,DDW-0500B-01ST-Census.xls,01ST
B0301ST,05,067,District - Udham Singh Nagar (12),Urban,15-59,Marginal workers_Worked for less than_3 months_Total_Persons,86,DDW-0500B-01ST-Census.xls,01ST
B0301ST,05,068,District - Hardwar (13),Total,Total,Marginal workers_Worked for less than_3 months_Total_Persons,293,DDW-0500B-01ST-Census.xls,01ST
B0301ST,05,068,District - Hardwar (13),Total,5-14,Marginal workers_Worked for less than_3 months_Total_Persons,4,DDW-0500B-01ST-Census.xls,01ST
B0301ST,05,068,District - Hardwar (13),Total,15-34,Marginal workers_Worked for less than_3 months_Total_Persons,138,DDW-0500B-01ST-Census.xls,01ST
B0301ST,05,068,District - Hardwar (13),Total,35-59,Marginal workers_Worked for less than_3 months_Total_Persons,118,DDW-0500B-01ST-Census.xls,01ST
B0301ST,05,068,District - Hardwar (13),Total,60+,Marginal workers_Worked for less than_3 months_Total_Persons,33,DDW-0500B-01ST-Census.xls,01ST
B0301ST,05,068,District - Hardwar (13),Total,Age not stated,Marginal workers_Worked for less than_3 months_Total_Persons,0,DDW-0500B-01ST-Census.xls,01ST
B0301ST,05,068,District - Hardwar (13),Total,15-59,Marginal workers_Worked for less than_3 months_Total_Persons,256,DDW-0500B-01ST-Census.xls,01ST
B0301ST,05,068,District - Hardwar (13),Rural,Total,Marginal workers_Worked for less than_3 months_Total_Persons,289,DDW-0500B-01ST-Census.xls,01ST
B0301ST,05,068,District - Hardwar (13),Rural,5-14,Marginal workers_Worked for less than_3 months_Total_Persons,4,DDW-0500B-01ST-Census.xls,01ST
B0301ST,05,068,District - Hardwar (13),Rural,15-34,Marginal workers_Worked for less than_3 months_Total_Persons,135,DDW-0500B-01ST-Census.xls,01ST
B0301ST,05,068,District - Hardwar (13),Rural,35-59,Marginal workers_Worked for less than_3 months_Total_Persons,117,DDW-0500B-01ST-Census.xls,01ST
B0301ST,05,068,District - Hardwar (13),Rural,60+,Marginal workers_Worked for less than_3 months_Total_Persons,33,DDW-0500B-01ST-Census.xls,01ST
B0301ST,05,068,District - Hardwar (13),Rural,Age not stated,Marginal workers_Worked for less than_3 months_Total_Persons,0,DDW-0500B-01ST-Census.xls,01ST
B0301ST,05,068,District - Hardwar (13),Rural,15-59,Marginal workers_Worked for less than_3 months_Total_Persons,252,DDW-0500B-01ST-Census.xls,01ST
B0301ST,05,068,District - Hardwar (13),Urban,Total,Marginal workers_Worked for less than_3 months_Total_Persons,4,DDW-0500B-01ST-Census.xls,01ST
B0301ST,05,068,District - Hardwar (13),Urban,5-14,Marginal workers_Worked for less than_3 months_Total_Persons,0,DDW-0500B-01ST-Census.xls,01ST
B0301ST,05,068,District - Hardwar (13),Urban,15-34,Marginal workers_Worked for less than_3 months_Total_Persons,3,DDW-0500B-01ST-Census.xls,01ST
B0301ST,05,068,District - Hardwar (13),Urban,35-59,Marginal workers_Worked for less than_3 months_Total_Persons,1,DDW-0500B-01ST-Census.xls,01ST
B0301ST,05,068,District - Hardwar (13),Urban,60+,Marginal workers_Worked for less than_3 months_Total_Persons,0,DDW-0500B-01ST-Census.xls,01ST
B0301ST,05,068,District - Hardwar (13),Urban,Age not stated,Marginal workers_Worked for less than_3 months_Total_Persons,0,DDW-0500B-01ST-Census.xls,01ST
B0301ST,05,068,District - Hardwar (13),Urban,15-59,Marginal workers_Worked for less than_3 months_Total_Persons,4,DDW-0500B-01ST-Census.xls,01ST
B0301ST,05,000,State - UTTARAKHAND (05),Total,Total,Marginal workers_Worked for less than_3 months_Total_Males,4373,DDW-0500B-01ST-Census.xls,01ST
B0301ST,05,000,State - UTTARAKHAND (05),Total,5-14,Marginal workers_Worked for less than_3 months_Total_Males,743,DDW-0500B-01ST-Census.xls,01ST
B0301ST,05,000,State - UTTARAKHAND (05),Total,15-34,Marginal workers_Worked for less than_3 months_Total_Males,2407,DDW-0500B-01ST-Census.xls,01ST
B0301ST,05,000,State - UTTARAKHAND (05),Total,35-59,Marginal workers_Worked for less than_3 months_Total_Males,752,DDW-0500B-01ST-Census.xls,01ST
B0301ST,05,000,State - UTTARAKHAND (05),Total,60+,Marginal workers_Worked for less than_3 months_Total_Males,464,DDW-0500B-01ST-Census.xls,01ST
B0301ST,05,000,State - UTTARAKHAND (05),Total,Age not stated,Marginal workers_Worked for less than_3 months_Total_Males,7,DDW-0500B-01ST-Census.xls,01ST
B0301ST,05,000,State - UTTARAKHAND (05),Total,15-59,Marginal workers_Worked for less than_3 months_Total_Males,3159,DDW-0500B-01ST-Census.xls,01ST
B0301ST,05,000,State - UTTARAKHAND (05),Rural,Total,Marginal workers_Worked for less than_3 months_Total_Males,4293,DDW-0500B-01ST-Census.xls,01ST
B0301ST,05,000,State - UTTARAKHAND (05),Rural,5-14,Marginal workers_Worked for less than_3 months_Total_Males,740,DDW-0500B-01ST-Census.xls,01ST
B0301ST,05,000,State - UTTARAKHAND (05),Rural,15-34,Marginal workers_Worked for less than_3 months_Total_Males,2363,DDW-0500B-01ST-Census.xls,01ST
B0301ST,05,000,State - UTTARAKHAND (05),Rural,35-59,Marginal workers_Worked for less than_3 months_Total_Males,730,DDW-0500B-01ST-Census.xls,01ST
B0301ST,05,000,State - UTTARAKHAND (05),Rural,60+,Marginal workers_Worked for less than_3 months_Total_Males,453,DDW-0500B-01ST-Census.xls,01ST
B0301ST,05,000,State - UTTARAKHAND (05),Rural,Age not stated,Marginal workers_Worked for less than_3 months_Total_Males,7,DDW-0500B-01ST-Census.xls,01ST
B0301ST,05,000,State - UTTARAKHAND (05),Rural,15-59,Marginal workers_Worked for less than_3 months_Total_Males,3093,DDW-0500B-01ST-Census.xls,01ST
B0301ST,05,000,State - UTTARAKHAND (05),Urban,Total,Marginal workers_Worked for less than_3 months_Total_Males,80,DDW-0500B-01ST-Census.xls,01ST
B0301ST,05,000,State - UTTARAKHAND (05),Urban,5-14,Marginal workers_Worked for less than_3 months_Total_Males,3,DDW-0500B-01ST-Census.xls,01ST
B0301ST,05,000,State - UTTARAKHAND (05),Urban,15-34,Marginal workers_Worked for less than_3 months_Total_Males,44,DDW-0500B-01ST-Census.xls,01ST
B0301ST,05,000,State - UTTARAKHAND (05),Urban,35-59,Marginal workers_Worked for less than_3 months_Total_Males,22,DDW-0500B-01ST-Census.xls,01ST
B0301ST,05,000,State - UTTARAKHAND (05),Urban,60+,Marginal workers_Worked for less than_3 months_Total_Males,11,DDW-0500B-01ST-Census.xls,01ST
B0301ST,05,000,State - UTTARAKHAND (05),Urban,Age not stated,Marginal workers_Worked for less than_3 months_Total_Males,0,DDW-0500B-01ST-Census.xls,01ST
B0301ST,05,000,State - UTTARAKHAND (05),Urban,15-59,Marginal workers_Worked for less than_3 months_Total_Males,66,DDW-0500B-01ST-Census.xls,01ST
B0301ST,05,056,District - Uttarkashi (01),Total,Total,Marginal workers_Worked for less than_3 months_Total_Males,27,DDW-0500B-01ST-Census.xls,01ST
B0301ST,05,056,District - Uttarkashi (01),Total,5-14,Marginal workers_Worked for less than_3 months_Total_Males,1,DDW-0500B-01ST-Census.xls,01ST
B0301ST,05,056,District - Uttarkashi (01),Total,15-34,Marginal workers_Worked for less than_3 months_Total_Males,15,DDW-0500B-01ST-Census.xls,01ST
B0301ST,05,056,District - Uttarkashi (01),Total,35-59,Marginal workers_Worked for less than_3 months_Total_Males,8,DDW-0500B-01ST-Census.xls,01ST
B0301ST,05,056,District - Uttarkashi (01),Total,60+,Marginal workers_Worked for less than_3 months_Total_Males,3,DDW-0500B-01ST-Census.xls,01ST
B0301ST,05,056,District - Uttarkashi (01),Total,Age not stated,Marginal workers_Worked for less than_3 months_Total_Males,0,DDW-0500B-01ST-Census.xls,01ST
B0301ST,05,056,District - Uttarkashi (01),Total,15-59,Marginal workers_Worked for less than_3 months_Total_Males,23,DDW-0500B-01ST-Census.xls,01ST
B0301ST,05,056,District - Uttarkashi (01),Rural,Total,Marginal workers_Worked for less than_3 months_Total_Males,27,DDW-0500B-01ST-Census.xls,01ST
B0301ST,05,056,District - Uttarkashi (01),Rural,5-14,Marginal workers_Worked for less than_3 months_Total_Males,1,DDW-0500B-01ST-Census.xls,01ST
B0301ST,05,056,District - Uttarkashi (01),Rural,15-34,Marginal workers_Worked for less than_3 months_Total_Males,15,DDW-0500B-01ST-Census.xls,01ST
B0301ST,05,056,District - Uttarkashi (01),Rural,35-59,Marginal workers_Worked for less than_3 months_Total_Males,8,DDW-0500B-01ST-Census.xls,01ST
B0301ST,05,056,District - Uttarkashi (01),Rural,60+,Marginal workers_Worked for less than_3 months_Total_Males,3,DDW-0500B-01ST-Census.xls,01ST
B0301ST,05,056,District - Uttarkashi (01),Rural,Age not stated,Marginal workers_Worked for less than_3 months_Total_Males,0,DDW-0500B-01ST-Census.xls,01ST
B0301ST,05,056,District - Uttarkashi (01),Rural,15-59,Marginal workers_Worked for less than_3 months_Total_Males,23,DDW-0500B-01ST-Census.xls,01ST
B0301ST,05,056,District - Uttarkashi (01),Urban,Total,Marginal workers_Worked for less than_3 months_Total_Males,0,DDW-0500B-01ST-Census.xls,01ST
B0301ST,05,056,District - Uttarkashi (01),Urban,5-14,Marginal workers_Worked for less than_3 months_Total_Males,0,DDW-0500B-01ST-Census.xls,01ST
B0301ST,05,056,District - Uttarkashi (01),Urban,15-34,Marginal workers_Worked for less than_3 months_Total_Males,0,DDW-0500B-01ST-Census.xls,01ST
B0301ST,05,056,District - Uttarkashi (01),Urban,35-59,Marginal workers_Worked for less than_3 months_Total_Males,0,DDW-0500B-01ST-Census.xls,01ST
B0301ST,05,056,District - Uttarkashi (01),Urban,60+,Marginal workers_Worked for less than_3 months_Total_Males,0,DDW-0500B-01ST-Census.xls,01ST
B0301ST,05,056,District - Uttarkashi (01),Urban,Age not stated,Marginal workers_Worked for less than_3 months_Total_Males,0,DDW-0500B-01ST-Census.xls,01ST
B0301ST,05,056,District - Uttarkashi (01),Urban,15-59,Marginal workers_Worked for less than_3 months_Total_Males,0,DDW-0500B-01ST-Census.xls,01ST
B0301ST,05,057,District - Chamoli (02),Total,Total,Marginal workers_Worked for less than_3 months_Total_Males,164,DDW-0500B-01ST-Census.xls,01ST
B0301ST,05,057,District - Chamoli (02),Total,5-14,Marginal workers_Worked for less than_3 months_Total_Males,6,DDW-0500B-01ST-Census.xls,01ST
B0301ST,05,057,District - Chamoli (02),Total,15-34,Marginal workers_Worked for less than_3 months_Total_Males,86,DDW-0500B-01ST-Census.xls,01ST
B0301ST,05,057,District - Chamoli (02),Total,35-59,Marginal workers_Worked for less than_3 months_Total_Males,35,DDW-0500B-01ST-Census.xls,01ST
B0301ST,05,057,District - Chamoli (02),Total,60+,Marginal workers_Worked for less than_3 months_Total_Males,37,DDW-0500B-01ST-Census.xls,01ST
B0301ST,05,057,District - Chamoli (02),Total,Age not stated,Marginal workers_Worked for less than_3 months_Total_Males,0,DDW-0500B-01ST-Census.xls,01ST
B0301ST,05,057,District - Chamoli (02),Total,15-59,Marginal workers_Worked for less than_3 months_Total_Males,121,DDW-0500B-01ST-Census.xls,01ST
B0301ST,05,057,District - Chamoli (02),Rural,Total,Marginal workers_Worked for less than_3 months_Total_Males,159,DDW-0500B-01ST-Census.xls,01ST
B0301ST,05,057,District - Chamoli (02),Rural,5-14,Marginal workers_Worked for less than_3 months_Total_Males,6,DDW-0500B-01ST-Census.xls,01ST
B0301ST,05,057,District - Chamoli (02),Rural,15-34,Marginal workers_Worked for less than_3 months_Total_Males,85,DDW-0500B-01ST-Census.xls,01ST
B0301ST,05,057,District - Chamoli (02),Rural,35-59,Marginal workers_Worked for less than_3 months_Total_Males,31,DDW-0500B-01ST-Census.xls,01ST
B0301ST,05,057,District - Chamoli (02),Rural,60+,Marginal workers_Worked for less than_3 months_Total_Males,37,DDW-0500B-01ST-Census.xls,01ST
B0301ST,05,057,District - Chamoli (02),Rural,Age not stated,Marginal workers_Worked for less than_3 months_Total_Males,0,DDW-0500B-01ST-Census.xls,01ST
B0301ST,05,057,District - Chamoli (02),Rural,15-59,Marginal workers_Worked for less than_3 months_Total_Males,116,DDW-0500B-01ST-Census.xls,01ST
B0301ST,05,057,District - Chamoli (02),Urban,Total,Marginal workers_Worked for less than_3 months_Total_Males,5,DDW-0500B-01ST-Census.xls,01ST
B0301ST,05,057,District - Chamoli (02),Urban,5-14,Marginal workers_Worked for less than_3 months_Total_Males,0,DDW-0500B-01ST-Census.xls,01ST
B0301ST,05,057,District - Chamoli (02),Urban,15-34,Marginal workers_Worked for less than_3 months_Total_Males,1,DDW-0500B-01ST-Census.xls,01ST
B0301ST,05,057,District - Chamoli (02),Urban,35-59,Marginal workers_Worked for less than_3 months_Total_Males,4,DDW-0500B-01ST-Census.xls,01ST
B0301ST,05,057,District - Chamoli (02),Urban,60+,Marginal workers_Worked for less than_3 months_Total_Males,0,DDW-0500B-01ST-Census.xls,01ST
B0301ST,05,057,District - Chamoli (02),Urban,Age not stated,Marginal workers_Worked for less than_3 months_Total_Males,0,DDW-0500B-01ST-Census.xls,01ST
B0301ST,05,057,District - Chamoli (02),Urban,15-59,Marginal workers_Worked for less than_3 months_Total_Males,5,DDW-0500B-01ST-Census.xls,01ST
B0301ST,05,058,District - Rudraprayag (03),Total,Total,Marginal workers_Worked for less than_3 months_Total_Males,3,DDW-0500B-01ST-Census.xls,01ST
B0301ST,05,058,District - Rudraprayag (03),Total,5-14,Marginal workers_Worked for less than_3 months_Total_Males,0,DDW-0500B-01ST-Census.xls,01ST
B0301ST,05,058,District - Rudraprayag (03),Total,15-34,Marginal workers_Worked for less than_3 months_Total_Males,2,DDW-0500B-01ST-Census.xls,01ST
B0301ST,05,058,District - Rudraprayag (03),Total,35-59,Marginal workers_Worked for less than_3 months_Total_Males,1,DDW-0500B-01ST-Census.xls,01ST
B0301ST,05,058,District - Rudraprayag (03),Total,60+,Marginal workers_Worked for less than_3 months_Total_Males,0,DDW-0500B-01ST-Census.xls,01ST
B0301ST,05,058,District - Rudraprayag (03),Total,Age not stated,Marginal workers_Worked for less than_3 months_Total_Males,0,DDW-0500B-01ST-Census.xls,01ST
B0301ST,05,058,District - Rudraprayag (03),Total,15-59,Marginal workers_Worked for less than_3 months_Total_Males,3,DDW-0500B-01ST-Census.xls,01ST
B0301ST,05,058,District - Rudraprayag (03),Rural,Total,Marginal workers_Worked for less than_3 months_Total_Males,3,DDW-0500B-01ST-Census.xls,01ST
B0301ST,05,058,District - Rudraprayag (03),Rural,5-14,Marginal workers_Worked for less than_3 months_Total_Males,0,DDW-0500B-01ST-Census.xls,01ST
B0301ST,05,058,District - Rudraprayag (03),Rural,15-34,Marginal workers_Worked for less than_3 months_Total_Males,2,DDW-0500B-01ST-Census.xls,01ST
B0301ST,05,058,District - Rudraprayag (03),Rural,35-59,Marginal workers_Worked for less than_3 months_Total_Males,1,DDW-0500B-01ST-Census.xls,01ST
B0301ST,05,058,District - Rudraprayag (03),Rural,60+,Marginal workers_Worked for less than_3 months_Total_Males,0,DDW-0500B-01ST-Census.xls,01ST
B0301ST,05,058,District - Rudraprayag (03),Rural,Age not stated,Marginal workers_Worked for less than_3 months_Total_Males,0,DDW-0500B-01ST-Census.xls,01ST
B0301ST,05,058,District - Rudraprayag (03),Rural,15-59,Marginal workers_Worked for less than_3 months_Total_Males,3,DDW-0500B-01ST-Census.xls,01ST
B0301ST,05,058,District - Rudraprayag (03),Urban,Total,Marginal workers_Worked for less than_3 months_Total_Males,0,DDW-0500B-01ST-Census.xls,01ST
B0301ST,05,058,District - Rudraprayag (03),Urban,5-14,Marginal workers_Worked for less than_3 months_Total_Males,0,DDW-0500B-01ST-Census.xls,01ST
B0301ST,05,058,District - Rudraprayag (03),Urban,15-34,Marginal workers_Worked for less than_3 months_Total_Males,0,DDW-0500B-01ST-Census.xls,01ST
B0301ST,05,058,District - Rudraprayag (03),Urban,35-59,Marginal workers_Worked for less than_3 months_Total_Males,0,DDW-0500B-01ST-Census.xls,01ST
B0301ST,05,058,District - Rudraprayag (03),Urban,60+,Marginal workers_Worked for less than_3 months_Total_Males,0,DDW-0500B-01ST-Census.xls,01ST
B0301ST,05,058,District - Rudraprayag (03),Urban,Age not stated,Marginal workers_Worked for less than_3 months_Total_Males,0,DDW-0500B-01ST-Census.xls,01ST
B0301ST,05,058,District - Rudraprayag (03),Urban,15-59,Marginal workers_Worked for less than_3 months_Total_Males,0,DDW-0500B-01ST-Census.xls,01ST
B0301ST,05,059,District - Tehri Garhwal (04),Total,Total,Marginal workers_Worked for less than_3 months_Total_Males,4,DDW-0500B-01ST-Census.xls,01ST
B0301ST,05,059,District - Tehri Garhwal (04),Total,5-14,Marginal workers_Worked for less than_3 months_Total_Males,1,DDW-0500B-01ST-Census.xls,01ST
B0301ST,05,059,District - Tehri Garhwal (04),Total,15-34,Marginal workers_Worked for less than_3 months_Total_Males,1,DDW-0500B-01ST-Census.xls,01ST
B0301ST,05,059,District - Tehri Garhwal (04),Total,35-59,Marginal workers_Worked for less than_3 months_Total_Males,1,DDW-0500B-01ST-Census.xls,01ST
B0301ST,05,059,District - Tehri Garhwal (04),Total,60+,Marginal workers_Worked for less than_3 months_Total_Males,1,DDW-0500B-01ST-Census.xls,01ST
B0301ST,05,059,District - Tehri Garhwal (04),Total,Age not stated,Marginal workers_Worked for less than_3 months_Total_Males,0,DDW-0500B-01ST-Census.xls,01ST
B0301ST,05,059,District - Tehri Garhwal (04),Total,15-59,Marginal workers_Worked for less than_3 months_Total_Males,2,DDW-0500B-01ST-Census.xls,01ST
B0301ST,05,059,District - Tehri Garhwal (04),Rural,Total,Marginal workers_Worked for less than_3 months_Total_Males,4,DDW-0500B-01ST-Census.xls,01ST
B0301ST,05,059,District - Tehri Garhwal (04),Rural,5-14,Marginal workers_Worked for less than_3 months_Total_Males,1,DDW-0500B-01ST-Census.xls,01ST
B0301ST,05,059,District - Tehri Garhwal (04),Rural,15-34,Marginal workers_Worked for less than_3 months_Total_Males,1,DDW-0500B-01ST-Census.xls,01ST
B0301ST,05,059,District - Tehri Garhwal (04),Rural,35-59,Marginal workers_Worked for less than_3 months_Total_Males,1,DDW-0500B-01ST-Census.xls,01ST
B0301ST,05,059,District - Tehri Garhwal (04),Rural,60+,Marginal workers_Worked for less than_3 months_Total_Males,1,DDW-0500B-01ST-Census.xls,01ST
B0301ST,05,059,District - Tehri Garhwal (04),Rural,Age not stated,Marginal workers_Worked for less than_3 months_Total_Males,0,DDW-0500B-01ST-Census.xls,01ST
B0301ST,05,059,District - Tehri Garhwal (04),Rural,15-59,Marginal workers_Worked for less than_3 months_Total_Males,2,DDW-0500B-01ST-Census.xls,01ST
B0301ST,05,059,District - Tehri Garhwal (04),Urban,Total,Marginal workers_Worked for less than_3 months_Total_Males,0,DDW-0500B-01ST-Census.xls,01ST
B0301ST,05,059,District - Tehri Garhwal (04),Urban,5-14,Marginal workers_Worked for less than_3 months_Total_Males,0,DDW-0500B-01ST-Census.xls,01ST
B0301ST,05,059,District - Tehri Garhwal (04),Urban,15-34,Marginal workers_Worked for less than_3 months_Total_Males,0,DDW-0500B-01ST-Census.xls,01ST
B0301ST,05,059,District - Tehri Garhwal (04),Urban,35-59,Marginal workers_Worked for less than_3 months_Total_Males,0,DDW-0500B-01ST-Census.xls,01ST
B0301ST,05,059,District - Tehri Garhwal (04),Urban,60+,Marginal workers_Worked for less than_3 months_Total_Males,0,DDW-0500B-01ST-Census.xls,01ST
B0301ST,05,059,District - Tehri Garhwal (04),Urban,Age not stated,Marginal workers_Worked for less than_3 months_Total_Males,0,DDW-0500B-01ST-Census.xls,01ST
B0301ST,05,059,District - Tehri Garhwal (04),Urban,15-59,Marginal workers_Worked for less than_3 months_Total_Males,0,DDW-0500B-01ST-Census.xls,01ST
B0301ST,05,060,District - Dehradun (05),Total,Total,Marginal workers_Worked for less than_3 months_Total_Males,1477,DDW-0500B-01ST-Census.xls,01ST
B0301ST,05,060,District - Dehradun (05),Total,5-14,Marginal workers_Worked for less than_3 months_Total_Males,298,DDW-0500B-01ST-Census.xls,01ST
B0301ST,05,060,District - Dehradun (05),Total,15-34,Marginal workers_Worked for less than_3 months_Total_Males,741,DDW-0500B-01ST-Census.xls,01ST
B0301ST,05,060,District - Dehradun (05),Total,35-59,Marginal workers_Worked for less than_3 months_Total_Males,246,DDW-0500B-01ST-Census.xls,01ST
B0301ST,05,060,District - Dehradun (05),Total,60+,Marginal workers_Worked for less than_3 months_Total_Males,187,DDW-0500B-01ST-Census.xls,01ST
B0301ST,05,060,District - Dehradun (05),Total,Age not stated,Marginal workers_Worked for less than_3 months_Total_Males,5,DDW-0500B-01ST-Census.xls,01ST
B0301ST,05,060,District - Dehradun (05),Total,15-59,Marginal workers_Worked for less than_3 months_Total_Males,987,DDW-0500B-01ST-Census.xls,01ST
B0301ST,05,060,District - Dehradun (05),Rural,Total,Marginal workers_Worked for less than_3 months_Total_Males,1459,DDW-0500B-01ST-Census.xls,01ST
B0301ST,05,060,District - Dehradun (05),Rural,5-14,Marginal workers_Worked for less than_3 months_Total_Males,298,DDW-0500B-01ST-Census.xls,01ST
B0301ST,05,060,District - Dehradun (05),Rural,15-34,Marginal workers_Worked for less than_3 months_Total_Males,728,DDW-0500B-01ST-Census.xls,01ST
B0301ST,05,060,District - Dehradun (05),Rural,35-59,Marginal workers_Worked for less than_3 months_Total_Males,241,DDW-0500B-01ST-Census.xls,01ST
B0301ST,05,060,District - Dehradun (05),Rural,60+,Marginal workers_Worked for less than_3 months_Total_Males,187,DDW-0500B-01ST-Census.xls,01ST
B0301ST,05,060,District - Dehradun (05),Rural,Age not stated,Marginal workers_Worked for less than_3 months_Total_Males,5,DDW-0500B-01ST-Census.xls,01ST
B0301ST,05,060,District - Dehradun (05),Rural,15-59,Marginal workers_Worked for less than_3 months_Total_Males,969,DDW-0500B-01ST-Census.xls,01ST
B0301ST,05,060,District - Dehradun (05),Urban,Total,Marginal workers_Worked for less than_3 months_Total_Males,18,DDW-0500B-01ST-Census.xls,01ST
B0301ST,05,060,District - Dehradun (05),Urban,5-14,Marginal workers_Worked for less than_3 months_Total_Males,0,DDW-0500B-01ST-Census.xls,01ST
B0301ST,05,060,District - Dehradun (05),Urban,15-34,Marginal workers_Worked for less than_3 months_Total_Males,13,DDW-0500B-01ST-Census.xls,01ST
B0301ST,05,060,District - Dehradun (05),Urban,35-59,Marginal workers_Worked for less than_3 months_Total_Males,5,DDW-0500B-01ST-Census.xls,01ST
B0301ST,05,060,District - Dehradun (05),Urban,60+,Marginal workers_Worked for less than_3 months_Total_Males,0,DDW-0500B-01ST-Census.xls,01ST
B0301ST,05,060,District - Dehradun (05),Urban,Age not stated,Marginal workers_Worked for less than_3 months_Total_Males,0,DDW-0500B-01ST-Census.xls,01ST
B0301ST,05,060,District - Dehradun (05),Urban,15-59,Marginal workers_Worked for less than_3 months_Total_Males,18,DDW-0500B-01ST-Census.xls,01ST
B0301ST,05,061,District - Garhwal (06),Total,Total,Marginal workers_Worked for less than_3 months_Total_Males,108,DDW-0500B-01ST-Census.xls,01ST
B0301ST,05,061,District - Garhwal (06),Total,5-14,Marginal workers_Worked for less than_3 months_Total_Males,0,DDW-0500B-01ST-Census.xls,01ST
B0301ST,05,061,District - Garhwal (06),Total,15-34,Marginal workers_Worked for less than_3 months_Total_Males,47,DDW-0500B-01ST-Census.xls,01ST
B0301ST,05,061,District - Garhwal (06),Total,35-59,Marginal workers_Worked for less than_3 months_Total_Males,51,DDW-0500B-01ST-Census.xls,01ST
B0301ST,05,061,District - Garhwal (06),Total,60+,Marginal workers_Worked for less than_3 months_Total_Males,10,DDW-0500B-01ST-Census.xls,01ST
B0301ST,05,061,District - Garhwal (06),Total,Age not stated,Marginal workers_Worked for less than_3 months_Total_Males,0,DDW-0500B-01ST-Census.xls,01ST
B0301ST,05,061,District - Garhwal (06),Total,15-59,Marginal workers_Worked for less than_3 months_Total_Males,98,DDW-0500B-01ST-Census.xls,01ST
B0301ST,05,061,District - Garhwal (06),Rural,Total,Marginal workers_Worked for less than_3 months_Total_Males,107,DDW-0500B-01ST-Census.xls,01ST
B0301ST,05,061,District - Garhwal (06),Rural,5-14,Marginal workers_Worked for less than_3 months_Total_Males,0,DDW-0500B-01ST-Census.xls,01ST
B0301ST,05,061,District - Garhwal (06),Rural,15-34,Marginal workers_Worked for less than_3 months_Total_Males,47,DDW-0500B-01ST-Census.xls,01ST
B0301ST,05,061,District - Garhwal (06),Rural,35-59,Marginal workers_Worked for less than_3 months_Total_Males,51,DDW-0500B-01ST-Census.xls,01ST
B0301ST,05,061,District - Garhwal (06),Rural,60+,Marginal workers_Worked for less than_3 months_Total_Males,9,DDW-0500B-01ST-Census.xls,01ST
B0301ST,05,061,District - Garhwal (06),Rural,Age not stated,Marginal workers_Worked for less than_3 months_Total_Males,0,DDW-0500B-01ST-Census.xls,01ST
B0301ST,05,061,District - Garhwal (06),Rural,15-59,Marginal workers_Worked for less than_3 months_Total_Males,98,DDW-0500B-01ST-Census.xls,01ST
B0301ST,05,061,District - Garhwal (06),Urban,Total,Marginal workers_Worked for less than_3 months_Total_Males,1,DDW-0500B-01ST-Census.xls,01ST
B0301ST,05,061,District - Garhwal (06),Urban,5-14,Marginal workers_Worked for less than_3 months_Total_Males,0,DDW-0500B-01ST-Census.xls,01ST
B0301ST,05,061,District - Garhwal (06),Urban,15-34,Marginal workers_Worked for less than_3 months_Total_Males,0,DDW-0500B-01ST-Census.xls,01ST
B0301ST,05,061,District - Garhwal (06),Urban,35-59,Marginal workers_Worked for less than_3 months_Total_Males,0,DDW-0500B-01ST-Census.xls,01ST
B0301ST,05,061,District - Garhwal (06),Urban,60+,Marginal workers_Worked for less than_3 months_Total_Males,1,DDW-0500B-01ST-Census.xls,01ST
B0301ST,05,061,District - Garhwal (06),Urban,Age not stated,Marginal workers_Worked for less than_3 months_Total_Males,0,DDW-0500B-01ST-Census.xls,01ST
B0301ST,05,061,District - Garhwal (06),Urban,15-59,Marginal workers_Worked for less than_3 months_Total_Males,0,DDW-0500B-01ST-Census.xls,01ST
B0301ST,05,062,District - Pithoragarh (07),Total,Total,Marginal workers_Worked for less than_3 months_Total_Males,241,DDW-0500B-01ST-Census.xls,01ST
B0301ST,05,062,District - Pithoragarh (07),Total,5-14,Marginal workers_Worked for less than_3 months_Total_Males,15,DDW-0500B-01ST-Census.xls,01ST
B0301ST,05,062,District - Pithoragarh (07),Total,15-34,Marginal workers_Worked for less than_3 months_Total_Males,128,DDW-0500B-01ST-Census.xls,01ST
B0301ST,05,062,District - Pithoragarh (07),Total,35-59,Marginal workers_Worked for less than_3 months_Total_Males,57,DDW-0500B-01ST-Census.xls,01ST
B0301ST,05,062,District - Pithoragarh (07),Total,60+,Marginal workers_Worked for less than_3 months_Total_Males,40,DDW-0500B-01ST-Census.xls,01ST
B0301ST,05,062,District - Pithoragarh (07),Total,Age not stated,Marginal workers_Worked for less than_3 months_Total_Males,1,DDW-0500B-01ST-Census.xls,01ST
B0301ST,05,062,District - Pithoragarh (07),Total,15-59,Marginal workers_Worked for less than_3 months_Total_Males,185,DDW-0500B-01ST-Census.xls,01ST
B0301ST,05,062,District - Pithoragarh (07),Rural,Total,Marginal workers_Worked for less than_3 months_Total_Males,221,DDW-0500B-01ST-Census.xls,01ST
B0301ST,05,062,District - Pithoragarh (07),Rural,5-14,Marginal workers_Worked for less than_3 months_Total_Males,15,DDW-0500B-01ST-Census.xls,01ST
B0301ST,05,062,District - Pithoragarh (07),Rural,15-34,Marginal workers_Worked for less than_3 months_Total_Males,123,DDW-0500B-01ST-Census.xls,01ST
B0301ST,05,062,District - Pithoragarh (07),Rural,35-59,Marginal workers_Worked for less than_3 months_Total_Males,50,DDW-0500B-01ST-Census.xls,01ST
B0301ST,05,062,District - Pithoragarh (07),Rural,60+,Marginal workers_Worked for less than_3 months_Total_Males,32,DDW-0500B-01ST-Census.xls,01ST
B0301ST,05,062,District - Pithoragarh (07),Rural,Age not stated,Marginal workers_Worked for less than_3 months_Total_Males,1,DDW-0500B-01ST-Census.xls,01ST
B0301ST,05,062,District - Pithoragarh (07),Rural,15-59,Marginal workers_Worked for less than_3 months_Total_Males,173,DDW-0500B-01ST-Census.xls,01ST
B0301ST,05,062,District - Pithoragarh (07),Urban,Total,Marginal workers_Worked for less than_3 months_Total_Males,20,DDW-0500B-01ST-Census.xls,01ST
B0301ST,05,062,District - Pithoragarh (07),Urban,5-14,Marginal workers_Worked for less than_3 months_Total_Males,0,DDW-0500B-01ST-Census.xls,01ST
B0301ST,05,062,District - Pithoragarh (07),Urban,15-34,Marginal workers_Worked for less than_3 months_Total_Males,5,DDW-0500B-01ST-Census.xls,01ST
B0301ST,05,062,District - Pithoragarh (07),Urban,35-59,Marginal workers_Worked for less than_3 months_Total_Males,7,DDW-0500B-01ST-Census.xls,01ST
B0301ST,05,062,District - Pithoragarh (07),Urban,60+,Marginal workers_Worked for less than_3 months_Total_Males,8,DDW-0500B-01ST-Census.xls,01ST
B0301ST,05,062,District - Pithoragarh (07),Urban,Age not stated,Marginal workers_Worked for less than_3 months_Total_Males,0,DDW-0500B-01ST-Census.xls,01ST
B0301ST,05,062,District - Pithoragarh (07),Urban,15-59,Marginal workers_Worked for less than_3 months_Total_Males,12,DDW-0500B-01ST-Census.xls,01ST
B0301ST,05,063,District - Bageshwar (08),Total,Total,Marginal workers_Worked for less than_3 months_Total_Males,54,DDW-0500B-01ST-Census.xls,01ST
B0301ST,05,063,District - Bageshwar (08),Total,5-14,Marginal workers_Worked for less than_3 months_Total_Males,7,DDW-0500B-01ST-Census.xls,01ST
B0301ST,05,063,District - Bageshwar (08),Total,15-34,Marginal workers_Worked for less than_3 months_Total_Males,28,DDW-0500B-01ST-Census.xls,01ST
B0301ST,05,063,District - Bageshwar (08),Total,35-59,Marginal workers_Worked for less than_3 months_Total_Males,7,DDW-0500B-01ST-Census.xls,01ST
B0301ST,05,063,District - Bageshwar (08),Total,60+,Marginal workers_Worked for less than_3 months_Total_Males,12,DDW-0500B-01ST-Census.xls,01ST
B0301ST,05,063,District - Bageshwar (08),Total,Age not stated,Marginal workers_Worked for less than_3 months_Total_Males,0,DDW-0500B-01ST-Census.xls,01ST
B0301ST,05,063,District - Bageshwar (08),Total,15-59,Marginal workers_Worked for less than_3 months_Total_Males,35,DDW-0500B-01ST-Census.xls,01ST
B0301ST,05,063,District - Bageshwar (08),Rural,Total,Marginal workers_Worked for less than_3 months_Total_Males,54,DDW-0500B-01ST-Census.xls,01ST
B0301ST,05,063,District - Bageshwar (08),Rural,5-14,Marginal workers_Worked for less than_3 months_Total_Males,7,DDW-0500B-01ST-Census.xls,01ST
B0301ST,05,063,District - Bageshwar (08),Rural,15-34,Marginal workers_Worked for less than_3 months_Total_Males,28,DDW-0500B-01ST-Census.xls,01ST
B0301ST,05,063,District - Bageshwar (08),Rural,35-59,Marginal workers_Worked for less than_3 months_Total_Males,7,DDW-0500B-01ST-Census.xls,01ST
B0301ST,05,063,District - Bageshwar (08),Rural,60+,Marginal workers_Worked for less than_3 months_Total_Males,12,DDW-0500B-01ST-Census.xls,01ST
B0301ST,05,063,District - Bageshwar (08),Rural,Age not stated,Marginal workers_Worked for less than_3 months_Total_Males,0,DDW-0500B-01ST-Census.xls,01ST
B0301ST,05,063,District - Bageshwar (08),Rural,15-59,Marginal workers_Worked for less than_3 months_Total_Males,35,DDW-0500B-01ST-Census.xls,01ST
B0301ST,05,063,District - Bageshwar (08),Urban,Total,Marginal workers_Worked for less than_3 months_Total_Males,0,DDW-0500B-01ST-Census.xls,01ST
B0301ST,05,063,District - Bageshwar (08),Urban,5-14,Marginal workers_Worked for less than_3 months_Total_Males,0,DDW-0500B-01ST-Census.xls,01ST
B0301ST,05,063,District - Bageshwar (08),Urban,15-34,Marginal workers_Worked for less than_3 months_Total_Males,0,DDW-0500B-01ST-Census.xls,01ST
B0301ST,05,063,District - Bageshwar (08),Urban,35-59,Marginal workers_Worked for less than_3 months_Total_Males,0,DDW-0500B-01ST-Census.xls,01ST
B0301ST,05,063,District - Bageshwar (08),Urban,60+,Marginal workers_Worked for less than_3 months_Total_Males,0,DDW-0500B-01ST-Census.xls,01ST
B0301ST,05,063,District - Bageshwar (08),Urban,Age not stated,Marginal workers_Worked for less than_3 months_Total_Males,0,DDW-0500B-01ST-Census.xls,01ST
B0301ST,05,063,District - Bageshwar (08),Urban,15-59,Marginal workers_Worked for less than_3 months_Total_Males,0,DDW-0500B-01ST-Census.xls,01ST
B0301ST,05,064,"District - Almora
 (09)",Total,Total,Marginal workers_Worked for less than_3 months_Total_Males,6,DDW-0500B-01ST-Census.xls,01ST
B0301ST,05,064,"District - Almora
 (09)",Total,5-14,Marginal workers_Worked for less than_3 months_Total_Males,1,DDW-0500B-01ST-Census.xls,01ST
B0301ST,05,064,"District - Almora
 (09)",Total,15-34,Marginal workers_Worked for less than_3 months_Total_Males,4,DDW-0500B-01ST-Census.xls,01ST
B0301ST,05,064,"District - Almora
 (09)",Total,35-59,Marginal workers_Worked for less than_3 months_Total_Males,0,DDW-0500B-01ST-Census.xls,01ST
B0301ST,05,064,"District - Almora
 (09)",Total,60+,Marginal workers_Worked for less than_3 months_Total_Males,1,DDW-0500B-01ST-Census.xls,01ST
B0301ST,05,064,"District - Almora
 (09)",Total,Age not stated,Marginal workers_Worked for less than_3 months_Total_Males,0,DDW-0500B-01ST-Census.xls,01ST
B0301ST,05,064,"District - Almora
 (09)",Total,15-59,Marginal workers_Worked for less than_3 months_Total_Males,4,DDW-0500B-01ST-Census.xls,01ST
B0301ST,05,064,"District - Almora
 (09)",Rural,Total,Marginal workers_Worked for less than_3 months_Total_Males,6,DDW-0500B-01ST-Census.xls,01ST
B0301ST,05,064,"District - Almora
 (09)",Rural,5-14,Marginal workers_Worked for less than_3 months_Total_Males,1,DDW-0500B-01ST-Census.xls,01ST
B0301ST,05,064,"District - Almora
 (09)",Rural,15-34,Marginal workers_Worked for less than_3 months_Total_Males,4,DDW-0500B-01ST-Census.xls,01ST
B0301ST,05,064,"District - Almora
 (09)",Rural,35-59,Marginal workers_Worked for less than_3 months_Total_Males,0,DDW-0500B-01ST-Census.xls,01ST
B0301ST,05,064,"District - Almora
 (09)",Rural,60+,Marginal workers_Worked for less than_3 months_Total_Males,1,DDW-0500B-01ST-Census.xls,01ST
B0301ST,05,064,"District - Almora
 (09)",Rural,Age not stated,Marginal workers_Worked for less than_3 months_Total_Males,0,DDW-0500B-01ST-Census.xls,01ST
B0301ST,05,064,"District - Almora
 (09)",Rural,15-59,Marginal workers_Worked for less than_3 months_Total_Males,4,DDW-0500B-01ST-Census.xls,01ST
B0301ST,05,064,"District - Almora
 (09)",Urban,Total,Marginal workers_Worked for less than_3 months_Total_Males,0,DDW-0500B-01ST-Census.xls,01ST
B0301ST,05,064,"District - Almora
 (09)",Urban,5-14,Marginal workers_Worked for less than_3 months_Total_Males,0,DDW-0500B-01ST-Census.xls,01ST
B0301ST,05,064,"District - Almora
 (09)",Urban,15-34,Marginal workers_Worked for less than_3 months_Total_Males,0,DDW-0500B-01ST-Census.xls,01ST
B0301ST,05,064,"District - Almora
 (09)",Urban,35-59,Marginal workers_Worked for less than_3 months_Total_Males,0,DDW-0500B-01ST-Census.xls,01ST
B0301ST,05,064,"District - Almora
 (09)",Urban,60+,Marginal workers_Worked for less than_3 months_Total_Males,0,DDW-0500B-01ST-Census.xls,01ST
B0301ST,05,064,"District - Almora
 (09)",Urban,Age not stated,Marginal workers_Worked for less than_3 months_Total_Males,0,DDW-0500B-01ST-Census.xls,01ST
B0301ST,05,064,"District - Almora
 (09)",Urban,15-59,Marginal workers_Worked for less than_3 months_Total_Males,0,DDW-0500B-01ST-Census.xls,01ST
B0301ST,05,065,District - Champawat (10),Total,Total,Marginal workers_Worked for less than_3 months_Total_Males,18,DDW-0500B-01ST-Census.xls,01ST
B0301ST,05,065,District - Champawat (10),Total,5-14,Marginal workers_Worked for less than_3 months_Total_Males,0,DDW-0500B-01ST-Census.xls,01ST
B0301ST,05,065,District - Champawat (10),Total,15-34,Marginal workers_Worked for less than_3 months_Total_Males,8,DDW-0500B-01ST-Census.xls,01ST
B0301ST,05,065,District - Champawat (10),Total,35-59,Marginal workers_Worked for less than_3 months_Total_Males,8,DDW-0500B-01ST-Census.xls,01ST
B0301ST,05,065,District - Champawat (10),Total,60+,Marginal workers_Worked for less than_3 months_Total_Males,2,DDW-0500B-01ST-Census.xls,01ST
B0301ST,05,065,District - Champawat (10),Total,Age not stated,Marginal workers_Worked for less than_3 months_Total_Males,0,DDW-0500B-01ST-Census.xls,01ST
B0301ST,05,065,District - Champawat (10),Total,15-59,Marginal workers_Worked for less than_3 months_Total_Males,16,DDW-0500B-01ST-Census.xls,01ST
B0301ST,05,065,District - Champawat (10),Rural,Total,Marginal workers_Worked for less than_3 months_Total_Males,18,DDW-0500B-01ST-Census.xls,01ST
B0301ST,05,065,District - Champawat (10),Rural,5-14,Marginal workers_Worked for less than_3 months_Total_Males,0,DDW-0500B-01ST-Census.xls,01ST
B0301ST,05,065,District - Champawat (10),Rural,15-34,Marginal workers_Worked for less than_3 months_Total_Males,8,DDW-0500B-01ST-Census.xls,01ST
B0301ST,05,065,District - Champawat (10),Rural,35-59,Marginal workers_Worked for less than_3 months_Total_Males,8,DDW-0500B-01ST-Census.xls,01ST
B0301ST,05,065,District - Champawat (10),Rural,60+,Marginal workers_Worked for less than_3 months_Total_Males,2,DDW-0500B-01ST-Census.xls,01ST
B0301ST,05,065,District - Champawat (10),Rural,Age not stated,Marginal workers_Worked for less than_3 months_Total_Males,0,DDW-0500B-01ST-Census.xls,01ST
B0301ST,05,065,District - Champawat (10),Rural,15-59,Marginal workers_Worked for less than_3 months_Total_Males,16,DDW-0500B-01ST-Census.xls,01ST
B0301ST,05,065,District - Champawat (10),Urban,Total,Marginal workers_Worked for less than_3 months_Total_Males,0,DDW-0500B-01ST-Census.xls,01ST
B0301ST,05,065,District - Champawat (10),Urban,5-14,Marginal workers_Worked for less than_3 months_Total_Males,0,DDW-0500B-01ST-Census.xls,01ST
B0301ST,05,065,District - Champawat (10),Urban,15-34,Marginal workers_Worked for less than_3 months_Total_Males,0,DDW-0500B-01ST-Census.xls,01ST
B0301ST,05,065,District - Champawat (10),Urban,35-59,Marginal workers_Worked for less than_3 months_Total_Males,0,DDW-0500B-01ST-Census.xls,01ST
B0301ST,05,065,District - Champawat (10),Urban,60+,Marginal workers_Worked for less than_3 months_Total_Males,0,DDW-0500B-01ST-Census.xls,01ST
B0301ST,05,065,District - Champawat (10),Urban,Age not stated,Marginal workers_Worked for less than_3 months_Total_Males,0,DDW-0500B-01ST-Census.xls,01ST
B0301ST,05,065,District - Champawat (10),Urban,15-59,Marginal workers_Worked for less than_3 months_Total_Males,0,DDW-0500B-01ST-Census.xls,01ST
B0301ST,05,066,District - Nainital (11),Total,Total,Marginal workers_Worked for less than_3 months_Total_Males,67,DDW-0500B-01ST-Census.xls,01ST
B0301ST,05,066,District - Nainital (11),Total,5-14,Marginal workers_Worked for less than_3 months_Total_Males,0,DDW-0500B-01ST-Census.xls,01ST
B0301ST,05,066,District - Nainital (11),Total,15-34,Marginal workers_Worked for less than_3 months_Total_Males,35,DDW-0500B-01ST-Census.xls,01ST
B0301ST,05,066,District - Nainital (11),Total,35-59,Marginal workers_Worked for less than_3 months_Total_Males,19,DDW-0500B-01ST-Census.xls,01ST
B0301ST,05,066,District - Nainital (11),Total,60+,Marginal workers_Worked for less than_3 months_Total_Males,13,DDW-0500B-01ST-Census.xls,01ST
B0301ST,05,066,District - Nainital (11),Total,Age not stated,Marginal workers_Worked for less than_3 months_Total_Males,0,DDW-0500B-01ST-Census.xls,01ST
B0301ST,05,066,District - Nainital (11),Total,15-59,Marginal workers_Worked for less than_3 months_Total_Males,54,DDW-0500B-01ST-Census.xls,01ST
B0301ST,05,066,District - Nainital (11),Rural,Total,Marginal workers_Worked for less than_3 months_Total_Males,67,DDW-0500B-01ST-Census.xls,01ST
B0301ST,05,066,District - Nainital (11),Rural,5-14,Marginal workers_Worked for less than_3 months_Total_Males,0,DDW-0500B-01ST-Census.xls,01ST
B0301ST,05,066,District - Nainital (11),Rural,15-34,Marginal workers_Worked for less than_3 months_Total_Males,35,DDW-0500B-01ST-Census.xls,01ST
B0301ST,05,066,District - Nainital (11),Rural,35-59,Marginal workers_Worked for less than_3 months_Total_Males,19,DDW-0500B-01ST-Census.xls,01ST
B0301ST,05,066,District - Nainital (11),Rural,60+,Marginal workers_Worked for less than_3 months_Total_Males,13,DDW-0500B-01ST-Census.xls,01ST
B0301ST,05,066,District - Nainital (11),Rural,Age not stated,Marginal workers_Worked for less than_3 months_Total_Males,0,DDW-0500B-01ST-Census.xls,01ST
B0301ST,05,066,District - Nainital (11),Rural,15-59,Marginal workers_Worked for less than_3 months_Total_Males,54,DDW-0500B-01ST-Census.xls,01ST
B0301ST,05,066,District - Nainital (11),Urban,Total,Marginal workers_Worked for less than_3 months_Total_Males,0,DDW-0500B-01ST-Census.xls,01ST
B0301ST,05,066,District - Nainital (11),Urban,5-14,Marginal workers_Worked for less than_3 months_Total_Males,0,DDW-0500B-01ST-Census.xls,01ST
B0301ST,05,066,District - Nainital (11),Urban,15-34,Marginal workers_Worked for less than_3 months_Total_Males,0,DDW-0500B-01ST-Census.xls,01ST
B0301ST,05,066,District - Nainital (11),Urban,35-59,Marginal workers_Worked for less than_3 months_Total_Males,0,DDW-0500B-01ST-Census.xls,01ST
B0301ST,05,066,District - Nainital (11),Urban,60+,Marginal workers_Worked for less than_3 months_Total_Males,0,DDW-0500B-01ST-Census.xls,01ST
B0301ST,05,066,District - Nainital (11),Urban,Age not stated,Marginal workers_Worked for less than_3 months_Total_Males,0,DDW-0500B-01ST-Census.xls,01ST
B0301ST,05,066,District - Nainital (11),Urban,15-59,Marginal workers_Worked for less than_3 months_Total_Males,0,DDW-0500B-01ST-Census.xls,01ST
B0301ST,05,067,District - Udham Singh Nagar (12),Total,Total,Marginal workers_Worked for less than_3 months_Total_Males,2080,DDW-0500B-01ST-Census.xls,01ST
B0301ST,05,067,District - Udham Singh Nagar (12),Total,5-14,Marginal workers_Worked for less than_3 months_Total_Males,411,DDW-0500B-01ST-Census.xls,01ST
B0301ST,05,067,District - Udham Singh Nagar (12),Total,15-34,Marginal workers_Worked for less than_3 months_Total_Males,1262,DDW-0500B-01ST-Census.xls,01ST
B0301ST,05,067,District - Udham Singh Nagar (12),Total,35-59,Marginal workers_Worked for less than_3 months_Total_Males,263,DDW-0500B-01ST-Census.xls,01ST
B0301ST,05,067,District - Udham Singh Nagar (12),Total,60+,Marginal workers_Worked for less than_3 months_Total_Males,143,DDW-0500B-01ST-Census.xls,01ST
B0301ST,05,067,District - Udham Singh Nagar (12),Total,Age not stated,Marginal workers_Worked for less than_3 months_Total_Males,1,DDW-0500B-01ST-Census.xls,01ST
B0301ST,05,067,District - Udham Singh Nagar (12),Total,15-59,Marginal workers_Worked for less than_3 months_Total_Males,1525,DDW-0500B-01ST-Census.xls,01ST
B0301ST,05,067,District - Udham Singh Nagar (12),Rural,Total,Marginal workers_Worked for less than_3 months_Total_Males,2048,DDW-0500B-01ST-Census.xls,01ST
B0301ST,05,067,District - Udham Singh Nagar (12),Rural,5-14,Marginal workers_Worked for less than_3 months_Total_Males,408,DDW-0500B-01ST-Census.xls,01ST
B0301ST,05,067,District - Udham Singh Nagar (12),Rural,15-34,Marginal workers_Worked for less than_3 months_Total_Males,1240,DDW-0500B-01ST-Census.xls,01ST
B0301ST,05,067,District - Udham Singh Nagar (12),Rural,35-59,Marginal workers_Worked for less than_3 months_Total_Males,258,DDW-0500B-01ST-Census.xls,01ST
B0301ST,05,067,District - Udham Singh Nagar (12),Rural,60+,Marginal workers_Worked for less than_3 months_Total_Males,141,DDW-0500B-01ST-Census.xls,01ST
B0301ST,05,067,District - Udham Singh Nagar (12),Rural,Age not stated,Marginal workers_Worked for less than_3 months_Total_Males,1,DDW-0500B-01ST-Census.xls,01ST
B0301ST,05,067,District - Udham Singh Nagar (12),Rural,15-59,Marginal workers_Worked for less than_3 months_Total_Males,1498,DDW-0500B-01ST-Census.xls,01ST
B0301ST,05,067,District - Udham Singh Nagar (12),Urban,Total,Marginal workers_Worked for less than_3 months_Total_Males,32,DDW-0500B-01ST-Census.xls,01ST
B0301ST,05,067,District - Udham Singh Nagar (12),Urban,5-14,Marginal workers_Worked for less than_3 months_Total_Males,3,DDW-0500B-01ST-Census.xls,01ST
B0301ST,05,067,District - Udham Singh Nagar (12),Urban,15-34,Marginal workers_Worked for less than_3 months_Total_Males,22,DDW-0500B-01ST-Census.xls,01ST
B0301ST,05,067,District - Udham Singh Nagar (12),Urban,35-59,Marginal workers_Worked for less than_3 months_Total_Males,5,DDW-0500B-01ST-Census.xls,01ST
B0301ST,05,067,District - Udham Singh Nagar (12),Urban,60+,Marginal workers_Worked for less than_3 months_Total_Males,2,DDW-0500B-01ST-Census.xls,01ST
B0301ST,05,067,District - Udham Singh Nagar (12),Urban,Age not stated,Marginal workers_Worked for less than_3 months_Total_Males,0,DDW-0500B-01ST-Census.xls,01ST
B0301ST,05,067,District - Udham Singh Nagar (12),Urban,15-59,Marginal workers_Worked for less than_3 months_Total_Males,27,DDW-0500B-01ST-Census.xls,01ST
B0301ST,05,068,District - Hardwar (13),Total,Total,Marginal workers_Worked for less than_3 months_Total_Males,124,DDW-0500B-01ST-Census.xls,01ST
B0301ST,05,068,District - Hardwar (13),Total,5-14,Marginal workers_Worked for less than_3 months_Total_Males,3,DDW-0500B-01ST-Census.xls,01ST
B0301ST,05,068,District - Hardwar (13),Total,15-34,Marginal workers_Worked for less than_3 months_Total_Males,50,DDW-0500B-01ST-Census.xls,01ST
B0301ST,05,068,District - Hardwar (13),Total,35-59,Marginal workers_Worked for less than_3 months_Total_Males,56,DDW-0500B-01ST-Census.xls,01ST
B0301ST,05,068,District - Hardwar (13),Total,60+,Marginal workers_Worked for less than_3 months_Total_Males,15,DDW-0500B-01ST-Census.xls,01ST
B0301ST,05,068,District - Hardwar (13),Total,Age not stated,Marginal workers_Worked for less than_3 months_Total_Males,0,DDW-0500B-01ST-Census.xls,01ST
B0301ST,05,068,District - Hardwar (13),Total,15-59,Marginal workers_Worked for less than_3 months_Total_Males,106,DDW-0500B-01ST-Census.xls,01ST
B0301ST,05,068,District - Hardwar (13),Rural,Total,Marginal workers_Worked for less than_3 months_Total_Males,120,DDW-0500B-01ST-Census.xls,01ST
B0301ST,05,068,District - Hardwar (13),Rural,5-14,Marginal workers_Worked for less than_3 months_Total_Males,3,DDW-0500B-01ST-Census.xls,01ST
B0301ST,05,068,District - Hardwar (13),Rural,15-34,Marginal workers_Worked for less than_3 months_Total_Males,47,DDW-0500B-01ST-Census.xls,01ST
B0301ST,05,068,District - Hardwar (13),Rural,35-59,Marginal workers_Worked for less than_3 months_Total_Males,55,DDW-0500B-01ST-Census.xls,01ST
B0301ST,05,068,District - Hardwar (13),Rural,60+,Marginal workers_Worked for less than_3 months_Total_Males,15,DDW-0500B-01ST-Census.xls,01ST
B0301ST,05,068,District - Hardwar (13),Rural,Age not stated,Marginal workers_Worked for less than_3 months_Total_Males,0,DDW-0500B-01ST-Census.xls,01ST
B0301ST,05,068,District - Hardwar (13),Rural,15-59,Marginal workers_Worked for less than_3 months_Total_Males,102,DDW-0500B-01ST-Census.xls,01ST
B0301ST,05,068,District - Hardwar (13),Urban,Total,Marginal workers_Worked for less than_3 months_Total_Males,4,DDW-0500B-01ST-Census.xls,01ST
B0301ST,05,068,District - Hardwar (13),Urban,5-14,Marginal workers_Worked for less than_3 months_Total_Males,0,DDW-0500B-01ST-Census.xls,01ST
B0301ST,05,068,District - Hardwar (13),Urban,15-34,Marginal workers_Worked for less than_3 months_Total_Males,3,DDW-0500B-01ST-Census.xls,01ST
B0301ST,05,068,District - Hardwar (13),Urban,35-59,Marginal workers_Worked for less than_3 months_Total_Males,1,DDW-0500B-01ST-Census.xls,01ST
B0301ST,05,068,District - Hardwar (13),Urban,60+,Marginal workers_Worked for less than_3 months_Total_Males,0,DDW-0500B-01ST-Census.xls,01ST
B0301ST,05,068,District - Hardwar (13),Urban,Age not stated,Marginal workers_Worked for less than_3 months_Total_Males,0,DDW-0500B-01ST-Census.xls,01ST
B0301ST,05,068,District - Hardwar (13),Urban,15-59,Marginal workers_Worked for less than_3 months_Total_Males,4,DDW-0500B-01ST-Census.xls,01ST
B0301ST,05,000,State - UTTARAKHAND (05),Total,Total,Marginal workers_Worked for less than_3 months_Total_Females,6964,DDW-0500B-01ST-Census.xls,01ST
B0301ST,05,000,State - UTTARAKHAND (05),Total,5-14,Marginal workers_Worked for less than_3 months_Total_Females,761,DDW-0500B-01ST-Census.xls,01ST
B0301ST,05,000,State - UTTARAKHAND (05),Total,15-34,Marginal workers_Worked for less than_3 months_Total_Females,3566,DDW-0500B-01ST-Census.xls,01ST
B0301ST,05,000,State - UTTARAKHAND (05),Total,35-59,Marginal workers_Worked for less than_3 months_Total_Females,1901,DDW-0500B-01ST-Census.xls,01ST
B0301ST,05,000,State - UTTARAKHAND (05),Total,60+,Marginal workers_Worked for less than_3 months_Total_Females,727,DDW-0500B-01ST-Census.xls,01ST
B0301ST,05,000,State - UTTARAKHAND (05),Total,Age not stated,Marginal workers_Worked for less than_3 months_Total_Females,9,DDW-0500B-01ST-Census.xls,01ST
B0301ST,05,000,State - UTTARAKHAND (05),Total,15-59,Marginal workers_Worked for less than_3 months_Total_Females,5467,DDW-0500B-01ST-Census.xls,01ST
B0301ST,05,000,State - UTTARAKHAND (05),Rural,Total,Marginal workers_Worked for less than_3 months_Total_Females,6835,DDW-0500B-01ST-Census.xls,01ST
B0301ST,05,000,State - UTTARAKHAND (05),Rural,5-14,Marginal workers_Worked for less than_3 months_Total_Females,758,DDW-0500B-01ST-Census.xls,01ST
B0301ST,05,000,State - UTTARAKHAND (05),Rural,15-34,Marginal workers_Worked for less than_3 months_Total_Females,3515,DDW-0500B-01ST-Census.xls,01ST
B0301ST,05,000,State - UTTARAKHAND (05),Rural,35-59,Marginal workers_Worked for less than_3 months_Total_Females,1836,DDW-0500B-01ST-Census.xls,01ST
B0301ST,05,000,State - UTTARAKHAND (05),Rural,60+,Marginal workers_Worked for less than_3 months_Total_Females,717,DDW-0500B-01ST-Census.xls,01ST
B0301ST,05,000,State - UTTARAKHAND (05),Rural,Age not stated,Marginal workers_Worked for less than_3 months_Total_Females,9,DDW-0500B-01ST-Census.xls,01ST
B0301ST,05,000,State - UTTARAKHAND (05),Rural,15-59,Marginal workers_Worked for less than_3 months_Total_Females,5351,DDW-0500B-01ST-Census.xls,01ST
B0301ST,05,000,State - UTTARAKHAND (05),Urban,Total,Marginal workers_Worked for less than_3 months_Total_Females,129,DDW-0500B-01ST-Census.xls,01ST
B0301ST,05,000,State - UTTARAKHAND (05),Urban,5-14,Marginal workers_Worked for less than_3 months_Total_Females,3,DDW-0500B-01ST-Census.xls,01ST
B0301ST,05,000,State - UTTARAKHAND (05),Urban,15-34,Marginal workers_Worked for less than_3 months_Total_Females,51,DDW-0500B-01ST-Census.xls,01ST
B0301ST,05,000,State - UTTARAKHAND (05),Urban,35-59,Marginal workers_Worked for less than_3 months_Total_Females,65,DDW-0500B-01ST-Census.xls,01ST
B0301ST,05,000,State - UTTARAKHAND (05),Urban,60+,Marginal workers_Worked for less than_3 months_Total_Females,10,DDW-0500B-01ST-Census.xls,01ST
B0301ST,05,000,State - UTTARAKHAND (05),Urban,Age not stated,Marginal workers_Worked for less than_3 months_Total_Females,0,DDW-0500B-01ST-Census.xls,01ST
B0301ST,05,000,State - UTTARAKHAND (05),Urban,15-59,Marginal workers_Worked for less than_3 months_Total_Females,116,DDW-0500B-01ST-Census.xls,01ST
B0301ST,05,056,District - Uttarkashi (01),Total,Total,Marginal workers_Worked for less than_3 months_Total_Females,126,DDW-0500B-01ST-Census.xls,01ST
B0301ST,05,056,District - Uttarkashi (01),Total,5-14,Marginal workers_Worked for less than_3 months_Total_Females,0,DDW-0500B-01ST-Census.xls,01ST
B0301ST,05,056,District - Uttarkashi (01),Total,15-34,Marginal workers_Worked for less than_3 months_Total_Females,64,DDW-0500B-01ST-Census.xls,01ST
B0301ST,05,056,District - Uttarkashi (01),Total,35-59,Marginal workers_Worked for less than_3 months_Total_Females,53,DDW-0500B-01ST-Census.xls,01ST
B0301ST,05,056,District - Uttarkashi (01),Total,60+,Marginal workers_Worked for less than_3 months_Total_Females,9,DDW-0500B-01ST-Census.xls,01ST
B0301ST,05,056,District - Uttarkashi (01),Total,Age not stated,Marginal workers_Worked for less than_3 months_Total_Females,0,DDW-0500B-01ST-Census.xls,01ST
B0301ST,05,056,District - Uttarkashi (01),Total,15-59,Marginal workers_Worked for less than_3 months_Total_Females,117,DDW-0500B-01ST-Census.xls,01ST
B0301ST,05,056,District - Uttarkashi (01),Rural,Total,Marginal workers_Worked for less than_3 months_Total_Females,126,DDW-0500B-01ST-Census.xls,01ST
B0301ST,05,056,District - Uttarkashi (01),Rural,5-14,Marginal workers_Worked for less than_3 months_Total_Females,0,DDW-0500B-01ST-Census.xls,01ST
B0301ST,05,056,District - Uttarkashi (01),Rural,15-34,Marginal workers_Worked for less than_3 months_Total_Females,64,DDW-0500B-01ST-Census.xls,01ST
B0301ST,05,056,District - Uttarkashi (01),Rural,35-59,Marginal workers_Worked for less than_3 months_Total_Females,53,DDW-0500B-01ST-Census.xls,01ST
B0301ST,05,056,District - Uttarkashi (01),Rural,60+,Marginal workers_Worked for less than_3 months_Total_Females,9,DDW-0500B-01ST-Census.xls,01ST
B0301ST,05,056,District - Uttarkashi (01),Rural,Age not stated,Marginal workers_Worked for less than_3 months_Total_Females,0,DDW-0500B-01ST-Census.xls,01ST
B0301ST,05,056,District - Uttarkashi (01),Rural,15-59,Marginal workers_Worked for less than_3 months_Total_Females,117,DDW-0500B-01ST-Census.xls,01ST
B0301ST,05,056,District - Uttarkashi (01),Urban,Total,Marginal workers_Worked for less than_3 months_Total_Females,0,DDW-0500B-01ST-Census.xls,01ST
B0301ST,05,056,District - Uttarkashi (01),Urban,5-14,Marginal workers_Worked for less than_3 months_Total_Females,0,DDW-0500B-01ST-Census.xls,01ST
B0301ST,05,056,District - Uttarkashi (01),Urban,15-34,Marginal workers_Worked for less than_3 months_Total_Females,0,DDW-0500B-01ST-Census.xls,01ST
B0301ST,05,056,District - Uttarkashi (01),Urban,35-59,Marginal workers_Worked for less than_3 months_Total_Females,0,DDW-0500B-01ST-Census.xls,01ST
B0301ST,05,056,District - Uttarkashi (01),Urban,60+,Marginal workers_Worked for less than_3 months_Total_Females,0,DDW-0500B-01ST-Census.xls,01ST
B0301ST,05,056,District - Uttarkashi (01),Urban,Age not stated,Marginal workers_Worked for less than_3 months_Total_Females,0,DDW-0500B-01ST-Census.xls,01ST
B0301ST,05,056,District - Uttarkashi (01),Urban,15-59,Marginal workers_Worked for less than_3 months_Total_Females,0,DDW-0500B-01ST-Census.xls,01ST
B0301ST,05,057,District - Chamoli (02),Total,Total,Marginal workers_Worked for less than_3 months_Total_Females,381,DDW-0500B-01ST-Census.xls,01ST
B0301ST,05,057,District - Chamoli (02),Total,5-14,Marginal workers_Worked for less than_3 months_Total_Females,12,DDW-0500B-01ST-Census.xls,01ST
B0301ST,05,057,District - Chamoli (02),Total,15-34,Marginal workers_Worked for less than_3 months_Total_Females,141,DDW-0500B-01ST-Census.xls,01ST
B0301ST,05,057,District - Chamoli (02),Total,35-59,Marginal workers_Worked for less than_3 months_Total_Females,130,DDW-0500B-01ST-Census.xls,01ST
B0301ST,05,057,District - Chamoli (02),Total,60+,Marginal workers_Worked for less than_3 months_Total_Females,97,DDW-0500B-01ST-Census.xls,01ST
B0301ST,05,057,District - Chamoli (02),Total,Age not stated,Marginal workers_Worked for less than_3 months_Total_Females,1,DDW-0500B-01ST-Census.xls,01ST
B0301ST,05,057,District - Chamoli (02),Total,15-59,Marginal workers_Worked for less than_3 months_Total_Females,271,DDW-0500B-01ST-Census.xls,01ST
B0301ST,05,057,District - Chamoli (02),Rural,Total,Marginal workers_Worked for less than_3 months_Total_Females,368,DDW-0500B-01ST-Census.xls,01ST
B0301ST,05,057,District - Chamoli (02),Rural,5-14,Marginal workers_Worked for less than_3 months_Total_Females,12,DDW-0500B-01ST-Census.xls,01ST
B0301ST,05,057,District - Chamoli (02),Rural,15-34,Marginal workers_Worked for less than_3 months_Total_Females,141,DDW-0500B-01ST-Census.xls,01ST
B0301ST,05,057,District - Chamoli (02),Rural,35-59,Marginal workers_Worked for less than_3 months_Total_Females,118,DDW-0500B-01ST-Census.xls,01ST
B0301ST,05,057,District - Chamoli (02),Rural,60+,Marginal workers_Worked for less than_3 months_Total_Females,96,DDW-0500B-01ST-Census.xls,01ST
B0301ST,05,057,District - Chamoli (02),Rural,Age not stated,Marginal workers_Worked for less than_3 months_Total_Females,1,DDW-0500B-01ST-Census.xls,01ST
B0301ST,05,057,District - Chamoli (02),Rural,15-59,Marginal workers_Worked for less than_3 months_Total_Females,259,DDW-0500B-01ST-Census.xls,01ST
B0301ST,05,057,District - Chamoli (02),Urban,Total,Marginal workers_Worked for less than_3 months_Total_Females,13,DDW-0500B-01ST-Census.xls,01ST
B0301ST,05,057,District - Chamoli (02),Urban,5-14,Marginal workers_Worked for less than_3 months_Total_Females,0,DDW-0500B-01ST-Census.xls,01ST
B0301ST,05,057,District - Chamoli (02),Urban,15-34,Marginal workers_Worked for less than_3 months_Total_Females,0,DDW-0500B-01ST-Census.xls,01ST
B0301ST,05,057,District - Chamoli (02),Urban,35-59,Marginal workers_Worked for less than_3 months_Total_Females,12,DDW-0500B-01ST-Census.xls,01ST
B0301ST,05,057,District - Chamoli (02),Urban,60+,Marginal workers_Worked for less than_3 months_Total_Females,1,DDW-0500B-01ST-Census.xls,01ST
B0301ST,05,057,District - Chamoli (02),Urban,Age not stated,Marginal workers_Worked for less than_3 months_Total_Females,0,DDW-0500B-01ST-Census.xls,01ST
B0301ST,05,057,District - Chamoli (02),Urban,15-59,Marginal workers_Worked for less than_3 months_Total_Females,12,DDW-0500B-01ST-Census.xls,01ST
B0301ST,05,058,District - Rudraprayag (03),Total,Total,Marginal workers_Worked for less than_3 months_Total_Females,5,DDW-0500B-01ST-Census.xls,01ST
B0301ST,05,058,District - Rudraprayag (03),Total,5-14,Marginal workers_Worked for less than_3 months_Total_Females,0,DDW-0500B-01ST-Census.xls,01ST
B0301ST,05,058,District - Rudraprayag (03),Total,15-34,Marginal workers_Worked for less than_3 months_Total_Females,4,DDW-0500B-01ST-Census.xls,01ST
B0301ST,05,058,District - Rudraprayag (03),Total,35-59,Marginal workers_Worked for less than_3 months_Total_Females,1,DDW-0500B-01ST-Census.xls,01ST
B0301ST,05,058,District - Rudraprayag (03),Total,60+,Marginal workers_Worked for less than_3 months_Total_Females,0,DDW-0500B-01ST-Census.xls,01ST
B0301ST,05,058,District - Rudraprayag (03),Total,Age not stated,Marginal workers_Worked for less than_3 months_Total_Females,0,DDW-0500B-01ST-Census.xls,01ST
B0301ST,05,058,District - Rudraprayag (03),Total,15-59,Marginal workers_Worked for less than_3 months_Total_Females,5,DDW-0500B-01ST-Census.xls,01ST
B0301ST,05,058,District - Rudraprayag (03),Rural,Total,Marginal workers_Worked for less than_3 months_Total_Females,5,DDW-0500B-01ST-Census.xls,01ST
B0301ST,05,058,District - Rudraprayag (03),Rural,5-14,Marginal workers_Worked for less than_3 months_Total_Females,0,DDW-0500B-01ST-Census.xls,01ST
B0301ST,05,058,District - Rudraprayag (03),Rural,15-34,Marginal workers_Worked for less than_3 months_Total_Females,4,DDW-0500B-01ST-Census.xls,01ST
B0301ST,05,058,District - Rudraprayag (03),Rural,35-59,Marginal workers_Worked for less than_3 months_Total_Females,1,DDW-0500B-01ST-Census.xls,01ST
B0301ST,05,058,District - Rudraprayag (03),Rural,60+,Marginal workers_Worked for less than_3 months_Total_Females,0,DDW-0500B-01ST-Census.xls,01ST
B0301ST,05,058,District - Rudraprayag (03),Rural,Age not stated,Marginal workers_Worked for less than_3 months_Total_Females,0,DDW-0500B-01ST-Census.xls,01ST
B0301ST,05,058,District - Rudraprayag (03),Rural,15-59,Marginal workers_Worked for less than_3 months_Total_Females,5,DDW-0500B-01ST-Census.xls,01ST
B0301ST,05,058,District - Rudraprayag (03),Urban,Total,Marginal workers_Worked for less than_3 months_Total_Females,0,DDW-0500B-01ST-Census.xls,01ST
B0301ST,05,058,District - Rudraprayag (03),Urban,5-14,Marginal workers_Worked for less than_3 months_Total_Females,0,DDW-0500B-01ST-Census.xls,01ST
B0301ST,05,058,District - Rudraprayag (03),Urban,15-34,Marginal workers_Worked for less than_3 months_Total_Females,0,DDW-0500B-01ST-Census.xls,01ST
B0301ST,05,058,District - Rudraprayag (03),Urban,35-59,Marginal workers_Worked for less than_3 months_Total_Females,0,DDW-0500B-01ST-Census.xls,01ST
B0301ST,05,058,District - Rudraprayag (03),Urban,60+,Marginal workers_Worked for less than_3 months_Total_Females,0,DDW-0500B-01ST-Census.xls,01ST
B0301ST,05,058,District - Rudraprayag (03),Urban,Age not stated,Marginal workers_Worked for less than_3 months_Total_Females,0,DDW-0500B-01ST-Census.xls,01ST
B0301ST,05,058,District - Rudraprayag (03),Urban,15-59,Marginal workers_Worked for less than_3 months_Total_Females,0,DDW-0500B-01ST-Census.xls,01ST
B0301ST,05,059,District - Tehri Garhwal (04),Total,Total,Marginal workers_Worked for less than_3 months_Total_Females,3,DDW-0500B-01ST-Census.xls,01ST
B0301ST,05,059,District - Tehri Garhwal (04),Total,5-14,Marginal workers_Worked for less than_3 months_Total_Females,0,DDW-0500B-01ST-Census.xls,01ST
B0301ST,05,059,District - Tehri Garhwal (04),Total,15-34,Marginal workers_Worked for less than_3 months_Total_Females,2,DDW-0500B-01ST-Census.xls,01ST
B0301ST,05,059,District - Tehri Garhwal (04),Total,35-59,Marginal workers_Worked for less than_3 months_Total_Females,0,DDW-0500B-01ST-Census.xls,01ST
B0301ST,05,059,District - Tehri Garhwal (04),Total,60+,Marginal workers_Worked for less than_3 months_Total_Females,1,DDW-0500B-01ST-Census.xls,01ST
B0301ST,05,059,District - Tehri Garhwal (04),Total,Age not stated,Marginal workers_Worked for less than_3 months_Total_Females,0,DDW-0500B-01ST-Census.xls,01ST
B0301ST,05,059,District - Tehri Garhwal (04),Total,15-59,Marginal workers_Worked for less than_3 months_Total_Females,2,DDW-0500B-01ST-Census.xls,01ST
B0301ST,05,059,District - Tehri Garhwal (04),Rural,Total,Marginal workers_Worked for less than_3 months_Total_Females,3,DDW-0500B-01ST-Census.xls,01ST
B0301ST,05,059,District - Tehri Garhwal (04),Rural,5-14,Marginal workers_Worked for less than_3 months_Total_Females,0,DDW-0500B-01ST-Census.xls,01ST
B0301ST,05,059,District - Tehri Garhwal (04),Rural,15-34,Marginal workers_Worked for less than_3 months_Total_Females,2,DDW-0500B-01ST-Census.xls,01ST
B0301ST,05,059,District - Tehri Garhwal (04),Rural,35-59,Marginal workers_Worked for less than_3 months_Total_Females,0,DDW-0500B-01ST-Census.xls,01ST
B0301ST,05,059,District - Tehri Garhwal (04),Rural,60+,Marginal workers_Worked for less than_3 months_Total_Females,1,DDW-0500B-01ST-Census.xls,01ST
B0301ST,05,059,District - Tehri Garhwal (04),Rural,Age not stated,Marginal workers_Worked for less than_3 months_Total_Females,0,DDW-0500B-01ST-Census.xls,01ST
B0301ST,05,059,District - Tehri Garhwal (04),Rural,15-59,Marginal workers_Worked for less than_3 months_Total_Females,2,DDW-0500B-01ST-Census.xls,01ST
B0301ST,05,059,District - Tehri Garhwal (04),Urban,Total,Marginal workers_Worked for less than_3 months_Total_Females,0,DDW-0500B-01ST-Census.xls,01ST
B0301ST,05,059,District - Tehri Garhwal (04),Urban,5-14,Marginal workers_Worked for less than_3 months_Total_Females,0,DDW-0500B-01ST-Census.xls,01ST
B0301ST,05,059,District - Tehri Garhwal (04),Urban,15-34,Marginal workers_Worked for less than_3 months_Total_Females,0,DDW-0500B-01ST-Census.xls,01ST
B0301ST,05,059,District - Tehri Garhwal (04),Urban,35-59,Marginal workers_Worked for less than_3 months_Total_Females,0,DDW-0500B-01ST-Census.xls,01ST
B0301ST,05,059,District - Tehri Garhwal (04),Urban,60+,Marginal workers_Worked for less than_3 months_Total_Females,0,DDW-0500B-01ST-Census.xls,01ST
B0301ST,05,059,District - Tehri Garhwal (04),Urban,Age not stated,Marginal workers_Worked for less than_3 months_Total_Females,0,DDW-0500B-01ST-Census.xls,01ST
B0301ST,05,059,District - Tehri Garhwal (04),Urban,15-59,Marginal workers_Worked for less than_3 months_Total_Females,0,DDW-0500B-01ST-Census.xls,01ST
B0301ST,05,060,District - Dehradun (05),Total,Total,Marginal workers_Worked for less than_3 months_Total_Females,1922,DDW-0500B-01ST-Census.xls,01ST
B0301ST,05,060,District - Dehradun (05),Total,5-14,Marginal workers_Worked for less than_3 months_Total_Females,352,DDW-0500B-01ST-Census.xls,01ST
B0301ST,05,060,District - Dehradun (05),Total,15-34,Marginal workers_Worked for less than_3 months_Total_Females,886,DDW-0500B-01ST-Census.xls,01ST
B0301ST,05,060,District - Dehradun (05),Total,35-59,Marginal workers_Worked for less than_3 months_Total_Females,439,DDW-0500B-01ST-Census.xls,01ST
B0301ST,05,060,District - Dehradun (05),Total,60+,Marginal workers_Worked for less than_3 months_Total_Females,243,DDW-0500B-01ST-Census.xls,01ST
B0301ST,05,060,District - Dehradun (05),Total,Age not stated,Marginal workers_Worked for less than_3 months_Total_Females,2,DDW-0500B-01ST-Census.xls,01ST
B0301ST,05,060,District - Dehradun (05),Total,15-59,Marginal workers_Worked for less than_3 months_Total_Females,1325,DDW-0500B-01ST-Census.xls,01ST
B0301ST,05,060,District - Dehradun (05),Rural,Total,Marginal workers_Worked for less than_3 months_Total_Females,1912,DDW-0500B-01ST-Census.xls,01ST
B0301ST,05,060,District - Dehradun (05),Rural,5-14,Marginal workers_Worked for less than_3 months_Total_Females,352,DDW-0500B-01ST-Census.xls,01ST
B0301ST,05,060,District - Dehradun (05),Rural,15-34,Marginal workers_Worked for less than_3 months_Total_Females,881,DDW-0500B-01ST-Census.xls,01ST
B0301ST,05,060,District - Dehradun (05),Rural,35-59,Marginal workers_Worked for less than_3 months_Total_Females,434,DDW-0500B-01ST-Census.xls,01ST
B0301ST,05,060,District - Dehradun (05),Rural,60+,Marginal workers_Worked for less than_3 months_Total_Females,243,DDW-0500B-01ST-Census.xls,01ST
B0301ST,05,060,District - Dehradun (05),Rural,Age not stated,Marginal workers_Worked for less than_3 months_Total_Females,2,DDW-0500B-01ST-Census.xls,01ST
B0301ST,05,060,District - Dehradun (05),Rural,15-59,Marginal workers_Worked for less than_3 months_Total_Females,1315,DDW-0500B-01ST-Census.xls,01ST
B0301ST,05,060,District - Dehradun (05),Urban,Total,Marginal workers_Worked for less than_3 months_Total_Females,10,DDW-0500B-01ST-Census.xls,01ST
B0301ST,05,060,District - Dehradun (05),Urban,5-14,Marginal workers_Worked for less than_3 months_Total_Females,0,DDW-0500B-01ST-Census.xls,01ST
B0301ST,05,060,District - Dehradun (05),Urban,15-34,Marginal workers_Worked for less than_3 months_Total_Females,5,DDW-0500B-01ST-Census.xls,01ST
B0301ST,05,060,District - Dehradun (05),Urban,35-59,Marginal workers_Worked for less than_3 months_Total_Females,5,DDW-0500B-01ST-Census.xls,01ST
B0301ST,05,060,District - Dehradun (05),Urban,60+,Marginal workers_Worked for less than_3 months_Total_Females,0,DDW-0500B-01ST-Census.xls,01ST
B0301ST,05,060,District - Dehradun (05),Urban,Age not stated,Marginal workers_Worked for less than_3 months_Total_Females,0,DDW-0500B-01ST-Census.xls,01ST
B0301ST,05,060,District - Dehradun (05),Urban,15-59,Marginal workers_Worked for less than_3 months_Total_Females,10,DDW-0500B-01ST-Census.xls,01ST
B0301ST,05,061,District - Garhwal (06),Total,Total,Marginal workers_Worked for less than_3 months_Total_Females,15,DDW-0500B-01ST-Census.xls,01ST
B0301ST,05,061,District - Garhwal (06),Total,5-14,Marginal workers_Worked for less than_3 months_Total_Females,0,DDW-0500B-01ST-Census.xls,01ST
B0301ST,05,061,District - Garhwal (06),Total,15-34,Marginal workers_Worked for less than_3 months_Total_Females,8,DDW-0500B-01ST-Census.xls,01ST
B0301ST,05,061,District - Garhwal (06),Total,35-59,Marginal workers_Worked for less than_3 months_Total_Females,5,DDW-0500B-01ST-Census.xls,01ST
B0301ST,05,061,District - Garhwal (06),Total,60+,Marginal workers_Worked for less than_3 months_Total_Females,1,DDW-0500B-01ST-Census.xls,01ST
B0301ST,05,061,District - Garhwal (06),Total,Age not stated,Marginal workers_Worked for less than_3 months_Total_Females,1,DDW-0500B-01ST-Census.xls,01ST
B0301ST,05,061,District - Garhwal (06),Total,15-59,Marginal workers_Worked for less than_3 months_Total_Females,13,DDW-0500B-01ST-Census.xls,01ST
B0301ST,05,061,District - Garhwal (06),Rural,Total,Marginal workers_Worked for less than_3 months_Total_Females,14,DDW-0500B-01ST-Census.xls,01ST
B0301ST,05,061,District - Garhwal (06),Rural,5-14,Marginal workers_Worked for less than_3 months_Total_Females,0,DDW-0500B-01ST-Census.xls,01ST
B0301ST,05,061,District - Garhwal (06),Rural,15-34,Marginal workers_Worked for less than_3 months_Total_Females,7,DDW-0500B-01ST-Census.xls,01ST
B0301ST,05,061,District - Garhwal (06),Rural,35-59,Marginal workers_Worked for less than_3 months_Total_Females,5,DDW-0500B-01ST-Census.xls,01ST
B0301ST,05,061,District - Garhwal (06),Rural,60+,Marginal workers_Worked for less than_3 months_Total_Females,1,DDW-0500B-01ST-Census.xls,01ST
B0301ST,05,061,District - Garhwal (06),Rural,Age not stated,Marginal workers_Worked for less than_3 months_Total_Females,1,DDW-0500B-01ST-Census.xls,01ST
B0301ST,05,061,District - Garhwal (06),Rural,15-59,Marginal workers_Worked for less than_3 months_Total_Females,12,DDW-0500B-01ST-Census.xls,01ST
B0301ST,05,061,District - Garhwal (06),Urban,Total,Marginal workers_Worked for less than_3 months_Total_Females,1,DDW-0500B-01ST-Census.xls,01ST
B0301ST,05,061,District - Garhwal (06),Urban,5-14,Marginal workers_Worked for less than_3 months_Total_Females,0,DDW-0500B-01ST-Census.xls,01ST
B0301ST,05,061,District - Garhwal (06),Urban,15-34,Marginal workers_Worked for less than_3 months_Total_Females,1,DDW-0500B-01ST-Census.xls,01ST
B0301ST,05,061,District - Garhwal (06),Urban,35-59,Marginal workers_Worked for less than_3 months_Total_Females,0,DDW-0500B-01ST-Census.xls,01ST
B0301ST,05,061,District - Garhwal (06),Urban,60+,Marginal workers_Worked for less than_3 months_Total_Females,0,DDW-0500B-01ST-Census.xls,01ST
B0301ST,05,061,District - Garhwal (06),Urban,Age not stated,Marginal workers_Worked for less than_3 months_Total_Females,0,DDW-0500B-01ST-Census.xls,01ST
B0301ST,05,061,District - Garhwal (06),Urban,15-59,Marginal workers_Worked for less than_3 months_Total_Females,1,DDW-0500B-01ST-Census.xls,01ST
B0301ST,05,062,District - Pithoragarh (07),Total,Total,Marginal workers_Worked for less than_3 months_Total_Females,350,DDW-0500B-01ST-Census.xls,01ST
B0301ST,05,062,District - Pithoragarh (07),Total,5-14,Marginal workers_Worked for less than_3 months_Total_Females,19,DDW-0500B-01ST-Census.xls,01ST
B0301ST,05,062,District - Pithoragarh (07),Total,15-34,Marginal workers_Worked for less than_3 months_Total_Females,141,DDW-0500B-01ST-Census.xls,01ST
B0301ST,05,062,District - Pithoragarh (07),Total,35-59,Marginal workers_Worked for less than_3 months_Total_Females,114,DDW-0500B-01ST-Census.xls,01ST
B0301ST,05,062,District - Pithoragarh (07),Total,60+,Marginal workers_Worked for less than_3 months_Total_Females,76,DDW-0500B-01ST-Census.xls,01ST
B0301ST,05,062,District - Pithoragarh (07),Total,Age not stated,Marginal workers_Worked for less than_3 months_Total_Females,0,DDW-0500B-01ST-Census.xls,01ST
B0301ST,05,062,District - Pithoragarh (07),Total,15-59,Marginal workers_Worked for less than_3 months_Total_Females,255,DDW-0500B-01ST-Census.xls,01ST
B0301ST,05,062,District - Pithoragarh (07),Rural,Total,Marginal workers_Worked for less than_3 months_Total_Females,311,DDW-0500B-01ST-Census.xls,01ST
B0301ST,05,062,District - Pithoragarh (07),Rural,5-14,Marginal workers_Worked for less than_3 months_Total_Females,19,DDW-0500B-01ST-Census.xls,01ST
B0301ST,05,062,District - Pithoragarh (07),Rural,15-34,Marginal workers_Worked for less than_3 months_Total_Females,129,DDW-0500B-01ST-Census.xls,01ST
B0301ST,05,062,District - Pithoragarh (07),Rural,35-59,Marginal workers_Worked for less than_3 months_Total_Females,94,DDW-0500B-01ST-Census.xls,01ST
B0301ST,05,062,District - Pithoragarh (07),Rural,60+,Marginal workers_Worked for less than_3 months_Total_Females,69,DDW-0500B-01ST-Census.xls,01ST
B0301ST,05,062,District - Pithoragarh (07),Rural,Age not stated,Marginal workers_Worked for less than_3 months_Total_Females,0,DDW-0500B-01ST-Census.xls,01ST
B0301ST,05,062,District - Pithoragarh (07),Rural,15-59,Marginal workers_Worked for less than_3 months_Total_Females,223,DDW-0500B-01ST-Census.xls,01ST
B0301ST,05,062,District - Pithoragarh (07),Urban,Total,Marginal workers_Worked for less than_3 months_Total_Females,39,DDW-0500B-01ST-Census.xls,01ST
B0301ST,05,062,District - Pithoragarh (07),Urban,5-14,Marginal workers_Worked for less than_3 months_Total_Females,0,DDW-0500B-01ST-Census.xls,01ST
B0301ST,05,062,District - Pithoragarh (07),Urban,15-34,Marginal workers_Worked for less than_3 months_Total_Females,12,DDW-0500B-01ST-Census.xls,01ST
B0301ST,05,062,District - Pithoragarh (07),Urban,35-59,Marginal workers_Worked for less than_3 months_Total_Females,20,DDW-0500B-01ST-Census.xls,01ST
B0301ST,05,062,District - Pithoragarh (07),Urban,60+,Marginal workers_Worked for less than_3 months_Total_Females,7,DDW-0500B-01ST-Census.xls,01ST
B0301ST,05,062,District - Pithoragarh (07),Urban,Age not stated,Marginal workers_Worked for less than_3 months_Total_Females,0,DDW-0500B-01ST-Census.xls,01ST
B0301ST,05,062,District - Pithoragarh (07),Urban,15-59,Marginal workers_Worked for less than_3 months_Total_Females,32,DDW-0500B-01ST-Census.xls,01ST
B0301ST,05,063,District - Bageshwar (08),Total,Total,Marginal workers_Worked for less than_3 months_Total_Females,66,DDW-0500B-01ST-Census.xls,01ST
B0301ST,05,063,District - Bageshwar (08),Total,5-14,Marginal workers_Worked for less than_3 months_Total_Females,3,DDW-0500B-01ST-Census.xls,01ST
B0301ST,05,063,District - Bageshwar (08),Total,15-34,Marginal workers_Worked for less than_3 months_Total_Females,27,DDW-0500B-01ST-Census.xls,01ST
B0301ST,05,063,District - Bageshwar (08),Total,35-59,Marginal workers_Worked for less than_3 months_Total_Females,18,DDW-0500B-01ST-Census.xls,01ST
B0301ST,05,063,District - Bageshwar (08),Total,60+,Marginal workers_Worked for less than_3 months_Total_Females,18,DDW-0500B-01ST-Census.xls,01ST
B0301ST,05,063,District - Bageshwar (08),Total,Age not stated,Marginal workers_Worked for less than_3 months_Total_Females,0,DDW-0500B-01ST-Census.xls,01ST
B0301ST,05,063,District - Bageshwar (08),Total,15-59,Marginal workers_Worked for less than_3 months_Total_Females,45,DDW-0500B-01ST-Census.xls,01ST
B0301ST,05,063,District - Bageshwar (08),Rural,Total,Marginal workers_Worked for less than_3 months_Total_Females,66,DDW-0500B-01ST-Census.xls,01ST
B0301ST,05,063,District - Bageshwar (08),Rural,5-14,Marginal workers_Worked for less than_3 months_Total_Females,3,DDW-0500B-01ST-Census.xls,01ST
B0301ST,05,063,District - Bageshwar (08),Rural,15-34,Marginal workers_Worked for less than_3 months_Total_Females,27,DDW-0500B-01ST-Census.xls,01ST
B0301ST,05,063,District - Bageshwar (08),Rural,35-59,Marginal workers_Worked for less than_3 months_Total_Females,18,DDW-0500B-01ST-Census.xls,01ST
B0301ST,05,063,District - Bageshwar (08),Rural,60+,Marginal workers_Worked for less than_3 months_Total_Females,18,DDW-0500B-01ST-Census.xls,01ST
B0301ST,05,063,District - Bageshwar (08),Rural,Age not stated,Marginal workers_Worked for less than_3 months_Total_Females,0,DDW-0500B-01ST-Census.xls,01ST
B0301ST,05,063,District - Bageshwar (08),Rural,15-59,Marginal workers_Worked for less than_3 months_Total_Females,45,DDW-0500B-01ST-Census.xls,01ST
B0301ST,05,063,District - Bageshwar (08),Urban,Total,Marginal workers_Worked for less than_3 months_Total_Females,0,DDW-0500B-01ST-Census.xls,01ST
B0301ST,05,063,District - Bageshwar (08),Urban,5-14,Marginal workers_Worked for less than_3 months_Total_Females,0,DDW-0500B-01ST-Census.xls,01ST
B0301ST,05,063,District - Bageshwar (08),Urban,15-34,Marginal workers_Worked for less than_3 months_Total_Females,0,DDW-0500B-01ST-Census.xls,01ST
B0301ST,05,063,District - Bageshwar (08),Urban,35-59,Marginal workers_Worked for less than_3 months_Total_Females,0,DDW-0500B-01ST-Census.xls,01ST
B0301ST,05,063,District - Bageshwar (08),Urban,60+,Marginal workers_Worked for less than_3 months_Total_Females,0,DDW-0500B-01ST-Census.xls,01ST
B0301ST,05,063,District - Bageshwar (08),Urban,Age not stated,Marginal workers_Worked for less than_3 months_Total_Females,0,DDW-0500B-01ST-Census.xls,01ST
B0301ST,05,063,District - Bageshwar (08),Urban,15-59,Marginal workers_Worked for less than_3 months_Total_Females,0,DDW-0500B-01ST-Census.xls,01ST
B0301ST,05,064,"District - Almora
 (09)",Total,Total,Marginal workers_Worked for less than_3 months_Total_Females,7,DDW-0500B-01ST-Census.xls,01ST
B0301ST,05,064,"District - Almora
 (09)",Total,5-14,Marginal workers_Worked for less than_3 months_Total_Females,0,DDW-0500B-01ST-Census.xls,01ST
B0301ST,05,064,"District - Almora
 (09)",Total,15-34,Marginal workers_Worked for less than_3 months_Total_Females,3,DDW-0500B-01ST-Census.xls,01ST
B0301ST,05,064,"District - Almora
 (09)",Total,35-59,Marginal workers_Worked for less than_3 months_Total_Females,1,DDW-0500B-01ST-Census.xls,01ST
B0301ST,05,064,"District - Almora
 (09)",Total,60+,Marginal workers_Worked for less than_3 months_Total_Females,3,DDW-0500B-01ST-Census.xls,01ST
B0301ST,05,064,"District - Almora
 (09)",Total,Age not stated,Marginal workers_Worked for less than_3 months_Total_Females,0,DDW-0500B-01ST-Census.xls,01ST
B0301ST,05,064,"District - Almora
 (09)",Total,15-59,Marginal workers_Worked for less than_3 months_Total_Females,4,DDW-0500B-01ST-Census.xls,01ST
B0301ST,05,064,"District - Almora
 (09)",Rural,Total,Marginal workers_Worked for less than_3 months_Total_Females,6,DDW-0500B-01ST-Census.xls,01ST
B0301ST,05,064,"District - Almora
 (09)",Rural,5-14,Marginal workers_Worked for less than_3 months_Total_Females,0,DDW-0500B-01ST-Census.xls,01ST
B0301ST,05,064,"District - Almora
 (09)",Rural,15-34,Marginal workers_Worked for less than_3 months_Total_Females,3,DDW-0500B-01ST-Census.xls,01ST
B0301ST,05,064,"District - Almora
 (09)",Rural,35-59,Marginal workers_Worked for less than_3 months_Total_Females,0,DDW-0500B-01ST-Census.xls,01ST
B0301ST,05,064,"District - Almora
 (09)",Rural,60+,Marginal workers_Worked for less than_3 months_Total_Females,3,DDW-0500B-01ST-Census.xls,01ST
B0301ST,05,064,"District - Almora
 (09)",Rural,Age not stated,Marginal workers_Worked for less than_3 months_Total_Females,0,DDW-0500B-01ST-Census.xls,01ST
B0301ST,05,064,"District - Almora
 (09)",Rural,15-59,Marginal workers_Worked for less than_3 months_Total_Females,3,DDW-0500B-01ST-Census.xls,01ST
B0301ST,05,064,"District - Almora
 (09)",Urban,Total,Marginal workers_Worked for less than_3 months_Total_Females,1,DDW-0500B-01ST-Census.xls,01ST
B0301ST,05,064,"District - Almora
 (09)",Urban,5-14,Marginal workers_Worked for less than_3 months_Total_Females,0,DDW-0500B-01ST-Census.xls,01ST
B0301ST,05,064,"District - Almora
 (09)",Urban,15-34,Marginal workers_Worked for less than_3 months_Total_Females,0,DDW-0500B-01ST-Census.xls,01ST
B0301ST,05,064,"District - Almora
 (09)",Urban,35-59,Marginal workers_Worked for less than_3 months_Total_Females,1,DDW-0500B-01ST-Census.xls,01ST
B0301ST,05,064,"District - Almora
 (09)",Urban,60+,Marginal workers_Worked for less than_3 months_Total_Females,0,DDW-0500B-01ST-Census.xls,01ST
B0301ST,05,064,"District - Almora
 (09)",Urban,Age not stated,Marginal workers_Worked for less than_3 months_Total_Females,0,DDW-0500B-01ST-Census.xls,01ST
B0301ST,05,064,"District - Almora
 (09)",Urban,15-59,Marginal workers_Worked for less than_3 months_Total_Females,1,DDW-0500B-01ST-Census.xls,01ST
B0301ST,05,065,District - Champawat (10),Total,Total,Marginal workers_Worked for less than_3 months_Total_Females,5,DDW-0500B-01ST-Census.xls,01ST
B0301ST,05,065,District - Champawat (10),Total,5-14,Marginal workers_Worked for less than_3 months_Total_Females,0,DDW-0500B-01ST-Census.xls,01ST
B0301ST,05,065,District - Champawat (10),Total,15-34,Marginal workers_Worked for less than_3 months_Total_Females,4,DDW-0500B-01ST-Census.xls,01ST
B0301ST,05,065,District - Champawat (10),Total,35-59,Marginal workers_Worked for less than_3 months_Total_Females,1,DDW-0500B-01ST-Census.xls,01ST
B0301ST,05,065,District - Champawat (10),Total,60+,Marginal workers_Worked for less than_3 months_Total_Females,0,DDW-0500B-01ST-Census.xls,01ST
B0301ST,05,065,District - Champawat (10),Total,Age not stated,Marginal workers_Worked for less than_3 months_Total_Females,0,DDW-0500B-01ST-Census.xls,01ST
B0301ST,05,065,District - Champawat (10),Total,15-59,Marginal workers_Worked for less than_3 months_Total_Females,5,DDW-0500B-01ST-Census.xls,01ST
B0301ST,05,065,District - Champawat (10),Rural,Total,Marginal workers_Worked for less than_3 months_Total_Females,5,DDW-0500B-01ST-Census.xls,01ST
B0301ST,05,065,District - Champawat (10),Rural,5-14,Marginal workers_Worked for less than_3 months_Total_Females,0,DDW-0500B-01ST-Census.xls,01ST
B0301ST,05,065,District - Champawat (10),Rural,15-34,Marginal workers_Worked for less than_3 months_Total_Females,4,DDW-0500B-01ST-Census.xls,01ST
B0301ST,05,065,District - Champawat (10),Rural,35-59,Marginal workers_Worked for less than_3 months_Total_Females,1,DDW-0500B-01ST-Census.xls,01ST
B0301ST,05,065,District - Champawat (10),Rural,60+,Marginal workers_Worked for less than_3 months_Total_Females,0,DDW-0500B-01ST-Census.xls,01ST
B0301ST,05,065,District - Champawat (10),Rural,Age not stated,Marginal workers_Worked for less than_3 months_Total_Females,0,DDW-0500B-01ST-Census.xls,01ST
B0301ST,05,065,District - Champawat (10),Rural,15-59,Marginal workers_Worked for less than_3 months_Total_Females,5,DDW-0500B-01ST-Census.xls,01ST
B0301ST,05,065,District - Champawat (10),Urban,Total,Marginal workers_Worked for less than_3 months_Total_Females,0,DDW-0500B-01ST-Census.xls,01ST
B0301ST,05,065,District - Champawat (10),Urban,5-14,Marginal workers_Worked for less than_3 months_Total_Females,0,DDW-0500B-01ST-Census.xls,01ST
B0301ST,05,065,District - Champawat (10),Urban,15-34,Marginal workers_Worked for less than_3 months_Total_Females,0,DDW-0500B-01ST-Census.xls,01ST
B0301ST,05,065,District - Champawat (10),Urban,35-59,Marginal workers_Worked for less than_3 months_Total_Females,0,DDW-0500B-01ST-Census.xls,01ST
B0301ST,05,065,District - Champawat (10),Urban,60+,Marginal workers_Worked for less than_3 months_Total_Females,0,DDW-0500B-01ST-Census.xls,01ST
B0301ST,05,065,District - Champawat (10),Urban,Age not stated,Marginal workers_Worked for less than_3 months_Total_Females,0,DDW-0500B-01ST-Census.xls,01ST
B0301ST,05,065,District - Champawat (10),Urban,15-59,Marginal workers_Worked for less than_3 months_Total_Females,0,DDW-0500B-01ST-Census.xls,01ST
B0301ST,05,066,District - Nainital (11),Total,Total,Marginal workers_Worked for less than_3 months_Total_Females,68,DDW-0500B-01ST-Census.xls,01ST
B0301ST,05,066,District - Nainital (11),Total,5-14,Marginal workers_Worked for less than_3 months_Total_Females,1,DDW-0500B-01ST-Census.xls,01ST
B0301ST,05,066,District - Nainital (11),Total,15-34,Marginal workers_Worked for less than_3 months_Total_Females,33,DDW-0500B-01ST-Census.xls,01ST
B0301ST,05,066,District - Nainital (11),Total,35-59,Marginal workers_Worked for less than_3 months_Total_Females,26,DDW-0500B-01ST-Census.xls,01ST
B0301ST,05,066,District - Nainital (11),Total,60+,Marginal workers_Worked for less than_3 months_Total_Females,7,DDW-0500B-01ST-Census.xls,01ST
B0301ST,05,066,District - Nainital (11),Total,Age not stated,Marginal workers_Worked for less than_3 months_Total_Females,1,DDW-0500B-01ST-Census.xls,01ST
B0301ST,05,066,District - Nainital (11),Total,15-59,Marginal workers_Worked for less than_3 months_Total_Females,59,DDW-0500B-01ST-Census.xls,01ST
B0301ST,05,066,District - Nainital (11),Rural,Total,Marginal workers_Worked for less than_3 months_Total_Females,67,DDW-0500B-01ST-Census.xls,01ST
B0301ST,05,066,District - Nainital (11),Rural,5-14,Marginal workers_Worked for less than_3 months_Total_Females,1,DDW-0500B-01ST-Census.xls,01ST
B0301ST,05,066,District - Nainital (11),Rural,15-34,Marginal workers_Worked for less than_3 months_Total_Females,32,DDW-0500B-01ST-Census.xls,01ST
B0301ST,05,066,District - Nainital (11),Rural,35-59,Marginal workers_Worked for less than_3 months_Total_Females,26,DDW-0500B-01ST-Census.xls,01ST
B0301ST,05,066,District - Nainital (11),Rural,60+,Marginal workers_Worked for less than_3 months_Total_Females,7,DDW-0500B-01ST-Census.xls,01ST
B0301ST,05,066,District - Nainital (11),Rural,Age not stated,Marginal workers_Worked for less than_3 months_Total_Females,1,DDW-0500B-01ST-Census.xls,01ST
B0301ST,05,066,District - Nainital (11),Rural,15-59,Marginal workers_Worked for less than_3 months_Total_Females,58,DDW-0500B-01ST-Census.xls,01ST
B0301ST,05,066,District - Nainital (11),Urban,Total,Marginal workers_Worked for less than_3 months_Total_Females,1,DDW-0500B-01ST-Census.xls,01ST
B0301ST,05,066,District - Nainital (11),Urban,5-14,Marginal workers_Worked for less than_3 months_Total_Females,0,DDW-0500B-01ST-Census.xls,01ST
B0301ST,05,066,District - Nainital (11),Urban,15-34,Marginal workers_Worked for less than_3 months_Total_Females,1,DDW-0500B-01ST-Census.xls,01ST
B0301ST,05,066,District - Nainital (11),Urban,35-59,Marginal workers_Worked for less than_3 months_Total_Females,0,DDW-0500B-01ST-Census.xls,01ST
B0301ST,05,066,District - Nainital (11),Urban,60+,Marginal workers_Worked for less than_3 months_Total_Females,0,DDW-0500B-01ST-Census.xls,01ST
B0301ST,05,066,District - Nainital (11),Urban,Age not stated,Marginal workers_Worked for less than_3 months_Total_Females,0,DDW-0500B-01ST-Census.xls,01ST
B0301ST,05,066,District - Nainital (11),Urban,15-59,Marginal workers_Worked for less than_3 months_Total_Females,1,DDW-0500B-01ST-Census.xls,01ST
B0301ST,05,067,District - Udham Singh Nagar (12),Total,Total,Marginal workers_Worked for less than_3 months_Total_Females,3847,DDW-0500B-01ST-Census.xls,01ST
B0301ST,05,067,District - Udham Singh Nagar (12),Total,5-14,Marginal workers_Worked for less than_3 months_Total_Females,373,DDW-0500B-01ST-Census.xls,01ST
B0301ST,05,067,District - Udham Singh Nagar (12),Total,15-34,Marginal workers_Worked for less than_3 months_Total_Females,2165,DDW-0500B-01ST-Census.xls,01ST
B0301ST,05,067,District - Udham Singh Nagar (12),Total,35-59,Marginal workers_Worked for less than_3 months_Total_Females,1051,DDW-0500B-01ST-Census.xls,01ST
B0301ST,05,067,District - Udham Singh Nagar (12),Total,60+,Marginal workers_Worked for less than_3 months_Total_Females,254,DDW-0500B-01ST-Census.xls,01ST
B0301ST,05,067,District - Udham Singh Nagar (12),Total,Age not stated,Marginal workers_Worked for less than_3 months_Total_Females,4,DDW-0500B-01ST-Census.xls,01ST
B0301ST,05,067,District - Udham Singh Nagar (12),Total,15-59,Marginal workers_Worked for less than_3 months_Total_Females,3216,DDW-0500B-01ST-Census.xls,01ST
B0301ST,05,067,District - Udham Singh Nagar (12),Rural,Total,Marginal workers_Worked for less than_3 months_Total_Females,3783,DDW-0500B-01ST-Census.xls,01ST
B0301ST,05,067,District - Udham Singh Nagar (12),Rural,5-14,Marginal workers_Worked for less than_3 months_Total_Females,370,DDW-0500B-01ST-Census.xls,01ST
B0301ST,05,067,District - Udham Singh Nagar (12),Rural,15-34,Marginal workers_Worked for less than_3 months_Total_Females,2133,DDW-0500B-01ST-Census.xls,01ST
B0301ST,05,067,District - Udham Singh Nagar (12),Rural,35-59,Marginal workers_Worked for less than_3 months_Total_Females,1024,DDW-0500B-01ST-Census.xls,01ST
B0301ST,05,067,District - Udham Singh Nagar (12),Rural,60+,Marginal workers_Worked for less than_3 months_Total_Females,252,DDW-0500B-01ST-Census.xls,01ST
B0301ST,05,067,District - Udham Singh Nagar (12),Rural,Age not stated,Marginal workers_Worked for less than_3 months_Total_Females,4,DDW-0500B-01ST-Census.xls,01ST
B0301ST,05,067,District - Udham Singh Nagar (12),Rural,15-59,Marginal workers_Worked for less than_3 months_Total_Females,3157,DDW-0500B-01ST-Census.xls,01ST
B0301ST,05,067,District - Udham Singh Nagar (12),Urban,Total,Marginal workers_Worked for less than_3 months_Total_Females,64,DDW-0500B-01ST-Census.xls,01ST
B0301ST,05,067,District - Udham Singh Nagar (12),Urban,5-14,Marginal workers_Worked for less than_3 months_Total_Females,3,DDW-0500B-01ST-Census.xls,01ST
B0301ST,05,067,District - Udham Singh Nagar (12),Urban,15-34,Marginal workers_Worked for less than_3 months_Total_Females,32,DDW-0500B-01ST-Census.xls,01ST
B0301ST,05,067,District - Udham Singh Nagar (12),Urban,35-59,Marginal workers_Worked for less than_3 months_Total_Females,27,DDW-0500B-01ST-Census.xls,01ST
B0301ST,05,067,District - Udham Singh Nagar (12),Urban,60+,Marginal workers_Worked for less than_3 months_Total_Females,2,DDW-0500B-01ST-Census.xls,01ST
B0301ST,05,067,District - Udham Singh Nagar (12),Urban,Age not stated,Marginal workers_Worked for less than_3 months_Total_Females,0,DDW-0500B-01ST-Census.xls,01ST
B0301ST,05,067,District - Udham Singh Nagar (12),Urban,15-59,Marginal workers_Worked for less than_3 months_Total_Females,59,DDW-0500B-01ST-Census.xls,01ST
B0301ST,05,068,District - Hardwar (13),Total,Total,Marginal workers_Worked for less than_3 months_Total_Females,169,DDW-0500B-01ST-Census.xls,01ST
B0301ST,05,068,District - Hardwar (13),Total,5-14,Marginal workers_Worked for less than_3 months_Total_Females,1,DDW-0500B-01ST-Census.xls,01ST
B0301ST,05,068,District - Hardwar (13),Total,15-34,Marginal workers_Worked for less than_3 months_Total_Females,88,DDW-0500B-01ST-Census.xls,01ST
B0301ST,05,068,District - Hardwar (13),Total,35-59,Marginal workers_Worked for less than_3 months_Total_Females,62,DDW-0500B-01ST-Census.xls,01ST
B0301ST,05,068,District - Hardwar (13),Total,60+,Marginal workers_Worked for less than_3 months_Total_Females,18,DDW-0500B-01ST-Census.xls,01ST
B0301ST,05,068,District - Hardwar (13),Total,Age not stated,Marginal workers_Worked for less than_3 months_Total_Females,0,DDW-0500B-01ST-Census.xls,01ST
B0301ST,05,068,District - Hardwar (13),Total,15-59,Marginal workers_Worked for less than_3 months_Total_Females,150,DDW-0500B-01ST-Census.xls,01ST
B0301ST,05,068,District - Hardwar (13),Rural,Total,Marginal workers_Worked for less than_3 months_Total_Females,169,DDW-0500B-01ST-Census.xls,01ST
B0301ST,05,068,District - Hardwar (13),Rural,5-14,Marginal workers_Worked for less than_3 months_Total_Females,1,DDW-0500B-01ST-Census.xls,01ST
B0301ST,05,068,District - Hardwar (13),Rural,15-34,Marginal workers_Worked for less than_3 months_Total_Females,88,DDW-0500B-01ST-Census.xls,01ST
B0301ST,05,068,District - Hardwar (13),Rural,35-59,Marginal workers_Worked for less than_3 months_Total_Females,62,DDW-0500B-01ST-Census.xls,01ST
B0301ST,05,068,District - Hardwar (13),Rural,60+,Marginal workers_Worked for less than_3 months_Total_Females,18,DDW-0500B-01ST-Census.xls,01ST
B0301ST,05,068,District - Hardwar (13),Rural,Age not stated,Marginal workers_Worked for less than_3 months_Total_Females,0,DDW-0500B-01ST-Census.xls,01ST
B0301ST,05,068,District - Hardwar (13),Rural,15-59,Marginal workers_Worked for less than_3 months_Total_Females,150,DDW-0500B-01ST-Census.xls,01ST
B0301ST,05,068,District - Hardwar (13),Urban,Total,Marginal workers_Worked for less than_3 months_Total_Females,0,DDW-0500B-01ST-Census.xls,01ST
B0301ST,05,068,District - Hardwar (13),Urban,5-14,Marginal workers_Worked for less than_3 months_Total_Females,0,DDW-0500B-01ST-Census.xls,01ST
B0301ST,05,068,District - Hardwar (13),Urban,15-34,Marginal workers_Worked for less than_3 months_Total_Females,0,DDW-0500B-01ST-Census.xls,01ST
B0301ST,05,068,District - Hardwar (13),Urban,35-59,Marginal workers_Worked for less than_3 months_Total_Females,0,DDW-0500B-01ST-Census.xls,01ST
B0301ST,05,068,District - Hardwar (13),Urban,60+,Marginal workers_Worked for less than_3 months_Total_Females,0,DDW-0500B-01ST-Census.xls,01ST
B0301ST,05,068,District - Hardwar (13),Urban,Age not stated,Marginal workers_Worked for less than_3 months_Total_Females,0,DDW-0500B-01ST-Census.xls,01ST
B0301ST,05,068,District - Hardwar (13),Urban,15-59,Marginal workers_Worked for less than_3 months_Total_Females,0,DDW-0500B-01ST-Census.xls,01ST
B0301ST,05,000,State - UTTARAKHAND (05),Total,Total,Marginal workers_Worked for 3 to 6 months_Total_Persons,30743,DDW-0500B-01ST-Census.xls,01ST
B0301ST,05,000,State - UTTARAKHAND (05),Total,5-14,Marginal workers_Worked for 3 to 6 months_Total_Persons,1461,DDW-0500B-01ST-Census.xls,01ST
B0301ST,05,000,State - UTTARAKHAND (05),Total,15-34,Marginal workers_Worked for 3 to 6 months_Total_Persons,15627,DDW-0500B-01ST-Census.xls,01ST
B0301ST,05,000,State - UTTARAKHAND (05),Total,35-59,Marginal workers_Worked for 3 to 6 months_Total_Persons,10640,DDW-0500B-01ST-Census.xls,01ST
B0301ST,05,000,State - UTTARAKHAND (05),Total,60+,Marginal workers_Worked for 3 to 6 months_Total_Persons,2958,DDW-0500B-01ST-Census.xls,01ST
B0301ST,05,000,State - UTTARAKHAND (05),Total,Age not stated,Marginal workers_Worked for 3 to 6 months_Total_Persons,57,DDW-0500B-01ST-Census.xls,01ST
B0301ST,05,000,State - UTTARAKHAND (05),Total,15-59,Marginal workers_Worked for 3 to 6 months_Total_Persons,26267,DDW-0500B-01ST-Census.xls,01ST
B0301ST,05,000,State - UTTARAKHAND (05),Rural,Total,Marginal workers_Worked for 3 to 6 months_Total_Persons,29493,DDW-0500B-01ST-Census.xls,01ST
B0301ST,05,000,State - UTTARAKHAND (05),Rural,5-14,Marginal workers_Worked for 3 to 6 months_Total_Persons,1401,DDW-0500B-01ST-Census.xls,01ST
B0301ST,05,000,State - UTTARAKHAND (05),Rural,15-34,Marginal workers_Worked for 3 to 6 months_Total_Persons,15025,DDW-0500B-01ST-Census.xls,01ST
B0301ST,05,000,State - UTTARAKHAND (05),Rural,35-59,Marginal workers_Worked for 3 to 6 months_Total_Persons,10178,DDW-0500B-01ST-Census.xls,01ST
B0301ST,05,000,State - UTTARAKHAND (05),Rural,60+,Marginal workers_Worked for 3 to 6 months_Total_Persons,2835,DDW-0500B-01ST-Census.xls,01ST
B0301ST,05,000,State - UTTARAKHAND (05),Rural,Age not stated,Marginal workers_Worked for 3 to 6 months_Total_Persons,54,DDW-0500B-01ST-Census.xls,01ST
B0301ST,05,000,State - UTTARAKHAND (05),Rural,15-59,Marginal workers_Worked for 3 to 6 months_Total_Persons,25203,DDW-0500B-01ST-Census.xls,01ST
B0301ST,05,000,State - UTTARAKHAND (05),Urban,Total,Marginal workers_Worked for 3 to 6 months_Total_Persons,1250,DDW-0500B-01ST-Census.xls,01ST
B0301ST,05,000,State - UTTARAKHAND (05),Urban,5-14,Marginal workers_Worked for 3 to 6 months_Total_Persons,60,DDW-0500B-01ST-Census.xls,01ST
B0301ST,05,000,State - UTTARAKHAND (05),Urban,15-34,Marginal workers_Worked for 3 to 6 months_Total_Persons,602,DDW-0500B-01ST-Census.xls,01ST
B0301ST,05,000,State - UTTARAKHAND (05),Urban,35-59,Marginal workers_Worked for 3 to 6 months_Total_Persons,462,DDW-0500B-01ST-Census.xls,01ST
B0301ST,05,000,State - UTTARAKHAND (05),Urban,60+,Marginal workers_Worked for 3 to 6 months_Total_Persons,123,DDW-0500B-01ST-Census.xls,01ST
B0301ST,05,000,State - UTTARAKHAND (05),Urban,Age not stated,Marginal workers_Worked for 3 to 6 months_Total_Persons,3,DDW-0500B-01ST-Census.xls,01ST
B0301ST,05,000,State - UTTARAKHAND (05),Urban,15-59,Marginal workers_Worked for 3 to 6 months_Total_Persons,1064,DDW-0500B-01ST-Census.xls,01ST
B0301ST,05,056,District - Uttarkashi (01),Total,Total,Marginal workers_Worked for 3 to 6 months_Total_Persons,413,DDW-0500B-01ST-Census.xls,01ST
B0301ST,05,056,District - Uttarkashi (01),Total,5-14,Marginal workers_Worked for 3 to 6 months_Total_Persons,2,DDW-0500B-01ST-Census.xls,01ST
B0301ST,05,056,District - Uttarkashi (01),Total,15-34,Marginal workers_Worked for 3 to 6 months_Total_Persons,119,DDW-0500B-01ST-Census.xls,01ST
B0301ST,05,056,District - Uttarkashi (01),Total,35-59,Marginal workers_Worked for 3 to 6 months_Total_Persons,226,DDW-0500B-01ST-Census.xls,01ST
B0301ST,05,056,District - Uttarkashi (01),Total,60+,Marginal workers_Worked for 3 to 6 months_Total_Persons,66,DDW-0500B-01ST-Census.xls,01ST
B0301ST,05,056,District - Uttarkashi (01),Total,Age not stated,Marginal workers_Worked for 3 to 6 months_Total_Persons,0,DDW-0500B-01ST-Census.xls,01ST
B0301ST,05,056,District - Uttarkashi (01),Total,15-59,Marginal workers_Worked for 3 to 6 months_Total_Persons,345,DDW-0500B-01ST-Census.xls,01ST
B0301ST,05,056,District - Uttarkashi (01),Rural,Total,Marginal workers_Worked for 3 to 6 months_Total_Persons,407,DDW-0500B-01ST-Census.xls,01ST
B0301ST,05,056,District - Uttarkashi (01),Rural,5-14,Marginal workers_Worked for 3 to 6 months_Total_Persons,2,DDW-0500B-01ST-Census.xls,01ST
B0301ST,05,056,District - Uttarkashi (01),Rural,15-34,Marginal workers_Worked for 3 to 6 months_Total_Persons,117,DDW-0500B-01ST-Census.xls,01ST
B0301ST,05,056,District - Uttarkashi (01),Rural,35-59,Marginal workers_Worked for 3 to 6 months_Total_Persons,222,DDW-0500B-01ST-Census.xls,01ST
B0301ST,05,056,District - Uttarkashi (01),Rural,60+,Marginal workers_Worked for 3 to 6 months_Total_Persons,66,DDW-0500B-01ST-Census.xls,01ST
B0301ST,05,056,District - Uttarkashi (01),Rural,Age not stated,Marginal workers_Worked for 3 to 6 months_Total_Persons,0,DDW-0500B-01ST-Census.xls,01ST
B0301ST,05,056,District - Uttarkashi (01),Rural,15-59,Marginal workers_Worked for 3 to 6 months_Total_Persons,339,DDW-0500B-01ST-Census.xls,01ST
B0301ST,05,056,District - Uttarkashi (01),Urban,Total,Marginal workers_Worked for 3 to 6 months_Total_Persons,6,DDW-0500B-01ST-Census.xls,01ST
B0301ST,05,056,District - Uttarkashi (01),Urban,5-14,Marginal workers_Worked for 3 to 6 months_Total_Persons,0,DDW-0500B-01ST-Census.xls,01ST
B0301ST,05,056,District - Uttarkashi (01),Urban,15-34,Marginal workers_Worked for 3 to 6 months_Total_Persons,2,DDW-0500B-01ST-Census.xls,01ST
B0301ST,05,056,District - Uttarkashi (01),Urban,35-59,Marginal workers_Worked for 3 to 6 months_Total_Persons,4,DDW-0500B-01ST-Census.xls,01ST
B0301ST,05,056,District - Uttarkashi (01),Urban,60+,Marginal workers_Worked for 3 to 6 months_Total_Persons,0,DDW-0500B-01ST-Census.xls,01ST
B0301ST,05,056,District - Uttarkashi (01),Urban,Age not stated,Marginal workers_Worked for 3 to 6 months_Total_Persons,0,DDW-0500B-01ST-Census.xls,01ST
B0301ST,05,056,District - Uttarkashi (01),Urban,15-59,Marginal workers_Worked for 3 to 6 months_Total_Persons,6,DDW-0500B-01ST-Census.xls,01ST
B0301ST,05,057,District - Chamoli (02),Total,Total,Marginal workers_Worked for 3 to 6 months_Total_Persons,2211,DDW-0500B-01ST-Census.xls,01ST
B0301ST,05,057,District - Chamoli (02),Total,5-14,Marginal workers_Worked for 3 to 6 months_Total_Persons,62,DDW-0500B-01ST-Census.xls,01ST
B0301ST,05,057,District - Chamoli (02),Total,15-34,Marginal workers_Worked for 3 to 6 months_Total_Persons,896,DDW-0500B-01ST-Census.xls,01ST
B0301ST,05,057,District - Chamoli (02),Total,35-59,Marginal workers_Worked for 3 to 6 months_Total_Persons,862,DDW-0500B-01ST-Census.xls,01ST
B0301ST,05,057,District - Chamoli (02),Total,60+,Marginal workers_Worked for 3 to 6 months_Total_Persons,388,DDW-0500B-01ST-Census.xls,01ST
B0301ST,05,057,District - Chamoli (02),Total,Age not stated,Marginal workers_Worked for 3 to 6 months_Total_Persons,3,DDW-0500B-01ST-Census.xls,01ST
B0301ST,05,057,District - Chamoli (02),Total,15-59,Marginal workers_Worked for 3 to 6 months_Total_Persons,1758,DDW-0500B-01ST-Census.xls,01ST
B0301ST,05,057,District - Chamoli (02),Rural,Total,Marginal workers_Worked for 3 to 6 months_Total_Persons,2101,DDW-0500B-01ST-Census.xls,01ST
B0301ST,05,057,District - Chamoli (02),Rural,5-14,Marginal workers_Worked for 3 to 6 months_Total_Persons,60,DDW-0500B-01ST-Census.xls,01ST
B0301ST,05,057,District - Chamoli (02),Rural,15-34,Marginal workers_Worked for 3 to 6 months_Total_Persons,857,DDW-0500B-01ST-Census.xls,01ST
B0301ST,05,057,District - Chamoli (02),Rural,35-59,Marginal workers_Worked for 3 to 6 months_Total_Persons,807,DDW-0500B-01ST-Census.xls,01ST
B0301ST,05,057,District - Chamoli (02),Rural,60+,Marginal workers_Worked for 3 to 6 months_Total_Persons,374,DDW-0500B-01ST-Census.xls,01ST
B0301ST,05,057,District - Chamoli (02),Rural,Age not stated,Marginal workers_Worked for 3 to 6 months_Total_Persons,3,DDW-0500B-01ST-Census.xls,01ST
B0301ST,05,057,District - Chamoli (02),Rural,15-59,Marginal workers_Worked for 3 to 6 months_Total_Persons,1664,DDW-0500B-01ST-Census.xls,01ST
B0301ST,05,057,District - Chamoli (02),Urban,Total,Marginal workers_Worked for 3 to 6 months_Total_Persons,110,DDW-0500B-01ST-Census.xls,01ST
B0301ST,05,057,District - Chamoli (02),Urban,5-14,Marginal workers_Worked for 3 to 6 months_Total_Persons,2,DDW-0500B-01ST-Census.xls,01ST
B0301ST,05,057,District - Chamoli (02),Urban,15-34,Marginal workers_Worked for 3 to 6 months_Total_Persons,39,DDW-0500B-01ST-Census.xls,01ST
B0301ST,05,057,District - Chamoli (02),Urban,35-59,Marginal workers_Worked for 3 to 6 months_Total_Persons,55,DDW-0500B-01ST-Census.xls,01ST
B0301ST,05,057,District - Chamoli (02),Urban,60+,Marginal workers_Worked for 3 to 6 months_Total_Persons,14,DDW-0500B-01ST-Census.xls,01ST
B0301ST,05,057,District - Chamoli (02),Urban,Age not stated,Marginal workers_Worked for 3 to 6 months_Total_Persons,0,DDW-0500B-01ST-Census.xls,01ST
B0301ST,05,057,District - Chamoli (02),Urban,15-59,Marginal workers_Worked for 3 to 6 months_Total_Persons,94,DDW-0500B-01ST-Census.xls,01ST
B0301ST,05,058,District - Rudraprayag (03),Total,Total,Marginal workers_Worked for 3 to 6 months_Total_Persons,41,DDW-0500B-01ST-Census.xls,01ST
B0301ST,05,058,District - Rudraprayag (03),Total,5-14,Marginal workers_Worked for 3 to 6 months_Total_Persons,3,DDW-0500B-01ST-Census.xls,01ST
B0301ST,05,058,District - Rudraprayag (03),Total,15-34,Marginal workers_Worked for 3 to 6 months_Total_Persons,16,DDW-0500B-01ST-Census.xls,01ST
B0301ST,05,058,District - Rudraprayag (03),Total,35-59,Marginal workers_Worked for 3 to 6 months_Total_Persons,17,DDW-0500B-01ST-Census.xls,01ST
B0301ST,05,058,District - Rudraprayag (03),Total,60+,Marginal workers_Worked for 3 to 6 months_Total_Persons,5,DDW-0500B-01ST-Census.xls,01ST
B0301ST,05,058,District - Rudraprayag (03),Total,Age not stated,Marginal workers_Worked for 3 to 6 months_Total_Persons,0,DDW-0500B-01ST-Census.xls,01ST
B0301ST,05,058,District - Rudraprayag (03),Total,15-59,Marginal workers_Worked for 3 to 6 months_Total_Persons,33,DDW-0500B-01ST-Census.xls,01ST
B0301ST,05,058,District - Rudraprayag (03),Rural,Total,Marginal workers_Worked for 3 to 6 months_Total_Persons,26,DDW-0500B-01ST-Census.xls,01ST
B0301ST,05,058,District - Rudraprayag (03),Rural,5-14,Marginal workers_Worked for 3 to 6 months_Total_Persons,2,DDW-0500B-01ST-Census.xls,01ST
B0301ST,05,058,District - Rudraprayag (03),Rural,15-34,Marginal workers_Worked for 3 to 6 months_Total_Persons,10,DDW-0500B-01ST-Census.xls,01ST
B0301ST,05,058,District - Rudraprayag (03),Rural,35-59,Marginal workers_Worked for 3 to 6 months_Total_Persons,12,DDW-0500B-01ST-Census.xls,01ST
B0301ST,05,058,District - Rudraprayag (03),Rural,60+,Marginal workers_Worked for 3 to 6 months_Total_Persons,2,DDW-0500B-01ST-Census.xls,01ST
B0301ST,05,058,District - Rudraprayag (03),Rural,Age not stated,Marginal workers_Worked for 3 to 6 months_Total_Persons,0,DDW-0500B-01ST-Census.xls,01ST
B0301ST,05,058,District - Rudraprayag (03),Rural,15-59,Marginal workers_Worked for 3 to 6 months_Total_Persons,22,DDW-0500B-01ST-Census.xls,01ST
B0301ST,05,058,District - Rudraprayag (03),Urban,Total,Marginal workers_Worked for 3 to 6 months_Total_Persons,15,DDW-0500B-01ST-Census.xls,01ST
B0301ST,05,058,District - Rudraprayag (03),Urban,5-14,Marginal workers_Worked for 3 to 6 months_Total_Persons,1,DDW-0500B-01ST-Census.xls,01ST
B0301ST,05,058,District - Rudraprayag (03),Urban,15-34,Marginal workers_Worked for 3 to 6 months_Total_Persons,6,DDW-0500B-01ST-Census.xls,01ST
B0301ST,05,058,District - Rudraprayag (03),Urban,35-59,Marginal workers_Worked for 3 to 6 months_Total_Persons,5,DDW-0500B-01ST-Census.xls,01ST
B0301ST,05,058,District - Rudraprayag (03),Urban,60+,Marginal workers_Worked for 3 to 6 months_Total_Persons,3,DDW-0500B-01ST-Census.xls,01ST
B0301ST,05,058,District - Rudraprayag (03),Urban,Age not stated,Marginal workers_Worked for 3 to 6 months_Total_Persons,0,DDW-0500B-01ST-Census.xls,01ST
B0301ST,05,058,District - Rudraprayag (03),Urban,15-59,Marginal workers_Worked for 3 to 6 months_Total_Persons,11,DDW-0500B-01ST-Census.xls,01ST
B0301ST,05,059,District - Tehri Garhwal (04),Total,Total,Marginal workers_Worked for 3 to 6 months_Total_Persons,51,DDW-0500B-01ST-Census.xls,01ST
B0301ST,05,059,District - Tehri Garhwal (04),Total,5-14,Marginal workers_Worked for 3 to 6 months_Total_Persons,5,DDW-0500B-01ST-Census.xls,01ST
B0301ST,05,059,District - Tehri Garhwal (04),Total,15-34,Marginal workers_Worked for 3 to 6 months_Total_Persons,28,DDW-0500B-01ST-Census.xls,01ST
B0301ST,05,059,District - Tehri Garhwal (04),Total,35-59,Marginal workers_Worked for 3 to 6 months_Total_Persons,14,DDW-0500B-01ST-Census.xls,01ST
B0301ST,05,059,District - Tehri Garhwal (04),Total,60+,Marginal workers_Worked for 3 to 6 months_Total_Persons,4,DDW-0500B-01ST-Census.xls,01ST
B0301ST,05,059,District - Tehri Garhwal (04),Total,Age not stated,Marginal workers_Worked for 3 to 6 months_Total_Persons,0,DDW-0500B-01ST-Census.xls,01ST
B0301ST,05,059,District - Tehri Garhwal (04),Total,15-59,Marginal workers_Worked for 3 to 6 months_Total_Persons,42,DDW-0500B-01ST-Census.xls,01ST
B0301ST,05,059,District - Tehri Garhwal (04),Rural,Total,Marginal workers_Worked for 3 to 6 months_Total_Persons,44,DDW-0500B-01ST-Census.xls,01ST
B0301ST,05,059,District - Tehri Garhwal (04),Rural,5-14,Marginal workers_Worked for 3 to 6 months_Total_Persons,3,DDW-0500B-01ST-Census.xls,01ST
B0301ST,05,059,District - Tehri Garhwal (04),Rural,15-34,Marginal workers_Worked for 3 to 6 months_Total_Persons,23,DDW-0500B-01ST-Census.xls,01ST
B0301ST,05,059,District - Tehri Garhwal (04),Rural,35-59,Marginal workers_Worked for 3 to 6 months_Total_Persons,14,DDW-0500B-01ST-Census.xls,01ST
B0301ST,05,059,District - Tehri Garhwal (04),Rural,60+,Marginal workers_Worked for 3 to 6 months_Total_Persons,4,DDW-0500B-01ST-Census.xls,01ST
B0301ST,05,059,District - Tehri Garhwal (04),Rural,Age not stated,Marginal workers_Worked for 3 to 6 months_Total_Persons,0,DDW-0500B-01ST-Census.xls,01ST
B0301ST,05,059,District - Tehri Garhwal (04),Rural,15-59,Marginal workers_Worked for 3 to 6 months_Total_Persons,37,DDW-0500B-01ST-Census.xls,01ST
B0301ST,05,059,District - Tehri Garhwal (04),Urban,Total,Marginal workers_Worked for 3 to 6 months_Total_Persons,7,DDW-0500B-01ST-Census.xls,01ST
B0301ST,05,059,District - Tehri Garhwal (04),Urban,5-14,Marginal workers_Worked for 3 to 6 months_Total_Persons,2,DDW-0500B-01ST-Census.xls,01ST
B0301ST,05,059,District - Tehri Garhwal (04),Urban,15-34,Marginal workers_Worked for 3 to 6 months_Total_Persons,5,DDW-0500B-01ST-Census.xls,01ST
B0301ST,05,059,District - Tehri Garhwal (04),Urban,35-59,Marginal workers_Worked for 3 to 6 months_Total_Persons,0,DDW-0500B-01ST-Census.xls,01ST
B0301ST,05,059,District - Tehri Garhwal (04),Urban,60+,Marginal workers_Worked for 3 to 6 months_Total_Persons,0,DDW-0500B-01ST-Census.xls,01ST
B0301ST,05,059,District - Tehri Garhwal (04),Urban,Age not stated,Marginal workers_Worked for 3 to 6 months_Total_Persons,0,DDW-0500B-01ST-Census.xls,01ST
B0301ST,05,059,District - Tehri Garhwal (04),Urban,15-59,Marginal workers_Worked for 3 to 6 months_Total_Persons,5,DDW-0500B-01ST-Census.xls,01ST
B0301ST,05,060,District - Dehradun (05),Total,Total,Marginal workers_Worked for 3 to 6 months_Total_Persons,8737,DDW-0500B-01ST-Census.xls,01ST
B0301ST,05,060,District - Dehradun (05),Total,5-14,Marginal workers_Worked for 3 to 6 months_Total_Persons,830,DDW-0500B-01ST-Census.xls,01ST
B0301ST,05,060,District - Dehradun (05),Total,15-34,Marginal workers_Worked for 3 to 6 months_Total_Persons,4177,DDW-0500B-01ST-Census.xls,01ST
B0301ST,05,060,District - Dehradun (05),Total,35-59,Marginal workers_Worked for 3 to 6 months_Total_Persons,2686,DDW-0500B-01ST-Census.xls,01ST
B0301ST,05,060,District - Dehradun (05),Total,60+,Marginal workers_Worked for 3 to 6 months_Total_Persons,1018,DDW-0500B-01ST-Census.xls,01ST
B0301ST,05,060,District - Dehradun (05),Total,Age not stated,Marginal workers_Worked for 3 to 6 months_Total_Persons,26,DDW-0500B-01ST-Census.xls,01ST
B0301ST,05,060,District - Dehradun (05),Total,15-59,Marginal workers_Worked for 3 to 6 months_Total_Persons,6863,DDW-0500B-01ST-Census.xls,01ST
B0301ST,05,060,District - Dehradun (05),Rural,Total,Marginal workers_Worked for 3 to 6 months_Total_Persons,8364,DDW-0500B-01ST-Census.xls,01ST
B0301ST,05,060,District - Dehradun (05),Rural,5-14,Marginal workers_Worked for 3 to 6 months_Total_Persons,803,DDW-0500B-01ST-Census.xls,01ST
B0301ST,05,060,District - Dehradun (05),Rural,15-34,Marginal workers_Worked for 3 to 6 months_Total_Persons,3977,DDW-0500B-01ST-Census.xls,01ST
B0301ST,05,060,District - Dehradun (05),Rural,35-59,Marginal workers_Worked for 3 to 6 months_Total_Persons,2568,DDW-0500B-01ST-Census.xls,01ST
B0301ST,05,060,District - Dehradun (05),Rural,60+,Marginal workers_Worked for 3 to 6 months_Total_Persons,992,DDW-0500B-01ST-Census.xls,01ST
B0301ST,05,060,District - Dehradun (05),Rural,Age not stated,Marginal workers_Worked for 3 to 6 months_Total_Persons,24,DDW-0500B-01ST-Census.xls,01ST
B0301ST,05,060,District - Dehradun (05),Rural,15-59,Marginal workers_Worked for 3 to 6 months_Total_Persons,6545,DDW-0500B-01ST-Census.xls,01ST
B0301ST,05,060,District - Dehradun (05),Urban,Total,Marginal workers_Worked for 3 to 6 months_Total_Persons,373,DDW-0500B-01ST-Census.xls,01ST
B0301ST,05,060,District - Dehradun (05),Urban,5-14,Marginal workers_Worked for 3 to 6 months_Total_Persons,27,DDW-0500B-01ST-Census.xls,01ST
B0301ST,05,060,District - Dehradun (05),Urban,15-34,Marginal workers_Worked for 3 to 6 months_Total_Persons,200,DDW-0500B-01ST-Census.xls,01ST
B0301ST,05,060,District - Dehradun (05),Urban,35-59,Marginal workers_Worked for 3 to 6 months_Total_Persons,118,DDW-0500B-01ST-Census.xls,01ST
B0301ST,05,060,District - Dehradun (05),Urban,60+,Marginal workers_Worked for 3 to 6 months_Total_Persons,26,DDW-0500B-01ST-Census.xls,01ST
B0301ST,05,060,District - Dehradun (05),Urban,Age not stated,Marginal workers_Worked for 3 to 6 months_Total_Persons,2,DDW-0500B-01ST-Census.xls,01ST
B0301ST,05,060,District - Dehradun (05),Urban,15-59,Marginal workers_Worked for 3 to 6 months_Total_Persons,318,DDW-0500B-01ST-Census.xls,01ST
B0301ST,05,061,District - Garhwal (06),Total,Total,Marginal workers_Worked for 3 to 6 months_Total_Persons,172,DDW-0500B-01ST-Census.xls,01ST
B0301ST,05,061,District - Garhwal (06),Total,5-14,Marginal workers_Worked for 3 to 6 months_Total_Persons,1,DDW-0500B-01ST-Census.xls,01ST
B0301ST,05,061,District - Garhwal (06),Total,15-34,Marginal workers_Worked for 3 to 6 months_Total_Persons,76,DDW-0500B-01ST-Census.xls,01ST
B0301ST,05,061,District - Garhwal (06),Total,35-59,Marginal workers_Worked for 3 to 6 months_Total_Persons,74,DDW-0500B-01ST-Census.xls,01ST
B0301ST,05,061,District - Garhwal (06),Total,60+,Marginal workers_Worked for 3 to 6 months_Total_Persons,21,DDW-0500B-01ST-Census.xls,01ST
B0301ST,05,061,District - Garhwal (06),Total,Age not stated,Marginal workers_Worked for 3 to 6 months_Total_Persons,0,DDW-0500B-01ST-Census.xls,01ST
B0301ST,05,061,District - Garhwal (06),Total,15-59,Marginal workers_Worked for 3 to 6 months_Total_Persons,150,DDW-0500B-01ST-Census.xls,01ST
B0301ST,05,061,District - Garhwal (06),Rural,Total,Marginal workers_Worked for 3 to 6 months_Total_Persons,166,DDW-0500B-01ST-Census.xls,01ST
B0301ST,05,061,District - Garhwal (06),Rural,5-14,Marginal workers_Worked for 3 to 6 months_Total_Persons,1,DDW-0500B-01ST-Census.xls,01ST
B0301ST,05,061,District - Garhwal (06),Rural,15-34,Marginal workers_Worked for 3 to 6 months_Total_Persons,72,DDW-0500B-01ST-Census.xls,01ST
B0301ST,05,061,District - Garhwal (06),Rural,35-59,Marginal workers_Worked for 3 to 6 months_Total_Persons,72,DDW-0500B-01ST-Census.xls,01ST
B0301ST,05,061,District - Garhwal (06),Rural,60+,Marginal workers_Worked for 3 to 6 months_Total_Persons,21,DDW-0500B-01ST-Census.xls,01ST
B0301ST,05,061,District - Garhwal (06),Rural,Age not stated,Marginal workers_Worked for 3 to 6 months_Total_Persons,0,DDW-0500B-01ST-Census.xls,01ST
B0301ST,05,061,District - Garhwal (06),Rural,15-59,Marginal workers_Worked for 3 to 6 months_Total_Persons,144,DDW-0500B-01ST-Census.xls,01ST
B0301ST,05,061,District - Garhwal (06),Urban,Total,Marginal workers_Worked for 3 to 6 months_Total_Persons,6,DDW-0500B-01ST-Census.xls,01ST
B0301ST,05,061,District - Garhwal (06),Urban,5-14,Marginal workers_Worked for 3 to 6 months_Total_Persons,0,DDW-0500B-01ST-Census.xls,01ST
B0301ST,05,061,District - Garhwal (06),Urban,15-34,Marginal workers_Worked for 3 to 6 months_Total_Persons,4,DDW-0500B-01ST-Census.xls,01ST
B0301ST,05,061,District - Garhwal (06),Urban,35-59,Marginal workers_Worked for 3 to 6 months_Total_Persons,2,DDW-0500B-01ST-Census.xls,01ST
B0301ST,05,061,District - Garhwal (06),Urban,60+,Marginal workers_Worked for 3 to 6 months_Total_Persons,0,DDW-0500B-01ST-Census.xls,01ST
B0301ST,05,061,District - Garhwal (06),Urban,Age not stated,Marginal workers_Worked for 3 to 6 months_Total_Persons,0,DDW-0500B-01ST-Census.xls,01ST
B0301ST,05,061,District - Garhwal (06),Urban,15-59,Marginal workers_Worked for 3 to 6 months_Total_Persons,6,DDW-0500B-01ST-Census.xls,01ST
B0301ST,05,062,District - Pithoragarh (07),Total,Total,Marginal workers_Worked for 3 to 6 months_Total_Persons,2142,DDW-0500B-01ST-Census.xls,01ST
B0301ST,05,062,District - Pithoragarh (07),Total,5-14,Marginal workers_Worked for 3 to 6 months_Total_Persons,64,DDW-0500B-01ST-Census.xls,01ST
B0301ST,05,062,District - Pithoragarh (07),Total,15-34,Marginal workers_Worked for 3 to 6 months_Total_Persons,976,DDW-0500B-01ST-Census.xls,01ST
B0301ST,05,062,District - Pithoragarh (07),Total,35-59,Marginal workers_Worked for 3 to 6 months_Total_Persons,779,DDW-0500B-01ST-Census.xls,01ST
B0301ST,05,062,District - Pithoragarh (07),Total,60+,Marginal workers_Worked for 3 to 6 months_Total_Persons,315,DDW-0500B-01ST-Census.xls,01ST
B0301ST,05,062,District - Pithoragarh (07),Total,Age not stated,Marginal workers_Worked for 3 to 6 months_Total_Persons,8,DDW-0500B-01ST-Census.xls,01ST
B0301ST,05,062,District - Pithoragarh (07),Total,15-59,Marginal workers_Worked for 3 to 6 months_Total_Persons,1755,DDW-0500B-01ST-Census.xls,01ST
B0301ST,05,062,District - Pithoragarh (07),Rural,Total,Marginal workers_Worked for 3 to 6 months_Total_Persons,1849,DDW-0500B-01ST-Census.xls,01ST
B0301ST,05,062,District - Pithoragarh (07),Rural,5-14,Marginal workers_Worked for 3 to 6 months_Total_Persons,64,DDW-0500B-01ST-Census.xls,01ST
B0301ST,05,062,District - Pithoragarh (07),Rural,15-34,Marginal workers_Worked for 3 to 6 months_Total_Persons,887,DDW-0500B-01ST-Census.xls,01ST
B0301ST,05,062,District - Pithoragarh (07),Rural,35-59,Marginal workers_Worked for 3 to 6 months_Total_Persons,634,DDW-0500B-01ST-Census.xls,01ST
B0301ST,05,062,District - Pithoragarh (07),Rural,60+,Marginal workers_Worked for 3 to 6 months_Total_Persons,257,DDW-0500B-01ST-Census.xls,01ST
B0301ST,05,062,District - Pithoragarh (07),Rural,Age not stated,Marginal workers_Worked for 3 to 6 months_Total_Persons,7,DDW-0500B-01ST-Census.xls,01ST
B0301ST,05,062,District - Pithoragarh (07),Rural,15-59,Marginal workers_Worked for 3 to 6 months_Total_Persons,1521,DDW-0500B-01ST-Census.xls,01ST
B0301ST,05,062,District - Pithoragarh (07),Urban,Total,Marginal workers_Worked for 3 to 6 months_Total_Persons,293,DDW-0500B-01ST-Census.xls,01ST
B0301ST,05,062,District - Pithoragarh (07),Urban,5-14,Marginal workers_Worked for 3 to 6 months_Total_Persons,0,DDW-0500B-01ST-Census.xls,01ST
B0301ST,05,062,District - Pithoragarh (07),Urban,15-34,Marginal workers_Worked for 3 to 6 months_Total_Persons,89,DDW-0500B-01ST-Census.xls,01ST
B0301ST,05,062,District - Pithoragarh (07),Urban,35-59,Marginal workers_Worked for 3 to 6 months_Total_Persons,145,DDW-0500B-01ST-Census.xls,01ST
B0301ST,05,062,District - Pithoragarh (07),Urban,60+,Marginal workers_Worked for 3 to 6 months_Total_Persons,58,DDW-0500B-01ST-Census.xls,01ST
B0301ST,05,062,District - Pithoragarh (07),Urban,Age not stated,Marginal workers_Worked for 3 to 6 months_Total_Persons,1,DDW-0500B-01ST-Census.xls,01ST
B0301ST,05,062,District - Pithoragarh (07),Urban,15-59,Marginal workers_Worked for 3 to 6 months_Total_Persons,234,DDW-0500B-01ST-Census.xls,01ST
B0301ST,05,063,District - Bageshwar (08),Total,Total,Marginal workers_Worked for 3 to 6 months_Total_Persons,249,DDW-0500B-01ST-Census.xls,01ST
B0301ST,05,063,District - Bageshwar (08),Total,5-14,Marginal workers_Worked for 3 to 6 months_Total_Persons,1,DDW-0500B-01ST-Census.xls,01ST
B0301ST,05,063,District - Bageshwar (08),Total,15-34,Marginal workers_Worked for 3 to 6 months_Total_Persons,109,DDW-0500B-01ST-Census.xls,01ST
B0301ST,05,063,District - Bageshwar (08),Total,35-59,Marginal workers_Worked for 3 to 6 months_Total_Persons,102,DDW-0500B-01ST-Census.xls,01ST
B0301ST,05,063,District - Bageshwar (08),Total,60+,Marginal workers_Worked for 3 to 6 months_Total_Persons,37,DDW-0500B-01ST-Census.xls,01ST
B0301ST,05,063,District - Bageshwar (08),Total,Age not stated,Marginal workers_Worked for 3 to 6 months_Total_Persons,0,DDW-0500B-01ST-Census.xls,01ST
B0301ST,05,063,District - Bageshwar (08),Total,15-59,Marginal workers_Worked for 3 to 6 months_Total_Persons,211,DDW-0500B-01ST-Census.xls,01ST
B0301ST,05,063,District - Bageshwar (08),Rural,Total,Marginal workers_Worked for 3 to 6 months_Total_Persons,247,DDW-0500B-01ST-Census.xls,01ST
B0301ST,05,063,District - Bageshwar (08),Rural,5-14,Marginal workers_Worked for 3 to 6 months_Total_Persons,1,DDW-0500B-01ST-Census.xls,01ST
B0301ST,05,063,District - Bageshwar (08),Rural,15-34,Marginal workers_Worked for 3 to 6 months_Total_Persons,108,DDW-0500B-01ST-Census.xls,01ST
B0301ST,05,063,District - Bageshwar (08),Rural,35-59,Marginal workers_Worked for 3 to 6 months_Total_Persons,101,DDW-0500B-01ST-Census.xls,01ST
B0301ST,05,063,District - Bageshwar (08),Rural,60+,Marginal workers_Worked for 3 to 6 months_Total_Persons,37,DDW-0500B-01ST-Census.xls,01ST
B0301ST,05,063,District - Bageshwar (08),Rural,Age not stated,Marginal workers_Worked for 3 to 6 months_Total_Persons,0,DDW-0500B-01ST-Census.xls,01ST
B0301ST,05,063,District - Bageshwar (08),Rural,15-59,Marginal workers_Worked for 3 to 6 months_Total_Persons,209,DDW-0500B-01ST-Census.xls,01ST
B0301ST,05,063,District - Bageshwar (08),Urban,Total,Marginal workers_Worked for 3 to 6 months_Total_Persons,2,DDW-0500B-01ST-Census.xls,01ST
B0301ST,05,063,District - Bageshwar (08),Urban,5-14,Marginal workers_Worked for 3 to 6 months_Total_Persons,0,DDW-0500B-01ST-Census.xls,01ST
B0301ST,05,063,District - Bageshwar (08),Urban,15-34,Marginal workers_Worked for 3 to 6 months_Total_Persons,1,DDW-0500B-01ST-Census.xls,01ST
B0301ST,05,063,District - Bageshwar (08),Urban,35-59,Marginal workers_Worked for 3 to 6 months_Total_Persons,1,DDW-0500B-01ST-Census.xls,01ST
B0301ST,05,063,District - Bageshwar (08),Urban,60+,Marginal workers_Worked for 3 to 6 months_Total_Persons,0,DDW-0500B-01ST-Census.xls,01ST
B0301ST,05,063,District - Bageshwar (08),Urban,Age not stated,Marginal workers_Worked for 3 to 6 months_Total_Persons,0,DDW-0500B-01ST-Census.xls,01ST
B0301ST,05,063,District - Bageshwar (08),Urban,15-59,Marginal workers_Worked for 3 to 6 months_Total_Persons,2,DDW-0500B-01ST-Census.xls,01ST
B0301ST,05,064,"District - Almora
 (09)",Total,Total,Marginal workers_Worked for 3 to 6 months_Total_Persons,47,DDW-0500B-01ST-Census.xls,01ST
B0301ST,05,064,"District - Almora
 (09)",Total,5-14,Marginal workers_Worked for 3 to 6 months_Total_Persons,0,DDW-0500B-01ST-Census.xls,01ST
B0301ST,05,064,"District - Almora
 (09)",Total,15-34,Marginal workers_Worked for 3 to 6 months_Total_Persons,25,DDW-0500B-01ST-Census.xls,01ST
B0301ST,05,064,"District - Almora
 (09)",Total,35-59,Marginal workers_Worked for 3 to 6 months_Total_Persons,18,DDW-0500B-01ST-Census.xls,01ST
B0301ST,05,064,"District - Almora
 (09)",Total,60+,Marginal workers_Worked for 3 to 6 months_Total_Persons,4,DDW-0500B-01ST-Census.xls,01ST
B0301ST,05,064,"District - Almora
 (09)",Total,Age not stated,Marginal workers_Worked for 3 to 6 months_Total_Persons,0,DDW-0500B-01ST-Census.xls,01ST
B0301ST,05,064,"District - Almora
 (09)",Total,15-59,Marginal workers_Worked for 3 to 6 months_Total_Persons,43,DDW-0500B-01ST-Census.xls,01ST
B0301ST,05,064,"District - Almora
 (09)",Rural,Total,Marginal workers_Worked for 3 to 6 months_Total_Persons,42,DDW-0500B-01ST-Census.xls,01ST
B0301ST,05,064,"District - Almora
 (09)",Rural,5-14,Marginal workers_Worked for 3 to 6 months_Total_Persons,0,DDW-0500B-01ST-Census.xls,01ST
B0301ST,05,064,"District - Almora
 (09)",Rural,15-34,Marginal workers_Worked for 3 to 6 months_Total_Persons,22,DDW-0500B-01ST-Census.xls,01ST
B0301ST,05,064,"District - Almora
 (09)",Rural,35-59,Marginal workers_Worked for 3 to 6 months_Total_Persons,16,DDW-0500B-01ST-Census.xls,01ST
B0301ST,05,064,"District - Almora
 (09)",Rural,60+,Marginal workers_Worked for 3 to 6 months_Total_Persons,4,DDW-0500B-01ST-Census.xls,01ST
B0301ST,05,064,"District - Almora
 (09)",Rural,Age not stated,Marginal workers_Worked for 3 to 6 months_Total_Persons,0,DDW-0500B-01ST-Census.xls,01ST
B0301ST,05,064,"District - Almora
 (09)",Rural,15-59,Marginal workers_Worked for 3 to 6 months_Total_Persons,38,DDW-0500B-01ST-Census.xls,01ST
B0301ST,05,064,"District - Almora
 (09)",Urban,Total,Marginal workers_Worked for 3 to 6 months_Total_Persons,5,DDW-0500B-01ST-Census.xls,01ST
B0301ST,05,064,"District - Almora
 (09)",Urban,5-14,Marginal workers_Worked for 3 to 6 months_Total_Persons,0,DDW-0500B-01ST-Census.xls,01ST
B0301ST,05,064,"District - Almora
 (09)",Urban,15-34,Marginal workers_Worked for 3 to 6 months_Total_Persons,3,DDW-0500B-01ST-Census.xls,01ST
B0301ST,05,064,"District - Almora
 (09)",Urban,35-59,Marginal workers_Worked for 3 to 6 months_Total_Persons,2,DDW-0500B-01ST-Census.xls,01ST
B0301ST,05,064,"District - Almora
 (09)",Urban,60+,Marginal workers_Worked for 3 to 6 months_Total_Persons,0,DDW-0500B-01ST-Census.xls,01ST
B0301ST,05,064,"District - Almora
 (09)",Urban,Age not stated,Marginal workers_Worked for 3 to 6 months_Total_Persons,0,DDW-0500B-01ST-Census.xls,01ST
B0301ST,05,064,"District - Almora
 (09)",Urban,15-59,Marginal workers_Worked for 3 to 6 months_Total_Persons,5,DDW-0500B-01ST-Census.xls,01ST
B0301ST,05,065,District - Champawat (10),Total,Total,Marginal workers_Worked for 3 to 6 months_Total_Persons,49,DDW-0500B-01ST-Census.xls,01ST
B0301ST,05,065,District - Champawat (10),Total,5-14,Marginal workers_Worked for 3 to 6 months_Total_Persons,1,DDW-0500B-01ST-Census.xls,01ST
B0301ST,05,065,District - Champawat (10),Total,15-34,Marginal workers_Worked for 3 to 6 months_Total_Persons,22,DDW-0500B-01ST-Census.xls,01ST
B0301ST,05,065,District - Champawat (10),Total,35-59,Marginal workers_Worked for 3 to 6 months_Total_Persons,21,DDW-0500B-01ST-Census.xls,01ST
B0301ST,05,065,District - Champawat (10),Total,60+,Marginal workers_Worked for 3 to 6 months_Total_Persons,5,DDW-0500B-01ST-Census.xls,01ST
B0301ST,05,065,District - Champawat (10),Total,Age not stated,Marginal workers_Worked for 3 to 6 months_Total_Persons,0,DDW-0500B-01ST-Census.xls,01ST
B0301ST,05,065,District - Champawat (10),Total,15-59,Marginal workers_Worked for 3 to 6 months_Total_Persons,43,DDW-0500B-01ST-Census.xls,01ST
B0301ST,05,065,District - Champawat (10),Rural,Total,Marginal workers_Worked for 3 to 6 months_Total_Persons,44,DDW-0500B-01ST-Census.xls,01ST
B0301ST,05,065,District - Champawat (10),Rural,5-14,Marginal workers_Worked for 3 to 6 months_Total_Persons,1,DDW-0500B-01ST-Census.xls,01ST
B0301ST,05,065,District - Champawat (10),Rural,15-34,Marginal workers_Worked for 3 to 6 months_Total_Persons,19,DDW-0500B-01ST-Census.xls,01ST
B0301ST,05,065,District - Champawat (10),Rural,35-59,Marginal workers_Worked for 3 to 6 months_Total_Persons,19,DDW-0500B-01ST-Census.xls,01ST
B0301ST,05,065,District - Champawat (10),Rural,60+,Marginal workers_Worked for 3 to 6 months_Total_Persons,5,DDW-0500B-01ST-Census.xls,01ST
B0301ST,05,065,District - Champawat (10),Rural,Age not stated,Marginal workers_Worked for 3 to 6 months_Total_Persons,0,DDW-0500B-01ST-Census.xls,01ST
B0301ST,05,065,District - Champawat (10),Rural,15-59,Marginal workers_Worked for 3 to 6 months_Total_Persons,38,DDW-0500B-01ST-Census.xls,01ST
B0301ST,05,065,District - Champawat (10),Urban,Total,Marginal workers_Worked for 3 to 6 months_Total_Persons,5,DDW-0500B-01ST-Census.xls,01ST
B0301ST,05,065,District - Champawat (10),Urban,5-14,Marginal workers_Worked for 3 to 6 months_Total_Persons,0,DDW-0500B-01ST-Census.xls,01ST
B0301ST,05,065,District - Champawat (10),Urban,15-34,Marginal workers_Worked for 3 to 6 months_Total_Persons,3,DDW-0500B-01ST-Census.xls,01ST
B0301ST,05,065,District - Champawat (10),Urban,35-59,Marginal workers_Worked for 3 to 6 months_Total_Persons,2,DDW-0500B-01ST-Census.xls,01ST
B0301ST,05,065,District - Champawat (10),Urban,60+,Marginal workers_Worked for 3 to 6 months_Total_Persons,0,DDW-0500B-01ST-Census.xls,01ST
B0301ST,05,065,District - Champawat (10),Urban,Age not stated,Marginal workers_Worked for 3 to 6 months_Total_Persons,0,DDW-0500B-01ST-Census.xls,01ST
B0301ST,05,065,District - Champawat (10),Urban,15-59,Marginal workers_Worked for 3 to 6 months_Total_Persons,5,DDW-0500B-01ST-Census.xls,01ST
B0301ST,05,066,District - Nainital (11),Total,Total,Marginal workers_Worked for 3 to 6 months_Total_Persons,436,DDW-0500B-01ST-Census.xls,01ST
B0301ST,05,066,District - Nainital (11),Total,5-14,Marginal workers_Worked for 3 to 6 months_Total_Persons,14,DDW-0500B-01ST-Census.xls,01ST
B0301ST,05,066,District - Nainital (11),Total,15-34,Marginal workers_Worked for 3 to 6 months_Total_Persons,227,DDW-0500B-01ST-Census.xls,01ST
B0301ST,05,066,District - Nainital (11),Total,35-59,Marginal workers_Worked for 3 to 6 months_Total_Persons,165,DDW-0500B-01ST-Census.xls,01ST
B0301ST,05,066,District - Nainital (11),Total,60+,Marginal workers_Worked for 3 to 6 months_Total_Persons,27,DDW-0500B-01ST-Census.xls,01ST
B0301ST,05,066,District - Nainital (11),Total,Age not stated,Marginal workers_Worked for 3 to 6 months_Total_Persons,3,DDW-0500B-01ST-Census.xls,01ST
B0301ST,05,066,District - Nainital (11),Total,15-59,Marginal workers_Worked for 3 to 6 months_Total_Persons,392,DDW-0500B-01ST-Census.xls,01ST
B0301ST,05,066,District - Nainital (11),Rural,Total,Marginal workers_Worked for 3 to 6 months_Total_Persons,417,DDW-0500B-01ST-Census.xls,01ST
B0301ST,05,066,District - Nainital (11),Rural,5-14,Marginal workers_Worked for 3 to 6 months_Total_Persons,14,DDW-0500B-01ST-Census.xls,01ST
B0301ST,05,066,District - Nainital (11),Rural,15-34,Marginal workers_Worked for 3 to 6 months_Total_Persons,217,DDW-0500B-01ST-Census.xls,01ST
B0301ST,05,066,District - Nainital (11),Rural,35-59,Marginal workers_Worked for 3 to 6 months_Total_Persons,159,DDW-0500B-01ST-Census.xls,01ST
B0301ST,05,066,District - Nainital (11),Rural,60+,Marginal workers_Worked for 3 to 6 months_Total_Persons,24,DDW-0500B-01ST-Census.xls,01ST
B0301ST,05,066,District - Nainital (11),Rural,Age not stated,Marginal workers_Worked for 3 to 6 months_Total_Persons,3,DDW-0500B-01ST-Census.xls,01ST
B0301ST,05,066,District - Nainital (11),Rural,15-59,Marginal workers_Worked for 3 to 6 months_Total_Persons,376,DDW-0500B-01ST-Census.xls,01ST
B0301ST,05,066,District - Nainital (11),Urban,Total,Marginal workers_Worked for 3 to 6 months_Total_Persons,19,DDW-0500B-01ST-Census.xls,01ST
B0301ST,05,066,District - Nainital (11),Urban,5-14,Marginal workers_Worked for 3 to 6 months_Total_Persons,0,DDW-0500B-01ST-Census.xls,01ST
B0301ST,05,066,District - Nainital (11),Urban,15-34,Marginal workers_Worked for 3 to 6 months_Total_Persons,10,DDW-0500B-01ST-Census.xls,01ST
B0301ST,05,066,District - Nainital (11),Urban,35-59,Marginal workers_Worked for 3 to 6 months_Total_Persons,6,DDW-0500B-01ST-Census.xls,01ST
B0301ST,05,066,District - Nainital (11),Urban,60+,Marginal workers_Worked for 3 to 6 months_Total_Persons,3,DDW-0500B-01ST-Census.xls,01ST
B0301ST,05,066,District - Nainital (11),Urban,Age not stated,Marginal workers_Worked for 3 to 6 months_Total_Persons,0,DDW-0500B-01ST-Census.xls,01ST
B0301ST,05,066,District - Nainital (11),Urban,15-59,Marginal workers_Worked for 3 to 6 months_Total_Persons,16,DDW-0500B-01ST-Census.xls,01ST
B0301ST,05,067,District - Udham Singh Nagar (12),Total,Total,Marginal workers_Worked for 3 to 6 months_Total_Persons,15760,DDW-0500B-01ST-Census.xls,01ST
B0301ST,05,067,District - Udham Singh Nagar (12),Total,5-14,Marginal workers_Worked for 3 to 6 months_Total_Persons,463,DDW-0500B-01ST-Census.xls,01ST
B0301ST,05,067,District - Udham Singh Nagar (12),Total,15-34,Marginal workers_Worked for 3 to 6 months_Total_Persons,8734,DDW-0500B-01ST-Census.xls,01ST
B0301ST,05,067,District - Udham Singh Nagar (12),Total,35-59,Marginal workers_Worked for 3 to 6 months_Total_Persons,5519,DDW-0500B-01ST-Census.xls,01ST
B0301ST,05,067,District - Udham Singh Nagar (12),Total,60+,Marginal workers_Worked for 3 to 6 months_Total_Persons,1027,DDW-0500B-01ST-Census.xls,01ST
B0301ST,05,067,District - Udham Singh Nagar (12),Total,Age not stated,Marginal workers_Worked for 3 to 6 months_Total_Persons,17,DDW-0500B-01ST-Census.xls,01ST
B0301ST,05,067,District - Udham Singh Nagar (12),Total,15-59,Marginal workers_Worked for 3 to 6 months_Total_Persons,14253,DDW-0500B-01ST-Census.xls,01ST
B0301ST,05,067,District - Udham Singh Nagar (12),Rural,Total,Marginal workers_Worked for 3 to 6 months_Total_Persons,15418,DDW-0500B-01ST-Census.xls,01ST
B0301ST,05,067,District - Udham Singh Nagar (12),Rural,5-14,Marginal workers_Worked for 3 to 6 months_Total_Persons,435,DDW-0500B-01ST-Census.xls,01ST
B0301ST,05,067,District - Udham Singh Nagar (12),Rural,15-34,Marginal workers_Worked for 3 to 6 months_Total_Persons,8524,DDW-0500B-01ST-Census.xls,01ST
B0301ST,05,067,District - Udham Singh Nagar (12),Rural,35-59,Marginal workers_Worked for 3 to 6 months_Total_Persons,5429,DDW-0500B-01ST-Census.xls,01ST
B0301ST,05,067,District - Udham Singh Nagar (12),Rural,60+,Marginal workers_Worked for 3 to 6 months_Total_Persons,1013,DDW-0500B-01ST-Census.xls,01ST
B0301ST,05,067,District - Udham Singh Nagar (12),Rural,Age not stated,Marginal workers_Worked for 3 to 6 months_Total_Persons,17,DDW-0500B-01ST-Census.xls,01ST
B0301ST,05,067,District - Udham Singh Nagar (12),Rural,15-59,Marginal workers_Worked for 3 to 6 months_Total_Persons,13953,DDW-0500B-01ST-Census.xls,01ST
B0301ST,05,067,District - Udham Singh Nagar (12),Urban,Total,Marginal workers_Worked for 3 to 6 months_Total_Persons,342,DDW-0500B-01ST-Census.xls,01ST
B0301ST,05,067,District - Udham Singh Nagar (12),Urban,5-14,Marginal workers_Worked for 3 to 6 months_Total_Persons,28,DDW-0500B-01ST-Census.xls,01ST
B0301ST,05,067,District - Udham Singh Nagar (12),Urban,15-34,Marginal workers_Worked for 3 to 6 months_Total_Persons,210,DDW-0500B-01ST-Census.xls,01ST
B0301ST,05,067,District - Udham Singh Nagar (12),Urban,35-59,Marginal workers_Worked for 3 to 6 months_Total_Persons,90,DDW-0500B-01ST-Census.xls,01ST
B0301ST,05,067,District - Udham Singh Nagar (12),Urban,60+,Marginal workers_Worked for 3 to 6 months_Total_Persons,14,DDW-0500B-01ST-Census.xls,01ST
B0301ST,05,067,District - Udham Singh Nagar (12),Urban,Age not stated,Marginal workers_Worked for 3 to 6 months_Total_Persons,0,DDW-0500B-01ST-Census.xls,01ST
B0301ST,05,067,District - Udham Singh Nagar (12),Urban,15-59,Marginal workers_Worked for 3 to 6 months_Total_Persons,300,DDW-0500B-01ST-Census.xls,01ST
B0301ST,05,068,District - Hardwar (13),Total,Total,Marginal workers_Worked for 3 to 6 months_Total_Persons,435,DDW-0500B-01ST-Census.xls,01ST
B0301ST,05,068,District - Hardwar (13),Total,5-14,Marginal workers_Worked for 3 to 6 months_Total_Persons,15,DDW-0500B-01ST-Census.xls,01ST
B0301ST,05,068,District - Hardwar (13),Total,15-34,Marginal workers_Worked for 3 to 6 months_Total_Persons,222,DDW-0500B-01ST-Census.xls,01ST
B0301ST,05,068,District - Hardwar (13),Total,35-59,Marginal workers_Worked for 3 to 6 months_Total_Persons,157,DDW-0500B-01ST-Census.xls,01ST
B0301ST,05,068,District - Hardwar (13),Total,60+,Marginal workers_Worked for 3 to 6 months_Total_Persons,41,DDW-0500B-01ST-Census.xls,01ST
B0301ST,05,068,District - Hardwar (13),Total,Age not stated,Marginal workers_Worked for 3 to 6 months_Total_Persons,0,DDW-0500B-01ST-Census.xls,01ST
B0301ST,05,068,District - Hardwar (13),Total,15-59,Marginal workers_Worked for 3 to 6 months_Total_Persons,379,DDW-0500B-01ST-Census.xls,01ST
B0301ST,05,068,District - Hardwar (13),Rural,Total,Marginal workers_Worked for 3 to 6 months_Total_Persons,368,DDW-0500B-01ST-Census.xls,01ST
B0301ST,05,068,District - Hardwar (13),Rural,5-14,Marginal workers_Worked for 3 to 6 months_Total_Persons,15,DDW-0500B-01ST-Census.xls,01ST
B0301ST,05,068,District - Hardwar (13),Rural,15-34,Marginal workers_Worked for 3 to 6 months_Total_Persons,192,DDW-0500B-01ST-Census.xls,01ST
B0301ST,05,068,District - Hardwar (13),Rural,35-59,Marginal workers_Worked for 3 to 6 months_Total_Persons,125,DDW-0500B-01ST-Census.xls,01ST
B0301ST,05,068,District - Hardwar (13),Rural,60+,Marginal workers_Worked for 3 to 6 months_Total_Persons,36,DDW-0500B-01ST-Census.xls,01ST
B0301ST,05,068,District - Hardwar (13),Rural,Age not stated,Marginal workers_Worked for 3 to 6 months_Total_Persons,0,DDW-0500B-01ST-Census.xls,01ST
B0301ST,05,068,District - Hardwar (13),Rural,15-59,Marginal workers_Worked for 3 to 6 months_Total_Persons,317,DDW-0500B-01ST-Census.xls,01ST
B0301ST,05,068,District - Hardwar (13),Urban,Total,Marginal workers_Worked for 3 to 6 months_Total_Persons,67,DDW-0500B-01ST-Census.xls,01ST
B0301ST,05,068,District - Hardwar (13),Urban,5-14,Marginal workers_Worked for 3 to 6 months_Total_Persons,0,DDW-0500B-01ST-Census.xls,01ST
B0301ST,05,068,District - Hardwar (13),Urban,15-34,Marginal workers_Worked for 3 to 6 months_Total_Persons,30,DDW-0500B-01ST-Census.xls,01ST
B0301ST,05,068,District - Hardwar (13),Urban,35-59,Marginal workers_Worked for 3 to 6 months_Total_Persons,32,DDW-0500B-01ST-Census.xls,01ST
B0301ST,05,068,District - Hardwar (13),Urban,60+,Marginal workers_Worked for 3 to 6 months_Total_Persons,5,DDW-0500B-01ST-Census.xls,01ST
B0301ST,05,068,District - Hardwar (13),Urban,Age not stated,Marginal workers_Worked for 3 to 6 months_Total_Persons,0,DDW-0500B-01ST-Census.xls,01ST
B0301ST,05,068,District - Hardwar (13),Urban,15-59,Marginal workers_Worked for 3 to 6 months_Total_Persons,62,DDW-0500B-01ST-Census.xls,01ST
B0301ST,05,000,State - UTTARAKHAND (05),Total,Total,Marginal workers_Worked for 3 to 6 months_Total_Males,13327,DDW-0500B-01ST-Census.xls,01ST
B0301ST,05,000,State - UTTARAKHAND (05),Total,5-14,Marginal workers_Worked for 3 to 6 months_Total_Males,682,DDW-0500B-01ST-Census.xls,01ST
B0301ST,05,000,State - UTTARAKHAND (05),Total,15-34,Marginal workers_Worked for 3 to 6 months_Total_Males,7136,DDW-0500B-01ST-Census.xls,01ST
B0301ST,05,000,State - UTTARAKHAND (05),Total,35-59,Marginal workers_Worked for 3 to 6 months_Total_Males,4079,DDW-0500B-01ST-Census.xls,01ST
B0301ST,05,000,State - UTTARAKHAND (05),Total,60+,Marginal workers_Worked for 3 to 6 months_Total_Males,1404,DDW-0500B-01ST-Census.xls,01ST
B0301ST,05,000,State - UTTARAKHAND (05),Total,Age not stated,Marginal workers_Worked for 3 to 6 months_Total_Males,26,DDW-0500B-01ST-Census.xls,01ST
B0301ST,05,000,State - UTTARAKHAND (05),Total,15-59,Marginal workers_Worked for 3 to 6 months_Total_Males,11215,DDW-0500B-01ST-Census.xls,01ST
B0301ST,05,000,State - UTTARAKHAND (05),Rural,Total,Marginal workers_Worked for 3 to 6 months_Total_Males,12723,DDW-0500B-01ST-Census.xls,01ST
B0301ST,05,000,State - UTTARAKHAND (05),Rural,5-14,Marginal workers_Worked for 3 to 6 months_Total_Males,658,DDW-0500B-01ST-Census.xls,01ST
B0301ST,05,000,State - UTTARAKHAND (05),Rural,15-34,Marginal workers_Worked for 3 to 6 months_Total_Males,6821,DDW-0500B-01ST-Census.xls,01ST
B0301ST,05,000,State - UTTARAKHAND (05),Rural,35-59,Marginal workers_Worked for 3 to 6 months_Total_Males,3870,DDW-0500B-01ST-Census.xls,01ST
B0301ST,05,000,State - UTTARAKHAND (05),Rural,60+,Marginal workers_Worked for 3 to 6 months_Total_Males,1349,DDW-0500B-01ST-Census.xls,01ST
B0301ST,05,000,State - UTTARAKHAND (05),Rural,Age not stated,Marginal workers_Worked for 3 to 6 months_Total_Males,25,DDW-0500B-01ST-Census.xls,01ST
B0301ST,05,000,State - UTTARAKHAND (05),Rural,15-59,Marginal workers_Worked for 3 to 6 months_Total_Males,10691,DDW-0500B-01ST-Census.xls,01ST
B0301ST,05,000,State - UTTARAKHAND (05),Urban,Total,Marginal workers_Worked for 3 to 6 months_Total_Males,604,DDW-0500B-01ST-Census.xls,01ST
B0301ST,05,000,State - UTTARAKHAND (05),Urban,5-14,Marginal workers_Worked for 3 to 6 months_Total_Males,24,DDW-0500B-01ST-Census.xls,01ST
B0301ST,05,000,State - UTTARAKHAND (05),Urban,15-34,Marginal workers_Worked for 3 to 6 months_Total_Males,315,DDW-0500B-01ST-Census.xls,01ST
B0301ST,05,000,State - UTTARAKHAND (05),Urban,35-59,Marginal workers_Worked for 3 to 6 months_Total_Males,209,DDW-0500B-01ST-Census.xls,01ST
B0301ST,05,000,State - UTTARAKHAND (05),Urban,60+,Marginal workers_Worked for 3 to 6 months_Total_Males,55,DDW-0500B-01ST-Census.xls,01ST
B0301ST,05,000,State - UTTARAKHAND (05),Urban,Age not stated,Marginal workers_Worked for 3 to 6 months_Total_Males,1,DDW-0500B-01ST-Census.xls,01ST
B0301ST,05,000,State - UTTARAKHAND (05),Urban,15-59,Marginal workers_Worked for 3 to 6 months_Total_Males,524,DDW-0500B-01ST-Census.xls,01ST
B0301ST,05,056,District - Uttarkashi (01),Total,Total,Marginal workers_Worked for 3 to 6 months_Total_Males,149,DDW-0500B-01ST-Census.xls,01ST
B0301ST,05,056,District - Uttarkashi (01),Total,5-14,Marginal workers_Worked for 3 to 6 months_Total_Males,1,DDW-0500B-01ST-Census.xls,01ST
B0301ST,05,056,District - Uttarkashi (01),Total,15-34,Marginal workers_Worked for 3 to 6 months_Total_Males,42,DDW-0500B-01ST-Census.xls,01ST
B0301ST,05,056,District - Uttarkashi (01),Total,35-59,Marginal workers_Worked for 3 to 6 months_Total_Males,76,DDW-0500B-01ST-Census.xls,01ST
B0301ST,05,056,District - Uttarkashi (01),Total,60+,Marginal workers_Worked for 3 to 6 months_Total_Males,30,DDW-0500B-01ST-Census.xls,01ST
B0301ST,05,056,District - Uttarkashi (01),Total,Age not stated,Marginal workers_Worked for 3 to 6 months_Total_Males,0,DDW-0500B-01ST-Census.xls,01ST
B0301ST,05,056,District - Uttarkashi (01),Total,15-59,Marginal workers_Worked for 3 to 6 months_Total_Males,118,DDW-0500B-01ST-Census.xls,01ST
B0301ST,05,056,District - Uttarkashi (01),Rural,Total,Marginal workers_Worked for 3 to 6 months_Total_Males,147,DDW-0500B-01ST-Census.xls,01ST
B0301ST,05,056,District - Uttarkashi (01),Rural,5-14,Marginal workers_Worked for 3 to 6 months_Total_Males,1,DDW-0500B-01ST-Census.xls,01ST
B0301ST,05,056,District - Uttarkashi (01),Rural,15-34,Marginal workers_Worked for 3 to 6 months_Total_Males,42,DDW-0500B-01ST-Census.xls,01ST
B0301ST,05,056,District - Uttarkashi (01),Rural,35-59,Marginal workers_Worked for 3 to 6 months_Total_Males,74,DDW-0500B-01ST-Census.xls,01ST
B0301ST,05,056,District - Uttarkashi (01),Rural,60+,Marginal workers_Worked for 3 to 6 months_Total_Males,30,DDW-0500B-01ST-Census.xls,01ST
B0301ST,05,056,District - Uttarkashi (01),Rural,Age not stated,Marginal workers_Worked for 3 to 6 months_Total_Males,0,DDW-0500B-01ST-Census.xls,01ST
B0301ST,05,056,District - Uttarkashi (01),Rural,15-59,Marginal workers_Worked for 3 to 6 months_Total_Males,116,DDW-0500B-01ST-Census.xls,01ST
B0301ST,05,056,District - Uttarkashi (01),Urban,Total,Marginal workers_Worked for 3 to 6 months_Total_Males,2,DDW-0500B-01ST-Census.xls,01ST
B0301ST,05,056,District - Uttarkashi (01),Urban,5-14,Marginal workers_Worked for 3 to 6 months_Total_Males,0,DDW-0500B-01ST-Census.xls,01ST
B0301ST,05,056,District - Uttarkashi (01),Urban,15-34,Marginal workers_Worked for 3 to 6 months_Total_Males,0,DDW-0500B-01ST-Census.xls,01ST
B0301ST,05,056,District - Uttarkashi (01),Urban,35-59,Marginal workers_Worked for 3 to 6 months_Total_Males,2,DDW-0500B-01ST-Census.xls,01ST
B0301ST,05,056,District - Uttarkashi (01),Urban,60+,Marginal workers_Worked for 3 to 6 months_Total_Males,0,DDW-0500B-01ST-Census.xls,01ST
B0301ST,05,056,District - Uttarkashi (01),Urban,Age not stated,Marginal workers_Worked for 3 to 6 months_Total_Males,0,DDW-0500B-01ST-Census.xls,01ST
B0301ST,05,056,District - Uttarkashi (01),Urban,15-59,Marginal workers_Worked for 3 to 6 months_Total_Males,2,DDW-0500B-01ST-Census.xls,01ST
B0301ST,05,057,District - Chamoli (02),Total,Total,Marginal workers_Worked for 3 to 6 months_Total_Males,1044,DDW-0500B-01ST-Census.xls,01ST
B0301ST,05,057,District - Chamoli (02),Total,5-14,Marginal workers_Worked for 3 to 6 months_Total_Males,31,DDW-0500B-01ST-Census.xls,01ST
B0301ST,05,057,District - Chamoli (02),Total,15-34,Marginal workers_Worked for 3 to 6 months_Total_Males,444,DDW-0500B-01ST-Census.xls,01ST
B0301ST,05,057,District - Chamoli (02),Total,35-59,Marginal workers_Worked for 3 to 6 months_Total_Males,385,DDW-0500B-01ST-Census.xls,01ST
B0301ST,05,057,District - Chamoli (02),Total,60+,Marginal workers_Worked for 3 to 6 months_Total_Males,183,DDW-0500B-01ST-Census.xls,01ST
B0301ST,05,057,District - Chamoli (02),Total,Age not stated,Marginal workers_Worked for 3 to 6 months_Total_Males,1,DDW-0500B-01ST-Census.xls,01ST
B0301ST,05,057,District - Chamoli (02),Total,15-59,Marginal workers_Worked for 3 to 6 months_Total_Males,829,DDW-0500B-01ST-Census.xls,01ST
B0301ST,05,057,District - Chamoli (02),Rural,Total,Marginal workers_Worked for 3 to 6 months_Total_Males,991,DDW-0500B-01ST-Census.xls,01ST
B0301ST,05,057,District - Chamoli (02),Rural,5-14,Marginal workers_Worked for 3 to 6 months_Total_Males,29,DDW-0500B-01ST-Census.xls,01ST
B0301ST,05,057,District - Chamoli (02),Rural,15-34,Marginal workers_Worked for 3 to 6 months_Total_Males,421,DDW-0500B-01ST-Census.xls,01ST
B0301ST,05,057,District - Chamoli (02),Rural,35-59,Marginal workers_Worked for 3 to 6 months_Total_Males,360,DDW-0500B-01ST-Census.xls,01ST
B0301ST,05,057,District - Chamoli (02),Rural,60+,Marginal workers_Worked for 3 to 6 months_Total_Males,180,DDW-0500B-01ST-Census.xls,01ST
B0301ST,05,057,District - Chamoli (02),Rural,Age not stated,Marginal workers_Worked for 3 to 6 months_Total_Males,1,DDW-0500B-01ST-Census.xls,01ST
B0301ST,05,057,District - Chamoli (02),Rural,15-59,Marginal workers_Worked for 3 to 6 months_Total_Males,781,DDW-0500B-01ST-Census.xls,01ST
B0301ST,05,057,District - Chamoli (02),Urban,Total,Marginal workers_Worked for 3 to 6 months_Total_Males,53,DDW-0500B-01ST-Census.xls,01ST
B0301ST,05,057,District - Chamoli (02),Urban,5-14,Marginal workers_Worked for 3 to 6 months_Total_Males,2,DDW-0500B-01ST-Census.xls,01ST
B0301ST,05,057,District - Chamoli (02),Urban,15-34,Marginal workers_Worked for 3 to 6 months_Total_Males,23,DDW-0500B-01ST-Census.xls,01ST
B0301ST,05,057,District - Chamoli (02),Urban,35-59,Marginal workers_Worked for 3 to 6 months_Total_Males,25,DDW-0500B-01ST-Census.xls,01ST
B0301ST,05,057,District - Chamoli (02),Urban,60+,Marginal workers_Worked for 3 to 6 months_Total_Males,3,DDW-0500B-01ST-Census.xls,01ST
B0301ST,05,057,District - Chamoli (02),Urban,Age not stated,Marginal workers_Worked for 3 to 6 months_Total_Males,0,DDW-0500B-01ST-Census.xls,01ST
B0301ST,05,057,District - Chamoli (02),Urban,15-59,Marginal workers_Worked for 3 to 6 months_Total_Males,48,DDW-0500B-01ST-Census.xls,01ST
B0301ST,05,058,District - Rudraprayag (03),Total,Total,Marginal workers_Worked for 3 to 6 months_Total_Males,28,DDW-0500B-01ST-Census.xls,01ST
B0301ST,05,058,District - Rudraprayag (03),Total,5-14,Marginal workers_Worked for 3 to 6 months_Total_Males,3,DDW-0500B-01ST-Census.xls,01ST
B0301ST,05,058,District - Rudraprayag (03),Total,15-34,Marginal workers_Worked for 3 to 6 months_Total_Males,12,DDW-0500B-01ST-Census.xls,01ST
B0301ST,05,058,District - Rudraprayag (03),Total,35-59,Marginal workers_Worked for 3 to 6 months_Total_Males,8,DDW-0500B-01ST-Census.xls,01ST
B0301ST,05,058,District - Rudraprayag (03),Total,60+,Marginal workers_Worked for 3 to 6 months_Total_Males,5,DDW-0500B-01ST-Census.xls,01ST
B0301ST,05,058,District - Rudraprayag (03),Total,Age not stated,Marginal workers_Worked for 3 to 6 months_Total_Males,0,DDW-0500B-01ST-Census.xls,01ST
B0301ST,05,058,District - Rudraprayag (03),Total,15-59,Marginal workers_Worked for 3 to 6 months_Total_Males,20,DDW-0500B-01ST-Census.xls,01ST
B0301ST,05,058,District - Rudraprayag (03),Rural,Total,Marginal workers_Worked for 3 to 6 months_Total_Males,13,DDW-0500B-01ST-Census.xls,01ST
B0301ST,05,058,District - Rudraprayag (03),Rural,5-14,Marginal workers_Worked for 3 to 6 months_Total_Males,2,DDW-0500B-01ST-Census.xls,01ST
B0301ST,05,058,District - Rudraprayag (03),Rural,15-34,Marginal workers_Worked for 3 to 6 months_Total_Males,6,DDW-0500B-01ST-Census.xls,01ST
B0301ST,05,058,District - Rudraprayag (03),Rural,35-59,Marginal workers_Worked for 3 to 6 months_Total_Males,3,DDW-0500B-01ST-Census.xls,01ST
B0301ST,05,058,District - Rudraprayag (03),Rural,60+,Marginal workers_Worked for 3 to 6 months_Total_Males,2,DDW-0500B-01ST-Census.xls,01ST
B0301ST,05,058,District - Rudraprayag (03),Rural,Age not stated,Marginal workers_Worked for 3 to 6 months_Total_Males,0,DDW-0500B-01ST-Census.xls,01ST
B0301ST,05,058,District - Rudraprayag (03),Rural,15-59,Marginal workers_Worked for 3 to 6 months_Total_Males,9,DDW-0500B-01ST-Census.xls,01ST
B0301ST,05,058,District - Rudraprayag (03),Urban,Total,Marginal workers_Worked for 3 to 6 months_Total_Males,15,DDW-0500B-01ST-Census.xls,01ST
B0301ST,05,058,District - Rudraprayag (03),Urban,5-14,Marginal workers_Worked for 3 to 6 months_Total_Males,1,DDW-0500B-01ST-Census.xls,01ST
B0301ST,05,058,District - Rudraprayag (03),Urban,15-34,Marginal workers_Worked for 3 to 6 months_Total_Males,6,DDW-0500B-01ST-Census.xls,01ST
B0301ST,05,058,District - Rudraprayag (03),Urban,35-59,Marginal workers_Worked for 3 to 6 months_Total_Males,5,DDW-0500B-01ST-Census.xls,01ST
B0301ST,05,058,District - Rudraprayag (03),Urban,60+,Marginal workers_Worked for 3 to 6 months_Total_Males,3,DDW-0500B-01ST-Census.xls,01ST
B0301ST,05,058,District - Rudraprayag (03),Urban,Age not stated,Marginal workers_Worked for 3 to 6 months_Total_Males,0,DDW-0500B-01ST-Census.xls,01ST
B0301ST,05,058,District - Rudraprayag (03),Urban,15-59,Marginal workers_Worked for 3 to 6 months_Total_Males,11,DDW-0500B-01ST-Census.xls,01ST
B0301ST,05,059,District - Tehri Garhwal (04),Total,Total,Marginal workers_Worked for 3 to 6 months_Total_Males,23,DDW-0500B-01ST-Census.xls,01ST
B0301ST,05,059,District - Tehri Garhwal (04),Total,5-14,Marginal workers_Worked for 3 to 6 months_Total_Males,2,DDW-0500B-01ST-Census.xls,01ST
B0301ST,05,059,District - Tehri Garhwal (04),Total,15-34,Marginal workers_Worked for 3 to 6 months_Total_Males,14,DDW-0500B-01ST-Census.xls,01ST
B0301ST,05,059,District - Tehri Garhwal (04),Total,35-59,Marginal workers_Worked for 3 to 6 months_Total_Males,5,DDW-0500B-01ST-Census.xls,01ST
B0301ST,05,059,District - Tehri Garhwal (04),Total,60+,Marginal workers_Worked for 3 to 6 months_Total_Males,2,DDW-0500B-01ST-Census.xls,01ST
B0301ST,05,059,District - Tehri Garhwal (04),Total,Age not stated,Marginal workers_Worked for 3 to 6 months_Total_Males,0,DDW-0500B-01ST-Census.xls,01ST
B0301ST,05,059,District - Tehri Garhwal (04),Total,15-59,Marginal workers_Worked for 3 to 6 months_Total_Males,19,DDW-0500B-01ST-Census.xls,01ST
B0301ST,05,059,District - Tehri Garhwal (04),Rural,Total,Marginal workers_Worked for 3 to 6 months_Total_Males,21,DDW-0500B-01ST-Census.xls,01ST
B0301ST,05,059,District - Tehri Garhwal (04),Rural,5-14,Marginal workers_Worked for 3 to 6 months_Total_Males,1,DDW-0500B-01ST-Census.xls,01ST
B0301ST,05,059,District - Tehri Garhwal (04),Rural,15-34,Marginal workers_Worked for 3 to 6 months_Total_Males,13,DDW-0500B-01ST-Census.xls,01ST
B0301ST,05,059,District - Tehri Garhwal (04),Rural,35-59,Marginal workers_Worked for 3 to 6 months_Total_Males,5,DDW-0500B-01ST-Census.xls,01ST
B0301ST,05,059,District - Tehri Garhwal (04),Rural,60+,Marginal workers_Worked for 3 to 6 months_Total_Males,2,DDW-0500B-01ST-Census.xls,01ST
B0301ST,05,059,District - Tehri Garhwal (04),Rural,Age not stated,Marginal workers_Worked for 3 to 6 months_Total_Males,0,DDW-0500B-01ST-Census.xls,01ST
B0301ST,05,059,District - Tehri Garhwal (04),Rural,15-59,Marginal workers_Worked for 3 to 6 months_Total_Males,18,DDW-0500B-01ST-Census.xls,01ST
B0301ST,05,059,District - Tehri Garhwal (04),Urban,Total,Marginal workers_Worked for 3 to 6 months_Total_Males,2,DDW-0500B-01ST-Census.xls,01ST
B0301ST,05,059,District - Tehri Garhwal (04),Urban,5-14,Marginal workers_Worked for 3 to 6 months_Total_Males,1,DDW-0500B-01ST-Census.xls,01ST
B0301ST,05,059,District - Tehri Garhwal (04),Urban,15-34,Marginal workers_Worked for 3 to 6 months_Total_Males,1,DDW-0500B-01ST-Census.xls,01ST
B0301ST,05,059,District - Tehri Garhwal (04),Urban,35-59,Marginal workers_Worked for 3 to 6 months_Total_Males,0,DDW-0500B-01ST-Census.xls,01ST
B0301ST,05,059,District - Tehri Garhwal (04),Urban,60+,Marginal workers_Worked for 3 to 6 months_Total_Males,0,DDW-0500B-01ST-Census.xls,01ST
B0301ST,05,059,District - Tehri Garhwal (04),Urban,Age not stated,Marginal workers_Worked for 3 to 6 months_Total_Males,0,DDW-0500B-01ST-Census.xls,01ST
B0301ST,05,059,District - Tehri Garhwal (04),Urban,15-59,Marginal workers_Worked for 3 to 6 months_Total_Males,1,DDW-0500B-01ST-Census.xls,01ST
B0301ST,05,060,District - Dehradun (05),Total,Total,Marginal workers_Worked for 3 to 6 months_Total_Males,4377,DDW-0500B-01ST-Census.xls,01ST
B0301ST,05,060,District - Dehradun (05),Total,5-14,Marginal workers_Worked for 3 to 6 months_Total_Males,392,DDW-0500B-01ST-Census.xls,01ST
B0301ST,05,060,District - Dehradun (05),Total,15-34,Marginal workers_Worked for 3 to 6 months_Total_Males,2226,DDW-0500B-01ST-Census.xls,01ST
B0301ST,05,060,District - Dehradun (05),Total,35-59,Marginal workers_Worked for 3 to 6 months_Total_Males,1237,DDW-0500B-01ST-Census.xls,01ST
B0301ST,05,060,District - Dehradun (05),Total,60+,Marginal workers_Worked for 3 to 6 months_Total_Males,510,DDW-0500B-01ST-Census.xls,01ST
B0301ST,05,060,District - Dehradun (05),Total,Age not stated,Marginal workers_Worked for 3 to 6 months_Total_Males,12,DDW-0500B-01ST-Census.xls,01ST
B0301ST,05,060,District - Dehradun (05),Total,15-59,Marginal workers_Worked for 3 to 6 months_Total_Males,3463,DDW-0500B-01ST-Census.xls,01ST
B0301ST,05,060,District - Dehradun (05),Rural,Total,Marginal workers_Worked for 3 to 6 months_Total_Males,4148,DDW-0500B-01ST-Census.xls,01ST
B0301ST,05,060,District - Dehradun (05),Rural,5-14,Marginal workers_Worked for 3 to 6 months_Total_Males,381,DDW-0500B-01ST-Census.xls,01ST
B0301ST,05,060,District - Dehradun (05),Rural,15-34,Marginal workers_Worked for 3 to 6 months_Total_Males,2105,DDW-0500B-01ST-Census.xls,01ST
B0301ST,05,060,District - Dehradun (05),Rural,35-59,Marginal workers_Worked for 3 to 6 months_Total_Males,1162,DDW-0500B-01ST-Census.xls,01ST
B0301ST,05,060,District - Dehradun (05),Rural,60+,Marginal workers_Worked for 3 to 6 months_Total_Males,489,DDW-0500B-01ST-Census.xls,01ST
B0301ST,05,060,District - Dehradun (05),Rural,Age not stated,Marginal workers_Worked for 3 to 6 months_Total_Males,11,DDW-0500B-01ST-Census.xls,01ST
B0301ST,05,060,District - Dehradun (05),Rural,15-59,Marginal workers_Worked for 3 to 6 months_Total_Males,3267,DDW-0500B-01ST-Census.xls,01ST
B0301ST,05,060,District - Dehradun (05),Urban,Total,Marginal workers_Worked for 3 to 6 months_Total_Males,229,DDW-0500B-01ST-Census.xls,01ST
B0301ST,05,060,District - Dehradun (05),Urban,5-14,Marginal workers_Worked for 3 to 6 months_Total_Males,11,DDW-0500B-01ST-Census.xls,01ST
B0301ST,05,060,District - Dehradun (05),Urban,15-34,Marginal workers_Worked for 3 to 6 months_Total_Males,121,DDW-0500B-01ST-Census.xls,01ST
B0301ST,05,060,District - Dehradun (05),Urban,35-59,Marginal workers_Worked for 3 to 6 months_Total_Males,75,DDW-0500B-01ST-Census.xls,01ST
B0301ST,05,060,District - Dehradun (05),Urban,60+,Marginal workers_Worked for 3 to 6 months_Total_Males,21,DDW-0500B-01ST-Census.xls,01ST
B0301ST,05,060,District - Dehradun (05),Urban,Age not stated,Marginal workers_Worked for 3 to 6 months_Total_Males,1,DDW-0500B-01ST-Census.xls,01ST
B0301ST,05,060,District - Dehradun (05),Urban,15-59,Marginal workers_Worked for 3 to 6 months_Total_Males,196,DDW-0500B-01ST-Census.xls,01ST
B0301ST,05,061,District - Garhwal (06),Total,Total,Marginal workers_Worked for 3 to 6 months_Total_Males,129,DDW-0500B-01ST-Census.xls,01ST
B0301ST,05,061,District - Garhwal (06),Total,5-14,Marginal workers_Worked for 3 to 6 months_Total_Males,0,DDW-0500B-01ST-Census.xls,01ST
B0301ST,05,061,District - Garhwal (06),Total,15-34,Marginal workers_Worked for 3 to 6 months_Total_Males,60,DDW-0500B-01ST-Census.xls,01ST
B0301ST,05,061,District - Garhwal (06),Total,35-59,Marginal workers_Worked for 3 to 6 months_Total_Males,53,DDW-0500B-01ST-Census.xls,01ST
B0301ST,05,061,District - Garhwal (06),Total,60+,Marginal workers_Worked for 3 to 6 months_Total_Males,16,DDW-0500B-01ST-Census.xls,01ST
B0301ST,05,061,District - Garhwal (06),Total,Age not stated,Marginal workers_Worked for 3 to 6 months_Total_Males,0,DDW-0500B-01ST-Census.xls,01ST
B0301ST,05,061,District - Garhwal (06),Total,15-59,Marginal workers_Worked for 3 to 6 months_Total_Males,113,DDW-0500B-01ST-Census.xls,01ST
B0301ST,05,061,District - Garhwal (06),Rural,Total,Marginal workers_Worked for 3 to 6 months_Total_Males,127,DDW-0500B-01ST-Census.xls,01ST
B0301ST,05,061,District - Garhwal (06),Rural,5-14,Marginal workers_Worked for 3 to 6 months_Total_Males,0,DDW-0500B-01ST-Census.xls,01ST
B0301ST,05,061,District - Garhwal (06),Rural,15-34,Marginal workers_Worked for 3 to 6 months_Total_Males,58,DDW-0500B-01ST-Census.xls,01ST
B0301ST,05,061,District - Garhwal (06),Rural,35-59,Marginal workers_Worked for 3 to 6 months_Total_Males,53,DDW-0500B-01ST-Census.xls,01ST
B0301ST,05,061,District - Garhwal (06),Rural,60+,Marginal workers_Worked for 3 to 6 months_Total_Males,16,DDW-0500B-01ST-Census.xls,01ST
B0301ST,05,061,District - Garhwal (06),Rural,Age not stated,Marginal workers_Worked for 3 to 6 months_Total_Males,0,DDW-0500B-01ST-Census.xls,01ST
B0301ST,05,061,District - Garhwal (06),Rural,15-59,Marginal workers_Worked for 3 to 6 months_Total_Males,111,DDW-0500B-01ST-Census.xls,01ST
B0301ST,05,061,District - Garhwal (06),Urban,Total,Marginal workers_Worked for 3 to 6 months_Total_Males,2,DDW-0500B-01ST-Census.xls,01ST
B0301ST,05,061,District - Garhwal (06),Urban,5-14,Marginal workers_Worked for 3 to 6 months_Total_Males,0,DDW-0500B-01ST-Census.xls,01ST
B0301ST,05,061,District - Garhwal (06),Urban,15-34,Marginal workers_Worked for 3 to 6 months_Total_Males,2,DDW-0500B-01ST-Census.xls,01ST
B0301ST,05,061,District - Garhwal (06),Urban,35-59,Marginal workers_Worked for 3 to 6 months_Total_Males,0,DDW-0500B-01ST-Census.xls,01ST
B0301ST,05,061,District - Garhwal (06),Urban,60+,Marginal workers_Worked for 3 to 6 months_Total_Males,0,DDW-0500B-01ST-Census.xls,01ST
B0301ST,05,061,District - Garhwal (06),Urban,Age not stated,Marginal workers_Worked for 3 to 6 months_Total_Males,0,DDW-0500B-01ST-Census.xls,01ST
B0301ST,05,061,District - Garhwal (06),Urban,15-59,Marginal workers_Worked for 3 to 6 months_Total_Males,2,DDW-0500B-01ST-Census.xls,01ST
B0301ST,05,062,District - Pithoragarh (07),Total,Total,Marginal workers_Worked for 3 to 6 months_Total_Males,851,DDW-0500B-01ST-Census.xls,01ST
B0301ST,05,062,District - Pithoragarh (07),Total,5-14,Marginal workers_Worked for 3 to 6 months_Total_Males,26,DDW-0500B-01ST-Census.xls,01ST
B0301ST,05,062,District - Pithoragarh (07),Total,15-34,Marginal workers_Worked for 3 to 6 months_Total_Males,403,DDW-0500B-01ST-Census.xls,01ST
B0301ST,05,062,District - Pithoragarh (07),Total,35-59,Marginal workers_Worked for 3 to 6 months_Total_Males,287,DDW-0500B-01ST-Census.xls,01ST
B0301ST,05,062,District - Pithoragarh (07),Total,60+,Marginal workers_Worked for 3 to 6 months_Total_Males,132,DDW-0500B-01ST-Census.xls,01ST
B0301ST,05,062,District - Pithoragarh (07),Total,Age not stated,Marginal workers_Worked for 3 to 6 months_Total_Males,3,DDW-0500B-01ST-Census.xls,01ST
B0301ST,05,062,District - Pithoragarh (07),Total,15-59,Marginal workers_Worked for 3 to 6 months_Total_Males,690,DDW-0500B-01ST-Census.xls,01ST
B0301ST,05,062,District - Pithoragarh (07),Rural,Total,Marginal workers_Worked for 3 to 6 months_Total_Males,776,DDW-0500B-01ST-Census.xls,01ST
B0301ST,05,062,District - Pithoragarh (07),Rural,5-14,Marginal workers_Worked for 3 to 6 months_Total_Males,26,DDW-0500B-01ST-Census.xls,01ST
B0301ST,05,062,District - Pithoragarh (07),Rural,15-34,Marginal workers_Worked for 3 to 6 months_Total_Males,378,DDW-0500B-01ST-Census.xls,01ST
B0301ST,05,062,District - Pithoragarh (07),Rural,35-59,Marginal workers_Worked for 3 to 6 months_Total_Males,252,DDW-0500B-01ST-Census.xls,01ST
B0301ST,05,062,District - Pithoragarh (07),Rural,60+,Marginal workers_Worked for 3 to 6 months_Total_Males,117,DDW-0500B-01ST-Census.xls,01ST
B0301ST,05,062,District - Pithoragarh (07),Rural,Age not stated,Marginal workers_Worked for 3 to 6 months_Total_Males,3,DDW-0500B-01ST-Census.xls,01ST
B0301ST,05,062,District - Pithoragarh (07),Rural,15-59,Marginal workers_Worked for 3 to 6 months_Total_Males,630,DDW-0500B-01ST-Census.xls,01ST
B0301ST,05,062,District - Pithoragarh (07),Urban,Total,Marginal workers_Worked for 3 to 6 months_Total_Males,75,DDW-0500B-01ST-Census.xls,01ST
B0301ST,05,062,District - Pithoragarh (07),Urban,5-14,Marginal workers_Worked for 3 to 6 months_Total_Males,0,DDW-0500B-01ST-Census.xls,01ST
B0301ST,05,062,District - Pithoragarh (07),Urban,15-34,Marginal workers_Worked for 3 to 6 months_Total_Males,25,DDW-0500B-01ST-Census.xls,01ST
B0301ST,05,062,District - Pithoragarh (07),Urban,35-59,Marginal workers_Worked for 3 to 6 months_Total_Males,35,DDW-0500B-01ST-Census.xls,01ST
B0301ST,05,062,District - Pithoragarh (07),Urban,60+,Marginal workers_Worked for 3 to 6 months_Total_Males,15,DDW-0500B-01ST-Census.xls,01ST
B0301ST,05,062,District - Pithoragarh (07),Urban,Age not stated,Marginal workers_Worked for 3 to 6 months_Total_Males,0,DDW-0500B-01ST-Census.xls,01ST
B0301ST,05,062,District - Pithoragarh (07),Urban,15-59,Marginal workers_Worked for 3 to 6 months_Total_Males,60,DDW-0500B-01ST-Census.xls,01ST
B0301ST,05,063,District - Bageshwar (08),Total,Total,Marginal workers_Worked for 3 to 6 months_Total_Males,108,DDW-0500B-01ST-Census.xls,01ST
B0301ST,05,063,District - Bageshwar (08),Total,5-14,Marginal workers_Worked for 3 to 6 months_Total_Males,1,DDW-0500B-01ST-Census.xls,01ST
B0301ST,05,063,District - Bageshwar (08),Total,15-34,Marginal workers_Worked for 3 to 6 months_Total_Males,52,DDW-0500B-01ST-Census.xls,01ST
B0301ST,05,063,District - Bageshwar (08),Total,35-59,Marginal workers_Worked for 3 to 6 months_Total_Males,37,DDW-0500B-01ST-Census.xls,01ST
B0301ST,05,063,District - Bageshwar (08),Total,60+,Marginal workers_Worked for 3 to 6 months_Total_Males,18,DDW-0500B-01ST-Census.xls,01ST
B0301ST,05,063,District - Bageshwar (08),Total,Age not stated,Marginal workers_Worked for 3 to 6 months_Total_Males,0,DDW-0500B-01ST-Census.xls,01ST
B0301ST,05,063,District - Bageshwar (08),Total,15-59,Marginal workers_Worked for 3 to 6 months_Total_Males,89,DDW-0500B-01ST-Census.xls,01ST
B0301ST,05,063,District - Bageshwar (08),Rural,Total,Marginal workers_Worked for 3 to 6 months_Total_Males,107,DDW-0500B-01ST-Census.xls,01ST
B0301ST,05,063,District - Bageshwar (08),Rural,5-14,Marginal workers_Worked for 3 to 6 months_Total_Males,1,DDW-0500B-01ST-Census.xls,01ST
B0301ST,05,063,District - Bageshwar (08),Rural,15-34,Marginal workers_Worked for 3 to 6 months_Total_Males,52,DDW-0500B-01ST-Census.xls,01ST
B0301ST,05,063,District - Bageshwar (08),Rural,35-59,Marginal workers_Worked for 3 to 6 months_Total_Males,36,DDW-0500B-01ST-Census.xls,01ST
B0301ST,05,063,District - Bageshwar (08),Rural,60+,Marginal workers_Worked for 3 to 6 months_Total_Males,18,DDW-0500B-01ST-Census.xls,01ST
B0301ST,05,063,District - Bageshwar (08),Rural,Age not stated,Marginal workers_Worked for 3 to 6 months_Total_Males,0,DDW-0500B-01ST-Census.xls,01ST
B0301ST,05,063,District - Bageshwar (08),Rural,15-59,Marginal workers_Worked for 3 to 6 months_Total_Males,88,DDW-0500B-01ST-Census.xls,01ST
B0301ST,05,063,District - Bageshwar (08),Urban,Total,Marginal workers_Worked for 3 to 6 months_Total_Males,1,DDW-0500B-01ST-Census.xls,01ST
B0301ST,05,063,District - Bageshwar (08),Urban,5-14,Marginal workers_Worked for 3 to 6 months_Total_Males,0,DDW-0500B-01ST-Census.xls,01ST
B0301ST,05,063,District - Bageshwar (08),Urban,15-34,Marginal workers_Worked for 3 to 6 months_Total_Males,0,DDW-0500B-01ST-Census.xls,01ST
B0301ST,05,063,District - Bageshwar (08),Urban,35-59,Marginal workers_Worked for 3 to 6 months_Total_Males,1,DDW-0500B-01ST-Census.xls,01ST
B0301ST,05,063,District - Bageshwar (08),Urban,60+,Marginal workers_Worked for 3 to 6 months_Total_Males,0,DDW-0500B-01ST-Census.xls,01ST
B0301ST,05,063,District - Bageshwar (08),Urban,Age not stated,Marginal workers_Worked for 3 to 6 months_Total_Males,0,DDW-0500B-01ST-Census.xls,01ST
B0301ST,05,063,District - Bageshwar (08),Urban,15-59,Marginal workers_Worked for 3 to 6 months_Total_Males,1,DDW-0500B-01ST-Census.xls,01ST
B0301ST,05,064,"District - Almora
 (09)",Total,Total,Marginal workers_Worked for 3 to 6 months_Total_Males,19,DDW-0500B-01ST-Census.xls,01ST
B0301ST,05,064,"District - Almora
 (09)",Total,5-14,Marginal workers_Worked for 3 to 6 months_Total_Males,0,DDW-0500B-01ST-Census.xls,01ST
B0301ST,05,064,"District - Almora
 (09)",Total,15-34,Marginal workers_Worked for 3 to 6 months_Total_Males,13,DDW-0500B-01ST-Census.xls,01ST
B0301ST,05,064,"District - Almora
 (09)",Total,35-59,Marginal workers_Worked for 3 to 6 months_Total_Males,4,DDW-0500B-01ST-Census.xls,01ST
B0301ST,05,064,"District - Almora
 (09)",Total,60+,Marginal workers_Worked for 3 to 6 months_Total_Males,2,DDW-0500B-01ST-Census.xls,01ST
B0301ST,05,064,"District - Almora
 (09)",Total,Age not stated,Marginal workers_Worked for 3 to 6 months_Total_Males,0,DDW-0500B-01ST-Census.xls,01ST
B0301ST,05,064,"District - Almora
 (09)",Total,15-59,Marginal workers_Worked for 3 to 6 months_Total_Males,17,DDW-0500B-01ST-Census.xls,01ST
B0301ST,05,064,"District - Almora
 (09)",Rural,Total,Marginal workers_Worked for 3 to 6 months_Total_Males,17,DDW-0500B-01ST-Census.xls,01ST
B0301ST,05,064,"District - Almora
 (09)",Rural,5-14,Marginal workers_Worked for 3 to 6 months_Total_Males,0,DDW-0500B-01ST-Census.xls,01ST
B0301ST,05,064,"District - Almora
 (09)",Rural,15-34,Marginal workers_Worked for 3 to 6 months_Total_Males,12,DDW-0500B-01ST-Census.xls,01ST
B0301ST,05,064,"District - Almora
 (09)",Rural,35-59,Marginal workers_Worked for 3 to 6 months_Total_Males,3,DDW-0500B-01ST-Census.xls,01ST
B0301ST,05,064,"District - Almora
 (09)",Rural,60+,Marginal workers_Worked for 3 to 6 months_Total_Males,2,DDW-0500B-01ST-Census.xls,01ST
B0301ST,05,064,"District - Almora
 (09)",Rural,Age not stated,Marginal workers_Worked for 3 to 6 months_Total_Males,0,DDW-0500B-01ST-Census.xls,01ST
B0301ST,05,064,"District - Almora
 (09)",Rural,15-59,Marginal workers_Worked for 3 to 6 months_Total_Males,15,DDW-0500B-01ST-Census.xls,01ST
B0301ST,05,064,"District - Almora
 (09)",Urban,Total,Marginal workers_Worked for 3 to 6 months_Total_Males,2,DDW-0500B-01ST-Census.xls,01ST
B0301ST,05,064,"District - Almora
 (09)",Urban,5-14,Marginal workers_Worked for 3 to 6 months_Total_Males,0,DDW-0500B-01ST-Census.xls,01ST
B0301ST,05,064,"District - Almora
 (09)",Urban,15-34,Marginal workers_Worked for 3 to 6 months_Total_Males,1,DDW-0500B-01ST-Census.xls,01ST
B0301ST,05,064,"District - Almora
 (09)",Urban,35-59,Marginal workers_Worked for 3 to 6 months_Total_Males,1,DDW-0500B-01ST-Census.xls,01ST
B0301ST,05,064,"District - Almora
 (09)",Urban,60+,Marginal workers_Worked for 3 to 6 months_Total_Males,0,DDW-0500B-01ST-Census.xls,01ST
B0301ST,05,064,"District - Almora
 (09)",Urban,Age not stated,Marginal workers_Worked for 3 to 6 months_Total_Males,0,DDW-0500B-01ST-Census.xls,01ST
B0301ST,05,064,"District - Almora
 (09)",Urban,15-59,Marginal workers_Worked for 3 to 6 months_Total_Males,2,DDW-0500B-01ST-Census.xls,01ST
B0301ST,05,065,District - Champawat (10),Total,Total,Marginal workers_Worked for 3 to 6 months_Total_Males,29,DDW-0500B-01ST-Census.xls,01ST
B0301ST,05,065,District - Champawat (10),Total,5-14,Marginal workers_Worked for 3 to 6 months_Total_Males,0,DDW-0500B-01ST-Census.xls,01ST
B0301ST,05,065,District - Champawat (10),Total,15-34,Marginal workers_Worked for 3 to 6 months_Total_Males,13,DDW-0500B-01ST-Census.xls,01ST
B0301ST,05,065,District - Champawat (10),Total,35-59,Marginal workers_Worked for 3 to 6 months_Total_Males,14,DDW-0500B-01ST-Census.xls,01ST
B0301ST,05,065,District - Champawat (10),Total,60+,Marginal workers_Worked for 3 to 6 months_Total_Males,2,DDW-0500B-01ST-Census.xls,01ST
B0301ST,05,065,District - Champawat (10),Total,Age not stated,Marginal workers_Worked for 3 to 6 months_Total_Males,0,DDW-0500B-01ST-Census.xls,01ST
B0301ST,05,065,District - Champawat (10),Total,15-59,Marginal workers_Worked for 3 to 6 months_Total_Males,27,DDW-0500B-01ST-Census.xls,01ST
B0301ST,05,065,District - Champawat (10),Rural,Total,Marginal workers_Worked for 3 to 6 months_Total_Males,27,DDW-0500B-01ST-Census.xls,01ST
B0301ST,05,065,District - Champawat (10),Rural,5-14,Marginal workers_Worked for 3 to 6 months_Total_Males,0,DDW-0500B-01ST-Census.xls,01ST
B0301ST,05,065,District - Champawat (10),Rural,15-34,Marginal workers_Worked for 3 to 6 months_Total_Males,12,DDW-0500B-01ST-Census.xls,01ST
B0301ST,05,065,District - Champawat (10),Rural,35-59,Marginal workers_Worked for 3 to 6 months_Total_Males,13,DDW-0500B-01ST-Census.xls,01ST
B0301ST,05,065,District - Champawat (10),Rural,60+,Marginal workers_Worked for 3 to 6 months_Total_Males,2,DDW-0500B-01ST-Census.xls,01ST
B0301ST,05,065,District - Champawat (10),Rural,Age not stated,Marginal workers_Worked for 3 to 6 months_Total_Males,0,DDW-0500B-01ST-Census.xls,01ST
B0301ST,05,065,District - Champawat (10),Rural,15-59,Marginal workers_Worked for 3 to 6 months_Total_Males,25,DDW-0500B-01ST-Census.xls,01ST
B0301ST,05,065,District - Champawat (10),Urban,Total,Marginal workers_Worked for 3 to 6 months_Total_Males,2,DDW-0500B-01ST-Census.xls,01ST
B0301ST,05,065,District - Champawat (10),Urban,5-14,Marginal workers_Worked for 3 to 6 months_Total_Males,0,DDW-0500B-01ST-Census.xls,01ST
B0301ST,05,065,District - Champawat (10),Urban,15-34,Marginal workers_Worked for 3 to 6 months_Total_Males,1,DDW-0500B-01ST-Census.xls,01ST
B0301ST,05,065,District - Champawat (10),Urban,35-59,Marginal workers_Worked for 3 to 6 months_Total_Males,1,DDW-0500B-01ST-Census.xls,01ST
B0301ST,05,065,District - Champawat (10),Urban,60+,Marginal workers_Worked for 3 to 6 months_Total_Males,0,DDW-0500B-01ST-Census.xls,01ST
B0301ST,05,065,District - Champawat (10),Urban,Age not stated,Marginal workers_Worked for 3 to 6 months_Total_Males,0,DDW-0500B-01ST-Census.xls,01ST
B0301ST,05,065,District - Champawat (10),Urban,15-59,Marginal workers_Worked for 3 to 6 months_Total_Males,2,DDW-0500B-01ST-Census.xls,01ST
B0301ST,05,066,District - Nainital (11),Total,Total,Marginal workers_Worked for 3 to 6 months_Total_Males,222,DDW-0500B-01ST-Census.xls,01ST
B0301ST,05,066,District - Nainital (11),Total,5-14,Marginal workers_Worked for 3 to 6 months_Total_Males,7,DDW-0500B-01ST-Census.xls,01ST
B0301ST,05,066,District - Nainital (11),Total,15-34,Marginal workers_Worked for 3 to 6 months_Total_Males,130,DDW-0500B-01ST-Census.xls,01ST
B0301ST,05,066,District - Nainital (11),Total,35-59,Marginal workers_Worked for 3 to 6 months_Total_Males,68,DDW-0500B-01ST-Census.xls,01ST
B0301ST,05,066,District - Nainital (11),Total,60+,Marginal workers_Worked for 3 to 6 months_Total_Males,14,DDW-0500B-01ST-Census.xls,01ST
B0301ST,05,066,District - Nainital (11),Total,Age not stated,Marginal workers_Worked for 3 to 6 months_Total_Males,3,DDW-0500B-01ST-Census.xls,01ST
B0301ST,05,066,District - Nainital (11),Total,15-59,Marginal workers_Worked for 3 to 6 months_Total_Males,198,DDW-0500B-01ST-Census.xls,01ST
B0301ST,05,066,District - Nainital (11),Rural,Total,Marginal workers_Worked for 3 to 6 months_Total_Males,211,DDW-0500B-01ST-Census.xls,01ST
B0301ST,05,066,District - Nainital (11),Rural,5-14,Marginal workers_Worked for 3 to 6 months_Total_Males,7,DDW-0500B-01ST-Census.xls,01ST
B0301ST,05,066,District - Nainital (11),Rural,15-34,Marginal workers_Worked for 3 to 6 months_Total_Males,124,DDW-0500B-01ST-Census.xls,01ST
B0301ST,05,066,District - Nainital (11),Rural,35-59,Marginal workers_Worked for 3 to 6 months_Total_Males,65,DDW-0500B-01ST-Census.xls,01ST
B0301ST,05,066,District - Nainital (11),Rural,60+,Marginal workers_Worked for 3 to 6 months_Total_Males,12,DDW-0500B-01ST-Census.xls,01ST
B0301ST,05,066,District - Nainital (11),Rural,Age not stated,Marginal workers_Worked for 3 to 6 months_Total_Males,3,DDW-0500B-01ST-Census.xls,01ST
B0301ST,05,066,District - Nainital (11),Rural,15-59,Marginal workers_Worked for 3 to 6 months_Total_Males,189,DDW-0500B-01ST-Census.xls,01ST
B0301ST,05,066,District - Nainital (11),Urban,Total,Marginal workers_Worked for 3 to 6 months_Total_Males,11,DDW-0500B-01ST-Census.xls,01ST
B0301ST,05,066,District - Nainital (11),Urban,5-14,Marginal workers_Worked for 3 to 6 months_Total_Males,0,DDW-0500B-01ST-Census.xls,01ST
B0301ST,05,066,District - Nainital (11),Urban,15-34,Marginal workers_Worked for 3 to 6 months_Total_Males,6,DDW-0500B-01ST-Census.xls,01ST
B0301ST,05,066,District - Nainital (11),Urban,35-59,Marginal workers_Worked for 3 to 6 months_Total_Males,3,DDW-0500B-01ST-Census.xls,01ST
B0301ST,05,066,District - Nainital (11),Urban,60+,Marginal workers_Worked for 3 to 6 months_Total_Males,2,DDW-0500B-01ST-Census.xls,01ST
B0301ST,05,066,District - Nainital (11),Urban,Age not stated,Marginal workers_Worked for 3 to 6 months_Total_Males,0,DDW-0500B-01ST-Census.xls,01ST
B0301ST,05,066,District - Nainital (11),Urban,15-59,Marginal workers_Worked for 3 to 6 months_Total_Males,9,DDW-0500B-01ST-Census.xls,01ST
B0301ST,05,067,District - Udham Singh Nagar (12),Total,Total,Marginal workers_Worked for 3 to 6 months_Total_Males,6039,DDW-0500B-01ST-Census.xls,01ST
B0301ST,05,067,District - Udham Singh Nagar (12),Total,5-14,Marginal workers_Worked for 3 to 6 months_Total_Males,211,DDW-0500B-01ST-Census.xls,01ST
B0301ST,05,067,District - Udham Singh Nagar (12),Total,15-34,Marginal workers_Worked for 3 to 6 months_Total_Males,3559,DDW-0500B-01ST-Census.xls,01ST
B0301ST,05,067,District - Udham Singh Nagar (12),Total,35-59,Marginal workers_Worked for 3 to 6 months_Total_Males,1800,DDW-0500B-01ST-Census.xls,01ST
B0301ST,05,067,District - Udham Singh Nagar (12),Total,60+,Marginal workers_Worked for 3 to 6 months_Total_Males,462,DDW-0500B-01ST-Census.xls,01ST
B0301ST,05,067,District - Udham Singh Nagar (12),Total,Age not stated,Marginal workers_Worked for 3 to 6 months_Total_Males,7,DDW-0500B-01ST-Census.xls,01ST
B0301ST,05,067,District - Udham Singh Nagar (12),Total,15-59,Marginal workers_Worked for 3 to 6 months_Total_Males,5359,DDW-0500B-01ST-Census.xls,01ST
B0301ST,05,067,District - Udham Singh Nagar (12),Rural,Total,Marginal workers_Worked for 3 to 6 months_Total_Males,5880,DDW-0500B-01ST-Census.xls,01ST
B0301ST,05,067,District - Udham Singh Nagar (12),Rural,5-14,Marginal workers_Worked for 3 to 6 months_Total_Males,202,DDW-0500B-01ST-Census.xls,01ST
B0301ST,05,067,District - Udham Singh Nagar (12),Rural,15-34,Marginal workers_Worked for 3 to 6 months_Total_Males,3454,DDW-0500B-01ST-Census.xls,01ST
B0301ST,05,067,District - Udham Singh Nagar (12),Rural,35-59,Marginal workers_Worked for 3 to 6 months_Total_Males,1762,DDW-0500B-01ST-Census.xls,01ST
B0301ST,05,067,District - Udham Singh Nagar (12),Rural,60+,Marginal workers_Worked for 3 to 6 months_Total_Males,455,DDW-0500B-01ST-Census.xls,01ST
B0301ST,05,067,District - Udham Singh Nagar (12),Rural,Age not stated,Marginal workers_Worked for 3 to 6 months_Total_Males,7,DDW-0500B-01ST-Census.xls,01ST
B0301ST,05,067,District - Udham Singh Nagar (12),Rural,15-59,Marginal workers_Worked for 3 to 6 months_Total_Males,5216,DDW-0500B-01ST-Census.xls,01ST
B0301ST,05,067,District - Udham Singh Nagar (12),Urban,Total,Marginal workers_Worked for 3 to 6 months_Total_Males,159,DDW-0500B-01ST-Census.xls,01ST
B0301ST,05,067,District - Udham Singh Nagar (12),Urban,5-14,Marginal workers_Worked for 3 to 6 months_Total_Males,9,DDW-0500B-01ST-Census.xls,01ST
B0301ST,05,067,District - Udham Singh Nagar (12),Urban,15-34,Marginal workers_Worked for 3 to 6 months_Total_Males,105,DDW-0500B-01ST-Census.xls,01ST
B0301ST,05,067,District - Udham Singh Nagar (12),Urban,35-59,Marginal workers_Worked for 3 to 6 months_Total_Males,38,DDW-0500B-01ST-Census.xls,01ST
B0301ST,05,067,District - Udham Singh Nagar (12),Urban,60+,Marginal workers_Worked for 3 to 6 months_Total_Males,7,DDW-0500B-01ST-Census.xls,01ST
B0301ST,05,067,District - Udham Singh Nagar (12),Urban,Age not stated,Marginal workers_Worked for 3 to 6 months_Total_Males,0,DDW-0500B-01ST-Census.xls,01ST
B0301ST,05,067,District - Udham Singh Nagar (12),Urban,15-59,Marginal workers_Worked for 3 to 6 months_Total_Males,143,DDW-0500B-01ST-Census.xls,01ST
B0301ST,05,068,District - Hardwar (13),Total,Total,Marginal workers_Worked for 3 to 6 months_Total_Males,309,DDW-0500B-01ST-Census.xls,01ST
B0301ST,05,068,District - Hardwar (13),Total,5-14,Marginal workers_Worked for 3 to 6 months_Total_Males,8,DDW-0500B-01ST-Census.xls,01ST
B0301ST,05,068,District - Hardwar (13),Total,15-34,Marginal workers_Worked for 3 to 6 months_Total_Males,168,DDW-0500B-01ST-Census.xls,01ST
B0301ST,05,068,District - Hardwar (13),Total,35-59,Marginal workers_Worked for 3 to 6 months_Total_Males,105,DDW-0500B-01ST-Census.xls,01ST
B0301ST,05,068,District - Hardwar (13),Total,60+,Marginal workers_Worked for 3 to 6 months_Total_Males,28,DDW-0500B-01ST-Census.xls,01ST
B0301ST,05,068,District - Hardwar (13),Total,Age not stated,Marginal workers_Worked for 3 to 6 months_Total_Males,0,DDW-0500B-01ST-Census.xls,01ST
B0301ST,05,068,District - Hardwar (13),Total,15-59,Marginal workers_Worked for 3 to 6 months_Total_Males,273,DDW-0500B-01ST-Census.xls,01ST
B0301ST,05,068,District - Hardwar (13),Rural,Total,Marginal workers_Worked for 3 to 6 months_Total_Males,258,DDW-0500B-01ST-Census.xls,01ST
B0301ST,05,068,District - Hardwar (13),Rural,5-14,Marginal workers_Worked for 3 to 6 months_Total_Males,8,DDW-0500B-01ST-Census.xls,01ST
B0301ST,05,068,District - Hardwar (13),Rural,15-34,Marginal workers_Worked for 3 to 6 months_Total_Males,144,DDW-0500B-01ST-Census.xls,01ST
B0301ST,05,068,District - Hardwar (13),Rural,35-59,Marginal workers_Worked for 3 to 6 months_Total_Males,82,DDW-0500B-01ST-Census.xls,01ST
B0301ST,05,068,District - Hardwar (13),Rural,60+,Marginal workers_Worked for 3 to 6 months_Total_Males,24,DDW-0500B-01ST-Census.xls,01ST
B0301ST,05,068,District - Hardwar (13),Rural,Age not stated,Marginal workers_Worked for 3 to 6 months_Total_Males,0,DDW-0500B-01ST-Census.xls,01ST
B0301ST,05,068,District - Hardwar (13),Rural,15-59,Marginal workers_Worked for 3 to 6 months_Total_Males,226,DDW-0500B-01ST-Census.xls,01ST
B0301ST,05,068,District - Hardwar (13),Urban,Total,Marginal workers_Worked for 3 to 6 months_Total_Males,51,DDW-0500B-01ST-Census.xls,01ST
B0301ST,05,068,District - Hardwar (13),Urban,5-14,Marginal workers_Worked for 3 to 6 months_Total_Males,0,DDW-0500B-01ST-Census.xls,01ST
B0301ST,05,068,District - Hardwar (13),Urban,15-34,Marginal workers_Worked for 3 to 6 months_Total_Males,24,DDW-0500B-01ST-Census.xls,01ST
B0301ST,05,068,District - Hardwar (13),Urban,35-59,Marginal workers_Worked for 3 to 6 months_Total_Males,23,DDW-0500B-01ST-Census.xls,01ST
B0301ST,05,068,District - Hardwar (13),Urban,60+,Marginal workers_Worked for 3 to 6 months_Total_Males,4,DDW-0500B-01ST-Census.xls,01ST
B0301ST,05,068,District - Hardwar (13),Urban,Age not stated,Marginal workers_Worked for 3 to 6 months_Total_Males,0,DDW-0500B-01ST-Census.xls,01ST
B0301ST,05,068,District - Hardwar (13),Urban,15-59,Marginal workers_Worked for 3 to 6 months_Total_Males,47,DDW-0500B-01ST-Census.xls,01ST
B0301ST,05,000,State - UTTARAKHAND (05),Total,Total,Marginal workers_Worked for 3 to 6 months_Total_Females,17416,DDW-0500B-01ST-Census.xls,01ST
B0301ST,05,000,State - UTTARAKHAND (05),Total,5-14,Marginal workers_Worked for 3 to 6 months_Total_Females,779,DDW-0500B-01ST-Census.xls,01ST
B0301ST,05,000,State - UTTARAKHAND (05),Total,15-34,Marginal workers_Worked for 3 to 6 months_Total_Females,8491,DDW-0500B-01ST-Census.xls,01ST
B0301ST,05,000,State - UTTARAKHAND (05),Total,35-59,Marginal workers_Worked for 3 to 6 months_Total_Females,6561,DDW-0500B-01ST-Census.xls,01ST
B0301ST,05,000,State - UTTARAKHAND (05),Total,60+,Marginal workers_Worked for 3 to 6 months_Total_Females,1554,DDW-0500B-01ST-Census.xls,01ST
B0301ST,05,000,State - UTTARAKHAND (05),Total,Age not stated,Marginal workers_Worked for 3 to 6 months_Total_Females,31,DDW-0500B-01ST-Census.xls,01ST
B0301ST,05,000,State - UTTARAKHAND (05),Total,15-59,Marginal workers_Worked for 3 to 6 months_Total_Females,15052,DDW-0500B-01ST-Census.xls,01ST
B0301ST,05,000,State - UTTARAKHAND (05),Rural,Total,Marginal workers_Worked for 3 to 6 months_Total_Females,16770,DDW-0500B-01ST-Census.xls,01ST
B0301ST,05,000,State - UTTARAKHAND (05),Rural,5-14,Marginal workers_Worked for 3 to 6 months_Total_Females,743,DDW-0500B-01ST-Census.xls,01ST
B0301ST,05,000,State - UTTARAKHAND (05),Rural,15-34,Marginal workers_Worked for 3 to 6 months_Total_Females,8204,DDW-0500B-01ST-Census.xls,01ST
B0301ST,05,000,State - UTTARAKHAND (05),Rural,35-59,Marginal workers_Worked for 3 to 6 months_Total_Females,6308,DDW-0500B-01ST-Census.xls,01ST
B0301ST,05,000,State - UTTARAKHAND (05),Rural,60+,Marginal workers_Worked for 3 to 6 months_Total_Females,1486,DDW-0500B-01ST-Census.xls,01ST
B0301ST,05,000,State - UTTARAKHAND (05),Rural,Age not stated,Marginal workers_Worked for 3 to 6 months_Total_Females,29,DDW-0500B-01ST-Census.xls,01ST
B0301ST,05,000,State - UTTARAKHAND (05),Rural,15-59,Marginal workers_Worked for 3 to 6 months_Total_Females,14512,DDW-0500B-01ST-Census.xls,01ST
B0301ST,05,000,State - UTTARAKHAND (05),Urban,Total,Marginal workers_Worked for 3 to 6 months_Total_Females,646,DDW-0500B-01ST-Census.xls,01ST
B0301ST,05,000,State - UTTARAKHAND (05),Urban,5-14,Marginal workers_Worked for 3 to 6 months_Total_Females,36,DDW-0500B-01ST-Census.xls,01ST
B0301ST,05,000,State - UTTARAKHAND (05),Urban,15-34,Marginal workers_Worked for 3 to 6 months_Total_Females,287,DDW-0500B-01ST-Census.xls,01ST
B0301ST,05,000,State - UTTARAKHAND (05),Urban,35-59,Marginal workers_Worked for 3 to 6 months_Total_Females,253,DDW-0500B-01ST-Census.xls,01ST
B0301ST,05,000,State - UTTARAKHAND (05),Urban,60+,Marginal workers_Worked for 3 to 6 months_Total_Females,68,DDW-0500B-01ST-Census.xls,01ST
B0301ST,05,000,State - UTTARAKHAND (05),Urban,Age not stated,Marginal workers_Worked for 3 to 6 months_Total_Females,2,DDW-0500B-01ST-Census.xls,01ST
B0301ST,05,000,State - UTTARAKHAND (05),Urban,15-59,Marginal workers_Worked for 3 to 6 months_Total_Females,540,DDW-0500B-01ST-Census.xls,01ST
B0301ST,05,056,District - Uttarkashi (01),Total,Total,Marginal workers_Worked for 3 to 6 months_Total_Females,264,DDW-0500B-01ST-Census.xls,01ST
B0301ST,05,056,District - Uttarkashi (01),Total,5-14,Marginal workers_Worked for 3 to 6 months_Total_Females,1,DDW-0500B-01ST-Census.xls,01ST
B0301ST,05,056,District - Uttarkashi (01),Total,15-34,Marginal workers_Worked for 3 to 6 months_Total_Females,77,DDW-0500B-01ST-Census.xls,01ST
B0301ST,05,056,District - Uttarkashi (01),Total,35-59,Marginal workers_Worked for 3 to 6 months_Total_Females,150,DDW-0500B-01ST-Census.xls,01ST
B0301ST,05,056,District - Uttarkashi (01),Total,60+,Marginal workers_Worked for 3 to 6 months_Total_Females,36,DDW-0500B-01ST-Census.xls,01ST
B0301ST,05,056,District - Uttarkashi (01),Total,Age not stated,Marginal workers_Worked for 3 to 6 months_Total_Females,0,DDW-0500B-01ST-Census.xls,01ST
B0301ST,05,056,District - Uttarkashi (01),Total,15-59,Marginal workers_Worked for 3 to 6 months_Total_Females,227,DDW-0500B-01ST-Census.xls,01ST
B0301ST,05,056,District - Uttarkashi (01),Rural,Total,Marginal workers_Worked for 3 to 6 months_Total_Females,260,DDW-0500B-01ST-Census.xls,01ST
B0301ST,05,056,District - Uttarkashi (01),Rural,5-14,Marginal workers_Worked for 3 to 6 months_Total_Females,1,DDW-0500B-01ST-Census.xls,01ST
B0301ST,05,056,District - Uttarkashi (01),Rural,15-34,Marginal workers_Worked for 3 to 6 months_Total_Females,75,DDW-0500B-01ST-Census.xls,01ST
B0301ST,05,056,District - Uttarkashi (01),Rural,35-59,Marginal workers_Worked for 3 to 6 months_Total_Females,148,DDW-0500B-01ST-Census.xls,01ST
B0301ST,05,056,District - Uttarkashi (01),Rural,60+,Marginal workers_Worked for 3 to 6 months_Total_Females,36,DDW-0500B-01ST-Census.xls,01ST
B0301ST,05,056,District - Uttarkashi (01),Rural,Age not stated,Marginal workers_Worked for 3 to 6 months_Total_Females,0,DDW-0500B-01ST-Census.xls,01ST
B0301ST,05,056,District - Uttarkashi (01),Rural,15-59,Marginal workers_Worked for 3 to 6 months_Total_Females,223,DDW-0500B-01ST-Census.xls,01ST
B0301ST,05,056,District - Uttarkashi (01),Urban,Total,Marginal workers_Worked for 3 to 6 months_Total_Females,4,DDW-0500B-01ST-Census.xls,01ST
B0301ST,05,056,District - Uttarkashi (01),Urban,5-14,Marginal workers_Worked for 3 to 6 months_Total_Females,0,DDW-0500B-01ST-Census.xls,01ST
B0301ST,05,056,District - Uttarkashi (01),Urban,15-34,Marginal workers_Worked for 3 to 6 months_Total_Females,2,DDW-0500B-01ST-Census.xls,01ST
B0301ST,05,056,District - Uttarkashi (01),Urban,35-59,Marginal workers_Worked for 3 to 6 months_Total_Females,2,DDW-0500B-01ST-Census.xls,01ST
B0301ST,05,056,District - Uttarkashi (01),Urban,60+,Marginal workers_Worked for 3 to 6 months_Total_Females,0,DDW-0500B-01ST-Census.xls,01ST
B0301ST,05,056,District - Uttarkashi (01),Urban,Age not stated,Marginal workers_Worked for 3 to 6 months_Total_Females,0,DDW-0500B-01ST-Census.xls,01ST
B0301ST,05,056,District - Uttarkashi (01),Urban,15-59,Marginal workers_Worked for 3 to 6 months_Total_Females,4,DDW-0500B-01ST-Census.xls,01ST
B0301ST,05,057,District - Chamoli (02),Total,Total,Marginal workers_Worked for 3 to 6 months_Total_Females,1167,DDW-0500B-01ST-Census.xls,01ST
B0301ST,05,057,District - Chamoli (02),Total,5-14,Marginal workers_Worked for 3 to 6 months_Total_Females,31,DDW-0500B-01ST-Census.xls,01ST
B0301ST,05,057,District - Chamoli (02),Total,15-34,Marginal workers_Worked for 3 to 6 months_Total_Females,452,DDW-0500B-01ST-Census.xls,01ST
B0301ST,05,057,District - Chamoli (02),Total,35-59,Marginal workers_Worked for 3 to 6 months_Total_Females,477,DDW-0500B-01ST-Census.xls,01ST
B0301ST,05,057,District - Chamoli (02),Total,60+,Marginal workers_Worked for 3 to 6 months_Total_Females,205,DDW-0500B-01ST-Census.xls,01ST
B0301ST,05,057,District - Chamoli (02),Total,Age not stated,Marginal workers_Worked for 3 to 6 months_Total_Females,2,DDW-0500B-01ST-Census.xls,01ST
B0301ST,05,057,District - Chamoli (02),Total,15-59,Marginal workers_Worked for 3 to 6 months_Total_Females,929,DDW-0500B-01ST-Census.xls,01ST
B0301ST,05,057,District - Chamoli (02),Rural,Total,Marginal workers_Worked for 3 to 6 months_Total_Females,1110,DDW-0500B-01ST-Census.xls,01ST
B0301ST,05,057,District - Chamoli (02),Rural,5-14,Marginal workers_Worked for 3 to 6 months_Total_Females,31,DDW-0500B-01ST-Census.xls,01ST
B0301ST,05,057,District - Chamoli (02),Rural,15-34,Marginal workers_Worked for 3 to 6 months_Total_Females,436,DDW-0500B-01ST-Census.xls,01ST
B0301ST,05,057,District - Chamoli (02),Rural,35-59,Marginal workers_Worked for 3 to 6 months_Total_Females,447,DDW-0500B-01ST-Census.xls,01ST
B0301ST,05,057,District - Chamoli (02),Rural,60+,Marginal workers_Worked for 3 to 6 months_Total_Females,194,DDW-0500B-01ST-Census.xls,01ST
B0301ST,05,057,District - Chamoli (02),Rural,Age not stated,Marginal workers_Worked for 3 to 6 months_Total_Females,2,DDW-0500B-01ST-Census.xls,01ST
B0301ST,05,057,District - Chamoli (02),Rural,15-59,Marginal workers_Worked for 3 to 6 months_Total_Females,883,DDW-0500B-01ST-Census.xls,01ST
B0301ST,05,057,District - Chamoli (02),Urban,Total,Marginal workers_Worked for 3 to 6 months_Total_Females,57,DDW-0500B-01ST-Census.xls,01ST
B0301ST,05,057,District - Chamoli (02),Urban,5-14,Marginal workers_Worked for 3 to 6 months_Total_Females,0,DDW-0500B-01ST-Census.xls,01ST
B0301ST,05,057,District - Chamoli (02),Urban,15-34,Marginal workers_Worked for 3 to 6 months_Total_Females,16,DDW-0500B-01ST-Census.xls,01ST
B0301ST,05,057,District - Chamoli (02),Urban,35-59,Marginal workers_Worked for 3 to 6 months_Total_Females,30,DDW-0500B-01ST-Census.xls,01ST
B0301ST,05,057,District - Chamoli (02),Urban,60+,Marginal workers_Worked for 3 to 6 months_Total_Females,11,DDW-0500B-01ST-Census.xls,01ST
B0301ST,05,057,District - Chamoli (02),Urban,Age not stated,Marginal workers_Worked for 3 to 6 months_Total_Females,0,DDW-0500B-01ST-Census.xls,01ST
B0301ST,05,057,District - Chamoli (02),Urban,15-59,Marginal workers_Worked for 3 to 6 months_Total_Females,46,DDW-0500B-01ST-Census.xls,01ST
B0301ST,05,058,District - Rudraprayag (03),Total,Total,Marginal workers_Worked for 3 to 6 months_Total_Females,13,DDW-0500B-01ST-Census.xls,01ST
B0301ST,05,058,District - Rudraprayag (03),Total,5-14,Marginal workers_Worked for 3 to 6 months_Total_Females,0,DDW-0500B-01ST-Census.xls,01ST
B0301ST,05,058,District - Rudraprayag (03),Total,15-34,Marginal workers_Worked for 3 to 6 months_Total_Females,4,DDW-0500B-01ST-Census.xls,01ST
B0301ST,05,058,District - Rudraprayag (03),Total,35-59,Marginal workers_Worked for 3 to 6 months_Total_Females,9,DDW-0500B-01ST-Census.xls,01ST
B0301ST,05,058,District - Rudraprayag (03),Total,60+,Marginal workers_Worked for 3 to 6 months_Total_Females,0,DDW-0500B-01ST-Census.xls,01ST
B0301ST,05,058,District - Rudraprayag (03),Total,Age not stated,Marginal workers_Worked for 3 to 6 months_Total_Females,0,DDW-0500B-01ST-Census.xls,01ST
B0301ST,05,058,District - Rudraprayag (03),Total,15-59,Marginal workers_Worked for 3 to 6 months_Total_Females,13,DDW-0500B-01ST-Census.xls,01ST
B0301ST,05,058,District - Rudraprayag (03),Rural,Total,Marginal workers_Worked for 3 to 6 months_Total_Females,13,DDW-0500B-01ST-Census.xls,01ST
B0301ST,05,058,District - Rudraprayag (03),Rural,5-14,Marginal workers_Worked for 3 to 6 months_Total_Females,0,DDW-0500B-01ST-Census.xls,01ST
B0301ST,05,058,District - Rudraprayag (03),Rural,15-34,Marginal workers_Worked for 3 to 6 months_Total_Females,4,DDW-0500B-01ST-Census.xls,01ST
B0301ST,05,058,District - Rudraprayag (03),Rural,35-59,Marginal workers_Worked for 3 to 6 months_Total_Females,9,DDW-0500B-01ST-Census.xls,01ST
B0301ST,05,058,District - Rudraprayag (03),Rural,60+,Marginal workers_Worked for 3 to 6 months_Total_Females,0,DDW-0500B-01ST-Census.xls,01ST
B0301ST,05,058,District - Rudraprayag (03),Rural,Age not stated,Marginal workers_Worked for 3 to 6 months_Total_Females,0,DDW-0500B-01ST-Census.xls,01ST
B0301ST,05,058,District - Rudraprayag (03),Rural,15-59,Marginal workers_Worked for 3 to 6 months_Total_Females,13,DDW-0500B-01ST-Census.xls,01ST
B0301ST,05,058,District - Rudraprayag (03),Urban,Total,Marginal workers_Worked for 3 to 6 months_Total_Females,0,DDW-0500B-01ST-Census.xls,01ST
B0301ST,05,058,District - Rudraprayag (03),Urban,5-14,Marginal workers_Worked for 3 to 6 months_Total_Females,0,DDW-0500B-01ST-Census.xls,01ST
B0301ST,05,058,District - Rudraprayag (03),Urban,15-34,Marginal workers_Worked for 3 to 6 months_Total_Females,0,DDW-0500B-01ST-Census.xls,01ST
B0301ST,05,058,District - Rudraprayag (03),Urban,35-59,Marginal workers_Worked for 3 to 6 months_Total_Females,0,DDW-0500B-01ST-Census.xls,01ST
B0301ST,05,058,District - Rudraprayag (03),Urban,60+,Marginal workers_Worked for 3 to 6 months_Total_Females,0,DDW-0500B-01ST-Census.xls,01ST
B0301ST,05,058,District - Rudraprayag (03),Urban,Age not stated,Marginal workers_Worked for 3 to 6 months_Total_Females,0,DDW-0500B-01ST-Census.xls,01ST
B0301ST,05,058,District - Rudraprayag (03),Urban,15-59,Marginal workers_Worked for 3 to 6 months_Total_Females,0,DDW-0500B-01ST-Census.xls,01ST
B0301ST,05,059,District - Tehri Garhwal (04),Total,Total,Marginal workers_Worked for 3 to 6 months_Total_Females,28,DDW-0500B-01ST-Census.xls,01ST
B0301ST,05,059,District - Tehri Garhwal (04),Total,5-14,Marginal workers_Worked for 3 to 6 months_Total_Females,3,DDW-0500B-01ST-Census.xls,01ST
B0301ST,05,059,District - Tehri Garhwal (04),Total,15-34,Marginal workers_Worked for 3 to 6 months_Total_Females,14,DDW-0500B-01ST-Census.xls,01ST
B0301ST,05,059,District - Tehri Garhwal (04),Total,35-59,Marginal workers_Worked for 3 to 6 months_Total_Females,9,DDW-0500B-01ST-Census.xls,01ST
B0301ST,05,059,District - Tehri Garhwal (04),Total,60+,Marginal workers_Worked for 3 to 6 months_Total_Females,2,DDW-0500B-01ST-Census.xls,01ST
B0301ST,05,059,District - Tehri Garhwal (04),Total,Age not stated,Marginal workers_Worked for 3 to 6 months_Total_Females,0,DDW-0500B-01ST-Census.xls,01ST
B0301ST,05,059,District - Tehri Garhwal (04),Total,15-59,Marginal workers_Worked for 3 to 6 months_Total_Females,23,DDW-0500B-01ST-Census.xls,01ST
B0301ST,05,059,District - Tehri Garhwal (04),Rural,Total,Marginal workers_Worked for 3 to 6 months_Total_Females,23,DDW-0500B-01ST-Census.xls,01ST
B0301ST,05,059,District - Tehri Garhwal (04),Rural,5-14,Marginal workers_Worked for 3 to 6 months_Total_Females,2,DDW-0500B-01ST-Census.xls,01ST
B0301ST,05,059,District - Tehri Garhwal (04),Rural,15-34,Marginal workers_Worked for 3 to 6 months_Total_Females,10,DDW-0500B-01ST-Census.xls,01ST
B0301ST,05,059,District - Tehri Garhwal (04),Rural,35-59,Marginal workers_Worked for 3 to 6 months_Total_Females,9,DDW-0500B-01ST-Census.xls,01ST
B0301ST,05,059,District - Tehri Garhwal (04),Rural,60+,Marginal workers_Worked for 3 to 6 months_Total_Females,2,DDW-0500B-01ST-Census.xls,01ST
B0301ST,05,059,District - Tehri Garhwal (04),Rural,Age not stated,Marginal workers_Worked for 3 to 6 months_Total_Females,0,DDW-0500B-01ST-Census.xls,01ST
B0301ST,05,059,District - Tehri Garhwal (04),Rural,15-59,Marginal workers_Worked for 3 to 6 months_Total_Females,19,DDW-0500B-01ST-Census.xls,01ST
B0301ST,05,059,District - Tehri Garhwal (04),Urban,Total,Marginal workers_Worked for 3 to 6 months_Total_Females,5,DDW-0500B-01ST-Census.xls,01ST
B0301ST,05,059,District - Tehri Garhwal (04),Urban,5-14,Marginal workers_Worked for 3 to 6 months_Total_Females,1,DDW-0500B-01ST-Census.xls,01ST
B0301ST,05,059,District - Tehri Garhwal (04),Urban,15-34,Marginal workers_Worked for 3 to 6 months_Total_Females,4,DDW-0500B-01ST-Census.xls,01ST
B0301ST,05,059,District - Tehri Garhwal (04),Urban,35-59,Marginal workers_Worked for 3 to 6 months_Total_Females,0,DDW-0500B-01ST-Census.xls,01ST
B0301ST,05,059,District - Tehri Garhwal (04),Urban,60+,Marginal workers_Worked for 3 to 6 months_Total_Females,0,DDW-0500B-01ST-Census.xls,01ST
B0301ST,05,059,District - Tehri Garhwal (04),Urban,Age not stated,Marginal workers_Worked for 3 to 6 months_Total_Females,0,DDW-0500B-01ST-Census.xls,01ST
B0301ST,05,059,District - Tehri Garhwal (04),Urban,15-59,Marginal workers_Worked for 3 to 6 months_Total_Females,4,DDW-0500B-01ST-Census.xls,01ST
B0301ST,05,060,District - Dehradun (05),Total,Total,Marginal workers_Worked for 3 to 6 months_Total_Females,4360,DDW-0500B-01ST-Census.xls,01ST
B0301ST,05,060,District - Dehradun (05),Total,5-14,Marginal workers_Worked for 3 to 6 months_Total_Females,438,DDW-0500B-01ST-Census.xls,01ST
B0301ST,05,060,District - Dehradun (05),Total,15-34,Marginal workers_Worked for 3 to 6 months_Total_Females,1951,DDW-0500B-01ST-Census.xls,01ST
B0301ST,05,060,District - Dehradun (05),Total,35-59,Marginal workers_Worked for 3 to 6 months_Total_Females,1449,DDW-0500B-01ST-Census.xls,01ST
B0301ST,05,060,District - Dehradun (05),Total,60+,Marginal workers_Worked for 3 to 6 months_Total_Females,508,DDW-0500B-01ST-Census.xls,01ST
B0301ST,05,060,District - Dehradun (05),Total,Age not stated,Marginal workers_Worked for 3 to 6 months_Total_Females,14,DDW-0500B-01ST-Census.xls,01ST
B0301ST,05,060,District - Dehradun (05),Total,15-59,Marginal workers_Worked for 3 to 6 months_Total_Females,3400,DDW-0500B-01ST-Census.xls,01ST
B0301ST,05,060,District - Dehradun (05),Rural,Total,Marginal workers_Worked for 3 to 6 months_Total_Females,4216,DDW-0500B-01ST-Census.xls,01ST
B0301ST,05,060,District - Dehradun (05),Rural,5-14,Marginal workers_Worked for 3 to 6 months_Total_Females,422,DDW-0500B-01ST-Census.xls,01ST
B0301ST,05,060,District - Dehradun (05),Rural,15-34,Marginal workers_Worked for 3 to 6 months_Total_Females,1872,DDW-0500B-01ST-Census.xls,01ST
B0301ST,05,060,District - Dehradun (05),Rural,35-59,Marginal workers_Worked for 3 to 6 months_Total_Females,1406,DDW-0500B-01ST-Census.xls,01ST
B0301ST,05,060,District - Dehradun (05),Rural,60+,Marginal workers_Worked for 3 to 6 months_Total_Females,503,DDW-0500B-01ST-Census.xls,01ST
B0301ST,05,060,District - Dehradun (05),Rural,Age not stated,Marginal workers_Worked for 3 to 6 months_Total_Females,13,DDW-0500B-01ST-Census.xls,01ST
B0301ST,05,060,District - Dehradun (05),Rural,15-59,Marginal workers_Worked for 3 to 6 months_Total_Females,3278,DDW-0500B-01ST-Census.xls,01ST
B0301ST,05,060,District - Dehradun (05),Urban,Total,Marginal workers_Worked for 3 to 6 months_Total_Females,144,DDW-0500B-01ST-Census.xls,01ST
B0301ST,05,060,District - Dehradun (05),Urban,5-14,Marginal workers_Worked for 3 to 6 months_Total_Females,16,DDW-0500B-01ST-Census.xls,01ST
B0301ST,05,060,District - Dehradun (05),Urban,15-34,Marginal workers_Worked for 3 to 6 months_Total_Females,79,DDW-0500B-01ST-Census.xls,01ST
B0301ST,05,060,District - Dehradun (05),Urban,35-59,Marginal workers_Worked for 3 to 6 months_Total_Females,43,DDW-0500B-01ST-Census.xls,01ST
B0301ST,05,060,District - Dehradun (05),Urban,60+,Marginal workers_Worked for 3 to 6 months_Total_Females,5,DDW-0500B-01ST-Census.xls,01ST
B0301ST,05,060,District - Dehradun (05),Urban,Age not stated,Marginal workers_Worked for 3 to 6 months_Total_Females,1,DDW-0500B-01ST-Census.xls,01ST
B0301ST,05,060,District - Dehradun (05),Urban,15-59,Marginal workers_Worked for 3 to 6 months_Total_Females,122,DDW-0500B-01ST-Census.xls,01ST
B0301ST,05,061,District - Garhwal (06),Total,Total,Marginal workers_Worked for 3 to 6 months_Total_Females,43,DDW-0500B-01ST-Census.xls,01ST
B0301ST,05,061,District - Garhwal (06),Total,5-14,Marginal workers_Worked for 3 to 6 months_Total_Females,1,DDW-0500B-01ST-Census.xls,01ST
B0301ST,05,061,District - Garhwal (06),Total,15-34,Marginal workers_Worked for 3 to 6 months_Total_Females,16,DDW-0500B-01ST-Census.xls,01ST
B0301ST,05,061,District - Garhwal (06),Total,35-59,Marginal workers_Worked for 3 to 6 months_Total_Females,21,DDW-0500B-01ST-Census.xls,01ST
B0301ST,05,061,District - Garhwal (06),Total,60+,Marginal workers_Worked for 3 to 6 months_Total_Females,5,DDW-0500B-01ST-Census.xls,01ST
B0301ST,05,061,District - Garhwal (06),Total,Age not stated,Marginal workers_Worked for 3 to 6 months_Total_Females,0,DDW-0500B-01ST-Census.xls,01ST
B0301ST,05,061,District - Garhwal (06),Total,15-59,Marginal workers_Worked for 3 to 6 months_Total_Females,37,DDW-0500B-01ST-Census.xls,01ST
B0301ST,05,061,District - Garhwal (06),Rural,Total,Marginal workers_Worked for 3 to 6 months_Total_Females,39,DDW-0500B-01ST-Census.xls,01ST
B0301ST,05,061,District - Garhwal (06),Rural,5-14,Marginal workers_Worked for 3 to 6 months_Total_Females,1,DDW-0500B-01ST-Census.xls,01ST
B0301ST,05,061,District - Garhwal (06),Rural,15-34,Marginal workers_Worked for 3 to 6 months_Total_Females,14,DDW-0500B-01ST-Census.xls,01ST
B0301ST,05,061,District - Garhwal (06),Rural,35-59,Marginal workers_Worked for 3 to 6 months_Total_Females,19,DDW-0500B-01ST-Census.xls,01ST
B0301ST,05,061,District - Garhwal (06),Rural,60+,Marginal workers_Worked for 3 to 6 months_Total_Females,5,DDW-0500B-01ST-Census.xls,01ST
B0301ST,05,061,District - Garhwal (06),Rural,Age not stated,Marginal workers_Worked for 3 to 6 months_Total_Females,0,DDW-0500B-01ST-Census.xls,01ST
B0301ST,05,061,District - Garhwal (06),Rural,15-59,Marginal workers_Worked for 3 to 6 months_Total_Females,33,DDW-0500B-01ST-Census.xls,01ST
B0301ST,05,061,District - Garhwal (06),Urban,Total,Marginal workers_Worked for 3 to 6 months_Total_Females,4,DDW-0500B-01ST-Census.xls,01ST
B0301ST,05,061,District - Garhwal (06),Urban,5-14,Marginal workers_Worked for 3 to 6 months_Total_Females,0,DDW-0500B-01ST-Census.xls,01ST
B0301ST,05,061,District - Garhwal (06),Urban,15-34,Marginal workers_Worked for 3 to 6 months_Total_Females,2,DDW-0500B-01ST-Census.xls,01ST
B0301ST,05,061,District - Garhwal (06),Urban,35-59,Marginal workers_Worked for 3 to 6 months_Total_Females,2,DDW-0500B-01ST-Census.xls,01ST
B0301ST,05,061,District - Garhwal (06),Urban,60+,Marginal workers_Worked for 3 to 6 months_Total_Females,0,DDW-0500B-01ST-Census.xls,01ST
B0301ST,05,061,District - Garhwal (06),Urban,Age not stated,Marginal workers_Worked for 3 to 6 months_Total_Females,0,DDW-0500B-01ST-Census.xls,01ST
B0301ST,05,061,District - Garhwal (06),Urban,15-59,Marginal workers_Worked for 3 to 6 months_Total_Females,4,DDW-0500B-01ST-Census.xls,01ST
B0301ST,05,062,District - Pithoragarh (07),Total,Total,Marginal workers_Worked for 3 to 6 months_Total_Females,1291,DDW-0500B-01ST-Census.xls,01ST
B0301ST,05,062,District - Pithoragarh (07),Total,5-14,Marginal workers_Worked for 3 to 6 months_Total_Females,38,DDW-0500B-01ST-Census.xls,01ST
B0301ST,05,062,District - Pithoragarh (07),Total,15-34,Marginal workers_Worked for 3 to 6 months_Total_Females,573,DDW-0500B-01ST-Census.xls,01ST
B0301ST,05,062,District - Pithoragarh (07),Total,35-59,Marginal workers_Worked for 3 to 6 months_Total_Females,492,DDW-0500B-01ST-Census.xls,01ST
B0301ST,05,062,District - Pithoragarh (07),Total,60+,Marginal workers_Worked for 3 to 6 months_Total_Females,183,DDW-0500B-01ST-Census.xls,01ST
B0301ST,05,062,District - Pithoragarh (07),Total,Age not stated,Marginal workers_Worked for 3 to 6 months_Total_Females,5,DDW-0500B-01ST-Census.xls,01ST
B0301ST,05,062,District - Pithoragarh (07),Total,15-59,Marginal workers_Worked for 3 to 6 months_Total_Females,1065,DDW-0500B-01ST-Census.xls,01ST
B0301ST,05,062,District - Pithoragarh (07),Rural,Total,Marginal workers_Worked for 3 to 6 months_Total_Females,1073,DDW-0500B-01ST-Census.xls,01ST
B0301ST,05,062,District - Pithoragarh (07),Rural,5-14,Marginal workers_Worked for 3 to 6 months_Total_Females,38,DDW-0500B-01ST-Census.xls,01ST
B0301ST,05,062,District - Pithoragarh (07),Rural,15-34,Marginal workers_Worked for 3 to 6 months_Total_Females,509,DDW-0500B-01ST-Census.xls,01ST
B0301ST,05,062,District - Pithoragarh (07),Rural,35-59,Marginal workers_Worked for 3 to 6 months_Total_Females,382,DDW-0500B-01ST-Census.xls,01ST
B0301ST,05,062,District - Pithoragarh (07),Rural,60+,Marginal workers_Worked for 3 to 6 months_Total_Females,140,DDW-0500B-01ST-Census.xls,01ST
B0301ST,05,062,District - Pithoragarh (07),Rural,Age not stated,Marginal workers_Worked for 3 to 6 months_Total_Females,4,DDW-0500B-01ST-Census.xls,01ST
B0301ST,05,062,District - Pithoragarh (07),Rural,15-59,Marginal workers_Worked for 3 to 6 months_Total_Females,891,DDW-0500B-01ST-Census.xls,01ST
B0301ST,05,062,District - Pithoragarh (07),Urban,Total,Marginal workers_Worked for 3 to 6 months_Total_Females,218,DDW-0500B-01ST-Census.xls,01ST
B0301ST,05,062,District - Pithoragarh (07),Urban,5-14,Marginal workers_Worked for 3 to 6 months_Total_Females,0,DDW-0500B-01ST-Census.xls,01ST
B0301ST,05,062,District - Pithoragarh (07),Urban,15-34,Marginal workers_Worked for 3 to 6 months_Total_Females,64,DDW-0500B-01ST-Census.xls,01ST
B0301ST,05,062,District - Pithoragarh (07),Urban,35-59,Marginal workers_Worked for 3 to 6 months_Total_Females,110,DDW-0500B-01ST-Census.xls,01ST
B0301ST,05,062,District - Pithoragarh (07),Urban,60+,Marginal workers_Worked for 3 to 6 months_Total_Females,43,DDW-0500B-01ST-Census.xls,01ST
B0301ST,05,062,District - Pithoragarh (07),Urban,Age not stated,Marginal workers_Worked for 3 to 6 months_Total_Females,1,DDW-0500B-01ST-Census.xls,01ST
B0301ST,05,062,District - Pithoragarh (07),Urban,15-59,Marginal workers_Worked for 3 to 6 months_Total_Females,174,DDW-0500B-01ST-Census.xls,01ST
B0301ST,05,063,District - Bageshwar (08),Total,Total,Marginal workers_Worked for 3 to 6 months_Total_Females,141,DDW-0500B-01ST-Census.xls,01ST
B0301ST,05,063,District - Bageshwar (08),Total,5-14,Marginal workers_Worked for 3 to 6 months_Total_Females,0,DDW-0500B-01ST-Census.xls,01ST
B0301ST,05,063,District - Bageshwar (08),Total,15-34,Marginal workers_Worked for 3 to 6 months_Total_Females,57,DDW-0500B-01ST-Census.xls,01ST
B0301ST,05,063,District - Bageshwar (08),Total,35-59,Marginal workers_Worked for 3 to 6 months_Total_Females,65,DDW-0500B-01ST-Census.xls,01ST
B0301ST,05,063,District - Bageshwar (08),Total,60+,Marginal workers_Worked for 3 to 6 months_Total_Females,19,DDW-0500B-01ST-Census.xls,01ST
B0301ST,05,063,District - Bageshwar (08),Total,Age not stated,Marginal workers_Worked for 3 to 6 months_Total_Females,0,DDW-0500B-01ST-Census.xls,01ST
B0301ST,05,063,District - Bageshwar (08),Total,15-59,Marginal workers_Worked for 3 to 6 months_Total_Females,122,DDW-0500B-01ST-Census.xls,01ST
B0301ST,05,063,District - Bageshwar (08),Rural,Total,Marginal workers_Worked for 3 to 6 months_Total_Females,140,DDW-0500B-01ST-Census.xls,01ST
B0301ST,05,063,District - Bageshwar (08),Rural,5-14,Marginal workers_Worked for 3 to 6 months_Total_Females,0,DDW-0500B-01ST-Census.xls,01ST
B0301ST,05,063,District - Bageshwar (08),Rural,15-34,Marginal workers_Worked for 3 to 6 months_Total_Females,56,DDW-0500B-01ST-Census.xls,01ST
B0301ST,05,063,District - Bageshwar (08),Rural,35-59,Marginal workers_Worked for 3 to 6 months_Total_Females,65,DDW-0500B-01ST-Census.xls,01ST
B0301ST,05,063,District - Bageshwar (08),Rural,60+,Marginal workers_Worked for 3 to 6 months_Total_Females,19,DDW-0500B-01ST-Census.xls,01ST
B0301ST,05,063,District - Bageshwar (08),Rural,Age not stated,Marginal workers_Worked for 3 to 6 months_Total_Females,0,DDW-0500B-01ST-Census.xls,01ST
B0301ST,05,063,District - Bageshwar (08),Rural,15-59,Marginal workers_Worked for 3 to 6 months_Total_Females,121,DDW-0500B-01ST-Census.xls,01ST
B0301ST,05,063,District - Bageshwar (08),Urban,Total,Marginal workers_Worked for 3 to 6 months_Total_Females,1,DDW-0500B-01ST-Census.xls,01ST
B0301ST,05,063,District - Bageshwar (08),Urban,5-14,Marginal workers_Worked for 3 to 6 months_Total_Females,0,DDW-0500B-01ST-Census.xls,01ST
B0301ST,05,063,District - Bageshwar (08),Urban,15-34,Marginal workers_Worked for 3 to 6 months_Total_Females,1,DDW-0500B-01ST-Census.xls,01ST
B0301ST,05,063,District - Bageshwar (08),Urban,35-59,Marginal workers_Worked for 3 to 6 months_Total_Females,0,DDW-0500B-01ST-Census.xls,01ST
B0301ST,05,063,District - Bageshwar (08),Urban,60+,Marginal workers_Worked for 3 to 6 months_Total_Females,0,DDW-0500B-01ST-Census.xls,01ST
B0301ST,05,063,District - Bageshwar (08),Urban,Age not stated,Marginal workers_Worked for 3 to 6 months_Total_Females,0,DDW-0500B-01ST-Census.xls,01ST
B0301ST,05,063,District - Bageshwar (08),Urban,15-59,Marginal workers_Worked for 3 to 6 months_Total_Females,1,DDW-0500B-01ST-Census.xls,01ST
B0301ST,05,064,"District - Almora
 (09)",Total,Total,Marginal workers_Worked for 3 to 6 months_Total_Females,28,DDW-0500B-01ST-Census.xls,01ST
B0301ST,05,064,"District - Almora
 (09)",Total,5-14,Marginal workers_Worked for 3 to 6 months_Total_Females,0,DDW-0500B-01ST-Census.xls,01ST
B0301ST,05,064,"District - Almora
 (09)",Total,15-34,Marginal workers_Worked for 3 to 6 months_Total_Females,12,DDW-0500B-01ST-Census.xls,01ST
B0301ST,05,064,"District - Almora
 (09)",Total,35-59,Marginal workers_Worked for 3 to 6 months_Total_Females,14,DDW-0500B-01ST-Census.xls,01ST
B0301ST,05,064,"District - Almora
 (09)",Total,60+,Marginal workers_Worked for 3 to 6 months_Total_Females,2,DDW-0500B-01ST-Census.xls,01ST
B0301ST,05,064,"District - Almora
 (09)",Total,Age not stated,Marginal workers_Worked for 3 to 6 months_Total_Females,0,DDW-0500B-01ST-Census.xls,01ST
B0301ST,05,064,"District - Almora
 (09)",Total,15-59,Marginal workers_Worked for 3 to 6 months_Total_Females,26,DDW-0500B-01ST-Census.xls,01ST
B0301ST,05,064,"District - Almora
 (09)",Rural,Total,Marginal workers_Worked for 3 to 6 months_Total_Females,25,DDW-0500B-01ST-Census.xls,01ST
B0301ST,05,064,"District - Almora
 (09)",Rural,5-14,Marginal workers_Worked for 3 to 6 months_Total_Females,0,DDW-0500B-01ST-Census.xls,01ST
B0301ST,05,064,"District - Almora
 (09)",Rural,15-34,Marginal workers_Worked for 3 to 6 months_Total_Females,10,DDW-0500B-01ST-Census.xls,01ST
B0301ST,05,064,"District - Almora
 (09)",Rural,35-59,Marginal workers_Worked for 3 to 6 months_Total_Females,13,DDW-0500B-01ST-Census.xls,01ST
B0301ST,05,064,"District - Almora
 (09)",Rural,60+,Marginal workers_Worked for 3 to 6 months_Total_Females,2,DDW-0500B-01ST-Census.xls,01ST
B0301ST,05,064,"District - Almora
 (09)",Rural,Age not stated,Marginal workers_Worked for 3 to 6 months_Total_Females,0,DDW-0500B-01ST-Census.xls,01ST
B0301ST,05,064,"District - Almora
 (09)",Rural,15-59,Marginal workers_Worked for 3 to 6 months_Total_Females,23,DDW-0500B-01ST-Census.xls,01ST
B0301ST,05,064,"District - Almora
 (09)",Urban,Total,Marginal workers_Worked for 3 to 6 months_Total_Females,3,DDW-0500B-01ST-Census.xls,01ST
B0301ST,05,064,"District - Almora
 (09)",Urban,5-14,Marginal workers_Worked for 3 to 6 months_Total_Females,0,DDW-0500B-01ST-Census.xls,01ST
B0301ST,05,064,"District - Almora
 (09)",Urban,15-34,Marginal workers_Worked for 3 to 6 months_Total_Females,2,DDW-0500B-01ST-Census.xls,01ST
B0301ST,05,064,"District - Almora
 (09)",Urban,35-59,Marginal workers_Worked for 3 to 6 months_Total_Females,1,DDW-0500B-01ST-Census.xls,01ST
B0301ST,05,064,"District - Almora
 (09)",Urban,60+,Marginal workers_Worked for 3 to 6 months_Total_Females,0,DDW-0500B-01ST-Census.xls,01ST
B0301ST,05,064,"District - Almora
 (09)",Urban,Age not stated,Marginal workers_Worked for 3 to 6 months_Total_Females,0,DDW-0500B-01ST-Census.xls,01ST
B0301ST,05,064,"District - Almora
 (09)",Urban,15-59,Marginal workers_Worked for 3 to 6 months_Total_Females,3,DDW-0500B-01ST-Census.xls,01ST
B0301ST,05,065,District - Champawat (10),Total,Total,Marginal workers_Worked for 3 to 6 months_Total_Females,20,DDW-0500B-01ST-Census.xls,01ST
B0301ST,05,065,District - Champawat (10),Total,5-14,Marginal workers_Worked for 3 to 6 months_Total_Females,1,DDW-0500B-01ST-Census.xls,01ST
B0301ST,05,065,District - Champawat (10),Total,15-34,Marginal workers_Worked for 3 to 6 months_Total_Females,9,DDW-0500B-01ST-Census.xls,01ST
B0301ST,05,065,District - Champawat (10),Total,35-59,Marginal workers_Worked for 3 to 6 months_Total_Females,7,DDW-0500B-01ST-Census.xls,01ST
B0301ST,05,065,District - Champawat (10),Total,60+,Marginal workers_Worked for 3 to 6 months_Total_Females,3,DDW-0500B-01ST-Census.xls,01ST
B0301ST,05,065,District - Champawat (10),Total,Age not stated,Marginal workers_Worked for 3 to 6 months_Total_Females,0,DDW-0500B-01ST-Census.xls,01ST
B0301ST,05,065,District - Champawat (10),Total,15-59,Marginal workers_Worked for 3 to 6 months_Total_Females,16,DDW-0500B-01ST-Census.xls,01ST
B0301ST,05,065,District - Champawat (10),Rural,Total,Marginal workers_Worked for 3 to 6 months_Total_Females,17,DDW-0500B-01ST-Census.xls,01ST
B0301ST,05,065,District - Champawat (10),Rural,5-14,Marginal workers_Worked for 3 to 6 months_Total_Females,1,DDW-0500B-01ST-Census.xls,01ST
B0301ST,05,065,District - Champawat (10),Rural,15-34,Marginal workers_Worked for 3 to 6 months_Total_Females,7,DDW-0500B-01ST-Census.xls,01ST
B0301ST,05,065,District - Champawat (10),Rural,35-59,Marginal workers_Worked for 3 to 6 months_Total_Females,6,DDW-0500B-01ST-Census.xls,01ST
B0301ST,05,065,District - Champawat (10),Rural,60+,Marginal workers_Worked for 3 to 6 months_Total_Females,3,DDW-0500B-01ST-Census.xls,01ST
B0301ST,05,065,District - Champawat (10),Rural,Age not stated,Marginal workers_Worked for 3 to 6 months_Total_Females,0,DDW-0500B-01ST-Census.xls,01ST
B0301ST,05,065,District - Champawat (10),Rural,15-59,Marginal workers_Worked for 3 to 6 months_Total_Females,13,DDW-0500B-01ST-Census.xls,01ST
B0301ST,05,065,District - Champawat (10),Urban,Total,Marginal workers_Worked for 3 to 6 months_Total_Females,3,DDW-0500B-01ST-Census.xls,01ST
B0301ST,05,065,District - Champawat (10),Urban,5-14,Marginal workers_Worked for 3 to 6 months_Total_Females,0,DDW-0500B-01ST-Census.xls,01ST
B0301ST,05,065,District - Champawat (10),Urban,15-34,Marginal workers_Worked for 3 to 6 months_Total_Females,2,DDW-0500B-01ST-Census.xls,01ST
B0301ST,05,065,District - Champawat (10),Urban,35-59,Marginal workers_Worked for 3 to 6 months_Total_Females,1,DDW-0500B-01ST-Census.xls,01ST
B0301ST,05,065,District - Champawat (10),Urban,60+,Marginal workers_Worked for 3 to 6 months_Total_Females,0,DDW-0500B-01ST-Census.xls,01ST
B0301ST,05,065,District - Champawat (10),Urban,Age not stated,Marginal workers_Worked for 3 to 6 months_Total_Females,0,DDW-0500B-01ST-Census.xls,01ST
B0301ST,05,065,District - Champawat (10),Urban,15-59,Marginal workers_Worked for 3 to 6 months_Total_Females,3,DDW-0500B-01ST-Census.xls,01ST
B0301ST,05,066,District - Nainital (11),Total,Total,Marginal workers_Worked for 3 to 6 months_Total_Females,214,DDW-0500B-01ST-Census.xls,01ST
B0301ST,05,066,District - Nainital (11),Total,5-14,Marginal workers_Worked for 3 to 6 months_Total_Females,7,DDW-0500B-01ST-Census.xls,01ST
B0301ST,05,066,District - Nainital (11),Total,15-34,Marginal workers_Worked for 3 to 6 months_Total_Females,97,DDW-0500B-01ST-Census.xls,01ST
B0301ST,05,066,District - Nainital (11),Total,35-59,Marginal workers_Worked for 3 to 6 months_Total_Females,97,DDW-0500B-01ST-Census.xls,01ST
B0301ST,05,066,District - Nainital (11),Total,60+,Marginal workers_Worked for 3 to 6 months_Total_Females,13,DDW-0500B-01ST-Census.xls,01ST
B0301ST,05,066,District - Nainital (11),Total,Age not stated,Marginal workers_Worked for 3 to 6 months_Total_Females,0,DDW-0500B-01ST-Census.xls,01ST
B0301ST,05,066,District - Nainital (11),Total,15-59,Marginal workers_Worked for 3 to 6 months_Total_Females,194,DDW-0500B-01ST-Census.xls,01ST
B0301ST,05,066,District - Nainital (11),Rural,Total,Marginal workers_Worked for 3 to 6 months_Total_Females,206,DDW-0500B-01ST-Census.xls,01ST
B0301ST,05,066,District - Nainital (11),Rural,5-14,Marginal workers_Worked for 3 to 6 months_Total_Females,7,DDW-0500B-01ST-Census.xls,01ST
B0301ST,05,066,District - Nainital (11),Rural,15-34,Marginal workers_Worked for 3 to 6 months_Total_Females,93,DDW-0500B-01ST-Census.xls,01ST
B0301ST,05,066,District - Nainital (11),Rural,35-59,Marginal workers_Worked for 3 to 6 months_Total_Females,94,DDW-0500B-01ST-Census.xls,01ST
B0301ST,05,066,District - Nainital (11),Rural,60+,Marginal workers_Worked for 3 to 6 months_Total_Females,12,DDW-0500B-01ST-Census.xls,01ST
B0301ST,05,066,District - Nainital (11),Rural,Age not stated,Marginal workers_Worked for 3 to 6 months_Total_Females,0,DDW-0500B-01ST-Census.xls,01ST
B0301ST,05,066,District - Nainital (11),Rural,15-59,Marginal workers_Worked for 3 to 6 months_Total_Females,187,DDW-0500B-01ST-Census.xls,01ST
B0301ST,05,066,District - Nainital (11),Urban,Total,Marginal workers_Worked for 3 to 6 months_Total_Females,8,DDW-0500B-01ST-Census.xls,01ST
B0301ST,05,066,District - Nainital (11),Urban,5-14,Marginal workers_Worked for 3 to 6 months_Total_Females,0,DDW-0500B-01ST-Census.xls,01ST
B0301ST,05,066,District - Nainital (11),Urban,15-34,Marginal workers_Worked for 3 to 6 months_Total_Females,4,DDW-0500B-01ST-Census.xls,01ST
B0301ST,05,066,District - Nainital (11),Urban,35-59,Marginal workers_Worked for 3 to 6 months_Total_Females,3,DDW-0500B-01ST-Census.xls,01ST
B0301ST,05,066,District - Nainital (11),Urban,60+,Marginal workers_Worked for 3 to 6 months_Total_Females,1,DDW-0500B-01ST-Census.xls,01ST
B0301ST,05,066,District - Nainital (11),Urban,Age not stated,Marginal workers_Worked for 3 to 6 months_Total_Females,0,DDW-0500B-01ST-Census.xls,01ST
B0301ST,05,066,District - Nainital (11),Urban,15-59,Marginal workers_Worked for 3 to 6 months_Total_Females,7,DDW-0500B-01ST-Census.xls,01ST
B0301ST,05,067,District - Udham Singh Nagar (12),Total,Total,Marginal workers_Worked for 3 to 6 months_Total_Females,9721,DDW-0500B-01ST-Census.xls,01ST
B0301ST,05,067,District - Udham Singh Nagar (12),Total,5-14,Marginal workers_Worked for 3 to 6 months_Total_Females,252,DDW-0500B-01ST-Census.xls,01ST
B0301ST,05,067,District - Udham Singh Nagar (12),Total,15-34,Marginal workers_Worked for 3 to 6 months_Total_Females,5175,DDW-0500B-01ST-Census.xls,01ST
B0301ST,05,067,District - Udham Singh Nagar (12),Total,35-59,Marginal workers_Worked for 3 to 6 months_Total_Females,3719,DDW-0500B-01ST-Census.xls,01ST
B0301ST,05,067,District - Udham Singh Nagar (12),Total,60+,Marginal workers_Worked for 3 to 6 months_Total_Females,565,DDW-0500B-01ST-Census.xls,01ST
B0301ST,05,067,District - Udham Singh Nagar (12),Total,Age not stated,Marginal workers_Worked for 3 to 6 months_Total_Females,10,DDW-0500B-01ST-Census.xls,01ST
B0301ST,05,067,District - Udham Singh Nagar (12),Total,15-59,Marginal workers_Worked for 3 to 6 months_Total_Females,8894,DDW-0500B-01ST-Census.xls,01ST
B0301ST,05,067,District - Udham Singh Nagar (12),Rural,Total,Marginal workers_Worked for 3 to 6 months_Total_Females,9538,DDW-0500B-01ST-Census.xls,01ST
B0301ST,05,067,District - Udham Singh Nagar (12),Rural,5-14,Marginal workers_Worked for 3 to 6 months_Total_Females,233,DDW-0500B-01ST-Census.xls,01ST
B0301ST,05,067,District - Udham Singh Nagar (12),Rural,15-34,Marginal workers_Worked for 3 to 6 months_Total_Females,5070,DDW-0500B-01ST-Census.xls,01ST
B0301ST,05,067,District - Udham Singh Nagar (12),Rural,35-59,Marginal workers_Worked for 3 to 6 months_Total_Females,3667,DDW-0500B-01ST-Census.xls,01ST
B0301ST,05,067,District - Udham Singh Nagar (12),Rural,60+,Marginal workers_Worked for 3 to 6 months_Total_Females,558,DDW-0500B-01ST-Census.xls,01ST
B0301ST,05,067,District - Udham Singh Nagar (12),Rural,Age not stated,Marginal workers_Worked for 3 to 6 months_Total_Females,10,DDW-0500B-01ST-Census.xls,01ST
B0301ST,05,067,District - Udham Singh Nagar (12),Rural,15-59,Marginal workers_Worked for 3 to 6 months_Total_Females,8737,DDW-0500B-01ST-Census.xls,01ST
B0301ST,05,067,District - Udham Singh Nagar (12),Urban,Total,Marginal workers_Worked for 3 to 6 months_Total_Females,183,DDW-0500B-01ST-Census.xls,01ST
B0301ST,05,067,District - Udham Singh Nagar (12),Urban,5-14,Marginal workers_Worked for 3 to 6 months_Total_Females,19,DDW-0500B-01ST-Census.xls,01ST
B0301ST,05,067,District - Udham Singh Nagar (12),Urban,15-34,Marginal workers_Worked for 3 to 6 months_Total_Females,105,DDW-0500B-01ST-Census.xls,01ST
B0301ST,05,067,District - Udham Singh Nagar (12),Urban,35-59,Marginal workers_Worked for 3 to 6 months_Total_Females,52,DDW-0500B-01ST-Census.xls,01ST
B0301ST,05,067,District - Udham Singh Nagar (12),Urban,60+,Marginal workers_Worked for 3 to 6 months_Total_Females,7,DDW-0500B-01ST-Census.xls,01ST
B0301ST,05,067,District - Udham Singh Nagar (12),Urban,Age not stated,Marginal workers_Worked for 3 to 6 months_Total_Females,0,DDW-0500B-01ST-Census.xls,01ST
B0301ST,05,067,District - Udham Singh Nagar (12),Urban,15-59,Marginal workers_Worked for 3 to 6 months_Total_Females,157,DDW-0500B-01ST-Census.xls,01ST
B0301ST,05,068,District - Hardwar (13),Total,Total,Marginal workers_Worked for 3 to 6 months_Total_Females,126,DDW-0500B-01ST-Census.xls,01ST
B0301ST,05,068,District - Hardwar (13),Total,5-14,Marginal workers_Worked for 3 to 6 months_Total_Females,7,DDW-0500B-01ST-Census.xls,01ST
B0301ST,05,068,District - Hardwar (13),Total,15-34,Marginal workers_Worked for 3 to 6 months_Total_Females,54,DDW-0500B-01ST-Census.xls,01ST
B0301ST,05,068,District - Hardwar (13),Total,35-59,Marginal workers_Worked for 3 to 6 months_Total_Females,52,DDW-0500B-01ST-Census.xls,01ST
B0301ST,05,068,District - Hardwar (13),Total,60+,Marginal workers_Worked for 3 to 6 months_Total_Females,13,DDW-0500B-01ST-Census.xls,01ST
B0301ST,05,068,District - Hardwar (13),Total,Age not stated,Marginal workers_Worked for 3 to 6 months_Total_Females,0,DDW-0500B-01ST-Census.xls,01ST
B0301ST,05,068,District - Hardwar (13),Total,15-59,Marginal workers_Worked for 3 to 6 months_Total_Females,106,DDW-0500B-01ST-Census.xls,01ST
B0301ST,05,068,District - Hardwar (13),Rural,Total,Marginal workers_Worked for 3 to 6 months_Total_Females,110,DDW-0500B-01ST-Census.xls,01ST
B0301ST,05,068,District - Hardwar (13),Rural,5-14,Marginal workers_Worked for 3 to 6 months_Total_Females,7,DDW-0500B-01ST-Census.xls,01ST
B0301ST,05,068,District - Hardwar (13),Rural,15-34,Marginal workers_Worked for 3 to 6 months_Total_Females,48,DDW-0500B-01ST-Census.xls,01ST
B0301ST,05,068,District - Hardwar (13),Rural,35-59,Marginal workers_Worked for 3 to 6 months_Total_Females,43,DDW-0500B-01ST-Census.xls,01ST
B0301ST,05,068,District - Hardwar (13),Rural,60+,Marginal workers_Worked for 3 to 6 months_Total_Females,12,DDW-0500B-01ST-Census.xls,01ST
B0301ST,05,068,District - Hardwar (13),Rural,Age not stated,Marginal workers_Worked for 3 to 6 months_Total_Females,0,DDW-0500B-01ST-Census.xls,01ST
B0301ST,05,068,District - Hardwar (13),Rural,15-59,Marginal workers_Worked for 3 to 6 months_Total_Females,91,DDW-0500B-01ST-Census.xls,01ST
B0301ST,05,068,District - Hardwar (13),Urban,Total,Marginal workers_Worked for 3 to 6 months_Total_Females,16,DDW-0500B-01ST-Census.xls,01ST
B0301ST,05,068,District - Hardwar (13),Urban,5-14,Marginal workers_Worked for 3 to 6 months_Total_Females,0,DDW-0500B-01ST-Census.xls,01ST
B0301ST,05,068,District - Hardwar (13),Urban,15-34,Marginal workers_Worked for 3 to 6 months_Total_Females,6,DDW-0500B-01ST-Census.xls,01ST
B0301ST,05,068,District - Hardwar (13),Urban,35-59,Marginal workers_Worked for 3 to 6 months_Total_Females,9,DDW-0500B-01ST-Census.xls,01ST
B0301ST,05,068,District - Hardwar (13),Urban,60+,Marginal workers_Worked for 3 to 6 months_Total_Females,1,DDW-0500B-01ST-Census.xls,01ST
B0301ST,05,068,District - Hardwar (13),Urban,Age not stated,Marginal workers_Worked for 3 to 6 months_Total_Females,0,DDW-0500B-01ST-Census.xls,01ST
B0301ST,05,068,District - Hardwar (13),Urban,15-59,Marginal workers_Worked for 3 to 6 months_Total_Females,15,DDW-0500B-01ST-Census.xls,01ST
B0301ST,05,000,State - UTTARAKHAND (05),Total,Total,Marginal workers_Seeking/available for work_Persons,16312,DDW-0500B-01ST-Census.xls,01ST
B0301ST,05,000,State - UTTARAKHAND (05),Total,5-14,Marginal workers_Seeking/available for work_Persons,321,DDW-0500B-01ST-Census.xls,01ST
B0301ST,05,000,State - UTTARAKHAND (05),Total,15-34,Marginal workers_Seeking/available for work_Persons,10367,DDW-0500B-01ST-Census.xls,01ST
B0301ST,05,000,State - UTTARAKHAND (05),Total,35-59,Marginal workers_Seeking/available for work_Persons,4807,DDW-0500B-01ST-Census.xls,01ST
B0301ST,05,000,State - UTTARAKHAND (05),Total,60+,Marginal workers_Seeking/available for work_Persons,793,DDW-0500B-01ST-Census.xls,01ST
B0301ST,05,000,State - UTTARAKHAND (05),Total,Age not stated,Marginal workers_Seeking/available for work_Persons,24,DDW-0500B-01ST-Census.xls,01ST
B0301ST,05,000,State - UTTARAKHAND (05),Total,15-59,Marginal workers_Seeking/available for work_Persons,15174,DDW-0500B-01ST-Census.xls,01ST
B0301ST,05,000,State - UTTARAKHAND (05),Rural,Total,Marginal workers_Seeking/available for work_Persons,15770,DDW-0500B-01ST-Census.xls,01ST
B0301ST,05,000,State - UTTARAKHAND (05),Rural,5-14,Marginal workers_Seeking/available for work_Persons,307,DDW-0500B-01ST-Census.xls,01ST
B0301ST,05,000,State - UTTARAKHAND (05),Rural,15-34,Marginal workers_Seeking/available for work_Persons,10006,DDW-0500B-01ST-Census.xls,01ST
B0301ST,05,000,State - UTTARAKHAND (05),Rural,35-59,Marginal workers_Seeking/available for work_Persons,4654,DDW-0500B-01ST-Census.xls,01ST
B0301ST,05,000,State - UTTARAKHAND (05),Rural,60+,Marginal workers_Seeking/available for work_Persons,780,DDW-0500B-01ST-Census.xls,01ST
B0301ST,05,000,State - UTTARAKHAND (05),Rural,Age not stated,Marginal workers_Seeking/available for work_Persons,23,DDW-0500B-01ST-Census.xls,01ST
B0301ST,05,000,State - UTTARAKHAND (05),Rural,15-59,Marginal workers_Seeking/available for work_Persons,14660,DDW-0500B-01ST-Census.xls,01ST
B0301ST,05,000,State - UTTARAKHAND (05),Urban,Total,Marginal workers_Seeking/available for work_Persons,542,DDW-0500B-01ST-Census.xls,01ST
B0301ST,05,000,State - UTTARAKHAND (05),Urban,5-14,Marginal workers_Seeking/available for work_Persons,14,DDW-0500B-01ST-Census.xls,01ST
B0301ST,05,000,State - UTTARAKHAND (05),Urban,15-34,Marginal workers_Seeking/available for work_Persons,361,DDW-0500B-01ST-Census.xls,01ST
B0301ST,05,000,State - UTTARAKHAND (05),Urban,35-59,Marginal workers_Seeking/available for work_Persons,153,DDW-0500B-01ST-Census.xls,01ST
B0301ST,05,000,State - UTTARAKHAND (05),Urban,60+,Marginal workers_Seeking/available for work_Persons,13,DDW-0500B-01ST-Census.xls,01ST
B0301ST,05,000,State - UTTARAKHAND (05),Urban,Age not stated,Marginal workers_Seeking/available for work_Persons,1,DDW-0500B-01ST-Census.xls,01ST
B0301ST,05,000,State - UTTARAKHAND (05),Urban,15-59,Marginal workers_Seeking/available for work_Persons,514,DDW-0500B-01ST-Census.xls,01ST
B0301ST,05,056,District - Uttarkashi (01),Total,Total,Marginal workers_Seeking/available for work_Persons,233,DDW-0500B-01ST-Census.xls,01ST
B0301ST,05,056,District - Uttarkashi (01),Total,5-14,Marginal workers_Seeking/available for work_Persons,1,DDW-0500B-01ST-Census.xls,01ST
B0301ST,05,056,District - Uttarkashi (01),Total,15-34,Marginal workers_Seeking/available for work_Persons,94,DDW-0500B-01ST-Census.xls,01ST
B0301ST,05,056,District - Uttarkashi (01),Total,35-59,Marginal workers_Seeking/available for work_Persons,120,DDW-0500B-01ST-Census.xls,01ST
B0301ST,05,056,District - Uttarkashi (01),Total,60+,Marginal workers_Seeking/available for work_Persons,18,DDW-0500B-01ST-Census.xls,01ST
B0301ST,05,056,District - Uttarkashi (01),Total,Age not stated,Marginal workers_Seeking/available for work_Persons,0,DDW-0500B-01ST-Census.xls,01ST
B0301ST,05,056,District - Uttarkashi (01),Total,15-59,Marginal workers_Seeking/available for work_Persons,214,DDW-0500B-01ST-Census.xls,01ST
B0301ST,05,056,District - Uttarkashi (01),Rural,Total,Marginal workers_Seeking/available for work_Persons,232,DDW-0500B-01ST-Census.xls,01ST
B0301ST,05,056,District - Uttarkashi (01),Rural,5-14,Marginal workers_Seeking/available for work_Persons,1,DDW-0500B-01ST-Census.xls,01ST
B0301ST,05,056,District - Uttarkashi (01),Rural,15-34,Marginal workers_Seeking/available for work_Persons,93,DDW-0500B-01ST-Census.xls,01ST
B0301ST,05,056,District - Uttarkashi (01),Rural,35-59,Marginal workers_Seeking/available for work_Persons,120,DDW-0500B-01ST-Census.xls,01ST
B0301ST,05,056,District - Uttarkashi (01),Rural,60+,Marginal workers_Seeking/available for work_Persons,18,DDW-0500B-01ST-Census.xls,01ST
B0301ST,05,056,District - Uttarkashi (01),Rural,Age not stated,Marginal workers_Seeking/available for work_Persons,0,DDW-0500B-01ST-Census.xls,01ST
B0301ST,05,056,District - Uttarkashi (01),Rural,15-59,Marginal workers_Seeking/available for work_Persons,213,DDW-0500B-01ST-Census.xls,01ST
B0301ST,05,056,District - Uttarkashi (01),Urban,Total,Marginal workers_Seeking/available for work_Persons,1,DDW-0500B-01ST-Census.xls,01ST
B0301ST,05,056,District - Uttarkashi (01),Urban,5-14,Marginal workers_Seeking/available for work_Persons,0,DDW-0500B-01ST-Census.xls,01ST
B0301ST,05,056,District - Uttarkashi (01),Urban,15-34,Marginal workers_Seeking/available for work_Persons,1,DDW-0500B-01ST-Census.xls,01ST
B0301ST,05,056,District - Uttarkashi (01),Urban,35-59,Marginal workers_Seeking/available for work_Persons,0,DDW-0500B-01ST-Census.xls,01ST
B0301ST,05,056,District - Uttarkashi (01),Urban,60+,Marginal workers_Seeking/available for work_Persons,0,DDW-0500B-01ST-Census.xls,01ST
B0301ST,05,056,District - Uttarkashi (01),Urban,Age not stated,Marginal workers_Seeking/available for work_Persons,0,DDW-0500B-01ST-Census.xls,01ST
B0301ST,05,056,District - Uttarkashi (01),Urban,15-59,Marginal workers_Seeking/available for work_Persons,1,DDW-0500B-01ST-Census.xls,01ST
B0301ST,05,057,District - Chamoli (02),Total,Total,Marginal workers_Seeking/available for work_Persons,1231,DDW-0500B-01ST-Census.xls,01ST
B0301ST,05,057,District - Chamoli (02),Total,5-14,Marginal workers_Seeking/available for work_Persons,14,DDW-0500B-01ST-Census.xls,01ST
B0301ST,05,057,District - Chamoli (02),Total,15-34,Marginal workers_Seeking/available for work_Persons,811,DDW-0500B-01ST-Census.xls,01ST
B0301ST,05,057,District - Chamoli (02),Total,35-59,Marginal workers_Seeking/available for work_Persons,348,DDW-0500B-01ST-Census.xls,01ST
B0301ST,05,057,District - Chamoli (02),Total,60+,Marginal workers_Seeking/available for work_Persons,57,DDW-0500B-01ST-Census.xls,01ST
B0301ST,05,057,District - Chamoli (02),Total,Age not stated,Marginal workers_Seeking/available for work_Persons,1,DDW-0500B-01ST-Census.xls,01ST
B0301ST,05,057,District - Chamoli (02),Total,15-59,Marginal workers_Seeking/available for work_Persons,1159,DDW-0500B-01ST-Census.xls,01ST
B0301ST,05,057,District - Chamoli (02),Rural,Total,Marginal workers_Seeking/available for work_Persons,1190,DDW-0500B-01ST-Census.xls,01ST
B0301ST,05,057,District - Chamoli (02),Rural,5-14,Marginal workers_Seeking/available for work_Persons,14,DDW-0500B-01ST-Census.xls,01ST
B0301ST,05,057,District - Chamoli (02),Rural,15-34,Marginal workers_Seeking/available for work_Persons,789,DDW-0500B-01ST-Census.xls,01ST
B0301ST,05,057,District - Chamoli (02),Rural,35-59,Marginal workers_Seeking/available for work_Persons,331,DDW-0500B-01ST-Census.xls,01ST
B0301ST,05,057,District - Chamoli (02),Rural,60+,Marginal workers_Seeking/available for work_Persons,55,DDW-0500B-01ST-Census.xls,01ST
B0301ST,05,057,District - Chamoli (02),Rural,Age not stated,Marginal workers_Seeking/available for work_Persons,1,DDW-0500B-01ST-Census.xls,01ST
B0301ST,05,057,District - Chamoli (02),Rural,15-59,Marginal workers_Seeking/available for work_Persons,1120,DDW-0500B-01ST-Census.xls,01ST
B0301ST,05,057,District - Chamoli (02),Urban,Total,Marginal workers_Seeking/available for work_Persons,41,DDW-0500B-01ST-Census.xls,01ST
B0301ST,05,057,District - Chamoli (02),Urban,5-14,Marginal workers_Seeking/available for work_Persons,0,DDW-0500B-01ST-Census.xls,01ST
B0301ST,05,057,District - Chamoli (02),Urban,15-34,Marginal workers_Seeking/available for work_Persons,22,DDW-0500B-01ST-Census.xls,01ST
B0301ST,05,057,District - Chamoli (02),Urban,35-59,Marginal workers_Seeking/available for work_Persons,17,DDW-0500B-01ST-Census.xls,01ST
B0301ST,05,057,District - Chamoli (02),Urban,60+,Marginal workers_Seeking/available for work_Persons,2,DDW-0500B-01ST-Census.xls,01ST
B0301ST,05,057,District - Chamoli (02),Urban,Age not stated,Marginal workers_Seeking/available for work_Persons,0,DDW-0500B-01ST-Census.xls,01ST
B0301ST,05,057,District - Chamoli (02),Urban,15-59,Marginal workers_Seeking/available for work_Persons,39,DDW-0500B-01ST-Census.xls,01ST
B0301ST,05,058,District - Rudraprayag (03),Total,Total,Marginal workers_Seeking/available for work_Persons,36,DDW-0500B-01ST-Census.xls,01ST
B0301ST,05,058,District - Rudraprayag (03),Total,5-14,Marginal workers_Seeking/available for work_Persons,1,DDW-0500B-01ST-Census.xls,01ST
B0301ST,05,058,District - Rudraprayag (03),Total,15-34,Marginal workers_Seeking/available for work_Persons,16,DDW-0500B-01ST-Census.xls,01ST
B0301ST,05,058,District - Rudraprayag (03),Total,35-59,Marginal workers_Seeking/available for work_Persons,15,DDW-0500B-01ST-Census.xls,01ST
B0301ST,05,058,District - Rudraprayag (03),Total,60+,Marginal workers_Seeking/available for work_Persons,4,DDW-0500B-01ST-Census.xls,01ST
B0301ST,05,058,District - Rudraprayag (03),Total,Age not stated,Marginal workers_Seeking/available for work_Persons,0,DDW-0500B-01ST-Census.xls,01ST
B0301ST,05,058,District - Rudraprayag (03),Total,15-59,Marginal workers_Seeking/available for work_Persons,31,DDW-0500B-01ST-Census.xls,01ST
B0301ST,05,058,District - Rudraprayag (03),Rural,Total,Marginal workers_Seeking/available for work_Persons,22,DDW-0500B-01ST-Census.xls,01ST
B0301ST,05,058,District - Rudraprayag (03),Rural,5-14,Marginal workers_Seeking/available for work_Persons,1,DDW-0500B-01ST-Census.xls,01ST
B0301ST,05,058,District - Rudraprayag (03),Rural,15-34,Marginal workers_Seeking/available for work_Persons,10,DDW-0500B-01ST-Census.xls,01ST
B0301ST,05,058,District - Rudraprayag (03),Rural,35-59,Marginal workers_Seeking/available for work_Persons,10,DDW-0500B-01ST-Census.xls,01ST
B0301ST,05,058,District - Rudraprayag (03),Rural,60+,Marginal workers_Seeking/available for work_Persons,1,DDW-0500B-01ST-Census.xls,01ST
B0301ST,05,058,District - Rudraprayag (03),Rural,Age not stated,Marginal workers_Seeking/available for work_Persons,0,DDW-0500B-01ST-Census.xls,01ST
B0301ST,05,058,District - Rudraprayag (03),Rural,15-59,Marginal workers_Seeking/available for work_Persons,20,DDW-0500B-01ST-Census.xls,01ST
B0301ST,05,058,District - Rudraprayag (03),Urban,Total,Marginal workers_Seeking/available for work_Persons,14,DDW-0500B-01ST-Census.xls,01ST
B0301ST,05,058,District - Rudraprayag (03),Urban,5-14,Marginal workers_Seeking/available for work_Persons,0,DDW-0500B-01ST-Census.xls,01ST
B0301ST,05,058,District - Rudraprayag (03),Urban,15-34,Marginal workers_Seeking/available for work_Persons,6,DDW-0500B-01ST-Census.xls,01ST
B0301ST,05,058,District - Rudraprayag (03),Urban,35-59,Marginal workers_Seeking/available for work_Persons,5,DDW-0500B-01ST-Census.xls,01ST
B0301ST,05,058,District - Rudraprayag (03),Urban,60+,Marginal workers_Seeking/available for work_Persons,3,DDW-0500B-01ST-Census.xls,01ST
B0301ST,05,058,District - Rudraprayag (03),Urban,Age not stated,Marginal workers_Seeking/available for work_Persons,0,DDW-0500B-01ST-Census.xls,01ST
B0301ST,05,058,District - Rudraprayag (03),Urban,15-59,Marginal workers_Seeking/available for work_Persons,11,DDW-0500B-01ST-Census.xls,01ST
B0301ST,05,059,District - Tehri Garhwal (04),Total,Total,Marginal workers_Seeking/available for work_Persons,34,DDW-0500B-01ST-Census.xls,01ST
B0301ST,05,059,District - Tehri Garhwal (04),Total,5-14,Marginal workers_Seeking/available for work_Persons,5,DDW-0500B-01ST-Census.xls,01ST
B0301ST,05,059,District - Tehri Garhwal (04),Total,15-34,Marginal workers_Seeking/available for work_Persons,20,DDW-0500B-01ST-Census.xls,01ST
B0301ST,05,059,District - Tehri Garhwal (04),Total,35-59,Marginal workers_Seeking/available for work_Persons,8,DDW-0500B-01ST-Census.xls,01ST
B0301ST,05,059,District - Tehri Garhwal (04),Total,60+,Marginal workers_Seeking/available for work_Persons,1,DDW-0500B-01ST-Census.xls,01ST
B0301ST,05,059,District - Tehri Garhwal (04),Total,Age not stated,Marginal workers_Seeking/available for work_Persons,0,DDW-0500B-01ST-Census.xls,01ST
B0301ST,05,059,District - Tehri Garhwal (04),Total,15-59,Marginal workers_Seeking/available for work_Persons,28,DDW-0500B-01ST-Census.xls,01ST
B0301ST,05,059,District - Tehri Garhwal (04),Rural,Total,Marginal workers_Seeking/available for work_Persons,29,DDW-0500B-01ST-Census.xls,01ST
B0301ST,05,059,District - Tehri Garhwal (04),Rural,5-14,Marginal workers_Seeking/available for work_Persons,3,DDW-0500B-01ST-Census.xls,01ST
B0301ST,05,059,District - Tehri Garhwal (04),Rural,15-34,Marginal workers_Seeking/available for work_Persons,17,DDW-0500B-01ST-Census.xls,01ST
B0301ST,05,059,District - Tehri Garhwal (04),Rural,35-59,Marginal workers_Seeking/available for work_Persons,8,DDW-0500B-01ST-Census.xls,01ST
B0301ST,05,059,District - Tehri Garhwal (04),Rural,60+,Marginal workers_Seeking/available for work_Persons,1,DDW-0500B-01ST-Census.xls,01ST
B0301ST,05,059,District - Tehri Garhwal (04),Rural,Age not stated,Marginal workers_Seeking/available for work_Persons,0,DDW-0500B-01ST-Census.xls,01ST
B0301ST,05,059,District - Tehri Garhwal (04),Rural,15-59,Marginal workers_Seeking/available for work_Persons,25,DDW-0500B-01ST-Census.xls,01ST
B0301ST,05,059,District - Tehri Garhwal (04),Urban,Total,Marginal workers_Seeking/available for work_Persons,5,DDW-0500B-01ST-Census.xls,01ST
B0301ST,05,059,District - Tehri Garhwal (04),Urban,5-14,Marginal workers_Seeking/available for work_Persons,2,DDW-0500B-01ST-Census.xls,01ST
B0301ST,05,059,District - Tehri Garhwal (04),Urban,15-34,Marginal workers_Seeking/available for work_Persons,3,DDW-0500B-01ST-Census.xls,01ST
B0301ST,05,059,District - Tehri Garhwal (04),Urban,35-59,Marginal workers_Seeking/available for work_Persons,0,DDW-0500B-01ST-Census.xls,01ST
B0301ST,05,059,District - Tehri Garhwal (04),Urban,60+,Marginal workers_Seeking/available for work_Persons,0,DDW-0500B-01ST-Census.xls,01ST
B0301ST,05,059,District - Tehri Garhwal (04),Urban,Age not stated,Marginal workers_Seeking/available for work_Persons,0,DDW-0500B-01ST-Census.xls,01ST
B0301ST,05,059,District - Tehri Garhwal (04),Urban,15-59,Marginal workers_Seeking/available for work_Persons,3,DDW-0500B-01ST-Census.xls,01ST
B0301ST,05,060,District - Dehradun (05),Total,Total,Marginal workers_Seeking/available for work_Persons,3933,DDW-0500B-01ST-Census.xls,01ST
B0301ST,05,060,District - Dehradun (05),Total,5-14,Marginal workers_Seeking/available for work_Persons,92,DDW-0500B-01ST-Census.xls,01ST
B0301ST,05,060,District - Dehradun (05),Total,15-34,Marginal workers_Seeking/available for work_Persons,2451,DDW-0500B-01ST-Census.xls,01ST
B0301ST,05,060,District - Dehradun (05),Total,35-59,Marginal workers_Seeking/available for work_Persons,1112,DDW-0500B-01ST-Census.xls,01ST
B0301ST,05,060,District - Dehradun (05),Total,60+,Marginal workers_Seeking/available for work_Persons,268,DDW-0500B-01ST-Census.xls,01ST
B0301ST,05,060,District - Dehradun (05),Total,Age not stated,Marginal workers_Seeking/available for work_Persons,10,DDW-0500B-01ST-Census.xls,01ST
B0301ST,05,060,District - Dehradun (05),Total,15-59,Marginal workers_Seeking/available for work_Persons,3563,DDW-0500B-01ST-Census.xls,01ST
B0301ST,05,060,District - Dehradun (05),Rural,Total,Marginal workers_Seeking/available for work_Persons,3731,DDW-0500B-01ST-Census.xls,01ST
B0301ST,05,060,District - Dehradun (05),Rural,5-14,Marginal workers_Seeking/available for work_Persons,86,DDW-0500B-01ST-Census.xls,01ST
B0301ST,05,060,District - Dehradun (05),Rural,15-34,Marginal workers_Seeking/available for work_Persons,2308,DDW-0500B-01ST-Census.xls,01ST
B0301ST,05,060,District - Dehradun (05),Rural,35-59,Marginal workers_Seeking/available for work_Persons,1065,DDW-0500B-01ST-Census.xls,01ST
B0301ST,05,060,District - Dehradun (05),Rural,60+,Marginal workers_Seeking/available for work_Persons,263,DDW-0500B-01ST-Census.xls,01ST
B0301ST,05,060,District - Dehradun (05),Rural,Age not stated,Marginal workers_Seeking/available for work_Persons,9,DDW-0500B-01ST-Census.xls,01ST
B0301ST,05,060,District - Dehradun (05),Rural,15-59,Marginal workers_Seeking/available for work_Persons,3373,DDW-0500B-01ST-Census.xls,01ST
B0301ST,05,060,District - Dehradun (05),Urban,Total,Marginal workers_Seeking/available for work_Persons,202,DDW-0500B-01ST-Census.xls,01ST
B0301ST,05,060,District - Dehradun (05),Urban,5-14,Marginal workers_Seeking/available for work_Persons,6,DDW-0500B-01ST-Census.xls,01ST
B0301ST,05,060,District - Dehradun (05),Urban,15-34,Marginal workers_Seeking/available for work_Persons,143,DDW-0500B-01ST-Census.xls,01ST
B0301ST,05,060,District - Dehradun (05),Urban,35-59,Marginal workers_Seeking/available for work_Persons,47,DDW-0500B-01ST-Census.xls,01ST
B0301ST,05,060,District - Dehradun (05),Urban,60+,Marginal workers_Seeking/available for work_Persons,5,DDW-0500B-01ST-Census.xls,01ST
B0301ST,05,060,District - Dehradun (05),Urban,Age not stated,Marginal workers_Seeking/available for work_Persons,1,DDW-0500B-01ST-Census.xls,01ST
B0301ST,05,060,District - Dehradun (05),Urban,15-59,Marginal workers_Seeking/available for work_Persons,190,DDW-0500B-01ST-Census.xls,01ST
B0301ST,05,061,District - Garhwal (06),Total,Total,Marginal workers_Seeking/available for work_Persons,208,DDW-0500B-01ST-Census.xls,01ST
B0301ST,05,061,District - Garhwal (06),Total,5-14,Marginal workers_Seeking/available for work_Persons,0,DDW-0500B-01ST-Census.xls,01ST
B0301ST,05,061,District - Garhwal (06),Total,15-34,Marginal workers_Seeking/available for work_Persons,98,DDW-0500B-01ST-Census.xls,01ST
B0301ST,05,061,District - Garhwal (06),Total,35-59,Marginal workers_Seeking/available for work_Persons,91,DDW-0500B-01ST-Census.xls,01ST
B0301ST,05,061,District - Garhwal (06),Total,60+,Marginal workers_Seeking/available for work_Persons,18,DDW-0500B-01ST-Census.xls,01ST
B0301ST,05,061,District - Garhwal (06),Total,Age not stated,Marginal workers_Seeking/available for work_Persons,1,DDW-0500B-01ST-Census.xls,01ST
B0301ST,05,061,District - Garhwal (06),Total,15-59,Marginal workers_Seeking/available for work_Persons,189,DDW-0500B-01ST-Census.xls,01ST
B0301ST,05,061,District - Garhwal (06),Rural,Total,Marginal workers_Seeking/available for work_Persons,203,DDW-0500B-01ST-Census.xls,01ST
B0301ST,05,061,District - Garhwal (06),Rural,5-14,Marginal workers_Seeking/available for work_Persons,0,DDW-0500B-01ST-Census.xls,01ST
B0301ST,05,061,District - Garhwal (06),Rural,15-34,Marginal workers_Seeking/available for work_Persons,95,DDW-0500B-01ST-Census.xls,01ST
B0301ST,05,061,District - Garhwal (06),Rural,35-59,Marginal workers_Seeking/available for work_Persons,90,DDW-0500B-01ST-Census.xls,01ST
B0301ST,05,061,District - Garhwal (06),Rural,60+,Marginal workers_Seeking/available for work_Persons,17,DDW-0500B-01ST-Census.xls,01ST
B0301ST,05,061,District - Garhwal (06),Rural,Age not stated,Marginal workers_Seeking/available for work_Persons,1,DDW-0500B-01ST-Census.xls,01ST
B0301ST,05,061,District - Garhwal (06),Rural,15-59,Marginal workers_Seeking/available for work_Persons,185,DDW-0500B-01ST-Census.xls,01ST
B0301ST,05,061,District - Garhwal (06),Urban,Total,Marginal workers_Seeking/available for work_Persons,5,DDW-0500B-01ST-Census.xls,01ST
B0301ST,05,061,District - Garhwal (06),Urban,5-14,Marginal workers_Seeking/available for work_Persons,0,DDW-0500B-01ST-Census.xls,01ST
B0301ST,05,061,District - Garhwal (06),Urban,15-34,Marginal workers_Seeking/available for work_Persons,3,DDW-0500B-01ST-Census.xls,01ST
B0301ST,05,061,District - Garhwal (06),Urban,35-59,Marginal workers_Seeking/available for work_Persons,1,DDW-0500B-01ST-Census.xls,01ST
B0301ST,05,061,District - Garhwal (06),Urban,60+,Marginal workers_Seeking/available for work_Persons,1,DDW-0500B-01ST-Census.xls,01ST
B0301ST,05,061,District - Garhwal (06),Urban,Age not stated,Marginal workers_Seeking/available for work_Persons,0,DDW-0500B-01ST-Census.xls,01ST
B0301ST,05,061,District - Garhwal (06),Urban,15-59,Marginal workers_Seeking/available for work_Persons,4,DDW-0500B-01ST-Census.xls,01ST
B0301ST,05,062,District - Pithoragarh (07),Total,Total,Marginal workers_Seeking/available for work_Persons,1294,DDW-0500B-01ST-Census.xls,01ST
B0301ST,05,062,District - Pithoragarh (07),Total,5-14,Marginal workers_Seeking/available for work_Persons,6,DDW-0500B-01ST-Census.xls,01ST
B0301ST,05,062,District - Pithoragarh (07),Total,15-34,Marginal workers_Seeking/available for work_Persons,761,DDW-0500B-01ST-Census.xls,01ST
B0301ST,05,062,District - Pithoragarh (07),Total,35-59,Marginal workers_Seeking/available for work_Persons,435,DDW-0500B-01ST-Census.xls,01ST
B0301ST,05,062,District - Pithoragarh (07),Total,60+,Marginal workers_Seeking/available for work_Persons,90,DDW-0500B-01ST-Census.xls,01ST
B0301ST,05,062,District - Pithoragarh (07),Total,Age not stated,Marginal workers_Seeking/available for work_Persons,2,DDW-0500B-01ST-Census.xls,01ST
B0301ST,05,062,District - Pithoragarh (07),Total,15-59,Marginal workers_Seeking/available for work_Persons,1196,DDW-0500B-01ST-Census.xls,01ST
B0301ST,05,062,District - Pithoragarh (07),Rural,Total,Marginal workers_Seeking/available for work_Persons,1230,DDW-0500B-01ST-Census.xls,01ST
B0301ST,05,062,District - Pithoragarh (07),Rural,5-14,Marginal workers_Seeking/available for work_Persons,6,DDW-0500B-01ST-Census.xls,01ST
B0301ST,05,062,District - Pithoragarh (07),Rural,15-34,Marginal workers_Seeking/available for work_Persons,732,DDW-0500B-01ST-Census.xls,01ST
B0301ST,05,062,District - Pithoragarh (07),Rural,35-59,Marginal workers_Seeking/available for work_Persons,400,DDW-0500B-01ST-Census.xls,01ST
B0301ST,05,062,District - Pithoragarh (07),Rural,60+,Marginal workers_Seeking/available for work_Persons,90,DDW-0500B-01ST-Census.xls,01ST
B0301ST,05,062,District - Pithoragarh (07),Rural,Age not stated,Marginal workers_Seeking/available for work_Persons,2,DDW-0500B-01ST-Census.xls,01ST
B0301ST,05,062,District - Pithoragarh (07),Rural,15-59,Marginal workers_Seeking/available for work_Persons,1132,DDW-0500B-01ST-Census.xls,01ST
B0301ST,05,062,District - Pithoragarh (07),Urban,Total,Marginal workers_Seeking/available for work_Persons,64,DDW-0500B-01ST-Census.xls,01ST
B0301ST,05,062,District - Pithoragarh (07),Urban,5-14,Marginal workers_Seeking/available for work_Persons,0,DDW-0500B-01ST-Census.xls,01ST
B0301ST,05,062,District - Pithoragarh (07),Urban,15-34,Marginal workers_Seeking/available for work_Persons,29,DDW-0500B-01ST-Census.xls,01ST
B0301ST,05,062,District - Pithoragarh (07),Urban,35-59,Marginal workers_Seeking/available for work_Persons,35,DDW-0500B-01ST-Census.xls,01ST
B0301ST,05,062,District - Pithoragarh (07),Urban,60+,Marginal workers_Seeking/available for work_Persons,0,DDW-0500B-01ST-Census.xls,01ST
B0301ST,05,062,District - Pithoragarh (07),Urban,Age not stated,Marginal workers_Seeking/available for work_Persons,0,DDW-0500B-01ST-Census.xls,01ST
B0301ST,05,062,District - Pithoragarh (07),Urban,15-59,Marginal workers_Seeking/available for work_Persons,64,DDW-0500B-01ST-Census.xls,01ST
B0301ST,05,063,District - Bageshwar (08),Total,Total,Marginal workers_Seeking/available for work_Persons,162,DDW-0500B-01ST-Census.xls,01ST
B0301ST,05,063,District - Bageshwar (08),Total,5-14,Marginal workers_Seeking/available for work_Persons,2,DDW-0500B-01ST-Census.xls,01ST
B0301ST,05,063,District - Bageshwar (08),Total,15-34,Marginal workers_Seeking/available for work_Persons,113,DDW-0500B-01ST-Census.xls,01ST
B0301ST,05,063,District - Bageshwar (08),Total,35-59,Marginal workers_Seeking/available for work_Persons,39,DDW-0500B-01ST-Census.xls,01ST
B0301ST,05,063,District - Bageshwar (08),Total,60+,Marginal workers_Seeking/available for work_Persons,8,DDW-0500B-01ST-Census.xls,01ST
B0301ST,05,063,District - Bageshwar (08),Total,Age not stated,Marginal workers_Seeking/available for work_Persons,0,DDW-0500B-01ST-Census.xls,01ST
B0301ST,05,063,District - Bageshwar (08),Total,15-59,Marginal workers_Seeking/available for work_Persons,152,DDW-0500B-01ST-Census.xls,01ST
B0301ST,05,063,District - Bageshwar (08),Rural,Total,Marginal workers_Seeking/available for work_Persons,162,DDW-0500B-01ST-Census.xls,01ST
B0301ST,05,063,District - Bageshwar (08),Rural,5-14,Marginal workers_Seeking/available for work_Persons,2,DDW-0500B-01ST-Census.xls,01ST
B0301ST,05,063,District - Bageshwar (08),Rural,15-34,Marginal workers_Seeking/available for work_Persons,113,DDW-0500B-01ST-Census.xls,01ST
B0301ST,05,063,District - Bageshwar (08),Rural,35-59,Marginal workers_Seeking/available for work_Persons,39,DDW-0500B-01ST-Census.xls,01ST
B0301ST,05,063,District - Bageshwar (08),Rural,60+,Marginal workers_Seeking/available for work_Persons,8,DDW-0500B-01ST-Census.xls,01ST
B0301ST,05,063,District - Bageshwar (08),Rural,Age not stated,Marginal workers_Seeking/available for work_Persons,0,DDW-0500B-01ST-Census.xls,01ST
B0301ST,05,063,District - Bageshwar (08),Rural,15-59,Marginal workers_Seeking/available for work_Persons,152,DDW-0500B-01ST-Census.xls,01ST
B0301ST,05,063,District - Bageshwar (08),Urban,Total,Marginal workers_Seeking/available for work_Persons,0,DDW-0500B-01ST-Census.xls,01ST
B0301ST,05,063,District - Bageshwar (08),Urban,5-14,Marginal workers_Seeking/available for work_Persons,0,DDW-0500B-01ST-Census.xls,01ST
B0301ST,05,063,District - Bageshwar (08),Urban,15-34,Marginal workers_Seeking/available for work_Persons,0,DDW-0500B-01ST-Census.xls,01ST
B0301ST,05,063,District - Bageshwar (08),Urban,35-59,Marginal workers_Seeking/available for work_Persons,0,DDW-0500B-01ST-Census.xls,01ST
B0301ST,05,063,District - Bageshwar (08),Urban,60+,Marginal workers_Seeking/available for work_Persons,0,DDW-0500B-01ST-Census.xls,01ST
B0301ST,05,063,District - Bageshwar (08),Urban,Age not stated,Marginal workers_Seeking/available for work_Persons,0,DDW-0500B-01ST-Census.xls,01ST
B0301ST,05,063,District - Bageshwar (08),Urban,15-59,Marginal workers_Seeking/available for work_Persons,0,DDW-0500B-01ST-Census.xls,01ST
B0301ST,05,064,"District - Almora
 (09)",Total,Total,Marginal workers_Seeking/available for work_Persons,29,DDW-0500B-01ST-Census.xls,01ST
B0301ST,05,064,"District - Almora
 (09)",Total,5-14,Marginal workers_Seeking/available for work_Persons,0,DDW-0500B-01ST-Census.xls,01ST
B0301ST,05,064,"District - Almora
 (09)",Total,15-34,Marginal workers_Seeking/available for work_Persons,18,DDW-0500B-01ST-Census.xls,01ST
B0301ST,05,064,"District - Almora
 (09)",Total,35-59,Marginal workers_Seeking/available for work_Persons,11,DDW-0500B-01ST-Census.xls,01ST
B0301ST,05,064,"District - Almora
 (09)",Total,60+,Marginal workers_Seeking/available for work_Persons,0,DDW-0500B-01ST-Census.xls,01ST
B0301ST,05,064,"District - Almora
 (09)",Total,Age not stated,Marginal workers_Seeking/available for work_Persons,0,DDW-0500B-01ST-Census.xls,01ST
B0301ST,05,064,"District - Almora
 (09)",Total,15-59,Marginal workers_Seeking/available for work_Persons,29,DDW-0500B-01ST-Census.xls,01ST
B0301ST,05,064,"District - Almora
 (09)",Rural,Total,Marginal workers_Seeking/available for work_Persons,26,DDW-0500B-01ST-Census.xls,01ST
B0301ST,05,064,"District - Almora
 (09)",Rural,5-14,Marginal workers_Seeking/available for work_Persons,0,DDW-0500B-01ST-Census.xls,01ST
B0301ST,05,064,"District - Almora
 (09)",Rural,15-34,Marginal workers_Seeking/available for work_Persons,17,DDW-0500B-01ST-Census.xls,01ST
B0301ST,05,064,"District - Almora
 (09)",Rural,35-59,Marginal workers_Seeking/available for work_Persons,9,DDW-0500B-01ST-Census.xls,01ST
B0301ST,05,064,"District - Almora
 (09)",Rural,60+,Marginal workers_Seeking/available for work_Persons,0,DDW-0500B-01ST-Census.xls,01ST
B0301ST,05,064,"District - Almora
 (09)",Rural,Age not stated,Marginal workers_Seeking/available for work_Persons,0,DDW-0500B-01ST-Census.xls,01ST
B0301ST,05,064,"District - Almora
 (09)",Rural,15-59,Marginal workers_Seeking/available for work_Persons,26,DDW-0500B-01ST-Census.xls,01ST
B0301ST,05,064,"District - Almora
 (09)",Urban,Total,Marginal workers_Seeking/available for work_Persons,3,DDW-0500B-01ST-Census.xls,01ST
B0301ST,05,064,"District - Almora
 (09)",Urban,5-14,Marginal workers_Seeking/available for work_Persons,0,DDW-0500B-01ST-Census.xls,01ST
B0301ST,05,064,"District - Almora
 (09)",Urban,15-34,Marginal workers_Seeking/available for work_Persons,1,DDW-0500B-01ST-Census.xls,01ST
B0301ST,05,064,"District - Almora
 (09)",Urban,35-59,Marginal workers_Seeking/available for work_Persons,2,DDW-0500B-01ST-Census.xls,01ST
B0301ST,05,064,"District - Almora
 (09)",Urban,60+,Marginal workers_Seeking/available for work_Persons,0,DDW-0500B-01ST-Census.xls,01ST
B0301ST,05,064,"District - Almora
 (09)",Urban,Age not stated,Marginal workers_Seeking/available for work_Persons,0,DDW-0500B-01ST-Census.xls,01ST
B0301ST,05,064,"District - Almora
 (09)",Urban,15-59,Marginal workers_Seeking/available for work_Persons,3,DDW-0500B-01ST-Census.xls,01ST
B0301ST,05,065,District - Champawat (10),Total,Total,Marginal workers_Seeking/available for work_Persons,50,DDW-0500B-01ST-Census.xls,01ST
B0301ST,05,065,District - Champawat (10),Total,5-14,Marginal workers_Seeking/available for work_Persons,1,DDW-0500B-01ST-Census.xls,01ST
B0301ST,05,065,District - Champawat (10),Total,15-34,Marginal workers_Seeking/available for work_Persons,28,DDW-0500B-01ST-Census.xls,01ST
B0301ST,05,065,District - Champawat (10),Total,35-59,Marginal workers_Seeking/available for work_Persons,20,DDW-0500B-01ST-Census.xls,01ST
B0301ST,05,065,District - Champawat (10),Total,60+,Marginal workers_Seeking/available for work_Persons,1,DDW-0500B-01ST-Census.xls,01ST
B0301ST,05,065,District - Champawat (10),Total,Age not stated,Marginal workers_Seeking/available for work_Persons,0,DDW-0500B-01ST-Census.xls,01ST
B0301ST,05,065,District - Champawat (10),Total,15-59,Marginal workers_Seeking/available for work_Persons,48,DDW-0500B-01ST-Census.xls,01ST
B0301ST,05,065,District - Champawat (10),Rural,Total,Marginal workers_Seeking/available for work_Persons,46,DDW-0500B-01ST-Census.xls,01ST
B0301ST,05,065,District - Champawat (10),Rural,5-14,Marginal workers_Seeking/available for work_Persons,1,DDW-0500B-01ST-Census.xls,01ST
B0301ST,05,065,District - Champawat (10),Rural,15-34,Marginal workers_Seeking/available for work_Persons,26,DDW-0500B-01ST-Census.xls,01ST
B0301ST,05,065,District - Champawat (10),Rural,35-59,Marginal workers_Seeking/available for work_Persons,18,DDW-0500B-01ST-Census.xls,01ST
B0301ST,05,065,District - Champawat (10),Rural,60+,Marginal workers_Seeking/available for work_Persons,1,DDW-0500B-01ST-Census.xls,01ST
B0301ST,05,065,District - Champawat (10),Rural,Age not stated,Marginal workers_Seeking/available for work_Persons,0,DDW-0500B-01ST-Census.xls,01ST
B0301ST,05,065,District - Champawat (10),Rural,15-59,Marginal workers_Seeking/available for work_Persons,44,DDW-0500B-01ST-Census.xls,01ST
B0301ST,05,065,District - Champawat (10),Urban,Total,Marginal workers_Seeking/available for work_Persons,4,DDW-0500B-01ST-Census.xls,01ST
B0301ST,05,065,District - Champawat (10),Urban,5-14,Marginal workers_Seeking/available for work_Persons,0,DDW-0500B-01ST-Census.xls,01ST
B0301ST,05,065,District - Champawat (10),Urban,15-34,Marginal workers_Seeking/available for work_Persons,2,DDW-0500B-01ST-Census.xls,01ST
B0301ST,05,065,District - Champawat (10),Urban,35-59,Marginal workers_Seeking/available for work_Persons,2,DDW-0500B-01ST-Census.xls,01ST
B0301ST,05,065,District - Champawat (10),Urban,60+,Marginal workers_Seeking/available for work_Persons,0,DDW-0500B-01ST-Census.xls,01ST
B0301ST,05,065,District - Champawat (10),Urban,Age not stated,Marginal workers_Seeking/available for work_Persons,0,DDW-0500B-01ST-Census.xls,01ST
B0301ST,05,065,District - Champawat (10),Urban,15-59,Marginal workers_Seeking/available for work_Persons,4,DDW-0500B-01ST-Census.xls,01ST
B0301ST,05,066,District - Nainital (11),Total,Total,Marginal workers_Seeking/available for work_Persons,291,DDW-0500B-01ST-Census.xls,01ST
B0301ST,05,066,District - Nainital (11),Total,5-14,Marginal workers_Seeking/available for work_Persons,4,DDW-0500B-01ST-Census.xls,01ST
B0301ST,05,066,District - Nainital (11),Total,15-34,Marginal workers_Seeking/available for work_Persons,164,DDW-0500B-01ST-Census.xls,01ST
B0301ST,05,066,District - Nainital (11),Total,35-59,Marginal workers_Seeking/available for work_Persons,102,DDW-0500B-01ST-Census.xls,01ST
B0301ST,05,066,District - Nainital (11),Total,60+,Marginal workers_Seeking/available for work_Persons,18,DDW-0500B-01ST-Census.xls,01ST
B0301ST,05,066,District - Nainital (11),Total,Age not stated,Marginal workers_Seeking/available for work_Persons,3,DDW-0500B-01ST-Census.xls,01ST
B0301ST,05,066,District - Nainital (11),Total,15-59,Marginal workers_Seeking/available for work_Persons,266,DDW-0500B-01ST-Census.xls,01ST
B0301ST,05,066,District - Nainital (11),Rural,Total,Marginal workers_Seeking/available for work_Persons,283,DDW-0500B-01ST-Census.xls,01ST
B0301ST,05,066,District - Nainital (11),Rural,5-14,Marginal workers_Seeking/available for work_Persons,4,DDW-0500B-01ST-Census.xls,01ST
B0301ST,05,066,District - Nainital (11),Rural,15-34,Marginal workers_Seeking/available for work_Persons,157,DDW-0500B-01ST-Census.xls,01ST
B0301ST,05,066,District - Nainital (11),Rural,35-59,Marginal workers_Seeking/available for work_Persons,101,DDW-0500B-01ST-Census.xls,01ST
B0301ST,05,066,District - Nainital (11),Rural,60+,Marginal workers_Seeking/available for work_Persons,18,DDW-0500B-01ST-Census.xls,01ST
B0301ST,05,066,District - Nainital (11),Rural,Age not stated,Marginal workers_Seeking/available for work_Persons,3,DDW-0500B-01ST-Census.xls,01ST
B0301ST,05,066,District - Nainital (11),Rural,15-59,Marginal workers_Seeking/available for work_Persons,258,DDW-0500B-01ST-Census.xls,01ST
B0301ST,05,066,District - Nainital (11),Urban,Total,Marginal workers_Seeking/available for work_Persons,8,DDW-0500B-01ST-Census.xls,01ST
B0301ST,05,066,District - Nainital (11),Urban,5-14,Marginal workers_Seeking/available for work_Persons,0,DDW-0500B-01ST-Census.xls,01ST
B0301ST,05,066,District - Nainital (11),Urban,15-34,Marginal workers_Seeking/available for work_Persons,7,DDW-0500B-01ST-Census.xls,01ST
B0301ST,05,066,District - Nainital (11),Urban,35-59,Marginal workers_Seeking/available for work_Persons,1,DDW-0500B-01ST-Census.xls,01ST
B0301ST,05,066,District - Nainital (11),Urban,60+,Marginal workers_Seeking/available for work_Persons,0,DDW-0500B-01ST-Census.xls,01ST
B0301ST,05,066,District - Nainital (11),Urban,Age not stated,Marginal workers_Seeking/available for work_Persons,0,DDW-0500B-01ST-Census.xls,01ST
B0301ST,05,066,District - Nainital (11),Urban,15-59,Marginal workers_Seeking/available for work_Persons,8,DDW-0500B-01ST-Census.xls,01ST
B0301ST,05,067,District - Udham Singh Nagar (12),Total,Total,Marginal workers_Seeking/available for work_Persons,8334,DDW-0500B-01ST-Census.xls,01ST
B0301ST,05,067,District - Udham Singh Nagar (12),Total,5-14,Marginal workers_Seeking/available for work_Persons,182,DDW-0500B-01ST-Census.xls,01ST
B0301ST,05,067,District - Udham Singh Nagar (12),Total,15-34,Marginal workers_Seeking/available for work_Persons,5539,DDW-0500B-01ST-Census.xls,01ST
B0301ST,05,067,District - Udham Singh Nagar (12),Total,35-59,Marginal workers_Seeking/available for work_Persons,2329,DDW-0500B-01ST-Census.xls,01ST
B0301ST,05,067,District - Udham Singh Nagar (12),Total,60+,Marginal workers_Seeking/available for work_Persons,277,DDW-0500B-01ST-Census.xls,01ST
B0301ST,05,067,District - Udham Singh Nagar (12),Total,Age not stated,Marginal workers_Seeking/available for work_Persons,7,DDW-0500B-01ST-Census.xls,01ST
B0301ST,05,067,District - Udham Singh Nagar (12),Total,15-59,Marginal workers_Seeking/available for work_Persons,7868,DDW-0500B-01ST-Census.xls,01ST
B0301ST,05,067,District - Udham Singh Nagar (12),Rural,Total,Marginal workers_Seeking/available for work_Persons,8147,DDW-0500B-01ST-Census.xls,01ST
B0301ST,05,067,District - Udham Singh Nagar (12),Rural,5-14,Marginal workers_Seeking/available for work_Persons,176,DDW-0500B-01ST-Census.xls,01ST
B0301ST,05,067,District - Udham Singh Nagar (12),Rural,15-34,Marginal workers_Seeking/available for work_Persons,5402,DDW-0500B-01ST-Census.xls,01ST
B0301ST,05,067,District - Udham Singh Nagar (12),Rural,35-59,Marginal workers_Seeking/available for work_Persons,2287,DDW-0500B-01ST-Census.xls,01ST
B0301ST,05,067,District - Udham Singh Nagar (12),Rural,60+,Marginal workers_Seeking/available for work_Persons,275,DDW-0500B-01ST-Census.xls,01ST
B0301ST,05,067,District - Udham Singh Nagar (12),Rural,Age not stated,Marginal workers_Seeking/available for work_Persons,7,DDW-0500B-01ST-Census.xls,01ST
B0301ST,05,067,District - Udham Singh Nagar (12),Rural,15-59,Marginal workers_Seeking/available for work_Persons,7689,DDW-0500B-01ST-Census.xls,01ST
B0301ST,05,067,District - Udham Singh Nagar (12),Urban,Total,Marginal workers_Seeking/available for work_Persons,187,DDW-0500B-01ST-Census.xls,01ST
B0301ST,05,067,District - Udham Singh Nagar (12),Urban,5-14,Marginal workers_Seeking/available for work_Persons,6,DDW-0500B-01ST-Census.xls,01ST
B0301ST,05,067,District - Udham Singh Nagar (12),Urban,15-34,Marginal workers_Seeking/available for work_Persons,137,DDW-0500B-01ST-Census.xls,01ST
B0301ST,05,067,District - Udham Singh Nagar (12),Urban,35-59,Marginal workers_Seeking/available for work_Persons,42,DDW-0500B-01ST-Census.xls,01ST
B0301ST,05,067,District - Udham Singh Nagar (12),Urban,60+,Marginal workers_Seeking/available for work_Persons,2,DDW-0500B-01ST-Census.xls,01ST
B0301ST,05,067,District - Udham Singh Nagar (12),Urban,Age not stated,Marginal workers_Seeking/available for work_Persons,0,DDW-0500B-01ST-Census.xls,01ST
B0301ST,05,067,District - Udham Singh Nagar (12),Urban,15-59,Marginal workers_Seeking/available for work_Persons,179,DDW-0500B-01ST-Census.xls,01ST
B0301ST,05,068,District - Hardwar (13),Total,Total,Marginal workers_Seeking/available for work_Persons,477,DDW-0500B-01ST-Census.xls,01ST
B0301ST,05,068,District - Hardwar (13),Total,5-14,Marginal workers_Seeking/available for work_Persons,13,DDW-0500B-01ST-Census.xls,01ST
B0301ST,05,068,District - Hardwar (13),Total,15-34,Marginal workers_Seeking/available for work_Persons,254,DDW-0500B-01ST-Census.xls,01ST
B0301ST,05,068,District - Hardwar (13),Total,35-59,Marginal workers_Seeking/available for work_Persons,177,DDW-0500B-01ST-Census.xls,01ST
B0301ST,05,068,District - Hardwar (13),Total,60+,Marginal workers_Seeking/available for work_Persons,33,DDW-0500B-01ST-Census.xls,01ST
B0301ST,05,068,District - Hardwar (13),Total,Age not stated,Marginal workers_Seeking/available for work_Persons,0,DDW-0500B-01ST-Census.xls,01ST
B0301ST,05,068,District - Hardwar (13),Total,15-59,Marginal workers_Seeking/available for work_Persons,431,DDW-0500B-01ST-Census.xls,01ST
B0301ST,05,068,District - Hardwar (13),Rural,Total,Marginal workers_Seeking/available for work_Persons,469,DDW-0500B-01ST-Census.xls,01ST
B0301ST,05,068,District - Hardwar (13),Rural,5-14,Marginal workers_Seeking/available for work_Persons,13,DDW-0500B-01ST-Census.xls,01ST
B0301ST,05,068,District - Hardwar (13),Rural,15-34,Marginal workers_Seeking/available for work_Persons,247,DDW-0500B-01ST-Census.xls,01ST
B0301ST,05,068,District - Hardwar (13),Rural,35-59,Marginal workers_Seeking/available for work_Persons,176,DDW-0500B-01ST-Census.xls,01ST
B0301ST,05,068,District - Hardwar (13),Rural,60+,Marginal workers_Seeking/available for work_Persons,33,DDW-0500B-01ST-Census.xls,01ST
B0301ST,05,068,District - Hardwar (13),Rural,Age not stated,Marginal workers_Seeking/available for work_Persons,0,DDW-0500B-01ST-Census.xls,01ST
B0301ST,05,068,District - Hardwar (13),Rural,15-59,Marginal workers_Seeking/available for work_Persons,423,DDW-0500B-01ST-Census.xls,01ST
B0301ST,05,068,District - Hardwar (13),Urban,Total,Marginal workers_Seeking/available for work_Persons,8,DDW-0500B-01ST-Census.xls,01ST
B0301ST,05,068,District - Hardwar (13),Urban,5-14,Marginal workers_Seeking/available for work_Persons,0,DDW-0500B-01ST-Census.xls,01ST
B0301ST,05,068,District - Hardwar (13),Urban,15-34,Marginal workers_Seeking/available for work_Persons,7,DDW-0500B-01ST-Census.xls,01ST
B0301ST,05,068,District - Hardwar (13),Urban,35-59,Marginal workers_Seeking/available for work_Persons,1,DDW-0500B-01ST-Census.xls,01ST
B0301ST,05,068,District - Hardwar (13),Urban,60+,Marginal workers_Seeking/available for work_Persons,0,DDW-0500B-01ST-Census.xls,01ST
B0301ST,05,068,District - Hardwar (13),Urban,Age not stated,Marginal workers_Seeking/available for work_Persons,0,DDW-0500B-01ST-Census.xls,01ST
B0301ST,05,068,District - Hardwar (13),Urban,15-59,Marginal workers_Seeking/available for work_Persons,8,DDW-0500B-01ST-Census.xls,01ST
B0301ST,05,000,State - UTTARAKHAND (05),Total,Total,Marginal workers_Seeking/available for work_Males,9828,DDW-0500B-01ST-Census.xls,01ST
B0301ST,05,000,State - UTTARAKHAND (05),Total,5-14,Marginal workers_Seeking/available for work_Males,173,DDW-0500B-01ST-Census.xls,01ST
B0301ST,05,000,State - UTTARAKHAND (05),Total,15-34,Marginal workers_Seeking/available for work_Males,6291,DDW-0500B-01ST-Census.xls,01ST
B0301ST,05,000,State - UTTARAKHAND (05),Total,35-59,Marginal workers_Seeking/available for work_Males,2860,DDW-0500B-01ST-Census.xls,01ST
B0301ST,05,000,State - UTTARAKHAND (05),Total,60+,Marginal workers_Seeking/available for work_Males,489,DDW-0500B-01ST-Census.xls,01ST
B0301ST,05,000,State - UTTARAKHAND (05),Total,Age not stated,Marginal workers_Seeking/available for work_Males,15,DDW-0500B-01ST-Census.xls,01ST
B0301ST,05,000,State - UTTARAKHAND (05),Total,15-59,Marginal workers_Seeking/available for work_Males,9151,DDW-0500B-01ST-Census.xls,01ST
B0301ST,05,000,State - UTTARAKHAND (05),Rural,Total,Marginal workers_Seeking/available for work_Males,9481,DDW-0500B-01ST-Census.xls,01ST
B0301ST,05,000,State - UTTARAKHAND (05),Rural,5-14,Marginal workers_Seeking/available for work_Males,169,DDW-0500B-01ST-Census.xls,01ST
B0301ST,05,000,State - UTTARAKHAND (05),Rural,15-34,Marginal workers_Seeking/available for work_Males,6060,DDW-0500B-01ST-Census.xls,01ST
B0301ST,05,000,State - UTTARAKHAND (05),Rural,35-59,Marginal workers_Seeking/available for work_Males,2759,DDW-0500B-01ST-Census.xls,01ST
B0301ST,05,000,State - UTTARAKHAND (05),Rural,60+,Marginal workers_Seeking/available for work_Males,478,DDW-0500B-01ST-Census.xls,01ST
B0301ST,05,000,State - UTTARAKHAND (05),Rural,Age not stated,Marginal workers_Seeking/available for work_Males,15,DDW-0500B-01ST-Census.xls,01ST
B0301ST,05,000,State - UTTARAKHAND (05),Rural,15-59,Marginal workers_Seeking/available for work_Males,8819,DDW-0500B-01ST-Census.xls,01ST
B0301ST,05,000,State - UTTARAKHAND (05),Urban,Total,Marginal workers_Seeking/available for work_Males,347,DDW-0500B-01ST-Census.xls,01ST
B0301ST,05,000,State - UTTARAKHAND (05),Urban,5-14,Marginal workers_Seeking/available for work_Males,4,DDW-0500B-01ST-Census.xls,01ST
B0301ST,05,000,State - UTTARAKHAND (05),Urban,15-34,Marginal workers_Seeking/available for work_Males,231,DDW-0500B-01ST-Census.xls,01ST
B0301ST,05,000,State - UTTARAKHAND (05),Urban,35-59,Marginal workers_Seeking/available for work_Males,101,DDW-0500B-01ST-Census.xls,01ST
B0301ST,05,000,State - UTTARAKHAND (05),Urban,60+,Marginal workers_Seeking/available for work_Males,11,DDW-0500B-01ST-Census.xls,01ST
B0301ST,05,000,State - UTTARAKHAND (05),Urban,Age not stated,Marginal workers_Seeking/available for work_Males,0,DDW-0500B-01ST-Census.xls,01ST
B0301ST,05,000,State - UTTARAKHAND (05),Urban,15-59,Marginal workers_Seeking/available for work_Males,332,DDW-0500B-01ST-Census.xls,01ST
B0301ST,05,056,District - Uttarkashi (01),Total,Total,Marginal workers_Seeking/available for work_Males,112,DDW-0500B-01ST-Census.xls,01ST
B0301ST,05,056,District - Uttarkashi (01),Total,5-14,Marginal workers_Seeking/available for work_Males,1,DDW-0500B-01ST-Census.xls,01ST
B0301ST,05,056,District - Uttarkashi (01),Total,15-34,Marginal workers_Seeking/available for work_Males,44,DDW-0500B-01ST-Census.xls,01ST
B0301ST,05,056,District - Uttarkashi (01),Total,35-59,Marginal workers_Seeking/available for work_Males,57,DDW-0500B-01ST-Census.xls,01ST
B0301ST,05,056,District - Uttarkashi (01),Total,60+,Marginal workers_Seeking/available for work_Males,10,DDW-0500B-01ST-Census.xls,01ST
B0301ST,05,056,District - Uttarkashi (01),Total,Age not stated,Marginal workers_Seeking/available for work_Males,0,DDW-0500B-01ST-Census.xls,01ST
B0301ST,05,056,District - Uttarkashi (01),Total,15-59,Marginal workers_Seeking/available for work_Males,101,DDW-0500B-01ST-Census.xls,01ST
B0301ST,05,056,District - Uttarkashi (01),Rural,Total,Marginal workers_Seeking/available for work_Males,112,DDW-0500B-01ST-Census.xls,01ST
B0301ST,05,056,District - Uttarkashi (01),Rural,5-14,Marginal workers_Seeking/available for work_Males,1,DDW-0500B-01ST-Census.xls,01ST
B0301ST,05,056,District - Uttarkashi (01),Rural,15-34,Marginal workers_Seeking/available for work_Males,44,DDW-0500B-01ST-Census.xls,01ST
B0301ST,05,056,District - Uttarkashi (01),Rural,35-59,Marginal workers_Seeking/available for work_Males,57,DDW-0500B-01ST-Census.xls,01ST
B0301ST,05,056,District - Uttarkashi (01),Rural,60+,Marginal workers_Seeking/available for work_Males,10,DDW-0500B-01ST-Census.xls,01ST
B0301ST,05,056,District - Uttarkashi (01),Rural,Age not stated,Marginal workers_Seeking/available for work_Males,0,DDW-0500B-01ST-Census.xls,01ST
B0301ST,05,056,District - Uttarkashi (01),Rural,15-59,Marginal workers_Seeking/available for work_Males,101,DDW-0500B-01ST-Census.xls,01ST
B0301ST,05,056,District - Uttarkashi (01),Urban,Total,Marginal workers_Seeking/available for work_Males,0,DDW-0500B-01ST-Census.xls,01ST
B0301ST,05,056,District - Uttarkashi (01),Urban,5-14,Marginal workers_Seeking/available for work_Males,0,DDW-0500B-01ST-Census.xls,01ST
B0301ST,05,056,District - Uttarkashi (01),Urban,15-34,Marginal workers_Seeking/available for work_Males,0,DDW-0500B-01ST-Census.xls,01ST
B0301ST,05,056,District - Uttarkashi (01),Urban,35-59,Marginal workers_Seeking/available for work_Males,0,DDW-0500B-01ST-Census.xls,01ST
B0301ST,05,056,District - Uttarkashi (01),Urban,60+,Marginal workers_Seeking/available for work_Males,0,DDW-0500B-01ST-Census.xls,01ST
B0301ST,05,056,District - Uttarkashi (01),Urban,Age not stated,Marginal workers_Seeking/available for work_Males,0,DDW-0500B-01ST-Census.xls,01ST
B0301ST,05,056,District - Uttarkashi (01),Urban,15-59,Marginal workers_Seeking/available for work_Males,0,DDW-0500B-01ST-Census.xls,01ST
B0301ST,05,057,District - Chamoli (02),Total,Total,Marginal workers_Seeking/available for work_Males,700,DDW-0500B-01ST-Census.xls,01ST
B0301ST,05,057,District - Chamoli (02),Total,5-14,Marginal workers_Seeking/available for work_Males,8,DDW-0500B-01ST-Census.xls,01ST
B0301ST,05,057,District - Chamoli (02),Total,15-34,Marginal workers_Seeking/available for work_Males,453,DDW-0500B-01ST-Census.xls,01ST
B0301ST,05,057,District - Chamoli (02),Total,35-59,Marginal workers_Seeking/available for work_Males,204,DDW-0500B-01ST-Census.xls,01ST
B0301ST,05,057,District - Chamoli (02),Total,60+,Marginal workers_Seeking/available for work_Males,34,DDW-0500B-01ST-Census.xls,01ST
B0301ST,05,057,District - Chamoli (02),Total,Age not stated,Marginal workers_Seeking/available for work_Males,1,DDW-0500B-01ST-Census.xls,01ST
B0301ST,05,057,District - Chamoli (02),Total,15-59,Marginal workers_Seeking/available for work_Males,657,DDW-0500B-01ST-Census.xls,01ST
B0301ST,05,057,District - Chamoli (02),Rural,Total,Marginal workers_Seeking/available for work_Males,674,DDW-0500B-01ST-Census.xls,01ST
B0301ST,05,057,District - Chamoli (02),Rural,5-14,Marginal workers_Seeking/available for work_Males,8,DDW-0500B-01ST-Census.xls,01ST
B0301ST,05,057,District - Chamoli (02),Rural,15-34,Marginal workers_Seeking/available for work_Males,438,DDW-0500B-01ST-Census.xls,01ST
B0301ST,05,057,District - Chamoli (02),Rural,35-59,Marginal workers_Seeking/available for work_Males,194,DDW-0500B-01ST-Census.xls,01ST
B0301ST,05,057,District - Chamoli (02),Rural,60+,Marginal workers_Seeking/available for work_Males,33,DDW-0500B-01ST-Census.xls,01ST
B0301ST,05,057,District - Chamoli (02),Rural,Age not stated,Marginal workers_Seeking/available for work_Males,1,DDW-0500B-01ST-Census.xls,01ST
B0301ST,05,057,District - Chamoli (02),Rural,15-59,Marginal workers_Seeking/available for work_Males,632,DDW-0500B-01ST-Census.xls,01ST
B0301ST,05,057,District - Chamoli (02),Urban,Total,Marginal workers_Seeking/available for work_Males,26,DDW-0500B-01ST-Census.xls,01ST
B0301ST,05,057,District - Chamoli (02),Urban,5-14,Marginal workers_Seeking/available for work_Males,0,DDW-0500B-01ST-Census.xls,01ST
B0301ST,05,057,District - Chamoli (02),Urban,15-34,Marginal workers_Seeking/available for work_Males,15,DDW-0500B-01ST-Census.xls,01ST
B0301ST,05,057,District - Chamoli (02),Urban,35-59,Marginal workers_Seeking/available for work_Males,10,DDW-0500B-01ST-Census.xls,01ST
B0301ST,05,057,District - Chamoli (02),Urban,60+,Marginal workers_Seeking/available for work_Males,1,DDW-0500B-01ST-Census.xls,01ST
B0301ST,05,057,District - Chamoli (02),Urban,Age not stated,Marginal workers_Seeking/available for work_Males,0,DDW-0500B-01ST-Census.xls,01ST
B0301ST,05,057,District - Chamoli (02),Urban,15-59,Marginal workers_Seeking/available for work_Males,25,DDW-0500B-01ST-Census.xls,01ST
B0301ST,05,058,District - Rudraprayag (03),Total,Total,Marginal workers_Seeking/available for work_Males,25,DDW-0500B-01ST-Census.xls,01ST
B0301ST,05,058,District - Rudraprayag (03),Total,5-14,Marginal workers_Seeking/available for work_Males,1,DDW-0500B-01ST-Census.xls,01ST
B0301ST,05,058,District - Rudraprayag (03),Total,15-34,Marginal workers_Seeking/available for work_Males,11,DDW-0500B-01ST-Census.xls,01ST
B0301ST,05,058,District - Rudraprayag (03),Total,35-59,Marginal workers_Seeking/available for work_Males,9,DDW-0500B-01ST-Census.xls,01ST
B0301ST,05,058,District - Rudraprayag (03),Total,60+,Marginal workers_Seeking/available for work_Males,4,DDW-0500B-01ST-Census.xls,01ST
B0301ST,05,058,District - Rudraprayag (03),Total,Age not stated,Marginal workers_Seeking/available for work_Males,0,DDW-0500B-01ST-Census.xls,01ST
B0301ST,05,058,District - Rudraprayag (03),Total,15-59,Marginal workers_Seeking/available for work_Males,20,DDW-0500B-01ST-Census.xls,01ST
B0301ST,05,058,District - Rudraprayag (03),Rural,Total,Marginal workers_Seeking/available for work_Males,11,DDW-0500B-01ST-Census.xls,01ST
B0301ST,05,058,District - Rudraprayag (03),Rural,5-14,Marginal workers_Seeking/available for work_Males,1,DDW-0500B-01ST-Census.xls,01ST
B0301ST,05,058,District - Rudraprayag (03),Rural,15-34,Marginal workers_Seeking/available for work_Males,5,DDW-0500B-01ST-Census.xls,01ST
B0301ST,05,058,District - Rudraprayag (03),Rural,35-59,Marginal workers_Seeking/available for work_Males,4,DDW-0500B-01ST-Census.xls,01ST
B0301ST,05,058,District - Rudraprayag (03),Rural,60+,Marginal workers_Seeking/available for work_Males,1,DDW-0500B-01ST-Census.xls,01ST
B0301ST,05,058,District - Rudraprayag (03),Rural,Age not stated,Marginal workers_Seeking/available for work_Males,0,DDW-0500B-01ST-Census.xls,01ST
B0301ST,05,058,District - Rudraprayag (03),Rural,15-59,Marginal workers_Seeking/available for work_Males,9,DDW-0500B-01ST-Census.xls,01ST
B0301ST,05,058,District - Rudraprayag (03),Urban,Total,Marginal workers_Seeking/available for work_Males,14,DDW-0500B-01ST-Census.xls,01ST
B0301ST,05,058,District - Rudraprayag (03),Urban,5-14,Marginal workers_Seeking/available for work_Males,0,DDW-0500B-01ST-Census.xls,01ST
B0301ST,05,058,District - Rudraprayag (03),Urban,15-34,Marginal workers_Seeking/available for work_Males,6,DDW-0500B-01ST-Census.xls,01ST
B0301ST,05,058,District - Rudraprayag (03),Urban,35-59,Marginal workers_Seeking/available for work_Males,5,DDW-0500B-01ST-Census.xls,01ST
B0301ST,05,058,District - Rudraprayag (03),Urban,60+,Marginal workers_Seeking/available for work_Males,3,DDW-0500B-01ST-Census.xls,01ST
B0301ST,05,058,District - Rudraprayag (03),Urban,Age not stated,Marginal workers_Seeking/available for work_Males,0,DDW-0500B-01ST-Census.xls,01ST
B0301ST,05,058,District - Rudraprayag (03),Urban,15-59,Marginal workers_Seeking/available for work_Males,11,DDW-0500B-01ST-Census.xls,01ST
B0301ST,05,059,District - Tehri Garhwal (04),Total,Total,Marginal workers_Seeking/available for work_Males,20,DDW-0500B-01ST-Census.xls,01ST
B0301ST,05,059,District - Tehri Garhwal (04),Total,5-14,Marginal workers_Seeking/available for work_Males,2,DDW-0500B-01ST-Census.xls,01ST
B0301ST,05,059,District - Tehri Garhwal (04),Total,15-34,Marginal workers_Seeking/available for work_Males,13,DDW-0500B-01ST-Census.xls,01ST
B0301ST,05,059,District - Tehri Garhwal (04),Total,35-59,Marginal workers_Seeking/available for work_Males,5,DDW-0500B-01ST-Census.xls,01ST
B0301ST,05,059,District - Tehri Garhwal (04),Total,60+,Marginal workers_Seeking/available for work_Males,0,DDW-0500B-01ST-Census.xls,01ST
B0301ST,05,059,District - Tehri Garhwal (04),Total,Age not stated,Marginal workers_Seeking/available for work_Males,0,DDW-0500B-01ST-Census.xls,01ST
B0301ST,05,059,District - Tehri Garhwal (04),Total,15-59,Marginal workers_Seeking/available for work_Males,18,DDW-0500B-01ST-Census.xls,01ST
B0301ST,05,059,District - Tehri Garhwal (04),Rural,Total,Marginal workers_Seeking/available for work_Males,18,DDW-0500B-01ST-Census.xls,01ST
B0301ST,05,059,District - Tehri Garhwal (04),Rural,5-14,Marginal workers_Seeking/available for work_Males,1,DDW-0500B-01ST-Census.xls,01ST
B0301ST,05,059,District - Tehri Garhwal (04),Rural,15-34,Marginal workers_Seeking/available for work_Males,12,DDW-0500B-01ST-Census.xls,01ST
B0301ST,05,059,District - Tehri Garhwal (04),Rural,35-59,Marginal workers_Seeking/available for work_Males,5,DDW-0500B-01ST-Census.xls,01ST
B0301ST,05,059,District - Tehri Garhwal (04),Rural,60+,Marginal workers_Seeking/available for work_Males,0,DDW-0500B-01ST-Census.xls,01ST
B0301ST,05,059,District - Tehri Garhwal (04),Rural,Age not stated,Marginal workers_Seeking/available for work_Males,0,DDW-0500B-01ST-Census.xls,01ST
B0301ST,05,059,District - Tehri Garhwal (04),Rural,15-59,Marginal workers_Seeking/available for work_Males,17,DDW-0500B-01ST-Census.xls,01ST
B0301ST,05,059,District - Tehri Garhwal (04),Urban,Total,Marginal workers_Seeking/available for work_Males,2,DDW-0500B-01ST-Census.xls,01ST
B0301ST,05,059,District - Tehri Garhwal (04),Urban,5-14,Marginal workers_Seeking/available for work_Males,1,DDW-0500B-01ST-Census.xls,01ST
B0301ST,05,059,District - Tehri Garhwal (04),Urban,15-34,Marginal workers_Seeking/available for work_Males,1,DDW-0500B-01ST-Census.xls,01ST
B0301ST,05,059,District - Tehri Garhwal (04),Urban,35-59,Marginal workers_Seeking/available for work_Males,0,DDW-0500B-01ST-Census.xls,01ST
B0301ST,05,059,District - Tehri Garhwal (04),Urban,60+,Marginal workers_Seeking/available for work_Males,0,DDW-0500B-01ST-Census.xls,01ST
B0301ST,05,059,District - Tehri Garhwal (04),Urban,Age not stated,Marginal workers_Seeking/available for work_Males,0,DDW-0500B-01ST-Census.xls,01ST
B0301ST,05,059,District - Tehri Garhwal (04),Urban,15-59,Marginal workers_Seeking/available for work_Males,1,DDW-0500B-01ST-Census.xls,01ST
B0301ST,05,060,District - Dehradun (05),Total,Total,Marginal workers_Seeking/available for work_Males,2769,DDW-0500B-01ST-Census.xls,01ST
B0301ST,05,060,District - Dehradun (05),Total,5-14,Marginal workers_Seeking/available for work_Males,50,DDW-0500B-01ST-Census.xls,01ST
B0301ST,05,060,District - Dehradun (05),Total,15-34,Marginal workers_Seeking/available for work_Males,1717,DDW-0500B-01ST-Census.xls,01ST
B0301ST,05,060,District - Dehradun (05),Total,35-59,Marginal workers_Seeking/available for work_Males,809,DDW-0500B-01ST-Census.xls,01ST
B0301ST,05,060,District - Dehradun (05),Total,60+,Marginal workers_Seeking/available for work_Males,187,DDW-0500B-01ST-Census.xls,01ST
B0301ST,05,060,District - Dehradun (05),Total,Age not stated,Marginal workers_Seeking/available for work_Males,6,DDW-0500B-01ST-Census.xls,01ST
B0301ST,05,060,District - Dehradun (05),Total,15-59,Marginal workers_Seeking/available for work_Males,2526,DDW-0500B-01ST-Census.xls,01ST
B0301ST,05,060,District - Dehradun (05),Rural,Total,Marginal workers_Seeking/available for work_Males,2634,DDW-0500B-01ST-Census.xls,01ST
B0301ST,05,060,District - Dehradun (05),Rural,5-14,Marginal workers_Seeking/available for work_Males,48,DDW-0500B-01ST-Census.xls,01ST
B0301ST,05,060,District - Dehradun (05),Rural,15-34,Marginal workers_Seeking/available for work_Males,1623,DDW-0500B-01ST-Census.xls,01ST
B0301ST,05,060,District - Dehradun (05),Rural,35-59,Marginal workers_Seeking/available for work_Males,775,DDW-0500B-01ST-Census.xls,01ST
B0301ST,05,060,District - Dehradun (05),Rural,60+,Marginal workers_Seeking/available for work_Males,182,DDW-0500B-01ST-Census.xls,01ST
B0301ST,05,060,District - Dehradun (05),Rural,Age not stated,Marginal workers_Seeking/available for work_Males,6,DDW-0500B-01ST-Census.xls,01ST
B0301ST,05,060,District - Dehradun (05),Rural,15-59,Marginal workers_Seeking/available for work_Males,2398,DDW-0500B-01ST-Census.xls,01ST
B0301ST,05,060,District - Dehradun (05),Urban,Total,Marginal workers_Seeking/available for work_Males,135,DDW-0500B-01ST-Census.xls,01ST
B0301ST,05,060,District - Dehradun (05),Urban,5-14,Marginal workers_Seeking/available for work_Males,2,DDW-0500B-01ST-Census.xls,01ST
B0301ST,05,060,District - Dehradun (05),Urban,15-34,Marginal workers_Seeking/available for work_Males,94,DDW-0500B-01ST-Census.xls,01ST
B0301ST,05,060,District - Dehradun (05),Urban,35-59,Marginal workers_Seeking/available for work_Males,34,DDW-0500B-01ST-Census.xls,01ST
B0301ST,05,060,District - Dehradun (05),Urban,60+,Marginal workers_Seeking/available for work_Males,5,DDW-0500B-01ST-Census.xls,01ST
B0301ST,05,060,District - Dehradun (05),Urban,Age not stated,Marginal workers_Seeking/available for work_Males,0,DDW-0500B-01ST-Census.xls,01ST
B0301ST,05,060,District - Dehradun (05),Urban,15-59,Marginal workers_Seeking/available for work_Males,128,DDW-0500B-01ST-Census.xls,01ST
B0301ST,05,061,District - Garhwal (06),Total,Total,Marginal workers_Seeking/available for work_Males,183,DDW-0500B-01ST-Census.xls,01ST
B0301ST,05,061,District - Garhwal (06),Total,5-14,Marginal workers_Seeking/available for work_Males,0,DDW-0500B-01ST-Census.xls,01ST
B0301ST,05,061,District - Garhwal (06),Total,15-34,Marginal workers_Seeking/available for work_Males,86,DDW-0500B-01ST-Census.xls,01ST
B0301ST,05,061,District - Garhwal (06),Total,35-59,Marginal workers_Seeking/available for work_Males,82,DDW-0500B-01ST-Census.xls,01ST
B0301ST,05,061,District - Garhwal (06),Total,60+,Marginal workers_Seeking/available for work_Males,15,DDW-0500B-01ST-Census.xls,01ST
B0301ST,05,061,District - Garhwal (06),Total,Age not stated,Marginal workers_Seeking/available for work_Males,0,DDW-0500B-01ST-Census.xls,01ST
B0301ST,05,061,District - Garhwal (06),Total,15-59,Marginal workers_Seeking/available for work_Males,168,DDW-0500B-01ST-Census.xls,01ST
B0301ST,05,061,District - Garhwal (06),Rural,Total,Marginal workers_Seeking/available for work_Males,181,DDW-0500B-01ST-Census.xls,01ST
B0301ST,05,061,District - Garhwal (06),Rural,5-14,Marginal workers_Seeking/available for work_Males,0,DDW-0500B-01ST-Census.xls,01ST
B0301ST,05,061,District - Garhwal (06),Rural,15-34,Marginal workers_Seeking/available for work_Males,85,DDW-0500B-01ST-Census.xls,01ST
B0301ST,05,061,District - Garhwal (06),Rural,35-59,Marginal workers_Seeking/available for work_Males,82,DDW-0500B-01ST-Census.xls,01ST
B0301ST,05,061,District - Garhwal (06),Rural,60+,Marginal workers_Seeking/available for work_Males,14,DDW-0500B-01ST-Census.xls,01ST
B0301ST,05,061,District - Garhwal (06),Rural,Age not stated,Marginal workers_Seeking/available for work_Males,0,DDW-0500B-01ST-Census.xls,01ST
B0301ST,05,061,District - Garhwal (06),Rural,15-59,Marginal workers_Seeking/available for work_Males,167,DDW-0500B-01ST-Census.xls,01ST
B0301ST,05,061,District - Garhwal (06),Urban,Total,Marginal workers_Seeking/available for work_Males,2,DDW-0500B-01ST-Census.xls,01ST
B0301ST,05,061,District - Garhwal (06),Urban,5-14,Marginal workers_Seeking/available for work_Males,0,DDW-0500B-01ST-Census.xls,01ST
B0301ST,05,061,District - Garhwal (06),Urban,15-34,Marginal workers_Seeking/available for work_Males,1,DDW-0500B-01ST-Census.xls,01ST
B0301ST,05,061,District - Garhwal (06),Urban,35-59,Marginal workers_Seeking/available for work_Males,0,DDW-0500B-01ST-Census.xls,01ST
B0301ST,05,061,District - Garhwal (06),Urban,60+,Marginal workers_Seeking/available for work_Males,1,DDW-0500B-01ST-Census.xls,01ST
B0301ST,05,061,District - Garhwal (06),Urban,Age not stated,Marginal workers_Seeking/available for work_Males,0,DDW-0500B-01ST-Census.xls,01ST
B0301ST,05,061,District - Garhwal (06),Urban,15-59,Marginal workers_Seeking/available for work_Males,1,DDW-0500B-01ST-Census.xls,01ST
B0301ST,05,062,District - Pithoragarh (07),Total,Total,Marginal workers_Seeking/available for work_Males,683,DDW-0500B-01ST-Census.xls,01ST
B0301ST,05,062,District - Pithoragarh (07),Total,5-14,Marginal workers_Seeking/available for work_Males,4,DDW-0500B-01ST-Census.xls,01ST
B0301ST,05,062,District - Pithoragarh (07),Total,15-34,Marginal workers_Seeking/available for work_Males,399,DDW-0500B-01ST-Census.xls,01ST
B0301ST,05,062,District - Pithoragarh (07),Total,35-59,Marginal workers_Seeking/available for work_Males,239,DDW-0500B-01ST-Census.xls,01ST
B0301ST,05,062,District - Pithoragarh (07),Total,60+,Marginal workers_Seeking/available for work_Males,39,DDW-0500B-01ST-Census.xls,01ST
B0301ST,05,062,District - Pithoragarh (07),Total,Age not stated,Marginal workers_Seeking/available for work_Males,2,DDW-0500B-01ST-Census.xls,01ST
B0301ST,05,062,District - Pithoragarh (07),Total,15-59,Marginal workers_Seeking/available for work_Males,638,DDW-0500B-01ST-Census.xls,01ST
B0301ST,05,062,District - Pithoragarh (07),Rural,Total,Marginal workers_Seeking/available for work_Males,645,DDW-0500B-01ST-Census.xls,01ST
B0301ST,05,062,District - Pithoragarh (07),Rural,5-14,Marginal workers_Seeking/available for work_Males,4,DDW-0500B-01ST-Census.xls,01ST
B0301ST,05,062,District - Pithoragarh (07),Rural,15-34,Marginal workers_Seeking/available for work_Males,385,DDW-0500B-01ST-Census.xls,01ST
B0301ST,05,062,District - Pithoragarh (07),Rural,35-59,Marginal workers_Seeking/available for work_Males,215,DDW-0500B-01ST-Census.xls,01ST
B0301ST,05,062,District - Pithoragarh (07),Rural,60+,Marginal workers_Seeking/available for work_Males,39,DDW-0500B-01ST-Census.xls,01ST
B0301ST,05,062,District - Pithoragarh (07),Rural,Age not stated,Marginal workers_Seeking/available for work_Males,2,DDW-0500B-01ST-Census.xls,01ST
B0301ST,05,062,District - Pithoragarh (07),Rural,15-59,Marginal workers_Seeking/available for work_Males,600,DDW-0500B-01ST-Census.xls,01ST
B0301ST,05,062,District - Pithoragarh (07),Urban,Total,Marginal workers_Seeking/available for work_Males,38,DDW-0500B-01ST-Census.xls,01ST
B0301ST,05,062,District - Pithoragarh (07),Urban,5-14,Marginal workers_Seeking/available for work_Males,0,DDW-0500B-01ST-Census.xls,01ST
B0301ST,05,062,District - Pithoragarh (07),Urban,15-34,Marginal workers_Seeking/available for work_Males,14,DDW-0500B-01ST-Census.xls,01ST
B0301ST,05,062,District - Pithoragarh (07),Urban,35-59,Marginal workers_Seeking/available for work_Males,24,DDW-0500B-01ST-Census.xls,01ST
B0301ST,05,062,District - Pithoragarh (07),Urban,60+,Marginal workers_Seeking/available for work_Males,0,DDW-0500B-01ST-Census.xls,01ST
B0301ST,05,062,District - Pithoragarh (07),Urban,Age not stated,Marginal workers_Seeking/available for work_Males,0,DDW-0500B-01ST-Census.xls,01ST
B0301ST,05,062,District - Pithoragarh (07),Urban,15-59,Marginal workers_Seeking/available for work_Males,38,DDW-0500B-01ST-Census.xls,01ST
B0301ST,05,063,District - Bageshwar (08),Total,Total,Marginal workers_Seeking/available for work_Males,87,DDW-0500B-01ST-Census.xls,01ST
B0301ST,05,063,District - Bageshwar (08),Total,5-14,Marginal workers_Seeking/available for work_Males,2,DDW-0500B-01ST-Census.xls,01ST
B0301ST,05,063,District - Bageshwar (08),Total,15-34,Marginal workers_Seeking/available for work_Males,61,DDW-0500B-01ST-Census.xls,01ST
B0301ST,05,063,District - Bageshwar (08),Total,35-59,Marginal workers_Seeking/available for work_Males,20,DDW-0500B-01ST-Census.xls,01ST
B0301ST,05,063,District - Bageshwar (08),Total,60+,Marginal workers_Seeking/available for work_Males,4,DDW-0500B-01ST-Census.xls,01ST
B0301ST,05,063,District - Bageshwar (08),Total,Age not stated,Marginal workers_Seeking/available for work_Males,0,DDW-0500B-01ST-Census.xls,01ST
B0301ST,05,063,District - Bageshwar (08),Total,15-59,Marginal workers_Seeking/available for work_Males,81,DDW-0500B-01ST-Census.xls,01ST
B0301ST,05,063,District - Bageshwar (08),Rural,Total,Marginal workers_Seeking/available for work_Males,87,DDW-0500B-01ST-Census.xls,01ST
B0301ST,05,063,District - Bageshwar (08),Rural,5-14,Marginal workers_Seeking/available for work_Males,2,DDW-0500B-01ST-Census.xls,01ST
B0301ST,05,063,District - Bageshwar (08),Rural,15-34,Marginal workers_Seeking/available for work_Males,61,DDW-0500B-01ST-Census.xls,01ST
B0301ST,05,063,District - Bageshwar (08),Rural,35-59,Marginal workers_Seeking/available for work_Males,20,DDW-0500B-01ST-Census.xls,01ST
B0301ST,05,063,District - Bageshwar (08),Rural,60+,Marginal workers_Seeking/available for work_Males,4,DDW-0500B-01ST-Census.xls,01ST
B0301ST,05,063,District - Bageshwar (08),Rural,Age not stated,Marginal workers_Seeking/available for work_Males,0,DDW-0500B-01ST-Census.xls,01ST
B0301ST,05,063,District - Bageshwar (08),Rural,15-59,Marginal workers_Seeking/available for work_Males,81,DDW-0500B-01ST-Census.xls,01ST
B0301ST,05,063,District - Bageshwar (08),Urban,Total,Marginal workers_Seeking/available for work_Males,0,DDW-0500B-01ST-Census.xls,01ST
B0301ST,05,063,District - Bageshwar (08),Urban,5-14,Marginal workers_Seeking/available for work_Males,0,DDW-0500B-01ST-Census.xls,01ST
B0301ST,05,063,District - Bageshwar (08),Urban,15-34,Marginal workers_Seeking/available for work_Males,0,DDW-0500B-01ST-Census.xls,01ST
B0301ST,05,063,District - Bageshwar (08),Urban,35-59,Marginal workers_Seeking/available for work_Males,0,DDW-0500B-01ST-Census.xls,01ST
B0301ST,05,063,District - Bageshwar (08),Urban,60+,Marginal workers_Seeking/available for work_Males,0,DDW-0500B-01ST-Census.xls,01ST
B0301ST,05,063,District - Bageshwar (08),Urban,Age not stated,Marginal workers_Seeking/available for work_Males,0,DDW-0500B-01ST-Census.xls,01ST
B0301ST,05,063,District - Bageshwar (08),Urban,15-59,Marginal workers_Seeking/available for work_Males,0,DDW-0500B-01ST-Census.xls,01ST
B0301ST,05,064,"District - Almora
 (09)",Total,Total,Marginal workers_Seeking/available for work_Males,16,DDW-0500B-01ST-Census.xls,01ST
B0301ST,05,064,"District - Almora
 (09)",Total,5-14,Marginal workers_Seeking/available for work_Males,0,DDW-0500B-01ST-Census.xls,01ST
B0301ST,05,064,"District - Almora
 (09)",Total,15-34,Marginal workers_Seeking/available for work_Males,12,DDW-0500B-01ST-Census.xls,01ST
B0301ST,05,064,"District - Almora
 (09)",Total,35-59,Marginal workers_Seeking/available for work_Males,4,DDW-0500B-01ST-Census.xls,01ST
B0301ST,05,064,"District - Almora
 (09)",Total,60+,Marginal workers_Seeking/available for work_Males,0,DDW-0500B-01ST-Census.xls,01ST
B0301ST,05,064,"District - Almora
 (09)",Total,Age not stated,Marginal workers_Seeking/available for work_Males,0,DDW-0500B-01ST-Census.xls,01ST
B0301ST,05,064,"District - Almora
 (09)",Total,15-59,Marginal workers_Seeking/available for work_Males,16,DDW-0500B-01ST-Census.xls,01ST
B0301ST,05,064,"District - Almora
 (09)",Rural,Total,Marginal workers_Seeking/available for work_Males,14,DDW-0500B-01ST-Census.xls,01ST
B0301ST,05,064,"District - Almora
 (09)",Rural,5-14,Marginal workers_Seeking/available for work_Males,0,DDW-0500B-01ST-Census.xls,01ST
B0301ST,05,064,"District - Almora
 (09)",Rural,15-34,Marginal workers_Seeking/available for work_Males,11,DDW-0500B-01ST-Census.xls,01ST
B0301ST,05,064,"District - Almora
 (09)",Rural,35-59,Marginal workers_Seeking/available for work_Males,3,DDW-0500B-01ST-Census.xls,01ST
B0301ST,05,064,"District - Almora
 (09)",Rural,60+,Marginal workers_Seeking/available for work_Males,0,DDW-0500B-01ST-Census.xls,01ST
B0301ST,05,064,"District - Almora
 (09)",Rural,Age not stated,Marginal workers_Seeking/available for work_Males,0,DDW-0500B-01ST-Census.xls,01ST
B0301ST,05,064,"District - Almora
 (09)",Rural,15-59,Marginal workers_Seeking/available for work_Males,14,DDW-0500B-01ST-Census.xls,01ST
B0301ST,05,064,"District - Almora
 (09)",Urban,Total,Marginal workers_Seeking/available for work_Males,2,DDW-0500B-01ST-Census.xls,01ST
B0301ST,05,064,"District - Almora
 (09)",Urban,5-14,Marginal workers_Seeking/available for work_Males,0,DDW-0500B-01ST-Census.xls,01ST
B0301ST,05,064,"District - Almora
 (09)",Urban,15-34,Marginal workers_Seeking/available for work_Males,1,DDW-0500B-01ST-Census.xls,01ST
B0301ST,05,064,"District - Almora
 (09)",Urban,35-59,Marginal workers_Seeking/available for work_Males,1,DDW-0500B-01ST-Census.xls,01ST
B0301ST,05,064,"District - Almora
 (09)",Urban,60+,Marginal workers_Seeking/available for work_Males,0,DDW-0500B-01ST-Census.xls,01ST
B0301ST,05,064,"District - Almora
 (09)",Urban,Age not stated,Marginal workers_Seeking/available for work_Males,0,DDW-0500B-01ST-Census.xls,01ST
B0301ST,05,064,"District - Almora
 (09)",Urban,15-59,Marginal workers_Seeking/available for work_Males,2,DDW-0500B-01ST-Census.xls,01ST
B0301ST,05,065,District - Champawat (10),Total,Total,Marginal workers_Seeking/available for work_Males,34,DDW-0500B-01ST-Census.xls,01ST
B0301ST,05,065,District - Champawat (10),Total,5-14,Marginal workers_Seeking/available for work_Males,0,DDW-0500B-01ST-Census.xls,01ST
B0301ST,05,065,District - Champawat (10),Total,15-34,Marginal workers_Seeking/available for work_Males,20,DDW-0500B-01ST-Census.xls,01ST
B0301ST,05,065,District - Champawat (10),Total,35-59,Marginal workers_Seeking/available for work_Males,13,DDW-0500B-01ST-Census.xls,01ST
B0301ST,05,065,District - Champawat (10),Total,60+,Marginal workers_Seeking/available for work_Males,1,DDW-0500B-01ST-Census.xls,01ST
B0301ST,05,065,District - Champawat (10),Total,Age not stated,Marginal workers_Seeking/available for work_Males,0,DDW-0500B-01ST-Census.xls,01ST
B0301ST,05,065,District - Champawat (10),Total,15-59,Marginal workers_Seeking/available for work_Males,33,DDW-0500B-01ST-Census.xls,01ST
B0301ST,05,065,District - Champawat (10),Rural,Total,Marginal workers_Seeking/available for work_Males,32,DDW-0500B-01ST-Census.xls,01ST
B0301ST,05,065,District - Champawat (10),Rural,5-14,Marginal workers_Seeking/available for work_Males,0,DDW-0500B-01ST-Census.xls,01ST
B0301ST,05,065,District - Champawat (10),Rural,15-34,Marginal workers_Seeking/available for work_Males,19,DDW-0500B-01ST-Census.xls,01ST
B0301ST,05,065,District - Champawat (10),Rural,35-59,Marginal workers_Seeking/available for work_Males,12,DDW-0500B-01ST-Census.xls,01ST
B0301ST,05,065,District - Champawat (10),Rural,60+,Marginal workers_Seeking/available for work_Males,1,DDW-0500B-01ST-Census.xls,01ST
B0301ST,05,065,District - Champawat (10),Rural,Age not stated,Marginal workers_Seeking/available for work_Males,0,DDW-0500B-01ST-Census.xls,01ST
B0301ST,05,065,District - Champawat (10),Rural,15-59,Marginal workers_Seeking/available for work_Males,31,DDW-0500B-01ST-Census.xls,01ST
B0301ST,05,065,District - Champawat (10),Urban,Total,Marginal workers_Seeking/available for work_Males,2,DDW-0500B-01ST-Census.xls,01ST
B0301ST,05,065,District - Champawat (10),Urban,5-14,Marginal workers_Seeking/available for work_Males,0,DDW-0500B-01ST-Census.xls,01ST
B0301ST,05,065,District - Champawat (10),Urban,15-34,Marginal workers_Seeking/available for work_Males,1,DDW-0500B-01ST-Census.xls,01ST
B0301ST,05,065,District - Champawat (10),Urban,35-59,Marginal workers_Seeking/available for work_Males,1,DDW-0500B-01ST-Census.xls,01ST
B0301ST,05,065,District - Champawat (10),Urban,60+,Marginal workers_Seeking/available for work_Males,0,DDW-0500B-01ST-Census.xls,01ST
B0301ST,05,065,District - Champawat (10),Urban,Age not stated,Marginal workers_Seeking/available for work_Males,0,DDW-0500B-01ST-Census.xls,01ST
B0301ST,05,065,District - Champawat (10),Urban,15-59,Marginal workers_Seeking/available for work_Males,2,DDW-0500B-01ST-Census.xls,01ST
B0301ST,05,066,District - Nainital (11),Total,Total,Marginal workers_Seeking/available for work_Males,150,DDW-0500B-01ST-Census.xls,01ST
B0301ST,05,066,District - Nainital (11),Total,5-14,Marginal workers_Seeking/available for work_Males,1,DDW-0500B-01ST-Census.xls,01ST
B0301ST,05,066,District - Nainital (11),Total,15-34,Marginal workers_Seeking/available for work_Males,93,DDW-0500B-01ST-Census.xls,01ST
B0301ST,05,066,District - Nainital (11),Total,35-59,Marginal workers_Seeking/available for work_Males,44,DDW-0500B-01ST-Census.xls,01ST
B0301ST,05,066,District - Nainital (11),Total,60+,Marginal workers_Seeking/available for work_Males,9,DDW-0500B-01ST-Census.xls,01ST
B0301ST,05,066,District - Nainital (11),Total,Age not stated,Marginal workers_Seeking/available for work_Males,3,DDW-0500B-01ST-Census.xls,01ST
B0301ST,05,066,District - Nainital (11),Total,15-59,Marginal workers_Seeking/available for work_Males,137,DDW-0500B-01ST-Census.xls,01ST
B0301ST,05,066,District - Nainital (11),Rural,Total,Marginal workers_Seeking/available for work_Males,145,DDW-0500B-01ST-Census.xls,01ST
B0301ST,05,066,District - Nainital (11),Rural,5-14,Marginal workers_Seeking/available for work_Males,1,DDW-0500B-01ST-Census.xls,01ST
B0301ST,05,066,District - Nainital (11),Rural,15-34,Marginal workers_Seeking/available for work_Males,89,DDW-0500B-01ST-Census.xls,01ST
B0301ST,05,066,District - Nainital (11),Rural,35-59,Marginal workers_Seeking/available for work_Males,43,DDW-0500B-01ST-Census.xls,01ST
B0301ST,05,066,District - Nainital (11),Rural,60+,Marginal workers_Seeking/available for work_Males,9,DDW-0500B-01ST-Census.xls,01ST
B0301ST,05,066,District - Nainital (11),Rural,Age not stated,Marginal workers_Seeking/available for work_Males,3,DDW-0500B-01ST-Census.xls,01ST
B0301ST,05,066,District - Nainital (11),Rural,15-59,Marginal workers_Seeking/available for work_Males,132,DDW-0500B-01ST-Census.xls,01ST
B0301ST,05,066,District - Nainital (11),Urban,Total,Marginal workers_Seeking/available for work_Males,5,DDW-0500B-01ST-Census.xls,01ST
B0301ST,05,066,District - Nainital (11),Urban,5-14,Marginal workers_Seeking/available for work_Males,0,DDW-0500B-01ST-Census.xls,01ST
B0301ST,05,066,District - Nainital (11),Urban,15-34,Marginal workers_Seeking/available for work_Males,4,DDW-0500B-01ST-Census.xls,01ST
B0301ST,05,066,District - Nainital (11),Urban,35-59,Marginal workers_Seeking/available for work_Males,1,DDW-0500B-01ST-Census.xls,01ST
B0301ST,05,066,District - Nainital (11),Urban,60+,Marginal workers_Seeking/available for work_Males,0,DDW-0500B-01ST-Census.xls,01ST
B0301ST,05,066,District - Nainital (11),Urban,Age not stated,Marginal workers_Seeking/available for work_Males,0,DDW-0500B-01ST-Census.xls,01ST
B0301ST,05,066,District - Nainital (11),Urban,15-59,Marginal workers_Seeking/available for work_Males,5,DDW-0500B-01ST-Census.xls,01ST
B0301ST,05,067,District - Udham Singh Nagar (12),Total,Total,Marginal workers_Seeking/available for work_Males,4747,DDW-0500B-01ST-Census.xls,01ST
B0301ST,05,067,District - Udham Singh Nagar (12),Total,5-14,Marginal workers_Seeking/available for work_Males,97,DDW-0500B-01ST-Census.xls,01ST
B0301ST,05,067,District - Udham Singh Nagar (12),Total,15-34,Marginal workers_Seeking/available for work_Males,3218,DDW-0500B-01ST-Census.xls,01ST
B0301ST,05,067,District - Udham Singh Nagar (12),Total,35-59,Marginal workers_Seeking/available for work_Males,1264,DDW-0500B-01ST-Census.xls,01ST
B0301ST,05,067,District - Udham Singh Nagar (12),Total,60+,Marginal workers_Seeking/available for work_Males,165,DDW-0500B-01ST-Census.xls,01ST
B0301ST,05,067,District - Udham Singh Nagar (12),Total,Age not stated,Marginal workers_Seeking/available for work_Males,3,DDW-0500B-01ST-Census.xls,01ST
B0301ST,05,067,District - Udham Singh Nagar (12),Total,15-59,Marginal workers_Seeking/available for work_Males,4482,DDW-0500B-01ST-Census.xls,01ST
B0301ST,05,067,District - Udham Singh Nagar (12),Rural,Total,Marginal workers_Seeking/available for work_Males,4633,DDW-0500B-01ST-Census.xls,01ST
B0301ST,05,067,District - Udham Singh Nagar (12),Rural,5-14,Marginal workers_Seeking/available for work_Males,96,DDW-0500B-01ST-Census.xls,01ST
B0301ST,05,067,District - Udham Singh Nagar (12),Rural,15-34,Marginal workers_Seeking/available for work_Males,3130,DDW-0500B-01ST-Census.xls,01ST
B0301ST,05,067,District - Udham Singh Nagar (12),Rural,35-59,Marginal workers_Seeking/available for work_Males,1240,DDW-0500B-01ST-Census.xls,01ST
B0301ST,05,067,District - Udham Singh Nagar (12),Rural,60+,Marginal workers_Seeking/available for work_Males,164,DDW-0500B-01ST-Census.xls,01ST
B0301ST,05,067,District - Udham Singh Nagar (12),Rural,Age not stated,Marginal workers_Seeking/available for work_Males,3,DDW-0500B-01ST-Census.xls,01ST
B0301ST,05,067,District - Udham Singh Nagar (12),Rural,15-59,Marginal workers_Seeking/available for work_Males,4370,DDW-0500B-01ST-Census.xls,01ST
B0301ST,05,067,District - Udham Singh Nagar (12),Urban,Total,Marginal workers_Seeking/available for work_Males,114,DDW-0500B-01ST-Census.xls,01ST
B0301ST,05,067,District - Udham Singh Nagar (12),Urban,5-14,Marginal workers_Seeking/available for work_Males,1,DDW-0500B-01ST-Census.xls,01ST
B0301ST,05,067,District - Udham Singh Nagar (12),Urban,15-34,Marginal workers_Seeking/available for work_Males,88,DDW-0500B-01ST-Census.xls,01ST
B0301ST,05,067,District - Udham Singh Nagar (12),Urban,35-59,Marginal workers_Seeking/available for work_Males,24,DDW-0500B-01ST-Census.xls,01ST
B0301ST,05,067,District - Udham Singh Nagar (12),Urban,60+,Marginal workers_Seeking/available for work_Males,1,DDW-0500B-01ST-Census.xls,01ST
B0301ST,05,067,District - Udham Singh Nagar (12),Urban,Age not stated,Marginal workers_Seeking/available for work_Males,0,DDW-0500B-01ST-Census.xls,01ST
B0301ST,05,067,District - Udham Singh Nagar (12),Urban,15-59,Marginal workers_Seeking/available for work_Males,112,DDW-0500B-01ST-Census.xls,01ST
B0301ST,05,068,District - Hardwar (13),Total,Total,Marginal workers_Seeking/available for work_Males,302,DDW-0500B-01ST-Census.xls,01ST
B0301ST,05,068,District - Hardwar (13),Total,5-14,Marginal workers_Seeking/available for work_Males,7,DDW-0500B-01ST-Census.xls,01ST
B0301ST,05,068,District - Hardwar (13),Total,15-34,Marginal workers_Seeking/available for work_Males,164,DDW-0500B-01ST-Census.xls,01ST
B0301ST,05,068,District - Hardwar (13),Total,35-59,Marginal workers_Seeking/available for work_Males,110,DDW-0500B-01ST-Census.xls,01ST
B0301ST,05,068,District - Hardwar (13),Total,60+,Marginal workers_Seeking/available for work_Males,21,DDW-0500B-01ST-Census.xls,01ST
B0301ST,05,068,District - Hardwar (13),Total,Age not stated,Marginal workers_Seeking/available for work_Males,0,DDW-0500B-01ST-Census.xls,01ST
B0301ST,05,068,District - Hardwar (13),Total,15-59,Marginal workers_Seeking/available for work_Males,274,DDW-0500B-01ST-Census.xls,01ST
B0301ST,05,068,District - Hardwar (13),Rural,Total,Marginal workers_Seeking/available for work_Males,295,DDW-0500B-01ST-Census.xls,01ST
B0301ST,05,068,District - Hardwar (13),Rural,5-14,Marginal workers_Seeking/available for work_Males,7,DDW-0500B-01ST-Census.xls,01ST
B0301ST,05,068,District - Hardwar (13),Rural,15-34,Marginal workers_Seeking/available for work_Males,158,DDW-0500B-01ST-Census.xls,01ST
B0301ST,05,068,District - Hardwar (13),Rural,35-59,Marginal workers_Seeking/available for work_Males,109,DDW-0500B-01ST-Census.xls,01ST
B0301ST,05,068,District - Hardwar (13),Rural,60+,Marginal workers_Seeking/available for work_Males,21,DDW-0500B-01ST-Census.xls,01ST
B0301ST,05,068,District - Hardwar (13),Rural,Age not stated,Marginal workers_Seeking/available for work_Males,0,DDW-0500B-01ST-Census.xls,01ST
B0301ST,05,068,District - Hardwar (13),Rural,15-59,Marginal workers_Seeking/available for work_Males,267,DDW-0500B-01ST-Census.xls,01ST
B0301ST,05,068,District - Hardwar (13),Urban,Total,Marginal workers_Seeking/available for work_Males,7,DDW-0500B-01ST-Census.xls,01ST
B0301ST,05,068,District - Hardwar (13),Urban,5-14,Marginal workers_Seeking/available for work_Males,0,DDW-0500B-01ST-Census.xls,01ST
B0301ST,05,068,District - Hardwar (13),Urban,15-34,Marginal workers_Seeking/available for work_Males,6,DDW-0500B-01ST-Census.xls,01ST
B0301ST,05,068,District - Hardwar (13),Urban,35-59,Marginal workers_Seeking/available for work_Males,1,DDW-0500B-01ST-Census.xls,01ST
B0301ST,05,068,District - Hardwar (13),Urban,60+,Marginal workers_Seeking/available for work_Males,0,DDW-0500B-01ST-Census.xls,01ST
B0301ST,05,068,District - Hardwar (13),Urban,Age not stated,Marginal workers_Seeking/available for work_Males,0,DDW-0500B-01ST-Census.xls,01ST
B0301ST,05,068,District - Hardwar (13),Urban,15-59,Marginal workers_Seeking/available for work_Males,7,DDW-0500B-01ST-Census.xls,01ST
B0301ST,05,000,State - UTTARAKHAND (05),Total,Total,Marginal workers_Seeking/available for work_Females,6484,DDW-0500B-01ST-Census.xls,01ST
B0301ST,05,000,State - UTTARAKHAND (05),Total,5-14,Marginal workers_Seeking/available for work_Females,148,DDW-0500B-01ST-Census.xls,01ST
B0301ST,05,000,State - UTTARAKHAND (05),Total,15-34,Marginal workers_Seeking/available for work_Females,4076,DDW-0500B-01ST-Census.xls,01ST
B0301ST,05,000,State - UTTARAKHAND (05),Total,35-59,Marginal workers_Seeking/available for work_Females,1947,DDW-0500B-01ST-Census.xls,01ST
B0301ST,05,000,State - UTTARAKHAND (05),Total,60+,Marginal workers_Seeking/available for work_Females,304,DDW-0500B-01ST-Census.xls,01ST
B0301ST,05,000,State - UTTARAKHAND (05),Total,Age not stated,Marginal workers_Seeking/available for work_Females,9,DDW-0500B-01ST-Census.xls,01ST
B0301ST,05,000,State - UTTARAKHAND (05),Total,15-59,Marginal workers_Seeking/available for work_Females,6023,DDW-0500B-01ST-Census.xls,01ST
B0301ST,05,000,State - UTTARAKHAND (05),Rural,Total,Marginal workers_Seeking/available for work_Females,6289,DDW-0500B-01ST-Census.xls,01ST
B0301ST,05,000,State - UTTARAKHAND (05),Rural,5-14,Marginal workers_Seeking/available for work_Females,138,DDW-0500B-01ST-Census.xls,01ST
B0301ST,05,000,State - UTTARAKHAND (05),Rural,15-34,Marginal workers_Seeking/available for work_Females,3946,DDW-0500B-01ST-Census.xls,01ST
B0301ST,05,000,State - UTTARAKHAND (05),Rural,35-59,Marginal workers_Seeking/available for work_Females,1895,DDW-0500B-01ST-Census.xls,01ST
B0301ST,05,000,State - UTTARAKHAND (05),Rural,60+,Marginal workers_Seeking/available for work_Females,302,DDW-0500B-01ST-Census.xls,01ST
B0301ST,05,000,State - UTTARAKHAND (05),Rural,Age not stated,Marginal workers_Seeking/available for work_Females,8,DDW-0500B-01ST-Census.xls,01ST
B0301ST,05,000,State - UTTARAKHAND (05),Rural,15-59,Marginal workers_Seeking/available for work_Females,5841,DDW-0500B-01ST-Census.xls,01ST
B0301ST,05,000,State - UTTARAKHAND (05),Urban,Total,Marginal workers_Seeking/available for work_Females,195,DDW-0500B-01ST-Census.xls,01ST
B0301ST,05,000,State - UTTARAKHAND (05),Urban,5-14,Marginal workers_Seeking/available for work_Females,10,DDW-0500B-01ST-Census.xls,01ST
B0301ST,05,000,State - UTTARAKHAND (05),Urban,15-34,Marginal workers_Seeking/available for work_Females,130,DDW-0500B-01ST-Census.xls,01ST
B0301ST,05,000,State - UTTARAKHAND (05),Urban,35-59,Marginal workers_Seeking/available for work_Females,52,DDW-0500B-01ST-Census.xls,01ST
B0301ST,05,000,State - UTTARAKHAND (05),Urban,60+,Marginal workers_Seeking/available for work_Females,2,DDW-0500B-01ST-Census.xls,01ST
B0301ST,05,000,State - UTTARAKHAND (05),Urban,Age not stated,Marginal workers_Seeking/available for work_Females,1,DDW-0500B-01ST-Census.xls,01ST
B0301ST,05,000,State - UTTARAKHAND (05),Urban,15-59,Marginal workers_Seeking/available for work_Females,182,DDW-0500B-01ST-Census.xls,01ST
B0301ST,05,056,District - Uttarkashi (01),Total,Total,Marginal workers_Seeking/available for work_Females,121,DDW-0500B-01ST-Census.xls,01ST
B0301ST,05,056,District - Uttarkashi (01),Total,5-14,Marginal workers_Seeking/available for work_Females,0,DDW-0500B-01ST-Census.xls,01ST
B0301ST,05,056,District - Uttarkashi (01),Total,15-34,Marginal workers_Seeking/available for work_Females,50,DDW-0500B-01ST-Census.xls,01ST
B0301ST,05,056,District - Uttarkashi (01),Total,35-59,Marginal workers_Seeking/available for work_Females,63,DDW-0500B-01ST-Census.xls,01ST
B0301ST,05,056,District - Uttarkashi (01),Total,60+,Marginal workers_Seeking/available for work_Females,8,DDW-0500B-01ST-Census.xls,01ST
B0301ST,05,056,District - Uttarkashi (01),Total,Age not stated,Marginal workers_Seeking/available for work_Females,0,DDW-0500B-01ST-Census.xls,01ST
B0301ST,05,056,District - Uttarkashi (01),Total,15-59,Marginal workers_Seeking/available for work_Females,113,DDW-0500B-01ST-Census.xls,01ST
B0301ST,05,056,District - Uttarkashi (01),Rural,Total,Marginal workers_Seeking/available for work_Females,120,DDW-0500B-01ST-Census.xls,01ST
B0301ST,05,056,District - Uttarkashi (01),Rural,5-14,Marginal workers_Seeking/available for work_Females,0,DDW-0500B-01ST-Census.xls,01ST
B0301ST,05,056,District - Uttarkashi (01),Rural,15-34,Marginal workers_Seeking/available for work_Females,49,DDW-0500B-01ST-Census.xls,01ST
B0301ST,05,056,District - Uttarkashi (01),Rural,35-59,Marginal workers_Seeking/available for work_Females,63,DDW-0500B-01ST-Census.xls,01ST
B0301ST,05,056,District - Uttarkashi (01),Rural,60+,Marginal workers_Seeking/available for work_Females,8,DDW-0500B-01ST-Census.xls,01ST
B0301ST,05,056,District - Uttarkashi (01),Rural,Age not stated,Marginal workers_Seeking/available for work_Females,0,DDW-0500B-01ST-Census.xls,01ST
B0301ST,05,056,District - Uttarkashi (01),Rural,15-59,Marginal workers_Seeking/available for work_Females,112,DDW-0500B-01ST-Census.xls,01ST
B0301ST,05,056,District - Uttarkashi (01),Urban,Total,Marginal workers_Seeking/available for work_Females,1,DDW-0500B-01ST-Census.xls,01ST
B0301ST,05,056,District - Uttarkashi (01),Urban,5-14,Marginal workers_Seeking/available for work_Females,0,DDW-0500B-01ST-Census.xls,01ST
B0301ST,05,056,District - Uttarkashi (01),Urban,15-34,Marginal workers_Seeking/available for work_Females,1,DDW-0500B-01ST-Census.xls,01ST
B0301ST,05,056,District - Uttarkashi (01),Urban,35-59,Marginal workers_Seeking/available for work_Females,0,DDW-0500B-01ST-Census.xls,01ST
B0301ST,05,056,District - Uttarkashi (01),Urban,60+,Marginal workers_Seeking/available for work_Females,0,DDW-0500B-01ST-Census.xls,01ST
B0301ST,05,056,District - Uttarkashi (01),Urban,Age not stated,Marginal workers_Seeking/available for work_Females,0,DDW-0500B-01ST-Census.xls,01ST
B0301ST,05,056,District - Uttarkashi (01),Urban,15-59,Marginal workers_Seeking/available for work_Females,1,DDW-0500B-01ST-Census.xls,01ST
B0301ST,05,057,District - Chamoli (02),Total,Total,Marginal workers_Seeking/available for work_Females,531,DDW-0500B-01ST-Census.xls,01ST
B0301ST,05,057,District - Chamoli (02),Total,5-14,Marginal workers_Seeking/available for work_Females,6,DDW-0500B-01ST-Census.xls,01ST
B0301ST,05,057,District - Chamoli (02),Total,15-34,Marginal workers_Seeking/available for work_Females,358,DDW-0500B-01ST-Census.xls,01ST
B0301ST,05,057,District - Chamoli (02),Total,35-59,Marginal workers_Seeking/available for work_Females,144,DDW-0500B-01ST-Census.xls,01ST
B0301ST,05,057,District - Chamoli (02),Total,60+,Marginal workers_Seeking/available for work_Females,23,DDW-0500B-01ST-Census.xls,01ST
B0301ST,05,057,District - Chamoli (02),Total,Age not stated,Marginal workers_Seeking/available for work_Females,0,DDW-0500B-01ST-Census.xls,01ST
B0301ST,05,057,District - Chamoli (02),Total,15-59,Marginal workers_Seeking/available for work_Females,502,DDW-0500B-01ST-Census.xls,01ST
B0301ST,05,057,District - Chamoli (02),Rural,Total,Marginal workers_Seeking/available for work_Females,516,DDW-0500B-01ST-Census.xls,01ST
B0301ST,05,057,District - Chamoli (02),Rural,5-14,Marginal workers_Seeking/available for work_Females,6,DDW-0500B-01ST-Census.xls,01ST
B0301ST,05,057,District - Chamoli (02),Rural,15-34,Marginal workers_Seeking/available for work_Females,351,DDW-0500B-01ST-Census.xls,01ST
B0301ST,05,057,District - Chamoli (02),Rural,35-59,Marginal workers_Seeking/available for work_Females,137,DDW-0500B-01ST-Census.xls,01ST
B0301ST,05,057,District - Chamoli (02),Rural,60+,Marginal workers_Seeking/available for work_Females,22,DDW-0500B-01ST-Census.xls,01ST
B0301ST,05,057,District - Chamoli (02),Rural,Age not stated,Marginal workers_Seeking/available for work_Females,0,DDW-0500B-01ST-Census.xls,01ST
B0301ST,05,057,District - Chamoli (02),Rural,15-59,Marginal workers_Seeking/available for work_Females,488,DDW-0500B-01ST-Census.xls,01ST
B0301ST,05,057,District - Chamoli (02),Urban,Total,Marginal workers_Seeking/available for work_Females,15,DDW-0500B-01ST-Census.xls,01ST
B0301ST,05,057,District - Chamoli (02),Urban,5-14,Marginal workers_Seeking/available for work_Females,0,DDW-0500B-01ST-Census.xls,01ST
B0301ST,05,057,District - Chamoli (02),Urban,15-34,Marginal workers_Seeking/available for work_Females,7,DDW-0500B-01ST-Census.xls,01ST
B0301ST,05,057,District - Chamoli (02),Urban,35-59,Marginal workers_Seeking/available for work_Females,7,DDW-0500B-01ST-Census.xls,01ST
B0301ST,05,057,District - Chamoli (02),Urban,60+,Marginal workers_Seeking/available for work_Females,1,DDW-0500B-01ST-Census.xls,01ST
B0301ST,05,057,District - Chamoli (02),Urban,Age not stated,Marginal workers_Seeking/available for work_Females,0,DDW-0500B-01ST-Census.xls,01ST
B0301ST,05,057,District - Chamoli (02),Urban,15-59,Marginal workers_Seeking/available for work_Females,14,DDW-0500B-01ST-Census.xls,01ST
B0301ST,05,058,District - Rudraprayag (03),Total,Total,Marginal workers_Seeking/available for work_Females,11,DDW-0500B-01ST-Census.xls,01ST
B0301ST,05,058,District - Rudraprayag (03),Total,5-14,Marginal workers_Seeking/available for work_Females,0,DDW-0500B-01ST-Census.xls,01ST
B0301ST,05,058,District - Rudraprayag (03),Total,15-34,Marginal workers_Seeking/available for work_Females,5,DDW-0500B-01ST-Census.xls,01ST
B0301ST,05,058,District - Rudraprayag (03),Total,35-59,Marginal workers_Seeking/available for work_Females,6,DDW-0500B-01ST-Census.xls,01ST
B0301ST,05,058,District - Rudraprayag (03),Total,60+,Marginal workers_Seeking/available for work_Females,0,DDW-0500B-01ST-Census.xls,01ST
B0301ST,05,058,District - Rudraprayag (03),Total,Age not stated,Marginal workers_Seeking/available for work_Females,0,DDW-0500B-01ST-Census.xls,01ST
B0301ST,05,058,District - Rudraprayag (03),Total,15-59,Marginal workers_Seeking/available for work_Females,11,DDW-0500B-01ST-Census.xls,01ST
B0301ST,05,058,District - Rudraprayag (03),Rural,Total,Marginal workers_Seeking/available for work_Females,11,DDW-0500B-01ST-Census.xls,01ST
B0301ST,05,058,District - Rudraprayag (03),Rural,5-14,Marginal workers_Seeking/available for work_Females,0,DDW-0500B-01ST-Census.xls,01ST
B0301ST,05,058,District - Rudraprayag (03),Rural,15-34,Marginal workers_Seeking/available for work_Females,5,DDW-0500B-01ST-Census.xls,01ST
B0301ST,05,058,District - Rudraprayag (03),Rural,35-59,Marginal workers_Seeking/available for work_Females,6,DDW-0500B-01ST-Census.xls,01ST
B0301ST,05,058,District - Rudraprayag (03),Rural,60+,Marginal workers_Seeking/available for work_Females,0,DDW-0500B-01ST-Census.xls,01ST
B0301ST,05,058,District - Rudraprayag (03),Rural,Age not stated,Marginal workers_Seeking/available for work_Females,0,DDW-0500B-01ST-Census.xls,01ST
B0301ST,05,058,District - Rudraprayag (03),Rural,15-59,Marginal workers_Seeking/available for work_Females,11,DDW-0500B-01ST-Census.xls,01ST
B0301ST,05,058,District - Rudraprayag (03),Urban,Total,Marginal workers_Seeking/available for work_Females,0,DDW-0500B-01ST-Census.xls,01ST
B0301ST,05,058,District - Rudraprayag (03),Urban,5-14,Marginal workers_Seeking/available for work_Females,0,DDW-0500B-01ST-Census.xls,01ST
B0301ST,05,058,District - Rudraprayag (03),Urban,15-34,Marginal workers_Seeking/available for work_Females,0,DDW-0500B-01ST-Census.xls,01ST
B0301ST,05,058,District - Rudraprayag (03),Urban,35-59,Marginal workers_Seeking/available for work_Females,0,DDW-0500B-01ST-Census.xls,01ST
B0301ST,05,058,District - Rudraprayag (03),Urban,60+,Marginal workers_Seeking/available for work_Females,0,DDW-0500B-01ST-Census.xls,01ST
B0301ST,05,058,District - Rudraprayag (03),Urban,Age not stated,Marginal workers_Seeking/available for work_Females,0,DDW-0500B-01ST-Census.xls,01ST
B0301ST,05,058,District - Rudraprayag (03),Urban,15-59,Marginal workers_Seeking/available for work_Females,0,DDW-0500B-01ST-Census.xls,01ST
B0301ST,05,059,District - Tehri Garhwal (04),Total,Total,Marginal workers_Seeking/available for work_Females,14,DDW-0500B-01ST-Census.xls,01ST
B0301ST,05,059,District - Tehri Garhwal (04),Total,5-14,Marginal workers_Seeking/available for work_Females,3,DDW-0500B-01ST-Census.xls,01ST
B0301ST,05,059,District - Tehri Garhwal (04),Total,15-34,Marginal workers_Seeking/available for work_Females,7,DDW-0500B-01ST-Census.xls,01ST
B0301ST,05,059,District - Tehri Garhwal (04),Total,35-59,Marginal workers_Seeking/available for work_Females,3,DDW-0500B-01ST-Census.xls,01ST
B0301ST,05,059,District - Tehri Garhwal (04),Total,60+,Marginal workers_Seeking/available for work_Females,1,DDW-0500B-01ST-Census.xls,01ST
B0301ST,05,059,District - Tehri Garhwal (04),Total,Age not stated,Marginal workers_Seeking/available for work_Females,0,DDW-0500B-01ST-Census.xls,01ST
B0301ST,05,059,District - Tehri Garhwal (04),Total,15-59,Marginal workers_Seeking/available for work_Females,10,DDW-0500B-01ST-Census.xls,01ST
B0301ST,05,059,District - Tehri Garhwal (04),Rural,Total,Marginal workers_Seeking/available for work_Females,11,DDW-0500B-01ST-Census.xls,01ST
B0301ST,05,059,District - Tehri Garhwal (04),Rural,5-14,Marginal workers_Seeking/available for work_Females,2,DDW-0500B-01ST-Census.xls,01ST
B0301ST,05,059,District - Tehri Garhwal (04),Rural,15-34,Marginal workers_Seeking/available for work_Females,5,DDW-0500B-01ST-Census.xls,01ST
B0301ST,05,059,District - Tehri Garhwal (04),Rural,35-59,Marginal workers_Seeking/available for work_Females,3,DDW-0500B-01ST-Census.xls,01ST
B0301ST,05,059,District - Tehri Garhwal (04),Rural,60+,Marginal workers_Seeking/available for work_Females,1,DDW-0500B-01ST-Census.xls,01ST
B0301ST,05,059,District - Tehri Garhwal (04),Rural,Age not stated,Marginal workers_Seeking/available for work_Females,0,DDW-0500B-01ST-Census.xls,01ST
B0301ST,05,059,District - Tehri Garhwal (04),Rural,15-59,Marginal workers_Seeking/available for work_Females,8,DDW-0500B-01ST-Census.xls,01ST
B0301ST,05,059,District - Tehri Garhwal (04),Urban,Total,Marginal workers_Seeking/available for work_Females,3,DDW-0500B-01ST-Census.xls,01ST
B0301ST,05,059,District - Tehri Garhwal (04),Urban,5-14,Marginal workers_Seeking/available for work_Females,1,DDW-0500B-01ST-Census.xls,01ST
B0301ST,05,059,District - Tehri Garhwal (04),Urban,15-34,Marginal workers_Seeking/available for work_Females,2,DDW-0500B-01ST-Census.xls,01ST
B0301ST,05,059,District - Tehri Garhwal (04),Urban,35-59,Marginal workers_Seeking/available for work_Females,0,DDW-0500B-01ST-Census.xls,01ST
B0301ST,05,059,District - Tehri Garhwal (04),Urban,60+,Marginal workers_Seeking/available for work_Females,0,DDW-0500B-01ST-Census.xls,01ST
B0301ST,05,059,District - Tehri Garhwal (04),Urban,Age not stated,Marginal workers_Seeking/available for work_Females,0,DDW-0500B-01ST-Census.xls,01ST
B0301ST,05,059,District - Tehri Garhwal (04),Urban,15-59,Marginal workers_Seeking/available for work_Females,2,DDW-0500B-01ST-Census.xls,01ST
B0301ST,05,060,District - Dehradun (05),Total,Total,Marginal workers_Seeking/available for work_Females,1164,DDW-0500B-01ST-Census.xls,01ST
B0301ST,05,060,District - Dehradun (05),Total,5-14,Marginal workers_Seeking/available for work_Females,42,DDW-0500B-01ST-Census.xls,01ST
B0301ST,05,060,District - Dehradun (05),Total,15-34,Marginal workers_Seeking/available for work_Females,734,DDW-0500B-01ST-Census.xls,01ST
B0301ST,05,060,District - Dehradun (05),Total,35-59,Marginal workers_Seeking/available for work_Females,303,DDW-0500B-01ST-Census.xls,01ST
B0301ST,05,060,District - Dehradun (05),Total,60+,Marginal workers_Seeking/available for work_Females,81,DDW-0500B-01ST-Census.xls,01ST
B0301ST,05,060,District - Dehradun (05),Total,Age not stated,Marginal workers_Seeking/available for work_Females,4,DDW-0500B-01ST-Census.xls,01ST
B0301ST,05,060,District - Dehradun (05),Total,15-59,Marginal workers_Seeking/available for work_Females,1037,DDW-0500B-01ST-Census.xls,01ST
B0301ST,05,060,District - Dehradun (05),Rural,Total,Marginal workers_Seeking/available for work_Females,1097,DDW-0500B-01ST-Census.xls,01ST
B0301ST,05,060,District - Dehradun (05),Rural,5-14,Marginal workers_Seeking/available for work_Females,38,DDW-0500B-01ST-Census.xls,01ST
B0301ST,05,060,District - Dehradun (05),Rural,15-34,Marginal workers_Seeking/available for work_Females,685,DDW-0500B-01ST-Census.xls,01ST
B0301ST,05,060,District - Dehradun (05),Rural,35-59,Marginal workers_Seeking/available for work_Females,290,DDW-0500B-01ST-Census.xls,01ST
B0301ST,05,060,District - Dehradun (05),Rural,60+,Marginal workers_Seeking/available for work_Females,81,DDW-0500B-01ST-Census.xls,01ST
B0301ST,05,060,District - Dehradun (05),Rural,Age not stated,Marginal workers_Seeking/available for work_Females,3,DDW-0500B-01ST-Census.xls,01ST
B0301ST,05,060,District - Dehradun (05),Rural,15-59,Marginal workers_Seeking/available for work_Females,975,DDW-0500B-01ST-Census.xls,01ST
B0301ST,05,060,District - Dehradun (05),Urban,Total,Marginal workers_Seeking/available for work_Females,67,DDW-0500B-01ST-Census.xls,01ST
B0301ST,05,060,District - Dehradun (05),Urban,5-14,Marginal workers_Seeking/available for work_Females,4,DDW-0500B-01ST-Census.xls,01ST
B0301ST,05,060,District - Dehradun (05),Urban,15-34,Marginal workers_Seeking/available for work_Females,49,DDW-0500B-01ST-Census.xls,01ST
B0301ST,05,060,District - Dehradun (05),Urban,35-59,Marginal workers_Seeking/available for work_Females,13,DDW-0500B-01ST-Census.xls,01ST
B0301ST,05,060,District - Dehradun (05),Urban,60+,Marginal workers_Seeking/available for work_Females,0,DDW-0500B-01ST-Census.xls,01ST
B0301ST,05,060,District - Dehradun (05),Urban,Age not stated,Marginal workers_Seeking/available for work_Females,1,DDW-0500B-01ST-Census.xls,01ST
B0301ST,05,060,District - Dehradun (05),Urban,15-59,Marginal workers_Seeking/available for work_Females,62,DDW-0500B-01ST-Census.xls,01ST
B0301ST,05,061,District - Garhwal (06),Total,Total,Marginal workers_Seeking/available for work_Females,25,DDW-0500B-01ST-Census.xls,01ST
B0301ST,05,061,District - Garhwal (06),Total,5-14,Marginal workers_Seeking/available for work_Females,0,DDW-0500B-01ST-Census.xls,01ST
B0301ST,05,061,District - Garhwal (06),Total,15-34,Marginal workers_Seeking/available for work_Females,12,DDW-0500B-01ST-Census.xls,01ST
B0301ST,05,061,District - Garhwal (06),Total,35-59,Marginal workers_Seeking/available for work_Females,9,DDW-0500B-01ST-Census.xls,01ST
B0301ST,05,061,District - Garhwal (06),Total,60+,Marginal workers_Seeking/available for work_Females,3,DDW-0500B-01ST-Census.xls,01ST
B0301ST,05,061,District - Garhwal (06),Total,Age not stated,Marginal workers_Seeking/available for work_Females,1,DDW-0500B-01ST-Census.xls,01ST
B0301ST,05,061,District - Garhwal (06),Total,15-59,Marginal workers_Seeking/available for work_Females,21,DDW-0500B-01ST-Census.xls,01ST
B0301ST,05,061,District - Garhwal (06),Rural,Total,Marginal workers_Seeking/available for work_Females,22,DDW-0500B-01ST-Census.xls,01ST
B0301ST,05,061,District - Garhwal (06),Rural,5-14,Marginal workers_Seeking/available for work_Females,0,DDW-0500B-01ST-Census.xls,01ST
B0301ST,05,061,District - Garhwal (06),Rural,15-34,Marginal workers_Seeking/available for work_Females,10,DDW-0500B-01ST-Census.xls,01ST
B0301ST,05,061,District - Garhwal (06),Rural,35-59,Marginal workers_Seeking/available for work_Females,8,DDW-0500B-01ST-Census.xls,01ST
B0301ST,05,061,District - Garhwal (06),Rural,60+,Marginal workers_Seeking/available for work_Females,3,DDW-0500B-01ST-Census.xls,01ST
B0301ST,05,061,District - Garhwal (06),Rural,Age not stated,Marginal workers_Seeking/available for work_Females,1,DDW-0500B-01ST-Census.xls,01ST
B0301ST,05,061,District - Garhwal (06),Rural,15-59,Marginal workers_Seeking/available for work_Females,18,DDW-0500B-01ST-Census.xls,01ST
B0301ST,05,061,District - Garhwal (06),Urban,Total,Marginal workers_Seeking/available for work_Females,3,DDW-0500B-01ST-Census.xls,01ST
B0301ST,05,061,District - Garhwal (06),Urban,5-14,Marginal workers_Seeking/available for work_Females,0,DDW-0500B-01ST-Census.xls,01ST
B0301ST,05,061,District - Garhwal (06),Urban,15-34,Marginal workers_Seeking/available for work_Females,2,DDW-0500B-01ST-Census.xls,01ST
B0301ST,05,061,District - Garhwal (06),Urban,35-59,Marginal workers_Seeking/available for work_Females,1,DDW-0500B-01ST-Census.xls,01ST
B0301ST,05,061,District - Garhwal (06),Urban,60+,Marginal workers_Seeking/available for work_Females,0,DDW-0500B-01ST-Census.xls,01ST
B0301ST,05,061,District - Garhwal (06),Urban,Age not stated,Marginal workers_Seeking/available for work_Females,0,DDW-0500B-01ST-Census.xls,01ST
B0301ST,05,061,District - Garhwal (06),Urban,15-59,Marginal workers_Seeking/available for work_Females,3,DDW-0500B-01ST-Census.xls,01ST
B0301ST,05,062,District - Pithoragarh (07),Total,Total,Marginal workers_Seeking/available for work_Females,611,DDW-0500B-01ST-Census.xls,01ST
B0301ST,05,062,District - Pithoragarh (07),Total,5-14,Marginal workers_Seeking/available for work_Females,2,DDW-0500B-01ST-Census.xls,01ST
B0301ST,05,062,District - Pithoragarh (07),Total,15-34,Marginal workers_Seeking/available for work_Females,362,DDW-0500B-01ST-Census.xls,01ST
B0301ST,05,062,District - Pithoragarh (07),Total,35-59,Marginal workers_Seeking/available for work_Females,196,DDW-0500B-01ST-Census.xls,01ST
B0301ST,05,062,District - Pithoragarh (07),Total,60+,Marginal workers_Seeking/available for work_Females,51,DDW-0500B-01ST-Census.xls,01ST
B0301ST,05,062,District - Pithoragarh (07),Total,Age not stated,Marginal workers_Seeking/available for work_Females,0,DDW-0500B-01ST-Census.xls,01ST
B0301ST,05,062,District - Pithoragarh (07),Total,15-59,Marginal workers_Seeking/available for work_Females,558,DDW-0500B-01ST-Census.xls,01ST
B0301ST,05,062,District - Pithoragarh (07),Rural,Total,Marginal workers_Seeking/available for work_Females,585,DDW-0500B-01ST-Census.xls,01ST
B0301ST,05,062,District - Pithoragarh (07),Rural,5-14,Marginal workers_Seeking/available for work_Females,2,DDW-0500B-01ST-Census.xls,01ST
B0301ST,05,062,District - Pithoragarh (07),Rural,15-34,Marginal workers_Seeking/available for work_Females,347,DDW-0500B-01ST-Census.xls,01ST
B0301ST,05,062,District - Pithoragarh (07),Rural,35-59,Marginal workers_Seeking/available for work_Females,185,DDW-0500B-01ST-Census.xls,01ST
B0301ST,05,062,District - Pithoragarh (07),Rural,60+,Marginal workers_Seeking/available for work_Females,51,DDW-0500B-01ST-Census.xls,01ST
B0301ST,05,062,District - Pithoragarh (07),Rural,Age not stated,Marginal workers_Seeking/available for work_Females,0,DDW-0500B-01ST-Census.xls,01ST
B0301ST,05,062,District - Pithoragarh (07),Rural,15-59,Marginal workers_Seeking/available for work_Females,532,DDW-0500B-01ST-Census.xls,01ST
B0301ST,05,062,District - Pithoragarh (07),Urban,Total,Marginal workers_Seeking/available for work_Females,26,DDW-0500B-01ST-Census.xls,01ST
B0301ST,05,062,District - Pithoragarh (07),Urban,5-14,Marginal workers_Seeking/available for work_Females,0,DDW-0500B-01ST-Census.xls,01ST
B0301ST,05,062,District - Pithoragarh (07),Urban,15-34,Marginal workers_Seeking/available for work_Females,15,DDW-0500B-01ST-Census.xls,01ST
B0301ST,05,062,District - Pithoragarh (07),Urban,35-59,Marginal workers_Seeking/available for work_Females,11,DDW-0500B-01ST-Census.xls,01ST
B0301ST,05,062,District - Pithoragarh (07),Urban,60+,Marginal workers_Seeking/available for work_Females,0,DDW-0500B-01ST-Census.xls,01ST
B0301ST,05,062,District - Pithoragarh (07),Urban,Age not stated,Marginal workers_Seeking/available for work_Females,0,DDW-0500B-01ST-Census.xls,01ST
B0301ST,05,062,District - Pithoragarh (07),Urban,15-59,Marginal workers_Seeking/available for work_Females,26,DDW-0500B-01ST-Census.xls,01ST
B0301ST,05,063,District - Bageshwar (08),Total,Total,Marginal workers_Seeking/available for work_Females,75,DDW-0500B-01ST-Census.xls,01ST
B0301ST,05,063,District - Bageshwar (08),Total,5-14,Marginal workers_Seeking/available for work_Females,0,DDW-0500B-01ST-Census.xls,01ST
B0301ST,05,063,District - Bageshwar (08),Total,15-34,Marginal workers_Seeking/available for work_Females,52,DDW-0500B-01ST-Census.xls,01ST
B0301ST,05,063,District - Bageshwar (08),Total,35-59,Marginal workers_Seeking/available for work_Females,19,DDW-0500B-01ST-Census.xls,01ST
B0301ST,05,063,District - Bageshwar (08),Total,60+,Marginal workers_Seeking/available for work_Females,4,DDW-0500B-01ST-Census.xls,01ST
B0301ST,05,063,District - Bageshwar (08),Total,Age not stated,Marginal workers_Seeking/available for work_Females,0,DDW-0500B-01ST-Census.xls,01ST
B0301ST,05,063,District - Bageshwar (08),Total,15-59,Marginal workers_Seeking/available for work_Females,71,DDW-0500B-01ST-Census.xls,01ST
B0301ST,05,063,District - Bageshwar (08),Rural,Total,Marginal workers_Seeking/available for work_Females,75,DDW-0500B-01ST-Census.xls,01ST
B0301ST,05,063,District - Bageshwar (08),Rural,5-14,Marginal workers_Seeking/available for work_Females,0,DDW-0500B-01ST-Census.xls,01ST
B0301ST,05,063,District - Bageshwar (08),Rural,15-34,Marginal workers_Seeking/available for work_Females,52,DDW-0500B-01ST-Census.xls,01ST
B0301ST,05,063,District - Bageshwar (08),Rural,35-59,Marginal workers_Seeking/available for work_Females,19,DDW-0500B-01ST-Census.xls,01ST
B0301ST,05,063,District - Bageshwar (08),Rural,60+,Marginal workers_Seeking/available for work_Females,4,DDW-0500B-01ST-Census.xls,01ST
B0301ST,05,063,District - Bageshwar (08),Rural,Age not stated,Marginal workers_Seeking/available for work_Females,0,DDW-0500B-01ST-Census.xls,01ST
B0301ST,05,063,District - Bageshwar (08),Rural,15-59,Marginal workers_Seeking/available for work_Females,71,DDW-0500B-01ST-Census.xls,01ST
B0301ST,05,063,District - Bageshwar (08),Urban,Total,Marginal workers_Seeking/available for work_Females,0,DDW-0500B-01ST-Census.xls,01ST
B0301ST,05,063,District - Bageshwar (08),Urban,5-14,Marginal workers_Seeking/available for work_Females,0,DDW-0500B-01ST-Census.xls,01ST
B0301ST,05,063,District - Bageshwar (08),Urban,15-34,Marginal workers_Seeking/available for work_Females,0,DDW-0500B-01ST-Census.xls,01ST
B0301ST,05,063,District - Bageshwar (08),Urban,35-59,Marginal workers_Seeking/available for work_Females,0,DDW-0500B-01ST-Census.xls,01ST
B0301ST,05,063,District - Bageshwar (08),Urban,60+,Marginal workers_Seeking/available for work_Females,0,DDW-0500B-01ST-Census.xls,01ST
B0301ST,05,063,District - Bageshwar (08),Urban,Age not stated,Marginal workers_Seeking/available for work_Females,0,DDW-0500B-01ST-Census.xls,01ST
B0301ST,05,063,District - Bageshwar (08),Urban,15-59,Marginal workers_Seeking/available for work_Females,0,DDW-0500B-01ST-Census.xls,01ST
B0301ST,05,064,"District - Almora
 (09)",Total,Total,Marginal workers_Seeking/available for work_Females,13,DDW-0500B-01ST-Census.xls,01ST
B0301ST,05,064,"District - Almora
 (09)",Total,5-14,Marginal workers_Seeking/available for work_Females,0,DDW-0500B-01ST-Census.xls,01ST
B0301ST,05,064,"District - Almora
 (09)",Total,15-34,Marginal workers_Seeking/available for work_Females,6,DDW-0500B-01ST-Census.xls,01ST
B0301ST,05,064,"District - Almora
 (09)",Total,35-59,Marginal workers_Seeking/available for work_Females,7,DDW-0500B-01ST-Census.xls,01ST
B0301ST,05,064,"District - Almora
 (09)",Total,60+,Marginal workers_Seeking/available for work_Females,0,DDW-0500B-01ST-Census.xls,01ST
B0301ST,05,064,"District - Almora
 (09)",Total,Age not stated,Marginal workers_Seeking/available for work_Females,0,DDW-0500B-01ST-Census.xls,01ST
B0301ST,05,064,"District - Almora
 (09)",Total,15-59,Marginal workers_Seeking/available for work_Females,13,DDW-0500B-01ST-Census.xls,01ST
B0301ST,05,064,"District - Almora
 (09)",Rural,Total,Marginal workers_Seeking/available for work_Females,12,DDW-0500B-01ST-Census.xls,01ST
B0301ST,05,064,"District - Almora
 (09)",Rural,5-14,Marginal workers_Seeking/available for work_Females,0,DDW-0500B-01ST-Census.xls,01ST
B0301ST,05,064,"District - Almora
 (09)",Rural,15-34,Marginal workers_Seeking/available for work_Females,6,DDW-0500B-01ST-Census.xls,01ST
B0301ST,05,064,"District - Almora
 (09)",Rural,35-59,Marginal workers_Seeking/available for work_Females,6,DDW-0500B-01ST-Census.xls,01ST
B0301ST,05,064,"District - Almora
 (09)",Rural,60+,Marginal workers_Seeking/available for work_Females,0,DDW-0500B-01ST-Census.xls,01ST
B0301ST,05,064,"District - Almora
 (09)",Rural,Age not stated,Marginal workers_Seeking/available for work_Females,0,DDW-0500B-01ST-Census.xls,01ST
B0301ST,05,064,"District - Almora
 (09)",Rural,15-59,Marginal workers_Seeking/available for work_Females,12,DDW-0500B-01ST-Census.xls,01ST
B0301ST,05,064,"District - Almora
 (09)",Urban,Total,Marginal workers_Seeking/available for work_Females,1,DDW-0500B-01ST-Census.xls,01ST
B0301ST,05,064,"District - Almora
 (09)",Urban,5-14,Marginal workers_Seeking/available for work_Females,0,DDW-0500B-01ST-Census.xls,01ST
B0301ST,05,064,"District - Almora
 (09)",Urban,15-34,Marginal workers_Seeking/available for work_Females,0,DDW-0500B-01ST-Census.xls,01ST
B0301ST,05,064,"District - Almora
 (09)",Urban,35-59,Marginal workers_Seeking/available for work_Females,1,DDW-0500B-01ST-Census.xls,01ST
B0301ST,05,064,"District - Almora
 (09)",Urban,60+,Marginal workers_Seeking/available for work_Females,0,DDW-0500B-01ST-Census.xls,01ST
B0301ST,05,064,"District - Almora
 (09)",Urban,Age not stated,Marginal workers_Seeking/available for work_Females,0,DDW-0500B-01ST-Census.xls,01ST
B0301ST,05,064,"District - Almora
 (09)",Urban,15-59,Marginal workers_Seeking/available for work_Females,1,DDW-0500B-01ST-Census.xls,01ST
B0301ST,05,065,District - Champawat (10),Total,Total,Marginal workers_Seeking/available for work_Females,16,DDW-0500B-01ST-Census.xls,01ST
B0301ST,05,065,District - Champawat (10),Total,5-14,Marginal workers_Seeking/available for work_Females,1,DDW-0500B-01ST-Census.xls,01ST
B0301ST,05,065,District - Champawat (10),Total,15-34,Marginal workers_Seeking/available for work_Females,8,DDW-0500B-01ST-Census.xls,01ST
B0301ST,05,065,District - Champawat (10),Total,35-59,Marginal workers_Seeking/available for work_Females,7,DDW-0500B-01ST-Census.xls,01ST
B0301ST,05,065,District - Champawat (10),Total,60+,Marginal workers_Seeking/available for work_Females,0,DDW-0500B-01ST-Census.xls,01ST
B0301ST,05,065,District - Champawat (10),Total,Age not stated,Marginal workers_Seeking/available for work_Females,0,DDW-0500B-01ST-Census.xls,01ST
B0301ST,05,065,District - Champawat (10),Total,15-59,Marginal workers_Seeking/available for work_Females,15,DDW-0500B-01ST-Census.xls,01ST
B0301ST,05,065,District - Champawat (10),Rural,Total,Marginal workers_Seeking/available for work_Females,14,DDW-0500B-01ST-Census.xls,01ST
B0301ST,05,065,District - Champawat (10),Rural,5-14,Marginal workers_Seeking/available for work_Females,1,DDW-0500B-01ST-Census.xls,01ST
B0301ST,05,065,District - Champawat (10),Rural,15-34,Marginal workers_Seeking/available for work_Females,7,DDW-0500B-01ST-Census.xls,01ST
B0301ST,05,065,District - Champawat (10),Rural,35-59,Marginal workers_Seeking/available for work_Females,6,DDW-0500B-01ST-Census.xls,01ST
B0301ST,05,065,District - Champawat (10),Rural,60+,Marginal workers_Seeking/available for work_Females,0,DDW-0500B-01ST-Census.xls,01ST
B0301ST,05,065,District - Champawat (10),Rural,Age not stated,Marginal workers_Seeking/available for work_Females,0,DDW-0500B-01ST-Census.xls,01ST
B0301ST,05,065,District - Champawat (10),Rural,15-59,Marginal workers_Seeking/available for work_Females,13,DDW-0500B-01ST-Census.xls,01ST
B0301ST,05,065,District - Champawat (10),Urban,Total,Marginal workers_Seeking/available for work_Females,2,DDW-0500B-01ST-Census.xls,01ST
B0301ST,05,065,District - Champawat (10),Urban,5-14,Marginal workers_Seeking/available for work_Females,0,DDW-0500B-01ST-Census.xls,01ST
B0301ST,05,065,District - Champawat (10),Urban,15-34,Marginal workers_Seeking/available for work_Females,1,DDW-0500B-01ST-Census.xls,01ST
B0301ST,05,065,District - Champawat (10),Urban,35-59,Marginal workers_Seeking/available for work_Females,1,DDW-0500B-01ST-Census.xls,01ST
B0301ST,05,065,District - Champawat (10),Urban,60+,Marginal workers_Seeking/available for work_Females,0,DDW-0500B-01ST-Census.xls,01ST
B0301ST,05,065,District - Champawat (10),Urban,Age not stated,Marginal workers_Seeking/available for work_Females,0,DDW-0500B-01ST-Census.xls,01ST
B0301ST,05,065,District - Champawat (10),Urban,15-59,Marginal workers_Seeking/available for work_Females,2,DDW-0500B-01ST-Census.xls,01ST
B0301ST,05,066,District - Nainital (11),Total,Total,Marginal workers_Seeking/available for work_Females,141,DDW-0500B-01ST-Census.xls,01ST
B0301ST,05,066,District - Nainital (11),Total,5-14,Marginal workers_Seeking/available for work_Females,3,DDW-0500B-01ST-Census.xls,01ST
B0301ST,05,066,District - Nainital (11),Total,15-34,Marginal workers_Seeking/available for work_Females,71,DDW-0500B-01ST-Census.xls,01ST
B0301ST,05,066,District - Nainital (11),Total,35-59,Marginal workers_Seeking/available for work_Females,58,DDW-0500B-01ST-Census.xls,01ST
B0301ST,05,066,District - Nainital (11),Total,60+,Marginal workers_Seeking/available for work_Females,9,DDW-0500B-01ST-Census.xls,01ST
B0301ST,05,066,District - Nainital (11),Total,Age not stated,Marginal workers_Seeking/available for work_Females,0,DDW-0500B-01ST-Census.xls,01ST
B0301ST,05,066,District - Nainital (11),Total,15-59,Marginal workers_Seeking/available for work_Females,129,DDW-0500B-01ST-Census.xls,01ST
B0301ST,05,066,District - Nainital (11),Rural,Total,Marginal workers_Seeking/available for work_Females,138,DDW-0500B-01ST-Census.xls,01ST
B0301ST,05,066,District - Nainital (11),Rural,5-14,Marginal workers_Seeking/available for work_Females,3,DDW-0500B-01ST-Census.xls,01ST
B0301ST,05,066,District - Nainital (11),Rural,15-34,Marginal workers_Seeking/available for work_Females,68,DDW-0500B-01ST-Census.xls,01ST
B0301ST,05,066,District - Nainital (11),Rural,35-59,Marginal workers_Seeking/available for work_Females,58,DDW-0500B-01ST-Census.xls,01ST
B0301ST,05,066,District - Nainital (11),Rural,60+,Marginal workers_Seeking/available for work_Females,9,DDW-0500B-01ST-Census.xls,01ST
B0301ST,05,066,District - Nainital (11),Rural,Age not stated,Marginal workers_Seeking/available for work_Females,0,DDW-0500B-01ST-Census.xls,01ST
B0301ST,05,066,District - Nainital (11),Rural,15-59,Marginal workers_Seeking/available for work_Females,126,DDW-0500B-01ST-Census.xls,01ST
B0301ST,05,066,District - Nainital (11),Urban,Total,Marginal workers_Seeking/available for work_Females,3,DDW-0500B-01ST-Census.xls,01ST
B0301ST,05,066,District - Nainital (11),Urban,5-14,Marginal workers_Seeking/available for work_Females,0,DDW-0500B-01ST-Census.xls,01ST
B0301ST,05,066,District - Nainital (11),Urban,15-34,Marginal workers_Seeking/available for work_Females,3,DDW-0500B-01ST-Census.xls,01ST
B0301ST,05,066,District - Nainital (11),Urban,35-59,Marginal workers_Seeking/available for work_Females,0,DDW-0500B-01ST-Census.xls,01ST
B0301ST,05,066,District - Nainital (11),Urban,60+,Marginal workers_Seeking/available for work_Females,0,DDW-0500B-01ST-Census.xls,01ST
B0301ST,05,066,District - Nainital (11),Urban,Age not stated,Marginal workers_Seeking/available for work_Females,0,DDW-0500B-01ST-Census.xls,01ST
B0301ST,05,066,District - Nainital (11),Urban,15-59,Marginal workers_Seeking/available for work_Females,3,DDW-0500B-01ST-Census.xls,01ST
B0301ST,05,067,District - Udham Singh Nagar (12),Total,Total,Marginal workers_Seeking/available for work_Females,3587,DDW-0500B-01ST-Census.xls,01ST
B0301ST,05,067,District - Udham Singh Nagar (12),Total,5-14,Marginal workers_Seeking/available for work_Females,85,DDW-0500B-01ST-Census.xls,01ST
B0301ST,05,067,District - Udham Singh Nagar (12),Total,15-34,Marginal workers_Seeking/available for work_Females,2321,DDW-0500B-01ST-Census.xls,01ST
B0301ST,05,067,District - Udham Singh Nagar (12),Total,35-59,Marginal workers_Seeking/available for work_Females,1065,DDW-0500B-01ST-Census.xls,01ST
B0301ST,05,067,District - Udham Singh Nagar (12),Total,60+,Marginal workers_Seeking/available for work_Females,112,DDW-0500B-01ST-Census.xls,01ST
B0301ST,05,067,District - Udham Singh Nagar (12),Total,Age not stated,Marginal workers_Seeking/available for work_Females,4,DDW-0500B-01ST-Census.xls,01ST
B0301ST,05,067,District - Udham Singh Nagar (12),Total,15-59,Marginal workers_Seeking/available for work_Females,3386,DDW-0500B-01ST-Census.xls,01ST
B0301ST,05,067,District - Udham Singh Nagar (12),Rural,Total,Marginal workers_Seeking/available for work_Females,3514,DDW-0500B-01ST-Census.xls,01ST
B0301ST,05,067,District - Udham Singh Nagar (12),Rural,5-14,Marginal workers_Seeking/available for work_Females,80,DDW-0500B-01ST-Census.xls,01ST
B0301ST,05,067,District - Udham Singh Nagar (12),Rural,15-34,Marginal workers_Seeking/available for work_Females,2272,DDW-0500B-01ST-Census.xls,01ST
B0301ST,05,067,District - Udham Singh Nagar (12),Rural,35-59,Marginal workers_Seeking/available for work_Females,1047,DDW-0500B-01ST-Census.xls,01ST
B0301ST,05,067,District - Udham Singh Nagar (12),Rural,60+,Marginal workers_Seeking/available for work_Females,111,DDW-0500B-01ST-Census.xls,01ST
B0301ST,05,067,District - Udham Singh Nagar (12),Rural,Age not stated,Marginal workers_Seeking/available for work_Females,4,DDW-0500B-01ST-Census.xls,01ST
B0301ST,05,067,District - Udham Singh Nagar (12),Rural,15-59,Marginal workers_Seeking/available for work_Females,3319,DDW-0500B-01ST-Census.xls,01ST
B0301ST,05,067,District - Udham Singh Nagar (12),Urban,Total,Marginal workers_Seeking/available for work_Females,73,DDW-0500B-01ST-Census.xls,01ST
B0301ST,05,067,District - Udham Singh Nagar (12),Urban,5-14,Marginal workers_Seeking/available for work_Females,5,DDW-0500B-01ST-Census.xls,01ST
B0301ST,05,067,District - Udham Singh Nagar (12),Urban,15-34,Marginal workers_Seeking/available for work_Females,49,DDW-0500B-01ST-Census.xls,01ST
B0301ST,05,067,District - Udham Singh Nagar (12),Urban,35-59,Marginal workers_Seeking/available for work_Females,18,DDW-0500B-01ST-Census.xls,01ST
B0301ST,05,067,District - Udham Singh Nagar (12),Urban,60+,Marginal workers_Seeking/available for work_Females,1,DDW-0500B-01ST-Census.xls,01ST
B0301ST,05,067,District - Udham Singh Nagar (12),Urban,Age not stated,Marginal workers_Seeking/available for work_Females,0,DDW-0500B-01ST-Census.xls,01ST
B0301ST,05,067,District - Udham Singh Nagar (12),Urban,15-59,Marginal workers_Seeking/available for work_Females,67,DDW-0500B-01ST-Census.xls,01ST
B0301ST,05,068,District - Hardwar (13),Total,Total,Marginal workers_Seeking/available for work_Females,175,DDW-0500B-01ST-Census.xls,01ST
B0301ST,05,068,District - Hardwar (13),Total,5-14,Marginal workers_Seeking/available for work_Females,6,DDW-0500B-01ST-Census.xls,01ST
B0301ST,05,068,District - Hardwar (13),Total,15-34,Marginal workers_Seeking/available for work_Females,90,DDW-0500B-01ST-Census.xls,01ST
B0301ST,05,068,District - Hardwar (13),Total,35-59,Marginal workers_Seeking/available for work_Females,67,DDW-0500B-01ST-Census.xls,01ST
B0301ST,05,068,District - Hardwar (13),Total,60+,Marginal workers_Seeking/available for work_Females,12,DDW-0500B-01ST-Census.xls,01ST
B0301ST,05,068,District - Hardwar (13),Total,Age not stated,Marginal workers_Seeking/available for work_Females,0,DDW-0500B-01ST-Census.xls,01ST
B0301ST,05,068,District - Hardwar (13),Total,15-59,Marginal workers_Seeking/available for work_Females,157,DDW-0500B-01ST-Census.xls,01ST
B0301ST,05,068,District - Hardwar (13),Rural,Total,Marginal workers_Seeking/available for work_Females,174,DDW-0500B-01ST-Census.xls,01ST
B0301ST,05,068,District - Hardwar (13),Rural,5-14,Marginal workers_Seeking/available for work_Females,6,DDW-0500B-01ST-Census.xls,01ST
B0301ST,05,068,District - Hardwar (13),Rural,15-34,Marginal workers_Seeking/available for work_Females,89,DDW-0500B-01ST-Census.xls,01ST
B0301ST,05,068,District - Hardwar (13),Rural,35-59,Marginal workers_Seeking/available for work_Females,67,DDW-0500B-01ST-Census.xls,01ST
B0301ST,05,068,District - Hardwar (13),Rural,60+,Marginal workers_Seeking/available for work_Females,12,DDW-0500B-01ST-Census.xls,01ST
B0301ST,05,068,District - Hardwar (13),Rural,Age not stated,Marginal workers_Seeking/available for work_Females,0,DDW-0500B-01ST-Census.xls,01ST
B0301ST,05,068,District - Hardwar (13),Rural,15-59,Marginal workers_Seeking/available for work_Females,156,DDW-0500B-01ST-Census.xls,01ST
B0301ST,05,068,District - Hardwar (13),Urban,Total,Marginal workers_Seeking/available for work_Females,1,DDW-0500B-01ST-Census.xls,01ST
B0301ST,05,068,District - Hardwar (13),Urban,5-14,Marginal workers_Seeking/available for work_Females,0,DDW-0500B-01ST-Census.xls,01ST
B0301ST,05,068,District - Hardwar (13),Urban,15-34,Marginal workers_Seeking/available for work_Females,1,DDW-0500B-01ST-Census.xls,01ST
B0301ST,05,068,District - Hardwar (13),Urban,35-59,Marginal workers_Seeking/available for work_Females,0,DDW-0500B-01ST-Census.xls,01ST
B0301ST,05,068,District - Hardwar (13),Urban,60+,Marginal workers_Seeking/available for work_Females,0,DDW-0500B-01ST-Census.xls,01ST
B0301ST,05,068,District - Hardwar (13),Urban,Age not stated,Marginal workers_Seeking/available for work_Females,0,DDW-0500B-01ST-Census.xls,01ST
B0301ST,05,068,District - Hardwar (13),Urban,15-59,Marginal workers_Seeking/available for work_Females,1,DDW-0500B-01ST-Census.xls,01ST
B0301ST,05,000,State - UTTARAKHAND (05),Total,Total,Non-workers_Total_Persons,159425,DDW-0500B-01ST-Census.xls,01ST
B0301ST,05,000,State - UTTARAKHAND (05),Total,5-14,Non-workers_Total_Persons,58979,DDW-0500B-01ST-Census.xls,01ST
B0301ST,05,000,State - UTTARAKHAND (05),Total,15-34,Non-workers_Total_Persons,52111,DDW-0500B-01ST-Census.xls,01ST
B0301ST,05,000,State - UTTARAKHAND (05),Total,35-59,Non-workers_Total_Persons,13801,DDW-0500B-01ST-Census.xls,01ST
B0301ST,05,000,State - UTTARAKHAND (05),Total,60+,Non-workers_Total_Persons,10894,DDW-0500B-01ST-Census.xls,01ST
B0301ST,05,000,State - UTTARAKHAND (05),Total,Age not stated,Non-workers_Total_Persons,219,DDW-0500B-01ST-Census.xls,01ST
B0301ST,05,000,State - UTTARAKHAND (05),Total,15-59,Non-workers_Total_Persons,65912,DDW-0500B-01ST-Census.xls,01ST
B0301ST,05,000,State - UTTARAKHAND (05),Rural,Total,Non-workers_Total_Persons,141378,DDW-0500B-01ST-Census.xls,01ST
B0301ST,05,000,State - UTTARAKHAND (05),Rural,5-14,Non-workers_Total_Persons,53653,DDW-0500B-01ST-Census.xls,01ST
B0301ST,05,000,State - UTTARAKHAND (05),Rural,15-34,Non-workers_Total_Persons,45036,DDW-0500B-01ST-Census.xls,01ST
B0301ST,05,000,State - UTTARAKHAND (05),Rural,35-59,Non-workers_Total_Persons,11363,DDW-0500B-01ST-Census.xls,01ST
B0301ST,05,000,State - UTTARAKHAND (05),Rural,60+,Non-workers_Total_Persons,9694,DDW-0500B-01ST-Census.xls,01ST
B0301ST,05,000,State - UTTARAKHAND (05),Rural,Age not stated,Non-workers_Total_Persons,196,DDW-0500B-01ST-Census.xls,01ST
B0301ST,05,000,State - UTTARAKHAND (05),Rural,15-59,Non-workers_Total_Persons,56399,DDW-0500B-01ST-Census.xls,01ST
B0301ST,05,000,State - UTTARAKHAND (05),Urban,Total,Non-workers_Total_Persons,18047,DDW-0500B-01ST-Census.xls,01ST
B0301ST,05,000,State - UTTARAKHAND (05),Urban,5-14,Non-workers_Total_Persons,5326,DDW-0500B-01ST-Census.xls,01ST
B0301ST,05,000,State - UTTARAKHAND (05),Urban,15-34,Non-workers_Total_Persons,7075,DDW-0500B-01ST-Census.xls,01ST
B0301ST,05,000,State - UTTARAKHAND (05),Urban,35-59,Non-workers_Total_Persons,2438,DDW-0500B-01ST-Census.xls,01ST
B0301ST,05,000,State - UTTARAKHAND (05),Urban,60+,Non-workers_Total_Persons,1200,DDW-0500B-01ST-Census.xls,01ST
B0301ST,05,000,State - UTTARAKHAND (05),Urban,Age not stated,Non-workers_Total_Persons,23,DDW-0500B-01ST-Census.xls,01ST
B0301ST,05,000,State - UTTARAKHAND (05),Urban,15-59,Non-workers_Total_Persons,9513,DDW-0500B-01ST-Census.xls,01ST
B0301ST,05,056,District - Uttarkashi (01),Total,Total,Non-workers_Total_Persons,1716,DDW-0500B-01ST-Census.xls,01ST
B0301ST,05,056,District - Uttarkashi (01),Total,5-14,Non-workers_Total_Persons,605,DDW-0500B-01ST-Census.xls,01ST
B0301ST,05,056,District - Uttarkashi (01),Total,15-34,Non-workers_Total_Persons,670,DDW-0500B-01ST-Census.xls,01ST
B0301ST,05,056,District - Uttarkashi (01),Total,35-59,Non-workers_Total_Persons,109,DDW-0500B-01ST-Census.xls,01ST
B0301ST,05,056,District - Uttarkashi (01),Total,60+,Non-workers_Total_Persons,129,DDW-0500B-01ST-Census.xls,01ST
B0301ST,05,056,District - Uttarkashi (01),Total,Age not stated,Non-workers_Total_Persons,3,DDW-0500B-01ST-Census.xls,01ST
B0301ST,05,056,District - Uttarkashi (01),Total,15-59,Non-workers_Total_Persons,779,DDW-0500B-01ST-Census.xls,01ST
B0301ST,05,056,District - Uttarkashi (01),Rural,Total,Non-workers_Total_Persons,1630,DDW-0500B-01ST-Census.xls,01ST
B0301ST,05,056,District - Uttarkashi (01),Rural,5-14,Non-workers_Total_Persons,571,DDW-0500B-01ST-Census.xls,01ST
B0301ST,05,056,District - Uttarkashi (01),Rural,15-34,Non-workers_Total_Persons,644,DDW-0500B-01ST-Census.xls,01ST
B0301ST,05,056,District - Uttarkashi (01),Rural,35-59,Non-workers_Total_Persons,96,DDW-0500B-01ST-Census.xls,01ST
B0301ST,05,056,District - Uttarkashi (01),Rural,60+,Non-workers_Total_Persons,125,DDW-0500B-01ST-Census.xls,01ST
B0301ST,05,056,District - Uttarkashi (01),Rural,Age not stated,Non-workers_Total_Persons,3,DDW-0500B-01ST-Census.xls,01ST
B0301ST,05,056,District - Uttarkashi (01),Rural,15-59,Non-workers_Total_Persons,740,DDW-0500B-01ST-Census.xls,01ST
B0301ST,05,056,District - Uttarkashi (01),Urban,Total,Non-workers_Total_Persons,86,DDW-0500B-01ST-Census.xls,01ST
B0301ST,05,056,District - Uttarkashi (01),Urban,5-14,Non-workers_Total_Persons,34,DDW-0500B-01ST-Census.xls,01ST
B0301ST,05,056,District - Uttarkashi (01),Urban,15-34,Non-workers_Total_Persons,26,DDW-0500B-01ST-Census.xls,01ST
B0301ST,05,056,District - Uttarkashi (01),Urban,35-59,Non-workers_Total_Persons,13,DDW-0500B-01ST-Census.xls,01ST
B0301ST,05,056,District - Uttarkashi (01),Urban,60+,Non-workers_Total_Persons,4,DDW-0500B-01ST-Census.xls,01ST
B0301ST,05,056,District - Uttarkashi (01),Urban,Age not stated,Non-workers_Total_Persons,0,DDW-0500B-01ST-Census.xls,01ST
B0301ST,05,056,District - Uttarkashi (01),Urban,15-59,Non-workers_Total_Persons,39,DDW-0500B-01ST-Census.xls,01ST
B0301ST,05,057,District - Chamoli (02),Total,Total,Non-workers_Total_Persons,5614,DDW-0500B-01ST-Census.xls,01ST
B0301ST,05,057,District - Chamoli (02),Total,5-14,Non-workers_Total_Persons,1839,DDW-0500B-01ST-Census.xls,01ST
B0301ST,05,057,District - Chamoli (02),Total,15-34,Non-workers_Total_Persons,1984,DDW-0500B-01ST-Census.xls,01ST
B0301ST,05,057,District - Chamoli (02),Total,35-59,Non-workers_Total_Persons,418,DDW-0500B-01ST-Census.xls,01ST
B0301ST,05,057,District - Chamoli (02),Total,60+,Non-workers_Total_Persons,444,DDW-0500B-01ST-Census.xls,01ST
B0301ST,05,057,District - Chamoli (02),Total,Age not stated,Non-workers_Total_Persons,8,DDW-0500B-01ST-Census.xls,01ST
B0301ST,05,057,District - Chamoli (02),Total,15-59,Non-workers_Total_Persons,2402,DDW-0500B-01ST-Census.xls,01ST
B0301ST,05,057,District - Chamoli (02),Rural,Total,Non-workers_Total_Persons,3600,DDW-0500B-01ST-Census.xls,01ST
B0301ST,05,057,District - Chamoli (02),Rural,5-14,Non-workers_Total_Persons,1251,DDW-0500B-01ST-Census.xls,01ST
B0301ST,05,057,District - Chamoli (02),Rural,15-34,Non-workers_Total_Persons,1243,DDW-0500B-01ST-Census.xls,01ST
B0301ST,05,057,District - Chamoli (02),Rural,35-59,Non-workers_Total_Persons,181,DDW-0500B-01ST-Census.xls,01ST
B0301ST,05,057,District - Chamoli (02),Rural,60+,Non-workers_Total_Persons,281,DDW-0500B-01ST-Census.xls,01ST
B0301ST,05,057,District - Chamoli (02),Rural,Age not stated,Non-workers_Total_Persons,8,DDW-0500B-01ST-Census.xls,01ST
B0301ST,05,057,District - Chamoli (02),Rural,15-59,Non-workers_Total_Persons,1424,DDW-0500B-01ST-Census.xls,01ST
B0301ST,05,057,District - Chamoli (02),Urban,Total,Non-workers_Total_Persons,2014,DDW-0500B-01ST-Census.xls,01ST
B0301ST,05,057,District - Chamoli (02),Urban,5-14,Non-workers_Total_Persons,588,DDW-0500B-01ST-Census.xls,01ST
B0301ST,05,057,District - Chamoli (02),Urban,15-34,Non-workers_Total_Persons,741,DDW-0500B-01ST-Census.xls,01ST
B0301ST,05,057,District - Chamoli (02),Urban,35-59,Non-workers_Total_Persons,237,DDW-0500B-01ST-Census.xls,01ST
B0301ST,05,057,District - Chamoli (02),Urban,60+,Non-workers_Total_Persons,163,DDW-0500B-01ST-Census.xls,01ST
B0301ST,05,057,District - Chamoli (02),Urban,Age not stated,Non-workers_Total_Persons,0,DDW-0500B-01ST-Census.xls,01ST
B0301ST,05,057,District - Chamoli (02),Urban,15-59,Non-workers_Total_Persons,978,DDW-0500B-01ST-Census.xls,01ST
B0301ST,05,058,District - Rudraprayag (03),Total,Total,Non-workers_Total_Persons,195,DDW-0500B-01ST-Census.xls,01ST
B0301ST,05,058,District - Rudraprayag (03),Total,5-14,Non-workers_Total_Persons,79,DDW-0500B-01ST-Census.xls,01ST
B0301ST,05,058,District - Rudraprayag (03),Total,15-34,Non-workers_Total_Persons,64,DDW-0500B-01ST-Census.xls,01ST
B0301ST,05,058,District - Rudraprayag (03),Total,35-59,Non-workers_Total_Persons,13,DDW-0500B-01ST-Census.xls,01ST
B0301ST,05,058,District - Rudraprayag (03),Total,60+,Non-workers_Total_Persons,6,DDW-0500B-01ST-Census.xls,01ST
B0301ST,05,058,District - Rudraprayag (03),Total,Age not stated,Non-workers_Total_Persons,0,DDW-0500B-01ST-Census.xls,01ST
B0301ST,05,058,District - Rudraprayag (03),Total,15-59,Non-workers_Total_Persons,77,DDW-0500B-01ST-Census.xls,01ST
B0301ST,05,058,District - Rudraprayag (03),Rural,Total,Non-workers_Total_Persons,164,DDW-0500B-01ST-Census.xls,01ST
B0301ST,05,058,District - Rudraprayag (03),Rural,5-14,Non-workers_Total_Persons,65,DDW-0500B-01ST-Census.xls,01ST
B0301ST,05,058,District - Rudraprayag (03),Rural,15-34,Non-workers_Total_Persons,52,DDW-0500B-01ST-Census.xls,01ST
B0301ST,05,058,District - Rudraprayag (03),Rural,35-59,Non-workers_Total_Persons,11,DDW-0500B-01ST-Census.xls,01ST
B0301ST,05,058,District - Rudraprayag (03),Rural,60+,Non-workers_Total_Persons,6,DDW-0500B-01ST-Census.xls,01ST
B0301ST,05,058,District - Rudraprayag (03),Rural,Age not stated,Non-workers_Total_Persons,0,DDW-0500B-01ST-Census.xls,01ST
B0301ST,05,058,District - Rudraprayag (03),Rural,15-59,Non-workers_Total_Persons,63,DDW-0500B-01ST-Census.xls,01ST
B0301ST,05,058,District - Rudraprayag (03),Urban,Total,Non-workers_Total_Persons,31,DDW-0500B-01ST-Census.xls,01ST
B0301ST,05,058,District - Rudraprayag (03),Urban,5-14,Non-workers_Total_Persons,14,DDW-0500B-01ST-Census.xls,01ST
B0301ST,05,058,District - Rudraprayag (03),Urban,15-34,Non-workers_Total_Persons,12,DDW-0500B-01ST-Census.xls,01ST
B0301ST,05,058,District - Rudraprayag (03),Urban,35-59,Non-workers_Total_Persons,2,DDW-0500B-01ST-Census.xls,01ST
B0301ST,05,058,District - Rudraprayag (03),Urban,60+,Non-workers_Total_Persons,0,DDW-0500B-01ST-Census.xls,01ST
B0301ST,05,058,District - Rudraprayag (03),Urban,Age not stated,Non-workers_Total_Persons,0,DDW-0500B-01ST-Census.xls,01ST
B0301ST,05,058,District - Rudraprayag (03),Urban,15-59,Non-workers_Total_Persons,14,DDW-0500B-01ST-Census.xls,01ST
B0301ST,05,059,District - Tehri Garhwal (04),Total,Total,Non-workers_Total_Persons,461,DDW-0500B-01ST-Census.xls,01ST
B0301ST,05,059,District - Tehri Garhwal (04),Total,5-14,Non-workers_Total_Persons,148,DDW-0500B-01ST-Census.xls,01ST
B0301ST,05,059,District - Tehri Garhwal (04),Total,15-34,Non-workers_Total_Persons,159,DDW-0500B-01ST-Census.xls,01ST
B0301ST,05,059,District - Tehri Garhwal (04),Total,35-59,Non-workers_Total_Persons,57,DDW-0500B-01ST-Census.xls,01ST
B0301ST,05,059,District - Tehri Garhwal (04),Total,60+,Non-workers_Total_Persons,23,DDW-0500B-01ST-Census.xls,01ST
B0301ST,05,059,District - Tehri Garhwal (04),Total,Age not stated,Non-workers_Total_Persons,2,DDW-0500B-01ST-Census.xls,01ST
B0301ST,05,059,District - Tehri Garhwal (04),Total,15-59,Non-workers_Total_Persons,216,DDW-0500B-01ST-Census.xls,01ST
B0301ST,05,059,District - Tehri Garhwal (04),Rural,Total,Non-workers_Total_Persons,335,DDW-0500B-01ST-Census.xls,01ST
B0301ST,05,059,District - Tehri Garhwal (04),Rural,5-14,Non-workers_Total_Persons,110,DDW-0500B-01ST-Census.xls,01ST
B0301ST,05,059,District - Tehri Garhwal (04),Rural,15-34,Non-workers_Total_Persons,111,DDW-0500B-01ST-Census.xls,01ST
B0301ST,05,059,District - Tehri Garhwal (04),Rural,35-59,Non-workers_Total_Persons,42,DDW-0500B-01ST-Census.xls,01ST
B0301ST,05,059,District - Tehri Garhwal (04),Rural,60+,Non-workers_Total_Persons,20,DDW-0500B-01ST-Census.xls,01ST
B0301ST,05,059,District - Tehri Garhwal (04),Rural,Age not stated,Non-workers_Total_Persons,1,DDW-0500B-01ST-Census.xls,01ST
B0301ST,05,059,District - Tehri Garhwal (04),Rural,15-59,Non-workers_Total_Persons,153,DDW-0500B-01ST-Census.xls,01ST
B0301ST,05,059,District - Tehri Garhwal (04),Urban,Total,Non-workers_Total_Persons,126,DDW-0500B-01ST-Census.xls,01ST
B0301ST,05,059,District - Tehri Garhwal (04),Urban,5-14,Non-workers_Total_Persons,38,DDW-0500B-01ST-Census.xls,01ST
B0301ST,05,059,District - Tehri Garhwal (04),Urban,15-34,Non-workers_Total_Persons,48,DDW-0500B-01ST-Census.xls,01ST
B0301ST,05,059,District - Tehri Garhwal (04),Urban,35-59,Non-workers_Total_Persons,15,DDW-0500B-01ST-Census.xls,01ST
B0301ST,05,059,District - Tehri Garhwal (04),Urban,60+,Non-workers_Total_Persons,3,DDW-0500B-01ST-Census.xls,01ST
B0301ST,05,059,District - Tehri Garhwal (04),Urban,Age not stated,Non-workers_Total_Persons,1,DDW-0500B-01ST-Census.xls,01ST
B0301ST,05,059,District - Tehri Garhwal (04),Urban,15-59,Non-workers_Total_Persons,63,DDW-0500B-01ST-Census.xls,01ST
B0301ST,05,060,District - Dehradun (05),Total,Total,Non-workers_Total_Persons,63820,DDW-0500B-01ST-Census.xls,01ST
B0301ST,05,060,District - Dehradun (05),Total,5-14,Non-workers_Total_Persons,24288,DDW-0500B-01ST-Census.xls,01ST
B0301ST,05,060,District - Dehradun (05),Total,15-34,Non-workers_Total_Persons,20203,DDW-0500B-01ST-Census.xls,01ST
B0301ST,05,060,District - Dehradun (05),Total,35-59,Non-workers_Total_Persons,5418,DDW-0500B-01ST-Census.xls,01ST
B0301ST,05,060,District - Dehradun (05),Total,60+,Non-workers_Total_Persons,4001,DDW-0500B-01ST-Census.xls,01ST
B0301ST,05,060,District - Dehradun (05),Total,Age not stated,Non-workers_Total_Persons,118,DDW-0500B-01ST-Census.xls,01ST
B0301ST,05,060,District - Dehradun (05),Total,15-59,Non-workers_Total_Persons,25621,DDW-0500B-01ST-Census.xls,01ST
B0301ST,05,060,District - Dehradun (05),Rural,Total,Non-workers_Total_Persons,56759,DDW-0500B-01ST-Census.xls,01ST
B0301ST,05,060,District - Dehradun (05),Rural,5-14,Non-workers_Total_Persons,22268,DDW-0500B-01ST-Census.xls,01ST
B0301ST,05,060,District - Dehradun (05),Rural,15-34,Non-workers_Total_Persons,17233,DDW-0500B-01ST-Census.xls,01ST
B0301ST,05,060,District - Dehradun (05),Rural,35-59,Non-workers_Total_Persons,4422,DDW-0500B-01ST-Census.xls,01ST
B0301ST,05,060,District - Dehradun (05),Rural,60+,Non-workers_Total_Persons,3639,DDW-0500B-01ST-Census.xls,01ST
B0301ST,05,060,District - Dehradun (05),Rural,Age not stated,Non-workers_Total_Persons,100,DDW-0500B-01ST-Census.xls,01ST
B0301ST,05,060,District - Dehradun (05),Rural,15-59,Non-workers_Total_Persons,21655,DDW-0500B-01ST-Census.xls,01ST
B0301ST,05,060,District - Dehradun (05),Urban,Total,Non-workers_Total_Persons,7061,DDW-0500B-01ST-Census.xls,01ST
B0301ST,05,060,District - Dehradun (05),Urban,5-14,Non-workers_Total_Persons,2020,DDW-0500B-01ST-Census.xls,01ST
B0301ST,05,060,District - Dehradun (05),Urban,15-34,Non-workers_Total_Persons,2970,DDW-0500B-01ST-Census.xls,01ST
B0301ST,05,060,District - Dehradun (05),Urban,35-59,Non-workers_Total_Persons,996,DDW-0500B-01ST-Census.xls,01ST
B0301ST,05,060,District - Dehradun (05),Urban,60+,Non-workers_Total_Persons,362,DDW-0500B-01ST-Census.xls,01ST
B0301ST,05,060,District - Dehradun (05),Urban,Age not stated,Non-workers_Total_Persons,18,DDW-0500B-01ST-Census.xls,01ST
B0301ST,05,060,District - Dehradun (05),Urban,15-59,Non-workers_Total_Persons,3966,DDW-0500B-01ST-Census.xls,01ST
B0301ST,05,061,District - Garhwal (06),Total,Total,Non-workers_Total_Persons,1440,DDW-0500B-01ST-Census.xls,01ST
B0301ST,05,061,District - Garhwal (06),Total,5-14,Non-workers_Total_Persons,517,DDW-0500B-01ST-Census.xls,01ST
B0301ST,05,061,District - Garhwal (06),Total,15-34,Non-workers_Total_Persons,444,DDW-0500B-01ST-Census.xls,01ST
B0301ST,05,061,District - Garhwal (06),Total,35-59,Non-workers_Total_Persons,170,DDW-0500B-01ST-Census.xls,01ST
B0301ST,05,061,District - Garhwal (06),Total,60+,Non-workers_Total_Persons,99,DDW-0500B-01ST-Census.xls,01ST
B0301ST,05,061,District - Garhwal (06),Total,Age not stated,Non-workers_Total_Persons,0,DDW-0500B-01ST-Census.xls,01ST
B0301ST,05,061,District - Garhwal (06),Total,15-59,Non-workers_Total_Persons,614,DDW-0500B-01ST-Census.xls,01ST
B0301ST,05,061,District - Garhwal (06),Rural,Total,Non-workers_Total_Persons,1277,DDW-0500B-01ST-Census.xls,01ST
B0301ST,05,061,District - Garhwal (06),Rural,5-14,Non-workers_Total_Persons,459,DDW-0500B-01ST-Census.xls,01ST
B0301ST,05,061,District - Garhwal (06),Rural,15-34,Non-workers_Total_Persons,387,DDW-0500B-01ST-Census.xls,01ST
B0301ST,05,061,District - Garhwal (06),Rural,35-59,Non-workers_Total_Persons,147,DDW-0500B-01ST-Census.xls,01ST
B0301ST,05,061,District - Garhwal (06),Rural,60+,Non-workers_Total_Persons,98,DDW-0500B-01ST-Census.xls,01ST
B0301ST,05,061,District - Garhwal (06),Rural,Age not stated,Non-workers_Total_Persons,0,DDW-0500B-01ST-Census.xls,01ST
B0301ST,05,061,District - Garhwal (06),Rural,15-59,Non-workers_Total_Persons,534,DDW-0500B-01ST-Census.xls,01ST
B0301ST,05,061,District - Garhwal (06),Urban,Total,Non-workers_Total_Persons,163,DDW-0500B-01ST-Census.xls,01ST
B0301ST,05,061,District - Garhwal (06),Urban,5-14,Non-workers_Total_Persons,58,DDW-0500B-01ST-Census.xls,01ST
B0301ST,05,061,District - Garhwal (06),Urban,15-34,Non-workers_Total_Persons,57,DDW-0500B-01ST-Census.xls,01ST
B0301ST,05,061,District - Garhwal (06),Urban,35-59,Non-workers_Total_Persons,23,DDW-0500B-01ST-Census.xls,01ST
B0301ST,05,061,District - Garhwal (06),Urban,60+,Non-workers_Total_Persons,1,DDW-0500B-01ST-Census.xls,01ST
B0301ST,05,061,District - Garhwal (06),Urban,Age not stated,Non-workers_Total_Persons,0,DDW-0500B-01ST-Census.xls,01ST
B0301ST,05,061,District - Garhwal (06),Urban,15-59,Non-workers_Total_Persons,80,DDW-0500B-01ST-Census.xls,01ST
B0301ST,05,062,District - Pithoragarh (07),Total,Total,Non-workers_Total_Persons,10165,DDW-0500B-01ST-Census.xls,01ST
B0301ST,05,062,District - Pithoragarh (07),Total,5-14,Non-workers_Total_Persons,3447,DDW-0500B-01ST-Census.xls,01ST
B0301ST,05,062,District - Pithoragarh (07),Total,15-34,Non-workers_Total_Persons,2975,DDW-0500B-01ST-Census.xls,01ST
B0301ST,05,062,District - Pithoragarh (07),Total,35-59,Non-workers_Total_Persons,979,DDW-0500B-01ST-Census.xls,01ST
B0301ST,05,062,District - Pithoragarh (07),Total,60+,Non-workers_Total_Persons,1133,DDW-0500B-01ST-Census.xls,01ST
B0301ST,05,062,District - Pithoragarh (07),Total,Age not stated,Non-workers_Total_Persons,17,DDW-0500B-01ST-Census.xls,01ST
B0301ST,05,062,District - Pithoragarh (07),Total,15-59,Non-workers_Total_Persons,3954,DDW-0500B-01ST-Census.xls,01ST
B0301ST,05,062,District - Pithoragarh (07),Rural,Total,Non-workers_Total_Persons,7711,DDW-0500B-01ST-Census.xls,01ST
B0301ST,05,062,District - Pithoragarh (07),Rural,5-14,Non-workers_Total_Persons,2766,DDW-0500B-01ST-Census.xls,01ST
B0301ST,05,062,District - Pithoragarh (07),Rural,15-34,Non-workers_Total_Persons,2080,DDW-0500B-01ST-Census.xls,01ST
B0301ST,05,062,District - Pithoragarh (07),Rural,35-59,Non-workers_Total_Persons,612,DDW-0500B-01ST-Census.xls,01ST
B0301ST,05,062,District - Pithoragarh (07),Rural,60+,Non-workers_Total_Persons,876,DDW-0500B-01ST-Census.xls,01ST
B0301ST,05,062,District - Pithoragarh (07),Rural,Age not stated,Non-workers_Total_Persons,13,DDW-0500B-01ST-Census.xls,01ST
B0301ST,05,062,District - Pithoragarh (07),Rural,15-59,Non-workers_Total_Persons,2692,DDW-0500B-01ST-Census.xls,01ST
B0301ST,05,062,District - Pithoragarh (07),Urban,Total,Non-workers_Total_Persons,2454,DDW-0500B-01ST-Census.xls,01ST
B0301ST,05,062,District - Pithoragarh (07),Urban,5-14,Non-workers_Total_Persons,681,DDW-0500B-01ST-Census.xls,01ST
B0301ST,05,062,District - Pithoragarh (07),Urban,15-34,Non-workers_Total_Persons,895,DDW-0500B-01ST-Census.xls,01ST
B0301ST,05,062,District - Pithoragarh (07),Urban,35-59,Non-workers_Total_Persons,367,DDW-0500B-01ST-Census.xls,01ST
B0301ST,05,062,District - Pithoragarh (07),Urban,60+,Non-workers_Total_Persons,257,DDW-0500B-01ST-Census.xls,01ST
B0301ST,05,062,District - Pithoragarh (07),Urban,Age not stated,Non-workers_Total_Persons,4,DDW-0500B-01ST-Census.xls,01ST
B0301ST,05,062,District - Pithoragarh (07),Urban,15-59,Non-workers_Total_Persons,1262,DDW-0500B-01ST-Census.xls,01ST
B0301ST,05,063,District - Bageshwar (08),Total,Total,Non-workers_Total_Persons,947,DDW-0500B-01ST-Census.xls,01ST
B0301ST,05,063,District - Bageshwar (08),Total,5-14,Non-workers_Total_Persons,346,DDW-0500B-01ST-Census.xls,01ST
B0301ST,05,063,District - Bageshwar (08),Total,15-34,Non-workers_Total_Persons,249,DDW-0500B-01ST-Census.xls,01ST
B0301ST,05,063,District - Bageshwar (08),Total,35-59,Non-workers_Total_Persons,58,DDW-0500B-01ST-Census.xls,01ST
B0301ST,05,063,District - Bageshwar (08),Total,60+,Non-workers_Total_Persons,98,DDW-0500B-01ST-Census.xls,01ST
B0301ST,05,063,District - Bageshwar (08),Total,Age not stated,Non-workers_Total_Persons,0,DDW-0500B-01ST-Census.xls,01ST
B0301ST,05,063,District - Bageshwar (08),Total,15-59,Non-workers_Total_Persons,307,DDW-0500B-01ST-Census.xls,01ST
B0301ST,05,063,District - Bageshwar (08),Rural,Total,Non-workers_Total_Persons,877,DDW-0500B-01ST-Census.xls,01ST
B0301ST,05,063,District - Bageshwar (08),Rural,5-14,Non-workers_Total_Persons,326,DDW-0500B-01ST-Census.xls,01ST
B0301ST,05,063,District - Bageshwar (08),Rural,15-34,Non-workers_Total_Persons,220,DDW-0500B-01ST-Census.xls,01ST
B0301ST,05,063,District - Bageshwar (08),Rural,35-59,Non-workers_Total_Persons,51,DDW-0500B-01ST-Census.xls,01ST
B0301ST,05,063,District - Bageshwar (08),Rural,60+,Non-workers_Total_Persons,96,DDW-0500B-01ST-Census.xls,01ST
B0301ST,05,063,District - Bageshwar (08),Rural,Age not stated,Non-workers_Total_Persons,0,DDW-0500B-01ST-Census.xls,01ST
B0301ST,05,063,District - Bageshwar (08),Rural,15-59,Non-workers_Total_Persons,271,DDW-0500B-01ST-Census.xls,01ST
B0301ST,05,063,District - Bageshwar (08),Urban,Total,Non-workers_Total_Persons,70,DDW-0500B-01ST-Census.xls,01ST
B0301ST,05,063,District - Bageshwar (08),Urban,5-14,Non-workers_Total_Persons,20,DDW-0500B-01ST-Census.xls,01ST
B0301ST,05,063,District - Bageshwar (08),Urban,15-34,Non-workers_Total_Persons,29,DDW-0500B-01ST-Census.xls,01ST
B0301ST,05,063,District - Bageshwar (08),Urban,35-59,Non-workers_Total_Persons,7,DDW-0500B-01ST-Census.xls,01ST
B0301ST,05,063,District - Bageshwar (08),Urban,60+,Non-workers_Total_Persons,2,DDW-0500B-01ST-Census.xls,01ST
B0301ST,05,063,District - Bageshwar (08),Urban,Age not stated,Non-workers_Total_Persons,0,DDW-0500B-01ST-Census.xls,01ST
B0301ST,05,063,District - Bageshwar (08),Urban,15-59,Non-workers_Total_Persons,36,DDW-0500B-01ST-Census.xls,01ST
B0301ST,05,064,"District - Almora
 (09)",Total,Total,Non-workers_Total_Persons,811,DDW-0500B-01ST-Census.xls,01ST
B0301ST,05,064,"District - Almora
 (09)",Total,5-14,Non-workers_Total_Persons,212,DDW-0500B-01ST-Census.xls,01ST
B0301ST,05,064,"District - Almora
 (09)",Total,15-34,Non-workers_Total_Persons,324,DDW-0500B-01ST-Census.xls,01ST
B0301ST,05,064,"District - Almora
 (09)",Total,35-59,Non-workers_Total_Persons,116,DDW-0500B-01ST-Census.xls,01ST
B0301ST,05,064,"District - Almora
 (09)",Total,60+,Non-workers_Total_Persons,62,DDW-0500B-01ST-Census.xls,01ST
B0301ST,05,064,"District - Almora
 (09)",Total,Age not stated,Non-workers_Total_Persons,0,DDW-0500B-01ST-Census.xls,01ST
B0301ST,05,064,"District - Almora
 (09)",Total,15-59,Non-workers_Total_Persons,440,DDW-0500B-01ST-Census.xls,01ST
B0301ST,05,064,"District - Almora
 (09)",Rural,Total,Non-workers_Total_Persons,431,DDW-0500B-01ST-Census.xls,01ST
B0301ST,05,064,"District - Almora
 (09)",Rural,5-14,Non-workers_Total_Persons,125,DDW-0500B-01ST-Census.xls,01ST
B0301ST,05,064,"District - Almora
 (09)",Rural,15-34,Non-workers_Total_Persons,160,DDW-0500B-01ST-Census.xls,01ST
B0301ST,05,064,"District - Almora
 (09)",Rural,35-59,Non-workers_Total_Persons,50,DDW-0500B-01ST-Census.xls,01ST
B0301ST,05,064,"District - Almora
 (09)",Rural,60+,Non-workers_Total_Persons,27,DDW-0500B-01ST-Census.xls,01ST
B0301ST,05,064,"District - Almora
 (09)",Rural,Age not stated,Non-workers_Total_Persons,0,DDW-0500B-01ST-Census.xls,01ST
B0301ST,05,064,"District - Almora
 (09)",Rural,15-59,Non-workers_Total_Persons,210,DDW-0500B-01ST-Census.xls,01ST
B0301ST,05,064,"District - Almora
 (09)",Urban,Total,Non-workers_Total_Persons,380,DDW-0500B-01ST-Census.xls,01ST
B0301ST,05,064,"District - Almora
 (09)",Urban,5-14,Non-workers_Total_Persons,87,DDW-0500B-01ST-Census.xls,01ST
B0301ST,05,064,"District - Almora
 (09)",Urban,15-34,Non-workers_Total_Persons,164,DDW-0500B-01ST-Census.xls,01ST
B0301ST,05,064,"District - Almora
 (09)",Urban,35-59,Non-workers_Total_Persons,66,DDW-0500B-01ST-Census.xls,01ST
B0301ST,05,064,"District - Almora
 (09)",Urban,60+,Non-workers_Total_Persons,35,DDW-0500B-01ST-Census.xls,01ST
B0301ST,05,064,"District - Almora
 (09)",Urban,Age not stated,Non-workers_Total_Persons,0,DDW-0500B-01ST-Census.xls,01ST
B0301ST,05,064,"District - Almora
 (09)",Urban,15-59,Non-workers_Total_Persons,230,DDW-0500B-01ST-Census.xls,01ST
B0301ST,05,065,District - Champawat (10),Total,Total,Non-workers_Total_Persons,689,DDW-0500B-01ST-Census.xls,01ST
B0301ST,05,065,District - Champawat (10),Total,5-14,Non-workers_Total_Persons,271,DDW-0500B-01ST-Census.xls,01ST
B0301ST,05,065,District - Champawat (10),Total,15-34,Non-workers_Total_Persons,212,DDW-0500B-01ST-Census.xls,01ST
B0301ST,05,065,District - Champawat (10),Total,35-59,Non-workers_Total_Persons,66,DDW-0500B-01ST-Census.xls,01ST
B0301ST,05,065,District - Champawat (10),Total,60+,Non-workers_Total_Persons,38,DDW-0500B-01ST-Census.xls,01ST
B0301ST,05,065,District - Champawat (10),Total,Age not stated,Non-workers_Total_Persons,0,DDW-0500B-01ST-Census.xls,01ST
B0301ST,05,065,District - Champawat (10),Total,15-59,Non-workers_Total_Persons,278,DDW-0500B-01ST-Census.xls,01ST
B0301ST,05,065,District - Champawat (10),Rural,Total,Non-workers_Total_Persons,542,DDW-0500B-01ST-Census.xls,01ST
B0301ST,05,065,District - Champawat (10),Rural,5-14,Non-workers_Total_Persons,221,DDW-0500B-01ST-Census.xls,01ST
B0301ST,05,065,District - Champawat (10),Rural,15-34,Non-workers_Total_Persons,164,DDW-0500B-01ST-Census.xls,01ST
B0301ST,05,065,District - Champawat (10),Rural,35-59,Non-workers_Total_Persons,44,DDW-0500B-01ST-Census.xls,01ST
B0301ST,05,065,District - Champawat (10),Rural,60+,Non-workers_Total_Persons,31,DDW-0500B-01ST-Census.xls,01ST
B0301ST,05,065,District - Champawat (10),Rural,Age not stated,Non-workers_Total_Persons,0,DDW-0500B-01ST-Census.xls,01ST
B0301ST,05,065,District - Champawat (10),Rural,15-59,Non-workers_Total_Persons,208,DDW-0500B-01ST-Census.xls,01ST
B0301ST,05,065,District - Champawat (10),Urban,Total,Non-workers_Total_Persons,147,DDW-0500B-01ST-Census.xls,01ST
B0301ST,05,065,District - Champawat (10),Urban,5-14,Non-workers_Total_Persons,50,DDW-0500B-01ST-Census.xls,01ST
B0301ST,05,065,District - Champawat (10),Urban,15-34,Non-workers_Total_Persons,48,DDW-0500B-01ST-Census.xls,01ST
B0301ST,05,065,District - Champawat (10),Urban,35-59,Non-workers_Total_Persons,22,DDW-0500B-01ST-Census.xls,01ST
B0301ST,05,065,District - Champawat (10),Urban,60+,Non-workers_Total_Persons,7,DDW-0500B-01ST-Census.xls,01ST
B0301ST,05,065,District - Champawat (10),Urban,Age not stated,Non-workers_Total_Persons,0,DDW-0500B-01ST-Census.xls,01ST
B0301ST,05,065,District - Champawat (10),Urban,15-59,Non-workers_Total_Persons,70,DDW-0500B-01ST-Census.xls,01ST
B0301ST,05,066,District - Nainital (11),Total,Total,Non-workers_Total_Persons,4570,DDW-0500B-01ST-Census.xls,01ST
B0301ST,05,066,District - Nainital (11),Total,5-14,Non-workers_Total_Persons,1541,DDW-0500B-01ST-Census.xls,01ST
B0301ST,05,066,District - Nainital (11),Total,15-34,Non-workers_Total_Persons,1497,DDW-0500B-01ST-Census.xls,01ST
B0301ST,05,066,District - Nainital (11),Total,35-59,Non-workers_Total_Persons,550,DDW-0500B-01ST-Census.xls,01ST
B0301ST,05,066,District - Nainital (11),Total,60+,Non-workers_Total_Persons,328,DDW-0500B-01ST-Census.xls,01ST
B0301ST,05,066,District - Nainital (11),Total,Age not stated,Non-workers_Total_Persons,8,DDW-0500B-01ST-Census.xls,01ST
B0301ST,05,066,District - Nainital (11),Total,15-59,Non-workers_Total_Persons,2047,DDW-0500B-01ST-Census.xls,01ST
B0301ST,05,066,District - Nainital (11),Rural,Total,Non-workers_Total_Persons,3410,DDW-0500B-01ST-Census.xls,01ST
B0301ST,05,066,District - Nainital (11),Rural,5-14,Non-workers_Total_Persons,1248,DDW-0500B-01ST-Census.xls,01ST
B0301ST,05,066,District - Nainital (11),Rural,15-34,Non-workers_Total_Persons,1064,DDW-0500B-01ST-Census.xls,01ST
B0301ST,05,066,District - Nainital (11),Rural,35-59,Non-workers_Total_Persons,367,DDW-0500B-01ST-Census.xls,01ST
B0301ST,05,066,District - Nainital (11),Rural,60+,Non-workers_Total_Persons,206,DDW-0500B-01ST-Census.xls,01ST
B0301ST,05,066,District - Nainital (11),Rural,Age not stated,Non-workers_Total_Persons,8,DDW-0500B-01ST-Census.xls,01ST
B0301ST,05,066,District - Nainital (11),Rural,15-59,Non-workers_Total_Persons,1431,DDW-0500B-01ST-Census.xls,01ST
B0301ST,05,066,District - Nainital (11),Urban,Total,Non-workers_Total_Persons,1160,DDW-0500B-01ST-Census.xls,01ST
B0301ST,05,066,District - Nainital (11),Urban,5-14,Non-workers_Total_Persons,293,DDW-0500B-01ST-Census.xls,01ST
B0301ST,05,066,District - Nainital (11),Urban,15-34,Non-workers_Total_Persons,433,DDW-0500B-01ST-Census.xls,01ST
B0301ST,05,066,District - Nainital (11),Urban,35-59,Non-workers_Total_Persons,183,DDW-0500B-01ST-Census.xls,01ST
B0301ST,05,066,District - Nainital (11),Urban,60+,Non-workers_Total_Persons,122,DDW-0500B-01ST-Census.xls,01ST
B0301ST,05,066,District - Nainital (11),Urban,Age not stated,Non-workers_Total_Persons,0,DDW-0500B-01ST-Census.xls,01ST
B0301ST,05,066,District - Nainital (11),Urban,15-59,Non-workers_Total_Persons,616,DDW-0500B-01ST-Census.xls,01ST
B0301ST,05,067,District - Udham Singh Nagar (12),Total,Total,Non-workers_Total_Persons,65058,DDW-0500B-01ST-Census.xls,01ST
B0301ST,05,067,District - Udham Singh Nagar (12),Total,5-14,Non-workers_Total_Persons,24189,DDW-0500B-01ST-Census.xls,01ST
B0301ST,05,067,District - Udham Singh Nagar (12),Total,15-34,Non-workers_Total_Persons,22139,DDW-0500B-01ST-Census.xls,01ST
B0301ST,05,067,District - Udham Singh Nagar (12),Total,35-59,Non-workers_Total_Persons,5455,DDW-0500B-01ST-Census.xls,01ST
B0301ST,05,067,District - Udham Singh Nagar (12),Total,60+,Non-workers_Total_Persons,4321,DDW-0500B-01ST-Census.xls,01ST
B0301ST,05,067,District - Udham Singh Nagar (12),Total,Age not stated,Non-workers_Total_Persons,57,DDW-0500B-01ST-Census.xls,01ST
B0301ST,05,067,District - Udham Singh Nagar (12),Total,15-59,Non-workers_Total_Persons,27594,DDW-0500B-01ST-Census.xls,01ST
B0301ST,05,067,District - Udham Singh Nagar (12),Rural,Total,Non-workers_Total_Persons,61437,DDW-0500B-01ST-Census.xls,01ST
B0301ST,05,067,District - Udham Singh Nagar (12),Rural,5-14,Non-workers_Total_Persons,22959,DDW-0500B-01ST-Census.xls,01ST
B0301ST,05,067,District - Udham Singh Nagar (12),Rural,15-34,Non-workers_Total_Persons,20772,DDW-0500B-01ST-Census.xls,01ST
B0301ST,05,067,District - Udham Singh Nagar (12),Rural,35-59,Non-workers_Total_Persons,5044,DDW-0500B-01ST-Census.xls,01ST
B0301ST,05,067,District - Udham Singh Nagar (12),Rural,60+,Non-workers_Total_Persons,4108,DDW-0500B-01ST-Census.xls,01ST
B0301ST,05,067,District - Udham Singh Nagar (12),Rural,Age not stated,Non-workers_Total_Persons,57,DDW-0500B-01ST-Census.xls,01ST
B0301ST,05,067,District - Udham Singh Nagar (12),Rural,15-59,Non-workers_Total_Persons,25816,DDW-0500B-01ST-Census.xls,01ST
B0301ST,05,067,District - Udham Singh Nagar (12),Urban,Total,Non-workers_Total_Persons,3621,DDW-0500B-01ST-Census.xls,01ST
B0301ST,05,067,District - Udham Singh Nagar (12),Urban,5-14,Non-workers_Total_Persons,1230,DDW-0500B-01ST-Census.xls,01ST
B0301ST,05,067,District - Udham Singh Nagar (12),Urban,15-34,Non-workers_Total_Persons,1367,DDW-0500B-01ST-Census.xls,01ST
B0301ST,05,067,District - Udham Singh Nagar (12),Urban,35-59,Non-workers_Total_Persons,411,DDW-0500B-01ST-Census.xls,01ST
B0301ST,05,067,District - Udham Singh Nagar (12),Urban,60+,Non-workers_Total_Persons,213,DDW-0500B-01ST-Census.xls,01ST
B0301ST,05,067,District - Udham Singh Nagar (12),Urban,Age not stated,Non-workers_Total_Persons,0,DDW-0500B-01ST-Census.xls,01ST
B0301ST,05,067,District - Udham Singh Nagar (12),Urban,15-59,Non-workers_Total_Persons,1778,DDW-0500B-01ST-Census.xls,01ST
B0301ST,05,068,District - Hardwar (13),Total,Total,Non-workers_Total_Persons,3939,DDW-0500B-01ST-Census.xls,01ST
B0301ST,05,068,District - Hardwar (13),Total,5-14,Non-workers_Total_Persons,1497,DDW-0500B-01ST-Census.xls,01ST
B0301ST,05,068,District - Hardwar (13),Total,15-34,Non-workers_Total_Persons,1191,DDW-0500B-01ST-Census.xls,01ST
B0301ST,05,068,District - Hardwar (13),Total,35-59,Non-workers_Total_Persons,392,DDW-0500B-01ST-Census.xls,01ST
B0301ST,05,068,District - Hardwar (13),Total,60+,Non-workers_Total_Persons,212,DDW-0500B-01ST-Census.xls,01ST
B0301ST,05,068,District - Hardwar (13),Total,Age not stated,Non-workers_Total_Persons,6,DDW-0500B-01ST-Census.xls,01ST
B0301ST,05,068,District - Hardwar (13),Total,15-59,Non-workers_Total_Persons,1583,DDW-0500B-01ST-Census.xls,01ST
B0301ST,05,068,District - Hardwar (13),Rural,Total,Non-workers_Total_Persons,3205,DDW-0500B-01ST-Census.xls,01ST
B0301ST,05,068,District - Hardwar (13),Rural,5-14,Non-workers_Total_Persons,1284,DDW-0500B-01ST-Census.xls,01ST
B0301ST,05,068,District - Hardwar (13),Rural,15-34,Non-workers_Total_Persons,906,DDW-0500B-01ST-Census.xls,01ST
B0301ST,05,068,District - Hardwar (13),Rural,35-59,Non-workers_Total_Persons,296,DDW-0500B-01ST-Census.xls,01ST
B0301ST,05,068,District - Hardwar (13),Rural,60+,Non-workers_Total_Persons,181,DDW-0500B-01ST-Census.xls,01ST
B0301ST,05,068,District - Hardwar (13),Rural,Age not stated,Non-workers_Total_Persons,6,DDW-0500B-01ST-Census.xls,01ST
B0301ST,05,068,District - Hardwar (13),Rural,15-59,Non-workers_Total_Persons,1202,DDW-0500B-01ST-Census.xls,01ST
B0301ST,05,068,District - Hardwar (13),Urban,Total,Non-workers_Total_Persons,734,DDW-0500B-01ST-Census.xls,01ST
B0301ST,05,068,District - Hardwar (13),Urban,5-14,Non-workers_Total_Persons,213,DDW-0500B-01ST-Census.xls,01ST
B0301ST,05,068,District - Hardwar (13),Urban,15-34,Non-workers_Total_Persons,285,DDW-0500B-01ST-Census.xls,01ST
B0301ST,05,068,District - Hardwar (13),Urban,35-59,Non-workers_Total_Persons,96,DDW-0500B-01ST-Census.xls,01ST
B0301ST,05,068,District - Hardwar (13),Urban,60+,Non-workers_Total_Persons,31,DDW-0500B-01ST-Census.xls,01ST
B0301ST,05,068,District - Hardwar (13),Urban,Age not stated,Non-workers_Total_Persons,0,DDW-0500B-01ST-Census.xls,01ST
B0301ST,05,068,District - Hardwar (13),Urban,15-59,Non-workers_Total_Persons,381,DDW-0500B-01ST-Census.xls,01ST
B0301ST,05,000,State - UTTARAKHAND (05),Total,Total,Non-workers_Total_Males,68178,DDW-0500B-01ST-Census.xls,01ST
B0301ST,05,000,State - UTTARAKHAND (05),Total,5-14,Non-workers_Total_Males,30575,DDW-0500B-01ST-Census.xls,01ST
B0301ST,05,000,State - UTTARAKHAND (05),Total,15-34,Non-workers_Total_Males,20559,DDW-0500B-01ST-Census.xls,01ST
B0301ST,05,000,State - UTTARAKHAND (05),Total,35-59,Non-workers_Total_Males,1124,DDW-0500B-01ST-Census.xls,01ST
B0301ST,05,000,State - UTTARAKHAND (05),Total,60+,Non-workers_Total_Males,3727,DDW-0500B-01ST-Census.xls,01ST
B0301ST,05,000,State - UTTARAKHAND (05),Total,Age not stated,Non-workers_Total_Males,104,DDW-0500B-01ST-Census.xls,01ST
B0301ST,05,000,State - UTTARAKHAND (05),Total,15-59,Non-workers_Total_Males,21683,DDW-0500B-01ST-Census.xls,01ST
B0301ST,05,000,State - UTTARAKHAND (05),Rural,Total,Non-workers_Total_Males,60709,DDW-0500B-01ST-Census.xls,01ST
B0301ST,05,000,State - UTTARAKHAND (05),Rural,5-14,Non-workers_Total_Males,27570,DDW-0500B-01ST-Census.xls,01ST
B0301ST,05,000,State - UTTARAKHAND (05),Rural,15-34,Non-workers_Total_Males,17802,DDW-0500B-01ST-Census.xls,01ST
B0301ST,05,000,State - UTTARAKHAND (05),Rural,35-59,Non-workers_Total_Males,913,DDW-0500B-01ST-Census.xls,01ST
B0301ST,05,000,State - UTTARAKHAND (05),Rural,60+,Non-workers_Total_Males,3290,DDW-0500B-01ST-Census.xls,01ST
B0301ST,05,000,State - UTTARAKHAND (05),Rural,Age not stated,Non-workers_Total_Males,95,DDW-0500B-01ST-Census.xls,01ST
B0301ST,05,000,State - UTTARAKHAND (05),Rural,15-59,Non-workers_Total_Males,18715,DDW-0500B-01ST-Census.xls,01ST
B0301ST,05,000,State - UTTARAKHAND (05),Urban,Total,Non-workers_Total_Males,7469,DDW-0500B-01ST-Census.xls,01ST
B0301ST,05,000,State - UTTARAKHAND (05),Urban,5-14,Non-workers_Total_Males,3005,DDW-0500B-01ST-Census.xls,01ST
B0301ST,05,000,State - UTTARAKHAND (05),Urban,15-34,Non-workers_Total_Males,2757,DDW-0500B-01ST-Census.xls,01ST
B0301ST,05,000,State - UTTARAKHAND (05),Urban,35-59,Non-workers_Total_Males,211,DDW-0500B-01ST-Census.xls,01ST
B0301ST,05,000,State - UTTARAKHAND (05),Urban,60+,Non-workers_Total_Males,437,DDW-0500B-01ST-Census.xls,01ST
B0301ST,05,000,State - UTTARAKHAND (05),Urban,Age not stated,Non-workers_Total_Males,9,DDW-0500B-01ST-Census.xls,01ST
B0301ST,05,000,State - UTTARAKHAND (05),Urban,15-59,Non-workers_Total_Males,2968,DDW-0500B-01ST-Census.xls,01ST
B0301ST,05,056,District - Uttarkashi (01),Total,Total,Non-workers_Total_Males,814,DDW-0500B-01ST-Census.xls,01ST
B0301ST,05,056,District - Uttarkashi (01),Total,5-14,Non-workers_Total_Males,340,DDW-0500B-01ST-Census.xls,01ST
B0301ST,05,056,District - Uttarkashi (01),Total,15-34,Non-workers_Total_Males,312,DDW-0500B-01ST-Census.xls,01ST
B0301ST,05,056,District - Uttarkashi (01),Total,35-59,Non-workers_Total_Males,27,DDW-0500B-01ST-Census.xls,01ST
B0301ST,05,056,District - Uttarkashi (01),Total,60+,Non-workers_Total_Males,36,DDW-0500B-01ST-Census.xls,01ST
B0301ST,05,056,District - Uttarkashi (01),Total,Age not stated,Non-workers_Total_Males,1,DDW-0500B-01ST-Census.xls,01ST
B0301ST,05,056,District - Uttarkashi (01),Total,15-59,Non-workers_Total_Males,339,DDW-0500B-01ST-Census.xls,01ST
B0301ST,05,056,District - Uttarkashi (01),Rural,Total,Non-workers_Total_Males,781,DDW-0500B-01ST-Census.xls,01ST
B0301ST,05,056,District - Uttarkashi (01),Rural,5-14,Non-workers_Total_Males,321,DDW-0500B-01ST-Census.xls,01ST
B0301ST,05,056,District - Uttarkashi (01),Rural,15-34,Non-workers_Total_Males,306,DDW-0500B-01ST-Census.xls,01ST
B0301ST,05,056,District - Uttarkashi (01),Rural,35-59,Non-workers_Total_Males,26,DDW-0500B-01ST-Census.xls,01ST
B0301ST,05,056,District - Uttarkashi (01),Rural,60+,Non-workers_Total_Males,35,DDW-0500B-01ST-Census.xls,01ST
B0301ST,05,056,District - Uttarkashi (01),Rural,Age not stated,Non-workers_Total_Males,1,DDW-0500B-01ST-Census.xls,01ST
B0301ST,05,056,District - Uttarkashi (01),Rural,15-59,Non-workers_Total_Males,332,DDW-0500B-01ST-Census.xls,01ST
B0301ST,05,056,District - Uttarkashi (01),Urban,Total,Non-workers_Total_Males,33,DDW-0500B-01ST-Census.xls,01ST
B0301ST,05,056,District - Uttarkashi (01),Urban,5-14,Non-workers_Total_Males,19,DDW-0500B-01ST-Census.xls,01ST
B0301ST,05,056,District - Uttarkashi (01),Urban,15-34,Non-workers_Total_Males,6,DDW-0500B-01ST-Census.xls,01ST
B0301ST,05,056,District - Uttarkashi (01),Urban,35-59,Non-workers_Total_Males,1,DDW-0500B-01ST-Census.xls,01ST
B0301ST,05,056,District - Uttarkashi (01),Urban,60+,Non-workers_Total_Males,1,DDW-0500B-01ST-Census.xls,01ST
B0301ST,05,056,District - Uttarkashi (01),Urban,Age not stated,Non-workers_Total_Males,0,DDW-0500B-01ST-Census.xls,01ST
B0301ST,05,056,District - Uttarkashi (01),Urban,15-59,Non-workers_Total_Males,7,DDW-0500B-01ST-Census.xls,01ST
B0301ST,05,057,District - Chamoli (02),Total,Total,Non-workers_Total_Males,2656,DDW-0500B-01ST-Census.xls,01ST
B0301ST,05,057,District - Chamoli (02),Total,5-14,Non-workers_Total_Males,961,DDW-0500B-01ST-Census.xls,01ST
B0301ST,05,057,District - Chamoli (02),Total,15-34,Non-workers_Total_Males,943,DDW-0500B-01ST-Census.xls,01ST
B0301ST,05,057,District - Chamoli (02),Total,35-59,Non-workers_Total_Males,70,DDW-0500B-01ST-Census.xls,01ST
B0301ST,05,057,District - Chamoli (02),Total,60+,Non-workers_Total_Males,172,DDW-0500B-01ST-Census.xls,01ST
B0301ST,05,057,District - Chamoli (02),Total,Age not stated,Non-workers_Total_Males,6,DDW-0500B-01ST-Census.xls,01ST
B0301ST,05,057,District - Chamoli (02),Total,15-59,Non-workers_Total_Males,1013,DDW-0500B-01ST-Census.xls,01ST
B0301ST,05,057,District - Chamoli (02),Rural,Total,Non-workers_Total_Males,1818,DDW-0500B-01ST-Census.xls,01ST
B0301ST,05,057,District - Chamoli (02),Rural,5-14,Non-workers_Total_Males,644,DDW-0500B-01ST-Census.xls,01ST
B0301ST,05,057,District - Chamoli (02),Rural,15-34,Non-workers_Total_Males,650,DDW-0500B-01ST-Census.xls,01ST
B0301ST,05,057,District - Chamoli (02),Rural,35-59,Non-workers_Total_Males,43,DDW-0500B-01ST-Census.xls,01ST
B0301ST,05,057,District - Chamoli (02),Rural,60+,Non-workers_Total_Males,118,DDW-0500B-01ST-Census.xls,01ST
B0301ST,05,057,District - Chamoli (02),Rural,Age not stated,Non-workers_Total_Males,6,DDW-0500B-01ST-Census.xls,01ST
B0301ST,05,057,District - Chamoli (02),Rural,15-59,Non-workers_Total_Males,693,DDW-0500B-01ST-Census.xls,01ST
B0301ST,05,057,District - Chamoli (02),Urban,Total,Non-workers_Total_Males,838,DDW-0500B-01ST-Census.xls,01ST
B0301ST,05,057,District - Chamoli (02),Urban,5-14,Non-workers_Total_Males,317,DDW-0500B-01ST-Census.xls,01ST
B0301ST,05,057,District - Chamoli (02),Urban,15-34,Non-workers_Total_Males,293,DDW-0500B-01ST-Census.xls,01ST
B0301ST,05,057,District - Chamoli (02),Urban,35-59,Non-workers_Total_Males,27,DDW-0500B-01ST-Census.xls,01ST
B0301ST,05,057,District - Chamoli (02),Urban,60+,Non-workers_Total_Males,54,DDW-0500B-01ST-Census.xls,01ST
B0301ST,05,057,District - Chamoli (02),Urban,Age not stated,Non-workers_Total_Males,0,DDW-0500B-01ST-Census.xls,01ST
B0301ST,05,057,District - Chamoli (02),Urban,15-59,Non-workers_Total_Males,320,DDW-0500B-01ST-Census.xls,01ST
B0301ST,05,058,District - Rudraprayag (03),Total,Total,Non-workers_Total_Males,93,DDW-0500B-01ST-Census.xls,01ST
B0301ST,05,058,District - Rudraprayag (03),Total,5-14,Non-workers_Total_Males,43,DDW-0500B-01ST-Census.xls,01ST
B0301ST,05,058,District - Rudraprayag (03),Total,15-34,Non-workers_Total_Males,29,DDW-0500B-01ST-Census.xls,01ST
B0301ST,05,058,District - Rudraprayag (03),Total,35-59,Non-workers_Total_Males,2,DDW-0500B-01ST-Census.xls,01ST
B0301ST,05,058,District - Rudraprayag (03),Total,60+,Non-workers_Total_Males,4,DDW-0500B-01ST-Census.xls,01ST
B0301ST,05,058,District - Rudraprayag (03),Total,Age not stated,Non-workers_Total_Males,0,DDW-0500B-01ST-Census.xls,01ST
B0301ST,05,058,District - Rudraprayag (03),Total,15-59,Non-workers_Total_Males,31,DDW-0500B-01ST-Census.xls,01ST
B0301ST,05,058,District - Rudraprayag (03),Rural,Total,Non-workers_Total_Males,80,DDW-0500B-01ST-Census.xls,01ST
B0301ST,05,058,District - Rudraprayag (03),Rural,5-14,Non-workers_Total_Males,37,DDW-0500B-01ST-Census.xls,01ST
B0301ST,05,058,District - Rudraprayag (03),Rural,15-34,Non-workers_Total_Males,25,DDW-0500B-01ST-Census.xls,01ST
B0301ST,05,058,District - Rudraprayag (03),Rural,35-59,Non-workers_Total_Males,2,DDW-0500B-01ST-Census.xls,01ST
B0301ST,05,058,District - Rudraprayag (03),Rural,60+,Non-workers_Total_Males,4,DDW-0500B-01ST-Census.xls,01ST
B0301ST,05,058,District - Rudraprayag (03),Rural,Age not stated,Non-workers_Total_Males,0,DDW-0500B-01ST-Census.xls,01ST
B0301ST,05,058,District - Rudraprayag (03),Rural,15-59,Non-workers_Total_Males,27,DDW-0500B-01ST-Census.xls,01ST
B0301ST,05,058,District - Rudraprayag (03),Urban,Total,Non-workers_Total_Males,13,DDW-0500B-01ST-Census.xls,01ST
B0301ST,05,058,District - Rudraprayag (03),Urban,5-14,Non-workers_Total_Males,6,DDW-0500B-01ST-Census.xls,01ST
B0301ST,05,058,District - Rudraprayag (03),Urban,15-34,Non-workers_Total_Males,4,DDW-0500B-01ST-Census.xls,01ST
B0301ST,05,058,District - Rudraprayag (03),Urban,35-59,Non-workers_Total_Males,0,DDW-0500B-01ST-Census.xls,01ST
B0301ST,05,058,District - Rudraprayag (03),Urban,60+,Non-workers_Total_Males,0,DDW-0500B-01ST-Census.xls,01ST
B0301ST,05,058,District - Rudraprayag (03),Urban,Age not stated,Non-workers_Total_Males,0,DDW-0500B-01ST-Census.xls,01ST
B0301ST,05,058,District - Rudraprayag (03),Urban,15-59,Non-workers_Total_Males,4,DDW-0500B-01ST-Census.xls,01ST
B0301ST,05,059,District - Tehri Garhwal (04),Total,Total,Non-workers_Total_Males,178,DDW-0500B-01ST-Census.xls,01ST
B0301ST,05,059,District - Tehri Garhwal (04),Total,5-14,Non-workers_Total_Males,81,DDW-0500B-01ST-Census.xls,01ST
B0301ST,05,059,District - Tehri Garhwal (04),Total,15-34,Non-workers_Total_Males,46,DDW-0500B-01ST-Census.xls,01ST
B0301ST,05,059,District - Tehri Garhwal (04),Total,35-59,Non-workers_Total_Males,4,DDW-0500B-01ST-Census.xls,01ST
B0301ST,05,059,District - Tehri Garhwal (04),Total,60+,Non-workers_Total_Males,9,DDW-0500B-01ST-Census.xls,01ST
B0301ST,05,059,District - Tehri Garhwal (04),Total,Age not stated,Non-workers_Total_Males,1,DDW-0500B-01ST-Census.xls,01ST
B0301ST,05,059,District - Tehri Garhwal (04),Total,15-59,Non-workers_Total_Males,50,DDW-0500B-01ST-Census.xls,01ST
B0301ST,05,059,District - Tehri Garhwal (04),Rural,Total,Non-workers_Total_Males,136,DDW-0500B-01ST-Census.xls,01ST
B0301ST,05,059,District - Tehri Garhwal (04),Rural,5-14,Non-workers_Total_Males,62,DDW-0500B-01ST-Census.xls,01ST
B0301ST,05,059,District - Tehri Garhwal (04),Rural,15-34,Non-workers_Total_Males,31,DDW-0500B-01ST-Census.xls,01ST
B0301ST,05,059,District - Tehri Garhwal (04),Rural,35-59,Non-workers_Total_Males,4,DDW-0500B-01ST-Census.xls,01ST
B0301ST,05,059,District - Tehri Garhwal (04),Rural,60+,Non-workers_Total_Males,9,DDW-0500B-01ST-Census.xls,01ST
B0301ST,05,059,District - Tehri Garhwal (04),Rural,Age not stated,Non-workers_Total_Males,1,DDW-0500B-01ST-Census.xls,01ST
B0301ST,05,059,District - Tehri Garhwal (04),Rural,15-59,Non-workers_Total_Males,35,DDW-0500B-01ST-Census.xls,01ST
B0301ST,05,059,District - Tehri Garhwal (04),Urban,Total,Non-workers_Total_Males,42,DDW-0500B-01ST-Census.xls,01ST
B0301ST,05,059,District - Tehri Garhwal (04),Urban,5-14,Non-workers_Total_Males,19,DDW-0500B-01ST-Census.xls,01ST
B0301ST,05,059,District - Tehri Garhwal (04),Urban,15-34,Non-workers_Total_Males,15,DDW-0500B-01ST-Census.xls,01ST
B0301ST,05,059,District - Tehri Garhwal (04),Urban,35-59,Non-workers_Total_Males,0,DDW-0500B-01ST-Census.xls,01ST
B0301ST,05,059,District - Tehri Garhwal (04),Urban,60+,Non-workers_Total_Males,0,DDW-0500B-01ST-Census.xls,01ST
B0301ST,05,059,District - Tehri Garhwal (04),Urban,Age not stated,Non-workers_Total_Males,0,DDW-0500B-01ST-Census.xls,01ST
B0301ST,05,059,District - Tehri Garhwal (04),Urban,15-59,Non-workers_Total_Males,15,DDW-0500B-01ST-Census.xls,01ST
B0301ST,05,060,District - Dehradun (05),Total,Total,Non-workers_Total_Males,27668,DDW-0500B-01ST-Census.xls,01ST
B0301ST,05,060,District - Dehradun (05),Total,5-14,Non-workers_Total_Males,12571,DDW-0500B-01ST-Census.xls,01ST
B0301ST,05,060,District - Dehradun (05),Total,15-34,Non-workers_Total_Males,8242,DDW-0500B-01ST-Census.xls,01ST
B0301ST,05,060,District - Dehradun (05),Total,35-59,Non-workers_Total_Males,337,DDW-0500B-01ST-Census.xls,01ST
B0301ST,05,060,District - Dehradun (05),Total,60+,Non-workers_Total_Males,1428,DDW-0500B-01ST-Census.xls,01ST
B0301ST,05,060,District - Dehradun (05),Total,Age not stated,Non-workers_Total_Males,51,DDW-0500B-01ST-Census.xls,01ST
B0301ST,05,060,District - Dehradun (05),Total,15-59,Non-workers_Total_Males,8579,DDW-0500B-01ST-Census.xls,01ST
B0301ST,05,060,District - Dehradun (05),Rural,Total,Non-workers_Total_Males,24748,DDW-0500B-01ST-Census.xls,01ST
B0301ST,05,060,District - Dehradun (05),Rural,5-14,Non-workers_Total_Males,11412,DDW-0500B-01ST-Census.xls,01ST
B0301ST,05,060,District - Dehradun (05),Rural,15-34,Non-workers_Total_Males,7036,DDW-0500B-01ST-Census.xls,01ST
B0301ST,05,060,District - Dehradun (05),Rural,35-59,Non-workers_Total_Males,284,DDW-0500B-01ST-Census.xls,01ST
B0301ST,05,060,District - Dehradun (05),Rural,60+,Non-workers_Total_Males,1289,DDW-0500B-01ST-Census.xls,01ST
B0301ST,05,060,District - Dehradun (05),Rural,Age not stated,Non-workers_Total_Males,43,DDW-0500B-01ST-Census.xls,01ST
B0301ST,05,060,District - Dehradun (05),Rural,15-59,Non-workers_Total_Males,7320,DDW-0500B-01ST-Census.xls,01ST
B0301ST,05,060,District - Dehradun (05),Urban,Total,Non-workers_Total_Males,2920,DDW-0500B-01ST-Census.xls,01ST
B0301ST,05,060,District - Dehradun (05),Urban,5-14,Non-workers_Total_Males,1159,DDW-0500B-01ST-Census.xls,01ST
B0301ST,05,060,District - Dehradun (05),Urban,15-34,Non-workers_Total_Males,1206,DDW-0500B-01ST-Census.xls,01ST
B0301ST,05,060,District - Dehradun (05),Urban,35-59,Non-workers_Total_Males,53,DDW-0500B-01ST-Census.xls,01ST
B0301ST,05,060,District - Dehradun (05),Urban,60+,Non-workers_Total_Males,139,DDW-0500B-01ST-Census.xls,01ST
B0301ST,05,060,District - Dehradun (05),Urban,Age not stated,Non-workers_Total_Males,8,DDW-0500B-01ST-Census.xls,01ST
B0301ST,05,060,District - Dehradun (05),Urban,15-59,Non-workers_Total_Males,1259,DDW-0500B-01ST-Census.xls,01ST
B0301ST,05,061,District - Garhwal (06),Total,Total,Non-workers_Total_Males,554,DDW-0500B-01ST-Census.xls,01ST
B0301ST,05,061,District - Garhwal (06),Total,5-14,Non-workers_Total_Males,270,DDW-0500B-01ST-Census.xls,01ST
B0301ST,05,061,District - Garhwal (06),Total,15-34,Non-workers_Total_Males,141,DDW-0500B-01ST-Census.xls,01ST
B0301ST,05,061,District - Garhwal (06),Total,35-59,Non-workers_Total_Males,16,DDW-0500B-01ST-Census.xls,01ST
B0301ST,05,061,District - Garhwal (06),Total,60+,Non-workers_Total_Males,29,DDW-0500B-01ST-Census.xls,01ST
B0301ST,05,061,District - Garhwal (06),Total,Age not stated,Non-workers_Total_Males,0,DDW-0500B-01ST-Census.xls,01ST
B0301ST,05,061,District - Garhwal (06),Total,15-59,Non-workers_Total_Males,157,DDW-0500B-01ST-Census.xls,01ST
B0301ST,05,061,District - Garhwal (06),Rural,Total,Non-workers_Total_Males,482,DDW-0500B-01ST-Census.xls,01ST
B0301ST,05,061,District - Garhwal (06),Rural,5-14,Non-workers_Total_Males,235,DDW-0500B-01ST-Census.xls,01ST
B0301ST,05,061,District - Garhwal (06),Rural,15-34,Non-workers_Total_Males,124,DDW-0500B-01ST-Census.xls,01ST
B0301ST,05,061,District - Garhwal (06),Rural,35-59,Non-workers_Total_Males,13,DDW-0500B-01ST-Census.xls,01ST
B0301ST,05,061,District - Garhwal (06),Rural,60+,Non-workers_Total_Males,28,DDW-0500B-01ST-Census.xls,01ST
B0301ST,05,061,District - Garhwal (06),Rural,Age not stated,Non-workers_Total_Males,0,DDW-0500B-01ST-Census.xls,01ST
B0301ST,05,061,District - Garhwal (06),Rural,15-59,Non-workers_Total_Males,137,DDW-0500B-01ST-Census.xls,01ST
B0301ST,05,061,District - Garhwal (06),Urban,Total,Non-workers_Total_Males,72,DDW-0500B-01ST-Census.xls,01ST
B0301ST,05,061,District - Garhwal (06),Urban,5-14,Non-workers_Total_Males,35,DDW-0500B-01ST-Census.xls,01ST
B0301ST,05,061,District - Garhwal (06),Urban,15-34,Non-workers_Total_Males,17,DDW-0500B-01ST-Census.xls,01ST
B0301ST,05,061,District - Garhwal (06),Urban,35-59,Non-workers_Total_Males,3,DDW-0500B-01ST-Census.xls,01ST
B0301ST,05,061,District - Garhwal (06),Urban,60+,Non-workers_Total_Males,1,DDW-0500B-01ST-Census.xls,01ST
B0301ST,05,061,District - Garhwal (06),Urban,Age not stated,Non-workers_Total_Males,0,DDW-0500B-01ST-Census.xls,01ST
B0301ST,05,061,District - Garhwal (06),Urban,15-59,Non-workers_Total_Males,20,DDW-0500B-01ST-Census.xls,01ST
B0301ST,05,062,District - Pithoragarh (07),Total,Total,Non-workers_Total_Males,4686,DDW-0500B-01ST-Census.xls,01ST
B0301ST,05,062,District - Pithoragarh (07),Total,5-14,Non-workers_Total_Males,1809,DDW-0500B-01ST-Census.xls,01ST
B0301ST,05,062,District - Pithoragarh (07),Total,15-34,Non-workers_Total_Males,1372,DDW-0500B-01ST-Census.xls,01ST
B0301ST,05,062,District - Pithoragarh (07),Total,35-59,Non-workers_Total_Males,193,DDW-0500B-01ST-Census.xls,01ST
B0301ST,05,062,District - Pithoragarh (07),Total,60+,Non-workers_Total_Males,458,DDW-0500B-01ST-Census.xls,01ST
B0301ST,05,062,District - Pithoragarh (07),Total,Age not stated,Non-workers_Total_Males,6,DDW-0500B-01ST-Census.xls,01ST
B0301ST,05,062,District - Pithoragarh (07),Total,15-59,Non-workers_Total_Males,1565,DDW-0500B-01ST-Census.xls,01ST
B0301ST,05,062,District - Pithoragarh (07),Rural,Total,Non-workers_Total_Males,3660,DDW-0500B-01ST-Census.xls,01ST
B0301ST,05,062,District - Pithoragarh (07),Rural,5-14,Non-workers_Total_Males,1430,DDW-0500B-01ST-Census.xls,01ST
B0301ST,05,062,District - Pithoragarh (07),Rural,15-34,Non-workers_Total_Males,1000,DDW-0500B-01ST-Census.xls,01ST
B0301ST,05,062,District - Pithoragarh (07),Rural,35-59,Non-workers_Total_Males,140,DDW-0500B-01ST-Census.xls,01ST
B0301ST,05,062,District - Pithoragarh (07),Rural,60+,Non-workers_Total_Males,368,DDW-0500B-01ST-Census.xls,01ST
B0301ST,05,062,District - Pithoragarh (07),Rural,Age not stated,Non-workers_Total_Males,5,DDW-0500B-01ST-Census.xls,01ST
B0301ST,05,062,District - Pithoragarh (07),Rural,15-59,Non-workers_Total_Males,1140,DDW-0500B-01ST-Census.xls,01ST
B0301ST,05,062,District - Pithoragarh (07),Urban,Total,Non-workers_Total_Males,1026,DDW-0500B-01ST-Census.xls,01ST
B0301ST,05,062,District - Pithoragarh (07),Urban,5-14,Non-workers_Total_Males,379,DDW-0500B-01ST-Census.xls,01ST
B0301ST,05,062,District - Pithoragarh (07),Urban,15-34,Non-workers_Total_Males,372,DDW-0500B-01ST-Census.xls,01ST
B0301ST,05,062,District - Pithoragarh (07),Urban,35-59,Non-workers_Total_Males,53,DDW-0500B-01ST-Census.xls,01ST
B0301ST,05,062,District - Pithoragarh (07),Urban,60+,Non-workers_Total_Males,90,DDW-0500B-01ST-Census.xls,01ST
B0301ST,05,062,District - Pithoragarh (07),Urban,Age not stated,Non-workers_Total_Males,1,DDW-0500B-01ST-Census.xls,01ST
B0301ST,05,062,District - Pithoragarh (07),Urban,15-59,Non-workers_Total_Males,425,DDW-0500B-01ST-Census.xls,01ST
B0301ST,05,063,District - Bageshwar (08),Total,Total,Non-workers_Total_Males,465,DDW-0500B-01ST-Census.xls,01ST
B0301ST,05,063,District - Bageshwar (08),Total,5-14,Non-workers_Total_Males,196,DDW-0500B-01ST-Census.xls,01ST
B0301ST,05,063,District - Bageshwar (08),Total,15-34,Non-workers_Total_Males,106,DDW-0500B-01ST-Census.xls,01ST
B0301ST,05,063,District - Bageshwar (08),Total,35-59,Non-workers_Total_Males,19,DDW-0500B-01ST-Census.xls,01ST
B0301ST,05,063,District - Bageshwar (08),Total,60+,Non-workers_Total_Males,49,DDW-0500B-01ST-Census.xls,01ST
B0301ST,05,063,District - Bageshwar (08),Total,Age not stated,Non-workers_Total_Males,0,DDW-0500B-01ST-Census.xls,01ST
B0301ST,05,063,District - Bageshwar (08),Total,15-59,Non-workers_Total_Males,125,DDW-0500B-01ST-Census.xls,01ST
B0301ST,05,063,District - Bageshwar (08),Rural,Total,Non-workers_Total_Males,438,DDW-0500B-01ST-Census.xls,01ST
B0301ST,05,063,District - Bageshwar (08),Rural,5-14,Non-workers_Total_Males,187,DDW-0500B-01ST-Census.xls,01ST
B0301ST,05,063,District - Bageshwar (08),Rural,15-34,Non-workers_Total_Males,97,DDW-0500B-01ST-Census.xls,01ST
B0301ST,05,063,District - Bageshwar (08),Rural,35-59,Non-workers_Total_Males,18,DDW-0500B-01ST-Census.xls,01ST
B0301ST,05,063,District - Bageshwar (08),Rural,60+,Non-workers_Total_Males,49,DDW-0500B-01ST-Census.xls,01ST
B0301ST,05,063,District - Bageshwar (08),Rural,Age not stated,Non-workers_Total_Males,0,DDW-0500B-01ST-Census.xls,01ST
B0301ST,05,063,District - Bageshwar (08),Rural,15-59,Non-workers_Total_Males,115,DDW-0500B-01ST-Census.xls,01ST
B0301ST,05,063,District - Bageshwar (08),Urban,Total,Non-workers_Total_Males,27,DDW-0500B-01ST-Census.xls,01ST
B0301ST,05,063,District - Bageshwar (08),Urban,5-14,Non-workers_Total_Males,9,DDW-0500B-01ST-Census.xls,01ST
B0301ST,05,063,District - Bageshwar (08),Urban,15-34,Non-workers_Total_Males,9,DDW-0500B-01ST-Census.xls,01ST
B0301ST,05,063,District - Bageshwar (08),Urban,35-59,Non-workers_Total_Males,1,DDW-0500B-01ST-Census.xls,01ST
B0301ST,05,063,District - Bageshwar (08),Urban,60+,Non-workers_Total_Males,0,DDW-0500B-01ST-Census.xls,01ST
B0301ST,05,063,District - Bageshwar (08),Urban,Age not stated,Non-workers_Total_Males,0,DDW-0500B-01ST-Census.xls,01ST
B0301ST,05,063,District - Bageshwar (08),Urban,15-59,Non-workers_Total_Males,10,DDW-0500B-01ST-Census.xls,01ST
B0301ST,05,064,"District - Almora
 (09)",Total,Total,Non-workers_Total_Males,338,DDW-0500B-01ST-Census.xls,01ST
B0301ST,05,064,"District - Almora
 (09)",Total,5-14,Non-workers_Total_Males,114,DDW-0500B-01ST-Census.xls,01ST
B0301ST,05,064,"District - Almora
 (09)",Total,15-34,Non-workers_Total_Males,126,DDW-0500B-01ST-Census.xls,01ST
B0301ST,05,064,"District - Almora
 (09)",Total,35-59,Non-workers_Total_Males,17,DDW-0500B-01ST-Census.xls,01ST
B0301ST,05,064,"District - Almora
 (09)",Total,60+,Non-workers_Total_Males,29,DDW-0500B-01ST-Census.xls,01ST
B0301ST,05,064,"District - Almora
 (09)",Total,Age not stated,Non-workers_Total_Males,0,DDW-0500B-01ST-Census.xls,01ST
B0301ST,05,064,"District - Almora
 (09)",Total,15-59,Non-workers_Total_Males,143,DDW-0500B-01ST-Census.xls,01ST
B0301ST,05,064,"District - Almora
 (09)",Rural,Total,Non-workers_Total_Males,178,DDW-0500B-01ST-Census.xls,01ST
B0301ST,05,064,"District - Almora
 (09)",Rural,5-14,Non-workers_Total_Males,66,DDW-0500B-01ST-Census.xls,01ST
B0301ST,05,064,"District - Almora
 (09)",Rural,15-34,Non-workers_Total_Males,55,DDW-0500B-01ST-Census.xls,01ST
B0301ST,05,064,"District - Almora
 (09)",Rural,35-59,Non-workers_Total_Males,8,DDW-0500B-01ST-Census.xls,01ST
B0301ST,05,064,"District - Almora
 (09)",Rural,60+,Non-workers_Total_Males,13,DDW-0500B-01ST-Census.xls,01ST
B0301ST,05,064,"District - Almora
 (09)",Rural,Age not stated,Non-workers_Total_Males,0,DDW-0500B-01ST-Census.xls,01ST
B0301ST,05,064,"District - Almora
 (09)",Rural,15-59,Non-workers_Total_Males,63,DDW-0500B-01ST-Census.xls,01ST
B0301ST,05,064,"District - Almora
 (09)",Urban,Total,Non-workers_Total_Males,160,DDW-0500B-01ST-Census.xls,01ST
B0301ST,05,064,"District - Almora
 (09)",Urban,5-14,Non-workers_Total_Males,48,DDW-0500B-01ST-Census.xls,01ST
B0301ST,05,064,"District - Almora
 (09)",Urban,15-34,Non-workers_Total_Males,71,DDW-0500B-01ST-Census.xls,01ST
B0301ST,05,064,"District - Almora
 (09)",Urban,35-59,Non-workers_Total_Males,9,DDW-0500B-01ST-Census.xls,01ST
B0301ST,05,064,"District - Almora
 (09)",Urban,60+,Non-workers_Total_Males,16,DDW-0500B-01ST-Census.xls,01ST
B0301ST,05,064,"District - Almora
 (09)",Urban,Age not stated,Non-workers_Total_Males,0,DDW-0500B-01ST-Census.xls,01ST
B0301ST,05,064,"District - Almora
 (09)",Urban,15-59,Non-workers_Total_Males,80,DDW-0500B-01ST-Census.xls,01ST
B0301ST,05,065,District - Champawat (10),Total,Total,Non-workers_Total_Males,294,DDW-0500B-01ST-Census.xls,01ST
B0301ST,05,065,District - Champawat (10),Total,5-14,Non-workers_Total_Males,143,DDW-0500B-01ST-Census.xls,01ST
B0301ST,05,065,District - Champawat (10),Total,15-34,Non-workers_Total_Males,77,DDW-0500B-01ST-Census.xls,01ST
B0301ST,05,065,District - Champawat (10),Total,35-59,Non-workers_Total_Males,7,DDW-0500B-01ST-Census.xls,01ST
B0301ST,05,065,District - Champawat (10),Total,60+,Non-workers_Total_Males,14,DDW-0500B-01ST-Census.xls,01ST
B0301ST,05,065,District - Champawat (10),Total,Age not stated,Non-workers_Total_Males,0,DDW-0500B-01ST-Census.xls,01ST
B0301ST,05,065,District - Champawat (10),Total,15-59,Non-workers_Total_Males,84,DDW-0500B-01ST-Census.xls,01ST
B0301ST,05,065,District - Champawat (10),Rural,Total,Non-workers_Total_Males,235,DDW-0500B-01ST-Census.xls,01ST
B0301ST,05,065,District - Champawat (10),Rural,5-14,Non-workers_Total_Males,119,DDW-0500B-01ST-Census.xls,01ST
B0301ST,05,065,District - Champawat (10),Rural,15-34,Non-workers_Total_Males,54,DDW-0500B-01ST-Census.xls,01ST
B0301ST,05,065,District - Champawat (10),Rural,35-59,Non-workers_Total_Males,7,DDW-0500B-01ST-Census.xls,01ST
B0301ST,05,065,District - Champawat (10),Rural,60+,Non-workers_Total_Males,12,DDW-0500B-01ST-Census.xls,01ST
B0301ST,05,065,District - Champawat (10),Rural,Age not stated,Non-workers_Total_Males,0,DDW-0500B-01ST-Census.xls,01ST
B0301ST,05,065,District - Champawat (10),Rural,15-59,Non-workers_Total_Males,61,DDW-0500B-01ST-Census.xls,01ST
B0301ST,05,065,District - Champawat (10),Urban,Total,Non-workers_Total_Males,59,DDW-0500B-01ST-Census.xls,01ST
B0301ST,05,065,District - Champawat (10),Urban,5-14,Non-workers_Total_Males,24,DDW-0500B-01ST-Census.xls,01ST
B0301ST,05,065,District - Champawat (10),Urban,15-34,Non-workers_Total_Males,23,DDW-0500B-01ST-Census.xls,01ST
B0301ST,05,065,District - Champawat (10),Urban,35-59,Non-workers_Total_Males,0,DDW-0500B-01ST-Census.xls,01ST
B0301ST,05,065,District - Champawat (10),Urban,60+,Non-workers_Total_Males,2,DDW-0500B-01ST-Census.xls,01ST
B0301ST,05,065,District - Champawat (10),Urban,Age not stated,Non-workers_Total_Males,0,DDW-0500B-01ST-Census.xls,01ST
B0301ST,05,065,District - Champawat (10),Urban,15-59,Non-workers_Total_Males,23,DDW-0500B-01ST-Census.xls,01ST
B0301ST,05,066,District - Nainital (11),Total,Total,Non-workers_Total_Males,1804,DDW-0500B-01ST-Census.xls,01ST
B0301ST,05,066,District - Nainital (11),Total,5-14,Non-workers_Total_Males,793,DDW-0500B-01ST-Census.xls,01ST
B0301ST,05,066,District - Nainital (11),Total,15-34,Non-workers_Total_Males,504,DDW-0500B-01ST-Census.xls,01ST
B0301ST,05,066,District - Nainital (11),Total,35-59,Non-workers_Total_Males,43,DDW-0500B-01ST-Census.xls,01ST
B0301ST,05,066,District - Nainital (11),Total,60+,Non-workers_Total_Males,137,DDW-0500B-01ST-Census.xls,01ST
B0301ST,05,066,District - Nainital (11),Total,Age not stated,Non-workers_Total_Males,4,DDW-0500B-01ST-Census.xls,01ST
B0301ST,05,066,District - Nainital (11),Total,15-59,Non-workers_Total_Males,547,DDW-0500B-01ST-Census.xls,01ST
B0301ST,05,066,District - Nainital (11),Rural,Total,Non-workers_Total_Males,1354,DDW-0500B-01ST-Census.xls,01ST
B0301ST,05,066,District - Nainital (11),Rural,5-14,Non-workers_Total_Males,632,DDW-0500B-01ST-Census.xls,01ST
B0301ST,05,066,District - Nainital (11),Rural,15-34,Non-workers_Total_Males,353,DDW-0500B-01ST-Census.xls,01ST
B0301ST,05,066,District - Nainital (11),Rural,35-59,Non-workers_Total_Males,28,DDW-0500B-01ST-Census.xls,01ST
B0301ST,05,066,District - Nainital (11),Rural,60+,Non-workers_Total_Males,85,DDW-0500B-01ST-Census.xls,01ST
B0301ST,05,066,District - Nainital (11),Rural,Age not stated,Non-workers_Total_Males,4,DDW-0500B-01ST-Census.xls,01ST
B0301ST,05,066,District - Nainital (11),Rural,15-59,Non-workers_Total_Males,381,DDW-0500B-01ST-Census.xls,01ST
B0301ST,05,066,District - Nainital (11),Urban,Total,Non-workers_Total_Males,450,DDW-0500B-01ST-Census.xls,01ST
B0301ST,05,066,District - Nainital (11),Urban,5-14,Non-workers_Total_Males,161,DDW-0500B-01ST-Census.xls,01ST
B0301ST,05,066,District - Nainital (11),Urban,15-34,Non-workers_Total_Males,151,DDW-0500B-01ST-Census.xls,01ST
B0301ST,05,066,District - Nainital (11),Urban,35-59,Non-workers_Total_Males,15,DDW-0500B-01ST-Census.xls,01ST
B0301ST,05,066,District - Nainital (11),Urban,60+,Non-workers_Total_Males,52,DDW-0500B-01ST-Census.xls,01ST
B0301ST,05,066,District - Nainital (11),Urban,Age not stated,Non-workers_Total_Males,0,DDW-0500B-01ST-Census.xls,01ST
B0301ST,05,066,District - Nainital (11),Urban,15-59,Non-workers_Total_Males,166,DDW-0500B-01ST-Census.xls,01ST
B0301ST,05,067,District - Udham Singh Nagar (12),Total,Total,Non-workers_Total_Males,27021,DDW-0500B-01ST-Census.xls,01ST
B0301ST,05,067,District - Udham Singh Nagar (12),Total,5-14,Non-workers_Total_Males,12471,DDW-0500B-01ST-Census.xls,01ST
B0301ST,05,067,District - Udham Singh Nagar (12),Total,15-34,Non-workers_Total_Males,8273,DDW-0500B-01ST-Census.xls,01ST
B0301ST,05,067,District - Udham Singh Nagar (12),Total,35-59,Non-workers_Total_Males,369,DDW-0500B-01ST-Census.xls,01ST
B0301ST,05,067,District - Udham Singh Nagar (12),Total,60+,Non-workers_Total_Males,1298,DDW-0500B-01ST-Census.xls,01ST
B0301ST,05,067,District - Udham Singh Nagar (12),Total,Age not stated,Non-workers_Total_Males,33,DDW-0500B-01ST-Census.xls,01ST
B0301ST,05,067,District - Udham Singh Nagar (12),Total,15-59,Non-workers_Total_Males,8642,DDW-0500B-01ST-Census.xls,01ST
B0301ST,05,067,District - Udham Singh Nagar (12),Rural,Total,Non-workers_Total_Males,25475,DDW-0500B-01ST-Census.xls,01ST
B0301ST,05,067,District - Udham Singh Nagar (12),Rural,5-14,Non-workers_Total_Males,11751,DDW-0500B-01ST-Census.xls,01ST
B0301ST,05,067,District - Udham Singh Nagar (12),Rural,15-34,Non-workers_Total_Males,7776,DDW-0500B-01ST-Census.xls,01ST
B0301ST,05,067,District - Udham Singh Nagar (12),Rural,35-59,Non-workers_Total_Males,328,DDW-0500B-01ST-Census.xls,01ST
B0301ST,05,067,District - Udham Singh Nagar (12),Rural,60+,Non-workers_Total_Males,1228,DDW-0500B-01ST-Census.xls,01ST
B0301ST,05,067,District - Udham Singh Nagar (12),Rural,Age not stated,Non-workers_Total_Males,33,DDW-0500B-01ST-Census.xls,01ST
B0301ST,05,067,District - Udham Singh Nagar (12),Rural,15-59,Non-workers_Total_Males,8104,DDW-0500B-01ST-Census.xls,01ST
B0301ST,05,067,District - Udham Singh Nagar (12),Urban,Total,Non-workers_Total_Males,1546,DDW-0500B-01ST-Census.xls,01ST
B0301ST,05,067,District - Udham Singh Nagar (12),Urban,5-14,Non-workers_Total_Males,720,DDW-0500B-01ST-Census.xls,01ST
B0301ST,05,067,District - Udham Singh Nagar (12),Urban,15-34,Non-workers_Total_Males,497,DDW-0500B-01ST-Census.xls,01ST
B0301ST,05,067,District - Udham Singh Nagar (12),Urban,35-59,Non-workers_Total_Males,41,DDW-0500B-01ST-Census.xls,01ST
B0301ST,05,067,District - Udham Singh Nagar (12),Urban,60+,Non-workers_Total_Males,70,DDW-0500B-01ST-Census.xls,01ST
B0301ST,05,067,District - Udham Singh Nagar (12),Urban,Age not stated,Non-workers_Total_Males,0,DDW-0500B-01ST-Census.xls,01ST
B0301ST,05,067,District - Udham Singh Nagar (12),Urban,15-59,Non-workers_Total_Males,538,DDW-0500B-01ST-Census.xls,01ST
B0301ST,05,068,District - Hardwar (13),Total,Total,Non-workers_Total_Males,1607,DDW-0500B-01ST-Census.xls,01ST
B0301ST,05,068,District - Hardwar (13),Total,5-14,Non-workers_Total_Males,783,DDW-0500B-01ST-Census.xls,01ST
B0301ST,05,068,District - Hardwar (13),Total,15-34,Non-workers_Total_Males,388,DDW-0500B-01ST-Census.xls,01ST
B0301ST,05,068,District - Hardwar (13),Total,35-59,Non-workers_Total_Males,20,DDW-0500B-01ST-Census.xls,01ST
B0301ST,05,068,District - Hardwar (13),Total,60+,Non-workers_Total_Males,64,DDW-0500B-01ST-Census.xls,01ST
B0301ST,05,068,District - Hardwar (13),Total,Age not stated,Non-workers_Total_Males,2,DDW-0500B-01ST-Census.xls,01ST
B0301ST,05,068,District - Hardwar (13),Total,15-59,Non-workers_Total_Males,408,DDW-0500B-01ST-Census.xls,01ST
B0301ST,05,068,District - Hardwar (13),Rural,Total,Non-workers_Total_Males,1324,DDW-0500B-01ST-Census.xls,01ST
B0301ST,05,068,District - Hardwar (13),Rural,5-14,Non-workers_Total_Males,674,DDW-0500B-01ST-Census.xls,01ST
B0301ST,05,068,District - Hardwar (13),Rural,15-34,Non-workers_Total_Males,295,DDW-0500B-01ST-Census.xls,01ST
B0301ST,05,068,District - Hardwar (13),Rural,35-59,Non-workers_Total_Males,12,DDW-0500B-01ST-Census.xls,01ST
B0301ST,05,068,District - Hardwar (13),Rural,60+,Non-workers_Total_Males,52,DDW-0500B-01ST-Census.xls,01ST
B0301ST,05,068,District - Hardwar (13),Rural,Age not stated,Non-workers_Total_Males,2,DDW-0500B-01ST-Census.xls,01ST
B0301ST,05,068,District - Hardwar (13),Rural,15-59,Non-workers_Total_Males,307,DDW-0500B-01ST-Census.xls,01ST
B0301ST,05,068,District - Hardwar (13),Urban,Total,Non-workers_Total_Males,283,DDW-0500B-01ST-Census.xls,01ST
B0301ST,05,068,District - Hardwar (13),Urban,5-14,Non-workers_Total_Males,109,DDW-0500B-01ST-Census.xls,01ST
B0301ST,05,068,District - Hardwar (13),Urban,15-34,Non-workers_Total_Males,93,DDW-0500B-01ST-Census.xls,01ST
B0301ST,05,068,District - Hardwar (13),Urban,35-59,Non-workers_Total_Males,8,DDW-0500B-01ST-Census.xls,01ST
B0301ST,05,068,District - Hardwar (13),Urban,60+,Non-workers_Total_Males,12,DDW-0500B-01ST-Census.xls,01ST
B0301ST,05,068,District - Hardwar (13),Urban,Age not stated,Non-workers_Total_Males,0,DDW-0500B-01ST-Census.xls,01ST
B0301ST,05,068,District - Hardwar (13),Urban,15-59,Non-workers_Total_Males,101,DDW-0500B-01ST-Census.xls,01ST
B0301ST,05,000,State - UTTARAKHAND (05),Total,Total,Non-workers_Total_Females,91247,DDW-0500B-01ST-Census.xls,01ST
B0301ST,05,000,State - UTTARAKHAND (05),Total,5-14,Non-workers_Total_Females,28404,DDW-0500B-01ST-Census.xls,01ST
B0301ST,05,000,State - UTTARAKHAND (05),Total,15-34,Non-workers_Total_Females,31552,DDW-0500B-01ST-Census.xls,01ST
B0301ST,05,000,State - UTTARAKHAND (05),Total,35-59,Non-workers_Total_Females,12677,DDW-0500B-01ST-Census.xls,01ST
B0301ST,05,000,State - UTTARAKHAND (05),Total,60+,Non-workers_Total_Females,7167,DDW-0500B-01ST-Census.xls,01ST
B0301ST,05,000,State - UTTARAKHAND (05),Total,Age not stated,Non-workers_Total_Females,115,DDW-0500B-01ST-Census.xls,01ST
B0301ST,05,000,State - UTTARAKHAND (05),Total,15-59,Non-workers_Total_Females,44229,DDW-0500B-01ST-Census.xls,01ST
B0301ST,05,000,State - UTTARAKHAND (05),Rural,Total,Non-workers_Total_Females,80669,DDW-0500B-01ST-Census.xls,01ST
B0301ST,05,000,State - UTTARAKHAND (05),Rural,5-14,Non-workers_Total_Females,26083,DDW-0500B-01ST-Census.xls,01ST
B0301ST,05,000,State - UTTARAKHAND (05),Rural,15-34,Non-workers_Total_Females,27234,DDW-0500B-01ST-Census.xls,01ST
B0301ST,05,000,State - UTTARAKHAND (05),Rural,35-59,Non-workers_Total_Females,10450,DDW-0500B-01ST-Census.xls,01ST
B0301ST,05,000,State - UTTARAKHAND (05),Rural,60+,Non-workers_Total_Females,6404,DDW-0500B-01ST-Census.xls,01ST
B0301ST,05,000,State - UTTARAKHAND (05),Rural,Age not stated,Non-workers_Total_Females,101,DDW-0500B-01ST-Census.xls,01ST
B0301ST,05,000,State - UTTARAKHAND (05),Rural,15-59,Non-workers_Total_Females,37684,DDW-0500B-01ST-Census.xls,01ST
B0301ST,05,000,State - UTTARAKHAND (05),Urban,Total,Non-workers_Total_Females,10578,DDW-0500B-01ST-Census.xls,01ST
B0301ST,05,000,State - UTTARAKHAND (05),Urban,5-14,Non-workers_Total_Females,2321,DDW-0500B-01ST-Census.xls,01ST
B0301ST,05,000,State - UTTARAKHAND (05),Urban,15-34,Non-workers_Total_Females,4318,DDW-0500B-01ST-Census.xls,01ST
B0301ST,05,000,State - UTTARAKHAND (05),Urban,35-59,Non-workers_Total_Females,2227,DDW-0500B-01ST-Census.xls,01ST
B0301ST,05,000,State - UTTARAKHAND (05),Urban,60+,Non-workers_Total_Females,763,DDW-0500B-01ST-Census.xls,01ST
B0301ST,05,000,State - UTTARAKHAND (05),Urban,Age not stated,Non-workers_Total_Females,14,DDW-0500B-01ST-Census.xls,01ST
B0301ST,05,000,State - UTTARAKHAND (05),Urban,15-59,Non-workers_Total_Females,6545,DDW-0500B-01ST-Census.xls,01ST
B0301ST,05,056,District - Uttarkashi (01),Total,Total,Non-workers_Total_Females,902,DDW-0500B-01ST-Census.xls,01ST
B0301ST,05,056,District - Uttarkashi (01),Total,5-14,Non-workers_Total_Females,265,DDW-0500B-01ST-Census.xls,01ST
B0301ST,05,056,District - Uttarkashi (01),Total,15-34,Non-workers_Total_Females,358,DDW-0500B-01ST-Census.xls,01ST
B0301ST,05,056,District - Uttarkashi (01),Total,35-59,Non-workers_Total_Females,82,DDW-0500B-01ST-Census.xls,01ST
B0301ST,05,056,District - Uttarkashi (01),Total,60+,Non-workers_Total_Females,93,DDW-0500B-01ST-Census.xls,01ST
B0301ST,05,056,District - Uttarkashi (01),Total,Age not stated,Non-workers_Total_Females,2,DDW-0500B-01ST-Census.xls,01ST
B0301ST,05,056,District - Uttarkashi (01),Total,15-59,Non-workers_Total_Females,440,DDW-0500B-01ST-Census.xls,01ST
B0301ST,05,056,District - Uttarkashi (01),Rural,Total,Non-workers_Total_Females,849,DDW-0500B-01ST-Census.xls,01ST
B0301ST,05,056,District - Uttarkashi (01),Rural,5-14,Non-workers_Total_Females,250,DDW-0500B-01ST-Census.xls,01ST
B0301ST,05,056,District - Uttarkashi (01),Rural,15-34,Non-workers_Total_Females,338,DDW-0500B-01ST-Census.xls,01ST
B0301ST,05,056,District - Uttarkashi (01),Rural,35-59,Non-workers_Total_Females,70,DDW-0500B-01ST-Census.xls,01ST
B0301ST,05,056,District - Uttarkashi (01),Rural,60+,Non-workers_Total_Females,90,DDW-0500B-01ST-Census.xls,01ST
B0301ST,05,056,District - Uttarkashi (01),Rural,Age not stated,Non-workers_Total_Females,2,DDW-0500B-01ST-Census.xls,01ST
B0301ST,05,056,District - Uttarkashi (01),Rural,15-59,Non-workers_Total_Females,408,DDW-0500B-01ST-Census.xls,01ST
B0301ST,05,056,District - Uttarkashi (01),Urban,Total,Non-workers_Total_Females,53,DDW-0500B-01ST-Census.xls,01ST
B0301ST,05,056,District - Uttarkashi (01),Urban,5-14,Non-workers_Total_Females,15,DDW-0500B-01ST-Census.xls,01ST
B0301ST,05,056,District - Uttarkashi (01),Urban,15-34,Non-workers_Total_Females,20,DDW-0500B-01ST-Census.xls,01ST
B0301ST,05,056,District - Uttarkashi (01),Urban,35-59,Non-workers_Total_Females,12,DDW-0500B-01ST-Census.xls,01ST
B0301ST,05,056,District - Uttarkashi (01),Urban,60+,Non-workers_Total_Females,3,DDW-0500B-01ST-Census.xls,01ST
B0301ST,05,056,District - Uttarkashi (01),Urban,Age not stated,Non-workers_Total_Females,0,DDW-0500B-01ST-Census.xls,01ST
B0301ST,05,056,District - Uttarkashi (01),Urban,15-59,Non-workers_Total_Females,32,DDW-0500B-01ST-Census.xls,01ST
B0301ST,05,057,District - Chamoli (02),Total,Total,Non-workers_Total_Females,2958,DDW-0500B-01ST-Census.xls,01ST
B0301ST,05,057,District - Chamoli (02),Total,5-14,Non-workers_Total_Females,878,DDW-0500B-01ST-Census.xls,01ST
B0301ST,05,057,District - Chamoli (02),Total,15-34,Non-workers_Total_Females,1041,DDW-0500B-01ST-Census.xls,01ST
B0301ST,05,057,District - Chamoli (02),Total,35-59,Non-workers_Total_Females,348,DDW-0500B-01ST-Census.xls,01ST
B0301ST,05,057,District - Chamoli (02),Total,60+,Non-workers_Total_Females,272,DDW-0500B-01ST-Census.xls,01ST
B0301ST,05,057,District - Chamoli (02),Total,Age not stated,Non-workers_Total_Females,2,DDW-0500B-01ST-Census.xls,01ST
B0301ST,05,057,District - Chamoli (02),Total,15-59,Non-workers_Total_Females,1389,DDW-0500B-01ST-Census.xls,01ST
B0301ST,05,057,District - Chamoli (02),Rural,Total,Non-workers_Total_Females,1782,DDW-0500B-01ST-Census.xls,01ST
B0301ST,05,057,District - Chamoli (02),Rural,5-14,Non-workers_Total_Females,607,DDW-0500B-01ST-Census.xls,01ST
B0301ST,05,057,District - Chamoli (02),Rural,15-34,Non-workers_Total_Females,593,DDW-0500B-01ST-Census.xls,01ST
B0301ST,05,057,District - Chamoli (02),Rural,35-59,Non-workers_Total_Females,138,DDW-0500B-01ST-Census.xls,01ST
B0301ST,05,057,District - Chamoli (02),Rural,60+,Non-workers_Total_Females,163,DDW-0500B-01ST-Census.xls,01ST
B0301ST,05,057,District - Chamoli (02),Rural,Age not stated,Non-workers_Total_Females,2,DDW-0500B-01ST-Census.xls,01ST
B0301ST,05,057,District - Chamoli (02),Rural,15-59,Non-workers_Total_Females,731,DDW-0500B-01ST-Census.xls,01ST
B0301ST,05,057,District - Chamoli (02),Urban,Total,Non-workers_Total_Females,1176,DDW-0500B-01ST-Census.xls,01ST
B0301ST,05,057,District - Chamoli (02),Urban,5-14,Non-workers_Total_Females,271,DDW-0500B-01ST-Census.xls,01ST
B0301ST,05,057,District - Chamoli (02),Urban,15-34,Non-workers_Total_Females,448,DDW-0500B-01ST-Census.xls,01ST
B0301ST,05,057,District - Chamoli (02),Urban,35-59,Non-workers_Total_Females,210,DDW-0500B-01ST-Census.xls,01ST
B0301ST,05,057,District - Chamoli (02),Urban,60+,Non-workers_Total_Females,109,DDW-0500B-01ST-Census.xls,01ST
B0301ST,05,057,District - Chamoli (02),Urban,Age not stated,Non-workers_Total_Females,0,DDW-0500B-01ST-Census.xls,01ST
B0301ST,05,057,District - Chamoli (02),Urban,15-59,Non-workers_Total_Females,658,DDW-0500B-01ST-Census.xls,01ST
B0301ST,05,058,District - Rudraprayag (03),Total,Total,Non-workers_Total_Females,102,DDW-0500B-01ST-Census.xls,01ST
B0301ST,05,058,District - Rudraprayag (03),Total,5-14,Non-workers_Total_Females,36,DDW-0500B-01ST-Census.xls,01ST
B0301ST,05,058,District - Rudraprayag (03),Total,15-34,Non-workers_Total_Females,35,DDW-0500B-01ST-Census.xls,01ST
B0301ST,05,058,District - Rudraprayag (03),Total,35-59,Non-workers_Total_Females,11,DDW-0500B-01ST-Census.xls,01ST
B0301ST,05,058,District - Rudraprayag (03),Total,60+,Non-workers_Total_Females,2,DDW-0500B-01ST-Census.xls,01ST
B0301ST,05,058,District - Rudraprayag (03),Total,Age not stated,Non-workers_Total_Females,0,DDW-0500B-01ST-Census.xls,01ST
B0301ST,05,058,District - Rudraprayag (03),Total,15-59,Non-workers_Total_Females,46,DDW-0500B-01ST-Census.xls,01ST
B0301ST,05,058,District - Rudraprayag (03),Rural,Total,Non-workers_Total_Females,84,DDW-0500B-01ST-Census.xls,01ST
B0301ST,05,058,District - Rudraprayag (03),Rural,5-14,Non-workers_Total_Females,28,DDW-0500B-01ST-Census.xls,01ST
B0301ST,05,058,District - Rudraprayag (03),Rural,15-34,Non-workers_Total_Females,27,DDW-0500B-01ST-Census.xls,01ST
B0301ST,05,058,District - Rudraprayag (03),Rural,35-59,Non-workers_Total_Females,9,DDW-0500B-01ST-Census.xls,01ST
B0301ST,05,058,District - Rudraprayag (03),Rural,60+,Non-workers_Total_Females,2,DDW-0500B-01ST-Census.xls,01ST
B0301ST,05,058,District - Rudraprayag (03),Rural,Age not stated,Non-workers_Total_Females,0,DDW-0500B-01ST-Census.xls,01ST
B0301ST,05,058,District - Rudraprayag (03),Rural,15-59,Non-workers_Total_Females,36,DDW-0500B-01ST-Census.xls,01ST
B0301ST,05,058,District - Rudraprayag (03),Urban,Total,Non-workers_Total_Females,18,DDW-0500B-01ST-Census.xls,01ST
B0301ST,05,058,District - Rudraprayag (03),Urban,5-14,Non-workers_Total_Females,8,DDW-0500B-01ST-Census.xls,01ST
B0301ST,05,058,District - Rudraprayag (03),Urban,15-34,Non-workers_Total_Females,8,DDW-0500B-01ST-Census.xls,01ST
B0301ST,05,058,District - Rudraprayag (03),Urban,35-59,Non-workers_Total_Females,2,DDW-0500B-01ST-Census.xls,01ST
B0301ST,05,058,District - Rudraprayag (03),Urban,60+,Non-workers_Total_Females,0,DDW-0500B-01ST-Census.xls,01ST
B0301ST,05,058,District - Rudraprayag (03),Urban,Age not stated,Non-workers_Total_Females,0,DDW-0500B-01ST-Census.xls,01ST
B0301ST,05,058,District - Rudraprayag (03),Urban,15-59,Non-workers_Total_Females,10,DDW-0500B-01ST-Census.xls,01ST
B0301ST,05,059,District - Tehri Garhwal (04),Total,Total,Non-workers_Total_Females,283,DDW-0500B-01ST-Census.xls,01ST
B0301ST,05,059,District - Tehri Garhwal (04),Total,5-14,Non-workers_Total_Females,67,DDW-0500B-01ST-Census.xls,01ST
B0301ST,05,059,District - Tehri Garhwal (04),Total,15-34,Non-workers_Total_Females,113,DDW-0500B-01ST-Census.xls,01ST
B0301ST,05,059,District - Tehri Garhwal (04),Total,35-59,Non-workers_Total_Females,53,DDW-0500B-01ST-Census.xls,01ST
B0301ST,05,059,District - Tehri Garhwal (04),Total,60+,Non-workers_Total_Females,14,DDW-0500B-01ST-Census.xls,01ST
B0301ST,05,059,District - Tehri Garhwal (04),Total,Age not stated,Non-workers_Total_Females,1,DDW-0500B-01ST-Census.xls,01ST
B0301ST,05,059,District - Tehri Garhwal (04),Total,15-59,Non-workers_Total_Females,166,DDW-0500B-01ST-Census.xls,01ST
B0301ST,05,059,District - Tehri Garhwal (04),Rural,Total,Non-workers_Total_Females,199,DDW-0500B-01ST-Census.xls,01ST
B0301ST,05,059,District - Tehri Garhwal (04),Rural,5-14,Non-workers_Total_Females,48,DDW-0500B-01ST-Census.xls,01ST
B0301ST,05,059,District - Tehri Garhwal (04),Rural,15-34,Non-workers_Total_Females,80,DDW-0500B-01ST-Census.xls,01ST
B0301ST,05,059,District - Tehri Garhwal (04),Rural,35-59,Non-workers_Total_Females,38,DDW-0500B-01ST-Census.xls,01ST
B0301ST,05,059,District - Tehri Garhwal (04),Rural,60+,Non-workers_Total_Females,11,DDW-0500B-01ST-Census.xls,01ST
B0301ST,05,059,District - Tehri Garhwal (04),Rural,Age not stated,Non-workers_Total_Females,0,DDW-0500B-01ST-Census.xls,01ST
B0301ST,05,059,District - Tehri Garhwal (04),Rural,15-59,Non-workers_Total_Females,118,DDW-0500B-01ST-Census.xls,01ST
B0301ST,05,059,District - Tehri Garhwal (04),Urban,Total,Non-workers_Total_Females,84,DDW-0500B-01ST-Census.xls,01ST
B0301ST,05,059,District - Tehri Garhwal (04),Urban,5-14,Non-workers_Total_Females,19,DDW-0500B-01ST-Census.xls,01ST
B0301ST,05,059,District - Tehri Garhwal (04),Urban,15-34,Non-workers_Total_Females,33,DDW-0500B-01ST-Census.xls,01ST
B0301ST,05,059,District - Tehri Garhwal (04),Urban,35-59,Non-workers_Total_Females,15,DDW-0500B-01ST-Census.xls,01ST
B0301ST,05,059,District - Tehri Garhwal (04),Urban,60+,Non-workers_Total_Females,3,DDW-0500B-01ST-Census.xls,01ST
B0301ST,05,059,District - Tehri Garhwal (04),Urban,Age not stated,Non-workers_Total_Females,1,DDW-0500B-01ST-Census.xls,01ST
B0301ST,05,059,District - Tehri Garhwal (04),Urban,15-59,Non-workers_Total_Females,48,DDW-0500B-01ST-Census.xls,01ST
B0301ST,05,060,District - Dehradun (05),Total,Total,Non-workers_Total_Females,36152,DDW-0500B-01ST-Census.xls,01ST
B0301ST,05,060,District - Dehradun (05),Total,5-14,Non-workers_Total_Females,11717,DDW-0500B-01ST-Census.xls,01ST
B0301ST,05,060,District - Dehradun (05),Total,15-34,Non-workers_Total_Females,11961,DDW-0500B-01ST-Census.xls,01ST
B0301ST,05,060,District - Dehradun (05),Total,35-59,Non-workers_Total_Females,5081,DDW-0500B-01ST-Census.xls,01ST
B0301ST,05,060,District - Dehradun (05),Total,60+,Non-workers_Total_Females,2573,DDW-0500B-01ST-Census.xls,01ST
B0301ST,05,060,District - Dehradun (05),Total,Age not stated,Non-workers_Total_Females,67,DDW-0500B-01ST-Census.xls,01ST
B0301ST,05,060,District - Dehradun (05),Total,15-59,Non-workers_Total_Females,17042,DDW-0500B-01ST-Census.xls,01ST
B0301ST,05,060,District - Dehradun (05),Rural,Total,Non-workers_Total_Females,32011,DDW-0500B-01ST-Census.xls,01ST
B0301ST,05,060,District - Dehradun (05),Rural,5-14,Non-workers_Total_Females,10856,DDW-0500B-01ST-Census.xls,01ST
B0301ST,05,060,District - Dehradun (05),Rural,15-34,Non-workers_Total_Females,10197,DDW-0500B-01ST-Census.xls,01ST
B0301ST,05,060,District - Dehradun (05),Rural,35-59,Non-workers_Total_Females,4138,DDW-0500B-01ST-Census.xls,01ST
B0301ST,05,060,District - Dehradun (05),Rural,60+,Non-workers_Total_Females,2350,DDW-0500B-01ST-Census.xls,01ST
B0301ST,05,060,District - Dehradun (05),Rural,Age not stated,Non-workers_Total_Females,57,DDW-0500B-01ST-Census.xls,01ST
B0301ST,05,060,District - Dehradun (05),Rural,15-59,Non-workers_Total_Females,14335,DDW-0500B-01ST-Census.xls,01ST
B0301ST,05,060,District - Dehradun (05),Urban,Total,Non-workers_Total_Females,4141,DDW-0500B-01ST-Census.xls,01ST
B0301ST,05,060,District - Dehradun (05),Urban,5-14,Non-workers_Total_Females,861,DDW-0500B-01ST-Census.xls,01ST
B0301ST,05,060,District - Dehradun (05),Urban,15-34,Non-workers_Total_Females,1764,DDW-0500B-01ST-Census.xls,01ST
B0301ST,05,060,District - Dehradun (05),Urban,35-59,Non-workers_Total_Females,943,DDW-0500B-01ST-Census.xls,01ST
B0301ST,05,060,District - Dehradun (05),Urban,60+,Non-workers_Total_Females,223,DDW-0500B-01ST-Census.xls,01ST
B0301ST,05,060,District - Dehradun (05),Urban,Age not stated,Non-workers_Total_Females,10,DDW-0500B-01ST-Census.xls,01ST
B0301ST,05,060,District - Dehradun (05),Urban,15-59,Non-workers_Total_Females,2707,DDW-0500B-01ST-Census.xls,01ST
B0301ST,05,061,District - Garhwal (06),Total,Total,Non-workers_Total_Females,886,DDW-0500B-01ST-Census.xls,01ST
B0301ST,05,061,District - Garhwal (06),Total,5-14,Non-workers_Total_Females,247,DDW-0500B-01ST-Census.xls,01ST
B0301ST,05,061,District - Garhwal (06),Total,15-34,Non-workers_Total_Females,303,DDW-0500B-01ST-Census.xls,01ST
B0301ST,05,061,District - Garhwal (06),Total,35-59,Non-workers_Total_Females,154,DDW-0500B-01ST-Census.xls,01ST
B0301ST,05,061,District - Garhwal (06),Total,60+,Non-workers_Total_Females,70,DDW-0500B-01ST-Census.xls,01ST
B0301ST,05,061,District - Garhwal (06),Total,Age not stated,Non-workers_Total_Females,0,DDW-0500B-01ST-Census.xls,01ST
B0301ST,05,061,District - Garhwal (06),Total,15-59,Non-workers_Total_Females,457,DDW-0500B-01ST-Census.xls,01ST
B0301ST,05,061,District - Garhwal (06),Rural,Total,Non-workers_Total_Females,795,DDW-0500B-01ST-Census.xls,01ST
B0301ST,05,061,District - Garhwal (06),Rural,5-14,Non-workers_Total_Females,224,DDW-0500B-01ST-Census.xls,01ST
B0301ST,05,061,District - Garhwal (06),Rural,15-34,Non-workers_Total_Females,263,DDW-0500B-01ST-Census.xls,01ST
B0301ST,05,061,District - Garhwal (06),Rural,35-59,Non-workers_Total_Females,134,DDW-0500B-01ST-Census.xls,01ST
B0301ST,05,061,District - Garhwal (06),Rural,60+,Non-workers_Total_Females,70,DDW-0500B-01ST-Census.xls,01ST
B0301ST,05,061,District - Garhwal (06),Rural,Age not stated,Non-workers_Total_Females,0,DDW-0500B-01ST-Census.xls,01ST
B0301ST,05,061,District - Garhwal (06),Rural,15-59,Non-workers_Total_Females,397,DDW-0500B-01ST-Census.xls,01ST
B0301ST,05,061,District - Garhwal (06),Urban,Total,Non-workers_Total_Females,91,DDW-0500B-01ST-Census.xls,01ST
B0301ST,05,061,District - Garhwal (06),Urban,5-14,Non-workers_Total_Females,23,DDW-0500B-01ST-Census.xls,01ST
B0301ST,05,061,District - Garhwal (06),Urban,15-34,Non-workers_Total_Females,40,DDW-0500B-01ST-Census.xls,01ST
B0301ST,05,061,District - Garhwal (06),Urban,35-59,Non-workers_Total_Females,20,DDW-0500B-01ST-Census.xls,01ST
B0301ST,05,061,District - Garhwal (06),Urban,60+,Non-workers_Total_Females,0,DDW-0500B-01ST-Census.xls,01ST
B0301ST,05,061,District - Garhwal (06),Urban,Age not stated,Non-workers_Total_Females,0,DDW-0500B-01ST-Census.xls,01ST
B0301ST,05,061,District - Garhwal (06),Urban,15-59,Non-workers_Total_Females,60,DDW-0500B-01ST-Census.xls,01ST
B0301ST,05,062,District - Pithoragarh (07),Total,Total,Non-workers_Total_Females,5479,DDW-0500B-01ST-Census.xls,01ST
B0301ST,05,062,District - Pithoragarh (07),Total,5-14,Non-workers_Total_Females,1638,DDW-0500B-01ST-Census.xls,01ST
B0301ST,05,062,District - Pithoragarh (07),Total,15-34,Non-workers_Total_Females,1603,DDW-0500B-01ST-Census.xls,01ST
B0301ST,05,062,District - Pithoragarh (07),Total,35-59,Non-workers_Total_Females,786,DDW-0500B-01ST-Census.xls,01ST
B0301ST,05,062,District - Pithoragarh (07),Total,60+,Non-workers_Total_Females,675,DDW-0500B-01ST-Census.xls,01ST
B0301ST,05,062,District - Pithoragarh (07),Total,Age not stated,Non-workers_Total_Females,11,DDW-0500B-01ST-Census.xls,01ST
B0301ST,05,062,District - Pithoragarh (07),Total,15-59,Non-workers_Total_Females,2389,DDW-0500B-01ST-Census.xls,01ST
B0301ST,05,062,District - Pithoragarh (07),Rural,Total,Non-workers_Total_Females,4051,DDW-0500B-01ST-Census.xls,01ST
B0301ST,05,062,District - Pithoragarh (07),Rural,5-14,Non-workers_Total_Females,1336,DDW-0500B-01ST-Census.xls,01ST
B0301ST,05,062,District - Pithoragarh (07),Rural,15-34,Non-workers_Total_Females,1080,DDW-0500B-01ST-Census.xls,01ST
B0301ST,05,062,District - Pithoragarh (07),Rural,35-59,Non-workers_Total_Females,472,DDW-0500B-01ST-Census.xls,01ST
B0301ST,05,062,District - Pithoragarh (07),Rural,60+,Non-workers_Total_Females,508,DDW-0500B-01ST-Census.xls,01ST
B0301ST,05,062,District - Pithoragarh (07),Rural,Age not stated,Non-workers_Total_Females,8,DDW-0500B-01ST-Census.xls,01ST
B0301ST,05,062,District - Pithoragarh (07),Rural,15-59,Non-workers_Total_Females,1552,DDW-0500B-01ST-Census.xls,01ST
B0301ST,05,062,District - Pithoragarh (07),Urban,Total,Non-workers_Total_Females,1428,DDW-0500B-01ST-Census.xls,01ST
B0301ST,05,062,District - Pithoragarh (07),Urban,5-14,Non-workers_Total_Females,302,DDW-0500B-01ST-Census.xls,01ST
B0301ST,05,062,District - Pithoragarh (07),Urban,15-34,Non-workers_Total_Females,523,DDW-0500B-01ST-Census.xls,01ST
B0301ST,05,062,District - Pithoragarh (07),Urban,35-59,Non-workers_Total_Females,314,DDW-0500B-01ST-Census.xls,01ST
B0301ST,05,062,District - Pithoragarh (07),Urban,60+,Non-workers_Total_Females,167,DDW-0500B-01ST-Census.xls,01ST
B0301ST,05,062,District - Pithoragarh (07),Urban,Age not stated,Non-workers_Total_Females,3,DDW-0500B-01ST-Census.xls,01ST
B0301ST,05,062,District - Pithoragarh (07),Urban,15-59,Non-workers_Total_Females,837,DDW-0500B-01ST-Census.xls,01ST
B0301ST,05,063,District - Bageshwar (08),Total,Total,Non-workers_Total_Females,482,DDW-0500B-01ST-Census.xls,01ST
B0301ST,05,063,District - Bageshwar (08),Total,5-14,Non-workers_Total_Females,150,DDW-0500B-01ST-Census.xls,01ST
B0301ST,05,063,District - Bageshwar (08),Total,15-34,Non-workers_Total_Females,143,DDW-0500B-01ST-Census.xls,01ST
B0301ST,05,063,District - Bageshwar (08),Total,35-59,Non-workers_Total_Females,39,DDW-0500B-01ST-Census.xls,01ST
B0301ST,05,063,District - Bageshwar (08),Total,60+,Non-workers_Total_Females,49,DDW-0500B-01ST-Census.xls,01ST
B0301ST,05,063,District - Bageshwar (08),Total,Age not stated,Non-workers_Total_Females,0,DDW-0500B-01ST-Census.xls,01ST
B0301ST,05,063,District - Bageshwar (08),Total,15-59,Non-workers_Total_Females,182,DDW-0500B-01ST-Census.xls,01ST
B0301ST,05,063,District - Bageshwar (08),Rural,Total,Non-workers_Total_Females,439,DDW-0500B-01ST-Census.xls,01ST
B0301ST,05,063,District - Bageshwar (08),Rural,5-14,Non-workers_Total_Females,139,DDW-0500B-01ST-Census.xls,01ST
B0301ST,05,063,District - Bageshwar (08),Rural,15-34,Non-workers_Total_Females,123,DDW-0500B-01ST-Census.xls,01ST
B0301ST,05,063,District - Bageshwar (08),Rural,35-59,Non-workers_Total_Females,33,DDW-0500B-01ST-Census.xls,01ST
B0301ST,05,063,District - Bageshwar (08),Rural,60+,Non-workers_Total_Females,47,DDW-0500B-01ST-Census.xls,01ST
B0301ST,05,063,District - Bageshwar (08),Rural,Age not stated,Non-workers_Total_Females,0,DDW-0500B-01ST-Census.xls,01ST
B0301ST,05,063,District - Bageshwar (08),Rural,15-59,Non-workers_Total_Females,156,DDW-0500B-01ST-Census.xls,01ST
B0301ST,05,063,District - Bageshwar (08),Urban,Total,Non-workers_Total_Females,43,DDW-0500B-01ST-Census.xls,01ST
B0301ST,05,063,District - Bageshwar (08),Urban,5-14,Non-workers_Total_Females,11,DDW-0500B-01ST-Census.xls,01ST
B0301ST,05,063,District - Bageshwar (08),Urban,15-34,Non-workers_Total_Females,20,DDW-0500B-01ST-Census.xls,01ST
B0301ST,05,063,District - Bageshwar (08),Urban,35-59,Non-workers_Total_Females,6,DDW-0500B-01ST-Census.xls,01ST
B0301ST,05,063,District - Bageshwar (08),Urban,60+,Non-workers_Total_Females,2,DDW-0500B-01ST-Census.xls,01ST
B0301ST,05,063,District - Bageshwar (08),Urban,Age not stated,Non-workers_Total_Females,0,DDW-0500B-01ST-Census.xls,01ST
B0301ST,05,063,District - Bageshwar (08),Urban,15-59,Non-workers_Total_Females,26,DDW-0500B-01ST-Census.xls,01ST
B0301ST,05,064,"District - Almora
 (09)",Total,Total,Non-workers_Total_Females,473,DDW-0500B-01ST-Census.xls,01ST
B0301ST,05,064,"District - Almora
 (09)",Total,5-14,Non-workers_Total_Females,98,DDW-0500B-01ST-Census.xls,01ST
B0301ST,05,064,"District - Almora
 (09)",Total,15-34,Non-workers_Total_Females,198,DDW-0500B-01ST-Census.xls,01ST
B0301ST,05,064,"District - Almora
 (09)",Total,35-59,Non-workers_Total_Females,99,DDW-0500B-01ST-Census.xls,01ST
B0301ST,05,064,"District - Almora
 (09)",Total,60+,Non-workers_Total_Females,33,DDW-0500B-01ST-Census.xls,01ST
B0301ST,05,064,"District - Almora
 (09)",Total,Age not stated,Non-workers_Total_Females,0,DDW-0500B-01ST-Census.xls,01ST
B0301ST,05,064,"District - Almora
 (09)",Total,15-59,Non-workers_Total_Females,297,DDW-0500B-01ST-Census.xls,01ST
B0301ST,05,064,"District - Almora
 (09)",Rural,Total,Non-workers_Total_Females,253,DDW-0500B-01ST-Census.xls,01ST
B0301ST,05,064,"District - Almora
 (09)",Rural,5-14,Non-workers_Total_Females,59,DDW-0500B-01ST-Census.xls,01ST
B0301ST,05,064,"District - Almora
 (09)",Rural,15-34,Non-workers_Total_Females,105,DDW-0500B-01ST-Census.xls,01ST
B0301ST,05,064,"District - Almora
 (09)",Rural,35-59,Non-workers_Total_Females,42,DDW-0500B-01ST-Census.xls,01ST
B0301ST,05,064,"District - Almora
 (09)",Rural,60+,Non-workers_Total_Females,14,DDW-0500B-01ST-Census.xls,01ST
B0301ST,05,064,"District - Almora
 (09)",Rural,Age not stated,Non-workers_Total_Females,0,DDW-0500B-01ST-Census.xls,01ST
B0301ST,05,064,"District - Almora
 (09)",Rural,15-59,Non-workers_Total_Females,147,DDW-0500B-01ST-Census.xls,01ST
B0301ST,05,064,"District - Almora
 (09)",Urban,Total,Non-workers_Total_Females,220,DDW-0500B-01ST-Census.xls,01ST
B0301ST,05,064,"District - Almora
 (09)",Urban,5-14,Non-workers_Total_Females,39,DDW-0500B-01ST-Census.xls,01ST
B0301ST,05,064,"District - Almora
 (09)",Urban,15-34,Non-workers_Total_Females,93,DDW-0500B-01ST-Census.xls,01ST
B0301ST,05,064,"District - Almora
 (09)",Urban,35-59,Non-workers_Total_Females,57,DDW-0500B-01ST-Census.xls,01ST
B0301ST,05,064,"District - Almora
 (09)",Urban,60+,Non-workers_Total_Females,19,DDW-0500B-01ST-Census.xls,01ST
B0301ST,05,064,"District - Almora
 (09)",Urban,Age not stated,Non-workers_Total_Females,0,DDW-0500B-01ST-Census.xls,01ST
B0301ST,05,064,"District - Almora
 (09)",Urban,15-59,Non-workers_Total_Females,150,DDW-0500B-01ST-Census.xls,01ST
B0301ST,05,065,District - Champawat (10),Total,Total,Non-workers_Total_Females,395,DDW-0500B-01ST-Census.xls,01ST
B0301ST,05,065,District - Champawat (10),Total,5-14,Non-workers_Total_Females,128,DDW-0500B-01ST-Census.xls,01ST
B0301ST,05,065,District - Champawat (10),Total,15-34,Non-workers_Total_Females,135,DDW-0500B-01ST-Census.xls,01ST
B0301ST,05,065,District - Champawat (10),Total,35-59,Non-workers_Total_Females,59,DDW-0500B-01ST-Census.xls,01ST
B0301ST,05,065,District - Champawat (10),Total,60+,Non-workers_Total_Females,24,DDW-0500B-01ST-Census.xls,01ST
B0301ST,05,065,District - Champawat (10),Total,Age not stated,Non-workers_Total_Females,0,DDW-0500B-01ST-Census.xls,01ST
B0301ST,05,065,District - Champawat (10),Total,15-59,Non-workers_Total_Females,194,DDW-0500B-01ST-Census.xls,01ST
B0301ST,05,065,District - Champawat (10),Rural,Total,Non-workers_Total_Females,307,DDW-0500B-01ST-Census.xls,01ST
B0301ST,05,065,District - Champawat (10),Rural,5-14,Non-workers_Total_Females,102,DDW-0500B-01ST-Census.xls,01ST
B0301ST,05,065,District - Champawat (10),Rural,15-34,Non-workers_Total_Females,110,DDW-0500B-01ST-Census.xls,01ST
B0301ST,05,065,District - Champawat (10),Rural,35-59,Non-workers_Total_Females,37,DDW-0500B-01ST-Census.xls,01ST
B0301ST,05,065,District - Champawat (10),Rural,60+,Non-workers_Total_Females,19,DDW-0500B-01ST-Census.xls,01ST
B0301ST,05,065,District - Champawat (10),Rural,Age not stated,Non-workers_Total_Females,0,DDW-0500B-01ST-Census.xls,01ST
B0301ST,05,065,District - Champawat (10),Rural,15-59,Non-workers_Total_Females,147,DDW-0500B-01ST-Census.xls,01ST
B0301ST,05,065,District - Champawat (10),Urban,Total,Non-workers_Total_Females,88,DDW-0500B-01ST-Census.xls,01ST
B0301ST,05,065,District - Champawat (10),Urban,5-14,Non-workers_Total_Females,26,DDW-0500B-01ST-Census.xls,01ST
B0301ST,05,065,District - Champawat (10),Urban,15-34,Non-workers_Total_Females,25,DDW-0500B-01ST-Census.xls,01ST
B0301ST,05,065,District - Champawat (10),Urban,35-59,Non-workers_Total_Females,22,DDW-0500B-01ST-Census.xls,01ST
B0301ST,05,065,District - Champawat (10),Urban,60+,Non-workers_Total_Females,5,DDW-0500B-01ST-Census.xls,01ST
B0301ST,05,065,District - Champawat (10),Urban,Age not stated,Non-workers_Total_Females,0,DDW-0500B-01ST-Census.xls,01ST
B0301ST,05,065,District - Champawat (10),Urban,15-59,Non-workers_Total_Females,47,DDW-0500B-01ST-Census.xls,01ST
B0301ST,05,066,District - Nainital (11),Total,Total,Non-workers_Total_Females,2766,DDW-0500B-01ST-Census.xls,01ST
B0301ST,05,066,District - Nainital (11),Total,5-14,Non-workers_Total_Females,748,DDW-0500B-01ST-Census.xls,01ST
B0301ST,05,066,District - Nainital (11),Total,15-34,Non-workers_Total_Females,993,DDW-0500B-01ST-Census.xls,01ST
B0301ST,05,066,District - Nainital (11),Total,35-59,Non-workers_Total_Females,507,DDW-0500B-01ST-Census.xls,01ST
B0301ST,05,066,District - Nainital (11),Total,60+,Non-workers_Total_Females,191,DDW-0500B-01ST-Census.xls,01ST
B0301ST,05,066,District - Nainital (11),Total,Age not stated,Non-workers_Total_Females,4,DDW-0500B-01ST-Census.xls,01ST
B0301ST,05,066,District - Nainital (11),Total,15-59,Non-workers_Total_Females,1500,DDW-0500B-01ST-Census.xls,01ST
B0301ST,05,066,District - Nainital (11),Rural,Total,Non-workers_Total_Females,2056,DDW-0500B-01ST-Census.xls,01ST
B0301ST,05,066,District - Nainital (11),Rural,5-14,Non-workers_Total_Females,616,DDW-0500B-01ST-Census.xls,01ST
B0301ST,05,066,District - Nainital (11),Rural,15-34,Non-workers_Total_Females,711,DDW-0500B-01ST-Census.xls,01ST
B0301ST,05,066,District - Nainital (11),Rural,35-59,Non-workers_Total_Females,339,DDW-0500B-01ST-Census.xls,01ST
B0301ST,05,066,District - Nainital (11),Rural,60+,Non-workers_Total_Females,121,DDW-0500B-01ST-Census.xls,01ST
B0301ST,05,066,District - Nainital (11),Rural,Age not stated,Non-workers_Total_Females,4,DDW-0500B-01ST-Census.xls,01ST
B0301ST,05,066,District - Nainital (11),Rural,15-59,Non-workers_Total_Females,1050,DDW-0500B-01ST-Census.xls,01ST
B0301ST,05,066,District - Nainital (11),Urban,Total,Non-workers_Total_Females,710,DDW-0500B-01ST-Census.xls,01ST
B0301ST,05,066,District - Nainital (11),Urban,5-14,Non-workers_Total_Females,132,DDW-0500B-01ST-Census.xls,01ST
B0301ST,05,066,District - Nainital (11),Urban,15-34,Non-workers_Total_Females,282,DDW-0500B-01ST-Census.xls,01ST
B0301ST,05,066,District - Nainital (11),Urban,35-59,Non-workers_Total_Females,168,DDW-0500B-01ST-Census.xls,01ST
B0301ST,05,066,District - Nainital (11),Urban,60+,Non-workers_Total_Females,70,DDW-0500B-01ST-Census.xls,01ST
B0301ST,05,066,District - Nainital (11),Urban,Age not stated,Non-workers_Total_Females,0,DDW-0500B-01ST-Census.xls,01ST
B0301ST,05,066,District - Nainital (11),Urban,15-59,Non-workers_Total_Females,450,DDW-0500B-01ST-Census.xls,01ST
B0301ST,05,067,District - Udham Singh Nagar (12),Total,Total,Non-workers_Total_Females,38037,DDW-0500B-01ST-Census.xls,01ST
B0301ST,05,067,District - Udham Singh Nagar (12),Total,5-14,Non-workers_Total_Females,11718,DDW-0500B-01ST-Census.xls,01ST
B0301ST,05,067,District - Udham Singh Nagar (12),Total,15-34,Non-workers_Total_Females,13866,DDW-0500B-01ST-Census.xls,01ST
B0301ST,05,067,District - Udham Singh Nagar (12),Total,35-59,Non-workers_Total_Females,5086,DDW-0500B-01ST-Census.xls,01ST
B0301ST,05,067,District - Udham Singh Nagar (12),Total,60+,Non-workers_Total_Females,3023,DDW-0500B-01ST-Census.xls,01ST
B0301ST,05,067,District - Udham Singh Nagar (12),Total,Age not stated,Non-workers_Total_Females,24,DDW-0500B-01ST-Census.xls,01ST
B0301ST,05,067,District - Udham Singh Nagar (12),Total,15-59,Non-workers_Total_Females,18952,DDW-0500B-01ST-Census.xls,01ST
B0301ST,05,067,District - Udham Singh Nagar (12),Rural,Total,Non-workers_Total_Females,35962,DDW-0500B-01ST-Census.xls,01ST
B0301ST,05,067,District - Udham Singh Nagar (12),Rural,5-14,Non-workers_Total_Females,11208,DDW-0500B-01ST-Census.xls,01ST
B0301ST,05,067,District - Udham Singh Nagar (12),Rural,15-34,Non-workers_Total_Females,12996,DDW-0500B-01ST-Census.xls,01ST
B0301ST,05,067,District - Udham Singh Nagar (12),Rural,35-59,Non-workers_Total_Females,4716,DDW-0500B-01ST-Census.xls,01ST
B0301ST,05,067,District - Udham Singh Nagar (12),Rural,60+,Non-workers_Total_Females,2880,DDW-0500B-01ST-Census.xls,01ST
B0301ST,05,067,District - Udham Singh Nagar (12),Rural,Age not stated,Non-workers_Total_Females,24,DDW-0500B-01ST-Census.xls,01ST
B0301ST,05,067,District - Udham Singh Nagar (12),Rural,15-59,Non-workers_Total_Females,17712,DDW-0500B-01ST-Census.xls,01ST
B0301ST,05,067,District - Udham Singh Nagar (12),Urban,Total,Non-workers_Total_Females,2075,DDW-0500B-01ST-Census.xls,01ST
B0301ST,05,067,District - Udham Singh Nagar (12),Urban,5-14,Non-workers_Total_Females,510,DDW-0500B-01ST-Census.xls,01ST
B0301ST,05,067,District - Udham Singh Nagar (12),Urban,15-34,Non-workers_Total_Females,870,DDW-0500B-01ST-Census.xls,01ST
B0301ST,05,067,District - Udham Singh Nagar (12),Urban,35-59,Non-workers_Total_Females,370,DDW-0500B-01ST-Census.xls,01ST
B0301ST,05,067,District - Udham Singh Nagar (12),Urban,60+,Non-workers_Total_Females,143,DDW-0500B-01ST-Census.xls,01ST
B0301ST,05,067,District - Udham Singh Nagar (12),Urban,Age not stated,Non-workers_Total_Females,0,DDW-0500B-01ST-Census.xls,01ST
B0301ST,05,067,District - Udham Singh Nagar (12),Urban,15-59,Non-workers_Total_Females,1240,DDW-0500B-01ST-Census.xls,01ST
B0301ST,05,068,District - Hardwar (13),Total,Total,Non-workers_Total_Females,2332,DDW-0500B-01ST-Census.xls,01ST
B0301ST,05,068,District - Hardwar (13),Total,5-14,Non-workers_Total_Females,714,DDW-0500B-01ST-Census.xls,01ST
B0301ST,05,068,District - Hardwar (13),Total,15-34,Non-workers_Total_Females,803,DDW-0500B-01ST-Census.xls,01ST
B0301ST,05,068,District - Hardwar (13),Total,35-59,Non-workers_Total_Females,372,DDW-0500B-01ST-Census.xls,01ST
B0301ST,05,068,District - Hardwar (13),Total,60+,Non-workers_Total_Females,148,DDW-0500B-01ST-Census.xls,01ST
B0301ST,05,068,District - Hardwar (13),Total,Age not stated,Non-workers_Total_Females,4,DDW-0500B-01ST-Census.xls,01ST
B0301ST,05,068,District - Hardwar (13),Total,15-59,Non-workers_Total_Females,1175,DDW-0500B-01ST-Census.xls,01ST
B0301ST,05,068,District - Hardwar (13),Rural,Total,Non-workers_Total_Females,1881,DDW-0500B-01ST-Census.xls,01ST
B0301ST,05,068,District - Hardwar (13),Rural,5-14,Non-workers_Total_Females,610,DDW-0500B-01ST-Census.xls,01ST
B0301ST,05,068,District - Hardwar (13),Rural,15-34,Non-workers_Total_Females,611,DDW-0500B-01ST-Census.xls,01ST
B0301ST,05,068,District - Hardwar (13),Rural,35-59,Non-workers_Total_Females,284,DDW-0500B-01ST-Census.xls,01ST
B0301ST,05,068,District - Hardwar (13),Rural,60+,Non-workers_Total_Females,129,DDW-0500B-01ST-Census.xls,01ST
B0301ST,05,068,District - Hardwar (13),Rural,Age not stated,Non-workers_Total_Females,4,DDW-0500B-01ST-Census.xls,01ST
B0301ST,05,068,District - Hardwar (13),Rural,15-59,Non-workers_Total_Females,895,DDW-0500B-01ST-Census.xls,01ST
B0301ST,05,068,District - Hardwar (13),Urban,Total,Non-workers_Total_Females,451,DDW-0500B-01ST-Census.xls,01ST
B0301ST,05,068,District - Hardwar (13),Urban,5-14,Non-workers_Total_Females,104,DDW-0500B-01ST-Census.xls,01ST
B0301ST,05,068,District - Hardwar (13),Urban,15-34,Non-workers_Total_Females,192,DDW-0500B-01ST-Census.xls,01ST
B0301ST,05,068,District - Hardwar (13),Urban,35-59,Non-workers_Total_Females,88,DDW-0500B-01ST-Census.xls,01ST
B0301ST,05,068,District - Hardwar (13),Urban,60+,Non-workers_Total_Females,19,DDW-0500B-01ST-Census.xls,01ST
B0301ST,05,068,District - Hardwar (13),Urban,Age not stated,Non-workers_Total_Females,0,DDW-0500B-01ST-Census.xls,01ST
B0301ST,05,068,District - Hardwar (13),Urban,15-59,Non-workers_Total_Females,280,DDW-0500B-01ST-Census.xls,01ST
B0301ST,05,000,State - UTTARAKHAND (05),Total,Total,Non-workers_Seeking/availabe for work_Persons,12645,DDW-0500B-01ST-Census.xls,01ST
B0301ST,05,000,State - UTTARAKHAND (05),Total,5-14,Non-workers_Seeking/availabe for work_Persons,732,DDW-0500B-01ST-Census.xls,01ST
B0301ST,05,000,State - UTTARAKHAND (05),Total,15-34,Non-workers_Seeking/availabe for work_Persons,10577,DDW-0500B-01ST-Census.xls,01ST
B0301ST,05,000,State - UTTARAKHAND (05),Total,35-59,Non-workers_Seeking/availabe for work_Persons,1093,DDW-0500B-01ST-Census.xls,01ST
B0301ST,05,000,State - UTTARAKHAND (05),Total,60+,Non-workers_Seeking/availabe for work_Persons,229,DDW-0500B-01ST-Census.xls,01ST
B0301ST,05,000,State - UTTARAKHAND (05),Total,Age not stated,Non-workers_Seeking/availabe for work_Persons,14,DDW-0500B-01ST-Census.xls,01ST
B0301ST,05,000,State - UTTARAKHAND (05),Total,15-59,Non-workers_Seeking/availabe for work_Persons,11670,DDW-0500B-01ST-Census.xls,01ST
B0301ST,05,000,State - UTTARAKHAND (05),Rural,Total,Non-workers_Seeking/availabe for work_Persons,10662,DDW-0500B-01ST-Census.xls,01ST
B0301ST,05,000,State - UTTARAKHAND (05),Rural,5-14,Non-workers_Seeking/availabe for work_Persons,682,DDW-0500B-01ST-Census.xls,01ST
B0301ST,05,000,State - UTTARAKHAND (05),Rural,15-34,Non-workers_Seeking/availabe for work_Persons,8893,DDW-0500B-01ST-Census.xls,01ST
B0301ST,05,000,State - UTTARAKHAND (05),Rural,35-59,Non-workers_Seeking/availabe for work_Persons,880,DDW-0500B-01ST-Census.xls,01ST
B0301ST,05,000,State - UTTARAKHAND (05),Rural,60+,Non-workers_Seeking/availabe for work_Persons,201,DDW-0500B-01ST-Census.xls,01ST
B0301ST,05,000,State - UTTARAKHAND (05),Rural,Age not stated,Non-workers_Seeking/availabe for work_Persons,6,DDW-0500B-01ST-Census.xls,01ST
B0301ST,05,000,State - UTTARAKHAND (05),Rural,15-59,Non-workers_Seeking/availabe for work_Persons,9773,DDW-0500B-01ST-Census.xls,01ST
B0301ST,05,000,State - UTTARAKHAND (05),Urban,Total,Non-workers_Seeking/availabe for work_Persons,1983,DDW-0500B-01ST-Census.xls,01ST
B0301ST,05,000,State - UTTARAKHAND (05),Urban,5-14,Non-workers_Seeking/availabe for work_Persons,50,DDW-0500B-01ST-Census.xls,01ST
B0301ST,05,000,State - UTTARAKHAND (05),Urban,15-34,Non-workers_Seeking/availabe for work_Persons,1684,DDW-0500B-01ST-Census.xls,01ST
B0301ST,05,000,State - UTTARAKHAND (05),Urban,35-59,Non-workers_Seeking/availabe for work_Persons,213,DDW-0500B-01ST-Census.xls,01ST
B0301ST,05,000,State - UTTARAKHAND (05),Urban,60+,Non-workers_Seeking/availabe for work_Persons,28,DDW-0500B-01ST-Census.xls,01ST
B0301ST,05,000,State - UTTARAKHAND (05),Urban,Age not stated,Non-workers_Seeking/availabe for work_Persons,8,DDW-0500B-01ST-Census.xls,01ST
B0301ST,05,000,State - UTTARAKHAND (05),Urban,15-59,Non-workers_Seeking/availabe for work_Persons,1897,DDW-0500B-01ST-Census.xls,01ST
B0301ST,05,056,District - Uttarkashi (01),Total,Total,Non-workers_Seeking/availabe for work_Persons,292,DDW-0500B-01ST-Census.xls,01ST
B0301ST,05,056,District - Uttarkashi (01),Total,5-14,Non-workers_Seeking/availabe for work_Persons,16,DDW-0500B-01ST-Census.xls,01ST
B0301ST,05,056,District - Uttarkashi (01),Total,15-34,Non-workers_Seeking/availabe for work_Persons,247,DDW-0500B-01ST-Census.xls,01ST
B0301ST,05,056,District - Uttarkashi (01),Total,35-59,Non-workers_Seeking/availabe for work_Persons,26,DDW-0500B-01ST-Census.xls,01ST
B0301ST,05,056,District - Uttarkashi (01),Total,60+,Non-workers_Seeking/availabe for work_Persons,3,DDW-0500B-01ST-Census.xls,01ST
B0301ST,05,056,District - Uttarkashi (01),Total,Age not stated,Non-workers_Seeking/availabe for work_Persons,0,DDW-0500B-01ST-Census.xls,01ST
B0301ST,05,056,District - Uttarkashi (01),Total,15-59,Non-workers_Seeking/availabe for work_Persons,273,DDW-0500B-01ST-Census.xls,01ST
B0301ST,05,056,District - Uttarkashi (01),Rural,Total,Non-workers_Seeking/availabe for work_Persons,279,DDW-0500B-01ST-Census.xls,01ST
B0301ST,05,056,District - Uttarkashi (01),Rural,5-14,Non-workers_Seeking/availabe for work_Persons,16,DDW-0500B-01ST-Census.xls,01ST
B0301ST,05,056,District - Uttarkashi (01),Rural,15-34,Non-workers_Seeking/availabe for work_Persons,236,DDW-0500B-01ST-Census.xls,01ST
B0301ST,05,056,District - Uttarkashi (01),Rural,35-59,Non-workers_Seeking/availabe for work_Persons,24,DDW-0500B-01ST-Census.xls,01ST
B0301ST,05,056,District - Uttarkashi (01),Rural,60+,Non-workers_Seeking/availabe for work_Persons,3,DDW-0500B-01ST-Census.xls,01ST
B0301ST,05,056,District - Uttarkashi (01),Rural,Age not stated,Non-workers_Seeking/availabe for work_Persons,0,DDW-0500B-01ST-Census.xls,01ST
B0301ST,05,056,District - Uttarkashi (01),Rural,15-59,Non-workers_Seeking/availabe for work_Persons,260,DDW-0500B-01ST-Census.xls,01ST
B0301ST,05,056,District - Uttarkashi (01),Urban,Total,Non-workers_Seeking/availabe for work_Persons,13,DDW-0500B-01ST-Census.xls,01ST
B0301ST,05,056,District - Uttarkashi (01),Urban,5-14,Non-workers_Seeking/availabe for work_Persons,0,DDW-0500B-01ST-Census.xls,01ST
B0301ST,05,056,District - Uttarkashi (01),Urban,15-34,Non-workers_Seeking/availabe for work_Persons,11,DDW-0500B-01ST-Census.xls,01ST
B0301ST,05,056,District - Uttarkashi (01),Urban,35-59,Non-workers_Seeking/availabe for work_Persons,2,DDW-0500B-01ST-Census.xls,01ST
B0301ST,05,056,District - Uttarkashi (01),Urban,60+,Non-workers_Seeking/availabe for work_Persons,0,DDW-0500B-01ST-Census.xls,01ST
B0301ST,05,056,District - Uttarkashi (01),Urban,Age not stated,Non-workers_Seeking/availabe for work_Persons,0,DDW-0500B-01ST-Census.xls,01ST
B0301ST,05,056,District - Uttarkashi (01),Urban,15-59,Non-workers_Seeking/availabe for work_Persons,13,DDW-0500B-01ST-Census.xls,01ST
B0301ST,05,057,District - Chamoli (02),Total,Total,Non-workers_Seeking/availabe for work_Persons,811,DDW-0500B-01ST-Census.xls,01ST
B0301ST,05,057,District - Chamoli (02),Total,5-14,Non-workers_Seeking/availabe for work_Persons,20,DDW-0500B-01ST-Census.xls,01ST
B0301ST,05,057,District - Chamoli (02),Total,15-34,Non-workers_Seeking/availabe for work_Persons,712,DDW-0500B-01ST-Census.xls,01ST
B0301ST,05,057,District - Chamoli (02),Total,35-59,Non-workers_Seeking/availabe for work_Persons,65,DDW-0500B-01ST-Census.xls,01ST
B0301ST,05,057,District - Chamoli (02),Total,60+,Non-workers_Seeking/availabe for work_Persons,11,DDW-0500B-01ST-Census.xls,01ST
B0301ST,05,057,District - Chamoli (02),Total,Age not stated,Non-workers_Seeking/availabe for work_Persons,3,DDW-0500B-01ST-Census.xls,01ST
B0301ST,05,057,District - Chamoli (02),Total,15-59,Non-workers_Seeking/availabe for work_Persons,777,DDW-0500B-01ST-Census.xls,01ST
B0301ST,05,057,District - Chamoli (02),Rural,Total,Non-workers_Seeking/availabe for work_Persons,544,DDW-0500B-01ST-Census.xls,01ST
B0301ST,05,057,District - Chamoli (02),Rural,5-14,Non-workers_Seeking/availabe for work_Persons,15,DDW-0500B-01ST-Census.xls,01ST
B0301ST,05,057,District - Chamoli (02),Rural,15-34,Non-workers_Seeking/availabe for work_Persons,483,DDW-0500B-01ST-Census.xls,01ST
B0301ST,05,057,District - Chamoli (02),Rural,35-59,Non-workers_Seeking/availabe for work_Persons,36,DDW-0500B-01ST-Census.xls,01ST
B0301ST,05,057,District - Chamoli (02),Rural,60+,Non-workers_Seeking/availabe for work_Persons,7,DDW-0500B-01ST-Census.xls,01ST
B0301ST,05,057,District - Chamoli (02),Rural,Age not stated,Non-workers_Seeking/availabe for work_Persons,3,DDW-0500B-01ST-Census.xls,01ST
B0301ST,05,057,District - Chamoli (02),Rural,15-59,Non-workers_Seeking/availabe for work_Persons,519,DDW-0500B-01ST-Census.xls,01ST
B0301ST,05,057,District - Chamoli (02),Urban,Total,Non-workers_Seeking/availabe for work_Persons,267,DDW-0500B-01ST-Census.xls,01ST
B0301ST,05,057,District - Chamoli (02),Urban,5-14,Non-workers_Seeking/availabe for work_Persons,5,DDW-0500B-01ST-Census.xls,01ST
B0301ST,05,057,District - Chamoli (02),Urban,15-34,Non-workers_Seeking/availabe for work_Persons,229,DDW-0500B-01ST-Census.xls,01ST
B0301ST,05,057,District - Chamoli (02),Urban,35-59,Non-workers_Seeking/availabe for work_Persons,29,DDW-0500B-01ST-Census.xls,01ST
B0301ST,05,057,District - Chamoli (02),Urban,60+,Non-workers_Seeking/availabe for work_Persons,4,DDW-0500B-01ST-Census.xls,01ST
B0301ST,05,057,District - Chamoli (02),Urban,Age not stated,Non-workers_Seeking/availabe for work_Persons,0,DDW-0500B-01ST-Census.xls,01ST
B0301ST,05,057,District - Chamoli (02),Urban,15-59,Non-workers_Seeking/availabe for work_Persons,258,DDW-0500B-01ST-Census.xls,01ST
B0301ST,05,058,District - Rudraprayag (03),Total,Total,Non-workers_Seeking/availabe for work_Persons,13,DDW-0500B-01ST-Census.xls,01ST
B0301ST,05,058,District - Rudraprayag (03),Total,5-14,Non-workers_Seeking/availabe for work_Persons,0,DDW-0500B-01ST-Census.xls,01ST
B0301ST,05,058,District - Rudraprayag (03),Total,15-34,Non-workers_Seeking/availabe for work_Persons,13,DDW-0500B-01ST-Census.xls,01ST
B0301ST,05,058,District - Rudraprayag (03),Total,35-59,Non-workers_Seeking/availabe for work_Persons,0,DDW-0500B-01ST-Census.xls,01ST
B0301ST,05,058,District - Rudraprayag (03),Total,60+,Non-workers_Seeking/availabe for work_Persons,0,DDW-0500B-01ST-Census.xls,01ST
B0301ST,05,058,District - Rudraprayag (03),Total,Age not stated,Non-workers_Seeking/availabe for work_Persons,0,DDW-0500B-01ST-Census.xls,01ST
B0301ST,05,058,District - Rudraprayag (03),Total,15-59,Non-workers_Seeking/availabe for work_Persons,13,DDW-0500B-01ST-Census.xls,01ST
B0301ST,05,058,District - Rudraprayag (03),Rural,Total,Non-workers_Seeking/availabe for work_Persons,12,DDW-0500B-01ST-Census.xls,01ST
B0301ST,05,058,District - Rudraprayag (03),Rural,5-14,Non-workers_Seeking/availabe for work_Persons,0,DDW-0500B-01ST-Census.xls,01ST
B0301ST,05,058,District - Rudraprayag (03),Rural,15-34,Non-workers_Seeking/availabe for work_Persons,12,DDW-0500B-01ST-Census.xls,01ST
B0301ST,05,058,District - Rudraprayag (03),Rural,35-59,Non-workers_Seeking/availabe for work_Persons,0,DDW-0500B-01ST-Census.xls,01ST
B0301ST,05,058,District - Rudraprayag (03),Rural,60+,Non-workers_Seeking/availabe for work_Persons,0,DDW-0500B-01ST-Census.xls,01ST
B0301ST,05,058,District - Rudraprayag (03),Rural,Age not stated,Non-workers_Seeking/availabe for work_Persons,0,DDW-0500B-01ST-Census.xls,01ST
B0301ST,05,058,District - Rudraprayag (03),Rural,15-59,Non-workers_Seeking/availabe for work_Persons,12,DDW-0500B-01ST-Census.xls,01ST
B0301ST,05,058,District - Rudraprayag (03),Urban,Total,Non-workers_Seeking/availabe for work_Persons,1,DDW-0500B-01ST-Census.xls,01ST
B0301ST,05,058,District - Rudraprayag (03),Urban,5-14,Non-workers_Seeking/availabe for work_Persons,0,DDW-0500B-01ST-Census.xls,01ST
B0301ST,05,058,District - Rudraprayag (03),Urban,15-34,Non-workers_Seeking/availabe for work_Persons,1,DDW-0500B-01ST-Census.xls,01ST
B0301ST,05,058,District - Rudraprayag (03),Urban,35-59,Non-workers_Seeking/availabe for work_Persons,0,DDW-0500B-01ST-Census.xls,01ST
B0301ST,05,058,District - Rudraprayag (03),Urban,60+,Non-workers_Seeking/availabe for work_Persons,0,DDW-0500B-01ST-Census.xls,01ST
B0301ST,05,058,District - Rudraprayag (03),Urban,Age not stated,Non-workers_Seeking/availabe for work_Persons,0,DDW-0500B-01ST-Census.xls,01ST
B0301ST,05,058,District - Rudraprayag (03),Urban,15-59,Non-workers_Seeking/availabe for work_Persons,1,DDW-0500B-01ST-Census.xls,01ST
B0301ST,05,059,District - Tehri Garhwal (04),Total,Total,Non-workers_Seeking/availabe for work_Persons,41,DDW-0500B-01ST-Census.xls,01ST
B0301ST,05,059,District - Tehri Garhwal (04),Total,5-14,Non-workers_Seeking/availabe for work_Persons,0,DDW-0500B-01ST-Census.xls,01ST
B0301ST,05,059,District - Tehri Garhwal (04),Total,15-34,Non-workers_Seeking/availabe for work_Persons,36,DDW-0500B-01ST-Census.xls,01ST
B0301ST,05,059,District - Tehri Garhwal (04),Total,35-59,Non-workers_Seeking/availabe for work_Persons,5,DDW-0500B-01ST-Census.xls,01ST
B0301ST,05,059,District - Tehri Garhwal (04),Total,60+,Non-workers_Seeking/availabe for work_Persons,0,DDW-0500B-01ST-Census.xls,01ST
B0301ST,05,059,District - Tehri Garhwal (04),Total,Age not stated,Non-workers_Seeking/availabe for work_Persons,0,DDW-0500B-01ST-Census.xls,01ST
B0301ST,05,059,District - Tehri Garhwal (04),Total,15-59,Non-workers_Seeking/availabe for work_Persons,41,DDW-0500B-01ST-Census.xls,01ST
B0301ST,05,059,District - Tehri Garhwal (04),Rural,Total,Non-workers_Seeking/availabe for work_Persons,27,DDW-0500B-01ST-Census.xls,01ST
B0301ST,05,059,District - Tehri Garhwal (04),Rural,5-14,Non-workers_Seeking/availabe for work_Persons,0,DDW-0500B-01ST-Census.xls,01ST
B0301ST,05,059,District - Tehri Garhwal (04),Rural,15-34,Non-workers_Seeking/availabe for work_Persons,23,DDW-0500B-01ST-Census.xls,01ST
B0301ST,05,059,District - Tehri Garhwal (04),Rural,35-59,Non-workers_Seeking/availabe for work_Persons,4,DDW-0500B-01ST-Census.xls,01ST
B0301ST,05,059,District - Tehri Garhwal (04),Rural,60+,Non-workers_Seeking/availabe for work_Persons,0,DDW-0500B-01ST-Census.xls,01ST
B0301ST,05,059,District - Tehri Garhwal (04),Rural,Age not stated,Non-workers_Seeking/availabe for work_Persons,0,DDW-0500B-01ST-Census.xls,01ST
B0301ST,05,059,District - Tehri Garhwal (04),Rural,15-59,Non-workers_Seeking/availabe for work_Persons,27,DDW-0500B-01ST-Census.xls,01ST
B0301ST,05,059,District - Tehri Garhwal (04),Urban,Total,Non-workers_Seeking/availabe for work_Persons,14,DDW-0500B-01ST-Census.xls,01ST
B0301ST,05,059,District - Tehri Garhwal (04),Urban,5-14,Non-workers_Seeking/availabe for work_Persons,0,DDW-0500B-01ST-Census.xls,01ST
B0301ST,05,059,District - Tehri Garhwal (04),Urban,15-34,Non-workers_Seeking/availabe for work_Persons,13,DDW-0500B-01ST-Census.xls,01ST
B0301ST,05,059,District - Tehri Garhwal (04),Urban,35-59,Non-workers_Seeking/availabe for work_Persons,1,DDW-0500B-01ST-Census.xls,01ST
B0301ST,05,059,District - Tehri Garhwal (04),Urban,60+,Non-workers_Seeking/availabe for work_Persons,0,DDW-0500B-01ST-Census.xls,01ST
B0301ST,05,059,District - Tehri Garhwal (04),Urban,Age not stated,Non-workers_Seeking/availabe for work_Persons,0,DDW-0500B-01ST-Census.xls,01ST
B0301ST,05,059,District - Tehri Garhwal (04),Urban,15-59,Non-workers_Seeking/availabe for work_Persons,14,DDW-0500B-01ST-Census.xls,01ST
B0301ST,05,060,District - Dehradun (05),Total,Total,Non-workers_Seeking/availabe for work_Persons,4630,DDW-0500B-01ST-Census.xls,01ST
B0301ST,05,060,District - Dehradun (05),Total,5-14,Non-workers_Seeking/availabe for work_Persons,233,DDW-0500B-01ST-Census.xls,01ST
B0301ST,05,060,District - Dehradun (05),Total,15-34,Non-workers_Seeking/availabe for work_Persons,3958,DDW-0500B-01ST-Census.xls,01ST
B0301ST,05,060,District - Dehradun (05),Total,35-59,Non-workers_Seeking/availabe for work_Persons,352,DDW-0500B-01ST-Census.xls,01ST
B0301ST,05,060,District - Dehradun (05),Total,60+,Non-workers_Seeking/availabe for work_Persons,79,DDW-0500B-01ST-Census.xls,01ST
B0301ST,05,060,District - Dehradun (05),Total,Age not stated,Non-workers_Seeking/availabe for work_Persons,8,DDW-0500B-01ST-Census.xls,01ST
B0301ST,05,060,District - Dehradun (05),Total,15-59,Non-workers_Seeking/availabe for work_Persons,4310,DDW-0500B-01ST-Census.xls,01ST
B0301ST,05,060,District - Dehradun (05),Rural,Total,Non-workers_Seeking/availabe for work_Persons,3855,DDW-0500B-01ST-Census.xls,01ST
B0301ST,05,060,District - Dehradun (05),Rural,5-14,Non-workers_Seeking/availabe for work_Persons,208,DDW-0500B-01ST-Census.xls,01ST
B0301ST,05,060,District - Dehradun (05),Rural,15-34,Non-workers_Seeking/availabe for work_Persons,3290,DDW-0500B-01ST-Census.xls,01ST
B0301ST,05,060,District - Dehradun (05),Rural,35-59,Non-workers_Seeking/availabe for work_Persons,288,DDW-0500B-01ST-Census.xls,01ST
B0301ST,05,060,District - Dehradun (05),Rural,60+,Non-workers_Seeking/availabe for work_Persons,66,DDW-0500B-01ST-Census.xls,01ST
B0301ST,05,060,District - Dehradun (05),Rural,Age not stated,Non-workers_Seeking/availabe for work_Persons,3,DDW-0500B-01ST-Census.xls,01ST
B0301ST,05,060,District - Dehradun (05),Rural,15-59,Non-workers_Seeking/availabe for work_Persons,3578,DDW-0500B-01ST-Census.xls,01ST
B0301ST,05,060,District - Dehradun (05),Urban,Total,Non-workers_Seeking/availabe for work_Persons,775,DDW-0500B-01ST-Census.xls,01ST
B0301ST,05,060,District - Dehradun (05),Urban,5-14,Non-workers_Seeking/availabe for work_Persons,25,DDW-0500B-01ST-Census.xls,01ST
B0301ST,05,060,District - Dehradun (05),Urban,15-34,Non-workers_Seeking/availabe for work_Persons,668,DDW-0500B-01ST-Census.xls,01ST
B0301ST,05,060,District - Dehradun (05),Urban,35-59,Non-workers_Seeking/availabe for work_Persons,64,DDW-0500B-01ST-Census.xls,01ST
B0301ST,05,060,District - Dehradun (05),Urban,60+,Non-workers_Seeking/availabe for work_Persons,13,DDW-0500B-01ST-Census.xls,01ST
B0301ST,05,060,District - Dehradun (05),Urban,Age not stated,Non-workers_Seeking/availabe for work_Persons,5,DDW-0500B-01ST-Census.xls,01ST
B0301ST,05,060,District - Dehradun (05),Urban,15-59,Non-workers_Seeking/availabe for work_Persons,732,DDW-0500B-01ST-Census.xls,01ST
B0301ST,05,061,District - Garhwal (06),Total,Total,Non-workers_Seeking/availabe for work_Persons,97,DDW-0500B-01ST-Census.xls,01ST
B0301ST,05,061,District - Garhwal (06),Total,5-14,Non-workers_Seeking/availabe for work_Persons,6,DDW-0500B-01ST-Census.xls,01ST
B0301ST,05,061,District - Garhwal (06),Total,15-34,Non-workers_Seeking/availabe for work_Persons,74,DDW-0500B-01ST-Census.xls,01ST
B0301ST,05,061,District - Garhwal (06),Total,35-59,Non-workers_Seeking/availabe for work_Persons,12,DDW-0500B-01ST-Census.xls,01ST
B0301ST,05,061,District - Garhwal (06),Total,60+,Non-workers_Seeking/availabe for work_Persons,5,DDW-0500B-01ST-Census.xls,01ST
B0301ST,05,061,District - Garhwal (06),Total,Age not stated,Non-workers_Seeking/availabe for work_Persons,0,DDW-0500B-01ST-Census.xls,01ST
B0301ST,05,061,District - Garhwal (06),Total,15-59,Non-workers_Seeking/availabe for work_Persons,86,DDW-0500B-01ST-Census.xls,01ST
B0301ST,05,061,District - Garhwal (06),Rural,Total,Non-workers_Seeking/availabe for work_Persons,73,DDW-0500B-01ST-Census.xls,01ST
B0301ST,05,061,District - Garhwal (06),Rural,5-14,Non-workers_Seeking/availabe for work_Persons,5,DDW-0500B-01ST-Census.xls,01ST
B0301ST,05,061,District - Garhwal (06),Rural,15-34,Non-workers_Seeking/availabe for work_Persons,52,DDW-0500B-01ST-Census.xls,01ST
B0301ST,05,061,District - Garhwal (06),Rural,35-59,Non-workers_Seeking/availabe for work_Persons,11,DDW-0500B-01ST-Census.xls,01ST
B0301ST,05,061,District - Garhwal (06),Rural,60+,Non-workers_Seeking/availabe for work_Persons,5,DDW-0500B-01ST-Census.xls,01ST
B0301ST,05,061,District - Garhwal (06),Rural,Age not stated,Non-workers_Seeking/availabe for work_Persons,0,DDW-0500B-01ST-Census.xls,01ST
B0301ST,05,061,District - Garhwal (06),Rural,15-59,Non-workers_Seeking/availabe for work_Persons,63,DDW-0500B-01ST-Census.xls,01ST
B0301ST,05,061,District - Garhwal (06),Urban,Total,Non-workers_Seeking/availabe for work_Persons,24,DDW-0500B-01ST-Census.xls,01ST
B0301ST,05,061,District - Garhwal (06),Urban,5-14,Non-workers_Seeking/availabe for work_Persons,1,DDW-0500B-01ST-Census.xls,01ST
B0301ST,05,061,District - Garhwal (06),Urban,15-34,Non-workers_Seeking/availabe for work_Persons,22,DDW-0500B-01ST-Census.xls,01ST
B0301ST,05,061,District - Garhwal (06),Urban,35-59,Non-workers_Seeking/availabe for work_Persons,1,DDW-0500B-01ST-Census.xls,01ST
B0301ST,05,061,District - Garhwal (06),Urban,60+,Non-workers_Seeking/availabe for work_Persons,0,DDW-0500B-01ST-Census.xls,01ST
B0301ST,05,061,District - Garhwal (06),Urban,Age not stated,Non-workers_Seeking/availabe for work_Persons,0,DDW-0500B-01ST-Census.xls,01ST
B0301ST,05,061,District - Garhwal (06),Urban,15-59,Non-workers_Seeking/availabe for work_Persons,23,DDW-0500B-01ST-Census.xls,01ST
B0301ST,05,062,District - Pithoragarh (07),Total,Total,Non-workers_Seeking/availabe for work_Persons,1126,DDW-0500B-01ST-Census.xls,01ST
B0301ST,05,062,District - Pithoragarh (07),Total,5-14,Non-workers_Seeking/availabe for work_Persons,56,DDW-0500B-01ST-Census.xls,01ST
B0301ST,05,062,District - Pithoragarh (07),Total,15-34,Non-workers_Seeking/availabe for work_Persons,917,DDW-0500B-01ST-Census.xls,01ST
B0301ST,05,062,District - Pithoragarh (07),Total,35-59,Non-workers_Seeking/availabe for work_Persons,132,DDW-0500B-01ST-Census.xls,01ST
B0301ST,05,062,District - Pithoragarh (07),Total,60+,Non-workers_Seeking/availabe for work_Persons,18,DDW-0500B-01ST-Census.xls,01ST
B0301ST,05,062,District - Pithoragarh (07),Total,Age not stated,Non-workers_Seeking/availabe for work_Persons,3,DDW-0500B-01ST-Census.xls,01ST
B0301ST,05,062,District - Pithoragarh (07),Total,15-59,Non-workers_Seeking/availabe for work_Persons,1049,DDW-0500B-01ST-Census.xls,01ST
B0301ST,05,062,District - Pithoragarh (07),Rural,Total,Non-workers_Seeking/availabe for work_Persons,786,DDW-0500B-01ST-Census.xls,01ST
B0301ST,05,062,District - Pithoragarh (07),Rural,5-14,Non-workers_Seeking/availabe for work_Persons,50,DDW-0500B-01ST-Census.xls,01ST
B0301ST,05,062,District - Pithoragarh (07),Rural,15-34,Non-workers_Seeking/availabe for work_Persons,640,DDW-0500B-01ST-Census.xls,01ST
B0301ST,05,062,District - Pithoragarh (07),Rural,35-59,Non-workers_Seeking/availabe for work_Persons,82,DDW-0500B-01ST-Census.xls,01ST
B0301ST,05,062,District - Pithoragarh (07),Rural,60+,Non-workers_Seeking/availabe for work_Persons,14,DDW-0500B-01ST-Census.xls,01ST
B0301ST,05,062,District - Pithoragarh (07),Rural,Age not stated,Non-workers_Seeking/availabe for work_Persons,0,DDW-0500B-01ST-Census.xls,01ST
B0301ST,05,062,District - Pithoragarh (07),Rural,15-59,Non-workers_Seeking/availabe for work_Persons,722,DDW-0500B-01ST-Census.xls,01ST
B0301ST,05,062,District - Pithoragarh (07),Urban,Total,Non-workers_Seeking/availabe for work_Persons,340,DDW-0500B-01ST-Census.xls,01ST
B0301ST,05,062,District - Pithoragarh (07),Urban,5-14,Non-workers_Seeking/availabe for work_Persons,6,DDW-0500B-01ST-Census.xls,01ST
B0301ST,05,062,District - Pithoragarh (07),Urban,15-34,Non-workers_Seeking/availabe for work_Persons,277,DDW-0500B-01ST-Census.xls,01ST
B0301ST,05,062,District - Pithoragarh (07),Urban,35-59,Non-workers_Seeking/availabe for work_Persons,50,DDW-0500B-01ST-Census.xls,01ST
B0301ST,05,062,District - Pithoragarh (07),Urban,60+,Non-workers_Seeking/availabe for work_Persons,4,DDW-0500B-01ST-Census.xls,01ST
B0301ST,05,062,District - Pithoragarh (07),Urban,Age not stated,Non-workers_Seeking/availabe for work_Persons,3,DDW-0500B-01ST-Census.xls,01ST
B0301ST,05,062,District - Pithoragarh (07),Urban,15-59,Non-workers_Seeking/availabe for work_Persons,327,DDW-0500B-01ST-Census.xls,01ST
B0301ST,05,063,District - Bageshwar (08),Total,Total,Non-workers_Seeking/availabe for work_Persons,101,DDW-0500B-01ST-Census.xls,01ST
B0301ST,05,063,District - Bageshwar (08),Total,5-14,Non-workers_Seeking/availabe for work_Persons,3,DDW-0500B-01ST-Census.xls,01ST
B0301ST,05,063,District - Bageshwar (08),Total,15-34,Non-workers_Seeking/availabe for work_Persons,91,DDW-0500B-01ST-Census.xls,01ST
B0301ST,05,063,District - Bageshwar (08),Total,35-59,Non-workers_Seeking/availabe for work_Persons,5,DDW-0500B-01ST-Census.xls,01ST
B0301ST,05,063,District - Bageshwar (08),Total,60+,Non-workers_Seeking/availabe for work_Persons,2,DDW-0500B-01ST-Census.xls,01ST
B0301ST,05,063,District - Bageshwar (08),Total,Age not stated,Non-workers_Seeking/availabe for work_Persons,0,DDW-0500B-01ST-Census.xls,01ST
B0301ST,05,063,District - Bageshwar (08),Total,15-59,Non-workers_Seeking/availabe for work_Persons,96,DDW-0500B-01ST-Census.xls,01ST
B0301ST,05,063,District - Bageshwar (08),Rural,Total,Non-workers_Seeking/availabe for work_Persons,98,DDW-0500B-01ST-Census.xls,01ST
B0301ST,05,063,District - Bageshwar (08),Rural,5-14,Non-workers_Seeking/availabe for work_Persons,3,DDW-0500B-01ST-Census.xls,01ST
B0301ST,05,063,District - Bageshwar (08),Rural,15-34,Non-workers_Seeking/availabe for work_Persons,88,DDW-0500B-01ST-Census.xls,01ST
B0301ST,05,063,District - Bageshwar (08),Rural,35-59,Non-workers_Seeking/availabe for work_Persons,5,DDW-0500B-01ST-Census.xls,01ST
B0301ST,05,063,District - Bageshwar (08),Rural,60+,Non-workers_Seeking/availabe for work_Persons,2,DDW-0500B-01ST-Census.xls,01ST
B0301ST,05,063,District - Bageshwar (08),Rural,Age not stated,Non-workers_Seeking/availabe for work_Persons,0,DDW-0500B-01ST-Census.xls,01ST
B0301ST,05,063,District - Bageshwar (08),Rural,15-59,Non-workers_Seeking/availabe for work_Persons,93,DDW-0500B-01ST-Census.xls,01ST
B0301ST,05,063,District - Bageshwar (08),Urban,Total,Non-workers_Seeking/availabe for work_Persons,3,DDW-0500B-01ST-Census.xls,01ST
B0301ST,05,063,District - Bageshwar (08),Urban,5-14,Non-workers_Seeking/availabe for work_Persons,0,DDW-0500B-01ST-Census.xls,01ST
B0301ST,05,063,District - Bageshwar (08),Urban,15-34,Non-workers_Seeking/availabe for work_Persons,3,DDW-0500B-01ST-Census.xls,01ST
B0301ST,05,063,District - Bageshwar (08),Urban,35-59,Non-workers_Seeking/availabe for work_Persons,0,DDW-0500B-01ST-Census.xls,01ST
B0301ST,05,063,District - Bageshwar (08),Urban,60+,Non-workers_Seeking/availabe for work_Persons,0,DDW-0500B-01ST-Census.xls,01ST
B0301ST,05,063,District - Bageshwar (08),Urban,Age not stated,Non-workers_Seeking/availabe for work_Persons,0,DDW-0500B-01ST-Census.xls,01ST
B0301ST,05,063,District - Bageshwar (08),Urban,15-59,Non-workers_Seeking/availabe for work_Persons,3,DDW-0500B-01ST-Census.xls,01ST
B0301ST,05,064,"District - Almora
 (09)",Total,Total,Non-workers_Seeking/availabe for work_Persons,102,DDW-0500B-01ST-Census.xls,01ST
B0301ST,05,064,"District - Almora
 (09)",Total,5-14,Non-workers_Seeking/availabe for work_Persons,4,DDW-0500B-01ST-Census.xls,01ST
B0301ST,05,064,"District - Almora
 (09)",Total,15-34,Non-workers_Seeking/availabe for work_Persons,89,DDW-0500B-01ST-Census.xls,01ST
B0301ST,05,064,"District - Almora
 (09)",Total,35-59,Non-workers_Seeking/availabe for work_Persons,8,DDW-0500B-01ST-Census.xls,01ST
B0301ST,05,064,"District - Almora
 (09)",Total,60+,Non-workers_Seeking/availabe for work_Persons,1,DDW-0500B-01ST-Census.xls,01ST
B0301ST,05,064,"District - Almora
 (09)",Total,Age not stated,Non-workers_Seeking/availabe for work_Persons,0,DDW-0500B-01ST-Census.xls,01ST
B0301ST,05,064,"District - Almora
 (09)",Total,15-59,Non-workers_Seeking/availabe for work_Persons,97,DDW-0500B-01ST-Census.xls,01ST
B0301ST,05,064,"District - Almora
 (09)",Rural,Total,Non-workers_Seeking/availabe for work_Persons,54,DDW-0500B-01ST-Census.xls,01ST
B0301ST,05,064,"District - Almora
 (09)",Rural,5-14,Non-workers_Seeking/availabe for work_Persons,4,DDW-0500B-01ST-Census.xls,01ST
B0301ST,05,064,"District - Almora
 (09)",Rural,15-34,Non-workers_Seeking/availabe for work_Persons,46,DDW-0500B-01ST-Census.xls,01ST
B0301ST,05,064,"District - Almora
 (09)",Rural,35-59,Non-workers_Seeking/availabe for work_Persons,4,DDW-0500B-01ST-Census.xls,01ST
B0301ST,05,064,"District - Almora
 (09)",Rural,60+,Non-workers_Seeking/availabe for work_Persons,0,DDW-0500B-01ST-Census.xls,01ST
B0301ST,05,064,"District - Almora
 (09)",Rural,Age not stated,Non-workers_Seeking/availabe for work_Persons,0,DDW-0500B-01ST-Census.xls,01ST
B0301ST,05,064,"District - Almora
 (09)",Rural,15-59,Non-workers_Seeking/availabe for work_Persons,50,DDW-0500B-01ST-Census.xls,01ST
B0301ST,05,064,"District - Almora
 (09)",Urban,Total,Non-workers_Seeking/availabe for work_Persons,48,DDW-0500B-01ST-Census.xls,01ST
B0301ST,05,064,"District - Almora
 (09)",Urban,5-14,Non-workers_Seeking/availabe for work_Persons,0,DDW-0500B-01ST-Census.xls,01ST
B0301ST,05,064,"District - Almora
 (09)",Urban,15-34,Non-workers_Seeking/availabe for work_Persons,43,DDW-0500B-01ST-Census.xls,01ST
B0301ST,05,064,"District - Almora
 (09)",Urban,35-59,Non-workers_Seeking/availabe for work_Persons,4,DDW-0500B-01ST-Census.xls,01ST
B0301ST,05,064,"District - Almora
 (09)",Urban,60+,Non-workers_Seeking/availabe for work_Persons,1,DDW-0500B-01ST-Census.xls,01ST
B0301ST,05,064,"District - Almora
 (09)",Urban,Age not stated,Non-workers_Seeking/availabe for work_Persons,0,DDW-0500B-01ST-Census.xls,01ST
B0301ST,05,064,"District - Almora
 (09)",Urban,15-59,Non-workers_Seeking/availabe for work_Persons,47,DDW-0500B-01ST-Census.xls,01ST
B0301ST,05,065,District - Champawat (10),Total,Total,Non-workers_Seeking/availabe for work_Persons,52,DDW-0500B-01ST-Census.xls,01ST
B0301ST,05,065,District - Champawat (10),Total,5-14,Non-workers_Seeking/availabe for work_Persons,3,DDW-0500B-01ST-Census.xls,01ST
B0301ST,05,065,District - Champawat (10),Total,15-34,Non-workers_Seeking/availabe for work_Persons,42,DDW-0500B-01ST-Census.xls,01ST
B0301ST,05,065,District - Champawat (10),Total,35-59,Non-workers_Seeking/availabe for work_Persons,7,DDW-0500B-01ST-Census.xls,01ST
B0301ST,05,065,District - Champawat (10),Total,60+,Non-workers_Seeking/availabe for work_Persons,0,DDW-0500B-01ST-Census.xls,01ST
B0301ST,05,065,District - Champawat (10),Total,Age not stated,Non-workers_Seeking/availabe for work_Persons,0,DDW-0500B-01ST-Census.xls,01ST
B0301ST,05,065,District - Champawat (10),Total,15-59,Non-workers_Seeking/availabe for work_Persons,49,DDW-0500B-01ST-Census.xls,01ST
B0301ST,05,065,District - Champawat (10),Rural,Total,Non-workers_Seeking/availabe for work_Persons,44,DDW-0500B-01ST-Census.xls,01ST
B0301ST,05,065,District - Champawat (10),Rural,5-14,Non-workers_Seeking/availabe for work_Persons,2,DDW-0500B-01ST-Census.xls,01ST
B0301ST,05,065,District - Champawat (10),Rural,15-34,Non-workers_Seeking/availabe for work_Persons,36,DDW-0500B-01ST-Census.xls,01ST
B0301ST,05,065,District - Champawat (10),Rural,35-59,Non-workers_Seeking/availabe for work_Persons,6,DDW-0500B-01ST-Census.xls,01ST
B0301ST,05,065,District - Champawat (10),Rural,60+,Non-workers_Seeking/availabe for work_Persons,0,DDW-0500B-01ST-Census.xls,01ST
B0301ST,05,065,District - Champawat (10),Rural,Age not stated,Non-workers_Seeking/availabe for work_Persons,0,DDW-0500B-01ST-Census.xls,01ST
B0301ST,05,065,District - Champawat (10),Rural,15-59,Non-workers_Seeking/availabe for work_Persons,42,DDW-0500B-01ST-Census.xls,01ST
B0301ST,05,065,District - Champawat (10),Urban,Total,Non-workers_Seeking/availabe for work_Persons,8,DDW-0500B-01ST-Census.xls,01ST
B0301ST,05,065,District - Champawat (10),Urban,5-14,Non-workers_Seeking/availabe for work_Persons,1,DDW-0500B-01ST-Census.xls,01ST
B0301ST,05,065,District - Champawat (10),Urban,15-34,Non-workers_Seeking/availabe for work_Persons,6,DDW-0500B-01ST-Census.xls,01ST
B0301ST,05,065,District - Champawat (10),Urban,35-59,Non-workers_Seeking/availabe for work_Persons,1,DDW-0500B-01ST-Census.xls,01ST
B0301ST,05,065,District - Champawat (10),Urban,60+,Non-workers_Seeking/availabe for work_Persons,0,DDW-0500B-01ST-Census.xls,01ST
B0301ST,05,065,District - Champawat (10),Urban,Age not stated,Non-workers_Seeking/availabe for work_Persons,0,DDW-0500B-01ST-Census.xls,01ST
B0301ST,05,065,District - Champawat (10),Urban,15-59,Non-workers_Seeking/availabe for work_Persons,7,DDW-0500B-01ST-Census.xls,01ST
B0301ST,05,066,District - Nainital (11),Total,Total,Non-workers_Seeking/availabe for work_Persons,376,DDW-0500B-01ST-Census.xls,01ST
B0301ST,05,066,District - Nainital (11),Total,5-14,Non-workers_Seeking/availabe for work_Persons,9,DDW-0500B-01ST-Census.xls,01ST
B0301ST,05,066,District - Nainital (11),Total,15-34,Non-workers_Seeking/availabe for work_Persons,317,DDW-0500B-01ST-Census.xls,01ST
B0301ST,05,066,District - Nainital (11),Total,35-59,Non-workers_Seeking/availabe for work_Persons,46,DDW-0500B-01ST-Census.xls,01ST
B0301ST,05,066,District - Nainital (11),Total,60+,Non-workers_Seeking/availabe for work_Persons,4,DDW-0500B-01ST-Census.xls,01ST
B0301ST,05,066,District - Nainital (11),Total,Age not stated,Non-workers_Seeking/availabe for work_Persons,0,DDW-0500B-01ST-Census.xls,01ST
B0301ST,05,066,District - Nainital (11),Total,15-59,Non-workers_Seeking/availabe for work_Persons,363,DDW-0500B-01ST-Census.xls,01ST
B0301ST,05,066,District - Nainital (11),Rural,Total,Non-workers_Seeking/availabe for work_Persons,258,DDW-0500B-01ST-Census.xls,01ST
B0301ST,05,066,District - Nainital (11),Rural,5-14,Non-workers_Seeking/availabe for work_Persons,8,DDW-0500B-01ST-Census.xls,01ST
B0301ST,05,066,District - Nainital (11),Rural,15-34,Non-workers_Seeking/availabe for work_Persons,212,DDW-0500B-01ST-Census.xls,01ST
B0301ST,05,066,District - Nainital (11),Rural,35-59,Non-workers_Seeking/availabe for work_Persons,34,DDW-0500B-01ST-Census.xls,01ST
B0301ST,05,066,District - Nainital (11),Rural,60+,Non-workers_Seeking/availabe for work_Persons,4,DDW-0500B-01ST-Census.xls,01ST
B0301ST,05,066,District - Nainital (11),Rural,Age not stated,Non-workers_Seeking/availabe for work_Persons,0,DDW-0500B-01ST-Census.xls,01ST
B0301ST,05,066,District - Nainital (11),Rural,15-59,Non-workers_Seeking/availabe for work_Persons,246,DDW-0500B-01ST-Census.xls,01ST
B0301ST,05,066,District - Nainital (11),Urban,Total,Non-workers_Seeking/availabe for work_Persons,118,DDW-0500B-01ST-Census.xls,01ST
B0301ST,05,066,District - Nainital (11),Urban,5-14,Non-workers_Seeking/availabe for work_Persons,1,DDW-0500B-01ST-Census.xls,01ST
B0301ST,05,066,District - Nainital (11),Urban,15-34,Non-workers_Seeking/availabe for work_Persons,105,DDW-0500B-01ST-Census.xls,01ST
B0301ST,05,066,District - Nainital (11),Urban,35-59,Non-workers_Seeking/availabe for work_Persons,12,DDW-0500B-01ST-Census.xls,01ST
B0301ST,05,066,District - Nainital (11),Urban,60+,Non-workers_Seeking/availabe for work_Persons,0,DDW-0500B-01ST-Census.xls,01ST
B0301ST,05,066,District - Nainital (11),Urban,Age not stated,Non-workers_Seeking/availabe for work_Persons,0,DDW-0500B-01ST-Census.xls,01ST
B0301ST,05,066,District - Nainital (11),Urban,15-59,Non-workers_Seeking/availabe for work_Persons,117,DDW-0500B-01ST-Census.xls,01ST
B0301ST,05,067,District - Udham Singh Nagar (12),Total,Total,Non-workers_Seeking/availabe for work_Persons,4873,DDW-0500B-01ST-Census.xls,01ST
B0301ST,05,067,District - Udham Singh Nagar (12),Total,5-14,Non-workers_Seeking/availabe for work_Persons,371,DDW-0500B-01ST-Census.xls,01ST
B0301ST,05,067,District - Udham Singh Nagar (12),Total,15-34,Non-workers_Seeking/availabe for work_Persons,3974,DDW-0500B-01ST-Census.xls,01ST
B0301ST,05,067,District - Udham Singh Nagar (12),Total,35-59,Non-workers_Seeking/availabe for work_Persons,423,DDW-0500B-01ST-Census.xls,01ST
B0301ST,05,067,District - Udham Singh Nagar (12),Total,60+,Non-workers_Seeking/availabe for work_Persons,105,DDW-0500B-01ST-Census.xls,01ST
B0301ST,05,067,District - Udham Singh Nagar (12),Total,Age not stated,Non-workers_Seeking/availabe for work_Persons,0,DDW-0500B-01ST-Census.xls,01ST
B0301ST,05,067,District - Udham Singh Nagar (12),Total,15-59,Non-workers_Seeking/availabe for work_Persons,4397,DDW-0500B-01ST-Census.xls,01ST
B0301ST,05,067,District - Udham Singh Nagar (12),Rural,Total,Non-workers_Seeking/availabe for work_Persons,4536,DDW-0500B-01ST-Census.xls,01ST
B0301ST,05,067,District - Udham Singh Nagar (12),Rural,5-14,Non-workers_Seeking/availabe for work_Persons,360,DDW-0500B-01ST-Census.xls,01ST
B0301ST,05,067,District - Udham Singh Nagar (12),Rural,15-34,Non-workers_Seeking/availabe for work_Persons,3699,DDW-0500B-01ST-Census.xls,01ST
B0301ST,05,067,District - Udham Singh Nagar (12),Rural,35-59,Non-workers_Seeking/availabe for work_Persons,378,DDW-0500B-01ST-Census.xls,01ST
B0301ST,05,067,District - Udham Singh Nagar (12),Rural,60+,Non-workers_Seeking/availabe for work_Persons,99,DDW-0500B-01ST-Census.xls,01ST
B0301ST,05,067,District - Udham Singh Nagar (12),Rural,Age not stated,Non-workers_Seeking/availabe for work_Persons,0,DDW-0500B-01ST-Census.xls,01ST
B0301ST,05,067,District - Udham Singh Nagar (12),Rural,15-59,Non-workers_Seeking/availabe for work_Persons,4077,DDW-0500B-01ST-Census.xls,01ST
B0301ST,05,067,District - Udham Singh Nagar (12),Urban,Total,Non-workers_Seeking/availabe for work_Persons,337,DDW-0500B-01ST-Census.xls,01ST
B0301ST,05,067,District - Udham Singh Nagar (12),Urban,5-14,Non-workers_Seeking/availabe for work_Persons,11,DDW-0500B-01ST-Census.xls,01ST
B0301ST,05,067,District - Udham Singh Nagar (12),Urban,15-34,Non-workers_Seeking/availabe for work_Persons,275,DDW-0500B-01ST-Census.xls,01ST
B0301ST,05,067,District - Udham Singh Nagar (12),Urban,35-59,Non-workers_Seeking/availabe for work_Persons,45,DDW-0500B-01ST-Census.xls,01ST
B0301ST,05,067,District - Udham Singh Nagar (12),Urban,60+,Non-workers_Seeking/availabe for work_Persons,6,DDW-0500B-01ST-Census.xls,01ST
B0301ST,05,067,District - Udham Singh Nagar (12),Urban,Age not stated,Non-workers_Seeking/availabe for work_Persons,0,DDW-0500B-01ST-Census.xls,01ST
B0301ST,05,067,District - Udham Singh Nagar (12),Urban,15-59,Non-workers_Seeking/availabe for work_Persons,320,DDW-0500B-01ST-Census.xls,01ST
B0301ST,05,068,District - Hardwar (13),Total,Total,Non-workers_Seeking/availabe for work_Persons,131,DDW-0500B-01ST-Census.xls,01ST
B0301ST,05,068,District - Hardwar (13),Total,5-14,Non-workers_Seeking/availabe for work_Persons,11,DDW-0500B-01ST-Census.xls,01ST
B0301ST,05,068,District - Hardwar (13),Total,15-34,Non-workers_Seeking/availabe for work_Persons,107,DDW-0500B-01ST-Census.xls,01ST
B0301ST,05,068,District - Hardwar (13),Total,35-59,Non-workers_Seeking/availabe for work_Persons,12,DDW-0500B-01ST-Census.xls,01ST
B0301ST,05,068,District - Hardwar (13),Total,60+,Non-workers_Seeking/availabe for work_Persons,1,DDW-0500B-01ST-Census.xls,01ST
B0301ST,05,068,District - Hardwar (13),Total,Age not stated,Non-workers_Seeking/availabe for work_Persons,0,DDW-0500B-01ST-Census.xls,01ST
B0301ST,05,068,District - Hardwar (13),Total,15-59,Non-workers_Seeking/availabe for work_Persons,119,DDW-0500B-01ST-Census.xls,01ST
B0301ST,05,068,District - Hardwar (13),Rural,Total,Non-workers_Seeking/availabe for work_Persons,96,DDW-0500B-01ST-Census.xls,01ST
B0301ST,05,068,District - Hardwar (13),Rural,5-14,Non-workers_Seeking/availabe for work_Persons,11,DDW-0500B-01ST-Census.xls,01ST
B0301ST,05,068,District - Hardwar (13),Rural,15-34,Non-workers_Seeking/availabe for work_Persons,76,DDW-0500B-01ST-Census.xls,01ST
B0301ST,05,068,District - Hardwar (13),Rural,35-59,Non-workers_Seeking/availabe for work_Persons,8,DDW-0500B-01ST-Census.xls,01ST
B0301ST,05,068,District - Hardwar (13),Rural,60+,Non-workers_Seeking/availabe for work_Persons,1,DDW-0500B-01ST-Census.xls,01ST
B0301ST,05,068,District - Hardwar (13),Rural,Age not stated,Non-workers_Seeking/availabe for work_Persons,0,DDW-0500B-01ST-Census.xls,01ST
B0301ST,05,068,District - Hardwar (13),Rural,15-59,Non-workers_Seeking/availabe for work_Persons,84,DDW-0500B-01ST-Census.xls,01ST
B0301ST,05,068,District - Hardwar (13),Urban,Total,Non-workers_Seeking/availabe for work_Persons,35,DDW-0500B-01ST-Census.xls,01ST
B0301ST,05,068,District - Hardwar (13),Urban,5-14,Non-workers_Seeking/availabe for work_Persons,0,DDW-0500B-01ST-Census.xls,01ST
B0301ST,05,068,District - Hardwar (13),Urban,15-34,Non-workers_Seeking/availabe for work_Persons,31,DDW-0500B-01ST-Census.xls,01ST
B0301ST,05,068,District - Hardwar (13),Urban,35-59,Non-workers_Seeking/availabe for work_Persons,4,DDW-0500B-01ST-Census.xls,01ST
B0301ST,05,068,District - Hardwar (13),Urban,60+,Non-workers_Seeking/availabe for work_Persons,0,DDW-0500B-01ST-Census.xls,01ST
B0301ST,05,068,District - Hardwar (13),Urban,Age not stated,Non-workers_Seeking/availabe for work_Persons,0,DDW-0500B-01ST-Census.xls,01ST
B0301ST,05,068,District - Hardwar (13),Urban,15-59,Non-workers_Seeking/availabe for work_Persons,35,DDW-0500B-01ST-Census.xls,01ST
B0301ST,05,000,State - UTTARAKHAND (05),Total,Total,Non-workers_Seeking/availabe for work_Males,6181,DDW-0500B-01ST-Census.xls,01ST
B0301ST,05,000,State - UTTARAKHAND (05),Total,5-14,Non-workers_Seeking/availabe for work_Males,403,DDW-0500B-01ST-Census.xls,01ST
B0301ST,05,000,State - UTTARAKHAND (05),Total,15-34,Non-workers_Seeking/availabe for work_Males,5391,DDW-0500B-01ST-Census.xls,01ST
B0301ST,05,000,State - UTTARAKHAND (05),Total,35-59,Non-workers_Seeking/availabe for work_Males,279,DDW-0500B-01ST-Census.xls,01ST
B0301ST,05,000,State - UTTARAKHAND (05),Total,60+,Non-workers_Seeking/availabe for work_Males,101,DDW-0500B-01ST-Census.xls,01ST
B0301ST,05,000,State - UTTARAKHAND (05),Total,Age not stated,Non-workers_Seeking/availabe for work_Males,7,DDW-0500B-01ST-Census.xls,01ST
B0301ST,05,000,State - UTTARAKHAND (05),Total,15-59,Non-workers_Seeking/availabe for work_Males,5670,DDW-0500B-01ST-Census.xls,01ST
B0301ST,05,000,State - UTTARAKHAND (05),Rural,Total,Non-workers_Seeking/availabe for work_Males,5293,DDW-0500B-01ST-Census.xls,01ST
B0301ST,05,000,State - UTTARAKHAND (05),Rural,5-14,Non-workers_Seeking/availabe for work_Males,371,DDW-0500B-01ST-Census.xls,01ST
B0301ST,05,000,State - UTTARAKHAND (05),Rural,15-34,Non-workers_Seeking/availabe for work_Males,4614,DDW-0500B-01ST-Census.xls,01ST
B0301ST,05,000,State - UTTARAKHAND (05),Rural,35-59,Non-workers_Seeking/availabe for work_Males,220,DDW-0500B-01ST-Census.xls,01ST
B0301ST,05,000,State - UTTARAKHAND (05),Rural,60+,Non-workers_Seeking/availabe for work_Males,85,DDW-0500B-01ST-Census.xls,01ST
B0301ST,05,000,State - UTTARAKHAND (05),Rural,Age not stated,Non-workers_Seeking/availabe for work_Males,3,DDW-0500B-01ST-Census.xls,01ST
B0301ST,05,000,State - UTTARAKHAND (05),Rural,15-59,Non-workers_Seeking/availabe for work_Males,4834,DDW-0500B-01ST-Census.xls,01ST
B0301ST,05,000,State - UTTARAKHAND (05),Urban,Total,Non-workers_Seeking/availabe for work_Males,888,DDW-0500B-01ST-Census.xls,01ST
B0301ST,05,000,State - UTTARAKHAND (05),Urban,5-14,Non-workers_Seeking/availabe for work_Males,32,DDW-0500B-01ST-Census.xls,01ST
B0301ST,05,000,State - UTTARAKHAND (05),Urban,15-34,Non-workers_Seeking/availabe for work_Males,777,DDW-0500B-01ST-Census.xls,01ST
B0301ST,05,000,State - UTTARAKHAND (05),Urban,35-59,Non-workers_Seeking/availabe for work_Males,59,DDW-0500B-01ST-Census.xls,01ST
B0301ST,05,000,State - UTTARAKHAND (05),Urban,60+,Non-workers_Seeking/availabe for work_Males,16,DDW-0500B-01ST-Census.xls,01ST
B0301ST,05,000,State - UTTARAKHAND (05),Urban,Age not stated,Non-workers_Seeking/availabe for work_Males,4,DDW-0500B-01ST-Census.xls,01ST
B0301ST,05,000,State - UTTARAKHAND (05),Urban,15-59,Non-workers_Seeking/availabe for work_Males,836,DDW-0500B-01ST-Census.xls,01ST
B0301ST,05,056,District - Uttarkashi (01),Total,Total,Non-workers_Seeking/availabe for work_Males,157,DDW-0500B-01ST-Census.xls,01ST
B0301ST,05,056,District - Uttarkashi (01),Total,5-14,Non-workers_Seeking/availabe for work_Males,9,DDW-0500B-01ST-Census.xls,01ST
B0301ST,05,056,District - Uttarkashi (01),Total,15-34,Non-workers_Seeking/availabe for work_Males,130,DDW-0500B-01ST-Census.xls,01ST
B0301ST,05,056,District - Uttarkashi (01),Total,35-59,Non-workers_Seeking/availabe for work_Males,17,DDW-0500B-01ST-Census.xls,01ST
B0301ST,05,056,District - Uttarkashi (01),Total,60+,Non-workers_Seeking/availabe for work_Males,1,DDW-0500B-01ST-Census.xls,01ST
B0301ST,05,056,District - Uttarkashi (01),Total,Age not stated,Non-workers_Seeking/availabe for work_Males,0,DDW-0500B-01ST-Census.xls,01ST
B0301ST,05,056,District - Uttarkashi (01),Total,15-59,Non-workers_Seeking/availabe for work_Males,147,DDW-0500B-01ST-Census.xls,01ST
B0301ST,05,056,District - Uttarkashi (01),Rural,Total,Non-workers_Seeking/availabe for work_Males,154,DDW-0500B-01ST-Census.xls,01ST
B0301ST,05,056,District - Uttarkashi (01),Rural,5-14,Non-workers_Seeking/availabe for work_Males,9,DDW-0500B-01ST-Census.xls,01ST
B0301ST,05,056,District - Uttarkashi (01),Rural,15-34,Non-workers_Seeking/availabe for work_Males,128,DDW-0500B-01ST-Census.xls,01ST
B0301ST,05,056,District - Uttarkashi (01),Rural,35-59,Non-workers_Seeking/availabe for work_Males,16,DDW-0500B-01ST-Census.xls,01ST
B0301ST,05,056,District - Uttarkashi (01),Rural,60+,Non-workers_Seeking/availabe for work_Males,1,DDW-0500B-01ST-Census.xls,01ST
B0301ST,05,056,District - Uttarkashi (01),Rural,Age not stated,Non-workers_Seeking/availabe for work_Males,0,DDW-0500B-01ST-Census.xls,01ST
B0301ST,05,056,District - Uttarkashi (01),Rural,15-59,Non-workers_Seeking/availabe for work_Males,144,DDW-0500B-01ST-Census.xls,01ST
B0301ST,05,056,District - Uttarkashi (01),Urban,Total,Non-workers_Seeking/availabe for work_Males,3,DDW-0500B-01ST-Census.xls,01ST
B0301ST,05,056,District - Uttarkashi (01),Urban,5-14,Non-workers_Seeking/availabe for work_Males,0,DDW-0500B-01ST-Census.xls,01ST
B0301ST,05,056,District - Uttarkashi (01),Urban,15-34,Non-workers_Seeking/availabe for work_Males,2,DDW-0500B-01ST-Census.xls,01ST
B0301ST,05,056,District - Uttarkashi (01),Urban,35-59,Non-workers_Seeking/availabe for work_Males,1,DDW-0500B-01ST-Census.xls,01ST
B0301ST,05,056,District - Uttarkashi (01),Urban,60+,Non-workers_Seeking/availabe for work_Males,0,DDW-0500B-01ST-Census.xls,01ST
B0301ST,05,056,District - Uttarkashi (01),Urban,Age not stated,Non-workers_Seeking/availabe for work_Males,0,DDW-0500B-01ST-Census.xls,01ST
B0301ST,05,056,District - Uttarkashi (01),Urban,15-59,Non-workers_Seeking/availabe for work_Males,3,DDW-0500B-01ST-Census.xls,01ST
B0301ST,05,057,District - Chamoli (02),Total,Total,Non-workers_Seeking/availabe for work_Males,442,DDW-0500B-01ST-Census.xls,01ST
B0301ST,05,057,District - Chamoli (02),Total,5-14,Non-workers_Seeking/availabe for work_Males,11,DDW-0500B-01ST-Census.xls,01ST
B0301ST,05,057,District - Chamoli (02),Total,15-34,Non-workers_Seeking/availabe for work_Males,399,DDW-0500B-01ST-Census.xls,01ST
B0301ST,05,057,District - Chamoli (02),Total,35-59,Non-workers_Seeking/availabe for work_Males,25,DDW-0500B-01ST-Census.xls,01ST
B0301ST,05,057,District - Chamoli (02),Total,60+,Non-workers_Seeking/availabe for work_Males,4,DDW-0500B-01ST-Census.xls,01ST
B0301ST,05,057,District - Chamoli (02),Total,Age not stated,Non-workers_Seeking/availabe for work_Males,3,DDW-0500B-01ST-Census.xls,01ST
B0301ST,05,057,District - Chamoli (02),Total,15-59,Non-workers_Seeking/availabe for work_Males,424,DDW-0500B-01ST-Census.xls,01ST
B0301ST,05,057,District - Chamoli (02),Rural,Total,Non-workers_Seeking/availabe for work_Males,328,DDW-0500B-01ST-Census.xls,01ST
B0301ST,05,057,District - Chamoli (02),Rural,5-14,Non-workers_Seeking/availabe for work_Males,8,DDW-0500B-01ST-Census.xls,01ST
B0301ST,05,057,District - Chamoli (02),Rural,15-34,Non-workers_Seeking/availabe for work_Males,302,DDW-0500B-01ST-Census.xls,01ST
B0301ST,05,057,District - Chamoli (02),Rural,35-59,Non-workers_Seeking/availabe for work_Males,15,DDW-0500B-01ST-Census.xls,01ST
B0301ST,05,057,District - Chamoli (02),Rural,60+,Non-workers_Seeking/availabe for work_Males,0,DDW-0500B-01ST-Census.xls,01ST
B0301ST,05,057,District - Chamoli (02),Rural,Age not stated,Non-workers_Seeking/availabe for work_Males,3,DDW-0500B-01ST-Census.xls,01ST
B0301ST,05,057,District - Chamoli (02),Rural,15-59,Non-workers_Seeking/availabe for work_Males,317,DDW-0500B-01ST-Census.xls,01ST
B0301ST,05,057,District - Chamoli (02),Urban,Total,Non-workers_Seeking/availabe for work_Males,114,DDW-0500B-01ST-Census.xls,01ST
B0301ST,05,057,District - Chamoli (02),Urban,5-14,Non-workers_Seeking/availabe for work_Males,3,DDW-0500B-01ST-Census.xls,01ST
B0301ST,05,057,District - Chamoli (02),Urban,15-34,Non-workers_Seeking/availabe for work_Males,97,DDW-0500B-01ST-Census.xls,01ST
B0301ST,05,057,District - Chamoli (02),Urban,35-59,Non-workers_Seeking/availabe for work_Males,10,DDW-0500B-01ST-Census.xls,01ST
B0301ST,05,057,District - Chamoli (02),Urban,60+,Non-workers_Seeking/availabe for work_Males,4,DDW-0500B-01ST-Census.xls,01ST
B0301ST,05,057,District - Chamoli (02),Urban,Age not stated,Non-workers_Seeking/availabe for work_Males,0,DDW-0500B-01ST-Census.xls,01ST
B0301ST,05,057,District - Chamoli (02),Urban,15-59,Non-workers_Seeking/availabe for work_Males,107,DDW-0500B-01ST-Census.xls,01ST
B0301ST,05,058,District - Rudraprayag (03),Total,Total,Non-workers_Seeking/availabe for work_Males,6,DDW-0500B-01ST-Census.xls,01ST
B0301ST,05,058,District - Rudraprayag (03),Total,5-14,Non-workers_Seeking/availabe for work_Males,0,DDW-0500B-01ST-Census.xls,01ST
B0301ST,05,058,District - Rudraprayag (03),Total,15-34,Non-workers_Seeking/availabe for work_Males,6,DDW-0500B-01ST-Census.xls,01ST
B0301ST,05,058,District - Rudraprayag (03),Total,35-59,Non-workers_Seeking/availabe for work_Males,0,DDW-0500B-01ST-Census.xls,01ST
B0301ST,05,058,District - Rudraprayag (03),Total,60+,Non-workers_Seeking/availabe for work_Males,0,DDW-0500B-01ST-Census.xls,01ST
B0301ST,05,058,District - Rudraprayag (03),Total,Age not stated,Non-workers_Seeking/availabe for work_Males,0,DDW-0500B-01ST-Census.xls,01ST
B0301ST,05,058,District - Rudraprayag (03),Total,15-59,Non-workers_Seeking/availabe for work_Males,6,DDW-0500B-01ST-Census.xls,01ST
B0301ST,05,058,District - Rudraprayag (03),Rural,Total,Non-workers_Seeking/availabe for work_Males,5,DDW-0500B-01ST-Census.xls,01ST
B0301ST,05,058,District - Rudraprayag (03),Rural,5-14,Non-workers_Seeking/availabe for work_Males,0,DDW-0500B-01ST-Census.xls,01ST
B0301ST,05,058,District - Rudraprayag (03),Rural,15-34,Non-workers_Seeking/availabe for work_Males,5,DDW-0500B-01ST-Census.xls,01ST
B0301ST,05,058,District - Rudraprayag (03),Rural,35-59,Non-workers_Seeking/availabe for work_Males,0,DDW-0500B-01ST-Census.xls,01ST
B0301ST,05,058,District - Rudraprayag (03),Rural,60+,Non-workers_Seeking/availabe for work_Males,0,DDW-0500B-01ST-Census.xls,01ST
B0301ST,05,058,District - Rudraprayag (03),Rural,Age not stated,Non-workers_Seeking/availabe for work_Males,0,DDW-0500B-01ST-Census.xls,01ST
B0301ST,05,058,District - Rudraprayag (03),Rural,15-59,Non-workers_Seeking/availabe for work_Males,5,DDW-0500B-01ST-Census.xls,01ST
B0301ST,05,058,District - Rudraprayag (03),Urban,Total,Non-workers_Seeking/availabe for work_Males,1,DDW-0500B-01ST-Census.xls,01ST
B0301ST,05,058,District - Rudraprayag (03),Urban,5-14,Non-workers_Seeking/availabe for work_Males,0,DDW-0500B-01ST-Census.xls,01ST
B0301ST,05,058,District - Rudraprayag (03),Urban,15-34,Non-workers_Seeking/availabe for work_Males,1,DDW-0500B-01ST-Census.xls,01ST
B0301ST,05,058,District - Rudraprayag (03),Urban,35-59,Non-workers_Seeking/availabe for work_Males,0,DDW-0500B-01ST-Census.xls,01ST
B0301ST,05,058,District - Rudraprayag (03),Urban,60+,Non-workers_Seeking/availabe for work_Males,0,DDW-0500B-01ST-Census.xls,01ST
B0301ST,05,058,District - Rudraprayag (03),Urban,Age not stated,Non-workers_Seeking/availabe for work_Males,0,DDW-0500B-01ST-Census.xls,01ST
B0301ST,05,058,District - Rudraprayag (03),Urban,15-59,Non-workers_Seeking/availabe for work_Males,1,DDW-0500B-01ST-Census.xls,01ST
B0301ST,05,059,District - Tehri Garhwal (04),Total,Total,Non-workers_Seeking/availabe for work_Males,12,DDW-0500B-01ST-Census.xls,01ST
B0301ST,05,059,District - Tehri Garhwal (04),Total,5-14,Non-workers_Seeking/availabe for work_Males,0,DDW-0500B-01ST-Census.xls,01ST
B0301ST,05,059,District - Tehri Garhwal (04),Total,15-34,Non-workers_Seeking/availabe for work_Males,11,DDW-0500B-01ST-Census.xls,01ST
B0301ST,05,059,District - Tehri Garhwal (04),Total,35-59,Non-workers_Seeking/availabe for work_Males,1,DDW-0500B-01ST-Census.xls,01ST
B0301ST,05,059,District - Tehri Garhwal (04),Total,60+,Non-workers_Seeking/availabe for work_Males,0,DDW-0500B-01ST-Census.xls,01ST
B0301ST,05,059,District - Tehri Garhwal (04),Total,Age not stated,Non-workers_Seeking/availabe for work_Males,0,DDW-0500B-01ST-Census.xls,01ST
B0301ST,05,059,District - Tehri Garhwal (04),Total,15-59,Non-workers_Seeking/availabe for work_Males,12,DDW-0500B-01ST-Census.xls,01ST
B0301ST,05,059,District - Tehri Garhwal (04),Rural,Total,Non-workers_Seeking/availabe for work_Males,8,DDW-0500B-01ST-Census.xls,01ST
B0301ST,05,059,District - Tehri Garhwal (04),Rural,5-14,Non-workers_Seeking/availabe for work_Males,0,DDW-0500B-01ST-Census.xls,01ST
B0301ST,05,059,District - Tehri Garhwal (04),Rural,15-34,Non-workers_Seeking/availabe for work_Males,7,DDW-0500B-01ST-Census.xls,01ST
B0301ST,05,059,District - Tehri Garhwal (04),Rural,35-59,Non-workers_Seeking/availabe for work_Males,1,DDW-0500B-01ST-Census.xls,01ST
B0301ST,05,059,District - Tehri Garhwal (04),Rural,60+,Non-workers_Seeking/availabe for work_Males,0,DDW-0500B-01ST-Census.xls,01ST
B0301ST,05,059,District - Tehri Garhwal (04),Rural,Age not stated,Non-workers_Seeking/availabe for work_Males,0,DDW-0500B-01ST-Census.xls,01ST
B0301ST,05,059,District - Tehri Garhwal (04),Rural,15-59,Non-workers_Seeking/availabe for work_Males,8,DDW-0500B-01ST-Census.xls,01ST
B0301ST,05,059,District - Tehri Garhwal (04),Urban,Total,Non-workers_Seeking/availabe for work_Males,4,DDW-0500B-01ST-Census.xls,01ST
B0301ST,05,059,District - Tehri Garhwal (04),Urban,5-14,Non-workers_Seeking/availabe for work_Males,0,DDW-0500B-01ST-Census.xls,01ST
B0301ST,05,059,District - Tehri Garhwal (04),Urban,15-34,Non-workers_Seeking/availabe for work_Males,4,DDW-0500B-01ST-Census.xls,01ST
B0301ST,05,059,District - Tehri Garhwal (04),Urban,35-59,Non-workers_Seeking/availabe for work_Males,0,DDW-0500B-01ST-Census.xls,01ST
B0301ST,05,059,District - Tehri Garhwal (04),Urban,60+,Non-workers_Seeking/availabe for work_Males,0,DDW-0500B-01ST-Census.xls,01ST
B0301ST,05,059,District - Tehri Garhwal (04),Urban,Age not stated,Non-workers_Seeking/availabe for work_Males,0,DDW-0500B-01ST-Census.xls,01ST
B0301ST,05,059,District - Tehri Garhwal (04),Urban,15-59,Non-workers_Seeking/availabe for work_Males,4,DDW-0500B-01ST-Census.xls,01ST
B0301ST,05,060,District - Dehradun (05),Total,Total,Non-workers_Seeking/availabe for work_Males,2518,DDW-0500B-01ST-Census.xls,01ST
B0301ST,05,060,District - Dehradun (05),Total,5-14,Non-workers_Seeking/availabe for work_Males,138,DDW-0500B-01ST-Census.xls,01ST
B0301ST,05,060,District - Dehradun (05),Total,15-34,Non-workers_Seeking/availabe for work_Males,2263,DDW-0500B-01ST-Census.xls,01ST
B0301ST,05,060,District - Dehradun (05),Total,35-59,Non-workers_Seeking/availabe for work_Males,70,DDW-0500B-01ST-Census.xls,01ST
B0301ST,05,060,District - Dehradun (05),Total,60+,Non-workers_Seeking/availabe for work_Males,44,DDW-0500B-01ST-Census.xls,01ST
B0301ST,05,060,District - Dehradun (05),Total,Age not stated,Non-workers_Seeking/availabe for work_Males,3,DDW-0500B-01ST-Census.xls,01ST
B0301ST,05,060,District - Dehradun (05),Total,15-59,Non-workers_Seeking/availabe for work_Males,2333,DDW-0500B-01ST-Census.xls,01ST
B0301ST,05,060,District - Dehradun (05),Rural,Total,Non-workers_Seeking/availabe for work_Males,2134,DDW-0500B-01ST-Census.xls,01ST
B0301ST,05,060,District - Dehradun (05),Rural,5-14,Non-workers_Seeking/availabe for work_Males,120,DDW-0500B-01ST-Census.xls,01ST
B0301ST,05,060,District - Dehradun (05),Rural,15-34,Non-workers_Seeking/availabe for work_Males,1923,DDW-0500B-01ST-Census.xls,01ST
B0301ST,05,060,District - Dehradun (05),Rural,35-59,Non-workers_Seeking/availabe for work_Males,55,DDW-0500B-01ST-Census.xls,01ST
B0301ST,05,060,District - Dehradun (05),Rural,60+,Non-workers_Seeking/availabe for work_Males,36,DDW-0500B-01ST-Census.xls,01ST
B0301ST,05,060,District - Dehradun (05),Rural,Age not stated,Non-workers_Seeking/availabe for work_Males,0,DDW-0500B-01ST-Census.xls,01ST
B0301ST,05,060,District - Dehradun (05),Rural,15-59,Non-workers_Seeking/availabe for work_Males,1978,DDW-0500B-01ST-Census.xls,01ST
B0301ST,05,060,District - Dehradun (05),Urban,Total,Non-workers_Seeking/availabe for work_Males,384,DDW-0500B-01ST-Census.xls,01ST
B0301ST,05,060,District - Dehradun (05),Urban,5-14,Non-workers_Seeking/availabe for work_Males,18,DDW-0500B-01ST-Census.xls,01ST
B0301ST,05,060,District - Dehradun (05),Urban,15-34,Non-workers_Seeking/availabe for work_Males,340,DDW-0500B-01ST-Census.xls,01ST
B0301ST,05,060,District - Dehradun (05),Urban,35-59,Non-workers_Seeking/availabe for work_Males,15,DDW-0500B-01ST-Census.xls,01ST
B0301ST,05,060,District - Dehradun (05),Urban,60+,Non-workers_Seeking/availabe for work_Males,8,DDW-0500B-01ST-Census.xls,01ST
B0301ST,05,060,District - Dehradun (05),Urban,Age not stated,Non-workers_Seeking/availabe for work_Males,3,DDW-0500B-01ST-Census.xls,01ST
B0301ST,05,060,District - Dehradun (05),Urban,15-59,Non-workers_Seeking/availabe for work_Males,355,DDW-0500B-01ST-Census.xls,01ST
B0301ST,05,061,District - Garhwal (06),Total,Total,Non-workers_Seeking/availabe for work_Males,39,DDW-0500B-01ST-Census.xls,01ST
B0301ST,05,061,District - Garhwal (06),Total,5-14,Non-workers_Seeking/availabe for work_Males,6,DDW-0500B-01ST-Census.xls,01ST
B0301ST,05,061,District - Garhwal (06),Total,15-34,Non-workers_Seeking/availabe for work_Males,29,DDW-0500B-01ST-Census.xls,01ST
B0301ST,05,061,District - Garhwal (06),Total,35-59,Non-workers_Seeking/availabe for work_Males,1,DDW-0500B-01ST-Census.xls,01ST
B0301ST,05,061,District - Garhwal (06),Total,60+,Non-workers_Seeking/availabe for work_Males,3,DDW-0500B-01ST-Census.xls,01ST
B0301ST,05,061,District - Garhwal (06),Total,Age not stated,Non-workers_Seeking/availabe for work_Males,0,DDW-0500B-01ST-Census.xls,01ST
B0301ST,05,061,District - Garhwal (06),Total,15-59,Non-workers_Seeking/availabe for work_Males,30,DDW-0500B-01ST-Census.xls,01ST
B0301ST,05,061,District - Garhwal (06),Rural,Total,Non-workers_Seeking/availabe for work_Males,29,DDW-0500B-01ST-Census.xls,01ST
B0301ST,05,061,District - Garhwal (06),Rural,5-14,Non-workers_Seeking/availabe for work_Males,5,DDW-0500B-01ST-Census.xls,01ST
B0301ST,05,061,District - Garhwal (06),Rural,15-34,Non-workers_Seeking/availabe for work_Males,20,DDW-0500B-01ST-Census.xls,01ST
B0301ST,05,061,District - Garhwal (06),Rural,35-59,Non-workers_Seeking/availabe for work_Males,1,DDW-0500B-01ST-Census.xls,01ST
B0301ST,05,061,District - Garhwal (06),Rural,60+,Non-workers_Seeking/availabe for work_Males,3,DDW-0500B-01ST-Census.xls,01ST
B0301ST,05,061,District - Garhwal (06),Rural,Age not stated,Non-workers_Seeking/availabe for work_Males,0,DDW-0500B-01ST-Census.xls,01ST
B0301ST,05,061,District - Garhwal (06),Rural,15-59,Non-workers_Seeking/availabe for work_Males,21,DDW-0500B-01ST-Census.xls,01ST
B0301ST,05,061,District - Garhwal (06),Urban,Total,Non-workers_Seeking/availabe for work_Males,10,DDW-0500B-01ST-Census.xls,01ST
B0301ST,05,061,District - Garhwal (06),Urban,5-14,Non-workers_Seeking/availabe for work_Males,1,DDW-0500B-01ST-Census.xls,01ST
B0301ST,05,061,District - Garhwal (06),Urban,15-34,Non-workers_Seeking/availabe for work_Males,9,DDW-0500B-01ST-Census.xls,01ST
B0301ST,05,061,District - Garhwal (06),Urban,35-59,Non-workers_Seeking/availabe for work_Males,0,DDW-0500B-01ST-Census.xls,01ST
B0301ST,05,061,District - Garhwal (06),Urban,60+,Non-workers_Seeking/availabe for work_Males,0,DDW-0500B-01ST-Census.xls,01ST
B0301ST,05,061,District - Garhwal (06),Urban,Age not stated,Non-workers_Seeking/availabe for work_Males,0,DDW-0500B-01ST-Census.xls,01ST
B0301ST,05,061,District - Garhwal (06),Urban,15-59,Non-workers_Seeking/availabe for work_Males,9,DDW-0500B-01ST-Census.xls,01ST
B0301ST,05,062,District - Pithoragarh (07),Total,Total,Non-workers_Seeking/availabe for work_Males,562,DDW-0500B-01ST-Census.xls,01ST
B0301ST,05,062,District - Pithoragarh (07),Total,5-14,Non-workers_Seeking/availabe for work_Males,34,DDW-0500B-01ST-Census.xls,01ST
B0301ST,05,062,District - Pithoragarh (07),Total,15-34,Non-workers_Seeking/availabe for work_Males,453,DDW-0500B-01ST-Census.xls,01ST
B0301ST,05,062,District - Pithoragarh (07),Total,35-59,Non-workers_Seeking/availabe for work_Males,67,DDW-0500B-01ST-Census.xls,01ST
B0301ST,05,062,District - Pithoragarh (07),Total,60+,Non-workers_Seeking/availabe for work_Males,7,DDW-0500B-01ST-Census.xls,01ST
B0301ST,05,062,District - Pithoragarh (07),Total,Age not stated,Non-workers_Seeking/availabe for work_Males,1,DDW-0500B-01ST-Census.xls,01ST
B0301ST,05,062,District - Pithoragarh (07),Total,15-59,Non-workers_Seeking/availabe for work_Males,520,DDW-0500B-01ST-Census.xls,01ST
B0301ST,05,062,District - Pithoragarh (07),Rural,Total,Non-workers_Seeking/availabe for work_Males,414,DDW-0500B-01ST-Census.xls,01ST
B0301ST,05,062,District - Pithoragarh (07),Rural,5-14,Non-workers_Seeking/availabe for work_Males,31,DDW-0500B-01ST-Census.xls,01ST
B0301ST,05,062,District - Pithoragarh (07),Rural,15-34,Non-workers_Seeking/availabe for work_Males,329,DDW-0500B-01ST-Census.xls,01ST
B0301ST,05,062,District - Pithoragarh (07),Rural,35-59,Non-workers_Seeking/availabe for work_Males,49,DDW-0500B-01ST-Census.xls,01ST
B0301ST,05,062,District - Pithoragarh (07),Rural,60+,Non-workers_Seeking/availabe for work_Males,5,DDW-0500B-01ST-Census.xls,01ST
B0301ST,05,062,District - Pithoragarh (07),Rural,Age not stated,Non-workers_Seeking/availabe for work_Males,0,DDW-0500B-01ST-Census.xls,01ST
B0301ST,05,062,District - Pithoragarh (07),Rural,15-59,Non-workers_Seeking/availabe for work_Males,378,DDW-0500B-01ST-Census.xls,01ST
B0301ST,05,062,District - Pithoragarh (07),Urban,Total,Non-workers_Seeking/availabe for work_Males,148,DDW-0500B-01ST-Census.xls,01ST
B0301ST,05,062,District - Pithoragarh (07),Urban,5-14,Non-workers_Seeking/availabe for work_Males,3,DDW-0500B-01ST-Census.xls,01ST
B0301ST,05,062,District - Pithoragarh (07),Urban,15-34,Non-workers_Seeking/availabe for work_Males,124,DDW-0500B-01ST-Census.xls,01ST
B0301ST,05,062,District - Pithoragarh (07),Urban,35-59,Non-workers_Seeking/availabe for work_Males,18,DDW-0500B-01ST-Census.xls,01ST
B0301ST,05,062,District - Pithoragarh (07),Urban,60+,Non-workers_Seeking/availabe for work_Males,2,DDW-0500B-01ST-Census.xls,01ST
B0301ST,05,062,District - Pithoragarh (07),Urban,Age not stated,Non-workers_Seeking/availabe for work_Males,1,DDW-0500B-01ST-Census.xls,01ST
B0301ST,05,062,District - Pithoragarh (07),Urban,15-59,Non-workers_Seeking/availabe for work_Males,142,DDW-0500B-01ST-Census.xls,01ST
B0301ST,05,063,District - Bageshwar (08),Total,Total,Non-workers_Seeking/availabe for work_Males,46,DDW-0500B-01ST-Census.xls,01ST
B0301ST,05,063,District - Bageshwar (08),Total,5-14,Non-workers_Seeking/availabe for work_Males,2,DDW-0500B-01ST-Census.xls,01ST
B0301ST,05,063,District - Bageshwar (08),Total,15-34,Non-workers_Seeking/availabe for work_Males,42,DDW-0500B-01ST-Census.xls,01ST
B0301ST,05,063,District - Bageshwar (08),Total,35-59,Non-workers_Seeking/availabe for work_Males,1,DDW-0500B-01ST-Census.xls,01ST
B0301ST,05,063,District - Bageshwar (08),Total,60+,Non-workers_Seeking/availabe for work_Males,1,DDW-0500B-01ST-Census.xls,01ST
B0301ST,05,063,District - Bageshwar (08),Total,Age not stated,Non-workers_Seeking/availabe for work_Males,0,DDW-0500B-01ST-Census.xls,01ST
B0301ST,05,063,District - Bageshwar (08),Total,15-59,Non-workers_Seeking/availabe for work_Males,43,DDW-0500B-01ST-Census.xls,01ST
B0301ST,05,063,District - Bageshwar (08),Rural,Total,Non-workers_Seeking/availabe for work_Males,44,DDW-0500B-01ST-Census.xls,01ST
B0301ST,05,063,District - Bageshwar (08),Rural,5-14,Non-workers_Seeking/availabe for work_Males,2,DDW-0500B-01ST-Census.xls,01ST
B0301ST,05,063,District - Bageshwar (08),Rural,15-34,Non-workers_Seeking/availabe for work_Males,40,DDW-0500B-01ST-Census.xls,01ST
B0301ST,05,063,District - Bageshwar (08),Rural,35-59,Non-workers_Seeking/availabe for work_Males,1,DDW-0500B-01ST-Census.xls,01ST
B0301ST,05,063,District - Bageshwar (08),Rural,60+,Non-workers_Seeking/availabe for work_Males,1,DDW-0500B-01ST-Census.xls,01ST
B0301ST,05,063,District - Bageshwar (08),Rural,Age not stated,Non-workers_Seeking/availabe for work_Males,0,DDW-0500B-01ST-Census.xls,01ST
B0301ST,05,063,District - Bageshwar (08),Rural,15-59,Non-workers_Seeking/availabe for work_Males,41,DDW-0500B-01ST-Census.xls,01ST
B0301ST,05,063,District - Bageshwar (08),Urban,Total,Non-workers_Seeking/availabe for work_Males,2,DDW-0500B-01ST-Census.xls,01ST
B0301ST,05,063,District - Bageshwar (08),Urban,5-14,Non-workers_Seeking/availabe for work_Males,0,DDW-0500B-01ST-Census.xls,01ST
B0301ST,05,063,District - Bageshwar (08),Urban,15-34,Non-workers_Seeking/availabe for work_Males,2,DDW-0500B-01ST-Census.xls,01ST
B0301ST,05,063,District - Bageshwar (08),Urban,35-59,Non-workers_Seeking/availabe for work_Males,0,DDW-0500B-01ST-Census.xls,01ST
B0301ST,05,063,District - Bageshwar (08),Urban,60+,Non-workers_Seeking/availabe for work_Males,0,DDW-0500B-01ST-Census.xls,01ST
B0301ST,05,063,District - Bageshwar (08),Urban,Age not stated,Non-workers_Seeking/availabe for work_Males,0,DDW-0500B-01ST-Census.xls,01ST
B0301ST,05,063,District - Bageshwar (08),Urban,15-59,Non-workers_Seeking/availabe for work_Males,2,DDW-0500B-01ST-Census.xls,01ST
B0301ST,05,064,"District - Almora
 (09)",Total,Total,Non-workers_Seeking/availabe for work_Males,44,DDW-0500B-01ST-Census.xls,01ST
B0301ST,05,064,"District - Almora
 (09)",Total,5-14,Non-workers_Seeking/availabe for work_Males,3,DDW-0500B-01ST-Census.xls,01ST
B0301ST,05,064,"District - Almora
 (09)",Total,15-34,Non-workers_Seeking/availabe for work_Males,38,DDW-0500B-01ST-Census.xls,01ST
B0301ST,05,064,"District - Almora
 (09)",Total,35-59,Non-workers_Seeking/availabe for work_Males,3,DDW-0500B-01ST-Census.xls,01ST
B0301ST,05,064,"District - Almora
 (09)",Total,60+,Non-workers_Seeking/availabe for work_Males,0,DDW-0500B-01ST-Census.xls,01ST
B0301ST,05,064,"District - Almora
 (09)",Total,Age not stated,Non-workers_Seeking/availabe for work_Males,0,DDW-0500B-01ST-Census.xls,01ST
B0301ST,05,064,"District - Almora
 (09)",Total,15-59,Non-workers_Seeking/availabe for work_Males,41,DDW-0500B-01ST-Census.xls,01ST
B0301ST,05,064,"District - Almora
 (09)",Rural,Total,Non-workers_Seeking/availabe for work_Males,23,DDW-0500B-01ST-Census.xls,01ST
B0301ST,05,064,"District - Almora
 (09)",Rural,5-14,Non-workers_Seeking/availabe for work_Males,3,DDW-0500B-01ST-Census.xls,01ST
B0301ST,05,064,"District - Almora
 (09)",Rural,15-34,Non-workers_Seeking/availabe for work_Males,18,DDW-0500B-01ST-Census.xls,01ST
B0301ST,05,064,"District - Almora
 (09)",Rural,35-59,Non-workers_Seeking/availabe for work_Males,2,DDW-0500B-01ST-Census.xls,01ST
B0301ST,05,064,"District - Almora
 (09)",Rural,60+,Non-workers_Seeking/availabe for work_Males,0,DDW-0500B-01ST-Census.xls,01ST
B0301ST,05,064,"District - Almora
 (09)",Rural,Age not stated,Non-workers_Seeking/availabe for work_Males,0,DDW-0500B-01ST-Census.xls,01ST
B0301ST,05,064,"District - Almora
 (09)",Rural,15-59,Non-workers_Seeking/availabe for work_Males,20,DDW-0500B-01ST-Census.xls,01ST
B0301ST,05,064,"District - Almora
 (09)",Urban,Total,Non-workers_Seeking/availabe for work_Males,21,DDW-0500B-01ST-Census.xls,01ST
B0301ST,05,064,"District - Almora
 (09)",Urban,5-14,Non-workers_Seeking/availabe for work_Males,0,DDW-0500B-01ST-Census.xls,01ST
B0301ST,05,064,"District - Almora
 (09)",Urban,15-34,Non-workers_Seeking/availabe for work_Males,20,DDW-0500B-01ST-Census.xls,01ST
B0301ST,05,064,"District - Almora
 (09)",Urban,35-59,Non-workers_Seeking/availabe for work_Males,1,DDW-0500B-01ST-Census.xls,01ST
B0301ST,05,064,"District - Almora
 (09)",Urban,60+,Non-workers_Seeking/availabe for work_Males,0,DDW-0500B-01ST-Census.xls,01ST
B0301ST,05,064,"District - Almora
 (09)",Urban,Age not stated,Non-workers_Seeking/availabe for work_Males,0,DDW-0500B-01ST-Census.xls,01ST
B0301ST,05,064,"District - Almora
 (09)",Urban,15-59,Non-workers_Seeking/availabe for work_Males,21,DDW-0500B-01ST-Census.xls,01ST
B0301ST,05,065,District - Champawat (10),Total,Total,Non-workers_Seeking/availabe for work_Males,20,DDW-0500B-01ST-Census.xls,01ST
B0301ST,05,065,District - Champawat (10),Total,5-14,Non-workers_Seeking/availabe for work_Males,1,DDW-0500B-01ST-Census.xls,01ST
B0301ST,05,065,District - Champawat (10),Total,15-34,Non-workers_Seeking/availabe for work_Males,16,DDW-0500B-01ST-Census.xls,01ST
B0301ST,05,065,District - Champawat (10),Total,35-59,Non-workers_Seeking/availabe for work_Males,3,DDW-0500B-01ST-Census.xls,01ST
B0301ST,05,065,District - Champawat (10),Total,60+,Non-workers_Seeking/availabe for work_Males,0,DDW-0500B-01ST-Census.xls,01ST
B0301ST,05,065,District - Champawat (10),Total,Age not stated,Non-workers_Seeking/availabe for work_Males,0,DDW-0500B-01ST-Census.xls,01ST
B0301ST,05,065,District - Champawat (10),Total,15-59,Non-workers_Seeking/availabe for work_Males,19,DDW-0500B-01ST-Census.xls,01ST
B0301ST,05,065,District - Champawat (10),Rural,Total,Non-workers_Seeking/availabe for work_Males,19,DDW-0500B-01ST-Census.xls,01ST
B0301ST,05,065,District - Champawat (10),Rural,5-14,Non-workers_Seeking/availabe for work_Males,1,DDW-0500B-01ST-Census.xls,01ST
B0301ST,05,065,District - Champawat (10),Rural,15-34,Non-workers_Seeking/availabe for work_Males,15,DDW-0500B-01ST-Census.xls,01ST
B0301ST,05,065,District - Champawat (10),Rural,35-59,Non-workers_Seeking/availabe for work_Males,3,DDW-0500B-01ST-Census.xls,01ST
B0301ST,05,065,District - Champawat (10),Rural,60+,Non-workers_Seeking/availabe for work_Males,0,DDW-0500B-01ST-Census.xls,01ST
B0301ST,05,065,District - Champawat (10),Rural,Age not stated,Non-workers_Seeking/availabe for work_Males,0,DDW-0500B-01ST-Census.xls,01ST
B0301ST,05,065,District - Champawat (10),Rural,15-59,Non-workers_Seeking/availabe for work_Males,18,DDW-0500B-01ST-Census.xls,01ST
B0301ST,05,065,District - Champawat (10),Urban,Total,Non-workers_Seeking/availabe for work_Males,1,DDW-0500B-01ST-Census.xls,01ST
B0301ST,05,065,District - Champawat (10),Urban,5-14,Non-workers_Seeking/availabe for work_Males,0,DDW-0500B-01ST-Census.xls,01ST
B0301ST,05,065,District - Champawat (10),Urban,15-34,Non-workers_Seeking/availabe for work_Males,1,DDW-0500B-01ST-Census.xls,01ST
B0301ST,05,065,District - Champawat (10),Urban,35-59,Non-workers_Seeking/availabe for work_Males,0,DDW-0500B-01ST-Census.xls,01ST
B0301ST,05,065,District - Champawat (10),Urban,60+,Non-workers_Seeking/availabe for work_Males,0,DDW-0500B-01ST-Census.xls,01ST
B0301ST,05,065,District - Champawat (10),Urban,Age not stated,Non-workers_Seeking/availabe for work_Males,0,DDW-0500B-01ST-Census.xls,01ST
B0301ST,05,065,District - Champawat (10),Urban,15-59,Non-workers_Seeking/availabe for work_Males,1,DDW-0500B-01ST-Census.xls,01ST
B0301ST,05,066,District - Nainital (11),Total,Total,Non-workers_Seeking/availabe for work_Males,159,DDW-0500B-01ST-Census.xls,01ST
B0301ST,05,066,District - Nainital (11),Total,5-14,Non-workers_Seeking/availabe for work_Males,4,DDW-0500B-01ST-Census.xls,01ST
B0301ST,05,066,District - Nainital (11),Total,15-34,Non-workers_Seeking/availabe for work_Males,140,DDW-0500B-01ST-Census.xls,01ST
B0301ST,05,066,District - Nainital (11),Total,35-59,Non-workers_Seeking/availabe for work_Males,13,DDW-0500B-01ST-Census.xls,01ST
B0301ST,05,066,District - Nainital (11),Total,60+,Non-workers_Seeking/availabe for work_Males,2,DDW-0500B-01ST-Census.xls,01ST
B0301ST,05,066,District - Nainital (11),Total,Age not stated,Non-workers_Seeking/availabe for work_Males,0,DDW-0500B-01ST-Census.xls,01ST
B0301ST,05,066,District - Nainital (11),Total,15-59,Non-workers_Seeking/availabe for work_Males,153,DDW-0500B-01ST-Census.xls,01ST
B0301ST,05,066,District - Nainital (11),Rural,Total,Non-workers_Seeking/availabe for work_Males,111,DDW-0500B-01ST-Census.xls,01ST
B0301ST,05,066,District - Nainital (11),Rural,5-14,Non-workers_Seeking/availabe for work_Males,4,DDW-0500B-01ST-Census.xls,01ST
B0301ST,05,066,District - Nainital (11),Rural,15-34,Non-workers_Seeking/availabe for work_Males,98,DDW-0500B-01ST-Census.xls,01ST
B0301ST,05,066,District - Nainital (11),Rural,35-59,Non-workers_Seeking/availabe for work_Males,7,DDW-0500B-01ST-Census.xls,01ST
B0301ST,05,066,District - Nainital (11),Rural,60+,Non-workers_Seeking/availabe for work_Males,2,DDW-0500B-01ST-Census.xls,01ST
B0301ST,05,066,District - Nainital (11),Rural,Age not stated,Non-workers_Seeking/availabe for work_Males,0,DDW-0500B-01ST-Census.xls,01ST
B0301ST,05,066,District - Nainital (11),Rural,15-59,Non-workers_Seeking/availabe for work_Males,105,DDW-0500B-01ST-Census.xls,01ST
B0301ST,05,066,District - Nainital (11),Urban,Total,Non-workers_Seeking/availabe for work_Males,48,DDW-0500B-01ST-Census.xls,01ST
B0301ST,05,066,District - Nainital (11),Urban,5-14,Non-workers_Seeking/availabe for work_Males,0,DDW-0500B-01ST-Census.xls,01ST
B0301ST,05,066,District - Nainital (11),Urban,15-34,Non-workers_Seeking/availabe for work_Males,42,DDW-0500B-01ST-Census.xls,01ST
B0301ST,05,066,District - Nainital (11),Urban,35-59,Non-workers_Seeking/availabe for work_Males,6,DDW-0500B-01ST-Census.xls,01ST
B0301ST,05,066,District - Nainital (11),Urban,60+,Non-workers_Seeking/availabe for work_Males,0,DDW-0500B-01ST-Census.xls,01ST
B0301ST,05,066,District - Nainital (11),Urban,Age not stated,Non-workers_Seeking/availabe for work_Males,0,DDW-0500B-01ST-Census.xls,01ST
B0301ST,05,066,District - Nainital (11),Urban,15-59,Non-workers_Seeking/availabe for work_Males,48,DDW-0500B-01ST-Census.xls,01ST
B0301ST,05,067,District - Udham Singh Nagar (12),Total,Total,Non-workers_Seeking/availabe for work_Males,2096,DDW-0500B-01ST-Census.xls,01ST
B0301ST,05,067,District - Udham Singh Nagar (12),Total,5-14,Non-workers_Seeking/availabe for work_Males,188,DDW-0500B-01ST-Census.xls,01ST
B0301ST,05,067,District - Udham Singh Nagar (12),Total,15-34,Non-workers_Seeking/availabe for work_Males,1794,DDW-0500B-01ST-Census.xls,01ST
B0301ST,05,067,District - Udham Singh Nagar (12),Total,35-59,Non-workers_Seeking/availabe for work_Males,76,DDW-0500B-01ST-Census.xls,01ST
B0301ST,05,067,District - Udham Singh Nagar (12),Total,60+,Non-workers_Seeking/availabe for work_Males,38,DDW-0500B-01ST-Census.xls,01ST
B0301ST,05,067,District - Udham Singh Nagar (12),Total,Age not stated,Non-workers_Seeking/availabe for work_Males,0,DDW-0500B-01ST-Census.xls,01ST
B0301ST,05,067,District - Udham Singh Nagar (12),Total,15-59,Non-workers_Seeking/availabe for work_Males,1870,DDW-0500B-01ST-Census.xls,01ST
B0301ST,05,067,District - Udham Singh Nagar (12),Rural,Total,Non-workers_Seeking/availabe for work_Males,1962,DDW-0500B-01ST-Census.xls,01ST
B0301ST,05,067,District - Udham Singh Nagar (12),Rural,5-14,Non-workers_Seeking/availabe for work_Males,181,DDW-0500B-01ST-Census.xls,01ST
B0301ST,05,067,District - Udham Singh Nagar (12),Rural,15-34,Non-workers_Seeking/availabe for work_Males,1676,DDW-0500B-01ST-Census.xls,01ST
B0301ST,05,067,District - Udham Singh Nagar (12),Rural,35-59,Non-workers_Seeking/availabe for work_Males,69,DDW-0500B-01ST-Census.xls,01ST
B0301ST,05,067,District - Udham Singh Nagar (12),Rural,60+,Non-workers_Seeking/availabe for work_Males,36,DDW-0500B-01ST-Census.xls,01ST
B0301ST,05,067,District - Udham Singh Nagar (12),Rural,Age not stated,Non-workers_Seeking/availabe for work_Males,0,DDW-0500B-01ST-Census.xls,01ST
B0301ST,05,067,District - Udham Singh Nagar (12),Rural,15-59,Non-workers_Seeking/availabe for work_Males,1745,DDW-0500B-01ST-Census.xls,01ST
B0301ST,05,067,District - Udham Singh Nagar (12),Urban,Total,Non-workers_Seeking/availabe for work_Males,134,DDW-0500B-01ST-Census.xls,01ST
B0301ST,05,067,District - Udham Singh Nagar (12),Urban,5-14,Non-workers_Seeking/availabe for work_Males,7,DDW-0500B-01ST-Census.xls,01ST
B0301ST,05,067,District - Udham Singh Nagar (12),Urban,15-34,Non-workers_Seeking/availabe for work_Males,118,DDW-0500B-01ST-Census.xls,01ST
B0301ST,05,067,District - Udham Singh Nagar (12),Urban,35-59,Non-workers_Seeking/availabe for work_Males,7,DDW-0500B-01ST-Census.xls,01ST
B0301ST,05,067,District - Udham Singh Nagar (12),Urban,60+,Non-workers_Seeking/availabe for work_Males,2,DDW-0500B-01ST-Census.xls,01ST
B0301ST,05,067,District - Udham Singh Nagar (12),Urban,Age not stated,Non-workers_Seeking/availabe for work_Males,0,DDW-0500B-01ST-Census.xls,01ST
B0301ST,05,067,District - Udham Singh Nagar (12),Urban,15-59,Non-workers_Seeking/availabe for work_Males,125,DDW-0500B-01ST-Census.xls,01ST
B0301ST,05,068,District - Hardwar (13),Total,Total,Non-workers_Seeking/availabe for work_Males,80,DDW-0500B-01ST-Census.xls,01ST
B0301ST,05,068,District - Hardwar (13),Total,5-14,Non-workers_Seeking/availabe for work_Males,7,DDW-0500B-01ST-Census.xls,01ST
B0301ST,05,068,District - Hardwar (13),Total,15-34,Non-workers_Seeking/availabe for work_Males,70,DDW-0500B-01ST-Census.xls,01ST
B0301ST,05,068,District - Hardwar (13),Total,35-59,Non-workers_Seeking/availabe for work_Males,2,DDW-0500B-01ST-Census.xls,01ST
B0301ST,05,068,District - Hardwar (13),Total,60+,Non-workers_Seeking/availabe for work_Males,1,DDW-0500B-01ST-Census.xls,01ST
B0301ST,05,068,District - Hardwar (13),Total,Age not stated,Non-workers_Seeking/availabe for work_Males,0,DDW-0500B-01ST-Census.xls,01ST
B0301ST,05,068,District - Hardwar (13),Total,15-59,Non-workers_Seeking/availabe for work_Males,72,DDW-0500B-01ST-Census.xls,01ST
B0301ST,05,068,District - Hardwar (13),Rural,Total,Non-workers_Seeking/availabe for work_Males,62,DDW-0500B-01ST-Census.xls,01ST
B0301ST,05,068,District - Hardwar (13),Rural,5-14,Non-workers_Seeking/availabe for work_Males,7,DDW-0500B-01ST-Census.xls,01ST
B0301ST,05,068,District - Hardwar (13),Rural,15-34,Non-workers_Seeking/availabe for work_Males,53,DDW-0500B-01ST-Census.xls,01ST
B0301ST,05,068,District - Hardwar (13),Rural,35-59,Non-workers_Seeking/availabe for work_Males,1,DDW-0500B-01ST-Census.xls,01ST
B0301ST,05,068,District - Hardwar (13),Rural,60+,Non-workers_Seeking/availabe for work_Males,1,DDW-0500B-01ST-Census.xls,01ST
B0301ST,05,068,District - Hardwar (13),Rural,Age not stated,Non-workers_Seeking/availabe for work_Males,0,DDW-0500B-01ST-Census.xls,01ST
B0301ST,05,068,District - Hardwar (13),Rural,15-59,Non-workers_Seeking/availabe for work_Males,54,DDW-0500B-01ST-Census.xls,01ST
B0301ST,05,068,District - Hardwar (13),Urban,Total,Non-workers_Seeking/availabe for work_Males,18,DDW-0500B-01ST-Census.xls,01ST
B0301ST,05,068,District - Hardwar (13),Urban,5-14,Non-workers_Seeking/availabe for work_Males,0,DDW-0500B-01ST-Census.xls,01ST
B0301ST,05,068,District - Hardwar (13),Urban,15-34,Non-workers_Seeking/availabe for work_Males,17,DDW-0500B-01ST-Census.xls,01ST
B0301ST,05,068,District - Hardwar (13),Urban,35-59,Non-workers_Seeking/availabe for work_Males,1,DDW-0500B-01ST-Census.xls,01ST
B0301ST,05,068,District - Hardwar (13),Urban,60+,Non-workers_Seeking/availabe for work_Males,0,DDW-0500B-01ST-Census.xls,01ST
B0301ST,05,068,District - Hardwar (13),Urban,Age not stated,Non-workers_Seeking/availabe for work_Males,0,DDW-0500B-01ST-Census.xls,01ST
B0301ST,05,068,District - Hardwar (13),Urban,15-59,Non-workers_Seeking/availabe for work_Males,18,DDW-0500B-01ST-Census.xls,01ST
B0301ST,05,000,State - UTTARAKHAND (05),Total,Total,Non-workers_Seeking/availabe for work_Females,6464,DDW-0500B-01ST-Census.xls,01ST
B0301ST,05,000,State - UTTARAKHAND (05),Total,5-14,Non-workers_Seeking/availabe for work_Females,329,DDW-0500B-01ST-Census.xls,01ST
B0301ST,05,000,State - UTTARAKHAND (05),Total,15-34,Non-workers_Seeking/availabe for work_Females,5186,DDW-0500B-01ST-Census.xls,01ST
B0301ST,05,000,State - UTTARAKHAND (05),Total,35-59,Non-workers_Seeking/availabe for work_Females,814,DDW-0500B-01ST-Census.xls,01ST
B0301ST,05,000,State - UTTARAKHAND (05),Total,60+,Non-workers_Seeking/availabe for work_Females,128,DDW-0500B-01ST-Census.xls,01ST
B0301ST,05,000,State - UTTARAKHAND (05),Total,Age not stated,Non-workers_Seeking/availabe for work_Females,7,DDW-0500B-01ST-Census.xls,01ST
B0301ST,05,000,State - UTTARAKHAND (05),Total,15-59,Non-workers_Seeking/availabe for work_Females,6000,DDW-0500B-01ST-Census.xls,01ST
B0301ST,05,000,State - UTTARAKHAND (05),Rural,Total,Non-workers_Seeking/availabe for work_Females,5369,DDW-0500B-01ST-Census.xls,01ST
B0301ST,05,000,State - UTTARAKHAND (05),Rural,5-14,Non-workers_Seeking/availabe for work_Females,311,DDW-0500B-01ST-Census.xls,01ST
B0301ST,05,000,State - UTTARAKHAND (05),Rural,15-34,Non-workers_Seeking/availabe for work_Females,4279,DDW-0500B-01ST-Census.xls,01ST
B0301ST,05,000,State - UTTARAKHAND (05),Rural,35-59,Non-workers_Seeking/availabe for work_Females,660,DDW-0500B-01ST-Census.xls,01ST
B0301ST,05,000,State - UTTARAKHAND (05),Rural,60+,Non-workers_Seeking/availabe for work_Females,116,DDW-0500B-01ST-Census.xls,01ST
B0301ST,05,000,State - UTTARAKHAND (05),Rural,Age not stated,Non-workers_Seeking/availabe for work_Females,3,DDW-0500B-01ST-Census.xls,01ST
B0301ST,05,000,State - UTTARAKHAND (05),Rural,15-59,Non-workers_Seeking/availabe for work_Females,4939,DDW-0500B-01ST-Census.xls,01ST
B0301ST,05,000,State - UTTARAKHAND (05),Urban,Total,Non-workers_Seeking/availabe for work_Females,1095,DDW-0500B-01ST-Census.xls,01ST
B0301ST,05,000,State - UTTARAKHAND (05),Urban,5-14,Non-workers_Seeking/availabe for work_Females,18,DDW-0500B-01ST-Census.xls,01ST
B0301ST,05,000,State - UTTARAKHAND (05),Urban,15-34,Non-workers_Seeking/availabe for work_Females,907,DDW-0500B-01ST-Census.xls,01ST
B0301ST,05,000,State - UTTARAKHAND (05),Urban,35-59,Non-workers_Seeking/availabe for work_Females,154,DDW-0500B-01ST-Census.xls,01ST
B0301ST,05,000,State - UTTARAKHAND (05),Urban,60+,Non-workers_Seeking/availabe for work_Females,12,DDW-0500B-01ST-Census.xls,01ST
B0301ST,05,000,State - UTTARAKHAND (05),Urban,Age not stated,Non-workers_Seeking/availabe for work_Females,4,DDW-0500B-01ST-Census.xls,01ST
B0301ST,05,000,State - UTTARAKHAND (05),Urban,15-59,Non-workers_Seeking/availabe for work_Females,1061,DDW-0500B-01ST-Census.xls,01ST
B0301ST,05,056,District - Uttarkashi (01),Total,Total,Non-workers_Seeking/availabe for work_Females,135,DDW-0500B-01ST-Census.xls,01ST
B0301ST,05,056,District - Uttarkashi (01),Total,5-14,Non-workers_Seeking/availabe for work_Females,7,DDW-0500B-01ST-Census.xls,01ST
B0301ST,05,056,District - Uttarkashi (01),Total,15-34,Non-workers_Seeking/availabe for work_Females,117,DDW-0500B-01ST-Census.xls,01ST
B0301ST,05,056,District - Uttarkashi (01),Total,35-59,Non-workers_Seeking/availabe for work_Females,9,DDW-0500B-01ST-Census.xls,01ST
B0301ST,05,056,District - Uttarkashi (01),Total,60+,Non-workers_Seeking/availabe for work_Females,2,DDW-0500B-01ST-Census.xls,01ST
B0301ST,05,056,District - Uttarkashi (01),Total,Age not stated,Non-workers_Seeking/availabe for work_Females,0,DDW-0500B-01ST-Census.xls,01ST
B0301ST,05,056,District - Uttarkashi (01),Total,15-59,Non-workers_Seeking/availabe for work_Females,126,DDW-0500B-01ST-Census.xls,01ST
B0301ST,05,056,District - Uttarkashi (01),Rural,Total,Non-workers_Seeking/availabe for work_Females,125,DDW-0500B-01ST-Census.xls,01ST
B0301ST,05,056,District - Uttarkashi (01),Rural,5-14,Non-workers_Seeking/availabe for work_Females,7,DDW-0500B-01ST-Census.xls,01ST
B0301ST,05,056,District - Uttarkashi (01),Rural,15-34,Non-workers_Seeking/availabe for work_Females,108,DDW-0500B-01ST-Census.xls,01ST
B0301ST,05,056,District - Uttarkashi (01),Rural,35-59,Non-workers_Seeking/availabe for work_Females,8,DDW-0500B-01ST-Census.xls,01ST
B0301ST,05,056,District - Uttarkashi (01),Rural,60+,Non-workers_Seeking/availabe for work_Females,2,DDW-0500B-01ST-Census.xls,01ST
B0301ST,05,056,District - Uttarkashi (01),Rural,Age not stated,Non-workers_Seeking/availabe for work_Females,0,DDW-0500B-01ST-Census.xls,01ST
B0301ST,05,056,District - Uttarkashi (01),Rural,15-59,Non-workers_Seeking/availabe for work_Females,116,DDW-0500B-01ST-Census.xls,01ST
B0301ST,05,056,District - Uttarkashi (01),Urban,Total,Non-workers_Seeking/availabe for work_Females,10,DDW-0500B-01ST-Census.xls,01ST
B0301ST,05,056,District - Uttarkashi (01),Urban,5-14,Non-workers_Seeking/availabe for work_Females,0,DDW-0500B-01ST-Census.xls,01ST
B0301ST,05,056,District - Uttarkashi (01),Urban,15-34,Non-workers_Seeking/availabe for work_Females,9,DDW-0500B-01ST-Census.xls,01ST
B0301ST,05,056,District - Uttarkashi (01),Urban,35-59,Non-workers_Seeking/availabe for work_Females,1,DDW-0500B-01ST-Census.xls,01ST
B0301ST,05,056,District - Uttarkashi (01),Urban,60+,Non-workers_Seeking/availabe for work_Females,0,DDW-0500B-01ST-Census.xls,01ST
B0301ST,05,056,District - Uttarkashi (01),Urban,Age not stated,Non-workers_Seeking/availabe for work_Females,0,DDW-0500B-01ST-Census.xls,01ST
B0301ST,05,056,District - Uttarkashi (01),Urban,15-59,Non-workers_Seeking/availabe for work_Females,10,DDW-0500B-01ST-Census.xls,01ST
B0301ST,05,057,District - Chamoli (02),Total,Total,Non-workers_Seeking/availabe for work_Females,369,DDW-0500B-01ST-Census.xls,01ST
B0301ST,05,057,District - Chamoli (02),Total,5-14,Non-workers_Seeking/availabe for work_Females,9,DDW-0500B-01ST-Census.xls,01ST
B0301ST,05,057,District - Chamoli (02),Total,15-34,Non-workers_Seeking/availabe for work_Females,313,DDW-0500B-01ST-Census.xls,01ST
B0301ST,05,057,District - Chamoli (02),Total,35-59,Non-workers_Seeking/availabe for work_Females,40,DDW-0500B-01ST-Census.xls,01ST
B0301ST,05,057,District - Chamoli (02),Total,60+,Non-workers_Seeking/availabe for work_Females,7,DDW-0500B-01ST-Census.xls,01ST
B0301ST,05,057,District - Chamoli (02),Total,Age not stated,Non-workers_Seeking/availabe for work_Females,0,DDW-0500B-01ST-Census.xls,01ST
B0301ST,05,057,District - Chamoli (02),Total,15-59,Non-workers_Seeking/availabe for work_Females,353,DDW-0500B-01ST-Census.xls,01ST
B0301ST,05,057,District - Chamoli (02),Rural,Total,Non-workers_Seeking/availabe for work_Females,216,DDW-0500B-01ST-Census.xls,01ST
B0301ST,05,057,District - Chamoli (02),Rural,5-14,Non-workers_Seeking/availabe for work_Females,7,DDW-0500B-01ST-Census.xls,01ST
B0301ST,05,057,District - Chamoli (02),Rural,15-34,Non-workers_Seeking/availabe for work_Females,181,DDW-0500B-01ST-Census.xls,01ST
B0301ST,05,057,District - Chamoli (02),Rural,35-59,Non-workers_Seeking/availabe for work_Females,21,DDW-0500B-01ST-Census.xls,01ST
B0301ST,05,057,District - Chamoli (02),Rural,60+,Non-workers_Seeking/availabe for work_Females,7,DDW-0500B-01ST-Census.xls,01ST
B0301ST,05,057,District - Chamoli (02),Rural,Age not stated,Non-workers_Seeking/availabe for work_Females,0,DDW-0500B-01ST-Census.xls,01ST
B0301ST,05,057,District - Chamoli (02),Rural,15-59,Non-workers_Seeking/availabe for work_Females,202,DDW-0500B-01ST-Census.xls,01ST
B0301ST,05,057,District - Chamoli (02),Urban,Total,Non-workers_Seeking/availabe for work_Females,153,DDW-0500B-01ST-Census.xls,01ST
B0301ST,05,057,District - Chamoli (02),Urban,5-14,Non-workers_Seeking/availabe for work_Females,2,DDW-0500B-01ST-Census.xls,01ST
B0301ST,05,057,District - Chamoli (02),Urban,15-34,Non-workers_Seeking/availabe for work_Females,132,DDW-0500B-01ST-Census.xls,01ST
B0301ST,05,057,District - Chamoli (02),Urban,35-59,Non-workers_Seeking/availabe for work_Females,19,DDW-0500B-01ST-Census.xls,01ST
B0301ST,05,057,District - Chamoli (02),Urban,60+,Non-workers_Seeking/availabe for work_Females,0,DDW-0500B-01ST-Census.xls,01ST
B0301ST,05,057,District - Chamoli (02),Urban,Age not stated,Non-workers_Seeking/availabe for work_Females,0,DDW-0500B-01ST-Census.xls,01ST
B0301ST,05,057,District - Chamoli (02),Urban,15-59,Non-workers_Seeking/availabe for work_Females,151,DDW-0500B-01ST-Census.xls,01ST
B0301ST,05,058,District - Rudraprayag (03),Total,Total,Non-workers_Seeking/availabe for work_Females,7,DDW-0500B-01ST-Census.xls,01ST
B0301ST,05,058,District - Rudraprayag (03),Total,5-14,Non-workers_Seeking/availabe for work_Females,0,DDW-0500B-01ST-Census.xls,01ST
B0301ST,05,058,District - Rudraprayag (03),Total,15-34,Non-workers_Seeking/availabe for work_Females,7,DDW-0500B-01ST-Census.xls,01ST
B0301ST,05,058,District - Rudraprayag (03),Total,35-59,Non-workers_Seeking/availabe for work_Females,0,DDW-0500B-01ST-Census.xls,01ST
B0301ST,05,058,District - Rudraprayag (03),Total,60+,Non-workers_Seeking/availabe for work_Females,0,DDW-0500B-01ST-Census.xls,01ST
B0301ST,05,058,District - Rudraprayag (03),Total,Age not stated,Non-workers_Seeking/availabe for work_Females,0,DDW-0500B-01ST-Census.xls,01ST
B0301ST,05,058,District - Rudraprayag (03),Total,15-59,Non-workers_Seeking/availabe for work_Females,7,DDW-0500B-01ST-Census.xls,01ST
B0301ST,05,058,District - Rudraprayag (03),Rural,Total,Non-workers_Seeking/availabe for work_Females,7,DDW-0500B-01ST-Census.xls,01ST
B0301ST,05,058,District - Rudraprayag (03),Rural,5-14,Non-workers_Seeking/availabe for work_Females,0,DDW-0500B-01ST-Census.xls,01ST
B0301ST,05,058,District - Rudraprayag (03),Rural,15-34,Non-workers_Seeking/availabe for work_Females,7,DDW-0500B-01ST-Census.xls,01ST
B0301ST,05,058,District - Rudraprayag (03),Rural,35-59,Non-workers_Seeking/availabe for work_Females,0,DDW-0500B-01ST-Census.xls,01ST
B0301ST,05,058,District - Rudraprayag (03),Rural,60+,Non-workers_Seeking/availabe for work_Females,0,DDW-0500B-01ST-Census.xls,01ST
B0301ST,05,058,District - Rudraprayag (03),Rural,Age not stated,Non-workers_Seeking/availabe for work_Females,0,DDW-0500B-01ST-Census.xls,01ST
B0301ST,05,058,District - Rudraprayag (03),Rural,15-59,Non-workers_Seeking/availabe for work_Females,7,DDW-0500B-01ST-Census.xls,01ST
B0301ST,05,058,District - Rudraprayag (03),Urban,Total,Non-workers_Seeking/availabe for work_Females,0,DDW-0500B-01ST-Census.xls,01ST
B0301ST,05,058,District - Rudraprayag (03),Urban,5-14,Non-workers_Seeking/availabe for work_Females,0,DDW-0500B-01ST-Census.xls,01ST
B0301ST,05,058,District - Rudraprayag (03),Urban,15-34,Non-workers_Seeking/availabe for work_Females,0,DDW-0500B-01ST-Census.xls,01ST
B0301ST,05,058,District - Rudraprayag (03),Urban,35-59,Non-workers_Seeking/availabe for work_Females,0,DDW-0500B-01ST-Census.xls,01ST
B0301ST,05,058,District - Rudraprayag (03),Urban,60+,Non-workers_Seeking/availabe for work_Females,0,DDW-0500B-01ST-Census.xls,01ST
B0301ST,05,058,District - Rudraprayag (03),Urban,Age not stated,Non-workers_Seeking/availabe for work_Females,0,DDW-0500B-01ST-Census.xls,01ST
B0301ST,05,058,District - Rudraprayag (03),Urban,15-59,Non-workers_Seeking/availabe for work_Females,0,DDW-0500B-01ST-Census.xls,01ST
B0301ST,05,059,District - Tehri Garhwal (04),Total,Total,Non-workers_Seeking/availabe for work_Females,29,DDW-0500B-01ST-Census.xls,01ST
B0301ST,05,059,District - Tehri Garhwal (04),Total,5-14,Non-workers_Seeking/availabe for work_Females,0,DDW-0500B-01ST-Census.xls,01ST
B0301ST,05,059,District - Tehri Garhwal (04),Total,15-34,Non-workers_Seeking/availabe for work_Females,25,DDW-0500B-01ST-Census.xls,01ST
B0301ST,05,059,District - Tehri Garhwal (04),Total,35-59,Non-workers_Seeking/availabe for work_Females,4,DDW-0500B-01ST-Census.xls,01ST
B0301ST,05,059,District - Tehri Garhwal (04),Total,60+,Non-workers_Seeking/availabe for work_Females,0,DDW-0500B-01ST-Census.xls,01ST
B0301ST,05,059,District - Tehri Garhwal (04),Total,Age not stated,Non-workers_Seeking/availabe for work_Females,0,DDW-0500B-01ST-Census.xls,01ST
B0301ST,05,059,District - Tehri Garhwal (04),Total,15-59,Non-workers_Seeking/availabe for work_Females,29,DDW-0500B-01ST-Census.xls,01ST
B0301ST,05,059,District - Tehri Garhwal (04),Rural,Total,Non-workers_Seeking/availabe for work_Females,19,DDW-0500B-01ST-Census.xls,01ST
B0301ST,05,059,District - Tehri Garhwal (04),Rural,5-14,Non-workers_Seeking/availabe for work_Females,0,DDW-0500B-01ST-Census.xls,01ST
B0301ST,05,059,District - Tehri Garhwal (04),Rural,15-34,Non-workers_Seeking/availabe for work_Females,16,DDW-0500B-01ST-Census.xls,01ST
B0301ST,05,059,District - Tehri Garhwal (04),Rural,35-59,Non-workers_Seeking/availabe for work_Females,3,DDW-0500B-01ST-Census.xls,01ST
B0301ST,05,059,District - Tehri Garhwal (04),Rural,60+,Non-workers_Seeking/availabe for work_Females,0,DDW-0500B-01ST-Census.xls,01ST
B0301ST,05,059,District - Tehri Garhwal (04),Rural,Age not stated,Non-workers_Seeking/availabe for work_Females,0,DDW-0500B-01ST-Census.xls,01ST
B0301ST,05,059,District - Tehri Garhwal (04),Rural,15-59,Non-workers_Seeking/availabe for work_Females,19,DDW-0500B-01ST-Census.xls,01ST
B0301ST,05,059,District - Tehri Garhwal (04),Urban,Total,Non-workers_Seeking/availabe for work_Females,10,DDW-0500B-01ST-Census.xls,01ST
B0301ST,05,059,District - Tehri Garhwal (04),Urban,5-14,Non-workers_Seeking/availabe for work_Females,0,DDW-0500B-01ST-Census.xls,01ST
B0301ST,05,059,District - Tehri Garhwal (04),Urban,15-34,Non-workers_Seeking/availabe for work_Females,9,DDW-0500B-01ST-Census.xls,01ST
B0301ST,05,059,District - Tehri Garhwal (04),Urban,35-59,Non-workers_Seeking/availabe for work_Females,1,DDW-0500B-01ST-Census.xls,01ST
B0301ST,05,059,District - Tehri Garhwal (04),Urban,60+,Non-workers_Seeking/availabe for work_Females,0,DDW-0500B-01ST-Census.xls,01ST
B0301ST,05,059,District - Tehri Garhwal (04),Urban,Age not stated,Non-workers_Seeking/availabe for work_Females,0,DDW-0500B-01ST-Census.xls,01ST
B0301ST,05,059,District - Tehri Garhwal (04),Urban,15-59,Non-workers_Seeking/availabe for work_Females,10,DDW-0500B-01ST-Census.xls,01ST
B0301ST,05,060,District - Dehradun (05),Total,Total,Non-workers_Seeking/availabe for work_Females,2112,DDW-0500B-01ST-Census.xls,01ST
B0301ST,05,060,District - Dehradun (05),Total,5-14,Non-workers_Seeking/availabe for work_Females,95,DDW-0500B-01ST-Census.xls,01ST
B0301ST,05,060,District - Dehradun (05),Total,15-34,Non-workers_Seeking/availabe for work_Females,1695,DDW-0500B-01ST-Census.xls,01ST
B0301ST,05,060,District - Dehradun (05),Total,35-59,Non-workers_Seeking/availabe for work_Females,282,DDW-0500B-01ST-Census.xls,01ST
B0301ST,05,060,District - Dehradun (05),Total,60+,Non-workers_Seeking/availabe for work_Females,35,DDW-0500B-01ST-Census.xls,01ST
B0301ST,05,060,District - Dehradun (05),Total,Age not stated,Non-workers_Seeking/availabe for work_Females,5,DDW-0500B-01ST-Census.xls,01ST
B0301ST,05,060,District - Dehradun (05),Total,15-59,Non-workers_Seeking/availabe for work_Females,1977,DDW-0500B-01ST-Census.xls,01ST
B0301ST,05,060,District - Dehradun (05),Rural,Total,Non-workers_Seeking/availabe for work_Females,1721,DDW-0500B-01ST-Census.xls,01ST
B0301ST,05,060,District - Dehradun (05),Rural,5-14,Non-workers_Seeking/availabe for work_Females,88,DDW-0500B-01ST-Census.xls,01ST
B0301ST,05,060,District - Dehradun (05),Rural,15-34,Non-workers_Seeking/availabe for work_Females,1367,DDW-0500B-01ST-Census.xls,01ST
B0301ST,05,060,District - Dehradun (05),Rural,35-59,Non-workers_Seeking/availabe for work_Females,233,DDW-0500B-01ST-Census.xls,01ST
B0301ST,05,060,District - Dehradun (05),Rural,60+,Non-workers_Seeking/availabe for work_Females,30,DDW-0500B-01ST-Census.xls,01ST
B0301ST,05,060,District - Dehradun (05),Rural,Age not stated,Non-workers_Seeking/availabe for work_Females,3,DDW-0500B-01ST-Census.xls,01ST
B0301ST,05,060,District - Dehradun (05),Rural,15-59,Non-workers_Seeking/availabe for work_Females,1600,DDW-0500B-01ST-Census.xls,01ST
B0301ST,05,060,District - Dehradun (05),Urban,Total,Non-workers_Seeking/availabe for work_Females,391,DDW-0500B-01ST-Census.xls,01ST
B0301ST,05,060,District - Dehradun (05),Urban,5-14,Non-workers_Seeking/availabe for work_Females,7,DDW-0500B-01ST-Census.xls,01ST
B0301ST,05,060,District - Dehradun (05),Urban,15-34,Non-workers_Seeking/availabe for work_Females,328,DDW-0500B-01ST-Census.xls,01ST
B0301ST,05,060,District - Dehradun (05),Urban,35-59,Non-workers_Seeking/availabe for work_Females,49,DDW-0500B-01ST-Census.xls,01ST
B0301ST,05,060,District - Dehradun (05),Urban,60+,Non-workers_Seeking/availabe for work_Females,5,DDW-0500B-01ST-Census.xls,01ST
B0301ST,05,060,District - Dehradun (05),Urban,Age not stated,Non-workers_Seeking/availabe for work_Females,2,DDW-0500B-01ST-Census.xls,01ST
B0301ST,05,060,District - Dehradun (05),Urban,15-59,Non-workers_Seeking/availabe for work_Females,377,DDW-0500B-01ST-Census.xls,01ST
B0301ST,05,061,District - Garhwal (06),Total,Total,Non-workers_Seeking/availabe for work_Females,58,DDW-0500B-01ST-Census.xls,01ST
B0301ST,05,061,District - Garhwal (06),Total,5-14,Non-workers_Seeking/availabe for work_Females,0,DDW-0500B-01ST-Census.xls,01ST
B0301ST,05,061,District - Garhwal (06),Total,15-34,Non-workers_Seeking/availabe for work_Females,45,DDW-0500B-01ST-Census.xls,01ST
B0301ST,05,061,District - Garhwal (06),Total,35-59,Non-workers_Seeking/availabe for work_Females,11,DDW-0500B-01ST-Census.xls,01ST
B0301ST,05,061,District - Garhwal (06),Total,60+,Non-workers_Seeking/availabe for work_Females,2,DDW-0500B-01ST-Census.xls,01ST
B0301ST,05,061,District - Garhwal (06),Total,Age not stated,Non-workers_Seeking/availabe for work_Females,0,DDW-0500B-01ST-Census.xls,01ST
B0301ST,05,061,District - Garhwal (06),Total,15-59,Non-workers_Seeking/availabe for work_Females,56,DDW-0500B-01ST-Census.xls,01ST
B0301ST,05,061,District - Garhwal (06),Rural,Total,Non-workers_Seeking/availabe for work_Females,44,DDW-0500B-01ST-Census.xls,01ST
B0301ST,05,061,District - Garhwal (06),Rural,5-14,Non-workers_Seeking/availabe for work_Females,0,DDW-0500B-01ST-Census.xls,01ST
B0301ST,05,061,District - Garhwal (06),Rural,15-34,Non-workers_Seeking/availabe for work_Females,32,DDW-0500B-01ST-Census.xls,01ST
B0301ST,05,061,District - Garhwal (06),Rural,35-59,Non-workers_Seeking/availabe for work_Females,10,DDW-0500B-01ST-Census.xls,01ST
B0301ST,05,061,District - Garhwal (06),Rural,60+,Non-workers_Seeking/availabe for work_Females,2,DDW-0500B-01ST-Census.xls,01ST
B0301ST,05,061,District - Garhwal (06),Rural,Age not stated,Non-workers_Seeking/availabe for work_Females,0,DDW-0500B-01ST-Census.xls,01ST
B0301ST,05,061,District - Garhwal (06),Rural,15-59,Non-workers_Seeking/availabe for work_Females,42,DDW-0500B-01ST-Census.xls,01ST
B0301ST,05,061,District - Garhwal (06),Urban,Total,Non-workers_Seeking/availabe for work_Females,14,DDW-0500B-01ST-Census.xls,01ST
B0301ST,05,061,District - Garhwal (06),Urban,5-14,Non-workers_Seeking/availabe for work_Females,0,DDW-0500B-01ST-Census.xls,01ST
B0301ST,05,061,District - Garhwal (06),Urban,15-34,Non-workers_Seeking/availabe for work_Females,13,DDW-0500B-01ST-Census.xls,01ST
B0301ST,05,061,District - Garhwal (06),Urban,35-59,Non-workers_Seeking/availabe for work_Females,1,DDW-0500B-01ST-Census.xls,01ST
B0301ST,05,061,District - Garhwal (06),Urban,60+,Non-workers_Seeking/availabe for work_Females,0,DDW-0500B-01ST-Census.xls,01ST
B0301ST,05,061,District - Garhwal (06),Urban,Age not stated,Non-workers_Seeking/availabe for work_Females,0,DDW-0500B-01ST-Census.xls,01ST
B0301ST,05,061,District - Garhwal (06),Urban,15-59,Non-workers_Seeking/availabe for work_Females,14,DDW-0500B-01ST-Census.xls,01ST
B0301ST,05,062,District - Pithoragarh (07),Total,Total,Non-workers_Seeking/availabe for work_Females,564,DDW-0500B-01ST-Census.xls,01ST
B0301ST,05,062,District - Pithoragarh (07),Total,5-14,Non-workers_Seeking/availabe for work_Females,22,DDW-0500B-01ST-Census.xls,01ST
B0301ST,05,062,District - Pithoragarh (07),Total,15-34,Non-workers_Seeking/availabe for work_Females,464,DDW-0500B-01ST-Census.xls,01ST
B0301ST,05,062,District - Pithoragarh (07),Total,35-59,Non-workers_Seeking/availabe for work_Females,65,DDW-0500B-01ST-Census.xls,01ST
B0301ST,05,062,District - Pithoragarh (07),Total,60+,Non-workers_Seeking/availabe for work_Females,11,DDW-0500B-01ST-Census.xls,01ST
B0301ST,05,062,District - Pithoragarh (07),Total,Age not stated,Non-workers_Seeking/availabe for work_Females,2,DDW-0500B-01ST-Census.xls,01ST
B0301ST,05,062,District - Pithoragarh (07),Total,15-59,Non-workers_Seeking/availabe for work_Females,529,DDW-0500B-01ST-Census.xls,01ST
B0301ST,05,062,District - Pithoragarh (07),Rural,Total,Non-workers_Seeking/availabe for work_Females,372,DDW-0500B-01ST-Census.xls,01ST
B0301ST,05,062,District - Pithoragarh (07),Rural,5-14,Non-workers_Seeking/availabe for work_Females,19,DDW-0500B-01ST-Census.xls,01ST
B0301ST,05,062,District - Pithoragarh (07),Rural,15-34,Non-workers_Seeking/availabe for work_Females,311,DDW-0500B-01ST-Census.xls,01ST
B0301ST,05,062,District - Pithoragarh (07),Rural,35-59,Non-workers_Seeking/availabe for work_Females,33,DDW-0500B-01ST-Census.xls,01ST
B0301ST,05,062,District - Pithoragarh (07),Rural,60+,Non-workers_Seeking/availabe for work_Females,9,DDW-0500B-01ST-Census.xls,01ST
B0301ST,05,062,District - Pithoragarh (07),Rural,Age not stated,Non-workers_Seeking/availabe for work_Females,0,DDW-0500B-01ST-Census.xls,01ST
B0301ST,05,062,District - Pithoragarh (07),Rural,15-59,Non-workers_Seeking/availabe for work_Females,344,DDW-0500B-01ST-Census.xls,01ST
B0301ST,05,062,District - Pithoragarh (07),Urban,Total,Non-workers_Seeking/availabe for work_Females,192,DDW-0500B-01ST-Census.xls,01ST
B0301ST,05,062,District - Pithoragarh (07),Urban,5-14,Non-workers_Seeking/availabe for work_Females,3,DDW-0500B-01ST-Census.xls,01ST
B0301ST,05,062,District - Pithoragarh (07),Urban,15-34,Non-workers_Seeking/availabe for work_Females,153,DDW-0500B-01ST-Census.xls,01ST
B0301ST,05,062,District - Pithoragarh (07),Urban,35-59,Non-workers_Seeking/availabe for work_Females,32,DDW-0500B-01ST-Census.xls,01ST
B0301ST,05,062,District - Pithoragarh (07),Urban,60+,Non-workers_Seeking/availabe for work_Females,2,DDW-0500B-01ST-Census.xls,01ST
B0301ST,05,062,District - Pithoragarh (07),Urban,Age not stated,Non-workers_Seeking/availabe for work_Females,2,DDW-0500B-01ST-Census.xls,01ST
B0301ST,05,062,District - Pithoragarh (07),Urban,15-59,Non-workers_Seeking/availabe for work_Females,185,DDW-0500B-01ST-Census.xls,01ST
B0301ST,05,063,District - Bageshwar (08),Total,Total,Non-workers_Seeking/availabe for work_Females,55,DDW-0500B-01ST-Census.xls,01ST
B0301ST,05,063,District - Bageshwar (08),Total,5-14,Non-workers_Seeking/availabe for work_Females,1,DDW-0500B-01ST-Census.xls,01ST
B0301ST,05,063,District - Bageshwar (08),Total,15-34,Non-workers_Seeking/availabe for work_Females,49,DDW-0500B-01ST-Census.xls,01ST
B0301ST,05,063,District - Bageshwar (08),Total,35-59,Non-workers_Seeking/availabe for work_Females,4,DDW-0500B-01ST-Census.xls,01ST
B0301ST,05,063,District - Bageshwar (08),Total,60+,Non-workers_Seeking/availabe for work_Females,1,DDW-0500B-01ST-Census.xls,01ST
B0301ST,05,063,District - Bageshwar (08),Total,Age not stated,Non-workers_Seeking/availabe for work_Females,0,DDW-0500B-01ST-Census.xls,01ST
B0301ST,05,063,District - Bageshwar (08),Total,15-59,Non-workers_Seeking/availabe for work_Females,53,DDW-0500B-01ST-Census.xls,01ST
B0301ST,05,063,District - Bageshwar (08),Rural,Total,Non-workers_Seeking/availabe for work_Females,54,DDW-0500B-01ST-Census.xls,01ST
B0301ST,05,063,District - Bageshwar (08),Rural,5-14,Non-workers_Seeking/availabe for work_Females,1,DDW-0500B-01ST-Census.xls,01ST
B0301ST,05,063,District - Bageshwar (08),Rural,15-34,Non-workers_Seeking/availabe for work_Females,48,DDW-0500B-01ST-Census.xls,01ST
B0301ST,05,063,District - Bageshwar (08),Rural,35-59,Non-workers_Seeking/availabe for work_Females,4,DDW-0500B-01ST-Census.xls,01ST
B0301ST,05,063,District - Bageshwar (08),Rural,60+,Non-workers_Seeking/availabe for work_Females,1,DDW-0500B-01ST-Census.xls,01ST
B0301ST,05,063,District - Bageshwar (08),Rural,Age not stated,Non-workers_Seeking/availabe for work_Females,0,DDW-0500B-01ST-Census.xls,01ST
B0301ST,05,063,District - Bageshwar (08),Rural,15-59,Non-workers_Seeking/availabe for work_Females,52,DDW-0500B-01ST-Census.xls,01ST
B0301ST,05,063,District - Bageshwar (08),Urban,Total,Non-workers_Seeking/availabe for work_Females,1,DDW-0500B-01ST-Census.xls,01ST
B0301ST,05,063,District - Bageshwar (08),Urban,5-14,Non-workers_Seeking/availabe for work_Females,0,DDW-0500B-01ST-Census.xls,01ST
B0301ST,05,063,District - Bageshwar (08),Urban,15-34,Non-workers_Seeking/availabe for work_Females,1,DDW-0500B-01ST-Census.xls,01ST
B0301ST,05,063,District - Bageshwar (08),Urban,35-59,Non-workers_Seeking/availabe for work_Females,0,DDW-0500B-01ST-Census.xls,01ST
B0301ST,05,063,District - Bageshwar (08),Urban,60+,Non-workers_Seeking/availabe for work_Females,0,DDW-0500B-01ST-Census.xls,01ST
B0301ST,05,063,District - Bageshwar (08),Urban,Age not stated,Non-workers_Seeking/availabe for work_Females,0,DDW-0500B-01ST-Census.xls,01ST
B0301ST,05,063,District - Bageshwar (08),Urban,15-59,Non-workers_Seeking/availabe for work_Females,1,DDW-0500B-01ST-Census.xls,01ST
B0301ST,05,064,"District - Almora
 (09)",Total,Total,Non-workers_Seeking/availabe for work_Females,58,DDW-0500B-01ST-Census.xls,01ST
B0301ST,05,064,"District - Almora
 (09)",Total,5-14,Non-workers_Seeking/availabe for work_Females,1,DDW-0500B-01ST-Census.xls,01ST
B0301ST,05,064,"District - Almora
 (09)",Total,15-34,Non-workers_Seeking/availabe for work_Females,51,DDW-0500B-01ST-Census.xls,01ST
B0301ST,05,064,"District - Almora
 (09)",Total,35-59,Non-workers_Seeking/availabe for work_Females,5,DDW-0500B-01ST-Census.xls,01ST
B0301ST,05,064,"District - Almora
 (09)",Total,60+,Non-workers_Seeking/availabe for work_Females,1,DDW-0500B-01ST-Census.xls,01ST
B0301ST,05,064,"District - Almora
 (09)",Total,Age not stated,Non-workers_Seeking/availabe for work_Females,0,DDW-0500B-01ST-Census.xls,01ST
B0301ST,05,064,"District - Almora
 (09)",Total,15-59,Non-workers_Seeking/availabe for work_Females,56,DDW-0500B-01ST-Census.xls,01ST
B0301ST,05,064,"District - Almora
 (09)",Rural,Total,Non-workers_Seeking/availabe for work_Females,31,DDW-0500B-01ST-Census.xls,01ST
B0301ST,05,064,"District - Almora
 (09)",Rural,5-14,Non-workers_Seeking/availabe for work_Females,1,DDW-0500B-01ST-Census.xls,01ST
B0301ST,05,064,"District - Almora
 (09)",Rural,15-34,Non-workers_Seeking/availabe for work_Females,28,DDW-0500B-01ST-Census.xls,01ST
B0301ST,05,064,"District - Almora
 (09)",Rural,35-59,Non-workers_Seeking/availabe for work_Females,2,DDW-0500B-01ST-Census.xls,01ST
B0301ST,05,064,"District - Almora
 (09)",Rural,60+,Non-workers_Seeking/availabe for work_Females,0,DDW-0500B-01ST-Census.xls,01ST
B0301ST,05,064,"District - Almora
 (09)",Rural,Age not stated,Non-workers_Seeking/availabe for work_Females,0,DDW-0500B-01ST-Census.xls,01ST
B0301ST,05,064,"District - Almora
 (09)",Rural,15-59,Non-workers_Seeking/availabe for work_Females,30,DDW-0500B-01ST-Census.xls,01ST
B0301ST,05,064,"District - Almora
 (09)",Urban,Total,Non-workers_Seeking/availabe for work_Females,27,DDW-0500B-01ST-Census.xls,01ST
B0301ST,05,064,"District - Almora
 (09)",Urban,5-14,Non-workers_Seeking/availabe for work_Females,0,DDW-0500B-01ST-Census.xls,01ST
B0301ST,05,064,"District - Almora
 (09)",Urban,15-34,Non-workers_Seeking/availabe for work_Females,23,DDW-0500B-01ST-Census.xls,01ST
B0301ST,05,064,"District - Almora
 (09)",Urban,35-59,Non-workers_Seeking/availabe for work_Females,3,DDW-0500B-01ST-Census.xls,01ST
B0301ST,05,064,"District - Almora
 (09)",Urban,60+,Non-workers_Seeking/availabe for work_Females,1,DDW-0500B-01ST-Census.xls,01ST
B0301ST,05,064,"District - Almora
 (09)",Urban,Age not stated,Non-workers_Seeking/availabe for work_Females,0,DDW-0500B-01ST-Census.xls,01ST
B0301ST,05,064,"District - Almora
 (09)",Urban,15-59,Non-workers_Seeking/availabe for work_Females,26,DDW-0500B-01ST-Census.xls,01ST
B0301ST,05,065,District - Champawat (10),Total,Total,Non-workers_Seeking/availabe for work_Females,32,DDW-0500B-01ST-Census.xls,01ST
B0301ST,05,065,District - Champawat (10),Total,5-14,Non-workers_Seeking/availabe for work_Females,2,DDW-0500B-01ST-Census.xls,01ST
B0301ST,05,065,District - Champawat (10),Total,15-34,Non-workers_Seeking/availabe for work_Females,26,DDW-0500B-01ST-Census.xls,01ST
B0301ST,05,065,District - Champawat (10),Total,35-59,Non-workers_Seeking/availabe for work_Females,4,DDW-0500B-01ST-Census.xls,01ST
B0301ST,05,065,District - Champawat (10),Total,60+,Non-workers_Seeking/availabe for work_Females,0,DDW-0500B-01ST-Census.xls,01ST
B0301ST,05,065,District - Champawat (10),Total,Age not stated,Non-workers_Seeking/availabe for work_Females,0,DDW-0500B-01ST-Census.xls,01ST
B0301ST,05,065,District - Champawat (10),Total,15-59,Non-workers_Seeking/availabe for work_Females,30,DDW-0500B-01ST-Census.xls,01ST
B0301ST,05,065,District - Champawat (10),Rural,Total,Non-workers_Seeking/availabe for work_Females,25,DDW-0500B-01ST-Census.xls,01ST
B0301ST,05,065,District - Champawat (10),Rural,5-14,Non-workers_Seeking/availabe for work_Females,1,DDW-0500B-01ST-Census.xls,01ST
B0301ST,05,065,District - Champawat (10),Rural,15-34,Non-workers_Seeking/availabe for work_Females,21,DDW-0500B-01ST-Census.xls,01ST
B0301ST,05,065,District - Champawat (10),Rural,35-59,Non-workers_Seeking/availabe for work_Females,3,DDW-0500B-01ST-Census.xls,01ST
B0301ST,05,065,District - Champawat (10),Rural,60+,Non-workers_Seeking/availabe for work_Females,0,DDW-0500B-01ST-Census.xls,01ST
B0301ST,05,065,District - Champawat (10),Rural,Age not stated,Non-workers_Seeking/availabe for work_Females,0,DDW-0500B-01ST-Census.xls,01ST
B0301ST,05,065,District - Champawat (10),Rural,15-59,Non-workers_Seeking/availabe for work_Females,24,DDW-0500B-01ST-Census.xls,01ST
B0301ST,05,065,District - Champawat (10),Urban,Total,Non-workers_Seeking/availabe for work_Females,7,DDW-0500B-01ST-Census.xls,01ST
B0301ST,05,065,District - Champawat (10),Urban,5-14,Non-workers_Seeking/availabe for work_Females,1,DDW-0500B-01ST-Census.xls,01ST
B0301ST,05,065,District - Champawat (10),Urban,15-34,Non-workers_Seeking/availabe for work_Females,5,DDW-0500B-01ST-Census.xls,01ST
B0301ST,05,065,District - Champawat (10),Urban,35-59,Non-workers_Seeking/availabe for work_Females,1,DDW-0500B-01ST-Census.xls,01ST
B0301ST,05,065,District - Champawat (10),Urban,60+,Non-workers_Seeking/availabe for work_Females,0,DDW-0500B-01ST-Census.xls,01ST
B0301ST,05,065,District - Champawat (10),Urban,Age not stated,Non-workers_Seeking/availabe for work_Females,0,DDW-0500B-01ST-Census.xls,01ST
B0301ST,05,065,District - Champawat (10),Urban,15-59,Non-workers_Seeking/availabe for work_Females,6,DDW-0500B-01ST-Census.xls,01ST
B0301ST,05,066,District - Nainital (11),Total,Total,Non-workers_Seeking/availabe for work_Females,217,DDW-0500B-01ST-Census.xls,01ST
B0301ST,05,066,District - Nainital (11),Total,5-14,Non-workers_Seeking/availabe for work_Females,5,DDW-0500B-01ST-Census.xls,01ST
B0301ST,05,066,District - Nainital (11),Total,15-34,Non-workers_Seeking/availabe for work_Females,177,DDW-0500B-01ST-Census.xls,01ST
B0301ST,05,066,District - Nainital (11),Total,35-59,Non-workers_Seeking/availabe for work_Females,33,DDW-0500B-01ST-Census.xls,01ST
B0301ST,05,066,District - Nainital (11),Total,60+,Non-workers_Seeking/availabe for work_Females,2,DDW-0500B-01ST-Census.xls,01ST
B0301ST,05,066,District - Nainital (11),Total,Age not stated,Non-workers_Seeking/availabe for work_Females,0,DDW-0500B-01ST-Census.xls,01ST
B0301ST,05,066,District - Nainital (11),Total,15-59,Non-workers_Seeking/availabe for work_Females,210,DDW-0500B-01ST-Census.xls,01ST
B0301ST,05,066,District - Nainital (11),Rural,Total,Non-workers_Seeking/availabe for work_Females,147,DDW-0500B-01ST-Census.xls,01ST
B0301ST,05,066,District - Nainital (11),Rural,5-14,Non-workers_Seeking/availabe for work_Females,4,DDW-0500B-01ST-Census.xls,01ST
B0301ST,05,066,District - Nainital (11),Rural,15-34,Non-workers_Seeking/availabe for work_Females,114,DDW-0500B-01ST-Census.xls,01ST
B0301ST,05,066,District - Nainital (11),Rural,35-59,Non-workers_Seeking/availabe for work_Females,27,DDW-0500B-01ST-Census.xls,01ST
B0301ST,05,066,District - Nainital (11),Rural,60+,Non-workers_Seeking/availabe for work_Females,2,DDW-0500B-01ST-Census.xls,01ST
B0301ST,05,066,District - Nainital (11),Rural,Age not stated,Non-workers_Seeking/availabe for work_Females,0,DDW-0500B-01ST-Census.xls,01ST
B0301ST,05,066,District - Nainital (11),Rural,15-59,Non-workers_Seeking/availabe for work_Females,141,DDW-0500B-01ST-Census.xls,01ST
B0301ST,05,066,District - Nainital (11),Urban,Total,Non-workers_Seeking/availabe for work_Females,70,DDW-0500B-01ST-Census.xls,01ST
B0301ST,05,066,District - Nainital (11),Urban,5-14,Non-workers_Seeking/availabe for work_Females,1,DDW-0500B-01ST-Census.xls,01ST
B0301ST,05,066,District - Nainital (11),Urban,15-34,Non-workers_Seeking/availabe for work_Females,63,DDW-0500B-01ST-Census.xls,01ST
B0301ST,05,066,District - Nainital (11),Urban,35-59,Non-workers_Seeking/availabe for work_Females,6,DDW-0500B-01ST-Census.xls,01ST
B0301ST,05,066,District - Nainital (11),Urban,60+,Non-workers_Seeking/availabe for work_Females,0,DDW-0500B-01ST-Census.xls,01ST
B0301ST,05,066,District - Nainital (11),Urban,Age not stated,Non-workers_Seeking/availabe for work_Females,0,DDW-0500B-01ST-Census.xls,01ST
B0301ST,05,066,District - Nainital (11),Urban,15-59,Non-workers_Seeking/availabe for work_Females,69,DDW-0500B-01ST-Census.xls,01ST
B0301ST,05,067,District - Udham Singh Nagar (12),Total,Total,Non-workers_Seeking/availabe for work_Females,2777,DDW-0500B-01ST-Census.xls,01ST
B0301ST,05,067,District - Udham Singh Nagar (12),Total,5-14,Non-workers_Seeking/availabe for work_Females,183,DDW-0500B-01ST-Census.xls,01ST
B0301ST,05,067,District - Udham Singh Nagar (12),Total,15-34,Non-workers_Seeking/availabe for work_Females,2180,DDW-0500B-01ST-Census.xls,01ST
B0301ST,05,067,District - Udham Singh Nagar (12),Total,35-59,Non-workers_Seeking/availabe for work_Females,347,DDW-0500B-01ST-Census.xls,01ST
B0301ST,05,067,District - Udham Singh Nagar (12),Total,60+,Non-workers_Seeking/availabe for work_Females,67,DDW-0500B-01ST-Census.xls,01ST
B0301ST,05,067,District - Udham Singh Nagar (12),Total,Age not stated,Non-workers_Seeking/availabe for work_Females,0,DDW-0500B-01ST-Census.xls,01ST
B0301ST,05,067,District - Udham Singh Nagar (12),Total,15-59,Non-workers_Seeking/availabe for work_Females,2527,DDW-0500B-01ST-Census.xls,01ST
B0301ST,05,067,District - Udham Singh Nagar (12),Rural,Total,Non-workers_Seeking/availabe for work_Females,2574,DDW-0500B-01ST-Census.xls,01ST
B0301ST,05,067,District - Udham Singh Nagar (12),Rural,5-14,Non-workers_Seeking/availabe for work_Females,179,DDW-0500B-01ST-Census.xls,01ST
B0301ST,05,067,District - Udham Singh Nagar (12),Rural,15-34,Non-workers_Seeking/availabe for work_Females,2023,DDW-0500B-01ST-Census.xls,01ST
B0301ST,05,067,District - Udham Singh Nagar (12),Rural,35-59,Non-workers_Seeking/availabe for work_Females,309,DDW-0500B-01ST-Census.xls,01ST
B0301ST,05,067,District - Udham Singh Nagar (12),Rural,60+,Non-workers_Seeking/availabe for work_Females,63,DDW-0500B-01ST-Census.xls,01ST
B0301ST,05,067,District - Udham Singh Nagar (12),Rural,Age not stated,Non-workers_Seeking/availabe for work_Females,0,DDW-0500B-01ST-Census.xls,01ST
B0301ST,05,067,District - Udham Singh Nagar (12),Rural,15-59,Non-workers_Seeking/availabe for work_Females,2332,DDW-0500B-01ST-Census.xls,01ST
B0301ST,05,067,District - Udham Singh Nagar (12),Urban,Total,Non-workers_Seeking/availabe for work_Females,203,DDW-0500B-01ST-Census.xls,01ST
B0301ST,05,067,District - Udham Singh Nagar (12),Urban,5-14,Non-workers_Seeking/availabe for work_Females,4,DDW-0500B-01ST-Census.xls,01ST
B0301ST,05,067,District - Udham Singh Nagar (12),Urban,15-34,Non-workers_Seeking/availabe for work_Females,157,DDW-0500B-01ST-Census.xls,01ST
B0301ST,05,067,District - Udham Singh Nagar (12),Urban,35-59,Non-workers_Seeking/availabe for work_Females,38,DDW-0500B-01ST-Census.xls,01ST
B0301ST,05,067,District - Udham Singh Nagar (12),Urban,60+,Non-workers_Seeking/availabe for work_Females,4,DDW-0500B-01ST-Census.xls,01ST
B0301ST,05,067,District - Udham Singh Nagar (12),Urban,Age not stated,Non-workers_Seeking/availabe for work_Females,0,DDW-0500B-01ST-Census.xls,01ST
B0301ST,05,067,District - Udham Singh Nagar (12),Urban,15-59,Non-workers_Seeking/availabe for work_Females,195,DDW-0500B-01ST-Census.xls,01ST
B0301ST,05,068,District - Hardwar (13),Total,Total,Non-workers_Seeking/availabe for work_Females,51,DDW-0500B-01ST-Census.xls,01ST
B0301ST,05,068,District - Hardwar (13),Total,5-14,Non-workers_Seeking/availabe for work_Females,4,DDW-0500B-01ST-Census.xls,01ST
B0301ST,05,068,District - Hardwar (13),Total,15-34,Non-workers_Seeking/availabe for work_Females,37,DDW-0500B-01ST-Census.xls,01ST
B0301ST,05,068,District - Hardwar (13),Total,35-59,Non-workers_Seeking/availabe for work_Females,10,DDW-0500B-01ST-Census.xls,01ST
B0301ST,05,068,District - Hardwar (13),Total,60+,Non-workers_Seeking/availabe for work_Females,0,DDW-0500B-01ST-Census.xls,01ST
B0301ST,05,068,District - Hardwar (13),Total,Age not stated,Non-workers_Seeking/availabe for work_Females,0,DDW-0500B-01ST-Census.xls,01ST
B0301ST,05,068,District - Hardwar (13),Total,15-59,Non-workers_Seeking/availabe for work_Females,47,DDW-0500B-01ST-Census.xls,01ST
B0301ST,05,068,District - Hardwar (13),Rural,Total,Non-workers_Seeking/availabe for work_Females,34,DDW-0500B-01ST-Census.xls,01ST
B0301ST,05,068,District - Hardwar (13),Rural,5-14,Non-workers_Seeking/availabe for work_Females,4,DDW-0500B-01ST-Census.xls,01ST
B0301ST,05,068,District - Hardwar (13),Rural,15-34,Non-workers_Seeking/availabe for work_Females,23,DDW-0500B-01ST-Census.xls,01ST
B0301ST,05,068,District - Hardwar (13),Rural,35-59,Non-workers_Seeking/availabe for work_Females,7,DDW-0500B-01ST-Census.xls,01ST
B0301ST,05,068,District - Hardwar (13),Rural,60+,Non-workers_Seeking/availabe for work_Females,0,DDW-0500B-01ST-Census.xls,01ST
B0301ST,05,068,District - Hardwar (13),Rural,Age not stated,Non-workers_Seeking/availabe for work_Females,0,DDW-0500B-01ST-Census.xls,01ST
B0301ST,05,068,District - Hardwar (13),Rural,15-59,Non-workers_Seeking/availabe for work_Females,30,DDW-0500B-01ST-Census.xls,01ST
B0301ST,05,068,District - Hardwar (13),Urban,Total,Non-workers_Seeking/availabe for work_Females,17,DDW-0500B-01ST-Census.xls,01ST
B0301ST,05,068,District - Hardwar (13),Urban,5-14,Non-workers_Seeking/availabe for work_Females,0,DDW-0500B-01ST-Census.xls,01ST
B0301ST,05,068,District - Hardwar (13),Urban,15-34,Non-workers_Seeking/availabe for work_Females,14,DDW-0500B-01ST-Census.xls,01ST
B0301ST,05,068,District - Hardwar (13),Urban,35-59,Non-workers_Seeking/availabe for work_Females,3,DDW-0500B-01ST-Census.xls,01ST
B0301ST,05,068,District - Hardwar (13),Urban,60+,Non-workers_Seeking/availabe for work_Females,0,DDW-0500B-01ST-Census.xls,01ST
B0301ST,05,068,District - Hardwar (13),Urban,Age not stated,Non-workers_Seeking/availabe for work_Females,0,DDW-0500B-01ST-Census.xls,01ST
B0301ST,05,068,District - Hardwar (13),Urban,15-59,Non-workers_Seeking/availabe for work_Females,17,DDW-0500B-01ST-Census.xls,01ST
