table_name,state_code,district_code,area_name,total_rural_urban,educational_level,metric,value,source_file,dataset_code
B0203SC,15,000,State - MIZORAM,Total,Total,Population_Persons,1218.0,DDW-1500B-03SC.xlsx,03SC
B0203SC,15,000,State - MIZORAM,Total,Illiterate,Population_Persons,204.0,DDW-1500B-03SC.xlsx,03SC
B0203SC,15,000,State - MIZORAM,Total,Literate,Population_Persons,1014.0,DDW-1500B-03SC.xlsx,03SC
B0203SC,15,000,State - MIZORAM,Total,Literate but below matric/secondary,Population_Persons,553.0,DDW-1500B-03SC.xlsx,03SC
B0203SC,15,000,State - MIZORAM,Total,Matric/secondary but below graduate,Population_Persons,348.0,DDW-1500B-03SC.xlsx,03SC
B0203SC,15,000,State - MIZORAM,Total,Technical diploma or certificate not equal to degree,Population_Persons,14.0,DDW-1500B-03SC.xlsx,03SC
B0203SC,15,000,State - MIZORAM,Total,Graduate and above other than technical degree,Population_Persons,79.0,DDW-1500B-03SC.xlsx,03SC
B0203SC,15,000,State - MIZORAM,Total,Technical degree or diploma equal to degree or post-graduate degree,Population_Persons,15.0,DDW-1500B-03SC.xlsx,03SC
B0203SC,15,000,State - MIZORAM,Rural,Total,Population_Persons,298.0,DDW-1500B-03SC.xlsx,03SC
B0203SC,15,000,State - MIZORAM,Rural,Illiterate,Population_Persons,89.0,DDW-1500B-03SC.xlsx,03SC
B0203SC,15,000,State - MIZORAM,Rural,Literate,Population_Persons,209.0,DDW-1500B-03SC.xlsx,03SC
B0203SC,15,000,State - MIZORAM,Rural,Literate but below matric/secondary,Population_Persons,133.0,DDW-1500B-03SC.xlsx,03SC
B0203SC,15,000,State - MIZORAM,Rural,Matric/secondary but below graduate,Population_Persons,64.0,DDW-1500B-03SC.xlsx,03SC
B0203SC,15,000,State - MIZORAM,Rural,Technical diploma or certificate not equal to degree,Population_Persons,4.0,DDW-1500B-03SC.xlsx,03SC
B0203SC,15,000,State - MIZORAM,Rural,Graduate and above other than technical degree,Population_Persons,5.0,DDW-1500B-03SC.xlsx,03SC
B0203SC,15,000,State - MIZORAM,Rural,Technical degree or diploma equal to degree or post-graduate degree,Population_Persons,0.0,DDW-1500B-03SC.xlsx,03SC
B0203SC,15,000,State - MIZORAM,Urban,Total,Population_Persons,920.0,DDW-1500B-03SC.xlsx,03SC
B0203SC,15,000,State - MIZORAM,Urban,Illiterate,Population_Persons,115.0,DDW-1500B-03SC.xlsx,03SC
B0203SC,15,000,State - MIZORAM,Urban,Literate,Population_Persons,805.0,DDW-1500B-03SC.xlsx,03SC
B0203SC,15,000,State - MIZORAM,Urban,Literate but below matric/secondary,Population_Persons,420.0,DDW-1500B-03SC.xlsx,03SC
B0203SC,15,000,State - MIZORAM,Urban,Matric/secondary but below graduate,Population_Persons,284.0,DDW-1500B-03SC.xlsx,03SC
B0203SC,15,000,State - MIZORAM,Urban,Technical diploma or certificate not equal to degree,Population_Persons,10.0,DDW-1500B-03SC.xlsx,03SC
B0203SC,15,000,State - MIZORAM,Urban,Graduate and above other than technical degree,Population_Persons,74.0,DDW-1500B-03SC.xlsx,03SC
B0203SC,15,000,State - MIZORAM,Urban,Technical degree or diploma equal to degree or post-graduate degree,Population_Persons,15.0,DDW-1500B-03SC.xlsx,03SC
B0203SC,15,281,District - Mamit,Total,Total,Population_Persons,51.0,DDW-1500B-03SC.xlsx,03SC
B0203SC,15,281,District - Mamit,Total,Illiterate,Population_Persons,11.0,DDW-1500B-03SC.xlsx,03SC
B0203SC,15,281,District - Mamit,Total,Literate,Population_Persons,40.0,DDW-1500B-03SC.xlsx,03SC
B0203SC,15,281,District - Mamit,Total,Literate but below matric/secondary,Population_Persons,31.0,DDW-1500B-03SC.xlsx,03SC
B0203SC,15,281,District - Mamit,Total,Matric/secondary but below graduate,Population_Persons,6.0,DDW-1500B-03SC.xlsx,03SC
B0203SC,15,281,District - Mamit,Total,Technical diploma or certificate not equal to degree,Population_Persons,0.0,DDW-1500B-03SC.xlsx,03SC
B0203SC,15,281,District - Mamit,Total,Graduate and above other than technical degree,Population_Persons,2.0,DDW-1500B-03SC.xlsx,03SC
B0203SC,15,281,District - Mamit,Total,Technical degree or diploma equal to degree or post-graduate degree,Population_Persons,0.0,DDW-1500B-03SC.xlsx,03SC
B0203SC,15,281,District - Mamit,Rural,Total,Population_Persons,38.0,DDW-1500B-03SC.xlsx,03SC
B0203SC,15,281,District - Mamit,Rural,Illiterate,Population_Persons,9.0,DDW-1500B-03SC.xlsx,03SC
B0203SC,15,281,District - Mamit,Rural,Literate,Population_Persons,29.0,DDW-1500B-03SC.xlsx,03SC
B0203SC,15,281,District - Mamit,Rural,Literate but below matric/secondary,Population_Persons,24.0,DDW-1500B-03SC.xlsx,03SC
B0203SC,15,281,District - Mamit,Rural,Matric/secondary but below graduate,Population_Persons,3.0,DDW-1500B-03SC.xlsx,03SC
B0203SC,15,281,District - Mamit,Rural,Technical diploma or certificate not equal to degree,Population_Persons,0.0,DDW-1500B-03SC.xlsx,03SC
B0203SC,15,281,District - Mamit,Rural,Graduate and above other than technical degree,Population_Persons,1.0,DDW-1500B-03SC.xlsx,03SC
B0203SC,15,281,District - Mamit,Rural,Technical degree or diploma equal to degree or post-graduate degree,Population_Persons,0.0,DDW-1500B-03SC.xlsx,03SC
B0203SC,15,281,District - Mamit,Urban,Total,Population_Persons,13.0,DDW-1500B-03SC.xlsx,03SC
B0203SC,15,281,District - Mamit,Urban,Illiterate,Population_Persons,2.0,DDW-1500B-03SC.xlsx,03SC
B0203SC,15,281,District - Mamit,Urban,Literate,Population_Persons,11.0,DDW-1500B-03SC.xlsx,03SC
B0203SC,15,281,District - Mamit,Urban,Literate but below matric/secondary,Population_Persons,7.0,DDW-1500B-03SC.xlsx,03SC
B0203SC,15,281,District - Mamit,Urban,Matric/secondary but below graduate,Population_Persons,3.0,DDW-1500B-03SC.xlsx,03SC
B0203SC,15,281,District - Mamit,Urban,Technical diploma or certificate not equal to degree,Population_Persons,0.0,DDW-1500B-03SC.xlsx,03SC
B0203SC,15,281,District - Mamit,Urban,Graduate and above other than technical degree,Population_Persons,1.0,DDW-1500B-03SC.xlsx,03SC
B0203SC,15,281,District - Mamit,Urban,Technical degree or diploma equal to degree or post-graduate degree,Population_Persons,0.0,DDW-1500B-03SC.xlsx,03SC
B0203SC,15,282,District - Kolasib,Total,Total,Population_Persons,84.0,DDW-1500B-03SC.xlsx,03SC
B0203SC,15,282,District - Kolasib,Total,Illiterate,Population_Persons,9.0,DDW-1500B-03SC.xlsx,03SC
B0203SC,15,282,District - Kolasib,Total,Literate,Population_Persons,75.0,DDW-1500B-03SC.xlsx,03SC
B0203SC,15,282,District - Kolasib,Total,Literate but below matric/secondary,Population_Persons,41.0,DDW-1500B-03SC.xlsx,03SC
B0203SC,15,282,District - Kolasib,Total,Matric/secondary but below graduate,Population_Persons,22.0,DDW-1500B-03SC.xlsx,03SC
B0203SC,15,282,District - Kolasib,Total,Technical diploma or certificate not equal to degree,Population_Persons,1.0,DDW-1500B-03SC.xlsx,03SC
B0203SC,15,282,District - Kolasib,Total,Graduate and above other than technical degree,Population_Persons,10.0,DDW-1500B-03SC.xlsx,03SC
B0203SC,15,282,District - Kolasib,Total,Technical degree or diploma equal to degree or post-graduate degree,Population_Persons,0.0,DDW-1500B-03SC.xlsx,03SC
B0203SC,15,282,District - Kolasib,Rural,Total,Population_Persons,17.0,DDW-1500B-03SC.xlsx,03SC
B0203SC,15,282,District - Kolasib,Rural,Illiterate,Population_Persons,3.0,DDW-1500B-03SC.xlsx,03SC
B0203SC,15,282,District - Kolasib,Rural,Literate,Population_Persons,14.0,DDW-1500B-03SC.xlsx,03SC
B0203SC,15,282,District - Kolasib,Rural,Literate but below matric/secondary,Population_Persons,10.0,DDW-1500B-03SC.xlsx,03SC
B0203SC,15,282,District - Kolasib,Rural,Matric/secondary but below graduate,Population_Persons,3.0,DDW-1500B-03SC.xlsx,03SC
B0203SC,15,282,District - Kolasib,Rural,Technical diploma or certificate not equal to degree,Population_Persons,0.0,DDW-1500B-03SC.xlsx,03SC
B0203SC,15,282,District - Kolasib,Rural,Graduate and above other than technical degree,Population_Persons,1.0,DDW-1500B-03SC.xlsx,03SC
B0203SC,15,282,District - Kolasib,Rural,Technical degree or diploma equal to degree or post-graduate degree,Population_Persons,0.0,DDW-1500B-03SC.xlsx,03SC
B0203SC,15,282,District - Kolasib,Urban,Total,Population_Persons,67.0,DDW-1500B-03SC.xlsx,03SC
B0203SC,15,282,District - Kolasib,Urban,Illiterate,Population_Persons,6.0,DDW-1500B-03SC.xlsx,03SC
B0203SC,15,282,District - Kolasib,Urban,Literate,Population_Persons,61.0,DDW-1500B-03SC.xlsx,03SC
B0203SC,15,282,District - Kolasib,Urban,Literate but below matric/secondary,Population_Persons,31.0,DDW-1500B-03SC.xlsx,03SC
B0203SC,15,282,District - Kolasib,Urban,Matric/secondary but below graduate,Population_Persons,19.0,DDW-1500B-03SC.xlsx,03SC
B0203SC,15,282,District - Kolasib,Urban,Technical diploma or certificate not equal to degree,Population_Persons,1.0,DDW-1500B-03SC.xlsx,03SC
B0203SC,15,282,District - Kolasib,Urban,Graduate and above other than technical degree,Population_Persons,9.0,DDW-1500B-03SC.xlsx,03SC
B0203SC,15,282,District - Kolasib,Urban,Technical degree or diploma equal to degree or post-graduate degree,Population_Persons,0.0,DDW-1500B-03SC.xlsx,03SC
B0203SC,15,283,District - Aizawl,Total,Total,Population_Persons,627.0,DDW-1500B-03SC.xlsx,03SC
B0203SC,15,283,District - Aizawl,Total,Illiterate,Population_Persons,83.0,DDW-1500B-03SC.xlsx,03SC
B0203SC,15,283,District - Aizawl,Total,Literate,Population_Persons,544.0,DDW-1500B-03SC.xlsx,03SC
B0203SC,15,283,District - Aizawl,Total,Literate but below matric/secondary,Population_Persons,275.0,DDW-1500B-03SC.xlsx,03SC
B0203SC,15,283,District - Aizawl,Total,Matric/secondary but below graduate,Population_Persons,194.0,DDW-1500B-03SC.xlsx,03SC
B0203SC,15,283,District - Aizawl,Total,Technical diploma or certificate not equal to degree,Population_Persons,6.0,DDW-1500B-03SC.xlsx,03SC
B0203SC,15,283,District - Aizawl,Total,Graduate and above other than technical degree,Population_Persons,57.0,DDW-1500B-03SC.xlsx,03SC
B0203SC,15,283,District - Aizawl,Total,Technical degree or diploma equal to degree or post-graduate degree,Population_Persons,11.0,DDW-1500B-03SC.xlsx,03SC
B0203SC,15,283,District - Aizawl,Rural,Total,Population_Persons,46.0,DDW-1500B-03SC.xlsx,03SC
B0203SC,15,283,District - Aizawl,Rural,Illiterate,Population_Persons,6.0,DDW-1500B-03SC.xlsx,03SC
B0203SC,15,283,District - Aizawl,Rural,Literate,Population_Persons,40.0,DDW-1500B-03SC.xlsx,03SC
B0203SC,15,283,District - Aizawl,Rural,Literate but below matric/secondary,Population_Persons,11.0,DDW-1500B-03SC.xlsx,03SC
B0203SC,15,283,District - Aizawl,Rural,Matric/secondary but below graduate,Population_Persons,25.0,DDW-1500B-03SC.xlsx,03SC
B0203SC,15,283,District - Aizawl,Rural,Technical diploma or certificate not equal to degree,Population_Persons,4.0,DDW-1500B-03SC.xlsx,03SC
B0203SC,15,283,District - Aizawl,Rural,Graduate and above other than technical degree,Population_Persons,0.0,DDW-1500B-03SC.xlsx,03SC
B0203SC,15,283,District - Aizawl,Rural,Technical degree or diploma equal to degree or post-graduate degree,Population_Persons,0.0,DDW-1500B-03SC.xlsx,03SC
B0203SC,15,283,District - Aizawl,Urban,Total,Population_Persons,581.0,DDW-1500B-03SC.xlsx,03SC
B0203SC,15,283,District - Aizawl,Urban,Illiterate,Population_Persons,77.0,DDW-1500B-03SC.xlsx,03SC
B0203SC,15,283,District - Aizawl,Urban,Literate,Population_Persons,504.0,DDW-1500B-03SC.xlsx,03SC
B0203SC,15,283,District - Aizawl,Urban,Literate but below matric/secondary,Population_Persons,264.0,DDW-1500B-03SC.xlsx,03SC
B0203SC,15,283,District - Aizawl,Urban,Matric/secondary but below graduate,Population_Persons,169.0,DDW-1500B-03SC.xlsx,03SC
B0203SC,15,283,District - Aizawl,Urban,Technical diploma or certificate not equal to degree,Population_Persons,2.0,DDW-1500B-03SC.xlsx,03SC
B0203SC,15,283,District - Aizawl,Urban,Graduate and above other than technical degree,Population_Persons,57.0,DDW-1500B-03SC.xlsx,03SC
B0203SC,15,283,District - Aizawl,Urban,Technical degree or diploma equal to degree or post-graduate degree,Population_Persons,11.0,DDW-1500B-03SC.xlsx,03SC
B0203SC,15,284,District - Champhai,Total,Total,Population_Persons,17.0,DDW-1500B-03SC.xlsx,03SC
B0203SC,15,284,District - Champhai,Total,Illiterate,Population_Persons,2.0,DDW-1500B-03SC.xlsx,03SC
B0203SC,15,284,District - Champhai,Total,Literate,Population_Persons,15.0,DDW-1500B-03SC.xlsx,03SC
B0203SC,15,284,District - Champhai,Total,Literate but below matric/secondary,Population_Persons,5.0,DDW-1500B-03SC.xlsx,03SC
B0203SC,15,284,District - Champhai,Total,Matric/secondary but below graduate,Population_Persons,9.0,DDW-1500B-03SC.xlsx,03SC
B0203SC,15,284,District - Champhai,Total,Technical diploma or certificate not equal to degree,Population_Persons,0.0,DDW-1500B-03SC.xlsx,03SC
B0203SC,15,284,District - Champhai,Total,Graduate and above other than technical degree,Population_Persons,1.0,DDW-1500B-03SC.xlsx,03SC
B0203SC,15,284,District - Champhai,Total,Technical degree or diploma equal to degree or post-graduate degree,Population_Persons,0.0,DDW-1500B-03SC.xlsx,03SC
B0203SC,15,284,District - Champhai,Rural,Total,Population_Persons,10.0,DDW-1500B-03SC.xlsx,03SC
B0203SC,15,284,District - Champhai,Rural,Illiterate,Population_Persons,1.0,DDW-1500B-03SC.xlsx,03SC
B0203SC,15,284,District - Champhai,Rural,Literate,Population_Persons,9.0,DDW-1500B-03SC.xlsx,03SC
B0203SC,15,284,District - Champhai,Rural,Literate but below matric/secondary,Population_Persons,5.0,DDW-1500B-03SC.xlsx,03SC
B0203SC,15,284,District - Champhai,Rural,Matric/secondary but below graduate,Population_Persons,4.0,DDW-1500B-03SC.xlsx,03SC
B0203SC,15,284,District - Champhai,Rural,Technical diploma or certificate not equal to degree,Population_Persons,0.0,DDW-1500B-03SC.xlsx,03SC
B0203SC,15,284,District - Champhai,Rural,Graduate and above other than technical degree,Population_Persons,0.0,DDW-1500B-03SC.xlsx,03SC
B0203SC,15,284,District - Champhai,Rural,Technical degree or diploma equal to degree or post-graduate degree,Population_Persons,0.0,DDW-1500B-03SC.xlsx,03SC
B0203SC,15,284,District - Champhai,Urban,Total,Population_Persons,7.0,DDW-1500B-03SC.xlsx,03SC
B0203SC,15,284,District - Champhai,Urban,Illiterate,Population_Persons,1.0,DDW-1500B-03SC.xlsx,03SC
B0203SC,15,284,District - Champhai,Urban,Literate,Population_Persons,6.0,DDW-1500B-03SC.xlsx,03SC
B0203SC,15,284,District - Champhai,Urban,Literate but below matric/secondary,Population_Persons,0.0,DDW-1500B-03SC.xlsx,03SC
B0203SC,15,284,District - Champhai,Urban,Matric/secondary but below graduate,Population_Persons,5.0,DDW-1500B-03SC.xlsx,03SC
B0203SC,15,284,District - Champhai,Urban,Technical diploma or certificate not equal to degree,Population_Persons,0.0,DDW-1500B-03SC.xlsx,03SC
B0203SC,15,284,District - Champhai,Urban,Graduate and above other than technical degree,Population_Persons,1.0,DDW-1500B-03SC.xlsx,03SC
B0203SC,15,284,District - Champhai,Urban,Technical degree or diploma equal to degree or post-graduate degree,Population_Persons,0.0,DDW-1500B-03SC.xlsx,03SC
B0203SC,15,285,District - Serchhip,Total,Total,Population_Persons,32.0,DDW-1500B-03SC.xlsx,03SC
B0203SC,15,285,District - Serchhip,Total,Illiterate,Population_Persons,1.0,DDW-1500B-03SC.xlsx,03SC
B0203SC,15,285,District - Serchhip,Total,Literate,Population_Persons,31.0,DDW-1500B-03SC.xlsx,03SC
B0203SC,15,285,District - Serchhip,Total,Literate but below matric/secondary,Population_Persons,22.0,DDW-1500B-03SC.xlsx,03SC
B0203SC,15,285,District - Serchhip,Total,Matric/secondary but below graduate,Population_Persons,6.0,DDW-1500B-03SC.xlsx,03SC
B0203SC,15,285,District - Serchhip,Total,Technical diploma or certificate not equal to degree,Population_Persons,0.0,DDW-1500B-03SC.xlsx,03SC
B0203SC,15,285,District - Serchhip,Total,Graduate and above other than technical degree,Population_Persons,2.0,DDW-1500B-03SC.xlsx,03SC
B0203SC,15,285,District - Serchhip,Total,Technical degree or diploma equal to degree or post-graduate degree,Population_Persons,1.0,DDW-1500B-03SC.xlsx,03SC
B0203SC,15,285,District - Serchhip,Rural,Total,Population_Persons,13.0,DDW-1500B-03SC.xlsx,03SC
B0203SC,15,285,District - Serchhip,Rural,Illiterate,Population_Persons,0.0,DDW-1500B-03SC.xlsx,03SC
B0203SC,15,285,District - Serchhip,Rural,Literate,Population_Persons,13.0,DDW-1500B-03SC.xlsx,03SC
B0203SC,15,285,District - Serchhip,Rural,Literate but below matric/secondary,Population_Persons,9.0,DDW-1500B-03SC.xlsx,03SC
B0203SC,15,285,District - Serchhip,Rural,Matric/secondary but below graduate,Population_Persons,3.0,DDW-1500B-03SC.xlsx,03SC
B0203SC,15,285,District - Serchhip,Rural,Technical diploma or certificate not equal to degree,Population_Persons,0.0,DDW-1500B-03SC.xlsx,03SC
B0203SC,15,285,District - Serchhip,Rural,Graduate and above other than technical degree,Population_Persons,1.0,DDW-1500B-03SC.xlsx,03SC
B0203SC,15,285,District - Serchhip,Rural,Technical degree or diploma equal to degree or post-graduate degree,Population_Persons,0.0,DDW-1500B-03SC.xlsx,03SC
B0203SC,15,285,District - Serchhip,Urban,Total,Population_Persons,19.0,DDW-1500B-03SC.xlsx,03SC
B0203SC,15,285,District - Serchhip,Urban,Illiterate,Population_Persons,1.0,DDW-1500B-03SC.xlsx,03SC
B0203SC,15,285,District - Serchhip,Urban,Literate,Population_Persons,18.0,DDW-1500B-03SC.xlsx,03SC
B0203SC,15,285,District - Serchhip,Urban,Literate but below matric/secondary,Population_Persons,13.0,DDW-1500B-03SC.xlsx,03SC
B0203SC,15,285,District - Serchhip,Urban,Matric/secondary but below graduate,Population_Persons,3.0,DDW-1500B-03SC.xlsx,03SC
B0203SC,15,285,District - Serchhip,Urban,Technical diploma or certificate not equal to degree,Population_Persons,0.0,DDW-1500B-03SC.xlsx,03SC
B0203SC,15,285,District - Serchhip,Urban,Graduate and above other than technical degree,Population_Persons,1.0,DDW-1500B-03SC.xlsx,03SC
B0203SC,15,285,District - Serchhip,Urban,Technical degree or diploma equal to degree or post-graduate degree,Population_Persons,1.0,DDW-1500B-03SC.xlsx,03SC
B0203SC,15,286,District - Lunglei,Total,Total,Population_Persons,178.0,DDW-1500B-03SC.xlsx,03SC
B0203SC,15,286,District - Lunglei,Total,Illiterate,Population_Persons,41.0,DDW-1500B-03SC.xlsx,03SC
B0203SC,15,286,District - Lunglei,Total,Literate,Population_Persons,137.0,DDW-1500B-03SC.xlsx,03SC
B0203SC,15,286,District - Lunglei,Total,Literate but below matric/secondary,Population_Persons,76.0,DDW-1500B-03SC.xlsx,03SC
B0203SC,15,286,District - Lunglei,Total,Matric/secondary but below graduate,Population_Persons,54.0,DDW-1500B-03SC.xlsx,03SC
B0203SC,15,286,District - Lunglei,Total,Technical diploma or certificate not equal to degree,Population_Persons,1.0,DDW-1500B-03SC.xlsx,03SC
B0203SC,15,286,District - Lunglei,Total,Graduate and above other than technical degree,Population_Persons,2.0,DDW-1500B-03SC.xlsx,03SC
B0203SC,15,286,District - Lunglei,Total,Technical degree or diploma equal to degree or post-graduate degree,Population_Persons,2.0,DDW-1500B-03SC.xlsx,03SC
B0203SC,15,286,District - Lunglei,Rural,Total,Population_Persons,65.0,DDW-1500B-03SC.xlsx,03SC
B0203SC,15,286,District - Lunglei,Rural,Illiterate,Population_Persons,30.0,DDW-1500B-03SC.xlsx,03SC
B0203SC,15,286,District - Lunglei,Rural,Literate,Population_Persons,35.0,DDW-1500B-03SC.xlsx,03SC
B0203SC,15,286,District - Lunglei,Rural,Literate but below matric/secondary,Population_Persons,29.0,DDW-1500B-03SC.xlsx,03SC
B0203SC,15,286,District - Lunglei,Rural,Matric/secondary but below graduate,Population_Persons,4.0,DDW-1500B-03SC.xlsx,03SC
B0203SC,15,286,District - Lunglei,Rural,Technical diploma or certificate not equal to degree,Population_Persons,0.0,DDW-1500B-03SC.xlsx,03SC
B0203SC,15,286,District - Lunglei,Rural,Graduate and above other than technical degree,Population_Persons,0.0,DDW-1500B-03SC.xlsx,03SC
B0203SC,15,286,District - Lunglei,Rural,Technical degree or diploma equal to degree or post-graduate degree,Population_Persons,0.0,DDW-1500B-03SC.xlsx,03SC
B0203SC,15,286,District - Lunglei,Urban,Total,Population_Persons,113.0,DDW-1500B-03SC.xlsx,03SC
B0203SC,15,286,District - Lunglei,Urban,Illiterate,Population_Persons,11.0,DDW-1500B-03SC.xlsx,03SC
B0203SC,15,286,District - Lunglei,Urban,Literate,Population_Persons,102.0,DDW-1500B-03SC.xlsx,03SC
B0203SC,15,286,District - Lunglei,Urban,Literate but below matric/secondary,Population_Persons,47.0,DDW-1500B-03SC.xlsx,03SC
B0203SC,15,286,District - Lunglei,Urban,Matric/secondary but below graduate,Population_Persons,50.0,DDW-1500B-03SC.xlsx,03SC
B0203SC,15,286,District - Lunglei,Urban,Technical diploma or certificate not equal to degree,Population_Persons,1.0,DDW-1500B-03SC.xlsx,03SC
B0203SC,15,286,District - Lunglei,Urban,Graduate and above other than technical degree,Population_Persons,2.0,DDW-1500B-03SC.xlsx,03SC
B0203SC,15,286,District - Lunglei,Urban,Technical degree or diploma equal to degree or post-graduate degree,Population_Persons,2.0,DDW-1500B-03SC.xlsx,03SC
B0203SC,15,287,District - Lawngtlai,Total,Total,Population_Persons,146.0,DDW-1500B-03SC.xlsx,03SC
B0203SC,15,287,District - Lawngtlai,Total,Illiterate,Population_Persons,43.0,DDW-1500B-03SC.xlsx,03SC
B0203SC,15,287,District - Lawngtlai,Total,Literate,Population_Persons,103.0,DDW-1500B-03SC.xlsx,03SC
B0203SC,15,287,District - Lawngtlai,Total,Literate but below matric/secondary,Population_Persons,63.0,DDW-1500B-03SC.xlsx,03SC
B0203SC,15,287,District - Lawngtlai,Total,Matric/secondary but below graduate,Population_Persons,32.0,DDW-1500B-03SC.xlsx,03SC
B0203SC,15,287,District - Lawngtlai,Total,Technical diploma or certificate not equal to degree,Population_Persons,6.0,DDW-1500B-03SC.xlsx,03SC
B0203SC,15,287,District - Lawngtlai,Total,Graduate and above other than technical degree,Population_Persons,2.0,DDW-1500B-03SC.xlsx,03SC
B0203SC,15,287,District - Lawngtlai,Total,Technical degree or diploma equal to degree or post-graduate degree,Population_Persons,0.0,DDW-1500B-03SC.xlsx,03SC
B0203SC,15,287,District - Lawngtlai,Rural,Total,Population_Persons,97.0,DDW-1500B-03SC.xlsx,03SC
B0203SC,15,287,District - Lawngtlai,Rural,Illiterate,Population_Persons,35.0,DDW-1500B-03SC.xlsx,03SC
B0203SC,15,287,District - Lawngtlai,Rural,Literate,Population_Persons,62.0,DDW-1500B-03SC.xlsx,03SC
B0203SC,15,287,District - Lawngtlai,Rural,Literate but below matric/secondary,Population_Persons,42.0,DDW-1500B-03SC.xlsx,03SC
B0203SC,15,287,District - Lawngtlai,Rural,Matric/secondary but below graduate,Population_Persons,19.0,DDW-1500B-03SC.xlsx,03SC
B0203SC,15,287,District - Lawngtlai,Rural,Technical diploma or certificate not equal to degree,Population_Persons,0.0,DDW-1500B-03SC.xlsx,03SC
B0203SC,15,287,District - Lawngtlai,Rural,Graduate and above other than technical degree,Population_Persons,1.0,DDW-1500B-03SC.xlsx,03SC
B0203SC,15,287,District - Lawngtlai,Rural,Technical degree or diploma equal to degree or post-graduate degree,Population_Persons,0.0,DDW-1500B-03SC.xlsx,03SC
B0203SC,15,287,District - Lawngtlai,Urban,Total,Population_Persons,49.0,DDW-1500B-03SC.xlsx,03SC
B0203SC,15,287,District - Lawngtlai,Urban,Illiterate,Population_Persons,8.0,DDW-1500B-03SC.xlsx,03SC
B0203SC,15,287,District - Lawngtlai,Urban,Literate,Population_Persons,41.0,DDW-1500B-03SC.xlsx,03SC
B0203SC,15,287,District - Lawngtlai,Urban,Literate but below matric/secondary,Population_Persons,21.0,DDW-1500B-03SC.xlsx,03SC
B0203SC,15,287,District - Lawngtlai,Urban,Matric/secondary but below graduate,Population_Persons,13.0,DDW-1500B-03SC.xlsx,03SC
B0203SC,15,287,District - Lawngtlai,Urban,Technical diploma or certificate not equal to degree,Population_Persons,6.0,DDW-1500B-03SC.xlsx,03SC
B0203SC,15,287,District - Lawngtlai,Urban,Graduate and above other than technical degree,Population_Persons,1.0,DDW-1500B-03SC.xlsx,03SC
B0203SC,15,287,District - Lawngtlai,Urban,Technical degree or diploma equal to degree or post-graduate degree,Population_Persons,0.0,DDW-1500B-03SC.xlsx,03SC
B0203SC,15,288,District - Saiha,Total,Total,Population_Persons,83.0,DDW-1500B-03SC.xlsx,03SC
B0203SC,15,288,District - Saiha,Total,Illiterate,Population_Persons,14.0,DDW-1500B-03SC.xlsx,03SC
B0203SC,15,288,District - Saiha,Total,Literate,Population_Persons,69.0,DDW-1500B-03SC.xlsx,03SC
B0203SC,15,288,District - Saiha,Total,Literate but below matric/secondary,Population_Persons,40.0,DDW-1500B-03SC.xlsx,03SC
B0203SC,15,288,District - Saiha,Total,Matric/secondary but below graduate,Population_Persons,25.0,DDW-1500B-03SC.xlsx,03SC
B0203SC,15,288,District - Saiha,Total,Technical diploma or certificate not equal to degree,Population_Persons,0.0,DDW-1500B-03SC.xlsx,03SC
B0203SC,15,288,District - Saiha,Total,Graduate and above other than technical degree,Population_Persons,3.0,DDW-1500B-03SC.xlsx,03SC
B0203SC,15,288,District - Saiha,Total,Technical degree or diploma equal to degree or post-graduate degree,Population_Persons,1.0,DDW-1500B-03SC.xlsx,03SC
B0203SC,15,288,District - Saiha,Rural,Total,Population_Persons,12.0,DDW-1500B-03SC.xlsx,03SC
B0203SC,15,288,District - Saiha,Rural,Illiterate,Population_Persons,5.0,DDW-1500B-03SC.xlsx,03SC
B0203SC,15,288,District - Saiha,Rural,Literate,Population_Persons,7.0,DDW-1500B-03SC.xlsx,03SC
B0203SC,15,288,District - Saiha,Rural,Literate but below matric/secondary,Population_Persons,3.0,DDW-1500B-03SC.xlsx,03SC
B0203SC,15,288,District - Saiha,Rural,Matric/secondary but below graduate,Population_Persons,3.0,DDW-1500B-03SC.xlsx,03SC
B0203SC,15,288,District - Saiha,Rural,Technical diploma or certificate not equal to degree,Population_Persons,0.0,DDW-1500B-03SC.xlsx,03SC
B0203SC,15,288,District - Saiha,Rural,Graduate and above other than technical degree,Population_Persons,1.0,DDW-1500B-03SC.xlsx,03SC
B0203SC,15,288,District - Saiha,Rural,Technical degree or diploma equal to degree or post-graduate degree,Population_Persons,0.0,DDW-1500B-03SC.xlsx,03SC
B0203SC,15,288,District - Saiha,Urban,Total,Population_Persons,71.0,DDW-1500B-03SC.xlsx,03SC
B0203SC,15,288,District - Saiha,Urban,Illiterate,Population_Persons,9.0,DDW-1500B-03SC.xlsx,03SC
B0203SC,15,288,District - Saiha,Urban,Literate,Population_Persons,62.0,DDW-1500B-03SC.xlsx,03SC
B0203SC,15,288,District - Saiha,Urban,Literate but below matric/secondary,Population_Persons,37.0,DDW-1500B-03SC.xlsx,03SC
B0203SC,15,288,District - Saiha,Urban,Matric/secondary but below graduate,Population_Persons,22.0,DDW-1500B-03SC.xlsx,03SC
B0203SC,15,288,District - Saiha,Urban,Technical diploma or certificate not equal to degree,Population_Persons,0.0,DDW-1500B-03SC.xlsx,03SC
B0203SC,15,288,District - Saiha,Urban,Graduate and above other than technical degree,Population_Persons,2.0,DDW-1500B-03SC.xlsx,03SC
B0203SC,15,288,District - Saiha,Urban,Technical degree or diploma equal to degree or post-graduate degree,Population_Persons,1.0,DDW-1500B-03SC.xlsx,03SC
B0203SC,15,000,State - MIZORAM,Total,Total,Population_Males,807.0,DDW-1500B-03SC.xlsx,03SC
B0203SC,15,000,State - MIZORAM,Total,Illiterate,Population_Males,108.0,DDW-1500B-03SC.xlsx,03SC
B0203SC,15,000,State - MIZORAM,Total,Literate,Population_Males,699.0,DDW-1500B-03SC.xlsx,03SC
B0203SC,15,000,State - MIZORAM,Total,Literate but below matric/secondary,Population_Males,372.0,DDW-1500B-03SC.xlsx,03SC
B0203SC,15,000,State - MIZORAM,Total,Matric/secondary but below graduate,Population_Males,250.0,DDW-1500B-03SC.xlsx,03SC
B0203SC,15,000,State - MIZORAM,Total,Technical diploma or certificate not equal to degree,Population_Males,13.0,DDW-1500B-03SC.xlsx,03SC
B0203SC,15,000,State - MIZORAM,Total,Graduate and above other than technical degree,Population_Males,48.0,DDW-1500B-03SC.xlsx,03SC
B0203SC,15,000,State - MIZORAM,Total,Technical degree or diploma equal to degree or post-graduate degree,Population_Males,13.0,DDW-1500B-03SC.xlsx,03SC
B0203SC,15,000,State - MIZORAM,Rural,Total,Population_Males,209.0,DDW-1500B-03SC.xlsx,03SC
B0203SC,15,000,State - MIZORAM,Rural,Illiterate,Population_Males,46.0,DDW-1500B-03SC.xlsx,03SC
B0203SC,15,000,State - MIZORAM,Rural,Literate,Population_Males,163.0,DDW-1500B-03SC.xlsx,03SC
B0203SC,15,000,State - MIZORAM,Rural,Literate but below matric/secondary,Population_Males,97.0,DDW-1500B-03SC.xlsx,03SC
B0203SC,15,000,State - MIZORAM,Rural,Matric/secondary but below graduate,Population_Males,55.0,DDW-1500B-03SC.xlsx,03SC
B0203SC,15,000,State - MIZORAM,Rural,Technical diploma or certificate not equal to degree,Population_Males,4.0,DDW-1500B-03SC.xlsx,03SC
B0203SC,15,000,State - MIZORAM,Rural,Graduate and above other than technical degree,Population_Males,5.0,DDW-1500B-03SC.xlsx,03SC
B0203SC,15,000,State - MIZORAM,Rural,Technical degree or diploma equal to degree or post-graduate degree,Population_Males,0.0,DDW-1500B-03SC.xlsx,03SC
B0203SC,15,000,State - MIZORAM,Urban,Total,Population_Males,598.0,DDW-1500B-03SC.xlsx,03SC
B0203SC,15,000,State - MIZORAM,Urban,Illiterate,Population_Males,62.0,DDW-1500B-03SC.xlsx,03SC
B0203SC,15,000,State - MIZORAM,Urban,Literate,Population_Males,536.0,DDW-1500B-03SC.xlsx,03SC
B0203SC,15,000,State - MIZORAM,Urban,Literate but below matric/secondary,Population_Males,275.0,DDW-1500B-03SC.xlsx,03SC
B0203SC,15,000,State - MIZORAM,Urban,Matric/secondary but below graduate,Population_Males,195.0,DDW-1500B-03SC.xlsx,03SC
B0203SC,15,000,State - MIZORAM,Urban,Technical diploma or certificate not equal to degree,Population_Males,9.0,DDW-1500B-03SC.xlsx,03SC
B0203SC,15,000,State - MIZORAM,Urban,Graduate and above other than technical degree,Population_Males,43.0,DDW-1500B-03SC.xlsx,03SC
B0203SC,15,000,State - MIZORAM,Urban,Technical degree or diploma equal to degree or post-graduate degree,Population_Males,13.0,DDW-1500B-03SC.xlsx,03SC
B0203SC,15,281,District - Mamit,Total,Total,Population_Males,42.0,DDW-1500B-03SC.xlsx,03SC
B0203SC,15,281,District - Mamit,Total,Illiterate,Population_Males,7.0,DDW-1500B-03SC.xlsx,03SC
B0203SC,15,281,District - Mamit,Total,Literate,Population_Males,35.0,DDW-1500B-03SC.xlsx,03SC
B0203SC,15,281,District - Mamit,Total,Literate but below matric/secondary,Population_Males,26.0,DDW-1500B-03SC.xlsx,03SC
B0203SC,15,281,District - Mamit,Total,Matric/secondary but below graduate,Population_Males,6.0,DDW-1500B-03SC.xlsx,03SC
B0203SC,15,281,District - Mamit,Total,Technical diploma or certificate not equal to degree,Population_Males,0.0,DDW-1500B-03SC.xlsx,03SC
B0203SC,15,281,District - Mamit,Total,Graduate and above other than technical degree,Population_Males,2.0,DDW-1500B-03SC.xlsx,03SC
B0203SC,15,281,District - Mamit,Total,Technical degree or diploma equal to degree or post-graduate degree,Population_Males,0.0,DDW-1500B-03SC.xlsx,03SC
B0203SC,15,281,District - Mamit,Rural,Total,Population_Males,31.0,DDW-1500B-03SC.xlsx,03SC
B0203SC,15,281,District - Mamit,Rural,Illiterate,Population_Males,6.0,DDW-1500B-03SC.xlsx,03SC
B0203SC,15,281,District - Mamit,Rural,Literate,Population_Males,25.0,DDW-1500B-03SC.xlsx,03SC
B0203SC,15,281,District - Mamit,Rural,Literate but below matric/secondary,Population_Males,20.0,DDW-1500B-03SC.xlsx,03SC
B0203SC,15,281,District - Mamit,Rural,Matric/secondary but below graduate,Population_Males,3.0,DDW-1500B-03SC.xlsx,03SC
B0203SC,15,281,District - Mamit,Rural,Technical diploma or certificate not equal to degree,Population_Males,0.0,DDW-1500B-03SC.xlsx,03SC
B0203SC,15,281,District - Mamit,Rural,Graduate and above other than technical degree,Population_Males,1.0,DDW-1500B-03SC.xlsx,03SC
B0203SC,15,281,District - Mamit,Rural,Technical degree or diploma equal to degree or post-graduate degree,Population_Males,0.0,DDW-1500B-03SC.xlsx,03SC
B0203SC,15,281,District - Mamit,Urban,Total,Population_Males,11.0,DDW-1500B-03SC.xlsx,03SC
B0203SC,15,281,District - Mamit,Urban,Illiterate,Population_Males,1.0,DDW-1500B-03SC.xlsx,03SC
B0203SC,15,281,District - Mamit,Urban,Literate,Population_Males,10.0,DDW-1500B-03SC.xlsx,03SC
B0203SC,15,281,District - Mamit,Urban,Literate but below matric/secondary,Population_Males,6.0,DDW-1500B-03SC.xlsx,03SC
B0203SC,15,281,District - Mamit,Urban,Matric/secondary but below graduate,Population_Males,3.0,DDW-1500B-03SC.xlsx,03SC
B0203SC,15,281,District - Mamit,Urban,Technical diploma or certificate not equal to degree,Population_Males,0.0,DDW-1500B-03SC.xlsx,03SC
B0203SC,15,281,District - Mamit,Urban,Graduate and above other than technical degree,Population_Males,1.0,DDW-1500B-03SC.xlsx,03SC
B0203SC,15,281,District - Mamit,Urban,Technical degree or diploma equal to degree or post-graduate degree,Population_Males,0.0,DDW-1500B-03SC.xlsx,03SC
B0203SC,15,282,District - Kolasib,Total,Total,Population_Males,59.0,DDW-1500B-03SC.xlsx,03SC
B0203SC,15,282,District - Kolasib,Total,Illiterate,Population_Males,5.0,DDW-1500B-03SC.xlsx,03SC
B0203SC,15,282,District - Kolasib,Total,Literate,Population_Males,54.0,DDW-1500B-03SC.xlsx,03SC
B0203SC,15,282,District - Kolasib,Total,Literate but below matric/secondary,Population_Males,28.0,DDW-1500B-03SC.xlsx,03SC
B0203SC,15,282,District - Kolasib,Total,Matric/secondary but below graduate,Population_Males,17.0,DDW-1500B-03SC.xlsx,03SC
B0203SC,15,282,District - Kolasib,Total,Technical diploma or certificate not equal to degree,Population_Males,1.0,DDW-1500B-03SC.xlsx,03SC
B0203SC,15,282,District - Kolasib,Total,Graduate and above other than technical degree,Population_Males,7.0,DDW-1500B-03SC.xlsx,03SC
B0203SC,15,282,District - Kolasib,Total,Technical degree or diploma equal to degree or post-graduate degree,Population_Males,0.0,DDW-1500B-03SC.xlsx,03SC
B0203SC,15,282,District - Kolasib,Rural,Total,Population_Males,12.0,DDW-1500B-03SC.xlsx,03SC
B0203SC,15,282,District - Kolasib,Rural,Illiterate,Population_Males,2.0,DDW-1500B-03SC.xlsx,03SC
B0203SC,15,282,District - Kolasib,Rural,Literate,Population_Males,10.0,DDW-1500B-03SC.xlsx,03SC
B0203SC,15,282,District - Kolasib,Rural,Literate but below matric/secondary,Population_Males,7.0,DDW-1500B-03SC.xlsx,03SC
B0203SC,15,282,District - Kolasib,Rural,Matric/secondary but below graduate,Population_Males,2.0,DDW-1500B-03SC.xlsx,03SC
B0203SC,15,282,District - Kolasib,Rural,Technical diploma or certificate not equal to degree,Population_Males,0.0,DDW-1500B-03SC.xlsx,03SC
B0203SC,15,282,District - Kolasib,Rural,Graduate and above other than technical degree,Population_Males,1.0,DDW-1500B-03SC.xlsx,03SC
B0203SC,15,282,District - Kolasib,Rural,Technical degree or diploma equal to degree or post-graduate degree,Population_Males,0.0,DDW-1500B-03SC.xlsx,03SC
B0203SC,15,282,District - Kolasib,Urban,Total,Population_Males,47.0,DDW-1500B-03SC.xlsx,03SC
B0203SC,15,282,District - Kolasib,Urban,Illiterate,Population_Males,3.0,DDW-1500B-03SC.xlsx,03SC
B0203SC,15,282,District - Kolasib,Urban,Literate,Population_Males,44.0,DDW-1500B-03SC.xlsx,03SC
B0203SC,15,282,District - Kolasib,Urban,Literate but below matric/secondary,Population_Males,21.0,DDW-1500B-03SC.xlsx,03SC
B0203SC,15,282,District - Kolasib,Urban,Matric/secondary but below graduate,Population_Males,15.0,DDW-1500B-03SC.xlsx,03SC
B0203SC,15,282,District - Kolasib,Urban,Technical diploma or certificate not equal to degree,Population_Males,1.0,DDW-1500B-03SC.xlsx,03SC
B0203SC,15,282,District - Kolasib,Urban,Graduate and above other than technical degree,Population_Males,6.0,DDW-1500B-03SC.xlsx,03SC
B0203SC,15,282,District - Kolasib,Urban,Technical degree or diploma equal to degree or post-graduate degree,Population_Males,0.0,DDW-1500B-03SC.xlsx,03SC
B0203SC,15,283,District - Aizawl,Total,Total,Population_Males,388.0,DDW-1500B-03SC.xlsx,03SC
B0203SC,15,283,District - Aizawl,Total,Illiterate,Population_Males,45.0,DDW-1500B-03SC.xlsx,03SC
B0203SC,15,283,District - Aizawl,Total,Literate,Population_Males,343.0,DDW-1500B-03SC.xlsx,03SC
B0203SC,15,283,District - Aizawl,Total,Literate but below matric/secondary,Population_Males,178.0,DDW-1500B-03SC.xlsx,03SC
B0203SC,15,283,District - Aizawl,Total,Matric/secondary but below graduate,Population_Males,119.0,DDW-1500B-03SC.xlsx,03SC
B0203SC,15,283,District - Aizawl,Total,Technical diploma or certificate not equal to degree,Population_Males,5.0,DDW-1500B-03SC.xlsx,03SC
B0203SC,15,283,District - Aizawl,Total,Graduate and above other than technical degree,Population_Males,32.0,DDW-1500B-03SC.xlsx,03SC
B0203SC,15,283,District - Aizawl,Total,Technical degree or diploma equal to degree or post-graduate degree,Population_Males,9.0,DDW-1500B-03SC.xlsx,03SC
B0203SC,15,283,District - Aizawl,Rural,Total,Population_Males,36.0,DDW-1500B-03SC.xlsx,03SC
B0203SC,15,283,District - Aizawl,Rural,Illiterate,Population_Males,2.0,DDW-1500B-03SC.xlsx,03SC
B0203SC,15,283,District - Aizawl,Rural,Literate,Population_Males,34.0,DDW-1500B-03SC.xlsx,03SC
B0203SC,15,283,District - Aizawl,Rural,Literate but below matric/secondary,Population_Males,10.0,DDW-1500B-03SC.xlsx,03SC
B0203SC,15,283,District - Aizawl,Rural,Matric/secondary but below graduate,Population_Males,20.0,DDW-1500B-03SC.xlsx,03SC
B0203SC,15,283,District - Aizawl,Rural,Technical diploma or certificate not equal to degree,Population_Males,4.0,DDW-1500B-03SC.xlsx,03SC
B0203SC,15,283,District - Aizawl,Rural,Graduate and above other than technical degree,Population_Males,0.0,DDW-1500B-03SC.xlsx,03SC
B0203SC,15,283,District - Aizawl,Rural,Technical degree or diploma equal to degree or post-graduate degree,Population_Males,0.0,DDW-1500B-03SC.xlsx,03SC
B0203SC,15,283,District - Aizawl,Urban,Total,Population_Males,352.0,DDW-1500B-03SC.xlsx,03SC
B0203SC,15,283,District - Aizawl,Urban,Illiterate,Population_Males,43.0,DDW-1500B-03SC.xlsx,03SC
B0203SC,15,283,District - Aizawl,Urban,Literate,Population_Males,309.0,DDW-1500B-03SC.xlsx,03SC
B0203SC,15,283,District - Aizawl,Urban,Literate but below matric/secondary,Population_Males,168.0,DDW-1500B-03SC.xlsx,03SC
B0203SC,15,283,District - Aizawl,Urban,Matric/secondary but below graduate,Population_Males,99.0,DDW-1500B-03SC.xlsx,03SC
B0203SC,15,283,District - Aizawl,Urban,Technical diploma or certificate not equal to degree,Population_Males,1.0,DDW-1500B-03SC.xlsx,03SC
B0203SC,15,283,District - Aizawl,Urban,Graduate and above other than technical degree,Population_Males,32.0,DDW-1500B-03SC.xlsx,03SC
B0203SC,15,283,District - Aizawl,Urban,Technical degree or diploma equal to degree or post-graduate degree,Population_Males,9.0,DDW-1500B-03SC.xlsx,03SC
B0203SC,15,284,District - Champhai,Total,Total,Population_Males,16.0,DDW-1500B-03SC.xlsx,03SC
B0203SC,15,284,District - Champhai,Total,Illiterate,Population_Males,2.0,DDW-1500B-03SC.xlsx,03SC
B0203SC,15,284,District - Champhai,Total,Literate,Population_Males,14.0,DDW-1500B-03SC.xlsx,03SC
B0203SC,15,284,District - Champhai,Total,Literate but below matric/secondary,Population_Males,4.0,DDW-1500B-03SC.xlsx,03SC
B0203SC,15,284,District - Champhai,Total,Matric/secondary but below graduate,Population_Males,9.0,DDW-1500B-03SC.xlsx,03SC
B0203SC,15,284,District - Champhai,Total,Technical diploma or certificate not equal to degree,Population_Males,0.0,DDW-1500B-03SC.xlsx,03SC
B0203SC,15,284,District - Champhai,Total,Graduate and above other than technical degree,Population_Males,1.0,DDW-1500B-03SC.xlsx,03SC
B0203SC,15,284,District - Champhai,Total,Technical degree or diploma equal to degree or post-graduate degree,Population_Males,0.0,DDW-1500B-03SC.xlsx,03SC
B0203SC,15,284,District - Champhai,Rural,Total,Population_Males,9.0,DDW-1500B-03SC.xlsx,03SC
B0203SC,15,284,District - Champhai,Rural,Illiterate,Population_Males,1.0,DDW-1500B-03SC.xlsx,03SC
B0203SC,15,284,District - Champhai,Rural,Literate,Population_Males,8.0,DDW-1500B-03SC.xlsx,03SC
B0203SC,15,284,District - Champhai,Rural,Literate but below matric/secondary,Population_Males,4.0,DDW-1500B-03SC.xlsx,03SC
B0203SC,15,284,District - Champhai,Rural,Matric/secondary but below graduate,Population_Males,4.0,DDW-1500B-03SC.xlsx,03SC
B0203SC,15,284,District - Champhai,Rural,Technical diploma or certificate not equal to degree,Population_Males,0.0,DDW-1500B-03SC.xlsx,03SC
B0203SC,15,284,District - Champhai,Rural,Graduate and above other than technical degree,Population_Males,0.0,DDW-1500B-03SC.xlsx,03SC
B0203SC,15,284,District - Champhai,Rural,Technical degree or diploma equal to degree or post-graduate degree,Population_Males,0.0,DDW-1500B-03SC.xlsx,03SC
B0203SC,15,284,District - Champhai,Urban,Total,Population_Males,7.0,DDW-1500B-03SC.xlsx,03SC
B0203SC,15,284,District - Champhai,Urban,Illiterate,Population_Males,1.0,DDW-1500B-03SC.xlsx,03SC
B0203SC,15,284,District - Champhai,Urban,Literate,Population_Males,6.0,DDW-1500B-03SC.xlsx,03SC
B0203SC,15,284,District - Champhai,Urban,Literate but below matric/secondary,Population_Males,0.0,DDW-1500B-03SC.xlsx,03SC
B0203SC,15,284,District - Champhai,Urban,Matric/secondary but below graduate,Population_Males,5.0,DDW-1500B-03SC.xlsx,03SC
B0203SC,15,284,District - Champhai,Urban,Technical diploma or certificate not equal to degree,Population_Males,0.0,DDW-1500B-03SC.xlsx,03SC
B0203SC,15,284,District - Champhai,Urban,Graduate and above other than technical degree,Population_Males,1.0,DDW-1500B-03SC.xlsx,03SC
B0203SC,15,284,District - Champhai,Urban,Technical degree or diploma equal to degree or post-graduate degree,Population_Males,0.0,DDW-1500B-03SC.xlsx,03SC
B0203SC,15,285,District - Serchhip,Total,Total,Population_Males,20.0,DDW-1500B-03SC.xlsx,03SC
B0203SC,15,285,District - Serchhip,Total,Illiterate,Population_Males,0.0,DDW-1500B-03SC.xlsx,03SC
B0203SC,15,285,District - Serchhip,Total,Literate,Population_Males,20.0,DDW-1500B-03SC.xlsx,03SC
B0203SC,15,285,District - Serchhip,Total,Literate but below matric/secondary,Population_Males,13.0,DDW-1500B-03SC.xlsx,03SC
B0203SC,15,285,District - Serchhip,Total,Matric/secondary but below graduate,Population_Males,5.0,DDW-1500B-03SC.xlsx,03SC
B0203SC,15,285,District - Serchhip,Total,Technical diploma or certificate not equal to degree,Population_Males,0.0,DDW-1500B-03SC.xlsx,03SC
B0203SC,15,285,District - Serchhip,Total,Graduate and above other than technical degree,Population_Males,1.0,DDW-1500B-03SC.xlsx,03SC
B0203SC,15,285,District - Serchhip,Total,Technical degree or diploma equal to degree or post-graduate degree,Population_Males,1.0,DDW-1500B-03SC.xlsx,03SC
B0203SC,15,285,District - Serchhip,Rural,Total,Population_Males,8.0,DDW-1500B-03SC.xlsx,03SC
B0203SC,15,285,District - Serchhip,Rural,Illiterate,Population_Males,0.0,DDW-1500B-03SC.xlsx,03SC
B0203SC,15,285,District - Serchhip,Rural,Literate,Population_Males,8.0,DDW-1500B-03SC.xlsx,03SC
B0203SC,15,285,District - Serchhip,Rural,Literate but below matric/secondary,Population_Males,5.0,DDW-1500B-03SC.xlsx,03SC
B0203SC,15,285,District - Serchhip,Rural,Matric/secondary but below graduate,Population_Males,2.0,DDW-1500B-03SC.xlsx,03SC
B0203SC,15,285,District - Serchhip,Rural,Technical diploma or certificate not equal to degree,Population_Males,0.0,DDW-1500B-03SC.xlsx,03SC
B0203SC,15,285,District - Serchhip,Rural,Graduate and above other than technical degree,Population_Males,1.0,DDW-1500B-03SC.xlsx,03SC
B0203SC,15,285,District - Serchhip,Rural,Technical degree or diploma equal to degree or post-graduate degree,Population_Males,0.0,DDW-1500B-03SC.xlsx,03SC
B0203SC,15,285,District - Serchhip,Urban,Total,Population_Males,12.0,DDW-1500B-03SC.xlsx,03SC
B0203SC,15,285,District - Serchhip,Urban,Illiterate,Population_Males,0.0,DDW-1500B-03SC.xlsx,03SC
B0203SC,15,285,District - Serchhip,Urban,Literate,Population_Males,12.0,DDW-1500B-03SC.xlsx,03SC
B0203SC,15,285,District - Serchhip,Urban,Literate but below matric/secondary,Population_Males,8.0,DDW-1500B-03SC.xlsx,03SC
B0203SC,15,285,District - Serchhip,Urban,Matric/secondary but below graduate,Population_Males,3.0,DDW-1500B-03SC.xlsx,03SC
B0203SC,15,285,District - Serchhip,Urban,Technical diploma or certificate not equal to degree,Population_Males,0.0,DDW-1500B-03SC.xlsx,03SC
B0203SC,15,285,District - Serchhip,Urban,Graduate and above other than technical degree,Population_Males,0.0,DDW-1500B-03SC.xlsx,03SC
B0203SC,15,285,District - Serchhip,Urban,Technical degree or diploma equal to degree or post-graduate degree,Population_Males,1.0,DDW-1500B-03SC.xlsx,03SC
B0203SC,15,286,District - Lunglei,Total,Total,Population_Males,125.0,DDW-1500B-03SC.xlsx,03SC
B0203SC,15,286,District - Lunglei,Total,Illiterate,Population_Males,19.0,DDW-1500B-03SC.xlsx,03SC
B0203SC,15,286,District - Lunglei,Total,Literate,Population_Males,106.0,DDW-1500B-03SC.xlsx,03SC
B0203SC,15,286,District - Lunglei,Total,Literate but below matric/secondary,Population_Males,50.0,DDW-1500B-03SC.xlsx,03SC
B0203SC,15,286,District - Lunglei,Total,Matric/secondary but below graduate,Population_Males,51.0,DDW-1500B-03SC.xlsx,03SC
B0203SC,15,286,District - Lunglei,Total,Technical diploma or certificate not equal to degree,Population_Males,1.0,DDW-1500B-03SC.xlsx,03SC
B0203SC,15,286,District - Lunglei,Total,Graduate and above other than technical degree,Population_Males,1.0,DDW-1500B-03SC.xlsx,03SC
B0203SC,15,286,District - Lunglei,Total,Technical degree or diploma equal to degree or post-graduate degree,Population_Males,2.0,DDW-1500B-03SC.xlsx,03SC
B0203SC,15,286,District - Lunglei,Rural,Total,Population_Males,38.0,DDW-1500B-03SC.xlsx,03SC
B0203SC,15,286,District - Lunglei,Rural,Illiterate,Population_Males,13.0,DDW-1500B-03SC.xlsx,03SC
B0203SC,15,286,District - Lunglei,Rural,Literate,Population_Males,25.0,DDW-1500B-03SC.xlsx,03SC
B0203SC,15,286,District - Lunglei,Rural,Literate but below matric/secondary,Population_Males,20.0,DDW-1500B-03SC.xlsx,03SC
B0203SC,15,286,District - Lunglei,Rural,Matric/secondary but below graduate,Population_Males,4.0,DDW-1500B-03SC.xlsx,03SC
B0203SC,15,286,District - Lunglei,Rural,Technical diploma or certificate not equal to degree,Population_Males,0.0,DDW-1500B-03SC.xlsx,03SC
B0203SC,15,286,District - Lunglei,Rural,Graduate and above other than technical degree,Population_Males,0.0,DDW-1500B-03SC.xlsx,03SC
B0203SC,15,286,District - Lunglei,Rural,Technical degree or diploma equal to degree or post-graduate degree,Population_Males,0.0,DDW-1500B-03SC.xlsx,03SC
B0203SC,15,286,District - Lunglei,Urban,Total,Population_Males,87.0,DDW-1500B-03SC.xlsx,03SC
B0203SC,15,286,District - Lunglei,Urban,Illiterate,Population_Males,6.0,DDW-1500B-03SC.xlsx,03SC
B0203SC,15,286,District - Lunglei,Urban,Literate,Population_Males,81.0,DDW-1500B-03SC.xlsx,03SC
B0203SC,15,286,District - Lunglei,Urban,Literate but below matric/secondary,Population_Males,30.0,DDW-1500B-03SC.xlsx,03SC
B0203SC,15,286,District - Lunglei,Urban,Matric/secondary but below graduate,Population_Males,47.0,DDW-1500B-03SC.xlsx,03SC
B0203SC,15,286,District - Lunglei,Urban,Technical diploma or certificate not equal to degree,Population_Males,1.0,DDW-1500B-03SC.xlsx,03SC
B0203SC,15,286,District - Lunglei,Urban,Graduate and above other than technical degree,Population_Males,1.0,DDW-1500B-03SC.xlsx,03SC
B0203SC,15,286,District - Lunglei,Urban,Technical degree or diploma equal to degree or post-graduate degree,Population_Males,2.0,DDW-1500B-03SC.xlsx,03SC
B0203SC,15,287,District - Lawngtlai,Total,Total,Population_Males,105.0,DDW-1500B-03SC.xlsx,03SC
B0203SC,15,287,District - Lawngtlai,Total,Illiterate,Population_Males,22.0,DDW-1500B-03SC.xlsx,03SC
B0203SC,15,287,District - Lawngtlai,Total,Literate,Population_Males,83.0,DDW-1500B-03SC.xlsx,03SC
B0203SC,15,287,District - Lawngtlai,Total,Literate but below matric/secondary,Population_Males,47.0,DDW-1500B-03SC.xlsx,03SC
B0203SC,15,287,District - Lawngtlai,Total,Matric/secondary but below graduate,Population_Males,29.0,DDW-1500B-03SC.xlsx,03SC
B0203SC,15,287,District - Lawngtlai,Total,Technical diploma or certificate not equal to degree,Population_Males,6.0,DDW-1500B-03SC.xlsx,03SC
B0203SC,15,287,District - Lawngtlai,Total,Graduate and above other than technical degree,Population_Males,1.0,DDW-1500B-03SC.xlsx,03SC
B0203SC,15,287,District - Lawngtlai,Total,Technical degree or diploma equal to degree or post-graduate degree,Population_Males,0.0,DDW-1500B-03SC.xlsx,03SC
B0203SC,15,287,District - Lawngtlai,Rural,Total,Population_Males,68.0,DDW-1500B-03SC.xlsx,03SC
B0203SC,15,287,District - Lawngtlai,Rural,Illiterate,Population_Males,20.0,DDW-1500B-03SC.xlsx,03SC
B0203SC,15,287,District - Lawngtlai,Rural,Literate,Population_Males,48.0,DDW-1500B-03SC.xlsx,03SC
B0203SC,15,287,District - Lawngtlai,Rural,Literate but below matric/secondary,Population_Males,28.0,DDW-1500B-03SC.xlsx,03SC
B0203SC,15,287,District - Lawngtlai,Rural,Matric/secondary but below graduate,Population_Males,19.0,DDW-1500B-03SC.xlsx,03SC
B0203SC,15,287,District - Lawngtlai,Rural,Technical diploma or certificate not equal to degree,Population_Males,0.0,DDW-1500B-03SC.xlsx,03SC
B0203SC,15,287,District - Lawngtlai,Rural,Graduate and above other than technical degree,Population_Males,1.0,DDW-1500B-03SC.xlsx,03SC
B0203SC,15,287,District - Lawngtlai,Rural,Technical degree or diploma equal to degree or post-graduate degree,Population_Males,0.0,DDW-1500B-03SC.xlsx,03SC
B0203SC,15,287,District - Lawngtlai,Urban,Total,Population_Males,37.0,DDW-1500B-03SC.xlsx,03SC
B0203SC,15,287,District - Lawngtlai,Urban,Illiterate,Population_Males,2.0,DDW-1500B-03SC.xlsx,03SC
B0203SC,15,287,District - Lawngtlai,Urban,Literate,Population_Males,35.0,DDW-1500B-03SC.xlsx,03SC
B0203SC,15,287,District - Lawngtlai,Urban,Literate but below matric/secondary,Population_Males,19.0,DDW-1500B-03SC.xlsx,03SC
B0203SC,15,287,District - Lawngtlai,Urban,Matric/secondary but below graduate,Population_Males,10.0,DDW-1500B-03SC.xlsx,03SC
B0203SC,15,287,District - Lawngtlai,Urban,Technical diploma or certificate not equal to degree,Population_Males,6.0,DDW-1500B-03SC.xlsx,03SC
B0203SC,15,287,District - Lawngtlai,Urban,Graduate and above other than technical degree,Population_Males,0.0,DDW-1500B-03SC.xlsx,03SC
B0203SC,15,287,District - Lawngtlai,Urban,Technical degree or diploma equal to degree or post-graduate degree,Population_Males,0.0,DDW-1500B-03SC.xlsx,03SC
B0203SC,15,288,District - Saiha,Total,Total,Population_Males,52.0,DDW-1500B-03SC.xlsx,03SC
B0203SC,15,288,District - Saiha,Total,Illiterate,Population_Males,8.0,DDW-1500B-03SC.xlsx,03SC
B0203SC,15,288,District - Saiha,Total,Literate,Population_Males,44.0,DDW-1500B-03SC.xlsx,03SC
B0203SC,15,288,District - Saiha,Total,Literate but below matric/secondary,Population_Males,26.0,DDW-1500B-03SC.xlsx,03SC
B0203SC,15,288,District - Saiha,Total,Matric/secondary but below graduate,Population_Males,14.0,DDW-1500B-03SC.xlsx,03SC
B0203SC,15,288,District - Saiha,Total,Technical diploma or certificate not equal to degree,Population_Males,0.0,DDW-1500B-03SC.xlsx,03SC
B0203SC,15,288,District - Saiha,Total,Graduate and above other than technical degree,Population_Males,3.0,DDW-1500B-03SC.xlsx,03SC
B0203SC,15,288,District - Saiha,Total,Technical degree or diploma equal to degree or post-graduate degree,Population_Males,1.0,DDW-1500B-03SC.xlsx,03SC
B0203SC,15,288,District - Saiha,Rural,Total,Population_Males,7.0,DDW-1500B-03SC.xlsx,03SC
B0203SC,15,288,District - Saiha,Rural,Illiterate,Population_Males,2.0,DDW-1500B-03SC.xlsx,03SC
B0203SC,15,288,District - Saiha,Rural,Literate,Population_Males,5.0,DDW-1500B-03SC.xlsx,03SC
B0203SC,15,288,District - Saiha,Rural,Literate but below matric/secondary,Population_Males,3.0,DDW-1500B-03SC.xlsx,03SC
B0203SC,15,288,District - Saiha,Rural,Matric/secondary but below graduate,Population_Males,1.0,DDW-1500B-03SC.xlsx,03SC
B0203SC,15,288,District - Saiha,Rural,Technical diploma or certificate not equal to degree,Population_Males,0.0,DDW-1500B-03SC.xlsx,03SC
B0203SC,15,288,District - Saiha,Rural,Graduate and above other than technical degree,Population_Males,1.0,DDW-1500B-03SC.xlsx,03SC
B0203SC,15,288,District - Saiha,Rural,Technical degree or diploma equal to degree or post-graduate degree,Population_Males,0.0,DDW-1500B-03SC.xlsx,03SC
B0203SC,15,288,District - Saiha,Urban,Total,Population_Males,45.0,DDW-1500B-03SC.xlsx,03SC
B0203SC,15,288,District - Saiha,Urban,Illiterate,Population_Males,6.0,DDW-1500B-03SC.xlsx,03SC
B0203SC,15,288,District - Saiha,Urban,Literate,Population_Males,39.0,DDW-1500B-03SC.xlsx,03SC
B0203SC,15,288,District - Saiha,Urban,Literate but below matric/secondary,Population_Males,23.0,DDW-1500B-03SC.xlsx,03SC
B0203SC,15,288,District - Saiha,Urban,Matric/secondary but below graduate,Population_Males,13.0,DDW-1500B-03SC.xlsx,03SC
B0203SC,15,288,District - Saiha,Urban,Technical diploma or certificate not equal to degree,Population_Males,0.0,DDW-1500B-03SC.xlsx,03SC
B0203SC,15,288,District - Saiha,Urban,Graduate and above other than technical degree,Population_Males,2.0,DDW-1500B-03SC.xlsx,03SC
B0203SC,15,288,District - Saiha,Urban,Technical degree or diploma equal to degree or post-graduate degree,Population_Males,1.0,DDW-1500B-03SC.xlsx,03SC
B0203SC,15,000,State - MIZORAM,Total,Total,Population_Females,411.0,DDW-1500B-03SC.xlsx,03SC
B0203SC,15,000,State - MIZORAM,Total,Illiterate,Population_Females,96.0,DDW-1500B-03SC.xlsx,03SC
B0203SC,15,000,State - MIZORAM,Total,Literate,Population_Females,315.0,DDW-1500B-03SC.xlsx,03SC
B0203SC,15,000,State - MIZORAM,Total,Literate but below matric/secondary,Population_Females,181.0,DDW-1500B-03SC.xlsx,03SC
B0203SC,15,000,State - MIZORAM,Total,Matric/secondary but below graduate,Population_Females,98.0,DDW-1500B-03SC.xlsx,03SC
B0203SC,15,000,State - MIZORAM,Total,Technical diploma or certificate not equal to degree,Population_Females,1.0,DDW-1500B-03SC.xlsx,03SC
B0203SC,15,000,State - MIZORAM,Total,Graduate and above other than technical degree,Population_Females,31.0,DDW-1500B-03SC.xlsx,03SC
B0203SC,15,000,State - MIZORAM,Total,Technical degree or diploma equal to degree or post-graduate degree,Population_Females,2.0,DDW-1500B-03SC.xlsx,03SC
B0203SC,15,000,State - MIZORAM,Rural,Total,Population_Females,89.0,DDW-1500B-03SC.xlsx,03SC
B0203SC,15,000,State - MIZORAM,Rural,Illiterate,Population_Females,43.0,DDW-1500B-03SC.xlsx,03SC
B0203SC,15,000,State - MIZORAM,Rural,Literate,Population_Females,46.0,DDW-1500B-03SC.xlsx,03SC
B0203SC,15,000,State - MIZORAM,Rural,Literate but below matric/secondary,Population_Females,36.0,DDW-1500B-03SC.xlsx,03SC
B0203SC,15,000,State - MIZORAM,Rural,Matric/secondary but below graduate,Population_Females,9.0,DDW-1500B-03SC.xlsx,03SC
B0203SC,15,000,State - MIZORAM,Rural,Technical diploma or certificate not equal to degree,Population_Females,0.0,DDW-1500B-03SC.xlsx,03SC
B0203SC,15,000,State - MIZORAM,Rural,Graduate and above other than technical degree,Population_Females,0.0,DDW-1500B-03SC.xlsx,03SC
B0203SC,15,000,State - MIZORAM,Rural,Technical degree or diploma equal to degree or post-graduate degree,Population_Females,0.0,DDW-1500B-03SC.xlsx,03SC
B0203SC,15,000,State - MIZORAM,Urban,Total,Population_Females,322.0,DDW-1500B-03SC.xlsx,03SC
B0203SC,15,000,State - MIZORAM,Urban,Illiterate,Population_Females,53.0,DDW-1500B-03SC.xlsx,03SC
B0203SC,15,000,State - MIZORAM,Urban,Literate,Population_Females,269.0,DDW-1500B-03SC.xlsx,03SC
B0203SC,15,000,State - MIZORAM,Urban,Literate but below matric/secondary,Population_Females,145.0,DDW-1500B-03SC.xlsx,03SC
B0203SC,15,000,State - MIZORAM,Urban,Matric/secondary but below graduate,Population_Females,89.0,DDW-1500B-03SC.xlsx,03SC
B0203SC,15,000,State - MIZORAM,Urban,Technical diploma or certificate not equal to degree,Population_Females,1.0,DDW-1500B-03SC.xlsx,03SC
B0203SC,15,000,State - MIZORAM,Urban,Graduate and above other than technical degree,Population_Females,31.0,DDW-1500B-03SC.xlsx,03SC
B0203SC,15,000,State - MIZORAM,Urban,Technical degree or diploma equal to degree or post-graduate degree,Population_Females,2.0,DDW-1500B-03SC.xlsx,03SC
B0203SC,15,281,District - Mamit,Total,Total,Population_Females,9.0,DDW-1500B-03SC.xlsx,03SC
B0203SC,15,281,District - Mamit,Total,Illiterate,Population_Females,4.0,DDW-1500B-03SC.xlsx,03SC
B0203SC,15,281,District - Mamit,Total,Literate,Population_Females,5.0,DDW-1500B-03SC.xlsx,03SC
B0203SC,15,281,District - Mamit,Total,Literate but below matric/secondary,Population_Females,5.0,DDW-1500B-03SC.xlsx,03SC
B0203SC,15,281,District - Mamit,Total,Matric/secondary but below graduate,Population_Females,0.0,DDW-1500B-03SC.xlsx,03SC
B0203SC,15,281,District - Mamit,Total,Technical diploma or certificate not equal to degree,Population_Females,0.0,DDW-1500B-03SC.xlsx,03SC
B0203SC,15,281,District - Mamit,Total,Graduate and above other than technical degree,Population_Females,0.0,DDW-1500B-03SC.xlsx,03SC
B0203SC,15,281,District - Mamit,Total,Technical degree or diploma equal to degree or post-graduate degree,Population_Females,0.0,DDW-1500B-03SC.xlsx,03SC
B0203SC,15,281,District - Mamit,Rural,Total,Population_Females,7.0,DDW-1500B-03SC.xlsx,03SC
B0203SC,15,281,District - Mamit,Rural,Illiterate,Population_Females,3.0,DDW-1500B-03SC.xlsx,03SC
B0203SC,15,281,District - Mamit,Rural,Literate,Population_Females,4.0,DDW-1500B-03SC.xlsx,03SC
B0203SC,15,281,District - Mamit,Rural,Literate but below matric/secondary,Population_Females,4.0,DDW-1500B-03SC.xlsx,03SC
B0203SC,15,281,District - Mamit,Rural,Matric/secondary but below graduate,Population_Females,0.0,DDW-1500B-03SC.xlsx,03SC
B0203SC,15,281,District - Mamit,Rural,Technical diploma or certificate not equal to degree,Population_Females,0.0,DDW-1500B-03SC.xlsx,03SC
B0203SC,15,281,District - Mamit,Rural,Graduate and above other than technical degree,Population_Females,0.0,DDW-1500B-03SC.xlsx,03SC
B0203SC,15,281,District - Mamit,Rural,Technical degree or diploma equal to degree or post-graduate degree,Population_Females,0.0,DDW-1500B-03SC.xlsx,03SC
B0203SC,15,281,District - Mamit,Urban,Total,Population_Females,2.0,DDW-1500B-03SC.xlsx,03SC
B0203SC,15,281,District - Mamit,Urban,Illiterate,Population_Females,1.0,DDW-1500B-03SC.xlsx,03SC
B0203SC,15,281,District - Mamit,Urban,Literate,Population_Females,1.0,DDW-1500B-03SC.xlsx,03SC
B0203SC,15,281,District - Mamit,Urban,Literate but below matric/secondary,Population_Females,1.0,DDW-1500B-03SC.xlsx,03SC
B0203SC,15,281,District - Mamit,Urban,Matric/secondary but below graduate,Population_Females,0.0,DDW-1500B-03SC.xlsx,03SC
B0203SC,15,281,District - Mamit,Urban,Technical diploma or certificate not equal to degree,Population_Females,0.0,DDW-1500B-03SC.xlsx,03SC
B0203SC,15,281,District - Mamit,Urban,Graduate and above other than technical degree,Population_Females,0.0,DDW-1500B-03SC.xlsx,03SC
B0203SC,15,281,District - Mamit,Urban,Technical degree or diploma equal to degree or post-graduate degree,Population_Females,0.0,DDW-1500B-03SC.xlsx,03SC
B0203SC,15,282,District - Kolasib,Total,Total,Population_Females,25.0,DDW-1500B-03SC.xlsx,03SC
B0203SC,15,282,District - Kolasib,Total,Illiterate,Population_Females,4.0,DDW-1500B-03SC.xlsx,03SC
B0203SC,15,282,District - Kolasib,Total,Literate,Population_Females,21.0,DDW-1500B-03SC.xlsx,03SC
B0203SC,15,282,District - Kolasib,Total,Literate but below matric/secondary,Population_Females,13.0,DDW-1500B-03SC.xlsx,03SC
B0203SC,15,282,District - Kolasib,Total,Matric/secondary but below graduate,Population_Females,5.0,DDW-1500B-03SC.xlsx,03SC
B0203SC,15,282,District - Kolasib,Total,Technical diploma or certificate not equal to degree,Population_Females,0.0,DDW-1500B-03SC.xlsx,03SC
B0203SC,15,282,District - Kolasib,Total,Graduate and above other than technical degree,Population_Females,3.0,DDW-1500B-03SC.xlsx,03SC
B0203SC,15,282,District - Kolasib,Total,Technical degree or diploma equal to degree or post-graduate degree,Population_Females,0.0,DDW-1500B-03SC.xlsx,03SC
B0203SC,15,282,District - Kolasib,Rural,Total,Population_Females,5.0,DDW-1500B-03SC.xlsx,03SC
B0203SC,15,282,District - Kolasib,Rural,Illiterate,Population_Females,1.0,DDW-1500B-03SC.xlsx,03SC
B0203SC,15,282,District - Kolasib,Rural,Literate,Population_Females,4.0,DDW-1500B-03SC.xlsx,03SC
B0203SC,15,282,District - Kolasib,Rural,Literate but below matric/secondary,Population_Females,3.0,DDW-1500B-03SC.xlsx,03SC
B0203SC,15,282,District - Kolasib,Rural,Matric/secondary but below graduate,Population_Females,1.0,DDW-1500B-03SC.xlsx,03SC
B0203SC,15,282,District - Kolasib,Rural,Technical diploma or certificate not equal to degree,Population_Females,0.0,DDW-1500B-03SC.xlsx,03SC
B0203SC,15,282,District - Kolasib,Rural,Graduate and above other than technical degree,Population_Females,0.0,DDW-1500B-03SC.xlsx,03SC
B0203SC,15,282,District - Kolasib,Rural,Technical degree or diploma equal to degree or post-graduate degree,Population_Females,0.0,DDW-1500B-03SC.xlsx,03SC
B0203SC,15,282,District - Kolasib,Urban,Total,Population_Females,20.0,DDW-1500B-03SC.xlsx,03SC
B0203SC,15,282,District - Kolasib,Urban,Illiterate,Population_Females,3.0,DDW-1500B-03SC.xlsx,03SC
B0203SC,15,282,District - Kolasib,Urban,Literate,Population_Females,17.0,DDW-1500B-03SC.xlsx,03SC
B0203SC,15,282,District - Kolasib,Urban,Literate but below matric/secondary,Population_Females,10.0,DDW-1500B-03SC.xlsx,03SC
B0203SC,15,282,District - Kolasib,Urban,Matric/secondary but below graduate,Population_Females,4.0,DDW-1500B-03SC.xlsx,03SC
B0203SC,15,282,District - Kolasib,Urban,Technical diploma or certificate not equal to degree,Population_Females,0.0,DDW-1500B-03SC.xlsx,03SC
B0203SC,15,282,District - Kolasib,Urban,Graduate and above other than technical degree,Population_Females,3.0,DDW-1500B-03SC.xlsx,03SC
B0203SC,15,282,District - Kolasib,Urban,Technical degree or diploma equal to degree or post-graduate degree,Population_Females,0.0,DDW-1500B-03SC.xlsx,03SC
B0203SC,15,283,District - Aizawl,Total,Total,Population_Females,239.0,DDW-1500B-03SC.xlsx,03SC
B0203SC,15,283,District - Aizawl,Total,Illiterate,Population_Females,38.0,DDW-1500B-03SC.xlsx,03SC
B0203SC,15,283,District - Aizawl,Total,Literate,Population_Females,201.0,DDW-1500B-03SC.xlsx,03SC
B0203SC,15,283,District - Aizawl,Total,Literate but below matric/secondary,Population_Females,97.0,DDW-1500B-03SC.xlsx,03SC
B0203SC,15,283,District - Aizawl,Total,Matric/secondary but below graduate,Population_Females,75.0,DDW-1500B-03SC.xlsx,03SC
B0203SC,15,283,District - Aizawl,Total,Technical diploma or certificate not equal to degree,Population_Females,1.0,DDW-1500B-03SC.xlsx,03SC
B0203SC,15,283,District - Aizawl,Total,Graduate and above other than technical degree,Population_Females,25.0,DDW-1500B-03SC.xlsx,03SC
B0203SC,15,283,District - Aizawl,Total,Technical degree or diploma equal to degree or post-graduate degree,Population_Females,2.0,DDW-1500B-03SC.xlsx,03SC
B0203SC,15,283,District - Aizawl,Rural,Total,Population_Females,10.0,DDW-1500B-03SC.xlsx,03SC
B0203SC,15,283,District - Aizawl,Rural,Illiterate,Population_Females,4.0,DDW-1500B-03SC.xlsx,03SC
B0203SC,15,283,District - Aizawl,Rural,Literate,Population_Females,6.0,DDW-1500B-03SC.xlsx,03SC
B0203SC,15,283,District - Aizawl,Rural,Literate but below matric/secondary,Population_Females,1.0,DDW-1500B-03SC.xlsx,03SC
B0203SC,15,283,District - Aizawl,Rural,Matric/secondary but below graduate,Population_Females,5.0,DDW-1500B-03SC.xlsx,03SC
B0203SC,15,283,District - Aizawl,Rural,Technical diploma or certificate not equal to degree,Population_Females,0.0,DDW-1500B-03SC.xlsx,03SC
B0203SC,15,283,District - Aizawl,Rural,Graduate and above other than technical degree,Population_Females,0.0,DDW-1500B-03SC.xlsx,03SC
B0203SC,15,283,District - Aizawl,Rural,Technical degree or diploma equal to degree or post-graduate degree,Population_Females,0.0,DDW-1500B-03SC.xlsx,03SC
B0203SC,15,283,District - Aizawl,Urban,Total,Population_Females,229.0,DDW-1500B-03SC.xlsx,03SC
B0203SC,15,283,District - Aizawl,Urban,Illiterate,Population_Females,34.0,DDW-1500B-03SC.xlsx,03SC
B0203SC,15,283,District - Aizawl,Urban,Literate,Population_Females,195.0,DDW-1500B-03SC.xlsx,03SC
B0203SC,15,283,District - Aizawl,Urban,Literate but below matric/secondary,Population_Females,96.0,DDW-1500B-03SC.xlsx,03SC
B0203SC,15,283,District - Aizawl,Urban,Matric/secondary but below graduate,Population_Females,70.0,DDW-1500B-03SC.xlsx,03SC
B0203SC,15,283,District - Aizawl,Urban,Technical diploma or certificate not equal to degree,Population_Females,1.0,DDW-1500B-03SC.xlsx,03SC
B0203SC,15,283,District - Aizawl,Urban,Graduate and above other than technical degree,Population_Females,25.0,DDW-1500B-03SC.xlsx,03SC
B0203SC,15,283,District - Aizawl,Urban,Technical degree or diploma equal to degree or post-graduate degree,Population_Females,2.0,DDW-1500B-03SC.xlsx,03SC
B0203SC,15,284,District - Champhai,Total,Total,Population_Females,1.0,DDW-1500B-03SC.xlsx,03SC
B0203SC,15,284,District - Champhai,Total,Illiterate,Population_Females,0.0,DDW-1500B-03SC.xlsx,03SC
B0203SC,15,284,District - Champhai,Total,Literate,Population_Females,1.0,DDW-1500B-03SC.xlsx,03SC
B0203SC,15,284,District - Champhai,Total,Literate but below matric/secondary,Population_Females,1.0,DDW-1500B-03SC.xlsx,03SC
B0203SC,15,284,District - Champhai,Total,Matric/secondary but below graduate,Population_Females,0.0,DDW-1500B-03SC.xlsx,03SC
B0203SC,15,284,District - Champhai,Total,Technical diploma or certificate not equal to degree,Population_Females,0.0,DDW-1500B-03SC.xlsx,03SC
B0203SC,15,284,District - Champhai,Total,Graduate and above other than technical degree,Population_Females,0.0,DDW-1500B-03SC.xlsx,03SC
B0203SC,15,284,District - Champhai,Total,Technical degree or diploma equal to degree or post-graduate degree,Population_Females,0.0,DDW-1500B-03SC.xlsx,03SC
B0203SC,15,284,District - Champhai,Rural,Total,Population_Females,1.0,DDW-1500B-03SC.xlsx,03SC
B0203SC,15,284,District - Champhai,Rural,Illiterate,Population_Females,0.0,DDW-1500B-03SC.xlsx,03SC
B0203SC,15,284,District - Champhai,Rural,Literate,Population_Females,1.0,DDW-1500B-03SC.xlsx,03SC
B0203SC,15,284,District - Champhai,Rural,Literate but below matric/secondary,Population_Females,1.0,DDW-1500B-03SC.xlsx,03SC
B0203SC,15,284,District - Champhai,Rural,Matric/secondary but below graduate,Population_Females,0.0,DDW-1500B-03SC.xlsx,03SC
B0203SC,15,284,District - Champhai,Rural,Technical diploma or certificate not equal to degree,Population_Females,0.0,DDW-1500B-03SC.xlsx,03SC
B0203SC,15,284,District - Champhai,Rural,Graduate and above other than technical degree,Population_Females,0.0,DDW-1500B-03SC.xlsx,03SC
B0203SC,15,284,District - Champhai,Rural,Technical degree or diploma equal to degree or post-graduate degree,Population_Females,0.0,DDW-1500B-03SC.xlsx,03SC
B0203SC,15,284,District - Champhai,Urban,Total,Population_Females,0.0,DDW-1500B-03SC.xlsx,03SC
B0203SC,15,284,District - Champhai,Urban,Illiterate,Population_Females,0.0,DDW-1500B-03SC.xlsx,03SC
B0203SC,15,284,District - Champhai,Urban,Literate,Population_Females,0.0,DDW-1500B-03SC.xlsx,03SC
B0203SC,15,284,District - Champhai,Urban,Literate but below matric/secondary,Population_Females,0.0,DDW-1500B-03SC.xlsx,03SC
B0203SC,15,284,District - Champhai,Urban,Matric/secondary but below graduate,Population_Females,0.0,DDW-1500B-03SC.xlsx,03SC
B0203SC,15,284,District - Champhai,Urban,Technical diploma or certificate not equal to degree,Population_Females,0.0,DDW-1500B-03SC.xlsx,03SC
B0203SC,15,284,District - Champhai,Urban,Graduate and above other than technical degree,Population_Females,0.0,DDW-1500B-03SC.xlsx,03SC
B0203SC,15,284,District - Champhai,Urban,Technical degree or diploma equal to degree or post-graduate degree,Population_Females,0.0,DDW-1500B-03SC.xlsx,03SC
B0203SC,15,285,District - Serchhip,Total,Total,Population_Females,12.0,DDW-1500B-03SC.xlsx,03SC
B0203SC,15,285,District - Serchhip,Total,Illiterate,Population_Females,1.0,DDW-1500B-03SC.xlsx,03SC
B0203SC,15,285,District - Serchhip,Total,Literate,Population_Females,11.0,DDW-1500B-03SC.xlsx,03SC
B0203SC,15,285,District - Serchhip,Total,Literate but below matric/secondary,Population_Females,9.0,DDW-1500B-03SC.xlsx,03SC
B0203SC,15,285,District - Serchhip,Total,Matric/secondary but below graduate,Population_Females,1.0,DDW-1500B-03SC.xlsx,03SC
B0203SC,15,285,District - Serchhip,Total,Technical diploma or certificate not equal to degree,Population_Females,0.0,DDW-1500B-03SC.xlsx,03SC
B0203SC,15,285,District - Serchhip,Total,Graduate and above other than technical degree,Population_Females,1.0,DDW-1500B-03SC.xlsx,03SC
B0203SC,15,285,District - Serchhip,Total,Technical degree or diploma equal to degree or post-graduate degree,Population_Females,0.0,DDW-1500B-03SC.xlsx,03SC
B0203SC,15,285,District - Serchhip,Rural,Total,Population_Females,5.0,DDW-1500B-03SC.xlsx,03SC
B0203SC,15,285,District - Serchhip,Rural,Illiterate,Population_Females,0.0,DDW-1500B-03SC.xlsx,03SC
B0203SC,15,285,District - Serchhip,Rural,Literate,Population_Females,5.0,DDW-1500B-03SC.xlsx,03SC
B0203SC,15,285,District - Serchhip,Rural,Literate but below matric/secondary,Population_Females,4.0,DDW-1500B-03SC.xlsx,03SC
B0203SC,15,285,District - Serchhip,Rural,Matric/secondary but below graduate,Population_Females,1.0,DDW-1500B-03SC.xlsx,03SC
B0203SC,15,285,District - Serchhip,Rural,Technical diploma or certificate not equal to degree,Population_Females,0.0,DDW-1500B-03SC.xlsx,03SC
B0203SC,15,285,District - Serchhip,Rural,Graduate and above other than technical degree,Population_Females,0.0,DDW-1500B-03SC.xlsx,03SC
B0203SC,15,285,District - Serchhip,Rural,Technical degree or diploma equal to degree or post-graduate degree,Population_Females,0.0,DDW-1500B-03SC.xlsx,03SC
B0203SC,15,285,District - Serchhip,Urban,Total,Population_Females,7.0,DDW-1500B-03SC.xlsx,03SC
B0203SC,15,285,District - Serchhip,Urban,Illiterate,Population_Females,1.0,DDW-1500B-03SC.xlsx,03SC
B0203SC,15,285,District - Serchhip,Urban,Literate,Population_Females,6.0,DDW-1500B-03SC.xlsx,03SC
B0203SC,15,285,District - Serchhip,Urban,Literate but below matric/secondary,Population_Females,5.0,DDW-1500B-03SC.xlsx,03SC
B0203SC,15,285,District - Serchhip,Urban,Matric/secondary but below graduate,Population_Females,0.0,DDW-1500B-03SC.xlsx,03SC
B0203SC,15,285,District - Serchhip,Urban,Technical diploma or certificate not equal to degree,Population_Females,0.0,DDW-1500B-03SC.xlsx,03SC
B0203SC,15,285,District - Serchhip,Urban,Graduate and above other than technical degree,Population_Females,1.0,DDW-1500B-03SC.xlsx,03SC
B0203SC,15,285,District - Serchhip,Urban,Technical degree or diploma equal to degree or post-graduate degree,Population_Females,0.0,DDW-1500B-03SC.xlsx,03SC
B0203SC,15,286,District - Lunglei,Total,Total,Population_Females,53.0,DDW-1500B-03SC.xlsx,03SC
B0203SC,15,286,District - Lunglei,Total,Illiterate,Population_Females,22.0,DDW-1500B-03SC.xlsx,03SC
B0203SC,15,286,District - Lunglei,Total,Literate,Population_Females,31.0,DDW-1500B-03SC.xlsx,03SC
B0203SC,15,286,District - Lunglei,Total,Literate but below matric/secondary,Population_Females,26.0,DDW-1500B-03SC.xlsx,03SC
B0203SC,15,286,District - Lunglei,Total,Matric/secondary but below graduate,Population_Females,3.0,DDW-1500B-03SC.xlsx,03SC
B0203SC,15,286,District - Lunglei,Total,Technical diploma or certificate not equal to degree,Population_Females,0.0,DDW-1500B-03SC.xlsx,03SC
B0203SC,15,286,District - Lunglei,Total,Graduate and above other than technical degree,Population_Females,1.0,DDW-1500B-03SC.xlsx,03SC
B0203SC,15,286,District - Lunglei,Total,Technical degree or diploma equal to degree or post-graduate degree,Population_Females,0.0,DDW-1500B-03SC.xlsx,03SC
B0203SC,15,286,District - Lunglei,Rural,Total,Population_Females,27.0,DDW-1500B-03SC.xlsx,03SC
B0203SC,15,286,District - Lunglei,Rural,Illiterate,Population_Females,17.0,DDW-1500B-03SC.xlsx,03SC
B0203SC,15,286,District - Lunglei,Rural,Literate,Population_Females,10.0,DDW-1500B-03SC.xlsx,03SC
B0203SC,15,286,District - Lunglei,Rural,Literate but below matric/secondary,Population_Females,9.0,DDW-1500B-03SC.xlsx,03SC
B0203SC,15,286,District - Lunglei,Rural,Matric/secondary but below graduate,Population_Females,0.0,DDW-1500B-03SC.xlsx,03SC
B0203SC,15,286,District - Lunglei,Rural,Technical diploma or certificate not equal to degree,Population_Females,0.0,DDW-1500B-03SC.xlsx,03SC
B0203SC,15,286,District - Lunglei,Rural,Graduate and above other than technical degree,Population_Females,0.0,DDW-1500B-03SC.xlsx,03SC
B0203SC,15,286,District - Lunglei,Rural,Technical degree or diploma equal to degree or post-graduate degree,Population_Females,0.0,DDW-1500B-03SC.xlsx,03SC
B0203SC,15,286,District - Lunglei,Urban,Total,Population_Females,26.0,DDW-1500B-03SC.xlsx,03SC
B0203SC,15,286,District - Lunglei,Urban,Illiterate,Population_Females,5.0,DDW-1500B-03SC.xlsx,03SC
B0203SC,15,286,District - Lunglei,Urban,Literate,Population_Females,21.0,DDW-1500B-03SC.xlsx,03SC
B0203SC,15,286,District - Lunglei,Urban,Literate but below matric/secondary,Population_Females,17.0,DDW-1500B-03SC.xlsx,03SC
B0203SC,15,286,District - Lunglei,Urban,Matric/secondary but below graduate,Population_Females,3.0,DDW-1500B-03SC.xlsx,03SC
B0203SC,15,286,District - Lunglei,Urban,Technical diploma or certificate not equal to degree,Population_Females,0.0,DDW-1500B-03SC.xlsx,03SC
B0203SC,15,286,District - Lunglei,Urban,Graduate and above other than technical degree,Population_Females,1.0,DDW-1500B-03SC.xlsx,03SC
B0203SC,15,286,District - Lunglei,Urban,Technical degree or diploma equal to degree or post-graduate degree,Population_Females,0.0,DDW-1500B-03SC.xlsx,03SC
B0203SC,15,287,District - Lawngtlai,Total,Total,Population_Females,41.0,DDW-1500B-03SC.xlsx,03SC
B0203SC,15,287,District - Lawngtlai,Total,Illiterate,Population_Females,21.0,DDW-1500B-03SC.xlsx,03SC
B0203SC,15,287,District - Lawngtlai,Total,Literate,Population_Females,20.0,DDW-1500B-03SC.xlsx,03SC
B0203SC,15,287,District - Lawngtlai,Total,Literate but below matric/secondary,Population_Females,16.0,DDW-1500B-03SC.xlsx,03SC
B0203SC,15,287,District - Lawngtlai,Total,Matric/secondary but below graduate,Population_Females,3.0,DDW-1500B-03SC.xlsx,03SC
B0203SC,15,287,District - Lawngtlai,Total,Technical diploma or certificate not equal to degree,Population_Females,0.0,DDW-1500B-03SC.xlsx,03SC
B0203SC,15,287,District - Lawngtlai,Total,Graduate and above other than technical degree,Population_Females,1.0,DDW-1500B-03SC.xlsx,03SC
B0203SC,15,287,District - Lawngtlai,Total,Technical degree or diploma equal to degree or post-graduate degree,Population_Females,0.0,DDW-1500B-03SC.xlsx,03SC
B0203SC,15,287,District - Lawngtlai,Rural,Total,Population_Females,29.0,DDW-1500B-03SC.xlsx,03SC
B0203SC,15,287,District - Lawngtlai,Rural,Illiterate,Population_Females,15.0,DDW-1500B-03SC.xlsx,03SC
B0203SC,15,287,District - Lawngtlai,Rural,Literate,Population_Females,14.0,DDW-1500B-03SC.xlsx,03SC
B0203SC,15,287,District - Lawngtlai,Rural,Literate but below matric/secondary,Population_Females,14.0,DDW-1500B-03SC.xlsx,03SC
B0203SC,15,287,District - Lawngtlai,Rural,Matric/secondary but below graduate,Population_Females,0.0,DDW-1500B-03SC.xlsx,03SC
B0203SC,15,287,District - Lawngtlai,Rural,Technical diploma or certificate not equal to degree,Population_Females,0.0,DDW-1500B-03SC.xlsx,03SC
B0203SC,15,287,District - Lawngtlai,Rural,Graduate and above other than technical degree,Population_Females,0.0,DDW-1500B-03SC.xlsx,03SC
B0203SC,15,287,District - Lawngtlai,Rural,Technical degree or diploma equal to degree or post-graduate degree,Population_Females,0.0,DDW-1500B-03SC.xlsx,03SC
B0203SC,15,287,District - Lawngtlai,Urban,Total,Population_Females,12.0,DDW-1500B-03SC.xlsx,03SC
B0203SC,15,287,District - Lawngtlai,Urban,Illiterate,Population_Females,6.0,DDW-1500B-03SC.xlsx,03SC
B0203SC,15,287,District - Lawngtlai,Urban,Literate,Population_Females,6.0,DDW-1500B-03SC.xlsx,03SC
B0203SC,15,287,District - Lawngtlai,Urban,Literate but below matric/secondary,Population_Females,2.0,DDW-1500B-03SC.xlsx,03SC
B0203SC,15,287,District - Lawngtlai,Urban,Matric/secondary but below graduate,Population_Females,3.0,DDW-1500B-03SC.xlsx,03SC
B0203SC,15,287,District - Lawngtlai,Urban,Technical diploma or certificate not equal to degree,Population_Females,0.0,DDW-1500B-03SC.xlsx,03SC
B0203SC,15,287,District - Lawngtlai,Urban,Graduate and above other than technical degree,Population_Females,1.0,DDW-1500B-03SC.xlsx,03SC
B0203SC,15,287,District - Lawngtlai,Urban,Technical degree or diploma equal to degree or post-graduate degree,Population_Females,0.0,DDW-1500B-03SC.xlsx,03SC
B0203SC,15,288,District - Saiha,Total,Total,Population_Females,31.0,DDW-1500B-03SC.xlsx,03SC
B0203SC,15,288,District - Saiha,Total,Illiterate,Population_Females,6.0,DDW-1500B-03SC.xlsx,03SC
B0203SC,15,288,District - Saiha,Total,Literate,Population_Females,25.0,DDW-1500B-03SC.xlsx,03SC
B0203SC,15,288,District - Saiha,Total,Literate but below matric/secondary,Population_Females,14.0,DDW-1500B-03SC.xlsx,03SC
B0203SC,15,288,District - Saiha,Total,Matric/secondary but below graduate,Population_Females,11.0,DDW-1500B-03SC.xlsx,03SC
B0203SC,15,288,District - Saiha,Total,Technical diploma or certificate not equal to degree,Population_Females,0.0,DDW-1500B-03SC.xlsx,03SC
B0203SC,15,288,District - Saiha,Total,Graduate and above other than technical degree,Population_Females,0.0,DDW-1500B-03SC.xlsx,03SC
B0203SC,15,288,District - Saiha,Total,Technical degree or diploma equal to degree or post-graduate degree,Population_Females,0.0,DDW-1500B-03SC.xlsx,03SC
B0203SC,15,288,District - Saiha,Rural,Total,Population_Females,5.0,DDW-1500B-03SC.xlsx,03SC
B0203SC,15,288,District - Saiha,Rural,Illiterate,Population_Females,3.0,DDW-1500B-03SC.xlsx,03SC
B0203SC,15,288,District - Saiha,Rural,Literate,Population_Females,2.0,DDW-1500B-03SC.xlsx,03SC
B0203SC,15,288,District - Saiha,Rural,Literate but below matric/secondary,Population_Females,0.0,DDW-1500B-03SC.xlsx,03SC
B0203SC,15,288,District - Saiha,Rural,Matric/secondary but below graduate,Population_Females,2.0,DDW-1500B-03SC.xlsx,03SC
B0203SC,15,288,District - Saiha,Rural,Technical diploma or certificate not equal to degree,Population_Females,0.0,DDW-1500B-03SC.xlsx,03SC
B0203SC,15,288,District - Saiha,Rural,Graduate and above other than technical degree,Population_Females,0.0,DDW-1500B-03SC.xlsx,03SC
B0203SC,15,288,District - Saiha,Rural,Technical degree or diploma equal to degree or post-graduate degree,Population_Females,0.0,DDW-1500B-03SC.xlsx,03SC
B0203SC,15,288,District - Saiha,Urban,Total,Population_Females,26.0,DDW-1500B-03SC.xlsx,03SC
B0203SC,15,288,District - Saiha,Urban,Illiterate,Population_Females,3.0,DDW-1500B-03SC.xlsx,03SC
B0203SC,15,288,District - Saiha,Urban,Literate,Population_Females,23.0,DDW-1500B-03SC.xlsx,03SC
B0203SC,15,288,District - Saiha,Urban,Literate but below matric/secondary,Population_Females,14.0,DDW-1500B-03SC.xlsx,03SC
B0203SC,15,288,District - Saiha,Urban,Matric/secondary but below graduate,Population_Females,9.0,DDW-1500B-03SC.xlsx,03SC
B0203SC,15,288,District - Saiha,Urban,Technical diploma or certificate not equal to degree,Population_Females,0.0,DDW-1500B-03SC.xlsx,03SC
B0203SC,15,288,District - Saiha,Urban,Graduate and above other than technical degree,Population_Females,0.0,DDW-1500B-03SC.xlsx,03SC
B0203SC,15,288,District - Saiha,Urban,Technical degree or diploma equal to degree or post-graduate degree,Population_Females,0.0,DDW-1500B-03SC.xlsx,03SC
B0203SC,15,000,State - MIZORAM,Total,Total,Main workers_Persons,605.0,DDW-1500B-03SC.xlsx,03SC
B0203SC,15,000,State - MIZORAM,Total,Illiterate,Main workers_Persons,49.0,DDW-1500B-03SC.xlsx,03SC
B0203SC,15,000,State - MIZORAM,Total,Literate,Main workers_Persons,556.0,DDW-1500B-03SC.xlsx,03SC
B0203SC,15,000,State - MIZORAM,Total,Literate but below matric/secondary,Main workers_Persons,276.0,DDW-1500B-03SC.xlsx,03SC
B0203SC,15,000,State - MIZORAM,Total,Matric/secondary but below graduate,Main workers_Persons,208.0,DDW-1500B-03SC.xlsx,03SC
B0203SC,15,000,State - MIZORAM,Total,Technical diploma or certificate not equal to degree,Main workers_Persons,13.0,DDW-1500B-03SC.xlsx,03SC
B0203SC,15,000,State - MIZORAM,Total,Graduate and above other than technical degree,Main workers_Persons,47.0,DDW-1500B-03SC.xlsx,03SC
B0203SC,15,000,State - MIZORAM,Total,Technical degree or diploma equal to degree or post-graduate degree,Main workers_Persons,10.0,DDW-1500B-03SC.xlsx,03SC
B0203SC,15,000,State - MIZORAM,Rural,Total,Main workers_Persons,156.0,DDW-1500B-03SC.xlsx,03SC
B0203SC,15,000,State - MIZORAM,Rural,Illiterate,Main workers_Persons,23.0,DDW-1500B-03SC.xlsx,03SC
B0203SC,15,000,State - MIZORAM,Rural,Literate,Main workers_Persons,133.0,DDW-1500B-03SC.xlsx,03SC
B0203SC,15,000,State - MIZORAM,Rural,Literate but below matric/secondary,Main workers_Persons,74.0,DDW-1500B-03SC.xlsx,03SC
B0203SC,15,000,State - MIZORAM,Rural,Matric/secondary but below graduate,Main workers_Persons,48.0,DDW-1500B-03SC.xlsx,03SC
B0203SC,15,000,State - MIZORAM,Rural,Technical diploma or certificate not equal to degree,Main workers_Persons,4.0,DDW-1500B-03SC.xlsx,03SC
B0203SC,15,000,State - MIZORAM,Rural,Graduate and above other than technical degree,Main workers_Persons,5.0,DDW-1500B-03SC.xlsx,03SC
B0203SC,15,000,State - MIZORAM,Rural,Technical degree or diploma equal to degree or post-graduate degree,Main workers_Persons,0.0,DDW-1500B-03SC.xlsx,03SC
B0203SC,15,000,State - MIZORAM,Urban,Total,Main workers_Persons,449.0,DDW-1500B-03SC.xlsx,03SC
B0203SC,15,000,State - MIZORAM,Urban,Illiterate,Main workers_Persons,26.0,DDW-1500B-03SC.xlsx,03SC
B0203SC,15,000,State - MIZORAM,Urban,Literate,Main workers_Persons,423.0,DDW-1500B-03SC.xlsx,03SC
B0203SC,15,000,State - MIZORAM,Urban,Literate but below matric/secondary,Main workers_Persons,202.0,DDW-1500B-03SC.xlsx,03SC
B0203SC,15,000,State - MIZORAM,Urban,Matric/secondary but below graduate,Main workers_Persons,160.0,DDW-1500B-03SC.xlsx,03SC
B0203SC,15,000,State - MIZORAM,Urban,Technical diploma or certificate not equal to degree,Main workers_Persons,9.0,DDW-1500B-03SC.xlsx,03SC
B0203SC,15,000,State - MIZORAM,Urban,Graduate and above other than technical degree,Main workers_Persons,42.0,DDW-1500B-03SC.xlsx,03SC
B0203SC,15,000,State - MIZORAM,Urban,Technical degree or diploma equal to degree or post-graduate degree,Main workers_Persons,10.0,DDW-1500B-03SC.xlsx,03SC
B0203SC,15,281,District - Mamit,Total,Total,Main workers_Persons,35.0,DDW-1500B-03SC.xlsx,03SC
B0203SC,15,281,District - Mamit,Total,Illiterate,Main workers_Persons,5.0,DDW-1500B-03SC.xlsx,03SC
B0203SC,15,281,District - Mamit,Total,Literate,Main workers_Persons,30.0,DDW-1500B-03SC.xlsx,03SC
B0203SC,15,281,District - Mamit,Total,Literate but below matric/secondary,Main workers_Persons,22.0,DDW-1500B-03SC.xlsx,03SC
B0203SC,15,281,District - Mamit,Total,Matric/secondary but below graduate,Main workers_Persons,5.0,DDW-1500B-03SC.xlsx,03SC
B0203SC,15,281,District - Mamit,Total,Technical diploma or certificate not equal to degree,Main workers_Persons,0.0,DDW-1500B-03SC.xlsx,03SC
B0203SC,15,281,District - Mamit,Total,Graduate and above other than technical degree,Main workers_Persons,2.0,DDW-1500B-03SC.xlsx,03SC
B0203SC,15,281,District - Mamit,Total,Technical degree or diploma equal to degree or post-graduate degree,Main workers_Persons,0.0,DDW-1500B-03SC.xlsx,03SC
B0203SC,15,281,District - Mamit,Rural,Total,Main workers_Persons,27.0,DDW-1500B-03SC.xlsx,03SC
B0203SC,15,281,District - Mamit,Rural,Illiterate,Main workers_Persons,5.0,DDW-1500B-03SC.xlsx,03SC
B0203SC,15,281,District - Mamit,Rural,Literate,Main workers_Persons,22.0,DDW-1500B-03SC.xlsx,03SC
B0203SC,15,281,District - Mamit,Rural,Literate but below matric/secondary,Main workers_Persons,18.0,DDW-1500B-03SC.xlsx,03SC
B0203SC,15,281,District - Mamit,Rural,Matric/secondary but below graduate,Main workers_Persons,2.0,DDW-1500B-03SC.xlsx,03SC
B0203SC,15,281,District - Mamit,Rural,Technical diploma or certificate not equal to degree,Main workers_Persons,0.0,DDW-1500B-03SC.xlsx,03SC
B0203SC,15,281,District - Mamit,Rural,Graduate and above other than technical degree,Main workers_Persons,1.0,DDW-1500B-03SC.xlsx,03SC
B0203SC,15,281,District - Mamit,Rural,Technical degree or diploma equal to degree or post-graduate degree,Main workers_Persons,0.0,DDW-1500B-03SC.xlsx,03SC
B0203SC,15,281,District - Mamit,Urban,Total,Main workers_Persons,8.0,DDW-1500B-03SC.xlsx,03SC
B0203SC,15,281,District - Mamit,Urban,Illiterate,Main workers_Persons,0.0,DDW-1500B-03SC.xlsx,03SC
B0203SC,15,281,District - Mamit,Urban,Literate,Main workers_Persons,8.0,DDW-1500B-03SC.xlsx,03SC
B0203SC,15,281,District - Mamit,Urban,Literate but below matric/secondary,Main workers_Persons,4.0,DDW-1500B-03SC.xlsx,03SC
B0203SC,15,281,District - Mamit,Urban,Matric/secondary but below graduate,Main workers_Persons,3.0,DDW-1500B-03SC.xlsx,03SC
B0203SC,15,281,District - Mamit,Urban,Technical diploma or certificate not equal to degree,Main workers_Persons,0.0,DDW-1500B-03SC.xlsx,03SC
B0203SC,15,281,District - Mamit,Urban,Graduate and above other than technical degree,Main workers_Persons,1.0,DDW-1500B-03SC.xlsx,03SC
B0203SC,15,281,District - Mamit,Urban,Technical degree or diploma equal to degree or post-graduate degree,Main workers_Persons,0.0,DDW-1500B-03SC.xlsx,03SC
B0203SC,15,282,District - Kolasib,Total,Total,Main workers_Persons,43.0,DDW-1500B-03SC.xlsx,03SC
B0203SC,15,282,District - Kolasib,Total,Illiterate,Main workers_Persons,2.0,DDW-1500B-03SC.xlsx,03SC
B0203SC,15,282,District - Kolasib,Total,Literate,Main workers_Persons,41.0,DDW-1500B-03SC.xlsx,03SC
B0203SC,15,282,District - Kolasib,Total,Literate but below matric/secondary,Main workers_Persons,19.0,DDW-1500B-03SC.xlsx,03SC
B0203SC,15,282,District - Kolasib,Total,Matric/secondary but below graduate,Main workers_Persons,15.0,DDW-1500B-03SC.xlsx,03SC
B0203SC,15,282,District - Kolasib,Total,Technical diploma or certificate not equal to degree,Main workers_Persons,1.0,DDW-1500B-03SC.xlsx,03SC
B0203SC,15,282,District - Kolasib,Total,Graduate and above other than technical degree,Main workers_Persons,6.0,DDW-1500B-03SC.xlsx,03SC
B0203SC,15,282,District - Kolasib,Total,Technical degree or diploma equal to degree or post-graduate degree,Main workers_Persons,0.0,DDW-1500B-03SC.xlsx,03SC
B0203SC,15,282,District - Kolasib,Rural,Total,Main workers_Persons,7.0,DDW-1500B-03SC.xlsx,03SC
B0203SC,15,282,District - Kolasib,Rural,Illiterate,Main workers_Persons,0.0,DDW-1500B-03SC.xlsx,03SC
B0203SC,15,282,District - Kolasib,Rural,Literate,Main workers_Persons,7.0,DDW-1500B-03SC.xlsx,03SC
B0203SC,15,282,District - Kolasib,Rural,Literate but below matric/secondary,Main workers_Persons,5.0,DDW-1500B-03SC.xlsx,03SC
B0203SC,15,282,District - Kolasib,Rural,Matric/secondary but below graduate,Main workers_Persons,1.0,DDW-1500B-03SC.xlsx,03SC
B0203SC,15,282,District - Kolasib,Rural,Technical diploma or certificate not equal to degree,Main workers_Persons,0.0,DDW-1500B-03SC.xlsx,03SC
B0203SC,15,282,District - Kolasib,Rural,Graduate and above other than technical degree,Main workers_Persons,1.0,DDW-1500B-03SC.xlsx,03SC
B0203SC,15,282,District - Kolasib,Rural,Technical degree or diploma equal to degree or post-graduate degree,Main workers_Persons,0.0,DDW-1500B-03SC.xlsx,03SC
B0203SC,15,282,District - Kolasib,Urban,Total,Main workers_Persons,36.0,DDW-1500B-03SC.xlsx,03SC
B0203SC,15,282,District - Kolasib,Urban,Illiterate,Main workers_Persons,2.0,DDW-1500B-03SC.xlsx,03SC
B0203SC,15,282,District - Kolasib,Urban,Literate,Main workers_Persons,34.0,DDW-1500B-03SC.xlsx,03SC
B0203SC,15,282,District - Kolasib,Urban,Literate but below matric/secondary,Main workers_Persons,14.0,DDW-1500B-03SC.xlsx,03SC
B0203SC,15,282,District - Kolasib,Urban,Matric/secondary but below graduate,Main workers_Persons,14.0,DDW-1500B-03SC.xlsx,03SC
B0203SC,15,282,District - Kolasib,Urban,Technical diploma or certificate not equal to degree,Main workers_Persons,1.0,DDW-1500B-03SC.xlsx,03SC
B0203SC,15,282,District - Kolasib,Urban,Graduate and above other than technical degree,Main workers_Persons,5.0,DDW-1500B-03SC.xlsx,03SC
B0203SC,15,282,District - Kolasib,Urban,Technical degree or diploma equal to degree or post-graduate degree,Main workers_Persons,0.0,DDW-1500B-03SC.xlsx,03SC
B0203SC,15,283,District - Aizawl,Total,Total,Main workers_Persons,284.0,DDW-1500B-03SC.xlsx,03SC
B0203SC,15,283,District - Aizawl,Total,Illiterate,Main workers_Persons,20.0,DDW-1500B-03SC.xlsx,03SC
B0203SC,15,283,District - Aizawl,Total,Literate,Main workers_Persons,264.0,DDW-1500B-03SC.xlsx,03SC
B0203SC,15,283,District - Aizawl,Total,Literate but below matric/secondary,Main workers_Persons,132.0,DDW-1500B-03SC.xlsx,03SC
B0203SC,15,283,District - Aizawl,Total,Matric/secondary but below graduate,Main workers_Persons,88.0,DDW-1500B-03SC.xlsx,03SC
B0203SC,15,283,District - Aizawl,Total,Technical diploma or certificate not equal to degree,Main workers_Persons,5.0,DDW-1500B-03SC.xlsx,03SC
B0203SC,15,283,District - Aizawl,Total,Graduate and above other than technical degree,Main workers_Persons,32.0,DDW-1500B-03SC.xlsx,03SC
B0203SC,15,283,District - Aizawl,Total,Technical degree or diploma equal to degree or post-graduate degree,Main workers_Persons,7.0,DDW-1500B-03SC.xlsx,03SC
B0203SC,15,283,District - Aizawl,Rural,Total,Main workers_Persons,31.0,DDW-1500B-03SC.xlsx,03SC
B0203SC,15,283,District - Aizawl,Rural,Illiterate,Main workers_Persons,0.0,DDW-1500B-03SC.xlsx,03SC
B0203SC,15,283,District - Aizawl,Rural,Literate,Main workers_Persons,31.0,DDW-1500B-03SC.xlsx,03SC
B0203SC,15,283,District - Aizawl,Rural,Literate but below matric/secondary,Main workers_Persons,10.0,DDW-1500B-03SC.xlsx,03SC
B0203SC,15,283,District - Aizawl,Rural,Matric/secondary but below graduate,Main workers_Persons,17.0,DDW-1500B-03SC.xlsx,03SC
B0203SC,15,283,District - Aizawl,Rural,Technical diploma or certificate not equal to degree,Main workers_Persons,4.0,DDW-1500B-03SC.xlsx,03SC
B0203SC,15,283,District - Aizawl,Rural,Graduate and above other than technical degree,Main workers_Persons,0.0,DDW-1500B-03SC.xlsx,03SC
B0203SC,15,283,District - Aizawl,Rural,Technical degree or diploma equal to degree or post-graduate degree,Main workers_Persons,0.0,DDW-1500B-03SC.xlsx,03SC
B0203SC,15,283,District - Aizawl,Urban,Total,Main workers_Persons,253.0,DDW-1500B-03SC.xlsx,03SC
B0203SC,15,283,District - Aizawl,Urban,Illiterate,Main workers_Persons,20.0,DDW-1500B-03SC.xlsx,03SC
B0203SC,15,283,District - Aizawl,Urban,Literate,Main workers_Persons,233.0,DDW-1500B-03SC.xlsx,03SC
B0203SC,15,283,District - Aizawl,Urban,Literate but below matric/secondary,Main workers_Persons,122.0,DDW-1500B-03SC.xlsx,03SC
B0203SC,15,283,District - Aizawl,Urban,Matric/secondary but below graduate,Main workers_Persons,71.0,DDW-1500B-03SC.xlsx,03SC
B0203SC,15,283,District - Aizawl,Urban,Technical diploma or certificate not equal to degree,Main workers_Persons,1.0,DDW-1500B-03SC.xlsx,03SC
B0203SC,15,283,District - Aizawl,Urban,Graduate and above other than technical degree,Main workers_Persons,32.0,DDW-1500B-03SC.xlsx,03SC
B0203SC,15,283,District - Aizawl,Urban,Technical degree or diploma equal to degree or post-graduate degree,Main workers_Persons,7.0,DDW-1500B-03SC.xlsx,03SC
B0203SC,15,284,District - Champhai,Total,Total,Main workers_Persons,17.0,DDW-1500B-03SC.xlsx,03SC
B0203SC,15,284,District - Champhai,Total,Illiterate,Main workers_Persons,2.0,DDW-1500B-03SC.xlsx,03SC
B0203SC,15,284,District - Champhai,Total,Literate,Main workers_Persons,15.0,DDW-1500B-03SC.xlsx,03SC
B0203SC,15,284,District - Champhai,Total,Literate but below matric/secondary,Main workers_Persons,5.0,DDW-1500B-03SC.xlsx,03SC
B0203SC,15,284,District - Champhai,Total,Matric/secondary but below graduate,Main workers_Persons,9.0,DDW-1500B-03SC.xlsx,03SC
B0203SC,15,284,District - Champhai,Total,Technical diploma or certificate not equal to degree,Main workers_Persons,0.0,DDW-1500B-03SC.xlsx,03SC
B0203SC,15,284,District - Champhai,Total,Graduate and above other than technical degree,Main workers_Persons,1.0,DDW-1500B-03SC.xlsx,03SC
B0203SC,15,284,District - Champhai,Total,Technical degree or diploma equal to degree or post-graduate degree,Main workers_Persons,0.0,DDW-1500B-03SC.xlsx,03SC
B0203SC,15,284,District - Champhai,Rural,Total,Main workers_Persons,10.0,DDW-1500B-03SC.xlsx,03SC
B0203SC,15,284,District - Champhai,Rural,Illiterate,Main workers_Persons,1.0,DDW-1500B-03SC.xlsx,03SC
B0203SC,15,284,District - Champhai,Rural,Literate,Main workers_Persons,9.0,DDW-1500B-03SC.xlsx,03SC
B0203SC,15,284,District - Champhai,Rural,Literate but below matric/secondary,Main workers_Persons,5.0,DDW-1500B-03SC.xlsx,03SC
B0203SC,15,284,District - Champhai,Rural,Matric/secondary but below graduate,Main workers_Persons,4.0,DDW-1500B-03SC.xlsx,03SC
B0203SC,15,284,District - Champhai,Rural,Technical diploma or certificate not equal to degree,Main workers_Persons,0.0,DDW-1500B-03SC.xlsx,03SC
B0203SC,15,284,District - Champhai,Rural,Graduate and above other than technical degree,Main workers_Persons,0.0,DDW-1500B-03SC.xlsx,03SC
B0203SC,15,284,District - Champhai,Rural,Technical degree or diploma equal to degree or post-graduate degree,Main workers_Persons,0.0,DDW-1500B-03SC.xlsx,03SC
B0203SC,15,284,District - Champhai,Urban,Total,Main workers_Persons,7.0,DDW-1500B-03SC.xlsx,03SC
B0203SC,15,284,District - Champhai,Urban,Illiterate,Main workers_Persons,1.0,DDW-1500B-03SC.xlsx,03SC
B0203SC,15,284,District - Champhai,Urban,Literate,Main workers_Persons,6.0,DDW-1500B-03SC.xlsx,03SC
B0203SC,15,284,District - Champhai,Urban,Literate but below matric/secondary,Main workers_Persons,0.0,DDW-1500B-03SC.xlsx,03SC
B0203SC,15,284,District - Champhai,Urban,Matric/secondary but below graduate,Main workers_Persons,5.0,DDW-1500B-03SC.xlsx,03SC
B0203SC,15,284,District - Champhai,Urban,Technical diploma or certificate not equal to degree,Main workers_Persons,0.0,DDW-1500B-03SC.xlsx,03SC
B0203SC,15,284,District - Champhai,Urban,Graduate and above other than technical degree,Main workers_Persons,1.0,DDW-1500B-03SC.xlsx,03SC
B0203SC,15,284,District - Champhai,Urban,Technical degree or diploma equal to degree or post-graduate degree,Main workers_Persons,0.0,DDW-1500B-03SC.xlsx,03SC
B0203SC,15,285,District - Serchhip,Total,Total,Main workers_Persons,15.0,DDW-1500B-03SC.xlsx,03SC
B0203SC,15,285,District - Serchhip,Total,Illiterate,Main workers_Persons,0.0,DDW-1500B-03SC.xlsx,03SC
B0203SC,15,285,District - Serchhip,Total,Literate,Main workers_Persons,15.0,DDW-1500B-03SC.xlsx,03SC
B0203SC,15,285,District - Serchhip,Total,Literate but below matric/secondary,Main workers_Persons,9.0,DDW-1500B-03SC.xlsx,03SC
B0203SC,15,285,District - Serchhip,Total,Matric/secondary but below graduate,Main workers_Persons,4.0,DDW-1500B-03SC.xlsx,03SC
B0203SC,15,285,District - Serchhip,Total,Technical diploma or certificate not equal to degree,Main workers_Persons,0.0,DDW-1500B-03SC.xlsx,03SC
B0203SC,15,285,District - Serchhip,Total,Graduate and above other than technical degree,Main workers_Persons,1.0,DDW-1500B-03SC.xlsx,03SC
B0203SC,15,285,District - Serchhip,Total,Technical degree or diploma equal to degree or post-graduate degree,Main workers_Persons,1.0,DDW-1500B-03SC.xlsx,03SC
B0203SC,15,285,District - Serchhip,Rural,Total,Main workers_Persons,6.0,DDW-1500B-03SC.xlsx,03SC
B0203SC,15,285,District - Serchhip,Rural,Illiterate,Main workers_Persons,0.0,DDW-1500B-03SC.xlsx,03SC
B0203SC,15,285,District - Serchhip,Rural,Literate,Main workers_Persons,6.0,DDW-1500B-03SC.xlsx,03SC
B0203SC,15,285,District - Serchhip,Rural,Literate but below matric/secondary,Main workers_Persons,4.0,DDW-1500B-03SC.xlsx,03SC
B0203SC,15,285,District - Serchhip,Rural,Matric/secondary but below graduate,Main workers_Persons,1.0,DDW-1500B-03SC.xlsx,03SC
B0203SC,15,285,District - Serchhip,Rural,Technical diploma or certificate not equal to degree,Main workers_Persons,0.0,DDW-1500B-03SC.xlsx,03SC
B0203SC,15,285,District - Serchhip,Rural,Graduate and above other than technical degree,Main workers_Persons,1.0,DDW-1500B-03SC.xlsx,03SC
B0203SC,15,285,District - Serchhip,Rural,Technical degree or diploma equal to degree or post-graduate degree,Main workers_Persons,0.0,DDW-1500B-03SC.xlsx,03SC
B0203SC,15,285,District - Serchhip,Urban,Total,Main workers_Persons,9.0,DDW-1500B-03SC.xlsx,03SC
B0203SC,15,285,District - Serchhip,Urban,Illiterate,Main workers_Persons,0.0,DDW-1500B-03SC.xlsx,03SC
B0203SC,15,285,District - Serchhip,Urban,Literate,Main workers_Persons,9.0,DDW-1500B-03SC.xlsx,03SC
B0203SC,15,285,District - Serchhip,Urban,Literate but below matric/secondary,Main workers_Persons,5.0,DDW-1500B-03SC.xlsx,03SC
B0203SC,15,285,District - Serchhip,Urban,Matric/secondary but below graduate,Main workers_Persons,3.0,DDW-1500B-03SC.xlsx,03SC
B0203SC,15,285,District - Serchhip,Urban,Technical diploma or certificate not equal to degree,Main workers_Persons,0.0,DDW-1500B-03SC.xlsx,03SC
B0203SC,15,285,District - Serchhip,Urban,Graduate and above other than technical degree,Main workers_Persons,0.0,DDW-1500B-03SC.xlsx,03SC
B0203SC,15,285,District - Serchhip,Urban,Technical degree or diploma equal to degree or post-graduate degree,Main workers_Persons,1.0,DDW-1500B-03SC.xlsx,03SC
B0203SC,15,286,District - Lunglei,Total,Total,Main workers_Persons,99.0,DDW-1500B-03SC.xlsx,03SC
B0203SC,15,286,District - Lunglei,Total,Illiterate,Main workers_Persons,7.0,DDW-1500B-03SC.xlsx,03SC
B0203SC,15,286,District - Lunglei,Total,Literate,Main workers_Persons,92.0,DDW-1500B-03SC.xlsx,03SC
B0203SC,15,286,District - Lunglei,Total,Literate but below matric/secondary,Main workers_Persons,35.0,DDW-1500B-03SC.xlsx,03SC
B0203SC,15,286,District - Lunglei,Total,Matric/secondary but below graduate,Main workers_Persons,52.0,DDW-1500B-03SC.xlsx,03SC
B0203SC,15,286,District - Lunglei,Total,Technical diploma or certificate not equal to degree,Main workers_Persons,1.0,DDW-1500B-03SC.xlsx,03SC
B0203SC,15,286,District - Lunglei,Total,Graduate and above other than technical degree,Main workers_Persons,1.0,DDW-1500B-03SC.xlsx,03SC
B0203SC,15,286,District - Lunglei,Total,Technical degree or diploma equal to degree or post-graduate degree,Main workers_Persons,2.0,DDW-1500B-03SC.xlsx,03SC
B0203SC,15,286,District - Lunglei,Rural,Total,Main workers_Persons,21.0,DDW-1500B-03SC.xlsx,03SC
B0203SC,15,286,District - Lunglei,Rural,Illiterate,Main workers_Persons,6.0,DDW-1500B-03SC.xlsx,03SC
B0203SC,15,286,District - Lunglei,Rural,Literate,Main workers_Persons,15.0,DDW-1500B-03SC.xlsx,03SC
B0203SC,15,286,District - Lunglei,Rural,Literate but below matric/secondary,Main workers_Persons,10.0,DDW-1500B-03SC.xlsx,03SC
B0203SC,15,286,District - Lunglei,Rural,Matric/secondary but below graduate,Main workers_Persons,4.0,DDW-1500B-03SC.xlsx,03SC
B0203SC,15,286,District - Lunglei,Rural,Technical diploma or certificate not equal to degree,Main workers_Persons,0.0,DDW-1500B-03SC.xlsx,03SC
B0203SC,15,286,District - Lunglei,Rural,Graduate and above other than technical degree,Main workers_Persons,0.0,DDW-1500B-03SC.xlsx,03SC
B0203SC,15,286,District - Lunglei,Rural,Technical degree or diploma equal to degree or post-graduate degree,Main workers_Persons,0.0,DDW-1500B-03SC.xlsx,03SC
B0203SC,15,286,District - Lunglei,Urban,Total,Main workers_Persons,78.0,DDW-1500B-03SC.xlsx,03SC
B0203SC,15,286,District - Lunglei,Urban,Illiterate,Main workers_Persons,1.0,DDW-1500B-03SC.xlsx,03SC
B0203SC,15,286,District - Lunglei,Urban,Literate,Main workers_Persons,77.0,DDW-1500B-03SC.xlsx,03SC
B0203SC,15,286,District - Lunglei,Urban,Literate but below matric/secondary,Main workers_Persons,25.0,DDW-1500B-03SC.xlsx,03SC
B0203SC,15,286,District - Lunglei,Urban,Matric/secondary but below graduate,Main workers_Persons,48.0,DDW-1500B-03SC.xlsx,03SC
B0203SC,15,286,District - Lunglei,Urban,Technical diploma or certificate not equal to degree,Main workers_Persons,1.0,DDW-1500B-03SC.xlsx,03SC
B0203SC,15,286,District - Lunglei,Urban,Graduate and above other than technical degree,Main workers_Persons,1.0,DDW-1500B-03SC.xlsx,03SC
B0203SC,15,286,District - Lunglei,Urban,Technical degree or diploma equal to degree or post-graduate degree,Main workers_Persons,2.0,DDW-1500B-03SC.xlsx,03SC
B0203SC,15,287,District - Lawngtlai,Total,Total,Main workers_Persons,84.0,DDW-1500B-03SC.xlsx,03SC
B0203SC,15,287,District - Lawngtlai,Total,Illiterate,Main workers_Persons,11.0,DDW-1500B-03SC.xlsx,03SC
B0203SC,15,287,District - Lawngtlai,Total,Literate,Main workers_Persons,73.0,DDW-1500B-03SC.xlsx,03SC
B0203SC,15,287,District - Lawngtlai,Total,Literate but below matric/secondary,Main workers_Persons,38.0,DDW-1500B-03SC.xlsx,03SC
B0203SC,15,287,District - Lawngtlai,Total,Matric/secondary but below graduate,Main workers_Persons,28.0,DDW-1500B-03SC.xlsx,03SC
B0203SC,15,287,District - Lawngtlai,Total,Technical diploma or certificate not equal to degree,Main workers_Persons,6.0,DDW-1500B-03SC.xlsx,03SC
B0203SC,15,287,District - Lawngtlai,Total,Graduate and above other than technical degree,Main workers_Persons,1.0,DDW-1500B-03SC.xlsx,03SC
B0203SC,15,287,District - Lawngtlai,Total,Technical degree or diploma equal to degree or post-graduate degree,Main workers_Persons,0.0,DDW-1500B-03SC.xlsx,03SC
B0203SC,15,287,District - Lawngtlai,Rural,Total,Main workers_Persons,51.0,DDW-1500B-03SC.xlsx,03SC
B0203SC,15,287,District - Lawngtlai,Rural,Illiterate,Main workers_Persons,10.0,DDW-1500B-03SC.xlsx,03SC
B0203SC,15,287,District - Lawngtlai,Rural,Literate,Main workers_Persons,41.0,DDW-1500B-03SC.xlsx,03SC
B0203SC,15,287,District - Lawngtlai,Rural,Literate but below matric/secondary,Main workers_Persons,22.0,DDW-1500B-03SC.xlsx,03SC
B0203SC,15,287,District - Lawngtlai,Rural,Matric/secondary but below graduate,Main workers_Persons,18.0,DDW-1500B-03SC.xlsx,03SC
B0203SC,15,287,District - Lawngtlai,Rural,Technical diploma or certificate not equal to degree,Main workers_Persons,0.0,DDW-1500B-03SC.xlsx,03SC
B0203SC,15,287,District - Lawngtlai,Rural,Graduate and above other than technical degree,Main workers_Persons,1.0,DDW-1500B-03SC.xlsx,03SC
B0203SC,15,287,District - Lawngtlai,Rural,Technical degree or diploma equal to degree or post-graduate degree,Main workers_Persons,0.0,DDW-1500B-03SC.xlsx,03SC
B0203SC,15,287,District - Lawngtlai,Urban,Total,Main workers_Persons,33.0,DDW-1500B-03SC.xlsx,03SC
B0203SC,15,287,District - Lawngtlai,Urban,Illiterate,Main workers_Persons,1.0,DDW-1500B-03SC.xlsx,03SC
B0203SC,15,287,District - Lawngtlai,Urban,Literate,Main workers_Persons,32.0,DDW-1500B-03SC.xlsx,03SC
B0203SC,15,287,District - Lawngtlai,Urban,Literate but below matric/secondary,Main workers_Persons,16.0,DDW-1500B-03SC.xlsx,03SC
B0203SC,15,287,District - Lawngtlai,Urban,Matric/secondary but below graduate,Main workers_Persons,10.0,DDW-1500B-03SC.xlsx,03SC
B0203SC,15,287,District - Lawngtlai,Urban,Technical diploma or certificate not equal to degree,Main workers_Persons,6.0,DDW-1500B-03SC.xlsx,03SC
B0203SC,15,287,District - Lawngtlai,Urban,Graduate and above other than technical degree,Main workers_Persons,0.0,DDW-1500B-03SC.xlsx,03SC
B0203SC,15,287,District - Lawngtlai,Urban,Technical degree or diploma equal to degree or post-graduate degree,Main workers_Persons,0.0,DDW-1500B-03SC.xlsx,03SC
B0203SC,15,288,District - Saiha,Total,Total,Main workers_Persons,28.0,DDW-1500B-03SC.xlsx,03SC
B0203SC,15,288,District - Saiha,Total,Illiterate,Main workers_Persons,2.0,DDW-1500B-03SC.xlsx,03SC
B0203SC,15,288,District - Saiha,Total,Literate,Main workers_Persons,26.0,DDW-1500B-03SC.xlsx,03SC
B0203SC,15,288,District - Saiha,Total,Literate but below matric/secondary,Main workers_Persons,16.0,DDW-1500B-03SC.xlsx,03SC
B0203SC,15,288,District - Saiha,Total,Matric/secondary but below graduate,Main workers_Persons,7.0,DDW-1500B-03SC.xlsx,03SC
B0203SC,15,288,District - Saiha,Total,Technical diploma or certificate not equal to degree,Main workers_Persons,0.0,DDW-1500B-03SC.xlsx,03SC
B0203SC,15,288,District - Saiha,Total,Graduate and above other than technical degree,Main workers_Persons,3.0,DDW-1500B-03SC.xlsx,03SC
B0203SC,15,288,District - Saiha,Total,Technical degree or diploma equal to degree or post-graduate degree,Main workers_Persons,0.0,DDW-1500B-03SC.xlsx,03SC
B0203SC,15,288,District - Saiha,Rural,Total,Main workers_Persons,3.0,DDW-1500B-03SC.xlsx,03SC
B0203SC,15,288,District - Saiha,Rural,Illiterate,Main workers_Persons,1.0,DDW-1500B-03SC.xlsx,03SC
B0203SC,15,288,District - Saiha,Rural,Literate,Main workers_Persons,2.0,DDW-1500B-03SC.xlsx,03SC
B0203SC,15,288,District - Saiha,Rural,Literate but below matric/secondary,Main workers_Persons,0.0,DDW-1500B-03SC.xlsx,03SC
B0203SC,15,288,District - Saiha,Rural,Matric/secondary but below graduate,Main workers_Persons,1.0,DDW-1500B-03SC.xlsx,03SC
B0203SC,15,288,District - Saiha,Rural,Technical diploma or certificate not equal to degree,Main workers_Persons,0.0,DDW-1500B-03SC.xlsx,03SC
B0203SC,15,288,District - Saiha,Rural,Graduate and above other than technical degree,Main workers_Persons,1.0,DDW-1500B-03SC.xlsx,03SC
B0203SC,15,288,District - Saiha,Rural,Technical degree or diploma equal to degree or post-graduate degree,Main workers_Persons,0.0,DDW-1500B-03SC.xlsx,03SC
B0203SC,15,288,District - Saiha,Urban,Total,Main workers_Persons,25.0,DDW-1500B-03SC.xlsx,03SC
B0203SC,15,288,District - Saiha,Urban,Illiterate,Main workers_Persons,1.0,DDW-1500B-03SC.xlsx,03SC
B0203SC,15,288,District - Saiha,Urban,Literate,Main workers_Persons,24.0,DDW-1500B-03SC.xlsx,03SC
B0203SC,15,288,District - Saiha,Urban,Literate but below matric/secondary,Main workers_Persons,16.0,DDW-1500B-03SC.xlsx,03SC
B0203SC,15,288,District - Saiha,Urban,Matric/secondary but below graduate,Main workers_Persons,6.0,DDW-1500B-03SC.xlsx,03SC
B0203SC,15,288,District - Saiha,Urban,Technical diploma or certificate not equal to degree,Main workers_Persons,0.0,DDW-1500B-03SC.xlsx,03SC
B0203SC,15,288,District - Saiha,Urban,Graduate and above other than technical degree,Main workers_Persons,2.0,DDW-1500B-03SC.xlsx,03SC
B0203SC,15,288,District - Saiha,Urban,Technical degree or diploma equal to degree or post-graduate degree,Main workers_Persons,0.0,DDW-1500B-03SC.xlsx,03SC
B0203SC,15,000,State - MIZORAM,Total,Total,Main workers_Males,567.0,DDW-1500B-03SC.xlsx,03SC
B0203SC,15,000,State - MIZORAM,Total,Illiterate,Main workers_Males,42.0,DDW-1500B-03SC.xlsx,03SC
B0203SC,15,000,State - MIZORAM,Total,Literate,Main workers_Males,525.0,DDW-1500B-03SC.xlsx,03SC
B0203SC,15,000,State - MIZORAM,Total,Literate but below matric/secondary,Main workers_Males,262.0,DDW-1500B-03SC.xlsx,03SC
B0203SC,15,000,State - MIZORAM,Total,Matric/secondary but below graduate,Main workers_Males,197.0,DDW-1500B-03SC.xlsx,03SC
B0203SC,15,000,State - MIZORAM,Total,Technical diploma or certificate not equal to degree,Main workers_Males,13.0,DDW-1500B-03SC.xlsx,03SC
B0203SC,15,000,State - MIZORAM,Total,Graduate and above other than technical degree,Main workers_Males,41.0,DDW-1500B-03SC.xlsx,03SC
B0203SC,15,000,State - MIZORAM,Total,Technical degree or diploma equal to degree or post-graduate degree,Main workers_Males,10.0,DDW-1500B-03SC.xlsx,03SC
B0203SC,15,000,State - MIZORAM,Rural,Total,Main workers_Males,148.0,DDW-1500B-03SC.xlsx,03SC
B0203SC,15,000,State - MIZORAM,Rural,Illiterate,Main workers_Males,18.0,DDW-1500B-03SC.xlsx,03SC
B0203SC,15,000,State - MIZORAM,Rural,Literate,Main workers_Males,130.0,DDW-1500B-03SC.xlsx,03SC
B0203SC,15,000,State - MIZORAM,Rural,Literate but below matric/secondary,Main workers_Males,71.0,DDW-1500B-03SC.xlsx,03SC
B0203SC,15,000,State - MIZORAM,Rural,Matric/secondary but below graduate,Main workers_Males,48.0,DDW-1500B-03SC.xlsx,03SC
B0203SC,15,000,State - MIZORAM,Rural,Technical diploma or certificate not equal to degree,Main workers_Males,4.0,DDW-1500B-03SC.xlsx,03SC
B0203SC,15,000,State - MIZORAM,Rural,Graduate and above other than technical degree,Main workers_Males,5.0,DDW-1500B-03SC.xlsx,03SC
B0203SC,15,000,State - MIZORAM,Rural,Technical degree or diploma equal to degree or post-graduate degree,Main workers_Males,0.0,DDW-1500B-03SC.xlsx,03SC
B0203SC,15,000,State - MIZORAM,Urban,Total,Main workers_Males,419.0,DDW-1500B-03SC.xlsx,03SC
B0203SC,15,000,State - MIZORAM,Urban,Illiterate,Main workers_Males,24.0,DDW-1500B-03SC.xlsx,03SC
B0203SC,15,000,State - MIZORAM,Urban,Literate,Main workers_Males,395.0,DDW-1500B-03SC.xlsx,03SC
B0203SC,15,000,State - MIZORAM,Urban,Literate but below matric/secondary,Main workers_Males,191.0,DDW-1500B-03SC.xlsx,03SC
B0203SC,15,000,State - MIZORAM,Urban,Matric/secondary but below graduate,Main workers_Males,149.0,DDW-1500B-03SC.xlsx,03SC
B0203SC,15,000,State - MIZORAM,Urban,Technical diploma or certificate not equal to degree,Main workers_Males,9.0,DDW-1500B-03SC.xlsx,03SC
B0203SC,15,000,State - MIZORAM,Urban,Graduate and above other than technical degree,Main workers_Males,36.0,DDW-1500B-03SC.xlsx,03SC
B0203SC,15,000,State - MIZORAM,Urban,Technical degree or diploma equal to degree or post-graduate degree,Main workers_Males,10.0,DDW-1500B-03SC.xlsx,03SC
B0203SC,15,281,District - Mamit,Total,Total,Main workers_Males,34.0,DDW-1500B-03SC.xlsx,03SC
B0203SC,15,281,District - Mamit,Total,Illiterate,Main workers_Males,4.0,DDW-1500B-03SC.xlsx,03SC
B0203SC,15,281,District - Mamit,Total,Literate,Main workers_Males,30.0,DDW-1500B-03SC.xlsx,03SC
B0203SC,15,281,District - Mamit,Total,Literate but below matric/secondary,Main workers_Males,22.0,DDW-1500B-03SC.xlsx,03SC
B0203SC,15,281,District - Mamit,Total,Matric/secondary but below graduate,Main workers_Males,5.0,DDW-1500B-03SC.xlsx,03SC
B0203SC,15,281,District - Mamit,Total,Technical diploma or certificate not equal to degree,Main workers_Males,0.0,DDW-1500B-03SC.xlsx,03SC
B0203SC,15,281,District - Mamit,Total,Graduate and above other than technical degree,Main workers_Males,2.0,DDW-1500B-03SC.xlsx,03SC
B0203SC,15,281,District - Mamit,Total,Technical degree or diploma equal to degree or post-graduate degree,Main workers_Males,0.0,DDW-1500B-03SC.xlsx,03SC
B0203SC,15,281,District - Mamit,Rural,Total,Main workers_Males,26.0,DDW-1500B-03SC.xlsx,03SC
B0203SC,15,281,District - Mamit,Rural,Illiterate,Main workers_Males,4.0,DDW-1500B-03SC.xlsx,03SC
B0203SC,15,281,District - Mamit,Rural,Literate,Main workers_Males,22.0,DDW-1500B-03SC.xlsx,03SC
B0203SC,15,281,District - Mamit,Rural,Literate but below matric/secondary,Main workers_Males,18.0,DDW-1500B-03SC.xlsx,03SC
B0203SC,15,281,District - Mamit,Rural,Matric/secondary but below graduate,Main workers_Males,2.0,DDW-1500B-03SC.xlsx,03SC
B0203SC,15,281,District - Mamit,Rural,Technical diploma or certificate not equal to degree,Main workers_Males,0.0,DDW-1500B-03SC.xlsx,03SC
B0203SC,15,281,District - Mamit,Rural,Graduate and above other than technical degree,Main workers_Males,1.0,DDW-1500B-03SC.xlsx,03SC
B0203SC,15,281,District - Mamit,Rural,Technical degree or diploma equal to degree or post-graduate degree,Main workers_Males,0.0,DDW-1500B-03SC.xlsx,03SC
B0203SC,15,281,District - Mamit,Urban,Total,Main workers_Males,8.0,DDW-1500B-03SC.xlsx,03SC
B0203SC,15,281,District - Mamit,Urban,Illiterate,Main workers_Males,0.0,DDW-1500B-03SC.xlsx,03SC
B0203SC,15,281,District - Mamit,Urban,Literate,Main workers_Males,8.0,DDW-1500B-03SC.xlsx,03SC
B0203SC,15,281,District - Mamit,Urban,Literate but below matric/secondary,Main workers_Males,4.0,DDW-1500B-03SC.xlsx,03SC
B0203SC,15,281,District - Mamit,Urban,Matric/secondary but below graduate,Main workers_Males,3.0,DDW-1500B-03SC.xlsx,03SC
B0203SC,15,281,District - Mamit,Urban,Technical diploma or certificate not equal to degree,Main workers_Males,0.0,DDW-1500B-03SC.xlsx,03SC
B0203SC,15,281,District - Mamit,Urban,Graduate and above other than technical degree,Main workers_Males,1.0,DDW-1500B-03SC.xlsx,03SC
B0203SC,15,281,District - Mamit,Urban,Technical degree or diploma equal to degree or post-graduate degree,Main workers_Males,0.0,DDW-1500B-03SC.xlsx,03SC
B0203SC,15,282,District - Kolasib,Total,Total,Main workers_Males,41.0,DDW-1500B-03SC.xlsx,03SC
B0203SC,15,282,District - Kolasib,Total,Illiterate,Main workers_Males,1.0,DDW-1500B-03SC.xlsx,03SC
B0203SC,15,282,District - Kolasib,Total,Literate,Main workers_Males,40.0,DDW-1500B-03SC.xlsx,03SC
B0203SC,15,282,District - Kolasib,Total,Literate but below matric/secondary,Main workers_Males,19.0,DDW-1500B-03SC.xlsx,03SC
B0203SC,15,282,District - Kolasib,Total,Matric/secondary but below graduate,Main workers_Males,15.0,DDW-1500B-03SC.xlsx,03SC
B0203SC,15,282,District - Kolasib,Total,Technical diploma or certificate not equal to degree,Main workers_Males,1.0,DDW-1500B-03SC.xlsx,03SC
B0203SC,15,282,District - Kolasib,Total,Graduate and above other than technical degree,Main workers_Males,5.0,DDW-1500B-03SC.xlsx,03SC
B0203SC,15,282,District - Kolasib,Total,Technical degree or diploma equal to degree or post-graduate degree,Main workers_Males,0.0,DDW-1500B-03SC.xlsx,03SC
B0203SC,15,282,District - Kolasib,Rural,Total,Main workers_Males,7.0,DDW-1500B-03SC.xlsx,03SC
B0203SC,15,282,District - Kolasib,Rural,Illiterate,Main workers_Males,0.0,DDW-1500B-03SC.xlsx,03SC
B0203SC,15,282,District - Kolasib,Rural,Literate,Main workers_Males,7.0,DDW-1500B-03SC.xlsx,03SC
B0203SC,15,282,District - Kolasib,Rural,Literate but below matric/secondary,Main workers_Males,5.0,DDW-1500B-03SC.xlsx,03SC
B0203SC,15,282,District - Kolasib,Rural,Matric/secondary but below graduate,Main workers_Males,1.0,DDW-1500B-03SC.xlsx,03SC
B0203SC,15,282,District - Kolasib,Rural,Technical diploma or certificate not equal to degree,Main workers_Males,0.0,DDW-1500B-03SC.xlsx,03SC
B0203SC,15,282,District - Kolasib,Rural,Graduate and above other than technical degree,Main workers_Males,1.0,DDW-1500B-03SC.xlsx,03SC
B0203SC,15,282,District - Kolasib,Rural,Technical degree or diploma equal to degree or post-graduate degree,Main workers_Males,0.0,DDW-1500B-03SC.xlsx,03SC
B0203SC,15,282,District - Kolasib,Urban,Total,Main workers_Males,34.0,DDW-1500B-03SC.xlsx,03SC
B0203SC,15,282,District - Kolasib,Urban,Illiterate,Main workers_Males,1.0,DDW-1500B-03SC.xlsx,03SC
B0203SC,15,282,District - Kolasib,Urban,Literate,Main workers_Males,33.0,DDW-1500B-03SC.xlsx,03SC
B0203SC,15,282,District - Kolasib,Urban,Literate but below matric/secondary,Main workers_Males,14.0,DDW-1500B-03SC.xlsx,03SC
B0203SC,15,282,District - Kolasib,Urban,Matric/secondary but below graduate,Main workers_Males,14.0,DDW-1500B-03SC.xlsx,03SC
B0203SC,15,282,District - Kolasib,Urban,Technical diploma or certificate not equal to degree,Main workers_Males,1.0,DDW-1500B-03SC.xlsx,03SC
B0203SC,15,282,District - Kolasib,Urban,Graduate and above other than technical degree,Main workers_Males,4.0,DDW-1500B-03SC.xlsx,03SC
B0203SC,15,282,District - Kolasib,Urban,Technical degree or diploma equal to degree or post-graduate degree,Main workers_Males,0.0,DDW-1500B-03SC.xlsx,03SC
B0203SC,15,283,District - Aizawl,Total,Total,Main workers_Males,260.0,DDW-1500B-03SC.xlsx,03SC
B0203SC,15,283,District - Aizawl,Total,Illiterate,Main workers_Males,19.0,DDW-1500B-03SC.xlsx,03SC
B0203SC,15,283,District - Aizawl,Total,Literate,Main workers_Males,241.0,DDW-1500B-03SC.xlsx,03SC
B0203SC,15,283,District - Aizawl,Total,Literate but below matric/secondary,Main workers_Males,123.0,DDW-1500B-03SC.xlsx,03SC
B0203SC,15,283,District - Aizawl,Total,Matric/secondary but below graduate,Main workers_Males,79.0,DDW-1500B-03SC.xlsx,03SC
B0203SC,15,283,District - Aizawl,Total,Technical diploma or certificate not equal to degree,Main workers_Males,5.0,DDW-1500B-03SC.xlsx,03SC
B0203SC,15,283,District - Aizawl,Total,Graduate and above other than technical degree,Main workers_Males,27.0,DDW-1500B-03SC.xlsx,03SC
B0203SC,15,283,District - Aizawl,Total,Technical degree or diploma equal to degree or post-graduate degree,Main workers_Males,7.0,DDW-1500B-03SC.xlsx,03SC
B0203SC,15,283,District - Aizawl,Rural,Total,Main workers_Males,31.0,DDW-1500B-03SC.xlsx,03SC
B0203SC,15,283,District - Aizawl,Rural,Illiterate,Main workers_Males,0.0,DDW-1500B-03SC.xlsx,03SC
B0203SC,15,283,District - Aizawl,Rural,Literate,Main workers_Males,31.0,DDW-1500B-03SC.xlsx,03SC
B0203SC,15,283,District - Aizawl,Rural,Literate but below matric/secondary,Main workers_Males,10.0,DDW-1500B-03SC.xlsx,03SC
B0203SC,15,283,District - Aizawl,Rural,Matric/secondary but below graduate,Main workers_Males,17.0,DDW-1500B-03SC.xlsx,03SC
B0203SC,15,283,District - Aizawl,Rural,Technical diploma or certificate not equal to degree,Main workers_Males,4.0,DDW-1500B-03SC.xlsx,03SC
B0203SC,15,283,District - Aizawl,Rural,Graduate and above other than technical degree,Main workers_Males,0.0,DDW-1500B-03SC.xlsx,03SC
B0203SC,15,283,District - Aizawl,Rural,Technical degree or diploma equal to degree or post-graduate degree,Main workers_Males,0.0,DDW-1500B-03SC.xlsx,03SC
B0203SC,15,283,District - Aizawl,Urban,Total,Main workers_Males,229.0,DDW-1500B-03SC.xlsx,03SC
B0203SC,15,283,District - Aizawl,Urban,Illiterate,Main workers_Males,19.0,DDW-1500B-03SC.xlsx,03SC
B0203SC,15,283,District - Aizawl,Urban,Literate,Main workers_Males,210.0,DDW-1500B-03SC.xlsx,03SC
B0203SC,15,283,District - Aizawl,Urban,Literate but below matric/secondary,Main workers_Males,113.0,DDW-1500B-03SC.xlsx,03SC
B0203SC,15,283,District - Aizawl,Urban,Matric/secondary but below graduate,Main workers_Males,62.0,DDW-1500B-03SC.xlsx,03SC
B0203SC,15,283,District - Aizawl,Urban,Technical diploma or certificate not equal to degree,Main workers_Males,1.0,DDW-1500B-03SC.xlsx,03SC
B0203SC,15,283,District - Aizawl,Urban,Graduate and above other than technical degree,Main workers_Males,27.0,DDW-1500B-03SC.xlsx,03SC
B0203SC,15,283,District - Aizawl,Urban,Technical degree or diploma equal to degree or post-graduate degree,Main workers_Males,7.0,DDW-1500B-03SC.xlsx,03SC
B0203SC,15,284,District - Champhai,Total,Total,Main workers_Males,16.0,DDW-1500B-03SC.xlsx,03SC
B0203SC,15,284,District - Champhai,Total,Illiterate,Main workers_Males,2.0,DDW-1500B-03SC.xlsx,03SC
B0203SC,15,284,District - Champhai,Total,Literate,Main workers_Males,14.0,DDW-1500B-03SC.xlsx,03SC
B0203SC,15,284,District - Champhai,Total,Literate but below matric/secondary,Main workers_Males,4.0,DDW-1500B-03SC.xlsx,03SC
B0203SC,15,284,District - Champhai,Total,Matric/secondary but below graduate,Main workers_Males,9.0,DDW-1500B-03SC.xlsx,03SC
B0203SC,15,284,District - Champhai,Total,Technical diploma or certificate not equal to degree,Main workers_Males,0.0,DDW-1500B-03SC.xlsx,03SC
B0203SC,15,284,District - Champhai,Total,Graduate and above other than technical degree,Main workers_Males,1.0,DDW-1500B-03SC.xlsx,03SC
B0203SC,15,284,District - Champhai,Total,Technical degree or diploma equal to degree or post-graduate degree,Main workers_Males,0.0,DDW-1500B-03SC.xlsx,03SC
B0203SC,15,284,District - Champhai,Rural,Total,Main workers_Males,9.0,DDW-1500B-03SC.xlsx,03SC
B0203SC,15,284,District - Champhai,Rural,Illiterate,Main workers_Males,1.0,DDW-1500B-03SC.xlsx,03SC
B0203SC,15,284,District - Champhai,Rural,Literate,Main workers_Males,8.0,DDW-1500B-03SC.xlsx,03SC
B0203SC,15,284,District - Champhai,Rural,Literate but below matric/secondary,Main workers_Males,4.0,DDW-1500B-03SC.xlsx,03SC
B0203SC,15,284,District - Champhai,Rural,Matric/secondary but below graduate,Main workers_Males,4.0,DDW-1500B-03SC.xlsx,03SC
B0203SC,15,284,District - Champhai,Rural,Technical diploma or certificate not equal to degree,Main workers_Males,0.0,DDW-1500B-03SC.xlsx,03SC
B0203SC,15,284,District - Champhai,Rural,Graduate and above other than technical degree,Main workers_Males,0.0,DDW-1500B-03SC.xlsx,03SC
B0203SC,15,284,District - Champhai,Rural,Technical degree or diploma equal to degree or post-graduate degree,Main workers_Males,0.0,DDW-1500B-03SC.xlsx,03SC
B0203SC,15,284,District - Champhai,Urban,Total,Main workers_Males,7.0,DDW-1500B-03SC.xlsx,03SC
B0203SC,15,284,District - Champhai,Urban,Illiterate,Main workers_Males,1.0,DDW-1500B-03SC.xlsx,03SC
B0203SC,15,284,District - Champhai,Urban,Literate,Main workers_Males,6.0,DDW-1500B-03SC.xlsx,03SC
B0203SC,15,284,District - Champhai,Urban,Literate but below matric/secondary,Main workers_Males,0.0,DDW-1500B-03SC.xlsx,03SC
B0203SC,15,284,District - Champhai,Urban,Matric/secondary but below graduate,Main workers_Males,5.0,DDW-1500B-03SC.xlsx,03SC
B0203SC,15,284,District - Champhai,Urban,Technical diploma or certificate not equal to degree,Main workers_Males,0.0,DDW-1500B-03SC.xlsx,03SC
B0203SC,15,284,District - Champhai,Urban,Graduate and above other than technical degree,Main workers_Males,1.0,DDW-1500B-03SC.xlsx,03SC
B0203SC,15,284,District - Champhai,Urban,Technical degree or diploma equal to degree or post-graduate degree,Main workers_Males,0.0,DDW-1500B-03SC.xlsx,03SC
B0203SC,15,285,District - Serchhip,Total,Total,Main workers_Males,15.0,DDW-1500B-03SC.xlsx,03SC
B0203SC,15,285,District - Serchhip,Total,Illiterate,Main workers_Males,0.0,DDW-1500B-03SC.xlsx,03SC
B0203SC,15,285,District - Serchhip,Total,Literate,Main workers_Males,15.0,DDW-1500B-03SC.xlsx,03SC
B0203SC,15,285,District - Serchhip,Total,Literate but below matric/secondary,Main workers_Males,9.0,DDW-1500B-03SC.xlsx,03SC
B0203SC,15,285,District - Serchhip,Total,Matric/secondary but below graduate,Main workers_Males,4.0,DDW-1500B-03SC.xlsx,03SC
B0203SC,15,285,District - Serchhip,Total,Technical diploma or certificate not equal to degree,Main workers_Males,0.0,DDW-1500B-03SC.xlsx,03SC
B0203SC,15,285,District - Serchhip,Total,Graduate and above other than technical degree,Main workers_Males,1.0,DDW-1500B-03SC.xlsx,03SC
B0203SC,15,285,District - Serchhip,Total,Technical degree or diploma equal to degree or post-graduate degree,Main workers_Males,1.0,DDW-1500B-03SC.xlsx,03SC
B0203SC,15,285,District - Serchhip,Rural,Total,Main workers_Males,6.0,DDW-1500B-03SC.xlsx,03SC
B0203SC,15,285,District - Serchhip,Rural,Illiterate,Main workers_Males,0.0,DDW-1500B-03SC.xlsx,03SC
B0203SC,15,285,District - Serchhip,Rural,Literate,Main workers_Males,6.0,DDW-1500B-03SC.xlsx,03SC
B0203SC,15,285,District - Serchhip,Rural,Literate but below matric/secondary,Main workers_Males,4.0,DDW-1500B-03SC.xlsx,03SC
B0203SC,15,285,District - Serchhip,Rural,Matric/secondary but below graduate,Main workers_Males,1.0,DDW-1500B-03SC.xlsx,03SC
B0203SC,15,285,District - Serchhip,Rural,Technical diploma or certificate not equal to degree,Main workers_Males,0.0,DDW-1500B-03SC.xlsx,03SC
B0203SC,15,285,District - Serchhip,Rural,Graduate and above other than technical degree,Main workers_Males,1.0,DDW-1500B-03SC.xlsx,03SC
B0203SC,15,285,District - Serchhip,Rural,Technical degree or diploma equal to degree or post-graduate degree,Main workers_Males,0.0,DDW-1500B-03SC.xlsx,03SC
B0203SC,15,285,District - Serchhip,Urban,Total,Main workers_Males,9.0,DDW-1500B-03SC.xlsx,03SC
B0203SC,15,285,District - Serchhip,Urban,Illiterate,Main workers_Males,0.0,DDW-1500B-03SC.xlsx,03SC
B0203SC,15,285,District - Serchhip,Urban,Literate,Main workers_Males,9.0,DDW-1500B-03SC.xlsx,03SC
B0203SC,15,285,District - Serchhip,Urban,Literate but below matric/secondary,Main workers_Males,5.0,DDW-1500B-03SC.xlsx,03SC
B0203SC,15,285,District - Serchhip,Urban,Matric/secondary but below graduate,Main workers_Males,3.0,DDW-1500B-03SC.xlsx,03SC
B0203SC,15,285,District - Serchhip,Urban,Technical diploma or certificate not equal to degree,Main workers_Males,0.0,DDW-1500B-03SC.xlsx,03SC
B0203SC,15,285,District - Serchhip,Urban,Graduate and above other than technical degree,Main workers_Males,0.0,DDW-1500B-03SC.xlsx,03SC
B0203SC,15,285,District - Serchhip,Urban,Technical degree or diploma equal to degree or post-graduate degree,Main workers_Males,1.0,DDW-1500B-03SC.xlsx,03SC
B0203SC,15,286,District - Lunglei,Total,Total,Main workers_Males,91.0,DDW-1500B-03SC.xlsx,03SC
B0203SC,15,286,District - Lunglei,Total,Illiterate,Main workers_Males,5.0,DDW-1500B-03SC.xlsx,03SC
B0203SC,15,286,District - Lunglei,Total,Literate,Main workers_Males,86.0,DDW-1500B-03SC.xlsx,03SC
B0203SC,15,286,District - Lunglei,Total,Literate but below matric/secondary,Main workers_Males,31.0,DDW-1500B-03SC.xlsx,03SC
B0203SC,15,286,District - Lunglei,Total,Matric/secondary but below graduate,Main workers_Males,50.0,DDW-1500B-03SC.xlsx,03SC
B0203SC,15,286,District - Lunglei,Total,Technical diploma or certificate not equal to degree,Main workers_Males,1.0,DDW-1500B-03SC.xlsx,03SC
B0203SC,15,286,District - Lunglei,Total,Graduate and above other than technical degree,Main workers_Males,1.0,DDW-1500B-03SC.xlsx,03SC
B0203SC,15,286,District - Lunglei,Total,Technical degree or diploma equal to degree or post-graduate degree,Main workers_Males,2.0,DDW-1500B-03SC.xlsx,03SC
B0203SC,15,286,District - Lunglei,Rural,Total,Main workers_Males,17.0,DDW-1500B-03SC.xlsx,03SC
B0203SC,15,286,District - Lunglei,Rural,Illiterate,Main workers_Males,4.0,DDW-1500B-03SC.xlsx,03SC
B0203SC,15,286,District - Lunglei,Rural,Literate,Main workers_Males,13.0,DDW-1500B-03SC.xlsx,03SC
B0203SC,15,286,District - Lunglei,Rural,Literate but below matric/secondary,Main workers_Males,8.0,DDW-1500B-03SC.xlsx,03SC
B0203SC,15,286,District - Lunglei,Rural,Matric/secondary but below graduate,Main workers_Males,4.0,DDW-1500B-03SC.xlsx,03SC
B0203SC,15,286,District - Lunglei,Rural,Technical diploma or certificate not equal to degree,Main workers_Males,0.0,DDW-1500B-03SC.xlsx,03SC
B0203SC,15,286,District - Lunglei,Rural,Graduate and above other than technical degree,Main workers_Males,0.0,DDW-1500B-03SC.xlsx,03SC
B0203SC,15,286,District - Lunglei,Rural,Technical degree or diploma equal to degree or post-graduate degree,Main workers_Males,0.0,DDW-1500B-03SC.xlsx,03SC
B0203SC,15,286,District - Lunglei,Urban,Total,Main workers_Males,74.0,DDW-1500B-03SC.xlsx,03SC
B0203SC,15,286,District - Lunglei,Urban,Illiterate,Main workers_Males,1.0,DDW-1500B-03SC.xlsx,03SC
B0203SC,15,286,District - Lunglei,Urban,Literate,Main workers_Males,73.0,DDW-1500B-03SC.xlsx,03SC
B0203SC,15,286,District - Lunglei,Urban,Literate but below matric/secondary,Main workers_Males,23.0,DDW-1500B-03SC.xlsx,03SC
B0203SC,15,286,District - Lunglei,Urban,Matric/secondary but below graduate,Main workers_Males,46.0,DDW-1500B-03SC.xlsx,03SC
B0203SC,15,286,District - Lunglei,Urban,Technical diploma or certificate not equal to degree,Main workers_Males,1.0,DDW-1500B-03SC.xlsx,03SC
B0203SC,15,286,District - Lunglei,Urban,Graduate and above other than technical degree,Main workers_Males,1.0,DDW-1500B-03SC.xlsx,03SC
B0203SC,15,286,District - Lunglei,Urban,Technical degree or diploma equal to degree or post-graduate degree,Main workers_Males,2.0,DDW-1500B-03SC.xlsx,03SC
B0203SC,15,287,District - Lawngtlai,Total,Total,Main workers_Males,82.0,DDW-1500B-03SC.xlsx,03SC
B0203SC,15,287,District - Lawngtlai,Total,Illiterate,Main workers_Males,9.0,DDW-1500B-03SC.xlsx,03SC
B0203SC,15,287,District - Lawngtlai,Total,Literate,Main workers_Males,73.0,DDW-1500B-03SC.xlsx,03SC
B0203SC,15,287,District - Lawngtlai,Total,Literate but below matric/secondary,Main workers_Males,38.0,DDW-1500B-03SC.xlsx,03SC
B0203SC,15,287,District - Lawngtlai,Total,Matric/secondary but below graduate,Main workers_Males,28.0,DDW-1500B-03SC.xlsx,03SC
B0203SC,15,287,District - Lawngtlai,Total,Technical diploma or certificate not equal to degree,Main workers_Males,6.0,DDW-1500B-03SC.xlsx,03SC
B0203SC,15,287,District - Lawngtlai,Total,Graduate and above other than technical degree,Main workers_Males,1.0,DDW-1500B-03SC.xlsx,03SC
B0203SC,15,287,District - Lawngtlai,Total,Technical degree or diploma equal to degree or post-graduate degree,Main workers_Males,0.0,DDW-1500B-03SC.xlsx,03SC
B0203SC,15,287,District - Lawngtlai,Rural,Total,Main workers_Males,49.0,DDW-1500B-03SC.xlsx,03SC
B0203SC,15,287,District - Lawngtlai,Rural,Illiterate,Main workers_Males,8.0,DDW-1500B-03SC.xlsx,03SC
B0203SC,15,287,District - Lawngtlai,Rural,Literate,Main workers_Males,41.0,DDW-1500B-03SC.xlsx,03SC
B0203SC,15,287,District - Lawngtlai,Rural,Literate but below matric/secondary,Main workers_Males,22.0,DDW-1500B-03SC.xlsx,03SC
B0203SC,15,287,District - Lawngtlai,Rural,Matric/secondary but below graduate,Main workers_Males,18.0,DDW-1500B-03SC.xlsx,03SC
B0203SC,15,287,District - Lawngtlai,Rural,Technical diploma or certificate not equal to degree,Main workers_Males,0.0,DDW-1500B-03SC.xlsx,03SC
B0203SC,15,287,District - Lawngtlai,Rural,Graduate and above other than technical degree,Main workers_Males,1.0,DDW-1500B-03SC.xlsx,03SC
B0203SC,15,287,District - Lawngtlai,Rural,Technical degree or diploma equal to degree or post-graduate degree,Main workers_Males,0.0,DDW-1500B-03SC.xlsx,03SC
B0203SC,15,287,District - Lawngtlai,Urban,Total,Main workers_Males,33.0,DDW-1500B-03SC.xlsx,03SC
B0203SC,15,287,District - Lawngtlai,Urban,Illiterate,Main workers_Males,1.0,DDW-1500B-03SC.xlsx,03SC
B0203SC,15,287,District - Lawngtlai,Urban,Literate,Main workers_Males,32.0,DDW-1500B-03SC.xlsx,03SC
B0203SC,15,287,District - Lawngtlai,Urban,Literate but below matric/secondary,Main workers_Males,16.0,DDW-1500B-03SC.xlsx,03SC
B0203SC,15,287,District - Lawngtlai,Urban,Matric/secondary but below graduate,Main workers_Males,10.0,DDW-1500B-03SC.xlsx,03SC
B0203SC,15,287,District - Lawngtlai,Urban,Technical diploma or certificate not equal to degree,Main workers_Males,6.0,DDW-1500B-03SC.xlsx,03SC
B0203SC,15,287,District - Lawngtlai,Urban,Graduate and above other than technical degree,Main workers_Males,0.0,DDW-1500B-03SC.xlsx,03SC
B0203SC,15,287,District - Lawngtlai,Urban,Technical degree or diploma equal to degree or post-graduate degree,Main workers_Males,0.0,DDW-1500B-03SC.xlsx,03SC
B0203SC,15,288,District - Saiha,Total,Total,Main workers_Males,28.0,DDW-1500B-03SC.xlsx,03SC
B0203SC,15,288,District - Saiha,Total,Illiterate,Main workers_Males,2.0,DDW-1500B-03SC.xlsx,03SC
B0203SC,15,288,District - Saiha,Total,Literate,Main workers_Males,26.0,DDW-1500B-03SC.xlsx,03SC
B0203SC,15,288,District - Saiha,Total,Literate but below matric/secondary,Main workers_Males,16.0,DDW-1500B-03SC.xlsx,03SC
B0203SC,15,288,District - Saiha,Total,Matric/secondary but below graduate,Main workers_Males,7.0,DDW-1500B-03SC.xlsx,03SC
B0203SC,15,288,District - Saiha,Total,Technical diploma or certificate not equal to degree,Main workers_Males,0.0,DDW-1500B-03SC.xlsx,03SC
B0203SC,15,288,District - Saiha,Total,Graduate and above other than technical degree,Main workers_Males,3.0,DDW-1500B-03SC.xlsx,03SC
B0203SC,15,288,District - Saiha,Total,Technical degree or diploma equal to degree or post-graduate degree,Main workers_Males,0.0,DDW-1500B-03SC.xlsx,03SC
B0203SC,15,288,District - Saiha,Rural,Total,Main workers_Males,3.0,DDW-1500B-03SC.xlsx,03SC
B0203SC,15,288,District - Saiha,Rural,Illiterate,Main workers_Males,1.0,DDW-1500B-03SC.xlsx,03SC
B0203SC,15,288,District - Saiha,Rural,Literate,Main workers_Males,2.0,DDW-1500B-03SC.xlsx,03SC
B0203SC,15,288,District - Saiha,Rural,Literate but below matric/secondary,Main workers_Males,0.0,DDW-1500B-03SC.xlsx,03SC
B0203SC,15,288,District - Saiha,Rural,Matric/secondary but below graduate,Main workers_Males,1.0,DDW-1500B-03SC.xlsx,03SC
B0203SC,15,288,District - Saiha,Rural,Technical diploma or certificate not equal to degree,Main workers_Males,0.0,DDW-1500B-03SC.xlsx,03SC
B0203SC,15,288,District - Saiha,Rural,Graduate and above other than technical degree,Main workers_Males,1.0,DDW-1500B-03SC.xlsx,03SC
B0203SC,15,288,District - Saiha,Rural,Technical degree or diploma equal to degree or post-graduate degree,Main workers_Males,0.0,DDW-1500B-03SC.xlsx,03SC
B0203SC,15,288,District - Saiha,Urban,Total,Main workers_Males,25.0,DDW-1500B-03SC.xlsx,03SC
B0203SC,15,288,District - Saiha,Urban,Illiterate,Main workers_Males,1.0,DDW-1500B-03SC.xlsx,03SC
B0203SC,15,288,District - Saiha,Urban,Literate,Main workers_Males,24.0,DDW-1500B-03SC.xlsx,03SC
B0203SC,15,288,District - Saiha,Urban,Literate but below matric/secondary,Main workers_Males,16.0,DDW-1500B-03SC.xlsx,03SC
B0203SC,15,288,District - Saiha,Urban,Matric/secondary but below graduate,Main workers_Males,6.0,DDW-1500B-03SC.xlsx,03SC
B0203SC,15,288,District - Saiha,Urban,Technical diploma or certificate not equal to degree,Main workers_Males,0.0,DDW-1500B-03SC.xlsx,03SC
B0203SC,15,288,District - Saiha,Urban,Graduate and above other than technical degree,Main workers_Males,2.0,DDW-1500B-03SC.xlsx,03SC
B0203SC,15,288,District - Saiha,Urban,Technical degree or diploma equal to degree or post-graduate degree,Main workers_Males,0.0,DDW-1500B-03SC.xlsx,03SC
B0203SC,15,000,State - MIZORAM,Total,Total,Main workers_Females,38.0,DDW-1500B-03SC.xlsx,03SC
B0203SC,15,000,State - MIZORAM,Total,Illiterate,Main workers_Females,7.0,DDW-1500B-03SC.xlsx,03SC
B0203SC,15,000,State - MIZORAM,Total,Literate,Main workers_Females,31.0,DDW-1500B-03SC.xlsx,03SC
B0203SC,15,000,State - MIZORAM,Total,Literate but below matric/secondary,Main workers_Females,14.0,DDW-1500B-03SC.xlsx,03SC
B0203SC,15,000,State - MIZORAM,Total,Matric/secondary but below graduate,Main workers_Females,11.0,DDW-1500B-03SC.xlsx,03SC
B0203SC,15,000,State - MIZORAM,Total,Technical diploma or certificate not equal to degree,Main workers_Females,0.0,DDW-1500B-03SC.xlsx,03SC
B0203SC,15,000,State - MIZORAM,Total,Graduate and above other than technical degree,Main workers_Females,6.0,DDW-1500B-03SC.xlsx,03SC
B0203SC,15,000,State - MIZORAM,Total,Technical degree or diploma equal to degree or post-graduate degree,Main workers_Females,0.0,DDW-1500B-03SC.xlsx,03SC
B0203SC,15,000,State - MIZORAM,Rural,Total,Main workers_Females,8.0,DDW-1500B-03SC.xlsx,03SC
B0203SC,15,000,State - MIZORAM,Rural,Illiterate,Main workers_Females,5.0,DDW-1500B-03SC.xlsx,03SC
B0203SC,15,000,State - MIZORAM,Rural,Literate,Main workers_Females,3.0,DDW-1500B-03SC.xlsx,03SC
B0203SC,15,000,State - MIZORAM,Rural,Literate but below matric/secondary,Main workers_Females,3.0,DDW-1500B-03SC.xlsx,03SC
B0203SC,15,000,State - MIZORAM,Rural,Matric/secondary but below graduate,Main workers_Females,0.0,DDW-1500B-03SC.xlsx,03SC
B0203SC,15,000,State - MIZORAM,Rural,Technical diploma or certificate not equal to degree,Main workers_Females,0.0,DDW-1500B-03SC.xlsx,03SC
B0203SC,15,000,State - MIZORAM,Rural,Graduate and above other than technical degree,Main workers_Females,0.0,DDW-1500B-03SC.xlsx,03SC
B0203SC,15,000,State - MIZORAM,Rural,Technical degree or diploma equal to degree or post-graduate degree,Main workers_Females,0.0,DDW-1500B-03SC.xlsx,03SC
B0203SC,15,000,State - MIZORAM,Urban,Total,Main workers_Females,30.0,DDW-1500B-03SC.xlsx,03SC
B0203SC,15,000,State - MIZORAM,Urban,Illiterate,Main workers_Females,2.0,DDW-1500B-03SC.xlsx,03SC
B0203SC,15,000,State - MIZORAM,Urban,Literate,Main workers_Females,28.0,DDW-1500B-03SC.xlsx,03SC
B0203SC,15,000,State - MIZORAM,Urban,Literate but below matric/secondary,Main workers_Females,11.0,DDW-1500B-03SC.xlsx,03SC
B0203SC,15,000,State - MIZORAM,Urban,Matric/secondary but below graduate,Main workers_Females,11.0,DDW-1500B-03SC.xlsx,03SC
B0203SC,15,000,State - MIZORAM,Urban,Technical diploma or certificate not equal to degree,Main workers_Females,0.0,DDW-1500B-03SC.xlsx,03SC
B0203SC,15,000,State - MIZORAM,Urban,Graduate and above other than technical degree,Main workers_Females,6.0,DDW-1500B-03SC.xlsx,03SC
B0203SC,15,000,State - MIZORAM,Urban,Technical degree or diploma equal to degree or post-graduate degree,Main workers_Females,0.0,DDW-1500B-03SC.xlsx,03SC
B0203SC,15,281,District - Mamit,Total,Total,Main workers_Females,1.0,DDW-1500B-03SC.xlsx,03SC
B0203SC,15,281,District - Mamit,Total,Illiterate,Main workers_Females,1.0,DDW-1500B-03SC.xlsx,03SC
B0203SC,15,281,District - Mamit,Total,Literate,Main workers_Females,0.0,DDW-1500B-03SC.xlsx,03SC
B0203SC,15,281,District - Mamit,Total,Literate but below matric/secondary,Main workers_Females,0.0,DDW-1500B-03SC.xlsx,03SC
B0203SC,15,281,District - Mamit,Total,Matric/secondary but below graduate,Main workers_Females,0.0,DDW-1500B-03SC.xlsx,03SC
B0203SC,15,281,District - Mamit,Total,Technical diploma or certificate not equal to degree,Main workers_Females,0.0,DDW-1500B-03SC.xlsx,03SC
B0203SC,15,281,District - Mamit,Total,Graduate and above other than technical degree,Main workers_Females,0.0,DDW-1500B-03SC.xlsx,03SC
B0203SC,15,281,District - Mamit,Total,Technical degree or diploma equal to degree or post-graduate degree,Main workers_Females,0.0,DDW-1500B-03SC.xlsx,03SC
B0203SC,15,281,District - Mamit,Rural,Total,Main workers_Females,1.0,DDW-1500B-03SC.xlsx,03SC
B0203SC,15,281,District - Mamit,Rural,Illiterate,Main workers_Females,1.0,DDW-1500B-03SC.xlsx,03SC
B0203SC,15,281,District - Mamit,Rural,Literate,Main workers_Females,0.0,DDW-1500B-03SC.xlsx,03SC
B0203SC,15,281,District - Mamit,Rural,Literate but below matric/secondary,Main workers_Females,0.0,DDW-1500B-03SC.xlsx,03SC
B0203SC,15,281,District - Mamit,Rural,Matric/secondary but below graduate,Main workers_Females,0.0,DDW-1500B-03SC.xlsx,03SC
B0203SC,15,281,District - Mamit,Rural,Technical diploma or certificate not equal to degree,Main workers_Females,0.0,DDW-1500B-03SC.xlsx,03SC
B0203SC,15,281,District - Mamit,Rural,Graduate and above other than technical degree,Main workers_Females,0.0,DDW-1500B-03SC.xlsx,03SC
B0203SC,15,281,District - Mamit,Rural,Technical degree or diploma equal to degree or post-graduate degree,Main workers_Females,0.0,DDW-1500B-03SC.xlsx,03SC
B0203SC,15,281,District - Mamit,Urban,Total,Main workers_Females,0.0,DDW-1500B-03SC.xlsx,03SC
B0203SC,15,281,District - Mamit,Urban,Illiterate,Main workers_Females,0.0,DDW-1500B-03SC.xlsx,03SC
B0203SC,15,281,District - Mamit,Urban,Literate,Main workers_Females,0.0,DDW-1500B-03SC.xlsx,03SC
B0203SC,15,281,District - Mamit,Urban,Literate but below matric/secondary,Main workers_Females,0.0,DDW-1500B-03SC.xlsx,03SC
B0203SC,15,281,District - Mamit,Urban,Matric/secondary but below graduate,Main workers_Females,0.0,DDW-1500B-03SC.xlsx,03SC
B0203SC,15,281,District - Mamit,Urban,Technical diploma or certificate not equal to degree,Main workers_Females,0.0,DDW-1500B-03SC.xlsx,03SC
B0203SC,15,281,District - Mamit,Urban,Graduate and above other than technical degree,Main workers_Females,0.0,DDW-1500B-03SC.xlsx,03SC
B0203SC,15,281,District - Mamit,Urban,Technical degree or diploma equal to degree or post-graduate degree,Main workers_Females,0.0,DDW-1500B-03SC.xlsx,03SC
B0203SC,15,282,District - Kolasib,Total,Total,Main workers_Females,2.0,DDW-1500B-03SC.xlsx,03SC
B0203SC,15,282,District - Kolasib,Total,Illiterate,Main workers_Females,1.0,DDW-1500B-03SC.xlsx,03SC
B0203SC,15,282,District - Kolasib,Total,Literate,Main workers_Females,1.0,DDW-1500B-03SC.xlsx,03SC
B0203SC,15,282,District - Kolasib,Total,Literate but below matric/secondary,Main workers_Females,0.0,DDW-1500B-03SC.xlsx,03SC
B0203SC,15,282,District - Kolasib,Total,Matric/secondary but below graduate,Main workers_Females,0.0,DDW-1500B-03SC.xlsx,03SC
B0203SC,15,282,District - Kolasib,Total,Technical diploma or certificate not equal to degree,Main workers_Females,0.0,DDW-1500B-03SC.xlsx,03SC
B0203SC,15,282,District - Kolasib,Total,Graduate and above other than technical degree,Main workers_Females,1.0,DDW-1500B-03SC.xlsx,03SC
B0203SC,15,282,District - Kolasib,Total,Technical degree or diploma equal to degree or post-graduate degree,Main workers_Females,0.0,DDW-1500B-03SC.xlsx,03SC
B0203SC,15,282,District - Kolasib,Rural,Total,Main workers_Females,0.0,DDW-1500B-03SC.xlsx,03SC
B0203SC,15,282,District - Kolasib,Rural,Illiterate,Main workers_Females,0.0,DDW-1500B-03SC.xlsx,03SC
B0203SC,15,282,District - Kolasib,Rural,Literate,Main workers_Females,0.0,DDW-1500B-03SC.xlsx,03SC
B0203SC,15,282,District - Kolasib,Rural,Literate but below matric/secondary,Main workers_Females,0.0,DDW-1500B-03SC.xlsx,03SC
B0203SC,15,282,District - Kolasib,Rural,Matric/secondary but below graduate,Main workers_Females,0.0,DDW-1500B-03SC.xlsx,03SC
B0203SC,15,282,District - Kolasib,Rural,Technical diploma or certificate not equal to degree,Main workers_Females,0.0,DDW-1500B-03SC.xlsx,03SC
B0203SC,15,282,District - Kolasib,Rural,Graduate and above other than technical degree,Main workers_Females,0.0,DDW-1500B-03SC.xlsx,03SC
B0203SC,15,282,District - Kolasib,Rural,Technical degree or diploma equal to degree or post-graduate degree,Main workers_Females,0.0,DDW-1500B-03SC.xlsx,03SC
B0203SC,15,282,District - Kolasib,Urban,Total,Main workers_Females,2.0,DDW-1500B-03SC.xlsx,03SC
B0203SC,15,282,District - Kolasib,Urban,Illiterate,Main workers_Females,1.0,DDW-1500B-03SC.xlsx,03SC
B0203SC,15,282,District - Kolasib,Urban,Literate,Main workers_Females,1.0,DDW-1500B-03SC.xlsx,03SC
B0203SC,15,282,District - Kolasib,Urban,Literate but below matric/secondary,Main workers_Females,0.0,DDW-1500B-03SC.xlsx,03SC
B0203SC,15,282,District - Kolasib,Urban,Matric/secondary but below graduate,Main workers_Females,0.0,DDW-1500B-03SC.xlsx,03SC
B0203SC,15,282,District - Kolasib,Urban,Technical diploma or certificate not equal to degree,Main workers_Females,0.0,DDW-1500B-03SC.xlsx,03SC
B0203SC,15,282,District - Kolasib,Urban,Graduate and above other than technical degree,Main workers_Females,1.0,DDW-1500B-03SC.xlsx,03SC
B0203SC,15,282,District - Kolasib,Urban,Technical degree or diploma equal to degree or post-graduate degree,Main workers_Females,0.0,DDW-1500B-03SC.xlsx,03SC
B0203SC,15,283,District - Aizawl,Total,Total,Main workers_Females,24.0,DDW-1500B-03SC.xlsx,03SC
B0203SC,15,283,District - Aizawl,Total,Illiterate,Main workers_Females,1.0,DDW-1500B-03SC.xlsx,03SC
B0203SC,15,283,District - Aizawl,Total,Literate,Main workers_Females,23.0,DDW-1500B-03SC.xlsx,03SC
B0203SC,15,283,District - Aizawl,Total,Literate but below matric/secondary,Main workers_Females,9.0,DDW-1500B-03SC.xlsx,03SC
B0203SC,15,283,District - Aizawl,Total,Matric/secondary but below graduate,Main workers_Females,9.0,DDW-1500B-03SC.xlsx,03SC
B0203SC,15,283,District - Aizawl,Total,Technical diploma or certificate not equal to degree,Main workers_Females,0.0,DDW-1500B-03SC.xlsx,03SC
B0203SC,15,283,District - Aizawl,Total,Graduate and above other than technical degree,Main workers_Females,5.0,DDW-1500B-03SC.xlsx,03SC
B0203SC,15,283,District - Aizawl,Total,Technical degree or diploma equal to degree or post-graduate degree,Main workers_Females,0.0,DDW-1500B-03SC.xlsx,03SC
B0203SC,15,283,District - Aizawl,Rural,Total,Main workers_Females,0.0,DDW-1500B-03SC.xlsx,03SC
B0203SC,15,283,District - Aizawl,Rural,Illiterate,Main workers_Females,0.0,DDW-1500B-03SC.xlsx,03SC
B0203SC,15,283,District - Aizawl,Rural,Literate,Main workers_Females,0.0,DDW-1500B-03SC.xlsx,03SC
B0203SC,15,283,District - Aizawl,Rural,Literate but below matric/secondary,Main workers_Females,0.0,DDW-1500B-03SC.xlsx,03SC
B0203SC,15,283,District - Aizawl,Rural,Matric/secondary but below graduate,Main workers_Females,0.0,DDW-1500B-03SC.xlsx,03SC
B0203SC,15,283,District - Aizawl,Rural,Technical diploma or certificate not equal to degree,Main workers_Females,0.0,DDW-1500B-03SC.xlsx,03SC
B0203SC,15,283,District - Aizawl,Rural,Graduate and above other than technical degree,Main workers_Females,0.0,DDW-1500B-03SC.xlsx,03SC
B0203SC,15,283,District - Aizawl,Rural,Technical degree or diploma equal to degree or post-graduate degree,Main workers_Females,0.0,DDW-1500B-03SC.xlsx,03SC
B0203SC,15,283,District - Aizawl,Urban,Total,Main workers_Females,24.0,DDW-1500B-03SC.xlsx,03SC
B0203SC,15,283,District - Aizawl,Urban,Illiterate,Main workers_Females,1.0,DDW-1500B-03SC.xlsx,03SC
B0203SC,15,283,District - Aizawl,Urban,Literate,Main workers_Females,23.0,DDW-1500B-03SC.xlsx,03SC
B0203SC,15,283,District - Aizawl,Urban,Literate but below matric/secondary,Main workers_Females,9.0,DDW-1500B-03SC.xlsx,03SC
B0203SC,15,283,District - Aizawl,Urban,Matric/secondary but below graduate,Main workers_Females,9.0,DDW-1500B-03SC.xlsx,03SC
B0203SC,15,283,District - Aizawl,Urban,Technical diploma or certificate not equal to degree,Main workers_Females,0.0,DDW-1500B-03SC.xlsx,03SC
B0203SC,15,283,District - Aizawl,Urban,Graduate and above other than technical degree,Main workers_Females,5.0,DDW-1500B-03SC.xlsx,03SC
B0203SC,15,283,District - Aizawl,Urban,Technical degree or diploma equal to degree or post-graduate degree,Main workers_Females,0.0,DDW-1500B-03SC.xlsx,03SC
B0203SC,15,284,District - Champhai,Total,Total,Main workers_Females,1.0,DDW-1500B-03SC.xlsx,03SC
B0203SC,15,284,District - Champhai,Total,Illiterate,Main workers_Females,0.0,DDW-1500B-03SC.xlsx,03SC
B0203SC,15,284,District - Champhai,Total,Literate,Main workers_Females,1.0,DDW-1500B-03SC.xlsx,03SC
B0203SC,15,284,District - Champhai,Total,Literate but below matric/secondary,Main workers_Females,1.0,DDW-1500B-03SC.xlsx,03SC
B0203SC,15,284,District - Champhai,Total,Matric/secondary but below graduate,Main workers_Females,0.0,DDW-1500B-03SC.xlsx,03SC
B0203SC,15,284,District - Champhai,Total,Technical diploma or certificate not equal to degree,Main workers_Females,0.0,DDW-1500B-03SC.xlsx,03SC
B0203SC,15,284,District - Champhai,Total,Graduate and above other than technical degree,Main workers_Females,0.0,DDW-1500B-03SC.xlsx,03SC
B0203SC,15,284,District - Champhai,Total,Technical degree or diploma equal to degree or post-graduate degree,Main workers_Females,0.0,DDW-1500B-03SC.xlsx,03SC
B0203SC,15,284,District - Champhai,Rural,Total,Main workers_Females,1.0,DDW-1500B-03SC.xlsx,03SC
B0203SC,15,284,District - Champhai,Rural,Illiterate,Main workers_Females,0.0,DDW-1500B-03SC.xlsx,03SC
B0203SC,15,284,District - Champhai,Rural,Literate,Main workers_Females,1.0,DDW-1500B-03SC.xlsx,03SC
B0203SC,15,284,District - Champhai,Rural,Literate but below matric/secondary,Main workers_Females,1.0,DDW-1500B-03SC.xlsx,03SC
B0203SC,15,284,District - Champhai,Rural,Matric/secondary but below graduate,Main workers_Females,0.0,DDW-1500B-03SC.xlsx,03SC
B0203SC,15,284,District - Champhai,Rural,Technical diploma or certificate not equal to degree,Main workers_Females,0.0,DDW-1500B-03SC.xlsx,03SC
B0203SC,15,284,District - Champhai,Rural,Graduate and above other than technical degree,Main workers_Females,0.0,DDW-1500B-03SC.xlsx,03SC
B0203SC,15,284,District - Champhai,Rural,Technical degree or diploma equal to degree or post-graduate degree,Main workers_Females,0.0,DDW-1500B-03SC.xlsx,03SC
B0203SC,15,284,District - Champhai,Urban,Total,Main workers_Females,0.0,DDW-1500B-03SC.xlsx,03SC
B0203SC,15,284,District - Champhai,Urban,Illiterate,Main workers_Females,0.0,DDW-1500B-03SC.xlsx,03SC
B0203SC,15,284,District - Champhai,Urban,Literate,Main workers_Females,0.0,DDW-1500B-03SC.xlsx,03SC
B0203SC,15,284,District - Champhai,Urban,Literate but below matric/secondary,Main workers_Females,0.0,DDW-1500B-03SC.xlsx,03SC
B0203SC,15,284,District - Champhai,Urban,Matric/secondary but below graduate,Main workers_Females,0.0,DDW-1500B-03SC.xlsx,03SC
B0203SC,15,284,District - Champhai,Urban,Technical diploma or certificate not equal to degree,Main workers_Females,0.0,DDW-1500B-03SC.xlsx,03SC
B0203SC,15,284,District - Champhai,Urban,Graduate and above other than technical degree,Main workers_Females,0.0,DDW-1500B-03SC.xlsx,03SC
B0203SC,15,284,District - Champhai,Urban,Technical degree or diploma equal to degree or post-graduate degree,Main workers_Females,0.0,DDW-1500B-03SC.xlsx,03SC
B0203SC,15,285,District - Serchhip,Total,Total,Main workers_Females,0.0,DDW-1500B-03SC.xlsx,03SC
B0203SC,15,285,District - Serchhip,Total,Illiterate,Main workers_Females,0.0,DDW-1500B-03SC.xlsx,03SC
B0203SC,15,285,District - Serchhip,Total,Literate,Main workers_Females,0.0,DDW-1500B-03SC.xlsx,03SC
B0203SC,15,285,District - Serchhip,Total,Literate but below matric/secondary,Main workers_Females,0.0,DDW-1500B-03SC.xlsx,03SC
B0203SC,15,285,District - Serchhip,Total,Matric/secondary but below graduate,Main workers_Females,0.0,DDW-1500B-03SC.xlsx,03SC
B0203SC,15,285,District - Serchhip,Total,Technical diploma or certificate not equal to degree,Main workers_Females,0.0,DDW-1500B-03SC.xlsx,03SC
B0203SC,15,285,District - Serchhip,Total,Graduate and above other than technical degree,Main workers_Females,0.0,DDW-1500B-03SC.xlsx,03SC
B0203SC,15,285,District - Serchhip,Total,Technical degree or diploma equal to degree or post-graduate degree,Main workers_Females,0.0,DDW-1500B-03SC.xlsx,03SC
B0203SC,15,285,District - Serchhip,Rural,Total,Main workers_Females,0.0,DDW-1500B-03SC.xlsx,03SC
B0203SC,15,285,District - Serchhip,Rural,Illiterate,Main workers_Females,0.0,DDW-1500B-03SC.xlsx,03SC
B0203SC,15,285,District - Serchhip,Rural,Literate,Main workers_Females,0.0,DDW-1500B-03SC.xlsx,03SC
B0203SC,15,285,District - Serchhip,Rural,Literate but below matric/secondary,Main workers_Females,0.0,DDW-1500B-03SC.xlsx,03SC
B0203SC,15,285,District - Serchhip,Rural,Matric/secondary but below graduate,Main workers_Females,0.0,DDW-1500B-03SC.xlsx,03SC
B0203SC,15,285,District - Serchhip,Rural,Technical diploma or certificate not equal to degree,Main workers_Females,0.0,DDW-1500B-03SC.xlsx,03SC
B0203SC,15,285,District - Serchhip,Rural,Graduate and above other than technical degree,Main workers_Females,0.0,DDW-1500B-03SC.xlsx,03SC
B0203SC,15,285,District - Serchhip,Rural,Technical degree or diploma equal to degree or post-graduate degree,Main workers_Females,0.0,DDW-1500B-03SC.xlsx,03SC
B0203SC,15,285,District - Serchhip,Urban,Total,Main workers_Females,0.0,DDW-1500B-03SC.xlsx,03SC
B0203SC,15,285,District - Serchhip,Urban,Illiterate,Main workers_Females,0.0,DDW-1500B-03SC.xlsx,03SC
B0203SC,15,285,District - Serchhip,Urban,Literate,Main workers_Females,0.0,DDW-1500B-03SC.xlsx,03SC
B0203SC,15,285,District - Serchhip,Urban,Literate but below matric/secondary,Main workers_Females,0.0,DDW-1500B-03SC.xlsx,03SC
B0203SC,15,285,District - Serchhip,Urban,Matric/secondary but below graduate,Main workers_Females,0.0,DDW-1500B-03SC.xlsx,03SC
B0203SC,15,285,District - Serchhip,Urban,Technical diploma or certificate not equal to degree,Main workers_Females,0.0,DDW-1500B-03SC.xlsx,03SC
B0203SC,15,285,District - Serchhip,Urban,Graduate and above other than technical degree,Main workers_Females,0.0,DDW-1500B-03SC.xlsx,03SC
B0203SC,15,285,District - Serchhip,Urban,Technical degree or diploma equal to degree or post-graduate degree,Main workers_Females,0.0,DDW-1500B-03SC.xlsx,03SC
B0203SC,15,286,District - Lunglei,Total,Total,Main workers_Females,8.0,DDW-1500B-03SC.xlsx,03SC
B0203SC,15,286,District - Lunglei,Total,Illiterate,Main workers_Females,2.0,DDW-1500B-03SC.xlsx,03SC
B0203SC,15,286,District - Lunglei,Total,Literate,Main workers_Females,6.0,DDW-1500B-03SC.xlsx,03SC
B0203SC,15,286,District - Lunglei,Total,Literate but below matric/secondary,Main workers_Females,4.0,DDW-1500B-03SC.xlsx,03SC
B0203SC,15,286,District - Lunglei,Total,Matric/secondary but below graduate,Main workers_Females,2.0,DDW-1500B-03SC.xlsx,03SC
B0203SC,15,286,District - Lunglei,Total,Technical diploma or certificate not equal to degree,Main workers_Females,0.0,DDW-1500B-03SC.xlsx,03SC
B0203SC,15,286,District - Lunglei,Total,Graduate and above other than technical degree,Main workers_Females,0.0,DDW-1500B-03SC.xlsx,03SC
B0203SC,15,286,District - Lunglei,Total,Technical degree or diploma equal to degree or post-graduate degree,Main workers_Females,0.0,DDW-1500B-03SC.xlsx,03SC
B0203SC,15,286,District - Lunglei,Rural,Total,Main workers_Females,4.0,DDW-1500B-03SC.xlsx,03SC
B0203SC,15,286,District - Lunglei,Rural,Illiterate,Main workers_Females,2.0,DDW-1500B-03SC.xlsx,03SC
B0203SC,15,286,District - Lunglei,Rural,Literate,Main workers_Females,2.0,DDW-1500B-03SC.xlsx,03SC
B0203SC,15,286,District - Lunglei,Rural,Literate but below matric/secondary,Main workers_Females,2.0,DDW-1500B-03SC.xlsx,03SC
B0203SC,15,286,District - Lunglei,Rural,Matric/secondary but below graduate,Main workers_Females,0.0,DDW-1500B-03SC.xlsx,03SC
B0203SC,15,286,District - Lunglei,Rural,Technical diploma or certificate not equal to degree,Main workers_Females,0.0,DDW-1500B-03SC.xlsx,03SC
B0203SC,15,286,District - Lunglei,Rural,Graduate and above other than technical degree,Main workers_Females,0.0,DDW-1500B-03SC.xlsx,03SC
B0203SC,15,286,District - Lunglei,Rural,Technical degree or diploma equal to degree or post-graduate degree,Main workers_Females,0.0,DDW-1500B-03SC.xlsx,03SC
B0203SC,15,286,District - Lunglei,Urban,Total,Main workers_Females,4.0,DDW-1500B-03SC.xlsx,03SC
B0203SC,15,286,District - Lunglei,Urban,Illiterate,Main workers_Females,0.0,DDW-1500B-03SC.xlsx,03SC
B0203SC,15,286,District - Lunglei,Urban,Literate,Main workers_Females,4.0,DDW-1500B-03SC.xlsx,03SC
B0203SC,15,286,District - Lunglei,Urban,Literate but below matric/secondary,Main workers_Females,2.0,DDW-1500B-03SC.xlsx,03SC
B0203SC,15,286,District - Lunglei,Urban,Matric/secondary but below graduate,Main workers_Females,2.0,DDW-1500B-03SC.xlsx,03SC
B0203SC,15,286,District - Lunglei,Urban,Technical diploma or certificate not equal to degree,Main workers_Females,0.0,DDW-1500B-03SC.xlsx,03SC
B0203SC,15,286,District - Lunglei,Urban,Graduate and above other than technical degree,Main workers_Females,0.0,DDW-1500B-03SC.xlsx,03SC
B0203SC,15,286,District - Lunglei,Urban,Technical degree or diploma equal to degree or post-graduate degree,Main workers_Females,0.0,DDW-1500B-03SC.xlsx,03SC
B0203SC,15,287,District - Lawngtlai,Total,Total,Main workers_Females,2.0,DDW-1500B-03SC.xlsx,03SC
B0203SC,15,287,District - Lawngtlai,Total,Illiterate,Main workers_Females,2.0,DDW-1500B-03SC.xlsx,03SC
B0203SC,15,287,District - Lawngtlai,Total,Literate,Main workers_Females,0.0,DDW-1500B-03SC.xlsx,03SC
B0203SC,15,287,District - Lawngtlai,Total,Literate but below matric/secondary,Main workers_Females,0.0,DDW-1500B-03SC.xlsx,03SC
B0203SC,15,287,District - Lawngtlai,Total,Matric/secondary but below graduate,Main workers_Females,0.0,DDW-1500B-03SC.xlsx,03SC
B0203SC,15,287,District - Lawngtlai,Total,Technical diploma or certificate not equal to degree,Main workers_Females,0.0,DDW-1500B-03SC.xlsx,03SC
B0203SC,15,287,District - Lawngtlai,Total,Graduate and above other than technical degree,Main workers_Females,0.0,DDW-1500B-03SC.xlsx,03SC
B0203SC,15,287,District - Lawngtlai,Total,Technical degree or diploma equal to degree or post-graduate degree,Main workers_Females,0.0,DDW-1500B-03SC.xlsx,03SC
B0203SC,15,287,District - Lawngtlai,Rural,Total,Main workers_Females,2.0,DDW-1500B-03SC.xlsx,03SC
B0203SC,15,287,District - Lawngtlai,Rural,Illiterate,Main workers_Females,2.0,DDW-1500B-03SC.xlsx,03SC
B0203SC,15,287,District - Lawngtlai,Rural,Literate,Main workers_Females,0.0,DDW-1500B-03SC.xlsx,03SC
B0203SC,15,287,District - Lawngtlai,Rural,Literate but below matric/secondary,Main workers_Females,0.0,DDW-1500B-03SC.xlsx,03SC
B0203SC,15,287,District - Lawngtlai,Rural,Matric/secondary but below graduate,Main workers_Females,0.0,DDW-1500B-03SC.xlsx,03SC
B0203SC,15,287,District - Lawngtlai,Rural,Technical diploma or certificate not equal to degree,Main workers_Females,0.0,DDW-1500B-03SC.xlsx,03SC
B0203SC,15,287,District - Lawngtlai,Rural,Graduate and above other than technical degree,Main workers_Females,0.0,DDW-1500B-03SC.xlsx,03SC
B0203SC,15,287,District - Lawngtlai,Rural,Technical degree or diploma equal to degree or post-graduate degree,Main workers_Females,0.0,DDW-1500B-03SC.xlsx,03SC
B0203SC,15,287,District - Lawngtlai,Urban,Total,Main workers_Females,0.0,DDW-1500B-03SC.xlsx,03SC
B0203SC,15,287,District - Lawngtlai,Urban,Illiterate,Main workers_Females,0.0,DDW-1500B-03SC.xlsx,03SC
B0203SC,15,287,District - Lawngtlai,Urban,Literate,Main workers_Females,0.0,DDW-1500B-03SC.xlsx,03SC
B0203SC,15,287,District - Lawngtlai,Urban,Literate but below matric/secondary,Main workers_Females,0.0,DDW-1500B-03SC.xlsx,03SC
B0203SC,15,287,District - Lawngtlai,Urban,Matric/secondary but below graduate,Main workers_Females,0.0,DDW-1500B-03SC.xlsx,03SC
B0203SC,15,287,District - Lawngtlai,Urban,Technical diploma or certificate not equal to degree,Main workers_Females,0.0,DDW-1500B-03SC.xlsx,03SC
B0203SC,15,287,District - Lawngtlai,Urban,Graduate and above other than technical degree,Main workers_Females,0.0,DDW-1500B-03SC.xlsx,03SC
B0203SC,15,287,District - Lawngtlai,Urban,Technical degree or diploma equal to degree or post-graduate degree,Main workers_Females,0.0,DDW-1500B-03SC.xlsx,03SC
B0203SC,15,288,District - Saiha,Total,Total,Main workers_Females,0.0,DDW-1500B-03SC.xlsx,03SC
B0203SC,15,288,District - Saiha,Total,Illiterate,Main workers_Females,0.0,DDW-1500B-03SC.xlsx,03SC
B0203SC,15,288,District - Saiha,Total,Literate,Main workers_Females,0.0,DDW-1500B-03SC.xlsx,03SC
B0203SC,15,288,District - Saiha,Total,Literate but below matric/secondary,Main workers_Females,0.0,DDW-1500B-03SC.xlsx,03SC
B0203SC,15,288,District - Saiha,Total,Matric/secondary but below graduate,Main workers_Females,0.0,DDW-1500B-03SC.xlsx,03SC
B0203SC,15,288,District - Saiha,Total,Technical diploma or certificate not equal to degree,Main workers_Females,0.0,DDW-1500B-03SC.xlsx,03SC
B0203SC,15,288,District - Saiha,Total,Graduate and above other than technical degree,Main workers_Females,0.0,DDW-1500B-03SC.xlsx,03SC
B0203SC,15,288,District - Saiha,Total,Technical degree or diploma equal to degree or post-graduate degree,Main workers_Females,0.0,DDW-1500B-03SC.xlsx,03SC
B0203SC,15,288,District - Saiha,Rural,Total,Main workers_Females,0.0,DDW-1500B-03SC.xlsx,03SC
B0203SC,15,288,District - Saiha,Rural,Illiterate,Main workers_Females,0.0,DDW-1500B-03SC.xlsx,03SC
B0203SC,15,288,District - Saiha,Rural,Literate,Main workers_Females,0.0,DDW-1500B-03SC.xlsx,03SC
B0203SC,15,288,District - Saiha,Rural,Literate but below matric/secondary,Main workers_Females,0.0,DDW-1500B-03SC.xlsx,03SC
B0203SC,15,288,District - Saiha,Rural,Matric/secondary but below graduate,Main workers_Females,0.0,DDW-1500B-03SC.xlsx,03SC
B0203SC,15,288,District - Saiha,Rural,Technical diploma or certificate not equal to degree,Main workers_Females,0.0,DDW-1500B-03SC.xlsx,03SC
B0203SC,15,288,District - Saiha,Rural,Graduate and above other than technical degree,Main workers_Females,0.0,DDW-1500B-03SC.xlsx,03SC
B0203SC,15,288,District - Saiha,Rural,Technical degree or diploma equal to degree or post-graduate degree,Main workers_Females,0.0,DDW-1500B-03SC.xlsx,03SC
B0203SC,15,288,District - Saiha,Urban,Total,Main workers_Females,0.0,DDW-1500B-03SC.xlsx,03SC
B0203SC,15,288,District - Saiha,Urban,Illiterate,Main workers_Females,0.0,DDW-1500B-03SC.xlsx,03SC
B0203SC,15,288,District - Saiha,Urban,Literate,Main workers_Females,0.0,DDW-1500B-03SC.xlsx,03SC
B0203SC,15,288,District - Saiha,Urban,Literate but below matric/secondary,Main workers_Females,0.0,DDW-1500B-03SC.xlsx,03SC
B0203SC,15,288,District - Saiha,Urban,Matric/secondary but below graduate,Main workers_Females,0.0,DDW-1500B-03SC.xlsx,03SC
B0203SC,15,288,District - Saiha,Urban,Technical diploma or certificate not equal to degree,Main workers_Females,0.0,DDW-1500B-03SC.xlsx,03SC
B0203SC,15,288,District - Saiha,Urban,Graduate and above other than technical degree,Main workers_Females,0.0,DDW-1500B-03SC.xlsx,03SC
B0203SC,15,288,District - Saiha,Urban,Technical degree or diploma equal to degree or post-graduate degree,Main workers_Females,0.0,DDW-1500B-03SC.xlsx,03SC
B0203SC,15,000,State - MIZORAM,Total,Total,Marginal workers_Total_Persons,45.0,DDW-1500B-03SC.xlsx,03SC
B0203SC,15,000,State - MIZORAM,Total,Illiterate,Marginal workers_Total_Persons,7.0,DDW-1500B-03SC.xlsx,03SC
B0203SC,15,000,State - MIZORAM,Total,Literate,Marginal workers_Total_Persons,38.0,DDW-1500B-03SC.xlsx,03SC
B0203SC,15,000,State - MIZORAM,Total,Literate but below matric/secondary,Marginal workers_Total_Persons,21.0,DDW-1500B-03SC.xlsx,03SC
B0203SC,15,000,State - MIZORAM,Total,Matric/secondary but below graduate,Marginal workers_Total_Persons,16.0,DDW-1500B-03SC.xlsx,03SC
B0203SC,15,000,State - MIZORAM,Total,Technical diploma or certificate not equal to degree,Marginal workers_Total_Persons,0.0,DDW-1500B-03SC.xlsx,03SC
B0203SC,15,000,State - MIZORAM,Total,Graduate and above other than technical degree,Marginal workers_Total_Persons,1.0,DDW-1500B-03SC.xlsx,03SC
B0203SC,15,000,State - MIZORAM,Total,Technical degree or diploma equal to degree or post-graduate degree,Marginal workers_Total_Persons,0.0,DDW-1500B-03SC.xlsx,03SC
B0203SC,15,000,State - MIZORAM,Rural,Total,Marginal workers_Total_Persons,12.0,DDW-1500B-03SC.xlsx,03SC
B0203SC,15,000,State - MIZORAM,Rural,Illiterate,Marginal workers_Total_Persons,4.0,DDW-1500B-03SC.xlsx,03SC
B0203SC,15,000,State - MIZORAM,Rural,Literate,Marginal workers_Total_Persons,8.0,DDW-1500B-03SC.xlsx,03SC
B0203SC,15,000,State - MIZORAM,Rural,Literate but below matric/secondary,Marginal workers_Total_Persons,7.0,DDW-1500B-03SC.xlsx,03SC
B0203SC,15,000,State - MIZORAM,Rural,Matric/secondary but below graduate,Marginal workers_Total_Persons,1.0,DDW-1500B-03SC.xlsx,03SC
B0203SC,15,000,State - MIZORAM,Rural,Technical diploma or certificate not equal to degree,Marginal workers_Total_Persons,0.0,DDW-1500B-03SC.xlsx,03SC
B0203SC,15,000,State - MIZORAM,Rural,Graduate and above other than technical degree,Marginal workers_Total_Persons,0.0,DDW-1500B-03SC.xlsx,03SC
B0203SC,15,000,State - MIZORAM,Rural,Technical degree or diploma equal to degree or post-graduate degree,Marginal workers_Total_Persons,0.0,DDW-1500B-03SC.xlsx,03SC
B0203SC,15,000,State - MIZORAM,Urban,Total,Marginal workers_Total_Persons,33.0,DDW-1500B-03SC.xlsx,03SC
B0203SC,15,000,State - MIZORAM,Urban,Illiterate,Marginal workers_Total_Persons,3.0,DDW-1500B-03SC.xlsx,03SC
B0203SC,15,000,State - MIZORAM,Urban,Literate,Marginal workers_Total_Persons,30.0,DDW-1500B-03SC.xlsx,03SC
B0203SC,15,000,State - MIZORAM,Urban,Literate but below matric/secondary,Marginal workers_Total_Persons,14.0,DDW-1500B-03SC.xlsx,03SC
B0203SC,15,000,State - MIZORAM,Urban,Matric/secondary but below graduate,Marginal workers_Total_Persons,15.0,DDW-1500B-03SC.xlsx,03SC
B0203SC,15,000,State - MIZORAM,Urban,Technical diploma or certificate not equal to degree,Marginal workers_Total_Persons,0.0,DDW-1500B-03SC.xlsx,03SC
B0203SC,15,000,State - MIZORAM,Urban,Graduate and above other than technical degree,Marginal workers_Total_Persons,1.0,DDW-1500B-03SC.xlsx,03SC
B0203SC,15,000,State - MIZORAM,Urban,Technical degree or diploma equal to degree or post-graduate degree,Marginal workers_Total_Persons,0.0,DDW-1500B-03SC.xlsx,03SC
B0203SC,15,281,District - Mamit,Total,Total,Marginal workers_Total_Persons,1.0,DDW-1500B-03SC.xlsx,03SC
B0203SC,15,281,District - Mamit,Total,Illiterate,Marginal workers_Total_Persons,1.0,DDW-1500B-03SC.xlsx,03SC
B0203SC,15,281,District - Mamit,Total,Literate,Marginal workers_Total_Persons,0.0,DDW-1500B-03SC.xlsx,03SC
B0203SC,15,281,District - Mamit,Total,Literate but below matric/secondary,Marginal workers_Total_Persons,0.0,DDW-1500B-03SC.xlsx,03SC
B0203SC,15,281,District - Mamit,Total,Matric/secondary but below graduate,Marginal workers_Total_Persons,0.0,DDW-1500B-03SC.xlsx,03SC
B0203SC,15,281,District - Mamit,Total,Technical diploma or certificate not equal to degree,Marginal workers_Total_Persons,0.0,DDW-1500B-03SC.xlsx,03SC
B0203SC,15,281,District - Mamit,Total,Graduate and above other than technical degree,Marginal workers_Total_Persons,0.0,DDW-1500B-03SC.xlsx,03SC
B0203SC,15,281,District - Mamit,Total,Technical degree or diploma equal to degree or post-graduate degree,Marginal workers_Total_Persons,0.0,DDW-1500B-03SC.xlsx,03SC
B0203SC,15,281,District - Mamit,Rural,Total,Marginal workers_Total_Persons,1.0,DDW-1500B-03SC.xlsx,03SC
B0203SC,15,281,District - Mamit,Rural,Illiterate,Marginal workers_Total_Persons,1.0,DDW-1500B-03SC.xlsx,03SC
B0203SC,15,281,District - Mamit,Rural,Literate,Marginal workers_Total_Persons,0.0,DDW-1500B-03SC.xlsx,03SC
B0203SC,15,281,District - Mamit,Rural,Literate but below matric/secondary,Marginal workers_Total_Persons,0.0,DDW-1500B-03SC.xlsx,03SC
B0203SC,15,281,District - Mamit,Rural,Matric/secondary but below graduate,Marginal workers_Total_Persons,0.0,DDW-1500B-03SC.xlsx,03SC
B0203SC,15,281,District - Mamit,Rural,Technical diploma or certificate not equal to degree,Marginal workers_Total_Persons,0.0,DDW-1500B-03SC.xlsx,03SC
B0203SC,15,281,District - Mamit,Rural,Graduate and above other than technical degree,Marginal workers_Total_Persons,0.0,DDW-1500B-03SC.xlsx,03SC
B0203SC,15,281,District - Mamit,Rural,Technical degree or diploma equal to degree or post-graduate degree,Marginal workers_Total_Persons,0.0,DDW-1500B-03SC.xlsx,03SC
B0203SC,15,281,District - Mamit,Urban,Total,Marginal workers_Total_Persons,0.0,DDW-1500B-03SC.xlsx,03SC
B0203SC,15,281,District - Mamit,Urban,Illiterate,Marginal workers_Total_Persons,0.0,DDW-1500B-03SC.xlsx,03SC
B0203SC,15,281,District - Mamit,Urban,Literate,Marginal workers_Total_Persons,0.0,DDW-1500B-03SC.xlsx,03SC
B0203SC,15,281,District - Mamit,Urban,Literate but below matric/secondary,Marginal workers_Total_Persons,0.0,DDW-1500B-03SC.xlsx,03SC
B0203SC,15,281,District - Mamit,Urban,Matric/secondary but below graduate,Marginal workers_Total_Persons,0.0,DDW-1500B-03SC.xlsx,03SC
B0203SC,15,281,District - Mamit,Urban,Technical diploma or certificate not equal to degree,Marginal workers_Total_Persons,0.0,DDW-1500B-03SC.xlsx,03SC
B0203SC,15,281,District - Mamit,Urban,Graduate and above other than technical degree,Marginal workers_Total_Persons,0.0,DDW-1500B-03SC.xlsx,03SC
B0203SC,15,281,District - Mamit,Urban,Technical degree or diploma equal to degree or post-graduate degree,Marginal workers_Total_Persons,0.0,DDW-1500B-03SC.xlsx,03SC
B0203SC,15,282,District - Kolasib,Total,Total,Marginal workers_Total_Persons,7.0,DDW-1500B-03SC.xlsx,03SC
B0203SC,15,282,District - Kolasib,Total,Illiterate,Marginal workers_Total_Persons,1.0,DDW-1500B-03SC.xlsx,03SC
B0203SC,15,282,District - Kolasib,Total,Literate,Marginal workers_Total_Persons,6.0,DDW-1500B-03SC.xlsx,03SC
B0203SC,15,282,District - Kolasib,Total,Literate but below matric/secondary,Marginal workers_Total_Persons,4.0,DDW-1500B-03SC.xlsx,03SC
B0203SC,15,282,District - Kolasib,Total,Matric/secondary but below graduate,Marginal workers_Total_Persons,1.0,DDW-1500B-03SC.xlsx,03SC
B0203SC,15,282,District - Kolasib,Total,Technical diploma or certificate not equal to degree,Marginal workers_Total_Persons,0.0,DDW-1500B-03SC.xlsx,03SC
B0203SC,15,282,District - Kolasib,Total,Graduate and above other than technical degree,Marginal workers_Total_Persons,1.0,DDW-1500B-03SC.xlsx,03SC
B0203SC,15,282,District - Kolasib,Total,Technical degree or diploma equal to degree or post-graduate degree,Marginal workers_Total_Persons,0.0,DDW-1500B-03SC.xlsx,03SC
B0203SC,15,282,District - Kolasib,Rural,Total,Marginal workers_Total_Persons,2.0,DDW-1500B-03SC.xlsx,03SC
B0203SC,15,282,District - Kolasib,Rural,Illiterate,Marginal workers_Total_Persons,0.0,DDW-1500B-03SC.xlsx,03SC
B0203SC,15,282,District - Kolasib,Rural,Literate,Marginal workers_Total_Persons,2.0,DDW-1500B-03SC.xlsx,03SC
B0203SC,15,282,District - Kolasib,Rural,Literate but below matric/secondary,Marginal workers_Total_Persons,2.0,DDW-1500B-03SC.xlsx,03SC
B0203SC,15,282,District - Kolasib,Rural,Matric/secondary but below graduate,Marginal workers_Total_Persons,0.0,DDW-1500B-03SC.xlsx,03SC
B0203SC,15,282,District - Kolasib,Rural,Technical diploma or certificate not equal to degree,Marginal workers_Total_Persons,0.0,DDW-1500B-03SC.xlsx,03SC
B0203SC,15,282,District - Kolasib,Rural,Graduate and above other than technical degree,Marginal workers_Total_Persons,0.0,DDW-1500B-03SC.xlsx,03SC
B0203SC,15,282,District - Kolasib,Rural,Technical degree or diploma equal to degree or post-graduate degree,Marginal workers_Total_Persons,0.0,DDW-1500B-03SC.xlsx,03SC
B0203SC,15,282,District - Kolasib,Urban,Total,Marginal workers_Total_Persons,5.0,DDW-1500B-03SC.xlsx,03SC
B0203SC,15,282,District - Kolasib,Urban,Illiterate,Marginal workers_Total_Persons,1.0,DDW-1500B-03SC.xlsx,03SC
B0203SC,15,282,District - Kolasib,Urban,Literate,Marginal workers_Total_Persons,4.0,DDW-1500B-03SC.xlsx,03SC
B0203SC,15,282,District - Kolasib,Urban,Literate but below matric/secondary,Marginal workers_Total_Persons,2.0,DDW-1500B-03SC.xlsx,03SC
B0203SC,15,282,District - Kolasib,Urban,Matric/secondary but below graduate,Marginal workers_Total_Persons,1.0,DDW-1500B-03SC.xlsx,03SC
B0203SC,15,282,District - Kolasib,Urban,Technical diploma or certificate not equal to degree,Marginal workers_Total_Persons,0.0,DDW-1500B-03SC.xlsx,03SC
B0203SC,15,282,District - Kolasib,Urban,Graduate and above other than technical degree,Marginal workers_Total_Persons,1.0,DDW-1500B-03SC.xlsx,03SC
B0203SC,15,282,District - Kolasib,Urban,Technical degree or diploma equal to degree or post-graduate degree,Marginal workers_Total_Persons,0.0,DDW-1500B-03SC.xlsx,03SC
B0203SC,15,283,District - Aizawl,Total,Total,Marginal workers_Total_Persons,18.0,DDW-1500B-03SC.xlsx,03SC
B0203SC,15,283,District - Aizawl,Total,Illiterate,Marginal workers_Total_Persons,1.0,DDW-1500B-03SC.xlsx,03SC
B0203SC,15,283,District - Aizawl,Total,Literate,Marginal workers_Total_Persons,17.0,DDW-1500B-03SC.xlsx,03SC
B0203SC,15,283,District - Aizawl,Total,Literate but below matric/secondary,Marginal workers_Total_Persons,8.0,DDW-1500B-03SC.xlsx,03SC
B0203SC,15,283,District - Aizawl,Total,Matric/secondary but below graduate,Marginal workers_Total_Persons,9.0,DDW-1500B-03SC.xlsx,03SC
B0203SC,15,283,District - Aizawl,Total,Technical diploma or certificate not equal to degree,Marginal workers_Total_Persons,0.0,DDW-1500B-03SC.xlsx,03SC
B0203SC,15,283,District - Aizawl,Total,Graduate and above other than technical degree,Marginal workers_Total_Persons,0.0,DDW-1500B-03SC.xlsx,03SC
B0203SC,15,283,District - Aizawl,Total,Technical degree or diploma equal to degree or post-graduate degree,Marginal workers_Total_Persons,0.0,DDW-1500B-03SC.xlsx,03SC
B0203SC,15,283,District - Aizawl,Rural,Total,Marginal workers_Total_Persons,0.0,DDW-1500B-03SC.xlsx,03SC
B0203SC,15,283,District - Aizawl,Rural,Illiterate,Marginal workers_Total_Persons,0.0,DDW-1500B-03SC.xlsx,03SC
B0203SC,15,283,District - Aizawl,Rural,Literate,Marginal workers_Total_Persons,0.0,DDW-1500B-03SC.xlsx,03SC
B0203SC,15,283,District - Aizawl,Rural,Literate but below matric/secondary,Marginal workers_Total_Persons,0.0,DDW-1500B-03SC.xlsx,03SC
B0203SC,15,283,District - Aizawl,Rural,Matric/secondary but below graduate,Marginal workers_Total_Persons,0.0,DDW-1500B-03SC.xlsx,03SC
B0203SC,15,283,District - Aizawl,Rural,Technical diploma or certificate not equal to degree,Marginal workers_Total_Persons,0.0,DDW-1500B-03SC.xlsx,03SC
B0203SC,15,283,District - Aizawl,Rural,Graduate and above other than technical degree,Marginal workers_Total_Persons,0.0,DDW-1500B-03SC.xlsx,03SC
B0203SC,15,283,District - Aizawl,Rural,Technical degree or diploma equal to degree or post-graduate degree,Marginal workers_Total_Persons,0.0,DDW-1500B-03SC.xlsx,03SC
B0203SC,15,283,District - Aizawl,Urban,Total,Marginal workers_Total_Persons,18.0,DDW-1500B-03SC.xlsx,03SC
B0203SC,15,283,District - Aizawl,Urban,Illiterate,Marginal workers_Total_Persons,1.0,DDW-1500B-03SC.xlsx,03SC
B0203SC,15,283,District - Aizawl,Urban,Literate,Marginal workers_Total_Persons,17.0,DDW-1500B-03SC.xlsx,03SC
B0203SC,15,283,District - Aizawl,Urban,Literate but below matric/secondary,Marginal workers_Total_Persons,8.0,DDW-1500B-03SC.xlsx,03SC
B0203SC,15,283,District - Aizawl,Urban,Matric/secondary but below graduate,Marginal workers_Total_Persons,9.0,DDW-1500B-03SC.xlsx,03SC
B0203SC,15,283,District - Aizawl,Urban,Technical diploma or certificate not equal to degree,Marginal workers_Total_Persons,0.0,DDW-1500B-03SC.xlsx,03SC
B0203SC,15,283,District - Aizawl,Urban,Graduate and above other than technical degree,Marginal workers_Total_Persons,0.0,DDW-1500B-03SC.xlsx,03SC
B0203SC,15,283,District - Aizawl,Urban,Technical degree or diploma equal to degree or post-graduate degree,Marginal workers_Total_Persons,0.0,DDW-1500B-03SC.xlsx,03SC
B0203SC,15,284,District - Champhai,Total,Total,Marginal workers_Total_Persons,0.0,DDW-1500B-03SC.xlsx,03SC
B0203SC,15,284,District - Champhai,Total,Illiterate,Marginal workers_Total_Persons,0.0,DDW-1500B-03SC.xlsx,03SC
B0203SC,15,284,District - Champhai,Total,Literate,Marginal workers_Total_Persons,0.0,DDW-1500B-03SC.xlsx,03SC
B0203SC,15,284,District - Champhai,Total,Literate but below matric/secondary,Marginal workers_Total_Persons,0.0,DDW-1500B-03SC.xlsx,03SC
B0203SC,15,284,District - Champhai,Total,Matric/secondary but below graduate,Marginal workers_Total_Persons,0.0,DDW-1500B-03SC.xlsx,03SC
B0203SC,15,284,District - Champhai,Total,Technical diploma or certificate not equal to degree,Marginal workers_Total_Persons,0.0,DDW-1500B-03SC.xlsx,03SC
B0203SC,15,284,District - Champhai,Total,Graduate and above other than technical degree,Marginal workers_Total_Persons,0.0,DDW-1500B-03SC.xlsx,03SC
B0203SC,15,284,District - Champhai,Total,Technical degree or diploma equal to degree or post-graduate degree,Marginal workers_Total_Persons,0.0,DDW-1500B-03SC.xlsx,03SC
B0203SC,15,284,District - Champhai,Rural,Total,Marginal workers_Total_Persons,0.0,DDW-1500B-03SC.xlsx,03SC
B0203SC,15,284,District - Champhai,Rural,Illiterate,Marginal workers_Total_Persons,0.0,DDW-1500B-03SC.xlsx,03SC
B0203SC,15,284,District - Champhai,Rural,Literate,Marginal workers_Total_Persons,0.0,DDW-1500B-03SC.xlsx,03SC
B0203SC,15,284,District - Champhai,Rural,Literate but below matric/secondary,Marginal workers_Total_Persons,0.0,DDW-1500B-03SC.xlsx,03SC
B0203SC,15,284,District - Champhai,Rural,Matric/secondary but below graduate,Marginal workers_Total_Persons,0.0,DDW-1500B-03SC.xlsx,03SC
B0203SC,15,284,District - Champhai,Rural,Technical diploma or certificate not equal to degree,Marginal workers_Total_Persons,0.0,DDW-1500B-03SC.xlsx,03SC
B0203SC,15,284,District - Champhai,Rural,Graduate and above other than technical degree,Marginal workers_Total_Persons,0.0,DDW-1500B-03SC.xlsx,03SC
B0203SC,15,284,District - Champhai,Rural,Technical degree or diploma equal to degree or post-graduate degree,Marginal workers_Total_Persons,0.0,DDW-1500B-03SC.xlsx,03SC
B0203SC,15,284,District - Champhai,Urban,Total,Marginal workers_Total_Persons,0.0,DDW-1500B-03SC.xlsx,03SC
B0203SC,15,284,District - Champhai,Urban,Illiterate,Marginal workers_Total_Persons,0.0,DDW-1500B-03SC.xlsx,03SC
B0203SC,15,284,District - Champhai,Urban,Literate,Marginal workers_Total_Persons,0.0,DDW-1500B-03SC.xlsx,03SC
B0203SC,15,284,District - Champhai,Urban,Literate but below matric/secondary,Marginal workers_Total_Persons,0.0,DDW-1500B-03SC.xlsx,03SC
B0203SC,15,284,District - Champhai,Urban,Matric/secondary but below graduate,Marginal workers_Total_Persons,0.0,DDW-1500B-03SC.xlsx,03SC
B0203SC,15,284,District - Champhai,Urban,Technical diploma or certificate not equal to degree,Marginal workers_Total_Persons,0.0,DDW-1500B-03SC.xlsx,03SC
B0203SC,15,284,District - Champhai,Urban,Graduate and above other than technical degree,Marginal workers_Total_Persons,0.0,DDW-1500B-03SC.xlsx,03SC
B0203SC,15,284,District - Champhai,Urban,Technical degree or diploma equal to degree or post-graduate degree,Marginal workers_Total_Persons,0.0,DDW-1500B-03SC.xlsx,03SC
B0203SC,15,285,District - Serchhip,Total,Total,Marginal workers_Total_Persons,2.0,DDW-1500B-03SC.xlsx,03SC
B0203SC,15,285,District - Serchhip,Total,Illiterate,Marginal workers_Total_Persons,0.0,DDW-1500B-03SC.xlsx,03SC
B0203SC,15,285,District - Serchhip,Total,Literate,Marginal workers_Total_Persons,2.0,DDW-1500B-03SC.xlsx,03SC
B0203SC,15,285,District - Serchhip,Total,Literate but below matric/secondary,Marginal workers_Total_Persons,2.0,DDW-1500B-03SC.xlsx,03SC
B0203SC,15,285,District - Serchhip,Total,Matric/secondary but below graduate,Marginal workers_Total_Persons,0.0,DDW-1500B-03SC.xlsx,03SC
B0203SC,15,285,District - Serchhip,Total,Technical diploma or certificate not equal to degree,Marginal workers_Total_Persons,0.0,DDW-1500B-03SC.xlsx,03SC
B0203SC,15,285,District - Serchhip,Total,Graduate and above other than technical degree,Marginal workers_Total_Persons,0.0,DDW-1500B-03SC.xlsx,03SC
B0203SC,15,285,District - Serchhip,Total,Technical degree or diploma equal to degree or post-graduate degree,Marginal workers_Total_Persons,0.0,DDW-1500B-03SC.xlsx,03SC
B0203SC,15,285,District - Serchhip,Rural,Total,Marginal workers_Total_Persons,2.0,DDW-1500B-03SC.xlsx,03SC
B0203SC,15,285,District - Serchhip,Rural,Illiterate,Marginal workers_Total_Persons,0.0,DDW-1500B-03SC.xlsx,03SC
B0203SC,15,285,District - Serchhip,Rural,Literate,Marginal workers_Total_Persons,2.0,DDW-1500B-03SC.xlsx,03SC
B0203SC,15,285,District - Serchhip,Rural,Literate but below matric/secondary,Marginal workers_Total_Persons,2.0,DDW-1500B-03SC.xlsx,03SC
B0203SC,15,285,District - Serchhip,Rural,Matric/secondary but below graduate,Marginal workers_Total_Persons,0.0,DDW-1500B-03SC.xlsx,03SC
B0203SC,15,285,District - Serchhip,Rural,Technical diploma or certificate not equal to degree,Marginal workers_Total_Persons,0.0,DDW-1500B-03SC.xlsx,03SC
B0203SC,15,285,District - Serchhip,Rural,Graduate and above other than technical degree,Marginal workers_Total_Persons,0.0,DDW-1500B-03SC.xlsx,03SC
B0203SC,15,285,District - Serchhip,Rural,Technical degree or diploma equal to degree or post-graduate degree,Marginal workers_Total_Persons,0.0,DDW-1500B-03SC.xlsx,03SC
B0203SC,15,285,District - Serchhip,Urban,Total,Marginal workers_Total_Persons,0.0,DDW-1500B-03SC.xlsx,03SC
B0203SC,15,285,District - Serchhip,Urban,Illiterate,Marginal workers_Total_Persons,0.0,DDW-1500B-03SC.xlsx,03SC
B0203SC,15,285,District - Serchhip,Urban,Literate,Marginal workers_Total_Persons,0.0,DDW-1500B-03SC.xlsx,03SC
B0203SC,15,285,District - Serchhip,Urban,Literate but below matric/secondary,Marginal workers_Total_Persons,0.0,DDW-1500B-03SC.xlsx,03SC
B0203SC,15,285,District - Serchhip,Urban,Matric/secondary but below graduate,Marginal workers_Total_Persons,0.0,DDW-1500B-03SC.xlsx,03SC
B0203SC,15,285,District - Serchhip,Urban,Technical diploma or certificate not equal to degree,Marginal workers_Total_Persons,0.0,DDW-1500B-03SC.xlsx,03SC
B0203SC,15,285,District - Serchhip,Urban,Graduate and above other than technical degree,Marginal workers_Total_Persons,0.0,DDW-1500B-03SC.xlsx,03SC
B0203SC,15,285,District - Serchhip,Urban,Technical degree or diploma equal to degree or post-graduate degree,Marginal workers_Total_Persons,0.0,DDW-1500B-03SC.xlsx,03SC
B0203SC,15,286,District - Lunglei,Total,Total,Marginal workers_Total_Persons,1.0,DDW-1500B-03SC.xlsx,03SC
B0203SC,15,286,District - Lunglei,Total,Illiterate,Marginal workers_Total_Persons,0.0,DDW-1500B-03SC.xlsx,03SC
B0203SC,15,286,District - Lunglei,Total,Literate,Marginal workers_Total_Persons,1.0,DDW-1500B-03SC.xlsx,03SC
B0203SC,15,286,District - Lunglei,Total,Literate but below matric/secondary,Marginal workers_Total_Persons,1.0,DDW-1500B-03SC.xlsx,03SC
B0203SC,15,286,District - Lunglei,Total,Matric/secondary but below graduate,Marginal workers_Total_Persons,0.0,DDW-1500B-03SC.xlsx,03SC
B0203SC,15,286,District - Lunglei,Total,Technical diploma or certificate not equal to degree,Marginal workers_Total_Persons,0.0,DDW-1500B-03SC.xlsx,03SC
B0203SC,15,286,District - Lunglei,Total,Graduate and above other than technical degree,Marginal workers_Total_Persons,0.0,DDW-1500B-03SC.xlsx,03SC
B0203SC,15,286,District - Lunglei,Total,Technical degree or diploma equal to degree or post-graduate degree,Marginal workers_Total_Persons,0.0,DDW-1500B-03SC.xlsx,03SC
B0203SC,15,286,District - Lunglei,Rural,Total,Marginal workers_Total_Persons,0.0,DDW-1500B-03SC.xlsx,03SC
B0203SC,15,286,District - Lunglei,Rural,Illiterate,Marginal workers_Total_Persons,0.0,DDW-1500B-03SC.xlsx,03SC
B0203SC,15,286,District - Lunglei,Rural,Literate,Marginal workers_Total_Persons,0.0,DDW-1500B-03SC.xlsx,03SC
B0203SC,15,286,District - Lunglei,Rural,Literate but below matric/secondary,Marginal workers_Total_Persons,0.0,DDW-1500B-03SC.xlsx,03SC
B0203SC,15,286,District - Lunglei,Rural,Matric/secondary but below graduate,Marginal workers_Total_Persons,0.0,DDW-1500B-03SC.xlsx,03SC
B0203SC,15,286,District - Lunglei,Rural,Technical diploma or certificate not equal to degree,Marginal workers_Total_Persons,0.0,DDW-1500B-03SC.xlsx,03SC
B0203SC,15,286,District - Lunglei,Rural,Graduate and above other than technical degree,Marginal workers_Total_Persons,0.0,DDW-1500B-03SC.xlsx,03SC
B0203SC,15,286,District - Lunglei,Rural,Technical degree or diploma equal to degree or post-graduate degree,Marginal workers_Total_Persons,0.0,DDW-1500B-03SC.xlsx,03SC
B0203SC,15,286,District - Lunglei,Urban,Total,Marginal workers_Total_Persons,1.0,DDW-1500B-03SC.xlsx,03SC
B0203SC,15,286,District - Lunglei,Urban,Illiterate,Marginal workers_Total_Persons,0.0,DDW-1500B-03SC.xlsx,03SC
B0203SC,15,286,District - Lunglei,Urban,Literate,Marginal workers_Total_Persons,1.0,DDW-1500B-03SC.xlsx,03SC
B0203SC,15,286,District - Lunglei,Urban,Literate but below matric/secondary,Marginal workers_Total_Persons,1.0,DDW-1500B-03SC.xlsx,03SC
B0203SC,15,286,District - Lunglei,Urban,Matric/secondary but below graduate,Marginal workers_Total_Persons,0.0,DDW-1500B-03SC.xlsx,03SC
B0203SC,15,286,District - Lunglei,Urban,Technical diploma or certificate not equal to degree,Marginal workers_Total_Persons,0.0,DDW-1500B-03SC.xlsx,03SC
B0203SC,15,286,District - Lunglei,Urban,Graduate and above other than technical degree,Marginal workers_Total_Persons,0.0,DDW-1500B-03SC.xlsx,03SC
B0203SC,15,286,District - Lunglei,Urban,Technical degree or diploma equal to degree or post-graduate degree,Marginal workers_Total_Persons,0.0,DDW-1500B-03SC.xlsx,03SC
B0203SC,15,287,District - Lawngtlai,Total,Total,Marginal workers_Total_Persons,4.0,DDW-1500B-03SC.xlsx,03SC
B0203SC,15,287,District - Lawngtlai,Total,Illiterate,Marginal workers_Total_Persons,2.0,DDW-1500B-03SC.xlsx,03SC
B0203SC,15,287,District - Lawngtlai,Total,Literate,Marginal workers_Total_Persons,2.0,DDW-1500B-03SC.xlsx,03SC
B0203SC,15,287,District - Lawngtlai,Total,Literate but below matric/secondary,Marginal workers_Total_Persons,1.0,DDW-1500B-03SC.xlsx,03SC
B0203SC,15,287,District - Lawngtlai,Total,Matric/secondary but below graduate,Marginal workers_Total_Persons,1.0,DDW-1500B-03SC.xlsx,03SC
B0203SC,15,287,District - Lawngtlai,Total,Technical diploma or certificate not equal to degree,Marginal workers_Total_Persons,0.0,DDW-1500B-03SC.xlsx,03SC
B0203SC,15,287,District - Lawngtlai,Total,Graduate and above other than technical degree,Marginal workers_Total_Persons,0.0,DDW-1500B-03SC.xlsx,03SC
B0203SC,15,287,District - Lawngtlai,Total,Technical degree or diploma equal to degree or post-graduate degree,Marginal workers_Total_Persons,0.0,DDW-1500B-03SC.xlsx,03SC
B0203SC,15,287,District - Lawngtlai,Rural,Total,Marginal workers_Total_Persons,2.0,DDW-1500B-03SC.xlsx,03SC
B0203SC,15,287,District - Lawngtlai,Rural,Illiterate,Marginal workers_Total_Persons,2.0,DDW-1500B-03SC.xlsx,03SC
B0203SC,15,287,District - Lawngtlai,Rural,Literate,Marginal workers_Total_Persons,0.0,DDW-1500B-03SC.xlsx,03SC
B0203SC,15,287,District - Lawngtlai,Rural,Literate but below matric/secondary,Marginal workers_Total_Persons,0.0,DDW-1500B-03SC.xlsx,03SC
B0203SC,15,287,District - Lawngtlai,Rural,Matric/secondary but below graduate,Marginal workers_Total_Persons,0.0,DDW-1500B-03SC.xlsx,03SC
B0203SC,15,287,District - Lawngtlai,Rural,Technical diploma or certificate not equal to degree,Marginal workers_Total_Persons,0.0,DDW-1500B-03SC.xlsx,03SC
B0203SC,15,287,District - Lawngtlai,Rural,Graduate and above other than technical degree,Marginal workers_Total_Persons,0.0,DDW-1500B-03SC.xlsx,03SC
B0203SC,15,287,District - Lawngtlai,Rural,Technical degree or diploma equal to degree or post-graduate degree,Marginal workers_Total_Persons,0.0,DDW-1500B-03SC.xlsx,03SC
B0203SC,15,287,District - Lawngtlai,Urban,Total,Marginal workers_Total_Persons,2.0,DDW-1500B-03SC.xlsx,03SC
B0203SC,15,287,District - Lawngtlai,Urban,Illiterate,Marginal workers_Total_Persons,0.0,DDW-1500B-03SC.xlsx,03SC
B0203SC,15,287,District - Lawngtlai,Urban,Literate,Marginal workers_Total_Persons,2.0,DDW-1500B-03SC.xlsx,03SC
B0203SC,15,287,District - Lawngtlai,Urban,Literate but below matric/secondary,Marginal workers_Total_Persons,1.0,DDW-1500B-03SC.xlsx,03SC
B0203SC,15,287,District - Lawngtlai,Urban,Matric/secondary but below graduate,Marginal workers_Total_Persons,1.0,DDW-1500B-03SC.xlsx,03SC
B0203SC,15,287,District - Lawngtlai,Urban,Technical diploma or certificate not equal to degree,Marginal workers_Total_Persons,0.0,DDW-1500B-03SC.xlsx,03SC
B0203SC,15,287,District - Lawngtlai,Urban,Graduate and above other than technical degree,Marginal workers_Total_Persons,0.0,DDW-1500B-03SC.xlsx,03SC
B0203SC,15,287,District - Lawngtlai,Urban,Technical degree or diploma equal to degree or post-graduate degree,Marginal workers_Total_Persons,0.0,DDW-1500B-03SC.xlsx,03SC
B0203SC,15,288,District - Saiha,Total,Total,Marginal workers_Total_Persons,12.0,DDW-1500B-03SC.xlsx,03SC
B0203SC,15,288,District - Saiha,Total,Illiterate,Marginal workers_Total_Persons,2.0,DDW-1500B-03SC.xlsx,03SC
B0203SC,15,288,District - Saiha,Total,Literate,Marginal workers_Total_Persons,10.0,DDW-1500B-03SC.xlsx,03SC
B0203SC,15,288,District - Saiha,Total,Literate but below matric/secondary,Marginal workers_Total_Persons,5.0,DDW-1500B-03SC.xlsx,03SC
B0203SC,15,288,District - Saiha,Total,Matric/secondary but below graduate,Marginal workers_Total_Persons,5.0,DDW-1500B-03SC.xlsx,03SC
B0203SC,15,288,District - Saiha,Total,Technical diploma or certificate not equal to degree,Marginal workers_Total_Persons,0.0,DDW-1500B-03SC.xlsx,03SC
B0203SC,15,288,District - Saiha,Total,Graduate and above other than technical degree,Marginal workers_Total_Persons,0.0,DDW-1500B-03SC.xlsx,03SC
B0203SC,15,288,District - Saiha,Total,Technical degree or diploma equal to degree or post-graduate degree,Marginal workers_Total_Persons,0.0,DDW-1500B-03SC.xlsx,03SC
B0203SC,15,288,District - Saiha,Rural,Total,Marginal workers_Total_Persons,5.0,DDW-1500B-03SC.xlsx,03SC
B0203SC,15,288,District - Saiha,Rural,Illiterate,Marginal workers_Total_Persons,1.0,DDW-1500B-03SC.xlsx,03SC
B0203SC,15,288,District - Saiha,Rural,Literate,Marginal workers_Total_Persons,4.0,DDW-1500B-03SC.xlsx,03SC
B0203SC,15,288,District - Saiha,Rural,Literate but below matric/secondary,Marginal workers_Total_Persons,3.0,DDW-1500B-03SC.xlsx,03SC
B0203SC,15,288,District - Saiha,Rural,Matric/secondary but below graduate,Marginal workers_Total_Persons,1.0,DDW-1500B-03SC.xlsx,03SC
B0203SC,15,288,District - Saiha,Rural,Technical diploma or certificate not equal to degree,Marginal workers_Total_Persons,0.0,DDW-1500B-03SC.xlsx,03SC
B0203SC,15,288,District - Saiha,Rural,Graduate and above other than technical degree,Marginal workers_Total_Persons,0.0,DDW-1500B-03SC.xlsx,03SC
B0203SC,15,288,District - Saiha,Rural,Technical degree or diploma equal to degree or post-graduate degree,Marginal workers_Total_Persons,0.0,DDW-1500B-03SC.xlsx,03SC
B0203SC,15,288,District - Saiha,Urban,Total,Marginal workers_Total_Persons,7.0,DDW-1500B-03SC.xlsx,03SC
B0203SC,15,288,District - Saiha,Urban,Illiterate,Marginal workers_Total_Persons,1.0,DDW-1500B-03SC.xlsx,03SC
B0203SC,15,288,District - Saiha,Urban,Literate,Marginal workers_Total_Persons,6.0,DDW-1500B-03SC.xlsx,03SC
B0203SC,15,288,District - Saiha,Urban,Literate but below matric/secondary,Marginal workers_Total_Persons,2.0,DDW-1500B-03SC.xlsx,03SC
B0203SC,15,288,District - Saiha,Urban,Matric/secondary but below graduate,Marginal workers_Total_Persons,4.0,DDW-1500B-03SC.xlsx,03SC
B0203SC,15,288,District - Saiha,Urban,Technical diploma or certificate not equal to degree,Marginal workers_Total_Persons,0.0,DDW-1500B-03SC.xlsx,03SC
B0203SC,15,288,District - Saiha,Urban,Graduate and above other than technical degree,Marginal workers_Total_Persons,0.0,DDW-1500B-03SC.xlsx,03SC
B0203SC,15,288,District - Saiha,Urban,Technical degree or diploma equal to degree or post-graduate degree,Marginal workers_Total_Persons,0.0,DDW-1500B-03SC.xlsx,03SC
B0203SC,15,000,State - MIZORAM,Total,Total,Marginal workers_Total_Males,23.0,DDW-1500B-03SC.xlsx,03SC
B0203SC,15,000,State - MIZORAM,Total,Illiterate,Marginal workers_Total_Males,3.0,DDW-1500B-03SC.xlsx,03SC
B0203SC,15,000,State - MIZORAM,Total,Literate,Marginal workers_Total_Males,20.0,DDW-1500B-03SC.xlsx,03SC
B0203SC,15,000,State - MIZORAM,Total,Literate but below matric/secondary,Marginal workers_Total_Males,8.0,DDW-1500B-03SC.xlsx,03SC
B0203SC,15,000,State - MIZORAM,Total,Matric/secondary but below graduate,Marginal workers_Total_Males,11.0,DDW-1500B-03SC.xlsx,03SC
B0203SC,15,000,State - MIZORAM,Total,Technical diploma or certificate not equal to degree,Marginal workers_Total_Males,0.0,DDW-1500B-03SC.xlsx,03SC
B0203SC,15,000,State - MIZORAM,Total,Graduate and above other than technical degree,Marginal workers_Total_Males,1.0,DDW-1500B-03SC.xlsx,03SC
B0203SC,15,000,State - MIZORAM,Total,Technical degree or diploma equal to degree or post-graduate degree,Marginal workers_Total_Males,0.0,DDW-1500B-03SC.xlsx,03SC
B0203SC,15,000,State - MIZORAM,Rural,Total,Marginal workers_Total_Males,6.0,DDW-1500B-03SC.xlsx,03SC
B0203SC,15,000,State - MIZORAM,Rural,Illiterate,Marginal workers_Total_Males,2.0,DDW-1500B-03SC.xlsx,03SC
B0203SC,15,000,State - MIZORAM,Rural,Literate,Marginal workers_Total_Males,4.0,DDW-1500B-03SC.xlsx,03SC
B0203SC,15,000,State - MIZORAM,Rural,Literate but below matric/secondary,Marginal workers_Total_Males,4.0,DDW-1500B-03SC.xlsx,03SC
B0203SC,15,000,State - MIZORAM,Rural,Matric/secondary but below graduate,Marginal workers_Total_Males,0.0,DDW-1500B-03SC.xlsx,03SC
B0203SC,15,000,State - MIZORAM,Rural,Technical diploma or certificate not equal to degree,Marginal workers_Total_Males,0.0,DDW-1500B-03SC.xlsx,03SC
B0203SC,15,000,State - MIZORAM,Rural,Graduate and above other than technical degree,Marginal workers_Total_Males,0.0,DDW-1500B-03SC.xlsx,03SC
B0203SC,15,000,State - MIZORAM,Rural,Technical degree or diploma equal to degree or post-graduate degree,Marginal workers_Total_Males,0.0,DDW-1500B-03SC.xlsx,03SC
B0203SC,15,000,State - MIZORAM,Urban,Total,Marginal workers_Total_Males,17.0,DDW-1500B-03SC.xlsx,03SC
B0203SC,15,000,State - MIZORAM,Urban,Illiterate,Marginal workers_Total_Males,1.0,DDW-1500B-03SC.xlsx,03SC
B0203SC,15,000,State - MIZORAM,Urban,Literate,Marginal workers_Total_Males,16.0,DDW-1500B-03SC.xlsx,03SC
B0203SC,15,000,State - MIZORAM,Urban,Literate but below matric/secondary,Marginal workers_Total_Males,4.0,DDW-1500B-03SC.xlsx,03SC
B0203SC,15,000,State - MIZORAM,Urban,Matric/secondary but below graduate,Marginal workers_Total_Males,11.0,DDW-1500B-03SC.xlsx,03SC
B0203SC,15,000,State - MIZORAM,Urban,Technical diploma or certificate not equal to degree,Marginal workers_Total_Males,0.0,DDW-1500B-03SC.xlsx,03SC
B0203SC,15,000,State - MIZORAM,Urban,Graduate and above other than technical degree,Marginal workers_Total_Males,1.0,DDW-1500B-03SC.xlsx,03SC
B0203SC,15,000,State - MIZORAM,Urban,Technical degree or diploma equal to degree or post-graduate degree,Marginal workers_Total_Males,0.0,DDW-1500B-03SC.xlsx,03SC
B0203SC,15,281,District - Mamit,Total,Total,Marginal workers_Total_Males,0.0,DDW-1500B-03SC.xlsx,03SC
B0203SC,15,281,District - Mamit,Total,Illiterate,Marginal workers_Total_Males,0.0,DDW-1500B-03SC.xlsx,03SC
B0203SC,15,281,District - Mamit,Total,Literate,Marginal workers_Total_Males,0.0,DDW-1500B-03SC.xlsx,03SC
B0203SC,15,281,District - Mamit,Total,Literate but below matric/secondary,Marginal workers_Total_Males,0.0,DDW-1500B-03SC.xlsx,03SC
B0203SC,15,281,District - Mamit,Total,Matric/secondary but below graduate,Marginal workers_Total_Males,0.0,DDW-1500B-03SC.xlsx,03SC
B0203SC,15,281,District - Mamit,Total,Technical diploma or certificate not equal to degree,Marginal workers_Total_Males,0.0,DDW-1500B-03SC.xlsx,03SC
B0203SC,15,281,District - Mamit,Total,Graduate and above other than technical degree,Marginal workers_Total_Males,0.0,DDW-1500B-03SC.xlsx,03SC
B0203SC,15,281,District - Mamit,Total,Technical degree or diploma equal to degree or post-graduate degree,Marginal workers_Total_Males,0.0,DDW-1500B-03SC.xlsx,03SC
B0203SC,15,281,District - Mamit,Rural,Total,Marginal workers_Total_Males,0.0,DDW-1500B-03SC.xlsx,03SC
B0203SC,15,281,District - Mamit,Rural,Illiterate,Marginal workers_Total_Males,0.0,DDW-1500B-03SC.xlsx,03SC
B0203SC,15,281,District - Mamit,Rural,Literate,Marginal workers_Total_Males,0.0,DDW-1500B-03SC.xlsx,03SC
B0203SC,15,281,District - Mamit,Rural,Literate but below matric/secondary,Marginal workers_Total_Males,0.0,DDW-1500B-03SC.xlsx,03SC
B0203SC,15,281,District - Mamit,Rural,Matric/secondary but below graduate,Marginal workers_Total_Males,0.0,DDW-1500B-03SC.xlsx,03SC
B0203SC,15,281,District - Mamit,Rural,Technical diploma or certificate not equal to degree,Marginal workers_Total_Males,0.0,DDW-1500B-03SC.xlsx,03SC
B0203SC,15,281,District - Mamit,Rural,Graduate and above other than technical degree,Marginal workers_Total_Males,0.0,DDW-1500B-03SC.xlsx,03SC
B0203SC,15,281,District - Mamit,Rural,Technical degree or diploma equal to degree or post-graduate degree,Marginal workers_Total_Males,0.0,DDW-1500B-03SC.xlsx,03SC
B0203SC,15,281,District - Mamit,Urban,Total,Marginal workers_Total_Males,0.0,DDW-1500B-03SC.xlsx,03SC
B0203SC,15,281,District - Mamit,Urban,Illiterate,Marginal workers_Total_Males,0.0,DDW-1500B-03SC.xlsx,03SC
B0203SC,15,281,District - Mamit,Urban,Literate,Marginal workers_Total_Males,0.0,DDW-1500B-03SC.xlsx,03SC
B0203SC,15,281,District - Mamit,Urban,Literate but below matric/secondary,Marginal workers_Total_Males,0.0,DDW-1500B-03SC.xlsx,03SC
B0203SC,15,281,District - Mamit,Urban,Matric/secondary but below graduate,Marginal workers_Total_Males,0.0,DDW-1500B-03SC.xlsx,03SC
B0203SC,15,281,District - Mamit,Urban,Technical diploma or certificate not equal to degree,Marginal workers_Total_Males,0.0,DDW-1500B-03SC.xlsx,03SC
B0203SC,15,281,District - Mamit,Urban,Graduate and above other than technical degree,Marginal workers_Total_Males,0.0,DDW-1500B-03SC.xlsx,03SC
B0203SC,15,281,District - Mamit,Urban,Technical degree or diploma equal to degree or post-graduate degree,Marginal workers_Total_Males,0.0,DDW-1500B-03SC.xlsx,03SC
B0203SC,15,282,District - Kolasib,Total,Total,Marginal workers_Total_Males,4.0,DDW-1500B-03SC.xlsx,03SC
B0203SC,15,282,District - Kolasib,Total,Illiterate,Marginal workers_Total_Males,0.0,DDW-1500B-03SC.xlsx,03SC
B0203SC,15,282,District - Kolasib,Total,Literate,Marginal workers_Total_Males,4.0,DDW-1500B-03SC.xlsx,03SC
B0203SC,15,282,District - Kolasib,Total,Literate but below matric/secondary,Marginal workers_Total_Males,2.0,DDW-1500B-03SC.xlsx,03SC
B0203SC,15,282,District - Kolasib,Total,Matric/secondary but below graduate,Marginal workers_Total_Males,1.0,DDW-1500B-03SC.xlsx,03SC
B0203SC,15,282,District - Kolasib,Total,Technical diploma or certificate not equal to degree,Marginal workers_Total_Males,0.0,DDW-1500B-03SC.xlsx,03SC
B0203SC,15,282,District - Kolasib,Total,Graduate and above other than technical degree,Marginal workers_Total_Males,1.0,DDW-1500B-03SC.xlsx,03SC
B0203SC,15,282,District - Kolasib,Total,Technical degree or diploma equal to degree or post-graduate degree,Marginal workers_Total_Males,0.0,DDW-1500B-03SC.xlsx,03SC
B0203SC,15,282,District - Kolasib,Rural,Total,Marginal workers_Total_Males,1.0,DDW-1500B-03SC.xlsx,03SC
B0203SC,15,282,District - Kolasib,Rural,Illiterate,Marginal workers_Total_Males,0.0,DDW-1500B-03SC.xlsx,03SC
B0203SC,15,282,District - Kolasib,Rural,Literate,Marginal workers_Total_Males,1.0,DDW-1500B-03SC.xlsx,03SC
B0203SC,15,282,District - Kolasib,Rural,Literate but below matric/secondary,Marginal workers_Total_Males,1.0,DDW-1500B-03SC.xlsx,03SC
B0203SC,15,282,District - Kolasib,Rural,Matric/secondary but below graduate,Marginal workers_Total_Males,0.0,DDW-1500B-03SC.xlsx,03SC
B0203SC,15,282,District - Kolasib,Rural,Technical diploma or certificate not equal to degree,Marginal workers_Total_Males,0.0,DDW-1500B-03SC.xlsx,03SC
B0203SC,15,282,District - Kolasib,Rural,Graduate and above other than technical degree,Marginal workers_Total_Males,0.0,DDW-1500B-03SC.xlsx,03SC
B0203SC,15,282,District - Kolasib,Rural,Technical degree or diploma equal to degree or post-graduate degree,Marginal workers_Total_Males,0.0,DDW-1500B-03SC.xlsx,03SC
B0203SC,15,282,District - Kolasib,Urban,Total,Marginal workers_Total_Males,3.0,DDW-1500B-03SC.xlsx,03SC
B0203SC,15,282,District - Kolasib,Urban,Illiterate,Marginal workers_Total_Males,0.0,DDW-1500B-03SC.xlsx,03SC
B0203SC,15,282,District - Kolasib,Urban,Literate,Marginal workers_Total_Males,3.0,DDW-1500B-03SC.xlsx,03SC
B0203SC,15,282,District - Kolasib,Urban,Literate but below matric/secondary,Marginal workers_Total_Males,1.0,DDW-1500B-03SC.xlsx,03SC
B0203SC,15,282,District - Kolasib,Urban,Matric/secondary but below graduate,Marginal workers_Total_Males,1.0,DDW-1500B-03SC.xlsx,03SC
B0203SC,15,282,District - Kolasib,Urban,Technical diploma or certificate not equal to degree,Marginal workers_Total_Males,0.0,DDW-1500B-03SC.xlsx,03SC
B0203SC,15,282,District - Kolasib,Urban,Graduate and above other than technical degree,Marginal workers_Total_Males,1.0,DDW-1500B-03SC.xlsx,03SC
B0203SC,15,282,District - Kolasib,Urban,Technical degree or diploma equal to degree or post-graduate degree,Marginal workers_Total_Males,0.0,DDW-1500B-03SC.xlsx,03SC
B0203SC,15,283,District - Aizawl,Total,Total,Marginal workers_Total_Males,8.0,DDW-1500B-03SC.xlsx,03SC
B0203SC,15,283,District - Aizawl,Total,Illiterate,Marginal workers_Total_Males,0.0,DDW-1500B-03SC.xlsx,03SC
B0203SC,15,283,District - Aizawl,Total,Literate,Marginal workers_Total_Males,8.0,DDW-1500B-03SC.xlsx,03SC
B0203SC,15,283,District - Aizawl,Total,Literate but below matric/secondary,Marginal workers_Total_Males,2.0,DDW-1500B-03SC.xlsx,03SC
B0203SC,15,283,District - Aizawl,Total,Matric/secondary but below graduate,Marginal workers_Total_Males,6.0,DDW-1500B-03SC.xlsx,03SC
B0203SC,15,283,District - Aizawl,Total,Technical diploma or certificate not equal to degree,Marginal workers_Total_Males,0.0,DDW-1500B-03SC.xlsx,03SC
B0203SC,15,283,District - Aizawl,Total,Graduate and above other than technical degree,Marginal workers_Total_Males,0.0,DDW-1500B-03SC.xlsx,03SC
B0203SC,15,283,District - Aizawl,Total,Technical degree or diploma equal to degree or post-graduate degree,Marginal workers_Total_Males,0.0,DDW-1500B-03SC.xlsx,03SC
B0203SC,15,283,District - Aizawl,Rural,Total,Marginal workers_Total_Males,0.0,DDW-1500B-03SC.xlsx,03SC
B0203SC,15,283,District - Aizawl,Rural,Illiterate,Marginal workers_Total_Males,0.0,DDW-1500B-03SC.xlsx,03SC
B0203SC,15,283,District - Aizawl,Rural,Literate,Marginal workers_Total_Males,0.0,DDW-1500B-03SC.xlsx,03SC
B0203SC,15,283,District - Aizawl,Rural,Literate but below matric/secondary,Marginal workers_Total_Males,0.0,DDW-1500B-03SC.xlsx,03SC
B0203SC,15,283,District - Aizawl,Rural,Matric/secondary but below graduate,Marginal workers_Total_Males,0.0,DDW-1500B-03SC.xlsx,03SC
B0203SC,15,283,District - Aizawl,Rural,Technical diploma or certificate not equal to degree,Marginal workers_Total_Males,0.0,DDW-1500B-03SC.xlsx,03SC
B0203SC,15,283,District - Aizawl,Rural,Graduate and above other than technical degree,Marginal workers_Total_Males,0.0,DDW-1500B-03SC.xlsx,03SC
B0203SC,15,283,District - Aizawl,Rural,Technical degree or diploma equal to degree or post-graduate degree,Marginal workers_Total_Males,0.0,DDW-1500B-03SC.xlsx,03SC
B0203SC,15,283,District - Aizawl,Urban,Total,Marginal workers_Total_Males,8.0,DDW-1500B-03SC.xlsx,03SC
B0203SC,15,283,District - Aizawl,Urban,Illiterate,Marginal workers_Total_Males,0.0,DDW-1500B-03SC.xlsx,03SC
B0203SC,15,283,District - Aizawl,Urban,Literate,Marginal workers_Total_Males,8.0,DDW-1500B-03SC.xlsx,03SC
B0203SC,15,283,District - Aizawl,Urban,Literate but below matric/secondary,Marginal workers_Total_Males,2.0,DDW-1500B-03SC.xlsx,03SC
B0203SC,15,283,District - Aizawl,Urban,Matric/secondary but below graduate,Marginal workers_Total_Males,6.0,DDW-1500B-03SC.xlsx,03SC
B0203SC,15,283,District - Aizawl,Urban,Technical diploma or certificate not equal to degree,Marginal workers_Total_Males,0.0,DDW-1500B-03SC.xlsx,03SC
B0203SC,15,283,District - Aizawl,Urban,Graduate and above other than technical degree,Marginal workers_Total_Males,0.0,DDW-1500B-03SC.xlsx,03SC
B0203SC,15,283,District - Aizawl,Urban,Technical degree or diploma equal to degree or post-graduate degree,Marginal workers_Total_Males,0.0,DDW-1500B-03SC.xlsx,03SC
B0203SC,15,284,District - Champhai,Total,Total,Marginal workers_Total_Males,0.0,DDW-1500B-03SC.xlsx,03SC
B0203SC,15,284,District - Champhai,Total,Illiterate,Marginal workers_Total_Males,0.0,DDW-1500B-03SC.xlsx,03SC
B0203SC,15,284,District - Champhai,Total,Literate,Marginal workers_Total_Males,0.0,DDW-1500B-03SC.xlsx,03SC
B0203SC,15,284,District - Champhai,Total,Literate but below matric/secondary,Marginal workers_Total_Males,0.0,DDW-1500B-03SC.xlsx,03SC
B0203SC,15,284,District - Champhai,Total,Matric/secondary but below graduate,Marginal workers_Total_Males,0.0,DDW-1500B-03SC.xlsx,03SC
B0203SC,15,284,District - Champhai,Total,Technical diploma or certificate not equal to degree,Marginal workers_Total_Males,0.0,DDW-1500B-03SC.xlsx,03SC
B0203SC,15,284,District - Champhai,Total,Graduate and above other than technical degree,Marginal workers_Total_Males,0.0,DDW-1500B-03SC.xlsx,03SC
B0203SC,15,284,District - Champhai,Total,Technical degree or diploma equal to degree or post-graduate degree,Marginal workers_Total_Males,0.0,DDW-1500B-03SC.xlsx,03SC
B0203SC,15,284,District - Champhai,Rural,Total,Marginal workers_Total_Males,0.0,DDW-1500B-03SC.xlsx,03SC
B0203SC,15,284,District - Champhai,Rural,Illiterate,Marginal workers_Total_Males,0.0,DDW-1500B-03SC.xlsx,03SC
B0203SC,15,284,District - Champhai,Rural,Literate,Marginal workers_Total_Males,0.0,DDW-1500B-03SC.xlsx,03SC
B0203SC,15,284,District - Champhai,Rural,Literate but below matric/secondary,Marginal workers_Total_Males,0.0,DDW-1500B-03SC.xlsx,03SC
B0203SC,15,284,District - Champhai,Rural,Matric/secondary but below graduate,Marginal workers_Total_Males,0.0,DDW-1500B-03SC.xlsx,03SC
B0203SC,15,284,District - Champhai,Rural,Technical diploma or certificate not equal to degree,Marginal workers_Total_Males,0.0,DDW-1500B-03SC.xlsx,03SC
B0203SC,15,284,District - Champhai,Rural,Graduate and above other than technical degree,Marginal workers_Total_Males,0.0,DDW-1500B-03SC.xlsx,03SC
B0203SC,15,284,District - Champhai,Rural,Technical degree or diploma equal to degree or post-graduate degree,Marginal workers_Total_Males,0.0,DDW-1500B-03SC.xlsx,03SC
B0203SC,15,284,District - Champhai,Urban,Total,Marginal workers_Total_Males,0.0,DDW-1500B-03SC.xlsx,03SC
B0203SC,15,284,District - Champhai,Urban,Illiterate,Marginal workers_Total_Males,0.0,DDW-1500B-03SC.xlsx,03SC
B0203SC,15,284,District - Champhai,Urban,Literate,Marginal workers_Total_Males,0.0,DDW-1500B-03SC.xlsx,03SC
B0203SC,15,284,District - Champhai,Urban,Literate but below matric/secondary,Marginal workers_Total_Males,0.0,DDW-1500B-03SC.xlsx,03SC
B0203SC,15,284,District - Champhai,Urban,Matric/secondary but below graduate,Marginal workers_Total_Males,0.0,DDW-1500B-03SC.xlsx,03SC
B0203SC,15,284,District - Champhai,Urban,Technical diploma or certificate not equal to degree,Marginal workers_Total_Males,0.0,DDW-1500B-03SC.xlsx,03SC
B0203SC,15,284,District - Champhai,Urban,Graduate and above other than technical degree,Marginal workers_Total_Males,0.0,DDW-1500B-03SC.xlsx,03SC
B0203SC,15,284,District - Champhai,Urban,Technical degree or diploma equal to degree or post-graduate degree,Marginal workers_Total_Males,0.0,DDW-1500B-03SC.xlsx,03SC
B0203SC,15,285,District - Serchhip,Total,Total,Marginal workers_Total_Males,0.0,DDW-1500B-03SC.xlsx,03SC
B0203SC,15,285,District - Serchhip,Total,Illiterate,Marginal workers_Total_Males,0.0,DDW-1500B-03SC.xlsx,03SC
B0203SC,15,285,District - Serchhip,Total,Literate,Marginal workers_Total_Males,0.0,DDW-1500B-03SC.xlsx,03SC
B0203SC,15,285,District - Serchhip,Total,Literate but below matric/secondary,Marginal workers_Total_Males,0.0,DDW-1500B-03SC.xlsx,03SC
B0203SC,15,285,District - Serchhip,Total,Matric/secondary but below graduate,Marginal workers_Total_Males,0.0,DDW-1500B-03SC.xlsx,03SC
B0203SC,15,285,District - Serchhip,Total,Technical diploma or certificate not equal to degree,Marginal workers_Total_Males,0.0,DDW-1500B-03SC.xlsx,03SC
B0203SC,15,285,District - Serchhip,Total,Graduate and above other than technical degree,Marginal workers_Total_Males,0.0,DDW-1500B-03SC.xlsx,03SC
B0203SC,15,285,District - Serchhip,Total,Technical degree or diploma equal to degree or post-graduate degree,Marginal workers_Total_Males,0.0,DDW-1500B-03SC.xlsx,03SC
B0203SC,15,285,District - Serchhip,Rural,Total,Marginal workers_Total_Males,0.0,DDW-1500B-03SC.xlsx,03SC
B0203SC,15,285,District - Serchhip,Rural,Illiterate,Marginal workers_Total_Males,0.0,DDW-1500B-03SC.xlsx,03SC
B0203SC,15,285,District - Serchhip,Rural,Literate,Marginal workers_Total_Males,0.0,DDW-1500B-03SC.xlsx,03SC
B0203SC,15,285,District - Serchhip,Rural,Literate but below matric/secondary,Marginal workers_Total_Males,0.0,DDW-1500B-03SC.xlsx,03SC
B0203SC,15,285,District - Serchhip,Rural,Matric/secondary but below graduate,Marginal workers_Total_Males,0.0,DDW-1500B-03SC.xlsx,03SC
B0203SC,15,285,District - Serchhip,Rural,Technical diploma or certificate not equal to degree,Marginal workers_Total_Males,0.0,DDW-1500B-03SC.xlsx,03SC
B0203SC,15,285,District - Serchhip,Rural,Graduate and above other than technical degree,Marginal workers_Total_Males,0.0,DDW-1500B-03SC.xlsx,03SC
B0203SC,15,285,District - Serchhip,Rural,Technical degree or diploma equal to degree or post-graduate degree,Marginal workers_Total_Males,0.0,DDW-1500B-03SC.xlsx,03SC
B0203SC,15,285,District - Serchhip,Urban,Total,Marginal workers_Total_Males,0.0,DDW-1500B-03SC.xlsx,03SC
B0203SC,15,285,District - Serchhip,Urban,Illiterate,Marginal workers_Total_Males,0.0,DDW-1500B-03SC.xlsx,03SC
B0203SC,15,285,District - Serchhip,Urban,Literate,Marginal workers_Total_Males,0.0,DDW-1500B-03SC.xlsx,03SC
B0203SC,15,285,District - Serchhip,Urban,Literate but below matric/secondary,Marginal workers_Total_Males,0.0,DDW-1500B-03SC.xlsx,03SC
B0203SC,15,285,District - Serchhip,Urban,Matric/secondary but below graduate,Marginal workers_Total_Males,0.0,DDW-1500B-03SC.xlsx,03SC
B0203SC,15,285,District - Serchhip,Urban,Technical diploma or certificate not equal to degree,Marginal workers_Total_Males,0.0,DDW-1500B-03SC.xlsx,03SC
B0203SC,15,285,District - Serchhip,Urban,Graduate and above other than technical degree,Marginal workers_Total_Males,0.0,DDW-1500B-03SC.xlsx,03SC
B0203SC,15,285,District - Serchhip,Urban,Technical degree or diploma equal to degree or post-graduate degree,Marginal workers_Total_Males,0.0,DDW-1500B-03SC.xlsx,03SC
B0203SC,15,286,District - Lunglei,Total,Total,Marginal workers_Total_Males,0.0,DDW-1500B-03SC.xlsx,03SC
B0203SC,15,286,District - Lunglei,Total,Illiterate,Marginal workers_Total_Males,0.0,DDW-1500B-03SC.xlsx,03SC
B0203SC,15,286,District - Lunglei,Total,Literate,Marginal workers_Total_Males,0.0,DDW-1500B-03SC.xlsx,03SC
B0203SC,15,286,District - Lunglei,Total,Literate but below matric/secondary,Marginal workers_Total_Males,0.0,DDW-1500B-03SC.xlsx,03SC
B0203SC,15,286,District - Lunglei,Total,Matric/secondary but below graduate,Marginal workers_Total_Males,0.0,DDW-1500B-03SC.xlsx,03SC
B0203SC,15,286,District - Lunglei,Total,Technical diploma or certificate not equal to degree,Marginal workers_Total_Males,0.0,DDW-1500B-03SC.xlsx,03SC
B0203SC,15,286,District - Lunglei,Total,Graduate and above other than technical degree,Marginal workers_Total_Males,0.0,DDW-1500B-03SC.xlsx,03SC
B0203SC,15,286,District - Lunglei,Total,Technical degree or diploma equal to degree or post-graduate degree,Marginal workers_Total_Males,0.0,DDW-1500B-03SC.xlsx,03SC
B0203SC,15,286,District - Lunglei,Rural,Total,Marginal workers_Total_Males,0.0,DDW-1500B-03SC.xlsx,03SC
B0203SC,15,286,District - Lunglei,Rural,Illiterate,Marginal workers_Total_Males,0.0,DDW-1500B-03SC.xlsx,03SC
B0203SC,15,286,District - Lunglei,Rural,Literate,Marginal workers_Total_Males,0.0,DDW-1500B-03SC.xlsx,03SC
B0203SC,15,286,District - Lunglei,Rural,Literate but below matric/secondary,Marginal workers_Total_Males,0.0,DDW-1500B-03SC.xlsx,03SC
B0203SC,15,286,District - Lunglei,Rural,Matric/secondary but below graduate,Marginal workers_Total_Males,0.0,DDW-1500B-03SC.xlsx,03SC
B0203SC,15,286,District - Lunglei,Rural,Technical diploma or certificate not equal to degree,Marginal workers_Total_Males,0.0,DDW-1500B-03SC.xlsx,03SC
B0203SC,15,286,District - Lunglei,Rural,Graduate and above other than technical degree,Marginal workers_Total_Males,0.0,DDW-1500B-03SC.xlsx,03SC
B0203SC,15,286,District - Lunglei,Rural,Technical degree or diploma equal to degree or post-graduate degree,Marginal workers_Total_Males,0.0,DDW-1500B-03SC.xlsx,03SC
B0203SC,15,286,District - Lunglei,Urban,Total,Marginal workers_Total_Males,0.0,DDW-1500B-03SC.xlsx,03SC
B0203SC,15,286,District - Lunglei,Urban,Illiterate,Marginal workers_Total_Males,0.0,DDW-1500B-03SC.xlsx,03SC
B0203SC,15,286,District - Lunglei,Urban,Literate,Marginal workers_Total_Males,0.0,DDW-1500B-03SC.xlsx,03SC
B0203SC,15,286,District - Lunglei,Urban,Literate but below matric/secondary,Marginal workers_Total_Males,0.0,DDW-1500B-03SC.xlsx,03SC
B0203SC,15,286,District - Lunglei,Urban,Matric/secondary but below graduate,Marginal workers_Total_Males,0.0,DDW-1500B-03SC.xlsx,03SC
B0203SC,15,286,District - Lunglei,Urban,Technical diploma or certificate not equal to degree,Marginal workers_Total_Males,0.0,DDW-1500B-03SC.xlsx,03SC
B0203SC,15,286,District - Lunglei,Urban,Graduate and above other than technical degree,Marginal workers_Total_Males,0.0,DDW-1500B-03SC.xlsx,03SC
B0203SC,15,286,District - Lunglei,Urban,Technical degree or diploma equal to degree or post-graduate degree,Marginal workers_Total_Males,0.0,DDW-1500B-03SC.xlsx,03SC
B0203SC,15,287,District - Lawngtlai,Total,Total,Marginal workers_Total_Males,1.0,DDW-1500B-03SC.xlsx,03SC
B0203SC,15,287,District - Lawngtlai,Total,Illiterate,Marginal workers_Total_Males,1.0,DDW-1500B-03SC.xlsx,03SC
B0203SC,15,287,District - Lawngtlai,Total,Literate,Marginal workers_Total_Males,0.0,DDW-1500B-03SC.xlsx,03SC
B0203SC,15,287,District - Lawngtlai,Total,Literate but below matric/secondary,Marginal workers_Total_Males,0.0,DDW-1500B-03SC.xlsx,03SC
B0203SC,15,287,District - Lawngtlai,Total,Matric/secondary but below graduate,Marginal workers_Total_Males,0.0,DDW-1500B-03SC.xlsx,03SC
B0203SC,15,287,District - Lawngtlai,Total,Technical diploma or certificate not equal to degree,Marginal workers_Total_Males,0.0,DDW-1500B-03SC.xlsx,03SC
B0203SC,15,287,District - Lawngtlai,Total,Graduate and above other than technical degree,Marginal workers_Total_Males,0.0,DDW-1500B-03SC.xlsx,03SC
B0203SC,15,287,District - Lawngtlai,Total,Technical degree or diploma equal to degree or post-graduate degree,Marginal workers_Total_Males,0.0,DDW-1500B-03SC.xlsx,03SC
B0203SC,15,287,District - Lawngtlai,Rural,Total,Marginal workers_Total_Males,1.0,DDW-1500B-03SC.xlsx,03SC
B0203SC,15,287,District - Lawngtlai,Rural,Illiterate,Marginal workers_Total_Males,1.0,DDW-1500B-03SC.xlsx,03SC
B0203SC,15,287,District - Lawngtlai,Rural,Literate,Marginal workers_Total_Males,0.0,DDW-1500B-03SC.xlsx,03SC
B0203SC,15,287,District - Lawngtlai,Rural,Literate but below matric/secondary,Marginal workers_Total_Males,0.0,DDW-1500B-03SC.xlsx,03SC
B0203SC,15,287,District - Lawngtlai,Rural,Matric/secondary but below graduate,Marginal workers_Total_Males,0.0,DDW-1500B-03SC.xlsx,03SC
B0203SC,15,287,District - Lawngtlai,Rural,Technical diploma or certificate not equal to degree,Marginal workers_Total_Males,0.0,DDW-1500B-03SC.xlsx,03SC
B0203SC,15,287,District - Lawngtlai,Rural,Graduate and above other than technical degree,Marginal workers_Total_Males,0.0,DDW-1500B-03SC.xlsx,03SC
B0203SC,15,287,District - Lawngtlai,Rural,Technical degree or diploma equal to degree or post-graduate degree,Marginal workers_Total_Males,0.0,DDW-1500B-03SC.xlsx,03SC
B0203SC,15,287,District - Lawngtlai,Urban,Total,Marginal workers_Total_Males,0.0,DDW-1500B-03SC.xlsx,03SC
B0203SC,15,287,District - Lawngtlai,Urban,Illiterate,Marginal workers_Total_Males,0.0,DDW-1500B-03SC.xlsx,03SC
B0203SC,15,287,District - Lawngtlai,Urban,Literate,Marginal workers_Total_Males,0.0,DDW-1500B-03SC.xlsx,03SC
B0203SC,15,287,District - Lawngtlai,Urban,Literate but below matric/secondary,Marginal workers_Total_Males,0.0,DDW-1500B-03SC.xlsx,03SC
B0203SC,15,287,District - Lawngtlai,Urban,Matric/secondary but below graduate,Marginal workers_Total_Males,0.0,DDW-1500B-03SC.xlsx,03SC
B0203SC,15,287,District - Lawngtlai,Urban,Technical diploma or certificate not equal to degree,Marginal workers_Total_Males,0.0,DDW-1500B-03SC.xlsx,03SC
B0203SC,15,287,District - Lawngtlai,Urban,Graduate and above other than technical degree,Marginal workers_Total_Males,0.0,DDW-1500B-03SC.xlsx,03SC
B0203SC,15,287,District - Lawngtlai,Urban,Technical degree or diploma equal to degree or post-graduate degree,Marginal workers_Total_Males,0.0,DDW-1500B-03SC.xlsx,03SC
B0203SC,15,288,District - Saiha,Total,Total,Marginal workers_Total_Males,10.0,DDW-1500B-03SC.xlsx,03SC
B0203SC,15,288,District - Saiha,Total,Illiterate,Marginal workers_Total_Males,2.0,DDW-1500B-03SC.xlsx,03SC
B0203SC,15,288,District - Saiha,Total,Literate,Marginal workers_Total_Males,8.0,DDW-1500B-03SC.xlsx,03SC
B0203SC,15,288,District - Saiha,Total,Literate but below matric/secondary,Marginal workers_Total_Males,4.0,DDW-1500B-03SC.xlsx,03SC
B0203SC,15,288,District - Saiha,Total,Matric/secondary but below graduate,Marginal workers_Total_Males,4.0,DDW-1500B-03SC.xlsx,03SC
B0203SC,15,288,District - Saiha,Total,Technical diploma or certificate not equal to degree,Marginal workers_Total_Males,0.0,DDW-1500B-03SC.xlsx,03SC
B0203SC,15,288,District - Saiha,Total,Graduate and above other than technical degree,Marginal workers_Total_Males,0.0,DDW-1500B-03SC.xlsx,03SC
B0203SC,15,288,District - Saiha,Total,Technical degree or diploma equal to degree or post-graduate degree,Marginal workers_Total_Males,0.0,DDW-1500B-03SC.xlsx,03SC
B0203SC,15,288,District - Saiha,Rural,Total,Marginal workers_Total_Males,4.0,DDW-1500B-03SC.xlsx,03SC
B0203SC,15,288,District - Saiha,Rural,Illiterate,Marginal workers_Total_Males,1.0,DDW-1500B-03SC.xlsx,03SC
B0203SC,15,288,District - Saiha,Rural,Literate,Marginal workers_Total_Males,3.0,DDW-1500B-03SC.xlsx,03SC
B0203SC,15,288,District - Saiha,Rural,Literate but below matric/secondary,Marginal workers_Total_Males,3.0,DDW-1500B-03SC.xlsx,03SC
B0203SC,15,288,District - Saiha,Rural,Matric/secondary but below graduate,Marginal workers_Total_Males,0.0,DDW-1500B-03SC.xlsx,03SC
B0203SC,15,288,District - Saiha,Rural,Technical diploma or certificate not equal to degree,Marginal workers_Total_Males,0.0,DDW-1500B-03SC.xlsx,03SC
B0203SC,15,288,District - Saiha,Rural,Graduate and above other than technical degree,Marginal workers_Total_Males,0.0,DDW-1500B-03SC.xlsx,03SC
B0203SC,15,288,District - Saiha,Rural,Technical degree or diploma equal to degree or post-graduate degree,Marginal workers_Total_Males,0.0,DDW-1500B-03SC.xlsx,03SC
B0203SC,15,288,District - Saiha,Urban,Total,Marginal workers_Total_Males,6.0,DDW-1500B-03SC.xlsx,03SC
B0203SC,15,288,District - Saiha,Urban,Illiterate,Marginal workers_Total_Males,1.0,DDW-1500B-03SC.xlsx,03SC
B0203SC,15,288,District - Saiha,Urban,Literate,Marginal workers_Total_Males,5.0,DDW-1500B-03SC.xlsx,03SC
B0203SC,15,288,District - Saiha,Urban,Literate but below matric/secondary,Marginal workers_Total_Males,1.0,DDW-1500B-03SC.xlsx,03SC
B0203SC,15,288,District - Saiha,Urban,Matric/secondary but below graduate,Marginal workers_Total_Males,4.0,DDW-1500B-03SC.xlsx,03SC
B0203SC,15,288,District - Saiha,Urban,Technical diploma or certificate not equal to degree,Marginal workers_Total_Males,0.0,DDW-1500B-03SC.xlsx,03SC
B0203SC,15,288,District - Saiha,Urban,Graduate and above other than technical degree,Marginal workers_Total_Males,0.0,DDW-1500B-03SC.xlsx,03SC
B0203SC,15,288,District - Saiha,Urban,Technical degree or diploma equal to degree or post-graduate degree,Marginal workers_Total_Males,0.0,DDW-1500B-03SC.xlsx,03SC
B0203SC,15,000,State - MIZORAM,Total,Total,Marginal workers_Total_Females,22.0,DDW-1500B-03SC.xlsx,03SC
B0203SC,15,000,State - MIZORAM,Total,Illiterate,Marginal workers_Total_Females,4.0,DDW-1500B-03SC.xlsx,03SC
B0203SC,15,000,State - MIZORAM,Total,Literate,Marginal workers_Total_Females,18.0,DDW-1500B-03SC.xlsx,03SC
B0203SC,15,000,State - MIZORAM,Total,Literate but below matric/secondary,Marginal workers_Total_Females,13.0,DDW-1500B-03SC.xlsx,03SC
B0203SC,15,000,State - MIZORAM,Total,Matric/secondary but below graduate,Marginal workers_Total_Females,5.0,DDW-1500B-03SC.xlsx,03SC
B0203SC,15,000,State - MIZORAM,Total,Technical diploma or certificate not equal to degree,Marginal workers_Total_Females,0.0,DDW-1500B-03SC.xlsx,03SC
B0203SC,15,000,State - MIZORAM,Total,Graduate and above other than technical degree,Marginal workers_Total_Females,0.0,DDW-1500B-03SC.xlsx,03SC
B0203SC,15,000,State - MIZORAM,Total,Technical degree or diploma equal to degree or post-graduate degree,Marginal workers_Total_Females,0.0,DDW-1500B-03SC.xlsx,03SC
B0203SC,15,000,State - MIZORAM,Rural,Total,Marginal workers_Total_Females,6.0,DDW-1500B-03SC.xlsx,03SC
B0203SC,15,000,State - MIZORAM,Rural,Illiterate,Marginal workers_Total_Females,2.0,DDW-1500B-03SC.xlsx,03SC
B0203SC,15,000,State - MIZORAM,Rural,Literate,Marginal workers_Total_Females,4.0,DDW-1500B-03SC.xlsx,03SC
B0203SC,15,000,State - MIZORAM,Rural,Literate but below matric/secondary,Marginal workers_Total_Females,3.0,DDW-1500B-03SC.xlsx,03SC
B0203SC,15,000,State - MIZORAM,Rural,Matric/secondary but below graduate,Marginal workers_Total_Females,1.0,DDW-1500B-03SC.xlsx,03SC
B0203SC,15,000,State - MIZORAM,Rural,Technical diploma or certificate not equal to degree,Marginal workers_Total_Females,0.0,DDW-1500B-03SC.xlsx,03SC
B0203SC,15,000,State - MIZORAM,Rural,Graduate and above other than technical degree,Marginal workers_Total_Females,0.0,DDW-1500B-03SC.xlsx,03SC
B0203SC,15,000,State - MIZORAM,Rural,Technical degree or diploma equal to degree or post-graduate degree,Marginal workers_Total_Females,0.0,DDW-1500B-03SC.xlsx,03SC
B0203SC,15,000,State - MIZORAM,Urban,Total,Marginal workers_Total_Females,16.0,DDW-1500B-03SC.xlsx,03SC
B0203SC,15,000,State - MIZORAM,Urban,Illiterate,Marginal workers_Total_Females,2.0,DDW-1500B-03SC.xlsx,03SC
B0203SC,15,000,State - MIZORAM,Urban,Literate,Marginal workers_Total_Females,14.0,DDW-1500B-03SC.xlsx,03SC
B0203SC,15,000,State - MIZORAM,Urban,Literate but below matric/secondary,Marginal workers_Total_Females,10.0,DDW-1500B-03SC.xlsx,03SC
B0203SC,15,000,State - MIZORAM,Urban,Matric/secondary but below graduate,Marginal workers_Total_Females,4.0,DDW-1500B-03SC.xlsx,03SC
B0203SC,15,000,State - MIZORAM,Urban,Technical diploma or certificate not equal to degree,Marginal workers_Total_Females,0.0,DDW-1500B-03SC.xlsx,03SC
B0203SC,15,000,State - MIZORAM,Urban,Graduate and above other than technical degree,Marginal workers_Total_Females,0.0,DDW-1500B-03SC.xlsx,03SC
B0203SC,15,000,State - MIZORAM,Urban,Technical degree or diploma equal to degree or post-graduate degree,Marginal workers_Total_Females,0.0,DDW-1500B-03SC.xlsx,03SC
B0203SC,15,281,District - Mamit,Total,Total,Marginal workers_Total_Females,1.0,DDW-1500B-03SC.xlsx,03SC
B0203SC,15,281,District - Mamit,Total,Illiterate,Marginal workers_Total_Females,1.0,DDW-1500B-03SC.xlsx,03SC
B0203SC,15,281,District - Mamit,Total,Literate,Marginal workers_Total_Females,0.0,DDW-1500B-03SC.xlsx,03SC
B0203SC,15,281,District - Mamit,Total,Literate but below matric/secondary,Marginal workers_Total_Females,0.0,DDW-1500B-03SC.xlsx,03SC
B0203SC,15,281,District - Mamit,Total,Matric/secondary but below graduate,Marginal workers_Total_Females,0.0,DDW-1500B-03SC.xlsx,03SC
B0203SC,15,281,District - Mamit,Total,Technical diploma or certificate not equal to degree,Marginal workers_Total_Females,0.0,DDW-1500B-03SC.xlsx,03SC
B0203SC,15,281,District - Mamit,Total,Graduate and above other than technical degree,Marginal workers_Total_Females,0.0,DDW-1500B-03SC.xlsx,03SC
B0203SC,15,281,District - Mamit,Total,Technical degree or diploma equal to degree or post-graduate degree,Marginal workers_Total_Females,0.0,DDW-1500B-03SC.xlsx,03SC
B0203SC,15,281,District - Mamit,Rural,Total,Marginal workers_Total_Females,1.0,DDW-1500B-03SC.xlsx,03SC
B0203SC,15,281,District - Mamit,Rural,Illiterate,Marginal workers_Total_Females,1.0,DDW-1500B-03SC.xlsx,03SC
B0203SC,15,281,District - Mamit,Rural,Literate,Marginal workers_Total_Females,0.0,DDW-1500B-03SC.xlsx,03SC
B0203SC,15,281,District - Mamit,Rural,Literate but below matric/secondary,Marginal workers_Total_Females,0.0,DDW-1500B-03SC.xlsx,03SC
B0203SC,15,281,District - Mamit,Rural,Matric/secondary but below graduate,Marginal workers_Total_Females,0.0,DDW-1500B-03SC.xlsx,03SC
B0203SC,15,281,District - Mamit,Rural,Technical diploma or certificate not equal to degree,Marginal workers_Total_Females,0.0,DDW-1500B-03SC.xlsx,03SC
B0203SC,15,281,District - Mamit,Rural,Graduate and above other than technical degree,Marginal workers_Total_Females,0.0,DDW-1500B-03SC.xlsx,03SC
B0203SC,15,281,District - Mamit,Rural,Technical degree or diploma equal to degree or post-graduate degree,Marginal workers_Total_Females,0.0,DDW-1500B-03SC.xlsx,03SC
B0203SC,15,281,District - Mamit,Urban,Total,Marginal workers_Total_Females,0.0,DDW-1500B-03SC.xlsx,03SC
B0203SC,15,281,District - Mamit,Urban,Illiterate,Marginal workers_Total_Females,0.0,DDW-1500B-03SC.xlsx,03SC
B0203SC,15,281,District - Mamit,Urban,Literate,Marginal workers_Total_Females,0.0,DDW-1500B-03SC.xlsx,03SC
B0203SC,15,281,District - Mamit,Urban,Literate but below matric/secondary,Marginal workers_Total_Females,0.0,DDW-1500B-03SC.xlsx,03SC
B0203SC,15,281,District - Mamit,Urban,Matric/secondary but below graduate,Marginal workers_Total_Females,0.0,DDW-1500B-03SC.xlsx,03SC
B0203SC,15,281,District - Mamit,Urban,Technical diploma or certificate not equal to degree,Marginal workers_Total_Females,0.0,DDW-1500B-03SC.xlsx,03SC
B0203SC,15,281,District - Mamit,Urban,Graduate and above other than technical degree,Marginal workers_Total_Females,0.0,DDW-1500B-03SC.xlsx,03SC
B0203SC,15,281,District - Mamit,Urban,Technical degree or diploma equal to degree or post-graduate degree,Marginal workers_Total_Females,0.0,DDW-1500B-03SC.xlsx,03SC
B0203SC,15,282,District - Kolasib,Total,Total,Marginal workers_Total_Females,3.0,DDW-1500B-03SC.xlsx,03SC
B0203SC,15,282,District - Kolasib,Total,Illiterate,Marginal workers_Total_Females,1.0,DDW-1500B-03SC.xlsx,03SC
B0203SC,15,282,District - Kolasib,Total,Literate,Marginal workers_Total_Females,2.0,DDW-1500B-03SC.xlsx,03SC
B0203SC,15,282,District - Kolasib,Total,Literate but below matric/secondary,Marginal workers_Total_Females,2.0,DDW-1500B-03SC.xlsx,03SC
B0203SC,15,282,District - Kolasib,Total,Matric/secondary but below graduate,Marginal workers_Total_Females,0.0,DDW-1500B-03SC.xlsx,03SC
B0203SC,15,282,District - Kolasib,Total,Technical diploma or certificate not equal to degree,Marginal workers_Total_Females,0.0,DDW-1500B-03SC.xlsx,03SC
B0203SC,15,282,District - Kolasib,Total,Graduate and above other than technical degree,Marginal workers_Total_Females,0.0,DDW-1500B-03SC.xlsx,03SC
B0203SC,15,282,District - Kolasib,Total,Technical degree or diploma equal to degree or post-graduate degree,Marginal workers_Total_Females,0.0,DDW-1500B-03SC.xlsx,03SC
B0203SC,15,282,District - Kolasib,Rural,Total,Marginal workers_Total_Females,1.0,DDW-1500B-03SC.xlsx,03SC
B0203SC,15,282,District - Kolasib,Rural,Illiterate,Marginal workers_Total_Females,0.0,DDW-1500B-03SC.xlsx,03SC
B0203SC,15,282,District - Kolasib,Rural,Literate,Marginal workers_Total_Females,1.0,DDW-1500B-03SC.xlsx,03SC
B0203SC,15,282,District - Kolasib,Rural,Literate but below matric/secondary,Marginal workers_Total_Females,1.0,DDW-1500B-03SC.xlsx,03SC
B0203SC,15,282,District - Kolasib,Rural,Matric/secondary but below graduate,Marginal workers_Total_Females,0.0,DDW-1500B-03SC.xlsx,03SC
B0203SC,15,282,District - Kolasib,Rural,Technical diploma or certificate not equal to degree,Marginal workers_Total_Females,0.0,DDW-1500B-03SC.xlsx,03SC
B0203SC,15,282,District - Kolasib,Rural,Graduate and above other than technical degree,Marginal workers_Total_Females,0.0,DDW-1500B-03SC.xlsx,03SC
B0203SC,15,282,District - Kolasib,Rural,Technical degree or diploma equal to degree or post-graduate degree,Marginal workers_Total_Females,0.0,DDW-1500B-03SC.xlsx,03SC
B0203SC,15,282,District - Kolasib,Urban,Total,Marginal workers_Total_Females,2.0,DDW-1500B-03SC.xlsx,03SC
B0203SC,15,282,District - Kolasib,Urban,Illiterate,Marginal workers_Total_Females,1.0,DDW-1500B-03SC.xlsx,03SC
B0203SC,15,282,District - Kolasib,Urban,Literate,Marginal workers_Total_Females,1.0,DDW-1500B-03SC.xlsx,03SC
B0203SC,15,282,District - Kolasib,Urban,Literate but below matric/secondary,Marginal workers_Total_Females,1.0,DDW-1500B-03SC.xlsx,03SC
B0203SC,15,282,District - Kolasib,Urban,Matric/secondary but below graduate,Marginal workers_Total_Females,0.0,DDW-1500B-03SC.xlsx,03SC
B0203SC,15,282,District - Kolasib,Urban,Technical diploma or certificate not equal to degree,Marginal workers_Total_Females,0.0,DDW-1500B-03SC.xlsx,03SC
B0203SC,15,282,District - Kolasib,Urban,Graduate and above other than technical degree,Marginal workers_Total_Females,0.0,DDW-1500B-03SC.xlsx,03SC
B0203SC,15,282,District - Kolasib,Urban,Technical degree or diploma equal to degree or post-graduate degree,Marginal workers_Total_Females,0.0,DDW-1500B-03SC.xlsx,03SC
B0203SC,15,283,District - Aizawl,Total,Total,Marginal workers_Total_Females,10.0,DDW-1500B-03SC.xlsx,03SC
B0203SC,15,283,District - Aizawl,Total,Illiterate,Marginal workers_Total_Females,1.0,DDW-1500B-03SC.xlsx,03SC
B0203SC,15,283,District - Aizawl,Total,Literate,Marginal workers_Total_Females,9.0,DDW-1500B-03SC.xlsx,03SC
B0203SC,15,283,District - Aizawl,Total,Literate but below matric/secondary,Marginal workers_Total_Females,6.0,DDW-1500B-03SC.xlsx,03SC
B0203SC,15,283,District - Aizawl,Total,Matric/secondary but below graduate,Marginal workers_Total_Females,3.0,DDW-1500B-03SC.xlsx,03SC
B0203SC,15,283,District - Aizawl,Total,Technical diploma or certificate not equal to degree,Marginal workers_Total_Females,0.0,DDW-1500B-03SC.xlsx,03SC
B0203SC,15,283,District - Aizawl,Total,Graduate and above other than technical degree,Marginal workers_Total_Females,0.0,DDW-1500B-03SC.xlsx,03SC
B0203SC,15,283,District - Aizawl,Total,Technical degree or diploma equal to degree or post-graduate degree,Marginal workers_Total_Females,0.0,DDW-1500B-03SC.xlsx,03SC
B0203SC,15,283,District - Aizawl,Rural,Total,Marginal workers_Total_Females,0.0,DDW-1500B-03SC.xlsx,03SC
B0203SC,15,283,District - Aizawl,Rural,Illiterate,Marginal workers_Total_Females,0.0,DDW-1500B-03SC.xlsx,03SC
B0203SC,15,283,District - Aizawl,Rural,Literate,Marginal workers_Total_Females,0.0,DDW-1500B-03SC.xlsx,03SC
B0203SC,15,283,District - Aizawl,Rural,Literate but below matric/secondary,Marginal workers_Total_Females,0.0,DDW-1500B-03SC.xlsx,03SC
B0203SC,15,283,District - Aizawl,Rural,Matric/secondary but below graduate,Marginal workers_Total_Females,0.0,DDW-1500B-03SC.xlsx,03SC
B0203SC,15,283,District - Aizawl,Rural,Technical diploma or certificate not equal to degree,Marginal workers_Total_Females,0.0,DDW-1500B-03SC.xlsx,03SC
B0203SC,15,283,District - Aizawl,Rural,Graduate and above other than technical degree,Marginal workers_Total_Females,0.0,DDW-1500B-03SC.xlsx,03SC
B0203SC,15,283,District - Aizawl,Rural,Technical degree or diploma equal to degree or post-graduate degree,Marginal workers_Total_Females,0.0,DDW-1500B-03SC.xlsx,03SC
B0203SC,15,283,District - Aizawl,Urban,Total,Marginal workers_Total_Females,10.0,DDW-1500B-03SC.xlsx,03SC
B0203SC,15,283,District - Aizawl,Urban,Illiterate,Marginal workers_Total_Females,1.0,DDW-1500B-03SC.xlsx,03SC
B0203SC,15,283,District - Aizawl,Urban,Literate,Marginal workers_Total_Females,9.0,DDW-1500B-03SC.xlsx,03SC
B0203SC,15,283,District - Aizawl,Urban,Literate but below matric/secondary,Marginal workers_Total_Females,6.0,DDW-1500B-03SC.xlsx,03SC
B0203SC,15,283,District - Aizawl,Urban,Matric/secondary but below graduate,Marginal workers_Total_Females,3.0,DDW-1500B-03SC.xlsx,03SC
B0203SC,15,283,District - Aizawl,Urban,Technical diploma or certificate not equal to degree,Marginal workers_Total_Females,0.0,DDW-1500B-03SC.xlsx,03SC
B0203SC,15,283,District - Aizawl,Urban,Graduate and above other than technical degree,Marginal workers_Total_Females,0.0,DDW-1500B-03SC.xlsx,03SC
B0203SC,15,283,District - Aizawl,Urban,Technical degree or diploma equal to degree or post-graduate degree,Marginal workers_Total_Females,0.0,DDW-1500B-03SC.xlsx,03SC
B0203SC,15,284,District - Champhai,Total,Total,Marginal workers_Total_Females,0.0,DDW-1500B-03SC.xlsx,03SC
B0203SC,15,284,District - Champhai,Total,Illiterate,Marginal workers_Total_Females,0.0,DDW-1500B-03SC.xlsx,03SC
B0203SC,15,284,District - Champhai,Total,Literate,Marginal workers_Total_Females,0.0,DDW-1500B-03SC.xlsx,03SC
B0203SC,15,284,District - Champhai,Total,Literate but below matric/secondary,Marginal workers_Total_Females,0.0,DDW-1500B-03SC.xlsx,03SC
B0203SC,15,284,District - Champhai,Total,Matric/secondary but below graduate,Marginal workers_Total_Females,0.0,DDW-1500B-03SC.xlsx,03SC
B0203SC,15,284,District - Champhai,Total,Technical diploma or certificate not equal to degree,Marginal workers_Total_Females,0.0,DDW-1500B-03SC.xlsx,03SC
B0203SC,15,284,District - Champhai,Total,Graduate and above other than technical degree,Marginal workers_Total_Females,0.0,DDW-1500B-03SC.xlsx,03SC
B0203SC,15,284,District - Champhai,Total,Technical degree or diploma equal to degree or post-graduate degree,Marginal workers_Total_Females,0.0,DDW-1500B-03SC.xlsx,03SC
B0203SC,15,284,District - Champhai,Rural,Total,Marginal workers_Total_Females,0.0,DDW-1500B-03SC.xlsx,03SC
B0203SC,15,284,District - Champhai,Rural,Illiterate,Marginal workers_Total_Females,0.0,DDW-1500B-03SC.xlsx,03SC
B0203SC,15,284,District - Champhai,Rural,Literate,Marginal workers_Total_Females,0.0,DDW-1500B-03SC.xlsx,03SC
B0203SC,15,284,District - Champhai,Rural,Literate but below matric/secondary,Marginal workers_Total_Females,0.0,DDW-1500B-03SC.xlsx,03SC
B0203SC,15,284,District - Champhai,Rural,Matric/secondary but below graduate,Marginal workers_Total_Females,0.0,DDW-1500B-03SC.xlsx,03SC
B0203SC,15,284,District - Champhai,Rural,Technical diploma or certificate not equal to degree,Marginal workers_Total_Females,0.0,DDW-1500B-03SC.xlsx,03SC
B0203SC,15,284,District - Champhai,Rural,Graduate and above other than technical degree,Marginal workers_Total_Females,0.0,DDW-1500B-03SC.xlsx,03SC
B0203SC,15,284,District - Champhai,Rural,Technical degree or diploma equal to degree or post-graduate degree,Marginal workers_Total_Females,0.0,DDW-1500B-03SC.xlsx,03SC
B0203SC,15,284,District - Champhai,Urban,Total,Marginal workers_Total_Females,0.0,DDW-1500B-03SC.xlsx,03SC
B0203SC,15,284,District - Champhai,Urban,Illiterate,Marginal workers_Total_Females,0.0,DDW-1500B-03SC.xlsx,03SC
B0203SC,15,284,District - Champhai,Urban,Literate,Marginal workers_Total_Females,0.0,DDW-1500B-03SC.xlsx,03SC
B0203SC,15,284,District - Champhai,Urban,Literate but below matric/secondary,Marginal workers_Total_Females,0.0,DDW-1500B-03SC.xlsx,03SC
B0203SC,15,284,District - Champhai,Urban,Matric/secondary but below graduate,Marginal workers_Total_Females,0.0,DDW-1500B-03SC.xlsx,03SC
B0203SC,15,284,District - Champhai,Urban,Technical diploma or certificate not equal to degree,Marginal workers_Total_Females,0.0,DDW-1500B-03SC.xlsx,03SC
B0203SC,15,284,District - Champhai,Urban,Graduate and above other than technical degree,Marginal workers_Total_Females,0.0,DDW-1500B-03SC.xlsx,03SC
B0203SC,15,284,District - Champhai,Urban,Technical degree or diploma equal to degree or post-graduate degree,Marginal workers_Total_Females,0.0,DDW-1500B-03SC.xlsx,03SC
B0203SC,15,285,District - Serchhip,Total,Total,Marginal workers_Total_Females,2.0,DDW-1500B-03SC.xlsx,03SC
B0203SC,15,285,District - Serchhip,Total,Illiterate,Marginal workers_Total_Females,0.0,DDW-1500B-03SC.xlsx,03SC
B0203SC,15,285,District - Serchhip,Total,Literate,Marginal workers_Total_Females,2.0,DDW-1500B-03SC.xlsx,03SC
B0203SC,15,285,District - Serchhip,Total,Literate but below matric/secondary,Marginal workers_Total_Females,2.0,DDW-1500B-03SC.xlsx,03SC
B0203SC,15,285,District - Serchhip,Total,Matric/secondary but below graduate,Marginal workers_Total_Females,0.0,DDW-1500B-03SC.xlsx,03SC
B0203SC,15,285,District - Serchhip,Total,Technical diploma or certificate not equal to degree,Marginal workers_Total_Females,0.0,DDW-1500B-03SC.xlsx,03SC
B0203SC,15,285,District - Serchhip,Total,Graduate and above other than technical degree,Marginal workers_Total_Females,0.0,DDW-1500B-03SC.xlsx,03SC
B0203SC,15,285,District - Serchhip,Total,Technical degree or diploma equal to degree or post-graduate degree,Marginal workers_Total_Females,0.0,DDW-1500B-03SC.xlsx,03SC
B0203SC,15,285,District - Serchhip,Rural,Total,Marginal workers_Total_Females,2.0,DDW-1500B-03SC.xlsx,03SC
B0203SC,15,285,District - Serchhip,Rural,Illiterate,Marginal workers_Total_Females,0.0,DDW-1500B-03SC.xlsx,03SC
B0203SC,15,285,District - Serchhip,Rural,Literate,Marginal workers_Total_Females,2.0,DDW-1500B-03SC.xlsx,03SC
B0203SC,15,285,District - Serchhip,Rural,Literate but below matric/secondary,Marginal workers_Total_Females,2.0,DDW-1500B-03SC.xlsx,03SC
B0203SC,15,285,District - Serchhip,Rural,Matric/secondary but below graduate,Marginal workers_Total_Females,0.0,DDW-1500B-03SC.xlsx,03SC
B0203SC,15,285,District - Serchhip,Rural,Technical diploma or certificate not equal to degree,Marginal workers_Total_Females,0.0,DDW-1500B-03SC.xlsx,03SC
B0203SC,15,285,District - Serchhip,Rural,Graduate and above other than technical degree,Marginal workers_Total_Females,0.0,DDW-1500B-03SC.xlsx,03SC
B0203SC,15,285,District - Serchhip,Rural,Technical degree or diploma equal to degree or post-graduate degree,Marginal workers_Total_Females,0.0,DDW-1500B-03SC.xlsx,03SC
B0203SC,15,285,District - Serchhip,Urban,Total,Marginal workers_Total_Females,0.0,DDW-1500B-03SC.xlsx,03SC
B0203SC,15,285,District - Serchhip,Urban,Illiterate,Marginal workers_Total_Females,0.0,DDW-1500B-03SC.xlsx,03SC
B0203SC,15,285,District - Serchhip,Urban,Literate,Marginal workers_Total_Females,0.0,DDW-1500B-03SC.xlsx,03SC
B0203SC,15,285,District - Serchhip,Urban,Literate but below matric/secondary,Marginal workers_Total_Females,0.0,DDW-1500B-03SC.xlsx,03SC
B0203SC,15,285,District - Serchhip,Urban,Matric/secondary but below graduate,Marginal workers_Total_Females,0.0,DDW-1500B-03SC.xlsx,03SC
B0203SC,15,285,District - Serchhip,Urban,Technical diploma or certificate not equal to degree,Marginal workers_Total_Females,0.0,DDW-1500B-03SC.xlsx,03SC
B0203SC,15,285,District - Serchhip,Urban,Graduate and above other than technical degree,Marginal workers_Total_Females,0.0,DDW-1500B-03SC.xlsx,03SC
B0203SC,15,285,District - Serchhip,Urban,Technical degree or diploma equal to degree or post-graduate degree,Marginal workers_Total_Females,0.0,DDW-1500B-03SC.xlsx,03SC
B0203SC,15,286,District - Lunglei,Total,Total,Marginal workers_Total_Females,1.0,DDW-1500B-03SC.xlsx,03SC
B0203SC,15,286,District - Lunglei,Total,Illiterate,Marginal workers_Total_Females,0.0,DDW-1500B-03SC.xlsx,03SC
B0203SC,15,286,District - Lunglei,Total,Literate,Marginal workers_Total_Females,1.0,DDW-1500B-03SC.xlsx,03SC
B0203SC,15,286,District - Lunglei,Total,Literate but below matric/secondary,Marginal workers_Total_Females,1.0,DDW-1500B-03SC.xlsx,03SC
B0203SC,15,286,District - Lunglei,Total,Matric/secondary but below graduate,Marginal workers_Total_Females,0.0,DDW-1500B-03SC.xlsx,03SC
B0203SC,15,286,District - Lunglei,Total,Technical diploma or certificate not equal to degree,Marginal workers_Total_Females,0.0,DDW-1500B-03SC.xlsx,03SC
B0203SC,15,286,District - Lunglei,Total,Graduate and above other than technical degree,Marginal workers_Total_Females,0.0,DDW-1500B-03SC.xlsx,03SC
B0203SC,15,286,District - Lunglei,Total,Technical degree or diploma equal to degree or post-graduate degree,Marginal workers_Total_Females,0.0,DDW-1500B-03SC.xlsx,03SC
B0203SC,15,286,District - Lunglei,Rural,Total,Marginal workers_Total_Females,0.0,DDW-1500B-03SC.xlsx,03SC
B0203SC,15,286,District - Lunglei,Rural,Illiterate,Marginal workers_Total_Females,0.0,DDW-1500B-03SC.xlsx,03SC
B0203SC,15,286,District - Lunglei,Rural,Literate,Marginal workers_Total_Females,0.0,DDW-1500B-03SC.xlsx,03SC
B0203SC,15,286,District - Lunglei,Rural,Literate but below matric/secondary,Marginal workers_Total_Females,0.0,DDW-1500B-03SC.xlsx,03SC
B0203SC,15,286,District - Lunglei,Rural,Matric/secondary but below graduate,Marginal workers_Total_Females,0.0,DDW-1500B-03SC.xlsx,03SC
B0203SC,15,286,District - Lunglei,Rural,Technical diploma or certificate not equal to degree,Marginal workers_Total_Females,0.0,DDW-1500B-03SC.xlsx,03SC
B0203SC,15,286,District - Lunglei,Rural,Graduate and above other than technical degree,Marginal workers_Total_Females,0.0,DDW-1500B-03SC.xlsx,03SC
B0203SC,15,286,District - Lunglei,Rural,Technical degree or diploma equal to degree or post-graduate degree,Marginal workers_Total_Females,0.0,DDW-1500B-03SC.xlsx,03SC
B0203SC,15,286,District - Lunglei,Urban,Total,Marginal workers_Total_Females,1.0,DDW-1500B-03SC.xlsx,03SC
B0203SC,15,286,District - Lunglei,Urban,Illiterate,Marginal workers_Total_Females,0.0,DDW-1500B-03SC.xlsx,03SC
B0203SC,15,286,District - Lunglei,Urban,Literate,Marginal workers_Total_Females,1.0,DDW-1500B-03SC.xlsx,03SC
B0203SC,15,286,District - Lunglei,Urban,Literate but below matric/secondary,Marginal workers_Total_Females,1.0,DDW-1500B-03SC.xlsx,03SC
B0203SC,15,286,District - Lunglei,Urban,Matric/secondary but below graduate,Marginal workers_Total_Females,0.0,DDW-1500B-03SC.xlsx,03SC
B0203SC,15,286,District - Lunglei,Urban,Technical diploma or certificate not equal to degree,Marginal workers_Total_Females,0.0,DDW-1500B-03SC.xlsx,03SC
B0203SC,15,286,District - Lunglei,Urban,Graduate and above other than technical degree,Marginal workers_Total_Females,0.0,DDW-1500B-03SC.xlsx,03SC
B0203SC,15,286,District - Lunglei,Urban,Technical degree or diploma equal to degree or post-graduate degree,Marginal workers_Total_Females,0.0,DDW-1500B-03SC.xlsx,03SC
B0203SC,15,287,District - Lawngtlai,Total,Total,Marginal workers_Total_Females,3.0,DDW-1500B-03SC.xlsx,03SC
B0203SC,15,287,District - Lawngtlai,Total,Illiterate,Marginal workers_Total_Females,1.0,DDW-1500B-03SC.xlsx,03SC
B0203SC,15,287,District - Lawngtlai,Total,Literate,Marginal workers_Total_Females,2.0,DDW-1500B-03SC.xlsx,03SC
B0203SC,15,287,District - Lawngtlai,Total,Literate but below matric/secondary,Marginal workers_Total_Females,1.0,DDW-1500B-03SC.xlsx,03SC
B0203SC,15,287,District - Lawngtlai,Total,Matric/secondary but below graduate,Marginal workers_Total_Females,1.0,DDW-1500B-03SC.xlsx,03SC
B0203SC,15,287,District - Lawngtlai,Total,Technical diploma or certificate not equal to degree,Marginal workers_Total_Females,0.0,DDW-1500B-03SC.xlsx,03SC
B0203SC,15,287,District - Lawngtlai,Total,Graduate and above other than technical degree,Marginal workers_Total_Females,0.0,DDW-1500B-03SC.xlsx,03SC
B0203SC,15,287,District - Lawngtlai,Total,Technical degree or diploma equal to degree or post-graduate degree,Marginal workers_Total_Females,0.0,DDW-1500B-03SC.xlsx,03SC
B0203SC,15,287,District - Lawngtlai,Rural,Total,Marginal workers_Total_Females,1.0,DDW-1500B-03SC.xlsx,03SC
B0203SC,15,287,District - Lawngtlai,Rural,Illiterate,Marginal workers_Total_Females,1.0,DDW-1500B-03SC.xlsx,03SC
B0203SC,15,287,District - Lawngtlai,Rural,Literate,Marginal workers_Total_Females,0.0,DDW-1500B-03SC.xlsx,03SC
B0203SC,15,287,District - Lawngtlai,Rural,Literate but below matric/secondary,Marginal workers_Total_Females,0.0,DDW-1500B-03SC.xlsx,03SC
B0203SC,15,287,District - Lawngtlai,Rural,Matric/secondary but below graduate,Marginal workers_Total_Females,0.0,DDW-1500B-03SC.xlsx,03SC
B0203SC,15,287,District - Lawngtlai,Rural,Technical diploma or certificate not equal to degree,Marginal workers_Total_Females,0.0,DDW-1500B-03SC.xlsx,03SC
B0203SC,15,287,District - Lawngtlai,Rural,Graduate and above other than technical degree,Marginal workers_Total_Females,0.0,DDW-1500B-03SC.xlsx,03SC
B0203SC,15,287,District - Lawngtlai,Rural,Technical degree or diploma equal to degree or post-graduate degree,Marginal workers_Total_Females,0.0,DDW-1500B-03SC.xlsx,03SC
B0203SC,15,287,District - Lawngtlai,Urban,Total,Marginal workers_Total_Females,2.0,DDW-1500B-03SC.xlsx,03SC
B0203SC,15,287,District - Lawngtlai,Urban,Illiterate,Marginal workers_Total_Females,0.0,DDW-1500B-03SC.xlsx,03SC
B0203SC,15,287,District - Lawngtlai,Urban,Literate,Marginal workers_Total_Females,2.0,DDW-1500B-03SC.xlsx,03SC
B0203SC,15,287,District - Lawngtlai,Urban,Literate but below matric/secondary,Marginal workers_Total_Females,1.0,DDW-1500B-03SC.xlsx,03SC
B0203SC,15,287,District - Lawngtlai,Urban,Matric/secondary but below graduate,Marginal workers_Total_Females,1.0,DDW-1500B-03SC.xlsx,03SC
B0203SC,15,287,District - Lawngtlai,Urban,Technical diploma or certificate not equal to degree,Marginal workers_Total_Females,0.0,DDW-1500B-03SC.xlsx,03SC
B0203SC,15,287,District - Lawngtlai,Urban,Graduate and above other than technical degree,Marginal workers_Total_Females,0.0,DDW-1500B-03SC.xlsx,03SC
B0203SC,15,287,District - Lawngtlai,Urban,Technical degree or diploma equal to degree or post-graduate degree,Marginal workers_Total_Females,0.0,DDW-1500B-03SC.xlsx,03SC
B0203SC,15,288,District - Saiha,Total,Total,Marginal workers_Total_Females,2.0,DDW-1500B-03SC.xlsx,03SC
B0203SC,15,288,District - Saiha,Total,Illiterate,Marginal workers_Total_Females,0.0,DDW-1500B-03SC.xlsx,03SC
B0203SC,15,288,District - Saiha,Total,Literate,Marginal workers_Total_Females,2.0,DDW-1500B-03SC.xlsx,03SC
B0203SC,15,288,District - Saiha,Total,Literate but below matric/secondary,Marginal workers_Total_Females,1.0,DDW-1500B-03SC.xlsx,03SC
B0203SC,15,288,District - Saiha,Total,Matric/secondary but below graduate,Marginal workers_Total_Females,1.0,DDW-1500B-03SC.xlsx,03SC
B0203SC,15,288,District - Saiha,Total,Technical diploma or certificate not equal to degree,Marginal workers_Total_Females,0.0,DDW-1500B-03SC.xlsx,03SC
B0203SC,15,288,District - Saiha,Total,Graduate and above other than technical degree,Marginal workers_Total_Females,0.0,DDW-1500B-03SC.xlsx,03SC
B0203SC,15,288,District - Saiha,Total,Technical degree or diploma equal to degree or post-graduate degree,Marginal workers_Total_Females,0.0,DDW-1500B-03SC.xlsx,03SC
B0203SC,15,288,District - Saiha,Rural,Total,Marginal workers_Total_Females,1.0,DDW-1500B-03SC.xlsx,03SC
B0203SC,15,288,District - Saiha,Rural,Illiterate,Marginal workers_Total_Females,0.0,DDW-1500B-03SC.xlsx,03SC
B0203SC,15,288,District - Saiha,Rural,Literate,Marginal workers_Total_Females,1.0,DDW-1500B-03SC.xlsx,03SC
B0203SC,15,288,District - Saiha,Rural,Literate but below matric/secondary,Marginal workers_Total_Females,0.0,DDW-1500B-03SC.xlsx,03SC
B0203SC,15,288,District - Saiha,Rural,Matric/secondary but below graduate,Marginal workers_Total_Females,1.0,DDW-1500B-03SC.xlsx,03SC
B0203SC,15,288,District - Saiha,Rural,Technical diploma or certificate not equal to degree,Marginal workers_Total_Females,0.0,DDW-1500B-03SC.xlsx,03SC
B0203SC,15,288,District - Saiha,Rural,Graduate and above other than technical degree,Marginal workers_Total_Females,0.0,DDW-1500B-03SC.xlsx,03SC
B0203SC,15,288,District - Saiha,Rural,Technical degree or diploma equal to degree or post-graduate degree,Marginal workers_Total_Females,0.0,DDW-1500B-03SC.xlsx,03SC
B0203SC,15,288,District - Saiha,Urban,Total,Marginal workers_Total_Females,1.0,DDW-1500B-03SC.xlsx,03SC
B0203SC,15,288,District - Saiha,Urban,Illiterate,Marginal workers_Total_Females,0.0,DDW-1500B-03SC.xlsx,03SC
B0203SC,15,288,District - Saiha,Urban,Literate,Marginal workers_Total_Females,1.0,DDW-1500B-03SC.xlsx,03SC
B0203SC,15,288,District - Saiha,Urban,Literate but below matric/secondary,Marginal workers_Total_Females,1.0,DDW-1500B-03SC.xlsx,03SC
B0203SC,15,288,District - Saiha,Urban,Matric/secondary but below graduate,Marginal workers_Total_Females,0.0,DDW-1500B-03SC.xlsx,03SC
B0203SC,15,288,District - Saiha,Urban,Technical diploma or certificate not equal to degree,Marginal workers_Total_Females,0.0,DDW-1500B-03SC.xlsx,03SC
B0203SC,15,288,District - Saiha,Urban,Graduate and above other than technical degree,Marginal workers_Total_Females,0.0,DDW-1500B-03SC.xlsx,03SC
B0203SC,15,288,District - Saiha,Urban,Technical degree or diploma equal to degree or post-graduate degree,Marginal workers_Total_Females,0.0,DDW-1500B-03SC.xlsx,03SC
B0203SC,15,000,State - MIZORAM,Total,Total,Marginal workers_Seeking/available for work_Persons,17.0,DDW-1500B-03SC.xlsx,03SC
B0203SC,15,000,State - MIZORAM,Total,Illiterate,Marginal workers_Seeking/available for work_Persons,2.0,DDW-1500B-03SC.xlsx,03SC
B0203SC,15,000,State - MIZORAM,Total,Literate,Marginal workers_Seeking/available for work_Persons,15.0,DDW-1500B-03SC.xlsx,03SC
B0203SC,15,000,State - MIZORAM,Total,Literate but below matric/secondary,Marginal workers_Seeking/available for work_Persons,7.0,DDW-1500B-03SC.xlsx,03SC
B0203SC,15,000,State - MIZORAM,Total,Matric/secondary but below graduate,Marginal workers_Seeking/available for work_Persons,7.0,DDW-1500B-03SC.xlsx,03SC
B0203SC,15,000,State - MIZORAM,Total,Technical diploma or certificate not equal to degree,Marginal workers_Seeking/available for work_Persons,0.0,DDW-1500B-03SC.xlsx,03SC
B0203SC,15,000,State - MIZORAM,Total,Graduate and above other than technical degree,Marginal workers_Seeking/available for work_Persons,1.0,DDW-1500B-03SC.xlsx,03SC
B0203SC,15,000,State - MIZORAM,Total,Technical degree or diploma equal to degree or post-graduate degree,Marginal workers_Seeking/available for work_Persons,0.0,DDW-1500B-03SC.xlsx,03SC
B0203SC,15,000,State - MIZORAM,Rural,Total,Marginal workers_Seeking/available for work_Persons,2.0,DDW-1500B-03SC.xlsx,03SC
B0203SC,15,000,State - MIZORAM,Rural,Illiterate,Marginal workers_Seeking/available for work_Persons,1.0,DDW-1500B-03SC.xlsx,03SC
B0203SC,15,000,State - MIZORAM,Rural,Literate,Marginal workers_Seeking/available for work_Persons,1.0,DDW-1500B-03SC.xlsx,03SC
B0203SC,15,000,State - MIZORAM,Rural,Literate but below matric/secondary,Marginal workers_Seeking/available for work_Persons,0.0,DDW-1500B-03SC.xlsx,03SC
B0203SC,15,000,State - MIZORAM,Rural,Matric/secondary but below graduate,Marginal workers_Seeking/available for work_Persons,1.0,DDW-1500B-03SC.xlsx,03SC
B0203SC,15,000,State - MIZORAM,Rural,Technical diploma or certificate not equal to degree,Marginal workers_Seeking/available for work_Persons,0.0,DDW-1500B-03SC.xlsx,03SC
B0203SC,15,000,State - MIZORAM,Rural,Graduate and above other than technical degree,Marginal workers_Seeking/available for work_Persons,0.0,DDW-1500B-03SC.xlsx,03SC
B0203SC,15,000,State - MIZORAM,Rural,Technical degree or diploma equal to degree or post-graduate degree,Marginal workers_Seeking/available for work_Persons,0.0,DDW-1500B-03SC.xlsx,03SC
B0203SC,15,000,State - MIZORAM,Urban,Total,Marginal workers_Seeking/available for work_Persons,15.0,DDW-1500B-03SC.xlsx,03SC
B0203SC,15,000,State - MIZORAM,Urban,Illiterate,Marginal workers_Seeking/available for work_Persons,1.0,DDW-1500B-03SC.xlsx,03SC
B0203SC,15,000,State - MIZORAM,Urban,Literate,Marginal workers_Seeking/available for work_Persons,14.0,DDW-1500B-03SC.xlsx,03SC
B0203SC,15,000,State - MIZORAM,Urban,Literate but below matric/secondary,Marginal workers_Seeking/available for work_Persons,7.0,DDW-1500B-03SC.xlsx,03SC
B0203SC,15,000,State - MIZORAM,Urban,Matric/secondary but below graduate,Marginal workers_Seeking/available for work_Persons,6.0,DDW-1500B-03SC.xlsx,03SC
B0203SC,15,000,State - MIZORAM,Urban,Technical diploma or certificate not equal to degree,Marginal workers_Seeking/available for work_Persons,0.0,DDW-1500B-03SC.xlsx,03SC
B0203SC,15,000,State - MIZORAM,Urban,Graduate and above other than technical degree,Marginal workers_Seeking/available for work_Persons,1.0,DDW-1500B-03SC.xlsx,03SC
B0203SC,15,000,State - MIZORAM,Urban,Technical degree or diploma equal to degree or post-graduate degree,Marginal workers_Seeking/available for work_Persons,0.0,DDW-1500B-03SC.xlsx,03SC
B0203SC,15,281,District - Mamit,Total,Total,Marginal workers_Seeking/available for work_Persons,0.0,DDW-1500B-03SC.xlsx,03SC
B0203SC,15,281,District - Mamit,Total,Illiterate,Marginal workers_Seeking/available for work_Persons,0.0,DDW-1500B-03SC.xlsx,03SC
B0203SC,15,281,District - Mamit,Total,Literate,Marginal workers_Seeking/available for work_Persons,0.0,DDW-1500B-03SC.xlsx,03SC
B0203SC,15,281,District - Mamit,Total,Literate but below matric/secondary,Marginal workers_Seeking/available for work_Persons,0.0,DDW-1500B-03SC.xlsx,03SC
B0203SC,15,281,District - Mamit,Total,Matric/secondary but below graduate,Marginal workers_Seeking/available for work_Persons,0.0,DDW-1500B-03SC.xlsx,03SC
B0203SC,15,281,District - Mamit,Total,Technical diploma or certificate not equal to degree,Marginal workers_Seeking/available for work_Persons,0.0,DDW-1500B-03SC.xlsx,03SC
B0203SC,15,281,District - Mamit,Total,Graduate and above other than technical degree,Marginal workers_Seeking/available for work_Persons,0.0,DDW-1500B-03SC.xlsx,03SC
B0203SC,15,281,District - Mamit,Total,Technical degree or diploma equal to degree or post-graduate degree,Marginal workers_Seeking/available for work_Persons,0.0,DDW-1500B-03SC.xlsx,03SC
B0203SC,15,281,District - Mamit,Rural,Total,Marginal workers_Seeking/available for work_Persons,0.0,DDW-1500B-03SC.xlsx,03SC
B0203SC,15,281,District - Mamit,Rural,Illiterate,Marginal workers_Seeking/available for work_Persons,0.0,DDW-1500B-03SC.xlsx,03SC
B0203SC,15,281,District - Mamit,Rural,Literate,Marginal workers_Seeking/available for work_Persons,0.0,DDW-1500B-03SC.xlsx,03SC
B0203SC,15,281,District - Mamit,Rural,Literate but below matric/secondary,Marginal workers_Seeking/available for work_Persons,0.0,DDW-1500B-03SC.xlsx,03SC
B0203SC,15,281,District - Mamit,Rural,Matric/secondary but below graduate,Marginal workers_Seeking/available for work_Persons,0.0,DDW-1500B-03SC.xlsx,03SC
B0203SC,15,281,District - Mamit,Rural,Technical diploma or certificate not equal to degree,Marginal workers_Seeking/available for work_Persons,0.0,DDW-1500B-03SC.xlsx,03SC
B0203SC,15,281,District - Mamit,Rural,Graduate and above other than technical degree,Marginal workers_Seeking/available for work_Persons,0.0,DDW-1500B-03SC.xlsx,03SC
B0203SC,15,281,District - Mamit,Rural,Technical degree or diploma equal to degree or post-graduate degree,Marginal workers_Seeking/available for work_Persons,0.0,DDW-1500B-03SC.xlsx,03SC
B0203SC,15,281,District - Mamit,Urban,Total,Marginal workers_Seeking/available for work_Persons,0.0,DDW-1500B-03SC.xlsx,03SC
B0203SC,15,281,District - Mamit,Urban,Illiterate,Marginal workers_Seeking/available for work_Persons,0.0,DDW-1500B-03SC.xlsx,03SC
B0203SC,15,281,District - Mamit,Urban,Literate,Marginal workers_Seeking/available for work_Persons,0.0,DDW-1500B-03SC.xlsx,03SC
B0203SC,15,281,District - Mamit,Urban,Literate but below matric/secondary,Marginal workers_Seeking/available for work_Persons,0.0,DDW-1500B-03SC.xlsx,03SC
B0203SC,15,281,District - Mamit,Urban,Matric/secondary but below graduate,Marginal workers_Seeking/available for work_Persons,0.0,DDW-1500B-03SC.xlsx,03SC
B0203SC,15,281,District - Mamit,Urban,Technical diploma or certificate not equal to degree,Marginal workers_Seeking/available for work_Persons,0.0,DDW-1500B-03SC.xlsx,03SC
B0203SC,15,281,District - Mamit,Urban,Graduate and above other than technical degree,Marginal workers_Seeking/available for work_Persons,0.0,DDW-1500B-03SC.xlsx,03SC
B0203SC,15,281,District - Mamit,Urban,Technical degree or diploma equal to degree or post-graduate degree,Marginal workers_Seeking/available for work_Persons,0.0,DDW-1500B-03SC.xlsx,03SC
B0203SC,15,282,District - Kolasib,Total,Total,Marginal workers_Seeking/available for work_Persons,5.0,DDW-1500B-03SC.xlsx,03SC
B0203SC,15,282,District - Kolasib,Total,Illiterate,Marginal workers_Seeking/available for work_Persons,1.0,DDW-1500B-03SC.xlsx,03SC
B0203SC,15,282,District - Kolasib,Total,Literate,Marginal workers_Seeking/available for work_Persons,4.0,DDW-1500B-03SC.xlsx,03SC
B0203SC,15,282,District - Kolasib,Total,Literate but below matric/secondary,Marginal workers_Seeking/available for work_Persons,2.0,DDW-1500B-03SC.xlsx,03SC
B0203SC,15,282,District - Kolasib,Total,Matric/secondary but below graduate,Marginal workers_Seeking/available for work_Persons,1.0,DDW-1500B-03SC.xlsx,03SC
B0203SC,15,282,District - Kolasib,Total,Technical diploma or certificate not equal to degree,Marginal workers_Seeking/available for work_Persons,0.0,DDW-1500B-03SC.xlsx,03SC
B0203SC,15,282,District - Kolasib,Total,Graduate and above other than technical degree,Marginal workers_Seeking/available for work_Persons,1.0,DDW-1500B-03SC.xlsx,03SC
B0203SC,15,282,District - Kolasib,Total,Technical degree or diploma equal to degree or post-graduate degree,Marginal workers_Seeking/available for work_Persons,0.0,DDW-1500B-03SC.xlsx,03SC
B0203SC,15,282,District - Kolasib,Rural,Total,Marginal workers_Seeking/available for work_Persons,0.0,DDW-1500B-03SC.xlsx,03SC
B0203SC,15,282,District - Kolasib,Rural,Illiterate,Marginal workers_Seeking/available for work_Persons,0.0,DDW-1500B-03SC.xlsx,03SC
B0203SC,15,282,District - Kolasib,Rural,Literate,Marginal workers_Seeking/available for work_Persons,0.0,DDW-1500B-03SC.xlsx,03SC
B0203SC,15,282,District - Kolasib,Rural,Literate but below matric/secondary,Marginal workers_Seeking/available for work_Persons,0.0,DDW-1500B-03SC.xlsx,03SC
B0203SC,15,282,District - Kolasib,Rural,Matric/secondary but below graduate,Marginal workers_Seeking/available for work_Persons,0.0,DDW-1500B-03SC.xlsx,03SC
B0203SC,15,282,District - Kolasib,Rural,Technical diploma or certificate not equal to degree,Marginal workers_Seeking/available for work_Persons,0.0,DDW-1500B-03SC.xlsx,03SC
B0203SC,15,282,District - Kolasib,Rural,Graduate and above other than technical degree,Marginal workers_Seeking/available for work_Persons,0.0,DDW-1500B-03SC.xlsx,03SC
B0203SC,15,282,District - Kolasib,Rural,Technical degree or diploma equal to degree or post-graduate degree,Marginal workers_Seeking/available for work_Persons,0.0,DDW-1500B-03SC.xlsx,03SC
B0203SC,15,282,District - Kolasib,Urban,Total,Marginal workers_Seeking/available for work_Persons,5.0,DDW-1500B-03SC.xlsx,03SC
B0203SC,15,282,District - Kolasib,Urban,Illiterate,Marginal workers_Seeking/available for work_Persons,1.0,DDW-1500B-03SC.xlsx,03SC
B0203SC,15,282,District - Kolasib,Urban,Literate,Marginal workers_Seeking/available for work_Persons,4.0,DDW-1500B-03SC.xlsx,03SC
B0203SC,15,282,District - Kolasib,Urban,Literate but below matric/secondary,Marginal workers_Seeking/available for work_Persons,2.0,DDW-1500B-03SC.xlsx,03SC
B0203SC,15,282,District - Kolasib,Urban,Matric/secondary but below graduate,Marginal workers_Seeking/available for work_Persons,1.0,DDW-1500B-03SC.xlsx,03SC
B0203SC,15,282,District - Kolasib,Urban,Technical diploma or certificate not equal to degree,Marginal workers_Seeking/available for work_Persons,0.0,DDW-1500B-03SC.xlsx,03SC
B0203SC,15,282,District - Kolasib,Urban,Graduate and above other than technical degree,Marginal workers_Seeking/available for work_Persons,1.0,DDW-1500B-03SC.xlsx,03SC
B0203SC,15,282,District - Kolasib,Urban,Technical degree or diploma equal to degree or post-graduate degree,Marginal workers_Seeking/available for work_Persons,0.0,DDW-1500B-03SC.xlsx,03SC
B0203SC,15,283,District - Aizawl,Total,Total,Marginal workers_Seeking/available for work_Persons,8.0,DDW-1500B-03SC.xlsx,03SC
B0203SC,15,283,District - Aizawl,Total,Illiterate,Marginal workers_Seeking/available for work_Persons,0.0,DDW-1500B-03SC.xlsx,03SC
B0203SC,15,283,District - Aizawl,Total,Literate,Marginal workers_Seeking/available for work_Persons,8.0,DDW-1500B-03SC.xlsx,03SC
B0203SC,15,283,District - Aizawl,Total,Literate but below matric/secondary,Marginal workers_Seeking/available for work_Persons,4.0,DDW-1500B-03SC.xlsx,03SC
B0203SC,15,283,District - Aizawl,Total,Matric/secondary but below graduate,Marginal workers_Seeking/available for work_Persons,4.0,DDW-1500B-03SC.xlsx,03SC
B0203SC,15,283,District - Aizawl,Total,Technical diploma or certificate not equal to degree,Marginal workers_Seeking/available for work_Persons,0.0,DDW-1500B-03SC.xlsx,03SC
B0203SC,15,283,District - Aizawl,Total,Graduate and above other than technical degree,Marginal workers_Seeking/available for work_Persons,0.0,DDW-1500B-03SC.xlsx,03SC
B0203SC,15,283,District - Aizawl,Total,Technical degree or diploma equal to degree or post-graduate degree,Marginal workers_Seeking/available for work_Persons,0.0,DDW-1500B-03SC.xlsx,03SC
B0203SC,15,283,District - Aizawl,Rural,Total,Marginal workers_Seeking/available for work_Persons,0.0,DDW-1500B-03SC.xlsx,03SC
B0203SC,15,283,District - Aizawl,Rural,Illiterate,Marginal workers_Seeking/available for work_Persons,0.0,DDW-1500B-03SC.xlsx,03SC
B0203SC,15,283,District - Aizawl,Rural,Literate,Marginal workers_Seeking/available for work_Persons,0.0,DDW-1500B-03SC.xlsx,03SC
B0203SC,15,283,District - Aizawl,Rural,Literate but below matric/secondary,Marginal workers_Seeking/available for work_Persons,0.0,DDW-1500B-03SC.xlsx,03SC
B0203SC,15,283,District - Aizawl,Rural,Matric/secondary but below graduate,Marginal workers_Seeking/available for work_Persons,0.0,DDW-1500B-03SC.xlsx,03SC
B0203SC,15,283,District - Aizawl,Rural,Technical diploma or certificate not equal to degree,Marginal workers_Seeking/available for work_Persons,0.0,DDW-1500B-03SC.xlsx,03SC
B0203SC,15,283,District - Aizawl,Rural,Graduate and above other than technical degree,Marginal workers_Seeking/available for work_Persons,0.0,DDW-1500B-03SC.xlsx,03SC
B0203SC,15,283,District - Aizawl,Rural,Technical degree or diploma equal to degree or post-graduate degree,Marginal workers_Seeking/available for work_Persons,0.0,DDW-1500B-03SC.xlsx,03SC
B0203SC,15,283,District - Aizawl,Urban,Total,Marginal workers_Seeking/available for work_Persons,8.0,DDW-1500B-03SC.xlsx,03SC
B0203SC,15,283,District - Aizawl,Urban,Illiterate,Marginal workers_Seeking/available for work_Persons,0.0,DDW-1500B-03SC.xlsx,03SC
B0203SC,15,283,District - Aizawl,Urban,Literate,Marginal workers_Seeking/available for work_Persons,8.0,DDW-1500B-03SC.xlsx,03SC
B0203SC,15,283,District - Aizawl,Urban,Literate but below matric/secondary,Marginal workers_Seeking/available for work_Persons,4.0,DDW-1500B-03SC.xlsx,03SC
B0203SC,15,283,District - Aizawl,Urban,Matric/secondary but below graduate,Marginal workers_Seeking/available for work_Persons,4.0,DDW-1500B-03SC.xlsx,03SC
B0203SC,15,283,District - Aizawl,Urban,Technical diploma or certificate not equal to degree,Marginal workers_Seeking/available for work_Persons,0.0,DDW-1500B-03SC.xlsx,03SC
B0203SC,15,283,District - Aizawl,Urban,Graduate and above other than technical degree,Marginal workers_Seeking/available for work_Persons,0.0,DDW-1500B-03SC.xlsx,03SC
B0203SC,15,283,District - Aizawl,Urban,Technical degree or diploma equal to degree or post-graduate degree,Marginal workers_Seeking/available for work_Persons,0.0,DDW-1500B-03SC.xlsx,03SC
B0203SC,15,284,District - Champhai,Total,Total,Marginal workers_Seeking/available for work_Persons,0.0,DDW-1500B-03SC.xlsx,03SC
B0203SC,15,284,District - Champhai,Total,Illiterate,Marginal workers_Seeking/available for work_Persons,0.0,DDW-1500B-03SC.xlsx,03SC
B0203SC,15,284,District - Champhai,Total,Literate,Marginal workers_Seeking/available for work_Persons,0.0,DDW-1500B-03SC.xlsx,03SC
B0203SC,15,284,District - Champhai,Total,Literate but below matric/secondary,Marginal workers_Seeking/available for work_Persons,0.0,DDW-1500B-03SC.xlsx,03SC
B0203SC,15,284,District - Champhai,Total,Matric/secondary but below graduate,Marginal workers_Seeking/available for work_Persons,0.0,DDW-1500B-03SC.xlsx,03SC
B0203SC,15,284,District - Champhai,Total,Technical diploma or certificate not equal to degree,Marginal workers_Seeking/available for work_Persons,0.0,DDW-1500B-03SC.xlsx,03SC
B0203SC,15,284,District - Champhai,Total,Graduate and above other than technical degree,Marginal workers_Seeking/available for work_Persons,0.0,DDW-1500B-03SC.xlsx,03SC
B0203SC,15,284,District - Champhai,Total,Technical degree or diploma equal to degree or post-graduate degree,Marginal workers_Seeking/available for work_Persons,0.0,DDW-1500B-03SC.xlsx,03SC
B0203SC,15,284,District - Champhai,Rural,Total,Marginal workers_Seeking/available for work_Persons,0.0,DDW-1500B-03SC.xlsx,03SC
B0203SC,15,284,District - Champhai,Rural,Illiterate,Marginal workers_Seeking/available for work_Persons,0.0,DDW-1500B-03SC.xlsx,03SC
B0203SC,15,284,District - Champhai,Rural,Literate,Marginal workers_Seeking/available for work_Persons,0.0,DDW-1500B-03SC.xlsx,03SC
B0203SC,15,284,District - Champhai,Rural,Literate but below matric/secondary,Marginal workers_Seeking/available for work_Persons,0.0,DDW-1500B-03SC.xlsx,03SC
B0203SC,15,284,District - Champhai,Rural,Matric/secondary but below graduate,Marginal workers_Seeking/available for work_Persons,0.0,DDW-1500B-03SC.xlsx,03SC
B0203SC,15,284,District - Champhai,Rural,Technical diploma or certificate not equal to degree,Marginal workers_Seeking/available for work_Persons,0.0,DDW-1500B-03SC.xlsx,03SC
B0203SC,15,284,District - Champhai,Rural,Graduate and above other than technical degree,Marginal workers_Seeking/available for work_Persons,0.0,DDW-1500B-03SC.xlsx,03SC
B0203SC,15,284,District - Champhai,Rural,Technical degree or diploma equal to degree or post-graduate degree,Marginal workers_Seeking/available for work_Persons,0.0,DDW-1500B-03SC.xlsx,03SC
B0203SC,15,284,District - Champhai,Urban,Total,Marginal workers_Seeking/available for work_Persons,0.0,DDW-1500B-03SC.xlsx,03SC
B0203SC,15,284,District - Champhai,Urban,Illiterate,Marginal workers_Seeking/available for work_Persons,0.0,DDW-1500B-03SC.xlsx,03SC
B0203SC,15,284,District - Champhai,Urban,Literate,Marginal workers_Seeking/available for work_Persons,0.0,DDW-1500B-03SC.xlsx,03SC
B0203SC,15,284,District - Champhai,Urban,Literate but below matric/secondary,Marginal workers_Seeking/available for work_Persons,0.0,DDW-1500B-03SC.xlsx,03SC
B0203SC,15,284,District - Champhai,Urban,Matric/secondary but below graduate,Marginal workers_Seeking/available for work_Persons,0.0,DDW-1500B-03SC.xlsx,03SC
B0203SC,15,284,District - Champhai,Urban,Technical diploma or certificate not equal to degree,Marginal workers_Seeking/available for work_Persons,0.0,DDW-1500B-03SC.xlsx,03SC
B0203SC,15,284,District - Champhai,Urban,Graduate and above other than technical degree,Marginal workers_Seeking/available for work_Persons,0.0,DDW-1500B-03SC.xlsx,03SC
B0203SC,15,284,District - Champhai,Urban,Technical degree or diploma equal to degree or post-graduate degree,Marginal workers_Seeking/available for work_Persons,0.0,DDW-1500B-03SC.xlsx,03SC
B0203SC,15,285,District - Serchhip,Total,Total,Marginal workers_Seeking/available for work_Persons,0.0,DDW-1500B-03SC.xlsx,03SC
B0203SC,15,285,District - Serchhip,Total,Illiterate,Marginal workers_Seeking/available for work_Persons,0.0,DDW-1500B-03SC.xlsx,03SC
B0203SC,15,285,District - Serchhip,Total,Literate,Marginal workers_Seeking/available for work_Persons,0.0,DDW-1500B-03SC.xlsx,03SC
B0203SC,15,285,District - Serchhip,Total,Literate but below matric/secondary,Marginal workers_Seeking/available for work_Persons,0.0,DDW-1500B-03SC.xlsx,03SC
B0203SC,15,285,District - Serchhip,Total,Matric/secondary but below graduate,Marginal workers_Seeking/available for work_Persons,0.0,DDW-1500B-03SC.xlsx,03SC
B0203SC,15,285,District - Serchhip,Total,Technical diploma or certificate not equal to degree,Marginal workers_Seeking/available for work_Persons,0.0,DDW-1500B-03SC.xlsx,03SC
B0203SC,15,285,District - Serchhip,Total,Graduate and above other than technical degree,Marginal workers_Seeking/available for work_Persons,0.0,DDW-1500B-03SC.xlsx,03SC
B0203SC,15,285,District - Serchhip,Total,Technical degree or diploma equal to degree or post-graduate degree,Marginal workers_Seeking/available for work_Persons,0.0,DDW-1500B-03SC.xlsx,03SC
B0203SC,15,285,District - Serchhip,Rural,Total,Marginal workers_Seeking/available for work_Persons,0.0,DDW-1500B-03SC.xlsx,03SC
B0203SC,15,285,District - Serchhip,Rural,Illiterate,Marginal workers_Seeking/available for work_Persons,0.0,DDW-1500B-03SC.xlsx,03SC
B0203SC,15,285,District - Serchhip,Rural,Literate,Marginal workers_Seeking/available for work_Persons,0.0,DDW-1500B-03SC.xlsx,03SC
B0203SC,15,285,District - Serchhip,Rural,Literate but below matric/secondary,Marginal workers_Seeking/available for work_Persons,0.0,DDW-1500B-03SC.xlsx,03SC
B0203SC,15,285,District - Serchhip,Rural,Matric/secondary but below graduate,Marginal workers_Seeking/available for work_Persons,0.0,DDW-1500B-03SC.xlsx,03SC
B0203SC,15,285,District - Serchhip,Rural,Technical diploma or certificate not equal to degree,Marginal workers_Seeking/available for work_Persons,0.0,DDW-1500B-03SC.xlsx,03SC
B0203SC,15,285,District - Serchhip,Rural,Graduate and above other than technical degree,Marginal workers_Seeking/available for work_Persons,0.0,DDW-1500B-03SC.xlsx,03SC
B0203SC,15,285,District - Serchhip,Rural,Technical degree or diploma equal to degree or post-graduate degree,Marginal workers_Seeking/available for work_Persons,0.0,DDW-1500B-03SC.xlsx,03SC
B0203SC,15,285,District - Serchhip,Urban,Total,Marginal workers_Seeking/available for work_Persons,0.0,DDW-1500B-03SC.xlsx,03SC
B0203SC,15,285,District - Serchhip,Urban,Illiterate,Marginal workers_Seeking/available for work_Persons,0.0,DDW-1500B-03SC.xlsx,03SC
B0203SC,15,285,District - Serchhip,Urban,Literate,Marginal workers_Seeking/available for work_Persons,0.0,DDW-1500B-03SC.xlsx,03SC
B0203SC,15,285,District - Serchhip,Urban,Literate but below matric/secondary,Marginal workers_Seeking/available for work_Persons,0.0,DDW-1500B-03SC.xlsx,03SC
B0203SC,15,285,District - Serchhip,Urban,Matric/secondary but below graduate,Marginal workers_Seeking/available for work_Persons,0.0,DDW-1500B-03SC.xlsx,03SC
B0203SC,15,285,District - Serchhip,Urban,Technical diploma or certificate not equal to degree,Marginal workers_Seeking/available for work_Persons,0.0,DDW-1500B-03SC.xlsx,03SC
B0203SC,15,285,District - Serchhip,Urban,Graduate and above other than technical degree,Marginal workers_Seeking/available for work_Persons,0.0,DDW-1500B-03SC.xlsx,03SC
B0203SC,15,285,District - Serchhip,Urban,Technical degree or diploma equal to degree or post-graduate degree,Marginal workers_Seeking/available for work_Persons,0.0,DDW-1500B-03SC.xlsx,03SC
B0203SC,15,286,District - Lunglei,Total,Total,Marginal workers_Seeking/available for work_Persons,0.0,DDW-1500B-03SC.xlsx,03SC
B0203SC,15,286,District - Lunglei,Total,Illiterate,Marginal workers_Seeking/available for work_Persons,0.0,DDW-1500B-03SC.xlsx,03SC
B0203SC,15,286,District - Lunglei,Total,Literate,Marginal workers_Seeking/available for work_Persons,0.0,DDW-1500B-03SC.xlsx,03SC
B0203SC,15,286,District - Lunglei,Total,Literate but below matric/secondary,Marginal workers_Seeking/available for work_Persons,0.0,DDW-1500B-03SC.xlsx,03SC
B0203SC,15,286,District - Lunglei,Total,Matric/secondary but below graduate,Marginal workers_Seeking/available for work_Persons,0.0,DDW-1500B-03SC.xlsx,03SC
B0203SC,15,286,District - Lunglei,Total,Technical diploma or certificate not equal to degree,Marginal workers_Seeking/available for work_Persons,0.0,DDW-1500B-03SC.xlsx,03SC
B0203SC,15,286,District - Lunglei,Total,Graduate and above other than technical degree,Marginal workers_Seeking/available for work_Persons,0.0,DDW-1500B-03SC.xlsx,03SC
B0203SC,15,286,District - Lunglei,Total,Technical degree or diploma equal to degree or post-graduate degree,Marginal workers_Seeking/available for work_Persons,0.0,DDW-1500B-03SC.xlsx,03SC
B0203SC,15,286,District - Lunglei,Rural,Total,Marginal workers_Seeking/available for work_Persons,0.0,DDW-1500B-03SC.xlsx,03SC
B0203SC,15,286,District - Lunglei,Rural,Illiterate,Marginal workers_Seeking/available for work_Persons,0.0,DDW-1500B-03SC.xlsx,03SC
B0203SC,15,286,District - Lunglei,Rural,Literate,Marginal workers_Seeking/available for work_Persons,0.0,DDW-1500B-03SC.xlsx,03SC
B0203SC,15,286,District - Lunglei,Rural,Literate but below matric/secondary,Marginal workers_Seeking/available for work_Persons,0.0,DDW-1500B-03SC.xlsx,03SC
B0203SC,15,286,District - Lunglei,Rural,Matric/secondary but below graduate,Marginal workers_Seeking/available for work_Persons,0.0,DDW-1500B-03SC.xlsx,03SC
B0203SC,15,286,District - Lunglei,Rural,Technical diploma or certificate not equal to degree,Marginal workers_Seeking/available for work_Persons,0.0,DDW-1500B-03SC.xlsx,03SC
B0203SC,15,286,District - Lunglei,Rural,Graduate and above other than technical degree,Marginal workers_Seeking/available for work_Persons,0.0,DDW-1500B-03SC.xlsx,03SC
B0203SC,15,286,District - Lunglei,Rural,Technical degree or diploma equal to degree or post-graduate degree,Marginal workers_Seeking/available for work_Persons,0.0,DDW-1500B-03SC.xlsx,03SC
B0203SC,15,286,District - Lunglei,Urban,Total,Marginal workers_Seeking/available for work_Persons,0.0,DDW-1500B-03SC.xlsx,03SC
B0203SC,15,286,District - Lunglei,Urban,Illiterate,Marginal workers_Seeking/available for work_Persons,0.0,DDW-1500B-03SC.xlsx,03SC
B0203SC,15,286,District - Lunglei,Urban,Literate,Marginal workers_Seeking/available for work_Persons,0.0,DDW-1500B-03SC.xlsx,03SC
B0203SC,15,286,District - Lunglei,Urban,Literate but below matric/secondary,Marginal workers_Seeking/available for work_Persons,0.0,DDW-1500B-03SC.xlsx,03SC
B0203SC,15,286,District - Lunglei,Urban,Matric/secondary but below graduate,Marginal workers_Seeking/available for work_Persons,0.0,DDW-1500B-03SC.xlsx,03SC
B0203SC,15,286,District - Lunglei,Urban,Technical diploma or certificate not equal to degree,Marginal workers_Seeking/available for work_Persons,0.0,DDW-1500B-03SC.xlsx,03SC
B0203SC,15,286,District - Lunglei,Urban,Graduate and above other than technical degree,Marginal workers_Seeking/available for work_Persons,0.0,DDW-1500B-03SC.xlsx,03SC
B0203SC,15,286,District - Lunglei,Urban,Technical degree or diploma equal to degree or post-graduate degree,Marginal workers_Seeking/available for work_Persons,0.0,DDW-1500B-03SC.xlsx,03SC
B0203SC,15,287,District - Lawngtlai,Total,Total,Marginal workers_Seeking/available for work_Persons,2.0,DDW-1500B-03SC.xlsx,03SC
B0203SC,15,287,District - Lawngtlai,Total,Illiterate,Marginal workers_Seeking/available for work_Persons,1.0,DDW-1500B-03SC.xlsx,03SC
B0203SC,15,287,District - Lawngtlai,Total,Literate,Marginal workers_Seeking/available for work_Persons,1.0,DDW-1500B-03SC.xlsx,03SC
B0203SC,15,287,District - Lawngtlai,Total,Literate but below matric/secondary,Marginal workers_Seeking/available for work_Persons,1.0,DDW-1500B-03SC.xlsx,03SC
B0203SC,15,287,District - Lawngtlai,Total,Matric/secondary but below graduate,Marginal workers_Seeking/available for work_Persons,0.0,DDW-1500B-03SC.xlsx,03SC
B0203SC,15,287,District - Lawngtlai,Total,Technical diploma or certificate not equal to degree,Marginal workers_Seeking/available for work_Persons,0.0,DDW-1500B-03SC.xlsx,03SC
B0203SC,15,287,District - Lawngtlai,Total,Graduate and above other than technical degree,Marginal workers_Seeking/available for work_Persons,0.0,DDW-1500B-03SC.xlsx,03SC
B0203SC,15,287,District - Lawngtlai,Total,Technical degree or diploma equal to degree or post-graduate degree,Marginal workers_Seeking/available for work_Persons,0.0,DDW-1500B-03SC.xlsx,03SC
B0203SC,15,287,District - Lawngtlai,Rural,Total,Marginal workers_Seeking/available for work_Persons,1.0,DDW-1500B-03SC.xlsx,03SC
B0203SC,15,287,District - Lawngtlai,Rural,Illiterate,Marginal workers_Seeking/available for work_Persons,1.0,DDW-1500B-03SC.xlsx,03SC
B0203SC,15,287,District - Lawngtlai,Rural,Literate,Marginal workers_Seeking/available for work_Persons,0.0,DDW-1500B-03SC.xlsx,03SC
B0203SC,15,287,District - Lawngtlai,Rural,Literate but below matric/secondary,Marginal workers_Seeking/available for work_Persons,0.0,DDW-1500B-03SC.xlsx,03SC
B0203SC,15,287,District - Lawngtlai,Rural,Matric/secondary but below graduate,Marginal workers_Seeking/available for work_Persons,0.0,DDW-1500B-03SC.xlsx,03SC
B0203SC,15,287,District - Lawngtlai,Rural,Technical diploma or certificate not equal to degree,Marginal workers_Seeking/available for work_Persons,0.0,DDW-1500B-03SC.xlsx,03SC
B0203SC,15,287,District - Lawngtlai,Rural,Graduate and above other than technical degree,Marginal workers_Seeking/available for work_Persons,0.0,DDW-1500B-03SC.xlsx,03SC
B0203SC,15,287,District - Lawngtlai,Rural,Technical degree or diploma equal to degree or post-graduate degree,Marginal workers_Seeking/available for work_Persons,0.0,DDW-1500B-03SC.xlsx,03SC
B0203SC,15,287,District - Lawngtlai,Urban,Total,Marginal workers_Seeking/available for work_Persons,1.0,DDW-1500B-03SC.xlsx,03SC
B0203SC,15,287,District - Lawngtlai,Urban,Illiterate,Marginal workers_Seeking/available for work_Persons,0.0,DDW-1500B-03SC.xlsx,03SC
B0203SC,15,287,District - Lawngtlai,Urban,Literate,Marginal workers_Seeking/available for work_Persons,1.0,DDW-1500B-03SC.xlsx,03SC
B0203SC,15,287,District - Lawngtlai,Urban,Literate but below matric/secondary,Marginal workers_Seeking/available for work_Persons,1.0,DDW-1500B-03SC.xlsx,03SC
B0203SC,15,287,District - Lawngtlai,Urban,Matric/secondary but below graduate,Marginal workers_Seeking/available for work_Persons,0.0,DDW-1500B-03SC.xlsx,03SC
B0203SC,15,287,District - Lawngtlai,Urban,Technical diploma or certificate not equal to degree,Marginal workers_Seeking/available for work_Persons,0.0,DDW-1500B-03SC.xlsx,03SC
B0203SC,15,287,District - Lawngtlai,Urban,Graduate and above other than technical degree,Marginal workers_Seeking/available for work_Persons,0.0,DDW-1500B-03SC.xlsx,03SC
B0203SC,15,287,District - Lawngtlai,Urban,Technical degree or diploma equal to degree or post-graduate degree,Marginal workers_Seeking/available for work_Persons,0.0,DDW-1500B-03SC.xlsx,03SC
B0203SC,15,288,District - Saiha,Total,Total,Marginal workers_Seeking/available for work_Persons,2.0,DDW-1500B-03SC.xlsx,03SC
B0203SC,15,288,District - Saiha,Total,Illiterate,Marginal workers_Seeking/available for work_Persons,0.0,DDW-1500B-03SC.xlsx,03SC
B0203SC,15,288,District - Saiha,Total,Literate,Marginal workers_Seeking/available for work_Persons,2.0,DDW-1500B-03SC.xlsx,03SC
B0203SC,15,288,District - Saiha,Total,Literate but below matric/secondary,Marginal workers_Seeking/available for work_Persons,0.0,DDW-1500B-03SC.xlsx,03SC
B0203SC,15,288,District - Saiha,Total,Matric/secondary but below graduate,Marginal workers_Seeking/available for work_Persons,2.0,DDW-1500B-03SC.xlsx,03SC
B0203SC,15,288,District - Saiha,Total,Technical diploma or certificate not equal to degree,Marginal workers_Seeking/available for work_Persons,0.0,DDW-1500B-03SC.xlsx,03SC
B0203SC,15,288,District - Saiha,Total,Graduate and above other than technical degree,Marginal workers_Seeking/available for work_Persons,0.0,DDW-1500B-03SC.xlsx,03SC
B0203SC,15,288,District - Saiha,Total,Technical degree or diploma equal to degree or post-graduate degree,Marginal workers_Seeking/available for work_Persons,0.0,DDW-1500B-03SC.xlsx,03SC
B0203SC,15,288,District - Saiha,Rural,Total,Marginal workers_Seeking/available for work_Persons,1.0,DDW-1500B-03SC.xlsx,03SC
B0203SC,15,288,District - Saiha,Rural,Illiterate,Marginal workers_Seeking/available for work_Persons,0.0,DDW-1500B-03SC.xlsx,03SC
B0203SC,15,288,District - Saiha,Rural,Literate,Marginal workers_Seeking/available for work_Persons,1.0,DDW-1500B-03SC.xlsx,03SC
B0203SC,15,288,District - Saiha,Rural,Literate but below matric/secondary,Marginal workers_Seeking/available for work_Persons,0.0,DDW-1500B-03SC.xlsx,03SC
B0203SC,15,288,District - Saiha,Rural,Matric/secondary but below graduate,Marginal workers_Seeking/available for work_Persons,1.0,DDW-1500B-03SC.xlsx,03SC
B0203SC,15,288,District - Saiha,Rural,Technical diploma or certificate not equal to degree,Marginal workers_Seeking/available for work_Persons,0.0,DDW-1500B-03SC.xlsx,03SC
B0203SC,15,288,District - Saiha,Rural,Graduate and above other than technical degree,Marginal workers_Seeking/available for work_Persons,0.0,DDW-1500B-03SC.xlsx,03SC
B0203SC,15,288,District - Saiha,Rural,Technical degree or diploma equal to degree or post-graduate degree,Marginal workers_Seeking/available for work_Persons,0.0,DDW-1500B-03SC.xlsx,03SC
B0203SC,15,288,District - Saiha,Urban,Total,Marginal workers_Seeking/available for work_Persons,1.0,DDW-1500B-03SC.xlsx,03SC
B0203SC,15,288,District - Saiha,Urban,Illiterate,Marginal workers_Seeking/available for work_Persons,0.0,DDW-1500B-03SC.xlsx,03SC
B0203SC,15,288,District - Saiha,Urban,Literate,Marginal workers_Seeking/available for work_Persons,1.0,DDW-1500B-03SC.xlsx,03SC
B0203SC,15,288,District - Saiha,Urban,Literate but below matric/secondary,Marginal workers_Seeking/available for work_Persons,0.0,DDW-1500B-03SC.xlsx,03SC
B0203SC,15,288,District - Saiha,Urban,Matric/secondary but below graduate,Marginal workers_Seeking/available for work_Persons,1.0,DDW-1500B-03SC.xlsx,03SC
B0203SC,15,288,District - Saiha,Urban,Technical diploma or certificate not equal to degree,Marginal workers_Seeking/available for work_Persons,0.0,DDW-1500B-03SC.xlsx,03SC
B0203SC,15,288,District - Saiha,Urban,Graduate and above other than technical degree,Marginal workers_Seeking/available for work_Persons,0.0,DDW-1500B-03SC.xlsx,03SC
B0203SC,15,288,District - Saiha,Urban,Technical degree or diploma equal to degree or post-graduate degree,Marginal workers_Seeking/available for work_Persons,0.0,DDW-1500B-03SC.xlsx,03SC
B0203SC,15,000,State - MIZORAM,Total,Total,Marginal workers_Seeking/available for work_Males,9.0,DDW-1500B-03SC.xlsx,03SC
B0203SC,15,000,State - MIZORAM,Total,Illiterate,Marginal workers_Seeking/available for work_Males,1.0,DDW-1500B-03SC.xlsx,03SC
B0203SC,15,000,State - MIZORAM,Total,Literate,Marginal workers_Seeking/available for work_Males,8.0,DDW-1500B-03SC.xlsx,03SC
B0203SC,15,000,State - MIZORAM,Total,Literate but below matric/secondary,Marginal workers_Seeking/available for work_Males,2.0,DDW-1500B-03SC.xlsx,03SC
B0203SC,15,000,State - MIZORAM,Total,Matric/secondary but below graduate,Marginal workers_Seeking/available for work_Males,5.0,DDW-1500B-03SC.xlsx,03SC
B0203SC,15,000,State - MIZORAM,Total,Technical diploma or certificate not equal to degree,Marginal workers_Seeking/available for work_Males,0.0,DDW-1500B-03SC.xlsx,03SC
B0203SC,15,000,State - MIZORAM,Total,Graduate and above other than technical degree,Marginal workers_Seeking/available for work_Males,1.0,DDW-1500B-03SC.xlsx,03SC
B0203SC,15,000,State - MIZORAM,Total,Technical degree or diploma equal to degree or post-graduate degree,Marginal workers_Seeking/available for work_Males,0.0,DDW-1500B-03SC.xlsx,03SC
B0203SC,15,000,State - MIZORAM,Rural,Total,Marginal workers_Seeking/available for work_Males,1.0,DDW-1500B-03SC.xlsx,03SC
B0203SC,15,000,State - MIZORAM,Rural,Illiterate,Marginal workers_Seeking/available for work_Males,1.0,DDW-1500B-03SC.xlsx,03SC
B0203SC,15,000,State - MIZORAM,Rural,Literate,Marginal workers_Seeking/available for work_Males,0.0,DDW-1500B-03SC.xlsx,03SC
B0203SC,15,000,State - MIZORAM,Rural,Literate but below matric/secondary,Marginal workers_Seeking/available for work_Males,0.0,DDW-1500B-03SC.xlsx,03SC
B0203SC,15,000,State - MIZORAM,Rural,Matric/secondary but below graduate,Marginal workers_Seeking/available for work_Males,0.0,DDW-1500B-03SC.xlsx,03SC
B0203SC,15,000,State - MIZORAM,Rural,Technical diploma or certificate not equal to degree,Marginal workers_Seeking/available for work_Males,0.0,DDW-1500B-03SC.xlsx,03SC
B0203SC,15,000,State - MIZORAM,Rural,Graduate and above other than technical degree,Marginal workers_Seeking/available for work_Males,0.0,DDW-1500B-03SC.xlsx,03SC
B0203SC,15,000,State - MIZORAM,Rural,Technical degree or diploma equal to degree or post-graduate degree,Marginal workers_Seeking/available for work_Males,0.0,DDW-1500B-03SC.xlsx,03SC
B0203SC,15,000,State - MIZORAM,Urban,Total,Marginal workers_Seeking/available for work_Males,8.0,DDW-1500B-03SC.xlsx,03SC
B0203SC,15,000,State - MIZORAM,Urban,Illiterate,Marginal workers_Seeking/available for work_Males,0.0,DDW-1500B-03SC.xlsx,03SC
B0203SC,15,000,State - MIZORAM,Urban,Literate,Marginal workers_Seeking/available for work_Males,8.0,DDW-1500B-03SC.xlsx,03SC
B0203SC,15,000,State - MIZORAM,Urban,Literate but below matric/secondary,Marginal workers_Seeking/available for work_Males,2.0,DDW-1500B-03SC.xlsx,03SC
B0203SC,15,000,State - MIZORAM,Urban,Matric/secondary but below graduate,Marginal workers_Seeking/available for work_Males,5.0,DDW-1500B-03SC.xlsx,03SC
B0203SC,15,000,State - MIZORAM,Urban,Technical diploma or certificate not equal to degree,Marginal workers_Seeking/available for work_Males,0.0,DDW-1500B-03SC.xlsx,03SC
B0203SC,15,000,State - MIZORAM,Urban,Graduate and above other than technical degree,Marginal workers_Seeking/available for work_Males,1.0,DDW-1500B-03SC.xlsx,03SC
B0203SC,15,000,State - MIZORAM,Urban,Technical degree or diploma equal to degree or post-graduate degree,Marginal workers_Seeking/available for work_Males,0.0,DDW-1500B-03SC.xlsx,03SC
B0203SC,15,281,District - Mamit,Total,Total,Marginal workers_Seeking/available for work_Males,0.0,DDW-1500B-03SC.xlsx,03SC
B0203SC,15,281,District - Mamit,Total,Illiterate,Marginal workers_Seeking/available for work_Males,0.0,DDW-1500B-03SC.xlsx,03SC
B0203SC,15,281,District - Mamit,Total,Literate,Marginal workers_Seeking/available for work_Males,0.0,DDW-1500B-03SC.xlsx,03SC
B0203SC,15,281,District - Mamit,Total,Literate but below matric/secondary,Marginal workers_Seeking/available for work_Males,0.0,DDW-1500B-03SC.xlsx,03SC
B0203SC,15,281,District - Mamit,Total,Matric/secondary but below graduate,Marginal workers_Seeking/available for work_Males,0.0,DDW-1500B-03SC.xlsx,03SC
B0203SC,15,281,District - Mamit,Total,Technical diploma or certificate not equal to degree,Marginal workers_Seeking/available for work_Males,0.0,DDW-1500B-03SC.xlsx,03SC
B0203SC,15,281,District - Mamit,Total,Graduate and above other than technical degree,Marginal workers_Seeking/available for work_Males,0.0,DDW-1500B-03SC.xlsx,03SC
B0203SC,15,281,District - Mamit,Total,Technical degree or diploma equal to degree or post-graduate degree,Marginal workers_Seeking/available for work_Males,0.0,DDW-1500B-03SC.xlsx,03SC
B0203SC,15,281,District - Mamit,Rural,Total,Marginal workers_Seeking/available for work_Males,0.0,DDW-1500B-03SC.xlsx,03SC
B0203SC,15,281,District - Mamit,Rural,Illiterate,Marginal workers_Seeking/available for work_Males,0.0,DDW-1500B-03SC.xlsx,03SC
B0203SC,15,281,District - Mamit,Rural,Literate,Marginal workers_Seeking/available for work_Males,0.0,DDW-1500B-03SC.xlsx,03SC
B0203SC,15,281,District - Mamit,Rural,Literate but below matric/secondary,Marginal workers_Seeking/available for work_Males,0.0,DDW-1500B-03SC.xlsx,03SC
B0203SC,15,281,District - Mamit,Rural,Matric/secondary but below graduate,Marginal workers_Seeking/available for work_Males,0.0,DDW-1500B-03SC.xlsx,03SC
B0203SC,15,281,District - Mamit,Rural,Technical diploma or certificate not equal to degree,Marginal workers_Seeking/available for work_Males,0.0,DDW-1500B-03SC.xlsx,03SC
B0203SC,15,281,District - Mamit,Rural,Graduate and above other than technical degree,Marginal workers_Seeking/available for work_Males,0.0,DDW-1500B-03SC.xlsx,03SC
B0203SC,15,281,District - Mamit,Rural,Technical degree or diploma equal to degree or post-graduate degree,Marginal workers_Seeking/available for work_Males,0.0,DDW-1500B-03SC.xlsx,03SC
B0203SC,15,281,District - Mamit,Urban,Total,Marginal workers_Seeking/available for work_Males,0.0,DDW-1500B-03SC.xlsx,03SC
B0203SC,15,281,District - Mamit,Urban,Illiterate,Marginal workers_Seeking/available for work_Males,0.0,DDW-1500B-03SC.xlsx,03SC
B0203SC,15,281,District - Mamit,Urban,Literate,Marginal workers_Seeking/available for work_Males,0.0,DDW-1500B-03SC.xlsx,03SC
B0203SC,15,281,District - Mamit,Urban,Literate but below matric/secondary,Marginal workers_Seeking/available for work_Males,0.0,DDW-1500B-03SC.xlsx,03SC
B0203SC,15,281,District - Mamit,Urban,Matric/secondary but below graduate,Marginal workers_Seeking/available for work_Males,0.0,DDW-1500B-03SC.xlsx,03SC
B0203SC,15,281,District - Mamit,Urban,Technical diploma or certificate not equal to degree,Marginal workers_Seeking/available for work_Males,0.0,DDW-1500B-03SC.xlsx,03SC
B0203SC,15,281,District - Mamit,Urban,Graduate and above other than technical degree,Marginal workers_Seeking/available for work_Males,0.0,DDW-1500B-03SC.xlsx,03SC
B0203SC,15,281,District - Mamit,Urban,Technical degree or diploma equal to degree or post-graduate degree,Marginal workers_Seeking/available for work_Males,0.0,DDW-1500B-03SC.xlsx,03SC
B0203SC,15,282,District - Kolasib,Total,Total,Marginal workers_Seeking/available for work_Males,3.0,DDW-1500B-03SC.xlsx,03SC
B0203SC,15,282,District - Kolasib,Total,Illiterate,Marginal workers_Seeking/available for work_Males,0.0,DDW-1500B-03SC.xlsx,03SC
B0203SC,15,282,District - Kolasib,Total,Literate,Marginal workers_Seeking/available for work_Males,3.0,DDW-1500B-03SC.xlsx,03SC
B0203SC,15,282,District - Kolasib,Total,Literate but below matric/secondary,Marginal workers_Seeking/available for work_Males,1.0,DDW-1500B-03SC.xlsx,03SC
B0203SC,15,282,District - Kolasib,Total,Matric/secondary but below graduate,Marginal workers_Seeking/available for work_Males,1.0,DDW-1500B-03SC.xlsx,03SC
B0203SC,15,282,District - Kolasib,Total,Technical diploma or certificate not equal to degree,Marginal workers_Seeking/available for work_Males,0.0,DDW-1500B-03SC.xlsx,03SC
B0203SC,15,282,District - Kolasib,Total,Graduate and above other than technical degree,Marginal workers_Seeking/available for work_Males,1.0,DDW-1500B-03SC.xlsx,03SC
B0203SC,15,282,District - Kolasib,Total,Technical degree or diploma equal to degree or post-graduate degree,Marginal workers_Seeking/available for work_Males,0.0,DDW-1500B-03SC.xlsx,03SC
B0203SC,15,282,District - Kolasib,Rural,Total,Marginal workers_Seeking/available for work_Males,0.0,DDW-1500B-03SC.xlsx,03SC
B0203SC,15,282,District - Kolasib,Rural,Illiterate,Marginal workers_Seeking/available for work_Males,0.0,DDW-1500B-03SC.xlsx,03SC
B0203SC,15,282,District - Kolasib,Rural,Literate,Marginal workers_Seeking/available for work_Males,0.0,DDW-1500B-03SC.xlsx,03SC
B0203SC,15,282,District - Kolasib,Rural,Literate but below matric/secondary,Marginal workers_Seeking/available for work_Males,0.0,DDW-1500B-03SC.xlsx,03SC
B0203SC,15,282,District - Kolasib,Rural,Matric/secondary but below graduate,Marginal workers_Seeking/available for work_Males,0.0,DDW-1500B-03SC.xlsx,03SC
B0203SC,15,282,District - Kolasib,Rural,Technical diploma or certificate not equal to degree,Marginal workers_Seeking/available for work_Males,0.0,DDW-1500B-03SC.xlsx,03SC
B0203SC,15,282,District - Kolasib,Rural,Graduate and above other than technical degree,Marginal workers_Seeking/available for work_Males,0.0,DDW-1500B-03SC.xlsx,03SC
B0203SC,15,282,District - Kolasib,Rural,Technical degree or diploma equal to degree or post-graduate degree,Marginal workers_Seeking/available for work_Males,0.0,DDW-1500B-03SC.xlsx,03SC
B0203SC,15,282,District - Kolasib,Urban,Total,Marginal workers_Seeking/available for work_Males,3.0,DDW-1500B-03SC.xlsx,03SC
B0203SC,15,282,District - Kolasib,Urban,Illiterate,Marginal workers_Seeking/available for work_Males,0.0,DDW-1500B-03SC.xlsx,03SC
B0203SC,15,282,District - Kolasib,Urban,Literate,Marginal workers_Seeking/available for work_Males,3.0,DDW-1500B-03SC.xlsx,03SC
B0203SC,15,282,District - Kolasib,Urban,Literate but below matric/secondary,Marginal workers_Seeking/available for work_Males,1.0,DDW-1500B-03SC.xlsx,03SC
B0203SC,15,282,District - Kolasib,Urban,Matric/secondary but below graduate,Marginal workers_Seeking/available for work_Males,1.0,DDW-1500B-03SC.xlsx,03SC
B0203SC,15,282,District - Kolasib,Urban,Technical diploma or certificate not equal to degree,Marginal workers_Seeking/available for work_Males,0.0,DDW-1500B-03SC.xlsx,03SC
B0203SC,15,282,District - Kolasib,Urban,Graduate and above other than technical degree,Marginal workers_Seeking/available for work_Males,1.0,DDW-1500B-03SC.xlsx,03SC
B0203SC,15,282,District - Kolasib,Urban,Technical degree or diploma equal to degree or post-graduate degree,Marginal workers_Seeking/available for work_Males,0.0,DDW-1500B-03SC.xlsx,03SC
B0203SC,15,283,District - Aizawl,Total,Total,Marginal workers_Seeking/available for work_Males,4.0,DDW-1500B-03SC.xlsx,03SC
B0203SC,15,283,District - Aizawl,Total,Illiterate,Marginal workers_Seeking/available for work_Males,0.0,DDW-1500B-03SC.xlsx,03SC
B0203SC,15,283,District - Aizawl,Total,Literate,Marginal workers_Seeking/available for work_Males,4.0,DDW-1500B-03SC.xlsx,03SC
B0203SC,15,283,District - Aizawl,Total,Literate but below matric/secondary,Marginal workers_Seeking/available for work_Males,1.0,DDW-1500B-03SC.xlsx,03SC
B0203SC,15,283,District - Aizawl,Total,Matric/secondary but below graduate,Marginal workers_Seeking/available for work_Males,3.0,DDW-1500B-03SC.xlsx,03SC
B0203SC,15,283,District - Aizawl,Total,Technical diploma or certificate not equal to degree,Marginal workers_Seeking/available for work_Males,0.0,DDW-1500B-03SC.xlsx,03SC
B0203SC,15,283,District - Aizawl,Total,Graduate and above other than technical degree,Marginal workers_Seeking/available for work_Males,0.0,DDW-1500B-03SC.xlsx,03SC
B0203SC,15,283,District - Aizawl,Total,Technical degree or diploma equal to degree or post-graduate degree,Marginal workers_Seeking/available for work_Males,0.0,DDW-1500B-03SC.xlsx,03SC
B0203SC,15,283,District - Aizawl,Rural,Total,Marginal workers_Seeking/available for work_Males,0.0,DDW-1500B-03SC.xlsx,03SC
B0203SC,15,283,District - Aizawl,Rural,Illiterate,Marginal workers_Seeking/available for work_Males,0.0,DDW-1500B-03SC.xlsx,03SC
B0203SC,15,283,District - Aizawl,Rural,Literate,Marginal workers_Seeking/available for work_Males,0.0,DDW-1500B-03SC.xlsx,03SC
B0203SC,15,283,District - Aizawl,Rural,Literate but below matric/secondary,Marginal workers_Seeking/available for work_Males,0.0,DDW-1500B-03SC.xlsx,03SC
B0203SC,15,283,District - Aizawl,Rural,Matric/secondary but below graduate,Marginal workers_Seeking/available for work_Males,0.0,DDW-1500B-03SC.xlsx,03SC
B0203SC,15,283,District - Aizawl,Rural,Technical diploma or certificate not equal to degree,Marginal workers_Seeking/available for work_Males,0.0,DDW-1500B-03SC.xlsx,03SC
B0203SC,15,283,District - Aizawl,Rural,Graduate and above other than technical degree,Marginal workers_Seeking/available for work_Males,0.0,DDW-1500B-03SC.xlsx,03SC
B0203SC,15,283,District - Aizawl,Rural,Technical degree or diploma equal to degree or post-graduate degree,Marginal workers_Seeking/available for work_Males,0.0,DDW-1500B-03SC.xlsx,03SC
B0203SC,15,283,District - Aizawl,Urban,Total,Marginal workers_Seeking/available for work_Males,4.0,DDW-1500B-03SC.xlsx,03SC
B0203SC,15,283,District - Aizawl,Urban,Illiterate,Marginal workers_Seeking/available for work_Males,0.0,DDW-1500B-03SC.xlsx,03SC
B0203SC,15,283,District - Aizawl,Urban,Literate,Marginal workers_Seeking/available for work_Males,4.0,DDW-1500B-03SC.xlsx,03SC
B0203SC,15,283,District - Aizawl,Urban,Literate but below matric/secondary,Marginal workers_Seeking/available for work_Males,1.0,DDW-1500B-03SC.xlsx,03SC
B0203SC,15,283,District - Aizawl,Urban,Matric/secondary but below graduate,Marginal workers_Seeking/available for work_Males,3.0,DDW-1500B-03SC.xlsx,03SC
B0203SC,15,283,District - Aizawl,Urban,Technical diploma or certificate not equal to degree,Marginal workers_Seeking/available for work_Males,0.0,DDW-1500B-03SC.xlsx,03SC
B0203SC,15,283,District - Aizawl,Urban,Graduate and above other than technical degree,Marginal workers_Seeking/available for work_Males,0.0,DDW-1500B-03SC.xlsx,03SC
B0203SC,15,283,District - Aizawl,Urban,Technical degree or diploma equal to degree or post-graduate degree,Marginal workers_Seeking/available for work_Males,0.0,DDW-1500B-03SC.xlsx,03SC
B0203SC,15,284,District - Champhai,Total,Total,Marginal workers_Seeking/available for work_Males,0.0,DDW-1500B-03SC.xlsx,03SC
B0203SC,15,284,District - Champhai,Total,Illiterate,Marginal workers_Seeking/available for work_Males,0.0,DDW-1500B-03SC.xlsx,03SC
B0203SC,15,284,District - Champhai,Total,Literate,Marginal workers_Seeking/available for work_Males,0.0,DDW-1500B-03SC.xlsx,03SC
B0203SC,15,284,District - Champhai,Total,Literate but below matric/secondary,Marginal workers_Seeking/available for work_Males,0.0,DDW-1500B-03SC.xlsx,03SC
B0203SC,15,284,District - Champhai,Total,Matric/secondary but below graduate,Marginal workers_Seeking/available for work_Males,0.0,DDW-1500B-03SC.xlsx,03SC
B0203SC,15,284,District - Champhai,Total,Technical diploma or certificate not equal to degree,Marginal workers_Seeking/available for work_Males,0.0,DDW-1500B-03SC.xlsx,03SC
B0203SC,15,284,District - Champhai,Total,Graduate and above other than technical degree,Marginal workers_Seeking/available for work_Males,0.0,DDW-1500B-03SC.xlsx,03SC
B0203SC,15,284,District - Champhai,Total,Technical degree or diploma equal to degree or post-graduate degree,Marginal workers_Seeking/available for work_Males,0.0,DDW-1500B-03SC.xlsx,03SC
B0203SC,15,284,District - Champhai,Rural,Total,Marginal workers_Seeking/available for work_Males,0.0,DDW-1500B-03SC.xlsx,03SC
B0203SC,15,284,District - Champhai,Rural,Illiterate,Marginal workers_Seeking/available for work_Males,0.0,DDW-1500B-03SC.xlsx,03SC
B0203SC,15,284,District - Champhai,Rural,Literate,Marginal workers_Seeking/available for work_Males,0.0,DDW-1500B-03SC.xlsx,03SC
B0203SC,15,284,District - Champhai,Rural,Literate but below matric/secondary,Marginal workers_Seeking/available for work_Males,0.0,DDW-1500B-03SC.xlsx,03SC
B0203SC,15,284,District - Champhai,Rural,Matric/secondary but below graduate,Marginal workers_Seeking/available for work_Males,0.0,DDW-1500B-03SC.xlsx,03SC
B0203SC,15,284,District - Champhai,Rural,Technical diploma or certificate not equal to degree,Marginal workers_Seeking/available for work_Males,0.0,DDW-1500B-03SC.xlsx,03SC
B0203SC,15,284,District - Champhai,Rural,Graduate and above other than technical degree,Marginal workers_Seeking/available for work_Males,0.0,DDW-1500B-03SC.xlsx,03SC
B0203SC,15,284,District - Champhai,Rural,Technical degree or diploma equal to degree or post-graduate degree,Marginal workers_Seeking/available for work_Males,0.0,DDW-1500B-03SC.xlsx,03SC
B0203SC,15,284,District - Champhai,Urban,Total,Marginal workers_Seeking/available for work_Males,0.0,DDW-1500B-03SC.xlsx,03SC
B0203SC,15,284,District - Champhai,Urban,Illiterate,Marginal workers_Seeking/available for work_Males,0.0,DDW-1500B-03SC.xlsx,03SC
B0203SC,15,284,District - Champhai,Urban,Literate,Marginal workers_Seeking/available for work_Males,0.0,DDW-1500B-03SC.xlsx,03SC
B0203SC,15,284,District - Champhai,Urban,Literate but below matric/secondary,Marginal workers_Seeking/available for work_Males,0.0,DDW-1500B-03SC.xlsx,03SC
B0203SC,15,284,District - Champhai,Urban,Matric/secondary but below graduate,Marginal workers_Seeking/available for work_Males,0.0,DDW-1500B-03SC.xlsx,03SC
B0203SC,15,284,District - Champhai,Urban,Technical diploma or certificate not equal to degree,Marginal workers_Seeking/available for work_Males,0.0,DDW-1500B-03SC.xlsx,03SC
B0203SC,15,284,District - Champhai,Urban,Graduate and above other than technical degree,Marginal workers_Seeking/available for work_Males,0.0,DDW-1500B-03SC.xlsx,03SC
B0203SC,15,284,District - Champhai,Urban,Technical degree or diploma equal to degree or post-graduate degree,Marginal workers_Seeking/available for work_Males,0.0,DDW-1500B-03SC.xlsx,03SC
B0203SC,15,285,District - Serchhip,Total,Total,Marginal workers_Seeking/available for work_Males,0.0,DDW-1500B-03SC.xlsx,03SC
B0203SC,15,285,District - Serchhip,Total,Illiterate,Marginal workers_Seeking/available for work_Males,0.0,DDW-1500B-03SC.xlsx,03SC
B0203SC,15,285,District - Serchhip,Total,Literate,Marginal workers_Seeking/available for work_Males,0.0,DDW-1500B-03SC.xlsx,03SC
B0203SC,15,285,District - Serchhip,Total,Literate but below matric/secondary,Marginal workers_Seeking/available for work_Males,0.0,DDW-1500B-03SC.xlsx,03SC
B0203SC,15,285,District - Serchhip,Total,Matric/secondary but below graduate,Marginal workers_Seeking/available for work_Males,0.0,DDW-1500B-03SC.xlsx,03SC
B0203SC,15,285,District - Serchhip,Total,Technical diploma or certificate not equal to degree,Marginal workers_Seeking/available for work_Males,0.0,DDW-1500B-03SC.xlsx,03SC
B0203SC,15,285,District - Serchhip,Total,Graduate and above other than technical degree,Marginal workers_Seeking/available for work_Males,0.0,DDW-1500B-03SC.xlsx,03SC
B0203SC,15,285,District - Serchhip,Total,Technical degree or diploma equal to degree or post-graduate degree,Marginal workers_Seeking/available for work_Males,0.0,DDW-1500B-03SC.xlsx,03SC
B0203SC,15,285,District - Serchhip,Rural,Total,Marginal workers_Seeking/available for work_Males,0.0,DDW-1500B-03SC.xlsx,03SC
B0203SC,15,285,District - Serchhip,Rural,Illiterate,Marginal workers_Seeking/available for work_Males,0.0,DDW-1500B-03SC.xlsx,03SC
B0203SC,15,285,District - Serchhip,Rural,Literate,Marginal workers_Seeking/available for work_Males,0.0,DDW-1500B-03SC.xlsx,03SC
B0203SC,15,285,District - Serchhip,Rural,Literate but below matric/secondary,Marginal workers_Seeking/available for work_Males,0.0,DDW-1500B-03SC.xlsx,03SC
B0203SC,15,285,District - Serchhip,Rural,Matric/secondary but below graduate,Marginal workers_Seeking/available for work_Males,0.0,DDW-1500B-03SC.xlsx,03SC
B0203SC,15,285,District - Serchhip,Rural,Technical diploma or certificate not equal to degree,Marginal workers_Seeking/available for work_Males,0.0,DDW-1500B-03SC.xlsx,03SC
B0203SC,15,285,District - Serchhip,Rural,Graduate and above other than technical degree,Marginal workers_Seeking/available for work_Males,0.0,DDW-1500B-03SC.xlsx,03SC
B0203SC,15,285,District - Serchhip,Rural,Technical degree or diploma equal to degree or post-graduate degree,Marginal workers_Seeking/available for work_Males,0.0,DDW-1500B-03SC.xlsx,03SC
B0203SC,15,285,District - Serchhip,Urban,Total,Marginal workers_Seeking/available for work_Males,0.0,DDW-1500B-03SC.xlsx,03SC
B0203SC,15,285,District - Serchhip,Urban,Illiterate,Marginal workers_Seeking/available for work_Males,0.0,DDW-1500B-03SC.xlsx,03SC
B0203SC,15,285,District - Serchhip,Urban,Literate,Marginal workers_Seeking/available for work_Males,0.0,DDW-1500B-03SC.xlsx,03SC
B0203SC,15,285,District - Serchhip,Urban,Literate but below matric/secondary,Marginal workers_Seeking/available for work_Males,0.0,DDW-1500B-03SC.xlsx,03SC
B0203SC,15,285,District - Serchhip,Urban,Matric/secondary but below graduate,Marginal workers_Seeking/available for work_Males,0.0,DDW-1500B-03SC.xlsx,03SC
B0203SC,15,285,District - Serchhip,Urban,Technical diploma or certificate not equal to degree,Marginal workers_Seeking/available for work_Males,0.0,DDW-1500B-03SC.xlsx,03SC
B0203SC,15,285,District - Serchhip,Urban,Graduate and above other than technical degree,Marginal workers_Seeking/available for work_Males,0.0,DDW-1500B-03SC.xlsx,03SC
B0203SC,15,285,District - Serchhip,Urban,Technical degree or diploma equal to degree or post-graduate degree,Marginal workers_Seeking/available for work_Males,0.0,DDW-1500B-03SC.xlsx,03SC
B0203SC,15,286,District - Lunglei,Total,Total,Marginal workers_Seeking/available for work_Males,0.0,DDW-1500B-03SC.xlsx,03SC
B0203SC,15,286,District - Lunglei,Total,Illiterate,Marginal workers_Seeking/available for work_Males,0.0,DDW-1500B-03SC.xlsx,03SC
B0203SC,15,286,District - Lunglei,Total,Literate,Marginal workers_Seeking/available for work_Males,0.0,DDW-1500B-03SC.xlsx,03SC
B0203SC,15,286,District - Lunglei,Total,Literate but below matric/secondary,Marginal workers_Seeking/available for work_Males,0.0,DDW-1500B-03SC.xlsx,03SC
B0203SC,15,286,District - Lunglei,Total,Matric/secondary but below graduate,Marginal workers_Seeking/available for work_Males,0.0,DDW-1500B-03SC.xlsx,03SC
B0203SC,15,286,District - Lunglei,Total,Technical diploma or certificate not equal to degree,Marginal workers_Seeking/available for work_Males,0.0,DDW-1500B-03SC.xlsx,03SC
B0203SC,15,286,District - Lunglei,Total,Graduate and above other than technical degree,Marginal workers_Seeking/available for work_Males,0.0,DDW-1500B-03SC.xlsx,03SC
B0203SC,15,286,District - Lunglei,Total,Technical degree or diploma equal to degree or post-graduate degree,Marginal workers_Seeking/available for work_Males,0.0,DDW-1500B-03SC.xlsx,03SC
B0203SC,15,286,District - Lunglei,Rural,Total,Marginal workers_Seeking/available for work_Males,0.0,DDW-1500B-03SC.xlsx,03SC
B0203SC,15,286,District - Lunglei,Rural,Illiterate,Marginal workers_Seeking/available for work_Males,0.0,DDW-1500B-03SC.xlsx,03SC
B0203SC,15,286,District - Lunglei,Rural,Literate,Marginal workers_Seeking/available for work_Males,0.0,DDW-1500B-03SC.xlsx,03SC
B0203SC,15,286,District - Lunglei,Rural,Literate but below matric/secondary,Marginal workers_Seeking/available for work_Males,0.0,DDW-1500B-03SC.xlsx,03SC
B0203SC,15,286,District - Lunglei,Rural,Matric/secondary but below graduate,Marginal workers_Seeking/available for work_Males,0.0,DDW-1500B-03SC.xlsx,03SC
B0203SC,15,286,District - Lunglei,Rural,Technical diploma or certificate not equal to degree,Marginal workers_Seeking/available for work_Males,0.0,DDW-1500B-03SC.xlsx,03SC
B0203SC,15,286,District - Lunglei,Rural,Graduate and above other than technical degree,Marginal workers_Seeking/available for work_Males,0.0,DDW-1500B-03SC.xlsx,03SC
B0203SC,15,286,District - Lunglei,Rural,Technical degree or diploma equal to degree or post-graduate degree,Marginal workers_Seeking/available for work_Males,0.0,DDW-1500B-03SC.xlsx,03SC
B0203SC,15,286,District - Lunglei,Urban,Total,Marginal workers_Seeking/available for work_Males,0.0,DDW-1500B-03SC.xlsx,03SC
B0203SC,15,286,District - Lunglei,Urban,Illiterate,Marginal workers_Seeking/available for work_Males,0.0,DDW-1500B-03SC.xlsx,03SC
B0203SC,15,286,District - Lunglei,Urban,Literate,Marginal workers_Seeking/available for work_Males,0.0,DDW-1500B-03SC.xlsx,03SC
B0203SC,15,286,District - Lunglei,Urban,Literate but below matric/secondary,Marginal workers_Seeking/available for work_Males,0.0,DDW-1500B-03SC.xlsx,03SC
B0203SC,15,286,District - Lunglei,Urban,Matric/secondary but below graduate,Marginal workers_Seeking/available for work_Males,0.0,DDW-1500B-03SC.xlsx,03SC
B0203SC,15,286,District - Lunglei,Urban,Technical diploma or certificate not equal to degree,Marginal workers_Seeking/available for work_Males,0.0,DDW-1500B-03SC.xlsx,03SC
B0203SC,15,286,District - Lunglei,Urban,Graduate and above other than technical degree,Marginal workers_Seeking/available for work_Males,0.0,DDW-1500B-03SC.xlsx,03SC
B0203SC,15,286,District - Lunglei,Urban,Technical degree or diploma equal to degree or post-graduate degree,Marginal workers_Seeking/available for work_Males,0.0,DDW-1500B-03SC.xlsx,03SC
B0203SC,15,287,District - Lawngtlai,Total,Total,Marginal workers_Seeking/available for work_Males,1.0,DDW-1500B-03SC.xlsx,03SC
B0203SC,15,287,District - Lawngtlai,Total,Illiterate,Marginal workers_Seeking/available for work_Males,1.0,DDW-1500B-03SC.xlsx,03SC
B0203SC,15,287,District - Lawngtlai,Total,Literate,Marginal workers_Seeking/available for work_Males,0.0,DDW-1500B-03SC.xlsx,03SC
B0203SC,15,287,District - Lawngtlai,Total,Literate but below matric/secondary,Marginal workers_Seeking/available for work_Males,0.0,DDW-1500B-03SC.xlsx,03SC
B0203SC,15,287,District - Lawngtlai,Total,Matric/secondary but below graduate,Marginal workers_Seeking/available for work_Males,0.0,DDW-1500B-03SC.xlsx,03SC
B0203SC,15,287,District - Lawngtlai,Total,Technical diploma or certificate not equal to degree,Marginal workers_Seeking/available for work_Males,0.0,DDW-1500B-03SC.xlsx,03SC
B0203SC,15,287,District - Lawngtlai,Total,Graduate and above other than technical degree,Marginal workers_Seeking/available for work_Males,0.0,DDW-1500B-03SC.xlsx,03SC
B0203SC,15,287,District - Lawngtlai,Total,Technical degree or diploma equal to degree or post-graduate degree,Marginal workers_Seeking/available for work_Males,0.0,DDW-1500B-03SC.xlsx,03SC
B0203SC,15,287,District - Lawngtlai,Rural,Total,Marginal workers_Seeking/available for work_Males,1.0,DDW-1500B-03SC.xlsx,03SC
B0203SC,15,287,District - Lawngtlai,Rural,Illiterate,Marginal workers_Seeking/available for work_Males,1.0,DDW-1500B-03SC.xlsx,03SC
B0203SC,15,287,District - Lawngtlai,Rural,Literate,Marginal workers_Seeking/available for work_Males,0.0,DDW-1500B-03SC.xlsx,03SC
B0203SC,15,287,District - Lawngtlai,Rural,Literate but below matric/secondary,Marginal workers_Seeking/available for work_Males,0.0,DDW-1500B-03SC.xlsx,03SC
B0203SC,15,287,District - Lawngtlai,Rural,Matric/secondary but below graduate,Marginal workers_Seeking/available for work_Males,0.0,DDW-1500B-03SC.xlsx,03SC
B0203SC,15,287,District - Lawngtlai,Rural,Technical diploma or certificate not equal to degree,Marginal workers_Seeking/available for work_Males,0.0,DDW-1500B-03SC.xlsx,03SC
B0203SC,15,287,District - Lawngtlai,Rural,Graduate and above other than technical degree,Marginal workers_Seeking/available for work_Males,0.0,DDW-1500B-03SC.xlsx,03SC
B0203SC,15,287,District - Lawngtlai,Rural,Technical degree or diploma equal to degree or post-graduate degree,Marginal workers_Seeking/available for work_Males,0.0,DDW-1500B-03SC.xlsx,03SC
B0203SC,15,287,District - Lawngtlai,Urban,Total,Marginal workers_Seeking/available for work_Males,0.0,DDW-1500B-03SC.xlsx,03SC
B0203SC,15,287,District - Lawngtlai,Urban,Illiterate,Marginal workers_Seeking/available for work_Males,0.0,DDW-1500B-03SC.xlsx,03SC
B0203SC,15,287,District - Lawngtlai,Urban,Literate,Marginal workers_Seeking/available for work_Males,0.0,DDW-1500B-03SC.xlsx,03SC
B0203SC,15,287,District - Lawngtlai,Urban,Literate but below matric/secondary,Marginal workers_Seeking/available for work_Males,0.0,DDW-1500B-03SC.xlsx,03SC
B0203SC,15,287,District - Lawngtlai,Urban,Matric/secondary but below graduate,Marginal workers_Seeking/available for work_Males,0.0,DDW-1500B-03SC.xlsx,03SC
B0203SC,15,287,District - Lawngtlai,Urban,Technical diploma or certificate not equal to degree,Marginal workers_Seeking/available for work_Males,0.0,DDW-1500B-03SC.xlsx,03SC
B0203SC,15,287,District - Lawngtlai,Urban,Graduate and above other than technical degree,Marginal workers_Seeking/available for work_Males,0.0,DDW-1500B-03SC.xlsx,03SC
B0203SC,15,287,District - Lawngtlai,Urban,Technical degree or diploma equal to degree or post-graduate degree,Marginal workers_Seeking/available for work_Males,0.0,DDW-1500B-03SC.xlsx,03SC
B0203SC,15,288,District - Saiha,Total,Total,Marginal workers_Seeking/available for work_Males,1.0,DDW-1500B-03SC.xlsx,03SC
B0203SC,15,288,District - Saiha,Total,Illiterate,Marginal workers_Seeking/available for work_Males,0.0,DDW-1500B-03SC.xlsx,03SC
B0203SC,15,288,District - Saiha,Total,Literate,Marginal workers_Seeking/available for work_Males,1.0,DDW-1500B-03SC.xlsx,03SC
B0203SC,15,288,District - Saiha,Total,Literate but below matric/secondary,Marginal workers_Seeking/available for work_Males,0.0,DDW-1500B-03SC.xlsx,03SC
B0203SC,15,288,District - Saiha,Total,Matric/secondary but below graduate,Marginal workers_Seeking/available for work_Males,1.0,DDW-1500B-03SC.xlsx,03SC
B0203SC,15,288,District - Saiha,Total,Technical diploma or certificate not equal to degree,Marginal workers_Seeking/available for work_Males,0.0,DDW-1500B-03SC.xlsx,03SC
B0203SC,15,288,District - Saiha,Total,Graduate and above other than technical degree,Marginal workers_Seeking/available for work_Males,0.0,DDW-1500B-03SC.xlsx,03SC
B0203SC,15,288,District - Saiha,Total,Technical degree or diploma equal to degree or post-graduate degree,Marginal workers_Seeking/available for work_Males,0.0,DDW-1500B-03SC.xlsx,03SC
B0203SC,15,288,District - Saiha,Rural,Total,Marginal workers_Seeking/available for work_Males,0.0,DDW-1500B-03SC.xlsx,03SC
B0203SC,15,288,District - Saiha,Rural,Illiterate,Marginal workers_Seeking/available for work_Males,0.0,DDW-1500B-03SC.xlsx,03SC
B0203SC,15,288,District - Saiha,Rural,Literate,Marginal workers_Seeking/available for work_Males,0.0,DDW-1500B-03SC.xlsx,03SC
B0203SC,15,288,District - Saiha,Rural,Literate but below matric/secondary,Marginal workers_Seeking/available for work_Males,0.0,DDW-1500B-03SC.xlsx,03SC
B0203SC,15,288,District - Saiha,Rural,Matric/secondary but below graduate,Marginal workers_Seeking/available for work_Males,0.0,DDW-1500B-03SC.xlsx,03SC
B0203SC,15,288,District - Saiha,Rural,Technical diploma or certificate not equal to degree,Marginal workers_Seeking/available for work_Males,0.0,DDW-1500B-03SC.xlsx,03SC
B0203SC,15,288,District - Saiha,Rural,Graduate and above other than technical degree,Marginal workers_Seeking/available for work_Males,0.0,DDW-1500B-03SC.xlsx,03SC
B0203SC,15,288,District - Saiha,Rural,Technical degree or diploma equal to degree or post-graduate degree,Marginal workers_Seeking/available for work_Males,0.0,DDW-1500B-03SC.xlsx,03SC
B0203SC,15,288,District - Saiha,Urban,Total,Marginal workers_Seeking/available for work_Males,1.0,DDW-1500B-03SC.xlsx,03SC
B0203SC,15,288,District - Saiha,Urban,Illiterate,Marginal workers_Seeking/available for work_Males,0.0,DDW-1500B-03SC.xlsx,03SC
B0203SC,15,288,District - Saiha,Urban,Literate,Marginal workers_Seeking/available for work_Males,1.0,DDW-1500B-03SC.xlsx,03SC
B0203SC,15,288,District - Saiha,Urban,Literate but below matric/secondary,Marginal workers_Seeking/available for work_Males,0.0,DDW-1500B-03SC.xlsx,03SC
B0203SC,15,288,District - Saiha,Urban,Matric/secondary but below graduate,Marginal workers_Seeking/available for work_Males,1.0,DDW-1500B-03SC.xlsx,03SC
B0203SC,15,288,District - Saiha,Urban,Technical diploma or certificate not equal to degree,Marginal workers_Seeking/available for work_Males,0.0,DDW-1500B-03SC.xlsx,03SC
B0203SC,15,288,District - Saiha,Urban,Graduate and above other than technical degree,Marginal workers_Seeking/available for work_Males,0.0,DDW-1500B-03SC.xlsx,03SC
B0203SC,15,288,District - Saiha,Urban,Technical degree or diploma equal to degree or post-graduate degree,Marginal workers_Seeking/available for work_Males,0.0,DDW-1500B-03SC.xlsx,03SC
B0203SC,15,000,State - MIZORAM,Total,Total,Marginal workers_Seeking/available for work_Females,8.0,DDW-1500B-03SC.xlsx,03SC
B0203SC,15,000,State - MIZORAM,Total,Illiterate,Marginal workers_Seeking/available for work_Females,1.0,DDW-1500B-03SC.xlsx,03SC
B0203SC,15,000,State - MIZORAM,Total,Literate,Marginal workers_Seeking/available for work_Females,7.0,DDW-1500B-03SC.xlsx,03SC
B0203SC,15,000,State - MIZORAM,Total,Literate but below matric/secondary,Marginal workers_Seeking/available for work_Females,5.0,DDW-1500B-03SC.xlsx,03SC
B0203SC,15,000,State - MIZORAM,Total,Matric/secondary but below graduate,Marginal workers_Seeking/available for work_Females,2.0,DDW-1500B-03SC.xlsx,03SC
B0203SC,15,000,State - MIZORAM,Total,Technical diploma or certificate not equal to degree,Marginal workers_Seeking/available for work_Females,0.0,DDW-1500B-03SC.xlsx,03SC
B0203SC,15,000,State - MIZORAM,Total,Graduate and above other than technical degree,Marginal workers_Seeking/available for work_Females,0.0,DDW-1500B-03SC.xlsx,03SC
B0203SC,15,000,State - MIZORAM,Total,Technical degree or diploma equal to degree or post-graduate degree,Marginal workers_Seeking/available for work_Females,0.0,DDW-1500B-03SC.xlsx,03SC
B0203SC,15,000,State - MIZORAM,Rural,Total,Marginal workers_Seeking/available for work_Females,1.0,DDW-1500B-03SC.xlsx,03SC
B0203SC,15,000,State - MIZORAM,Rural,Illiterate,Marginal workers_Seeking/available for work_Females,0.0,DDW-1500B-03SC.xlsx,03SC
B0203SC,15,000,State - MIZORAM,Rural,Literate,Marginal workers_Seeking/available for work_Females,1.0,DDW-1500B-03SC.xlsx,03SC
B0203SC,15,000,State - MIZORAM,Rural,Literate but below matric/secondary,Marginal workers_Seeking/available for work_Females,0.0,DDW-1500B-03SC.xlsx,03SC
B0203SC,15,000,State - MIZORAM,Rural,Matric/secondary but below graduate,Marginal workers_Seeking/available for work_Females,1.0,DDW-1500B-03SC.xlsx,03SC
B0203SC,15,000,State - MIZORAM,Rural,Technical diploma or certificate not equal to degree,Marginal workers_Seeking/available for work_Females,0.0,DDW-1500B-03SC.xlsx,03SC
B0203SC,15,000,State - MIZORAM,Rural,Graduate and above other than technical degree,Marginal workers_Seeking/available for work_Females,0.0,DDW-1500B-03SC.xlsx,03SC
B0203SC,15,000,State - MIZORAM,Rural,Technical degree or diploma equal to degree or post-graduate degree,Marginal workers_Seeking/available for work_Females,0.0,DDW-1500B-03SC.xlsx,03SC
B0203SC,15,000,State - MIZORAM,Urban,Total,Marginal workers_Seeking/available for work_Females,7.0,DDW-1500B-03SC.xlsx,03SC
B0203SC,15,000,State - MIZORAM,Urban,Illiterate,Marginal workers_Seeking/available for work_Females,1.0,DDW-1500B-03SC.xlsx,03SC
B0203SC,15,000,State - MIZORAM,Urban,Literate,Marginal workers_Seeking/available for work_Females,6.0,DDW-1500B-03SC.xlsx,03SC
B0203SC,15,000,State - MIZORAM,Urban,Literate but below matric/secondary,Marginal workers_Seeking/available for work_Females,5.0,DDW-1500B-03SC.xlsx,03SC
B0203SC,15,000,State - MIZORAM,Urban,Matric/secondary but below graduate,Marginal workers_Seeking/available for work_Females,1.0,DDW-1500B-03SC.xlsx,03SC
B0203SC,15,000,State - MIZORAM,Urban,Technical diploma or certificate not equal to degree,Marginal workers_Seeking/available for work_Females,0.0,DDW-1500B-03SC.xlsx,03SC
B0203SC,15,000,State - MIZORAM,Urban,Graduate and above other than technical degree,Marginal workers_Seeking/available for work_Females,0.0,DDW-1500B-03SC.xlsx,03SC
B0203SC,15,000,State - MIZORAM,Urban,Technical degree or diploma equal to degree or post-graduate degree,Marginal workers_Seeking/available for work_Females,0.0,DDW-1500B-03SC.xlsx,03SC
B0203SC,15,281,District - Mamit,Total,Total,Marginal workers_Seeking/available for work_Females,0.0,DDW-1500B-03SC.xlsx,03SC
B0203SC,15,281,District - Mamit,Total,Illiterate,Marginal workers_Seeking/available for work_Females,0.0,DDW-1500B-03SC.xlsx,03SC
B0203SC,15,281,District - Mamit,Total,Literate,Marginal workers_Seeking/available for work_Females,0.0,DDW-1500B-03SC.xlsx,03SC
B0203SC,15,281,District - Mamit,Total,Literate but below matric/secondary,Marginal workers_Seeking/available for work_Females,0.0,DDW-1500B-03SC.xlsx,03SC
B0203SC,15,281,District - Mamit,Total,Matric/secondary but below graduate,Marginal workers_Seeking/available for work_Females,0.0,DDW-1500B-03SC.xlsx,03SC
B0203SC,15,281,District - Mamit,Total,Technical diploma or certificate not equal to degree,Marginal workers_Seeking/available for work_Females,0.0,DDW-1500B-03SC.xlsx,03SC
B0203SC,15,281,District - Mamit,Total,Graduate and above other than technical degree,Marginal workers_Seeking/available for work_Females,0.0,DDW-1500B-03SC.xlsx,03SC
B0203SC,15,281,District - Mamit,Total,Technical degree or diploma equal to degree or post-graduate degree,Marginal workers_Seeking/available for work_Females,0.0,DDW-1500B-03SC.xlsx,03SC
B0203SC,15,281,District - Mamit,Rural,Total,Marginal workers_Seeking/available for work_Females,0.0,DDW-1500B-03SC.xlsx,03SC
B0203SC,15,281,District - Mamit,Rural,Illiterate,Marginal workers_Seeking/available for work_Females,0.0,DDW-1500B-03SC.xlsx,03SC
B0203SC,15,281,District - Mamit,Rural,Literate,Marginal workers_Seeking/available for work_Females,0.0,DDW-1500B-03SC.xlsx,03SC
B0203SC,15,281,District - Mamit,Rural,Literate but below matric/secondary,Marginal workers_Seeking/available for work_Females,0.0,DDW-1500B-03SC.xlsx,03SC
B0203SC,15,281,District - Mamit,Rural,Matric/secondary but below graduate,Marginal workers_Seeking/available for work_Females,0.0,DDW-1500B-03SC.xlsx,03SC
B0203SC,15,281,District - Mamit,Rural,Technical diploma or certificate not equal to degree,Marginal workers_Seeking/available for work_Females,0.0,DDW-1500B-03SC.xlsx,03SC
B0203SC,15,281,District - Mamit,Rural,Graduate and above other than technical degree,Marginal workers_Seeking/available for work_Females,0.0,DDW-1500B-03SC.xlsx,03SC
B0203SC,15,281,District - Mamit,Rural,Technical degree or diploma equal to degree or post-graduate degree,Marginal workers_Seeking/available for work_Females,0.0,DDW-1500B-03SC.xlsx,03SC
B0203SC,15,281,District - Mamit,Urban,Total,Marginal workers_Seeking/available for work_Females,0.0,DDW-1500B-03SC.xlsx,03SC
B0203SC,15,281,District - Mamit,Urban,Illiterate,Marginal workers_Seeking/available for work_Females,0.0,DDW-1500B-03SC.xlsx,03SC
B0203SC,15,281,District - Mamit,Urban,Literate,Marginal workers_Seeking/available for work_Females,0.0,DDW-1500B-03SC.xlsx,03SC
B0203SC,15,281,District - Mamit,Urban,Literate but below matric/secondary,Marginal workers_Seeking/available for work_Females,0.0,DDW-1500B-03SC.xlsx,03SC
B0203SC,15,281,District - Mamit,Urban,Matric/secondary but below graduate,Marginal workers_Seeking/available for work_Females,0.0,DDW-1500B-03SC.xlsx,03SC
B0203SC,15,281,District - Mamit,Urban,Technical diploma or certificate not equal to degree,Marginal workers_Seeking/available for work_Females,0.0,DDW-1500B-03SC.xlsx,03SC
B0203SC,15,281,District - Mamit,Urban,Graduate and above other than technical degree,Marginal workers_Seeking/available for work_Females,0.0,DDW-1500B-03SC.xlsx,03SC
B0203SC,15,281,District - Mamit,Urban,Technical degree or diploma equal to degree or post-graduate degree,Marginal workers_Seeking/available for work_Females,0.0,DDW-1500B-03SC.xlsx,03SC
B0203SC,15,282,District - Kolasib,Total,Total,Marginal workers_Seeking/available for work_Females,2.0,DDW-1500B-03SC.xlsx,03SC
B0203SC,15,282,District - Kolasib,Total,Illiterate,Marginal workers_Seeking/available for work_Females,1.0,DDW-1500B-03SC.xlsx,03SC
B0203SC,15,282,District - Kolasib,Total,Literate,Marginal workers_Seeking/available for work_Females,1.0,DDW-1500B-03SC.xlsx,03SC
B0203SC,15,282,District - Kolasib,Total,Literate but below matric/secondary,Marginal workers_Seeking/available for work_Females,1.0,DDW-1500B-03SC.xlsx,03SC
B0203SC,15,282,District - Kolasib,Total,Matric/secondary but below graduate,Marginal workers_Seeking/available for work_Females,0.0,DDW-1500B-03SC.xlsx,03SC
B0203SC,15,282,District - Kolasib,Total,Technical diploma or certificate not equal to degree,Marginal workers_Seeking/available for work_Females,0.0,DDW-1500B-03SC.xlsx,03SC
B0203SC,15,282,District - Kolasib,Total,Graduate and above other than technical degree,Marginal workers_Seeking/available for work_Females,0.0,DDW-1500B-03SC.xlsx,03SC
B0203SC,15,282,District - Kolasib,Total,Technical degree or diploma equal to degree or post-graduate degree,Marginal workers_Seeking/available for work_Females,0.0,DDW-1500B-03SC.xlsx,03SC
B0203SC,15,282,District - Kolasib,Rural,Total,Marginal workers_Seeking/available for work_Females,0.0,DDW-1500B-03SC.xlsx,03SC
B0203SC,15,282,District - Kolasib,Rural,Illiterate,Marginal workers_Seeking/available for work_Females,0.0,DDW-1500B-03SC.xlsx,03SC
B0203SC,15,282,District - Kolasib,Rural,Literate,Marginal workers_Seeking/available for work_Females,0.0,DDW-1500B-03SC.xlsx,03SC
B0203SC,15,282,District - Kolasib,Rural,Literate but below matric/secondary,Marginal workers_Seeking/available for work_Females,0.0,DDW-1500B-03SC.xlsx,03SC
B0203SC,15,282,District - Kolasib,Rural,Matric/secondary but below graduate,Marginal workers_Seeking/available for work_Females,0.0,DDW-1500B-03SC.xlsx,03SC
B0203SC,15,282,District - Kolasib,Rural,Technical diploma or certificate not equal to degree,Marginal workers_Seeking/available for work_Females,0.0,DDW-1500B-03SC.xlsx,03SC
B0203SC,15,282,District - Kolasib,Rural,Graduate and above other than technical degree,Marginal workers_Seeking/available for work_Females,0.0,DDW-1500B-03SC.xlsx,03SC
B0203SC,15,282,District - Kolasib,Rural,Technical degree or diploma equal to degree or post-graduate degree,Marginal workers_Seeking/available for work_Females,0.0,DDW-1500B-03SC.xlsx,03SC
B0203SC,15,282,District - Kolasib,Urban,Total,Marginal workers_Seeking/available for work_Females,2.0,DDW-1500B-03SC.xlsx,03SC
B0203SC,15,282,District - Kolasib,Urban,Illiterate,Marginal workers_Seeking/available for work_Females,1.0,DDW-1500B-03SC.xlsx,03SC
B0203SC,15,282,District - Kolasib,Urban,Literate,Marginal workers_Seeking/available for work_Females,1.0,DDW-1500B-03SC.xlsx,03SC
B0203SC,15,282,District - Kolasib,Urban,Literate but below matric/secondary,Marginal workers_Seeking/available for work_Females,1.0,DDW-1500B-03SC.xlsx,03SC
B0203SC,15,282,District - Kolasib,Urban,Matric/secondary but below graduate,Marginal workers_Seeking/available for work_Females,0.0,DDW-1500B-03SC.xlsx,03SC
B0203SC,15,282,District - Kolasib,Urban,Technical diploma or certificate not equal to degree,Marginal workers_Seeking/available for work_Females,0.0,DDW-1500B-03SC.xlsx,03SC
B0203SC,15,282,District - Kolasib,Urban,Graduate and above other than technical degree,Marginal workers_Seeking/available for work_Females,0.0,DDW-1500B-03SC.xlsx,03SC
B0203SC,15,282,District - Kolasib,Urban,Technical degree or diploma equal to degree or post-graduate degree,Marginal workers_Seeking/available for work_Females,0.0,DDW-1500B-03SC.xlsx,03SC
B0203SC,15,283,District - Aizawl,Total,Total,Marginal workers_Seeking/available for work_Females,4.0,DDW-1500B-03SC.xlsx,03SC
B0203SC,15,283,District - Aizawl,Total,Illiterate,Marginal workers_Seeking/available for work_Females,0.0,DDW-1500B-03SC.xlsx,03SC
B0203SC,15,283,District - Aizawl,Total,Literate,Marginal workers_Seeking/available for work_Females,4.0,DDW-1500B-03SC.xlsx,03SC
B0203SC,15,283,District - Aizawl,Total,Literate but below matric/secondary,Marginal workers_Seeking/available for work_Females,3.0,DDW-1500B-03SC.xlsx,03SC
B0203SC,15,283,District - Aizawl,Total,Matric/secondary but below graduate,Marginal workers_Seeking/available for work_Females,1.0,DDW-1500B-03SC.xlsx,03SC
B0203SC,15,283,District - Aizawl,Total,Technical diploma or certificate not equal to degree,Marginal workers_Seeking/available for work_Females,0.0,DDW-1500B-03SC.xlsx,03SC
B0203SC,15,283,District - Aizawl,Total,Graduate and above other than technical degree,Marginal workers_Seeking/available for work_Females,0.0,DDW-1500B-03SC.xlsx,03SC
B0203SC,15,283,District - Aizawl,Total,Technical degree or diploma equal to degree or post-graduate degree,Marginal workers_Seeking/available for work_Females,0.0,DDW-1500B-03SC.xlsx,03SC
B0203SC,15,283,District - Aizawl,Rural,Total,Marginal workers_Seeking/available for work_Females,0.0,DDW-1500B-03SC.xlsx,03SC
B0203SC,15,283,District - Aizawl,Rural,Illiterate,Marginal workers_Seeking/available for work_Females,0.0,DDW-1500B-03SC.xlsx,03SC
B0203SC,15,283,District - Aizawl,Rural,Literate,Marginal workers_Seeking/available for work_Females,0.0,DDW-1500B-03SC.xlsx,03SC
B0203SC,15,283,District - Aizawl,Rural,Literate but below matric/secondary,Marginal workers_Seeking/available for work_Females,0.0,DDW-1500B-03SC.xlsx,03SC
B0203SC,15,283,District - Aizawl,Rural,Matric/secondary but below graduate,Marginal workers_Seeking/available for work_Females,0.0,DDW-1500B-03SC.xlsx,03SC
B0203SC,15,283,District - Aizawl,Rural,Technical diploma or certificate not equal to degree,Marginal workers_Seeking/available for work_Females,0.0,DDW-1500B-03SC.xlsx,03SC
B0203SC,15,283,District - Aizawl,Rural,Graduate and above other than technical degree,Marginal workers_Seeking/available for work_Females,0.0,DDW-1500B-03SC.xlsx,03SC
B0203SC,15,283,District - Aizawl,Rural,Technical degree or diploma equal to degree or post-graduate degree,Marginal workers_Seeking/available for work_Females,0.0,DDW-1500B-03SC.xlsx,03SC
B0203SC,15,283,District - Aizawl,Urban,Total,Marginal workers_Seeking/available for work_Females,4.0,DDW-1500B-03SC.xlsx,03SC
B0203SC,15,283,District - Aizawl,Urban,Illiterate,Marginal workers_Seeking/available for work_Females,0.0,DDW-1500B-03SC.xlsx,03SC
B0203SC,15,283,District - Aizawl,Urban,Literate,Marginal workers_Seeking/available for work_Females,4.0,DDW-1500B-03SC.xlsx,03SC
B0203SC,15,283,District - Aizawl,Urban,Literate but below matric/secondary,Marginal workers_Seeking/available for work_Females,3.0,DDW-1500B-03SC.xlsx,03SC
B0203SC,15,283,District - Aizawl,Urban,Matric/secondary but below graduate,Marginal workers_Seeking/available for work_Females,1.0,DDW-1500B-03SC.xlsx,03SC
B0203SC,15,283,District - Aizawl,Urban,Technical diploma or certificate not equal to degree,Marginal workers_Seeking/available for work_Females,0.0,DDW-1500B-03SC.xlsx,03SC
B0203SC,15,283,District - Aizawl,Urban,Graduate and above other than technical degree,Marginal workers_Seeking/available for work_Females,0.0,DDW-1500B-03SC.xlsx,03SC
B0203SC,15,283,District - Aizawl,Urban,Technical degree or diploma equal to degree or post-graduate degree,Marginal workers_Seeking/available for work_Females,0.0,DDW-1500B-03SC.xlsx,03SC
B0203SC,15,284,District - Champhai,Total,Total,Marginal workers_Seeking/available for work_Females,0.0,DDW-1500B-03SC.xlsx,03SC
B0203SC,15,284,District - Champhai,Total,Illiterate,Marginal workers_Seeking/available for work_Females,0.0,DDW-1500B-03SC.xlsx,03SC
B0203SC,15,284,District - Champhai,Total,Literate,Marginal workers_Seeking/available for work_Females,0.0,DDW-1500B-03SC.xlsx,03SC
B0203SC,15,284,District - Champhai,Total,Literate but below matric/secondary,Marginal workers_Seeking/available for work_Females,0.0,DDW-1500B-03SC.xlsx,03SC
B0203SC,15,284,District - Champhai,Total,Matric/secondary but below graduate,Marginal workers_Seeking/available for work_Females,0.0,DDW-1500B-03SC.xlsx,03SC
B0203SC,15,284,District - Champhai,Total,Technical diploma or certificate not equal to degree,Marginal workers_Seeking/available for work_Females,0.0,DDW-1500B-03SC.xlsx,03SC
B0203SC,15,284,District - Champhai,Total,Graduate and above other than technical degree,Marginal workers_Seeking/available for work_Females,0.0,DDW-1500B-03SC.xlsx,03SC
B0203SC,15,284,District - Champhai,Total,Technical degree or diploma equal to degree or post-graduate degree,Marginal workers_Seeking/available for work_Females,0.0,DDW-1500B-03SC.xlsx,03SC
B0203SC,15,284,District - Champhai,Rural,Total,Marginal workers_Seeking/available for work_Females,0.0,DDW-1500B-03SC.xlsx,03SC
B0203SC,15,284,District - Champhai,Rural,Illiterate,Marginal workers_Seeking/available for work_Females,0.0,DDW-1500B-03SC.xlsx,03SC
B0203SC,15,284,District - Champhai,Rural,Literate,Marginal workers_Seeking/available for work_Females,0.0,DDW-1500B-03SC.xlsx,03SC
B0203SC,15,284,District - Champhai,Rural,Literate but below matric/secondary,Marginal workers_Seeking/available for work_Females,0.0,DDW-1500B-03SC.xlsx,03SC
B0203SC,15,284,District - Champhai,Rural,Matric/secondary but below graduate,Marginal workers_Seeking/available for work_Females,0.0,DDW-1500B-03SC.xlsx,03SC
B0203SC,15,284,District - Champhai,Rural,Technical diploma or certificate not equal to degree,Marginal workers_Seeking/available for work_Females,0.0,DDW-1500B-03SC.xlsx,03SC
B0203SC,15,284,District - Champhai,Rural,Graduate and above other than technical degree,Marginal workers_Seeking/available for work_Females,0.0,DDW-1500B-03SC.xlsx,03SC
B0203SC,15,284,District - Champhai,Rural,Technical degree or diploma equal to degree or post-graduate degree,Marginal workers_Seeking/available for work_Females,0.0,DDW-1500B-03SC.xlsx,03SC
B0203SC,15,284,District - Champhai,Urban,Total,Marginal workers_Seeking/available for work_Females,0.0,DDW-1500B-03SC.xlsx,03SC
B0203SC,15,284,District - Champhai,Urban,Illiterate,Marginal workers_Seeking/available for work_Females,0.0,DDW-1500B-03SC.xlsx,03SC
B0203SC,15,284,District - Champhai,Urban,Literate,Marginal workers_Seeking/available for work_Females,0.0,DDW-1500B-03SC.xlsx,03SC
B0203SC,15,284,District - Champhai,Urban,Literate but below matric/secondary,Marginal workers_Seeking/available for work_Females,0.0,DDW-1500B-03SC.xlsx,03SC
B0203SC,15,284,District - Champhai,Urban,Matric/secondary but below graduate,Marginal workers_Seeking/available for work_Females,0.0,DDW-1500B-03SC.xlsx,03SC
B0203SC,15,284,District - Champhai,Urban,Technical diploma or certificate not equal to degree,Marginal workers_Seeking/available for work_Females,0.0,DDW-1500B-03SC.xlsx,03SC
B0203SC,15,284,District - Champhai,Urban,Graduate and above other than technical degree,Marginal workers_Seeking/available for work_Females,0.0,DDW-1500B-03SC.xlsx,03SC
B0203SC,15,284,District - Champhai,Urban,Technical degree or diploma equal to degree or post-graduate degree,Marginal workers_Seeking/available for work_Females,0.0,DDW-1500B-03SC.xlsx,03SC
B0203SC,15,285,District - Serchhip,Total,Total,Marginal workers_Seeking/available for work_Females,0.0,DDW-1500B-03SC.xlsx,03SC
B0203SC,15,285,District - Serchhip,Total,Illiterate,Marginal workers_Seeking/available for work_Females,0.0,DDW-1500B-03SC.xlsx,03SC
B0203SC,15,285,District - Serchhip,Total,Literate,Marginal workers_Seeking/available for work_Females,0.0,DDW-1500B-03SC.xlsx,03SC
B0203SC,15,285,District - Serchhip,Total,Literate but below matric/secondary,Marginal workers_Seeking/available for work_Females,0.0,DDW-1500B-03SC.xlsx,03SC
B0203SC,15,285,District - Serchhip,Total,Matric/secondary but below graduate,Marginal workers_Seeking/available for work_Females,0.0,DDW-1500B-03SC.xlsx,03SC
B0203SC,15,285,District - Serchhip,Total,Technical diploma or certificate not equal to degree,Marginal workers_Seeking/available for work_Females,0.0,DDW-1500B-03SC.xlsx,03SC
B0203SC,15,285,District - Serchhip,Total,Graduate and above other than technical degree,Marginal workers_Seeking/available for work_Females,0.0,DDW-1500B-03SC.xlsx,03SC
B0203SC,15,285,District - Serchhip,Total,Technical degree or diploma equal to degree or post-graduate degree,Marginal workers_Seeking/available for work_Females,0.0,DDW-1500B-03SC.xlsx,03SC
B0203SC,15,285,District - Serchhip,Rural,Total,Marginal workers_Seeking/available for work_Females,0.0,DDW-1500B-03SC.xlsx,03SC
B0203SC,15,285,District - Serchhip,Rural,Illiterate,Marginal workers_Seeking/available for work_Females,0.0,DDW-1500B-03SC.xlsx,03SC
B0203SC,15,285,District - Serchhip,Rural,Literate,Marginal workers_Seeking/available for work_Females,0.0,DDW-1500B-03SC.xlsx,03SC
B0203SC,15,285,District - Serchhip,Rural,Literate but below matric/secondary,Marginal workers_Seeking/available for work_Females,0.0,DDW-1500B-03SC.xlsx,03SC
B0203SC,15,285,District - Serchhip,Rural,Matric/secondary but below graduate,Marginal workers_Seeking/available for work_Females,0.0,DDW-1500B-03SC.xlsx,03SC
B0203SC,15,285,District - Serchhip,Rural,Technical diploma or certificate not equal to degree,Marginal workers_Seeking/available for work_Females,0.0,DDW-1500B-03SC.xlsx,03SC
B0203SC,15,285,District - Serchhip,Rural,Graduate and above other than technical degree,Marginal workers_Seeking/available for work_Females,0.0,DDW-1500B-03SC.xlsx,03SC
B0203SC,15,285,District - Serchhip,Rural,Technical degree or diploma equal to degree or post-graduate degree,Marginal workers_Seeking/available for work_Females,0.0,DDW-1500B-03SC.xlsx,03SC
B0203SC,15,285,District - Serchhip,Urban,Total,Marginal workers_Seeking/available for work_Females,0.0,DDW-1500B-03SC.xlsx,03SC
B0203SC,15,285,District - Serchhip,Urban,Illiterate,Marginal workers_Seeking/available for work_Females,0.0,DDW-1500B-03SC.xlsx,03SC
B0203SC,15,285,District - Serchhip,Urban,Literate,Marginal workers_Seeking/available for work_Females,0.0,DDW-1500B-03SC.xlsx,03SC
B0203SC,15,285,District - Serchhip,Urban,Literate but below matric/secondary,Marginal workers_Seeking/available for work_Females,0.0,DDW-1500B-03SC.xlsx,03SC
B0203SC,15,285,District - Serchhip,Urban,Matric/secondary but below graduate,Marginal workers_Seeking/available for work_Females,0.0,DDW-1500B-03SC.xlsx,03SC
B0203SC,15,285,District - Serchhip,Urban,Technical diploma or certificate not equal to degree,Marginal workers_Seeking/available for work_Females,0.0,DDW-1500B-03SC.xlsx,03SC
B0203SC,15,285,District - Serchhip,Urban,Graduate and above other than technical degree,Marginal workers_Seeking/available for work_Females,0.0,DDW-1500B-03SC.xlsx,03SC
B0203SC,15,285,District - Serchhip,Urban,Technical degree or diploma equal to degree or post-graduate degree,Marginal workers_Seeking/available for work_Females,0.0,DDW-1500B-03SC.xlsx,03SC
B0203SC,15,286,District - Lunglei,Total,Total,Marginal workers_Seeking/available for work_Females,0.0,DDW-1500B-03SC.xlsx,03SC
B0203SC,15,286,District - Lunglei,Total,Illiterate,Marginal workers_Seeking/available for work_Females,0.0,DDW-1500B-03SC.xlsx,03SC
B0203SC,15,286,District - Lunglei,Total,Literate,Marginal workers_Seeking/available for work_Females,0.0,DDW-1500B-03SC.xlsx,03SC
B0203SC,15,286,District - Lunglei,Total,Literate but below matric/secondary,Marginal workers_Seeking/available for work_Females,0.0,DDW-1500B-03SC.xlsx,03SC
B0203SC,15,286,District - Lunglei,Total,Matric/secondary but below graduate,Marginal workers_Seeking/available for work_Females,0.0,DDW-1500B-03SC.xlsx,03SC
B0203SC,15,286,District - Lunglei,Total,Technical diploma or certificate not equal to degree,Marginal workers_Seeking/available for work_Females,0.0,DDW-1500B-03SC.xlsx,03SC
B0203SC,15,286,District - Lunglei,Total,Graduate and above other than technical degree,Marginal workers_Seeking/available for work_Females,0.0,DDW-1500B-03SC.xlsx,03SC
B0203SC,15,286,District - Lunglei,Total,Technical degree or diploma equal to degree or post-graduate degree,Marginal workers_Seeking/available for work_Females,0.0,DDW-1500B-03SC.xlsx,03SC
B0203SC,15,286,District - Lunglei,Rural,Total,Marginal workers_Seeking/available for work_Females,0.0,DDW-1500B-03SC.xlsx,03SC
B0203SC,15,286,District - Lunglei,Rural,Illiterate,Marginal workers_Seeking/available for work_Females,0.0,DDW-1500B-03SC.xlsx,03SC
B0203SC,15,286,District - Lunglei,Rural,Literate,Marginal workers_Seeking/available for work_Females,0.0,DDW-1500B-03SC.xlsx,03SC
B0203SC,15,286,District - Lunglei,Rural,Literate but below matric/secondary,Marginal workers_Seeking/available for work_Females,0.0,DDW-1500B-03SC.xlsx,03SC
B0203SC,15,286,District - Lunglei,Rural,Matric/secondary but below graduate,Marginal workers_Seeking/available for work_Females,0.0,DDW-1500B-03SC.xlsx,03SC
B0203SC,15,286,District - Lunglei,Rural,Technical diploma or certificate not equal to degree,Marginal workers_Seeking/available for work_Females,0.0,DDW-1500B-03SC.xlsx,03SC
B0203SC,15,286,District - Lunglei,Rural,Graduate and above other than technical degree,Marginal workers_Seeking/available for work_Females,0.0,DDW-1500B-03SC.xlsx,03SC
B0203SC,15,286,District - Lunglei,Rural,Technical degree or diploma equal to degree or post-graduate degree,Marginal workers_Seeking/available for work_Females,0.0,DDW-1500B-03SC.xlsx,03SC
B0203SC,15,286,District - Lunglei,Urban,Total,Marginal workers_Seeking/available for work_Females,0.0,DDW-1500B-03SC.xlsx,03SC
B0203SC,15,286,District - Lunglei,Urban,Illiterate,Marginal workers_Seeking/available for work_Females,0.0,DDW-1500B-03SC.xlsx,03SC
B0203SC,15,286,District - Lunglei,Urban,Literate,Marginal workers_Seeking/available for work_Females,0.0,DDW-1500B-03SC.xlsx,03SC
B0203SC,15,286,District - Lunglei,Urban,Literate but below matric/secondary,Marginal workers_Seeking/available for work_Females,0.0,DDW-1500B-03SC.xlsx,03SC
B0203SC,15,286,District - Lunglei,Urban,Matric/secondary but below graduate,Marginal workers_Seeking/available for work_Females,0.0,DDW-1500B-03SC.xlsx,03SC
B0203SC,15,286,District - Lunglei,Urban,Technical diploma or certificate not equal to degree,Marginal workers_Seeking/available for work_Females,0.0,DDW-1500B-03SC.xlsx,03SC
B0203SC,15,286,District - Lunglei,Urban,Graduate and above other than technical degree,Marginal workers_Seeking/available for work_Females,0.0,DDW-1500B-03SC.xlsx,03SC
B0203SC,15,286,District - Lunglei,Urban,Technical degree or diploma equal to degree or post-graduate degree,Marginal workers_Seeking/available for work_Females,0.0,DDW-1500B-03SC.xlsx,03SC
B0203SC,15,287,District - Lawngtlai,Total,Total,Marginal workers_Seeking/available for work_Females,1.0,DDW-1500B-03SC.xlsx,03SC
B0203SC,15,287,District - Lawngtlai,Total,Illiterate,Marginal workers_Seeking/available for work_Females,0.0,DDW-1500B-03SC.xlsx,03SC
B0203SC,15,287,District - Lawngtlai,Total,Literate,Marginal workers_Seeking/available for work_Females,1.0,DDW-1500B-03SC.xlsx,03SC
B0203SC,15,287,District - Lawngtlai,Total,Literate but below matric/secondary,Marginal workers_Seeking/available for work_Females,1.0,DDW-1500B-03SC.xlsx,03SC
B0203SC,15,287,District - Lawngtlai,Total,Matric/secondary but below graduate,Marginal workers_Seeking/available for work_Females,0.0,DDW-1500B-03SC.xlsx,03SC
B0203SC,15,287,District - Lawngtlai,Total,Technical diploma or certificate not equal to degree,Marginal workers_Seeking/available for work_Females,0.0,DDW-1500B-03SC.xlsx,03SC
B0203SC,15,287,District - Lawngtlai,Total,Graduate and above other than technical degree,Marginal workers_Seeking/available for work_Females,0.0,DDW-1500B-03SC.xlsx,03SC
B0203SC,15,287,District - Lawngtlai,Total,Technical degree or diploma equal to degree or post-graduate degree,Marginal workers_Seeking/available for work_Females,0.0,DDW-1500B-03SC.xlsx,03SC
B0203SC,15,287,District - Lawngtlai,Rural,Total,Marginal workers_Seeking/available for work_Females,0.0,DDW-1500B-03SC.xlsx,03SC
B0203SC,15,287,District - Lawngtlai,Rural,Illiterate,Marginal workers_Seeking/available for work_Females,0.0,DDW-1500B-03SC.xlsx,03SC
B0203SC,15,287,District - Lawngtlai,Rural,Literate,Marginal workers_Seeking/available for work_Females,0.0,DDW-1500B-03SC.xlsx,03SC
B0203SC,15,287,District - Lawngtlai,Rural,Literate but below matric/secondary,Marginal workers_Seeking/available for work_Females,0.0,DDW-1500B-03SC.xlsx,03SC
B0203SC,15,287,District - Lawngtlai,Rural,Matric/secondary but below graduate,Marginal workers_Seeking/available for work_Females,0.0,DDW-1500B-03SC.xlsx,03SC
B0203SC,15,287,District - Lawngtlai,Rural,Technical diploma or certificate not equal to degree,Marginal workers_Seeking/available for work_Females,0.0,DDW-1500B-03SC.xlsx,03SC
B0203SC,15,287,District - Lawngtlai,Rural,Graduate and above other than technical degree,Marginal workers_Seeking/available for work_Females,0.0,DDW-1500B-03SC.xlsx,03SC
B0203SC,15,287,District - Lawngtlai,Rural,Technical degree or diploma equal to degree or post-graduate degree,Marginal workers_Seeking/available for work_Females,0.0,DDW-1500B-03SC.xlsx,03SC
B0203SC,15,287,District - Lawngtlai,Urban,Total,Marginal workers_Seeking/available for work_Females,1.0,DDW-1500B-03SC.xlsx,03SC
B0203SC,15,287,District - Lawngtlai,Urban,Illiterate,Marginal workers_Seeking/available for work_Females,0.0,DDW-1500B-03SC.xlsx,03SC
B0203SC,15,287,District - Lawngtlai,Urban,Literate,Marginal workers_Seeking/available for work_Females,1.0,DDW-1500B-03SC.xlsx,03SC
B0203SC,15,287,District - Lawngtlai,Urban,Literate but below matric/secondary,Marginal workers_Seeking/available for work_Females,1.0,DDW-1500B-03SC.xlsx,03SC
B0203SC,15,287,District - Lawngtlai,Urban,Matric/secondary but below graduate,Marginal workers_Seeking/available for work_Females,0.0,DDW-1500B-03SC.xlsx,03SC
B0203SC,15,287,District - Lawngtlai,Urban,Technical diploma or certificate not equal to degree,Marginal workers_Seeking/available for work_Females,0.0,DDW-1500B-03SC.xlsx,03SC
B0203SC,15,287,District - Lawngtlai,Urban,Graduate and above other than technical degree,Marginal workers_Seeking/available for work_Females,0.0,DDW-1500B-03SC.xlsx,03SC
B0203SC,15,287,District - Lawngtlai,Urban,Technical degree or diploma equal to degree or post-graduate degree,Marginal workers_Seeking/available for work_Females,0.0,DDW-1500B-03SC.xlsx,03SC
B0203SC,15,288,District - Saiha,Total,Total,Marginal workers_Seeking/available for work_Females,1.0,DDW-1500B-03SC.xlsx,03SC
B0203SC,15,288,District - Saiha,Total,Illiterate,Marginal workers_Seeking/available for work_Females,0.0,DDW-1500B-03SC.xlsx,03SC
B0203SC,15,288,District - Saiha,Total,Literate,Marginal workers_Seeking/available for work_Females,1.0,DDW-1500B-03SC.xlsx,03SC
B0203SC,15,288,District - Saiha,Total,Literate but below matric/secondary,Marginal workers_Seeking/available for work_Females,0.0,DDW-1500B-03SC.xlsx,03SC
B0203SC,15,288,District - Saiha,Total,Matric/secondary but below graduate,Marginal workers_Seeking/available for work_Females,1.0,DDW-1500B-03SC.xlsx,03SC
B0203SC,15,288,District - Saiha,Total,Technical diploma or certificate not equal to degree,Marginal workers_Seeking/available for work_Females,0.0,DDW-1500B-03SC.xlsx,03SC
B0203SC,15,288,District - Saiha,Total,Graduate and above other than technical degree,Marginal workers_Seeking/available for work_Females,0.0,DDW-1500B-03SC.xlsx,03SC
B0203SC,15,288,District - Saiha,Total,Technical degree or diploma equal to degree or post-graduate degree,Marginal workers_Seeking/available for work_Females,0.0,DDW-1500B-03SC.xlsx,03SC
B0203SC,15,288,District - Saiha,Rural,Total,Marginal workers_Seeking/available for work_Females,1.0,DDW-1500B-03SC.xlsx,03SC
B0203SC,15,288,District - Saiha,Rural,Illiterate,Marginal workers_Seeking/available for work_Females,0.0,DDW-1500B-03SC.xlsx,03SC
B0203SC,15,288,District - Saiha,Rural,Literate,Marginal workers_Seeking/available for work_Females,1.0,DDW-1500B-03SC.xlsx,03SC
B0203SC,15,288,District - Saiha,Rural,Literate but below matric/secondary,Marginal workers_Seeking/available for work_Females,0.0,DDW-1500B-03SC.xlsx,03SC
B0203SC,15,288,District - Saiha,Rural,Matric/secondary but below graduate,Marginal workers_Seeking/available for work_Females,1.0,DDW-1500B-03SC.xlsx,03SC
B0203SC,15,288,District - Saiha,Rural,Technical diploma or certificate not equal to degree,Marginal workers_Seeking/available for work_Females,0.0,DDW-1500B-03SC.xlsx,03SC
B0203SC,15,288,District - Saiha,Rural,Graduate and above other than technical degree,Marginal workers_Seeking/available for work_Females,0.0,DDW-1500B-03SC.xlsx,03SC
B0203SC,15,288,District - Saiha,Rural,Technical degree or diploma equal to degree or post-graduate degree,Marginal workers_Seeking/available for work_Females,0.0,DDW-1500B-03SC.xlsx,03SC
B0203SC,15,288,District - Saiha,Urban,Total,Marginal workers_Seeking/available for work_Females,0.0,DDW-1500B-03SC.xlsx,03SC
B0203SC,15,288,District - Saiha,Urban,Illiterate,Marginal workers_Seeking/available for work_Females,0.0,DDW-1500B-03SC.xlsx,03SC
B0203SC,15,288,District - Saiha,Urban,Literate,Marginal workers_Seeking/available for work_Females,0.0,DDW-1500B-03SC.xlsx,03SC
B0203SC,15,288,District - Saiha,Urban,Literate but below matric/secondary,Marginal workers_Seeking/available for work_Females,0.0,DDW-1500B-03SC.xlsx,03SC
B0203SC,15,288,District - Saiha,Urban,Matric/secondary but below graduate,Marginal workers_Seeking/available for work_Females,0.0,DDW-1500B-03SC.xlsx,03SC
B0203SC,15,288,District - Saiha,Urban,Technical diploma or certificate not equal to degree,Marginal workers_Seeking/available for work_Females,0.0,DDW-1500B-03SC.xlsx,03SC
B0203SC,15,288,District - Saiha,Urban,Graduate and above other than technical degree,Marginal workers_Seeking/available for work_Females,0.0,DDW-1500B-03SC.xlsx,03SC
B0203SC,15,288,District - Saiha,Urban,Technical degree or diploma equal to degree or post-graduate degree,Marginal workers_Seeking/available for work_Females,0.0,DDW-1500B-03SC.xlsx,03SC
B0203SC,15,000,State - MIZORAM,Total,Total,Non-workers_Total_Persons,568.0,DDW-1500B-03SC.xlsx,03SC
B0203SC,15,000,State - MIZORAM,Total,Illiterate,Non-workers_Total_Persons,148.0,DDW-1500B-03SC.xlsx,03SC
B0203SC,15,000,State - MIZORAM,Total,Literate,Non-workers_Total_Persons,420.0,DDW-1500B-03SC.xlsx,03SC
B0203SC,15,000,State - MIZORAM,Total,Literate but below matric/secondary,Non-workers_Total_Persons,256.0,DDW-1500B-03SC.xlsx,03SC
B0203SC,15,000,State - MIZORAM,Total,Matric/secondary but below graduate,Non-workers_Total_Persons,124.0,DDW-1500B-03SC.xlsx,03SC
B0203SC,15,000,State - MIZORAM,Total,Technical diploma or certificate not equal to degree,Non-workers_Total_Persons,1.0,DDW-1500B-03SC.xlsx,03SC
B0203SC,15,000,State - MIZORAM,Total,Graduate and above other than technical degree,Non-workers_Total_Persons,31.0,DDW-1500B-03SC.xlsx,03SC
B0203SC,15,000,State - MIZORAM,Total,Technical degree or diploma equal to degree or post-graduate degree,Non-workers_Total_Persons,5.0,DDW-1500B-03SC.xlsx,03SC
B0203SC,15,000,State - MIZORAM,Rural,Total,Non-workers_Total_Persons,130.0,DDW-1500B-03SC.xlsx,03SC
B0203SC,15,000,State - MIZORAM,Rural,Illiterate,Non-workers_Total_Persons,62.0,DDW-1500B-03SC.xlsx,03SC
B0203SC,15,000,State - MIZORAM,Rural,Literate,Non-workers_Total_Persons,68.0,DDW-1500B-03SC.xlsx,03SC
B0203SC,15,000,State - MIZORAM,Rural,Literate but below matric/secondary,Non-workers_Total_Persons,52.0,DDW-1500B-03SC.xlsx,03SC
B0203SC,15,000,State - MIZORAM,Rural,Matric/secondary but below graduate,Non-workers_Total_Persons,15.0,DDW-1500B-03SC.xlsx,03SC
B0203SC,15,000,State - MIZORAM,Rural,Technical diploma or certificate not equal to degree,Non-workers_Total_Persons,0.0,DDW-1500B-03SC.xlsx,03SC
B0203SC,15,000,State - MIZORAM,Rural,Graduate and above other than technical degree,Non-workers_Total_Persons,0.0,DDW-1500B-03SC.xlsx,03SC
B0203SC,15,000,State - MIZORAM,Rural,Technical degree or diploma equal to degree or post-graduate degree,Non-workers_Total_Persons,0.0,DDW-1500B-03SC.xlsx,03SC
B0203SC,15,000,State - MIZORAM,Urban,Total,Non-workers_Total_Persons,438.0,DDW-1500B-03SC.xlsx,03SC
B0203SC,15,000,State - MIZORAM,Urban,Illiterate,Non-workers_Total_Persons,86.0,DDW-1500B-03SC.xlsx,03SC
B0203SC,15,000,State - MIZORAM,Urban,Literate,Non-workers_Total_Persons,352.0,DDW-1500B-03SC.xlsx,03SC
B0203SC,15,000,State - MIZORAM,Urban,Literate but below matric/secondary,Non-workers_Total_Persons,204.0,DDW-1500B-03SC.xlsx,03SC
B0203SC,15,000,State - MIZORAM,Urban,Matric/secondary but below graduate,Non-workers_Total_Persons,109.0,DDW-1500B-03SC.xlsx,03SC
B0203SC,15,000,State - MIZORAM,Urban,Technical diploma or certificate not equal to degree,Non-workers_Total_Persons,1.0,DDW-1500B-03SC.xlsx,03SC
B0203SC,15,000,State - MIZORAM,Urban,Graduate and above other than technical degree,Non-workers_Total_Persons,31.0,DDW-1500B-03SC.xlsx,03SC
B0203SC,15,000,State - MIZORAM,Urban,Technical degree or diploma equal to degree or post-graduate degree,Non-workers_Total_Persons,5.0,DDW-1500B-03SC.xlsx,03SC
B0203SC,15,281,District - Mamit,Total,Total,Non-workers_Total_Persons,15.0,DDW-1500B-03SC.xlsx,03SC
B0203SC,15,281,District - Mamit,Total,Illiterate,Non-workers_Total_Persons,5.0,DDW-1500B-03SC.xlsx,03SC
B0203SC,15,281,District - Mamit,Total,Literate,Non-workers_Total_Persons,10.0,DDW-1500B-03SC.xlsx,03SC
B0203SC,15,281,District - Mamit,Total,Literate but below matric/secondary,Non-workers_Total_Persons,9.0,DDW-1500B-03SC.xlsx,03SC
B0203SC,15,281,District - Mamit,Total,Matric/secondary but below graduate,Non-workers_Total_Persons,1.0,DDW-1500B-03SC.xlsx,03SC
B0203SC,15,281,District - Mamit,Total,Technical diploma or certificate not equal to degree,Non-workers_Total_Persons,0.0,DDW-1500B-03SC.xlsx,03SC
B0203SC,15,281,District - Mamit,Total,Graduate and above other than technical degree,Non-workers_Total_Persons,0.0,DDW-1500B-03SC.xlsx,03SC
B0203SC,15,281,District - Mamit,Total,Technical degree or diploma equal to degree or post-graduate degree,Non-workers_Total_Persons,0.0,DDW-1500B-03SC.xlsx,03SC
B0203SC,15,281,District - Mamit,Rural,Total,Non-workers_Total_Persons,10.0,DDW-1500B-03SC.xlsx,03SC
B0203SC,15,281,District - Mamit,Rural,Illiterate,Non-workers_Total_Persons,3.0,DDW-1500B-03SC.xlsx,03SC
B0203SC,15,281,District - Mamit,Rural,Literate,Non-workers_Total_Persons,7.0,DDW-1500B-03SC.xlsx,03SC
B0203SC,15,281,District - Mamit,Rural,Literate but below matric/secondary,Non-workers_Total_Persons,6.0,DDW-1500B-03SC.xlsx,03SC
B0203SC,15,281,District - Mamit,Rural,Matric/secondary but below graduate,Non-workers_Total_Persons,1.0,DDW-1500B-03SC.xlsx,03SC
B0203SC,15,281,District - Mamit,Rural,Technical diploma or certificate not equal to degree,Non-workers_Total_Persons,0.0,DDW-1500B-03SC.xlsx,03SC
B0203SC,15,281,District - Mamit,Rural,Graduate and above other than technical degree,Non-workers_Total_Persons,0.0,DDW-1500B-03SC.xlsx,03SC
B0203SC,15,281,District - Mamit,Rural,Technical degree or diploma equal to degree or post-graduate degree,Non-workers_Total_Persons,0.0,DDW-1500B-03SC.xlsx,03SC
B0203SC,15,281,District - Mamit,Urban,Total,Non-workers_Total_Persons,5.0,DDW-1500B-03SC.xlsx,03SC
B0203SC,15,281,District - Mamit,Urban,Illiterate,Non-workers_Total_Persons,2.0,DDW-1500B-03SC.xlsx,03SC
B0203SC,15,281,District - Mamit,Urban,Literate,Non-workers_Total_Persons,3.0,DDW-1500B-03SC.xlsx,03SC
B0203SC,15,281,District - Mamit,Urban,Literate but below matric/secondary,Non-workers_Total_Persons,3.0,DDW-1500B-03SC.xlsx,03SC
B0203SC,15,281,District - Mamit,Urban,Matric/secondary but below graduate,Non-workers_Total_Persons,0.0,DDW-1500B-03SC.xlsx,03SC
B0203SC,15,281,District - Mamit,Urban,Technical diploma or certificate not equal to degree,Non-workers_Total_Persons,0.0,DDW-1500B-03SC.xlsx,03SC
B0203SC,15,281,District - Mamit,Urban,Graduate and above other than technical degree,Non-workers_Total_Persons,0.0,DDW-1500B-03SC.xlsx,03SC
B0203SC,15,281,District - Mamit,Urban,Technical degree or diploma equal to degree or post-graduate degree,Non-workers_Total_Persons,0.0,DDW-1500B-03SC.xlsx,03SC
B0203SC,15,282,District - Kolasib,Total,Total,Non-workers_Total_Persons,34.0,DDW-1500B-03SC.xlsx,03SC
B0203SC,15,282,District - Kolasib,Total,Illiterate,Non-workers_Total_Persons,6.0,DDW-1500B-03SC.xlsx,03SC
B0203SC,15,282,District - Kolasib,Total,Literate,Non-workers_Total_Persons,28.0,DDW-1500B-03SC.xlsx,03SC
B0203SC,15,282,District - Kolasib,Total,Literate but below matric/secondary,Non-workers_Total_Persons,18.0,DDW-1500B-03SC.xlsx,03SC
B0203SC,15,282,District - Kolasib,Total,Matric/secondary but below graduate,Non-workers_Total_Persons,6.0,DDW-1500B-03SC.xlsx,03SC
B0203SC,15,282,District - Kolasib,Total,Technical diploma or certificate not equal to degree,Non-workers_Total_Persons,0.0,DDW-1500B-03SC.xlsx,03SC
B0203SC,15,282,District - Kolasib,Total,Graduate and above other than technical degree,Non-workers_Total_Persons,3.0,DDW-1500B-03SC.xlsx,03SC
B0203SC,15,282,District - Kolasib,Total,Technical degree or diploma equal to degree or post-graduate degree,Non-workers_Total_Persons,0.0,DDW-1500B-03SC.xlsx,03SC
B0203SC,15,282,District - Kolasib,Rural,Total,Non-workers_Total_Persons,8.0,DDW-1500B-03SC.xlsx,03SC
B0203SC,15,282,District - Kolasib,Rural,Illiterate,Non-workers_Total_Persons,3.0,DDW-1500B-03SC.xlsx,03SC
B0203SC,15,282,District - Kolasib,Rural,Literate,Non-workers_Total_Persons,5.0,DDW-1500B-03SC.xlsx,03SC
B0203SC,15,282,District - Kolasib,Rural,Literate but below matric/secondary,Non-workers_Total_Persons,3.0,DDW-1500B-03SC.xlsx,03SC
B0203SC,15,282,District - Kolasib,Rural,Matric/secondary but below graduate,Non-workers_Total_Persons,2.0,DDW-1500B-03SC.xlsx,03SC
B0203SC,15,282,District - Kolasib,Rural,Technical diploma or certificate not equal to degree,Non-workers_Total_Persons,0.0,DDW-1500B-03SC.xlsx,03SC
B0203SC,15,282,District - Kolasib,Rural,Graduate and above other than technical degree,Non-workers_Total_Persons,0.0,DDW-1500B-03SC.xlsx,03SC
B0203SC,15,282,District - Kolasib,Rural,Technical degree or diploma equal to degree or post-graduate degree,Non-workers_Total_Persons,0.0,DDW-1500B-03SC.xlsx,03SC
B0203SC,15,282,District - Kolasib,Urban,Total,Non-workers_Total_Persons,26.0,DDW-1500B-03SC.xlsx,03SC
B0203SC,15,282,District - Kolasib,Urban,Illiterate,Non-workers_Total_Persons,3.0,DDW-1500B-03SC.xlsx,03SC
B0203SC,15,282,District - Kolasib,Urban,Literate,Non-workers_Total_Persons,23.0,DDW-1500B-03SC.xlsx,03SC
B0203SC,15,282,District - Kolasib,Urban,Literate but below matric/secondary,Non-workers_Total_Persons,15.0,DDW-1500B-03SC.xlsx,03SC
B0203SC,15,282,District - Kolasib,Urban,Matric/secondary but below graduate,Non-workers_Total_Persons,4.0,DDW-1500B-03SC.xlsx,03SC
B0203SC,15,282,District - Kolasib,Urban,Technical diploma or certificate not equal to degree,Non-workers_Total_Persons,0.0,DDW-1500B-03SC.xlsx,03SC
B0203SC,15,282,District - Kolasib,Urban,Graduate and above other than technical degree,Non-workers_Total_Persons,3.0,DDW-1500B-03SC.xlsx,03SC
B0203SC,15,282,District - Kolasib,Urban,Technical degree or diploma equal to degree or post-graduate degree,Non-workers_Total_Persons,0.0,DDW-1500B-03SC.xlsx,03SC
B0203SC,15,283,District - Aizawl,Total,Total,Non-workers_Total_Persons,325.0,DDW-1500B-03SC.xlsx,03SC
B0203SC,15,283,District - Aizawl,Total,Illiterate,Non-workers_Total_Persons,62.0,DDW-1500B-03SC.xlsx,03SC
B0203SC,15,283,District - Aizawl,Total,Literate,Non-workers_Total_Persons,263.0,DDW-1500B-03SC.xlsx,03SC
B0203SC,15,283,District - Aizawl,Total,Literate but below matric/secondary,Non-workers_Total_Persons,135.0,DDW-1500B-03SC.xlsx,03SC
B0203SC,15,283,District - Aizawl,Total,Matric/secondary but below graduate,Non-workers_Total_Persons,97.0,DDW-1500B-03SC.xlsx,03SC
B0203SC,15,283,District - Aizawl,Total,Technical diploma or certificate not equal to degree,Non-workers_Total_Persons,1.0,DDW-1500B-03SC.xlsx,03SC
B0203SC,15,283,District - Aizawl,Total,Graduate and above other than technical degree,Non-workers_Total_Persons,25.0,DDW-1500B-03SC.xlsx,03SC
B0203SC,15,283,District - Aizawl,Total,Technical degree or diploma equal to degree or post-graduate degree,Non-workers_Total_Persons,4.0,DDW-1500B-03SC.xlsx,03SC
B0203SC,15,283,District - Aizawl,Rural,Total,Non-workers_Total_Persons,15.0,DDW-1500B-03SC.xlsx,03SC
B0203SC,15,283,District - Aizawl,Rural,Illiterate,Non-workers_Total_Persons,6.0,DDW-1500B-03SC.xlsx,03SC
B0203SC,15,283,District - Aizawl,Rural,Literate,Non-workers_Total_Persons,9.0,DDW-1500B-03SC.xlsx,03SC
B0203SC,15,283,District - Aizawl,Rural,Literate but below matric/secondary,Non-workers_Total_Persons,1.0,DDW-1500B-03SC.xlsx,03SC
B0203SC,15,283,District - Aizawl,Rural,Matric/secondary but below graduate,Non-workers_Total_Persons,8.0,DDW-1500B-03SC.xlsx,03SC
B0203SC,15,283,District - Aizawl,Rural,Technical diploma or certificate not equal to degree,Non-workers_Total_Persons,0.0,DDW-1500B-03SC.xlsx,03SC
B0203SC,15,283,District - Aizawl,Rural,Graduate and above other than technical degree,Non-workers_Total_Persons,0.0,DDW-1500B-03SC.xlsx,03SC
B0203SC,15,283,District - Aizawl,Rural,Technical degree or diploma equal to degree or post-graduate degree,Non-workers_Total_Persons,0.0,DDW-1500B-03SC.xlsx,03SC
B0203SC,15,283,District - Aizawl,Urban,Total,Non-workers_Total_Persons,310.0,DDW-1500B-03SC.xlsx,03SC
B0203SC,15,283,District - Aizawl,Urban,Illiterate,Non-workers_Total_Persons,56.0,DDW-1500B-03SC.xlsx,03SC
B0203SC,15,283,District - Aizawl,Urban,Literate,Non-workers_Total_Persons,254.0,DDW-1500B-03SC.xlsx,03SC
B0203SC,15,283,District - Aizawl,Urban,Literate but below matric/secondary,Non-workers_Total_Persons,134.0,DDW-1500B-03SC.xlsx,03SC
B0203SC,15,283,District - Aizawl,Urban,Matric/secondary but below graduate,Non-workers_Total_Persons,89.0,DDW-1500B-03SC.xlsx,03SC
B0203SC,15,283,District - Aizawl,Urban,Technical diploma or certificate not equal to degree,Non-workers_Total_Persons,1.0,DDW-1500B-03SC.xlsx,03SC
B0203SC,15,283,District - Aizawl,Urban,Graduate and above other than technical degree,Non-workers_Total_Persons,25.0,DDW-1500B-03SC.xlsx,03SC
B0203SC,15,283,District - Aizawl,Urban,Technical degree or diploma equal to degree or post-graduate degree,Non-workers_Total_Persons,4.0,DDW-1500B-03SC.xlsx,03SC
B0203SC,15,284,District - Champhai,Total,Total,Non-workers_Total_Persons,0.0,DDW-1500B-03SC.xlsx,03SC
B0203SC,15,284,District - Champhai,Total,Illiterate,Non-workers_Total_Persons,0.0,DDW-1500B-03SC.xlsx,03SC
B0203SC,15,284,District - Champhai,Total,Literate,Non-workers_Total_Persons,0.0,DDW-1500B-03SC.xlsx,03SC
B0203SC,15,284,District - Champhai,Total,Literate but below matric/secondary,Non-workers_Total_Persons,0.0,DDW-1500B-03SC.xlsx,03SC
B0203SC,15,284,District - Champhai,Total,Matric/secondary but below graduate,Non-workers_Total_Persons,0.0,DDW-1500B-03SC.xlsx,03SC
B0203SC,15,284,District - Champhai,Total,Technical diploma or certificate not equal to degree,Non-workers_Total_Persons,0.0,DDW-1500B-03SC.xlsx,03SC
B0203SC,15,284,District - Champhai,Total,Graduate and above other than technical degree,Non-workers_Total_Persons,0.0,DDW-1500B-03SC.xlsx,03SC
B0203SC,15,284,District - Champhai,Total,Technical degree or diploma equal to degree or post-graduate degree,Non-workers_Total_Persons,0.0,DDW-1500B-03SC.xlsx,03SC
B0203SC,15,284,District - Champhai,Rural,Total,Non-workers_Total_Persons,0.0,DDW-1500B-03SC.xlsx,03SC
B0203SC,15,284,District - Champhai,Rural,Illiterate,Non-workers_Total_Persons,0.0,DDW-1500B-03SC.xlsx,03SC
B0203SC,15,284,District - Champhai,Rural,Literate,Non-workers_Total_Persons,0.0,DDW-1500B-03SC.xlsx,03SC
B0203SC,15,284,District - Champhai,Rural,Literate but below matric/secondary,Non-workers_Total_Persons,0.0,DDW-1500B-03SC.xlsx,03SC
B0203SC,15,284,District - Champhai,Rural,Matric/secondary but below graduate,Non-workers_Total_Persons,0.0,DDW-1500B-03SC.xlsx,03SC
B0203SC,15,284,District - Champhai,Rural,Technical diploma or certificate not equal to degree,Non-workers_Total_Persons,0.0,DDW-1500B-03SC.xlsx,03SC
B0203SC,15,284,District - Champhai,Rural,Graduate and above other than technical degree,Non-workers_Total_Persons,0.0,DDW-1500B-03SC.xlsx,03SC
B0203SC,15,284,District - Champhai,Rural,Technical degree or diploma equal to degree or post-graduate degree,Non-workers_Total_Persons,0.0,DDW-1500B-03SC.xlsx,03SC
B0203SC,15,284,District - Champhai,Urban,Total,Non-workers_Total_Persons,0.0,DDW-1500B-03SC.xlsx,03SC
B0203SC,15,284,District - Champhai,Urban,Illiterate,Non-workers_Total_Persons,0.0,DDW-1500B-03SC.xlsx,03SC
B0203SC,15,284,District - Champhai,Urban,Literate,Non-workers_Total_Persons,0.0,DDW-1500B-03SC.xlsx,03SC
B0203SC,15,284,District - Champhai,Urban,Literate but below matric/secondary,Non-workers_Total_Persons,0.0,DDW-1500B-03SC.xlsx,03SC
B0203SC,15,284,District - Champhai,Urban,Matric/secondary but below graduate,Non-workers_Total_Persons,0.0,DDW-1500B-03SC.xlsx,03SC
B0203SC,15,284,District - Champhai,Urban,Technical diploma or certificate not equal to degree,Non-workers_Total_Persons,0.0,DDW-1500B-03SC.xlsx,03SC
B0203SC,15,284,District - Champhai,Urban,Graduate and above other than technical degree,Non-workers_Total_Persons,0.0,DDW-1500B-03SC.xlsx,03SC
B0203SC,15,284,District - Champhai,Urban,Technical degree or diploma equal to degree or post-graduate degree,Non-workers_Total_Persons,0.0,DDW-1500B-03SC.xlsx,03SC
B0203SC,15,285,District - Serchhip,Total,Total,Non-workers_Total_Persons,15.0,DDW-1500B-03SC.xlsx,03SC
B0203SC,15,285,District - Serchhip,Total,Illiterate,Non-workers_Total_Persons,1.0,DDW-1500B-03SC.xlsx,03SC
B0203SC,15,285,District - Serchhip,Total,Literate,Non-workers_Total_Persons,14.0,DDW-1500B-03SC.xlsx,03SC
B0203SC,15,285,District - Serchhip,Total,Literate but below matric/secondary,Non-workers_Total_Persons,11.0,DDW-1500B-03SC.xlsx,03SC
B0203SC,15,285,District - Serchhip,Total,Matric/secondary but below graduate,Non-workers_Total_Persons,2.0,DDW-1500B-03SC.xlsx,03SC
B0203SC,15,285,District - Serchhip,Total,Technical diploma or certificate not equal to degree,Non-workers_Total_Persons,0.0,DDW-1500B-03SC.xlsx,03SC
B0203SC,15,285,District - Serchhip,Total,Graduate and above other than technical degree,Non-workers_Total_Persons,1.0,DDW-1500B-03SC.xlsx,03SC
B0203SC,15,285,District - Serchhip,Total,Technical degree or diploma equal to degree or post-graduate degree,Non-workers_Total_Persons,0.0,DDW-1500B-03SC.xlsx,03SC
B0203SC,15,285,District - Serchhip,Rural,Total,Non-workers_Total_Persons,5.0,DDW-1500B-03SC.xlsx,03SC
B0203SC,15,285,District - Serchhip,Rural,Illiterate,Non-workers_Total_Persons,0.0,DDW-1500B-03SC.xlsx,03SC
B0203SC,15,285,District - Serchhip,Rural,Literate,Non-workers_Total_Persons,5.0,DDW-1500B-03SC.xlsx,03SC
B0203SC,15,285,District - Serchhip,Rural,Literate but below matric/secondary,Non-workers_Total_Persons,3.0,DDW-1500B-03SC.xlsx,03SC
B0203SC,15,285,District - Serchhip,Rural,Matric/secondary but below graduate,Non-workers_Total_Persons,2.0,DDW-1500B-03SC.xlsx,03SC
B0203SC,15,285,District - Serchhip,Rural,Technical diploma or certificate not equal to degree,Non-workers_Total_Persons,0.0,DDW-1500B-03SC.xlsx,03SC
B0203SC,15,285,District - Serchhip,Rural,Graduate and above other than technical degree,Non-workers_Total_Persons,0.0,DDW-1500B-03SC.xlsx,03SC
B0203SC,15,285,District - Serchhip,Rural,Technical degree or diploma equal to degree or post-graduate degree,Non-workers_Total_Persons,0.0,DDW-1500B-03SC.xlsx,03SC
B0203SC,15,285,District - Serchhip,Urban,Total,Non-workers_Total_Persons,10.0,DDW-1500B-03SC.xlsx,03SC
B0203SC,15,285,District - Serchhip,Urban,Illiterate,Non-workers_Total_Persons,1.0,DDW-1500B-03SC.xlsx,03SC
B0203SC,15,285,District - Serchhip,Urban,Literate,Non-workers_Total_Persons,9.0,DDW-1500B-03SC.xlsx,03SC
B0203SC,15,285,District - Serchhip,Urban,Literate but below matric/secondary,Non-workers_Total_Persons,8.0,DDW-1500B-03SC.xlsx,03SC
B0203SC,15,285,District - Serchhip,Urban,Matric/secondary but below graduate,Non-workers_Total_Persons,0.0,DDW-1500B-03SC.xlsx,03SC
B0203SC,15,285,District - Serchhip,Urban,Technical diploma or certificate not equal to degree,Non-workers_Total_Persons,0.0,DDW-1500B-03SC.xlsx,03SC
B0203SC,15,285,District - Serchhip,Urban,Graduate and above other than technical degree,Non-workers_Total_Persons,1.0,DDW-1500B-03SC.xlsx,03SC
B0203SC,15,285,District - Serchhip,Urban,Technical degree or diploma equal to degree or post-graduate degree,Non-workers_Total_Persons,0.0,DDW-1500B-03SC.xlsx,03SC
B0203SC,15,286,District - Lunglei,Total,Total,Non-workers_Total_Persons,78.0,DDW-1500B-03SC.xlsx,03SC
B0203SC,15,286,District - Lunglei,Total,Illiterate,Non-workers_Total_Persons,34.0,DDW-1500B-03SC.xlsx,03SC
B0203SC,15,286,District - Lunglei,Total,Literate,Non-workers_Total_Persons,44.0,DDW-1500B-03SC.xlsx,03SC
B0203SC,15,286,District - Lunglei,Total,Literate but below matric/secondary,Non-workers_Total_Persons,40.0,DDW-1500B-03SC.xlsx,03SC
B0203SC,15,286,District - Lunglei,Total,Matric/secondary but below graduate,Non-workers_Total_Persons,2.0,DDW-1500B-03SC.xlsx,03SC
B0203SC,15,286,District - Lunglei,Total,Technical diploma or certificate not equal to degree,Non-workers_Total_Persons,0.0,DDW-1500B-03SC.xlsx,03SC
B0203SC,15,286,District - Lunglei,Total,Graduate and above other than technical degree,Non-workers_Total_Persons,1.0,DDW-1500B-03SC.xlsx,03SC
B0203SC,15,286,District - Lunglei,Total,Technical degree or diploma equal to degree or post-graduate degree,Non-workers_Total_Persons,0.0,DDW-1500B-03SC.xlsx,03SC
B0203SC,15,286,District - Lunglei,Rural,Total,Non-workers_Total_Persons,44.0,DDW-1500B-03SC.xlsx,03SC
B0203SC,15,286,District - Lunglei,Rural,Illiterate,Non-workers_Total_Persons,24.0,DDW-1500B-03SC.xlsx,03SC
B0203SC,15,286,District - Lunglei,Rural,Literate,Non-workers_Total_Persons,20.0,DDW-1500B-03SC.xlsx,03SC
B0203SC,15,286,District - Lunglei,Rural,Literate but below matric/secondary,Non-workers_Total_Persons,19.0,DDW-1500B-03SC.xlsx,03SC
B0203SC,15,286,District - Lunglei,Rural,Matric/secondary but below graduate,Non-workers_Total_Persons,0.0,DDW-1500B-03SC.xlsx,03SC
B0203SC,15,286,District - Lunglei,Rural,Technical diploma or certificate not equal to degree,Non-workers_Total_Persons,0.0,DDW-1500B-03SC.xlsx,03SC
B0203SC,15,286,District - Lunglei,Rural,Graduate and above other than technical degree,Non-workers_Total_Persons,0.0,DDW-1500B-03SC.xlsx,03SC
B0203SC,15,286,District - Lunglei,Rural,Technical degree or diploma equal to degree or post-graduate degree,Non-workers_Total_Persons,0.0,DDW-1500B-03SC.xlsx,03SC
B0203SC,15,286,District - Lunglei,Urban,Total,Non-workers_Total_Persons,34.0,DDW-1500B-03SC.xlsx,03SC
B0203SC,15,286,District - Lunglei,Urban,Illiterate,Non-workers_Total_Persons,10.0,DDW-1500B-03SC.xlsx,03SC
B0203SC,15,286,District - Lunglei,Urban,Literate,Non-workers_Total_Persons,24.0,DDW-1500B-03SC.xlsx,03SC
B0203SC,15,286,District - Lunglei,Urban,Literate but below matric/secondary,Non-workers_Total_Persons,21.0,DDW-1500B-03SC.xlsx,03SC
B0203SC,15,286,District - Lunglei,Urban,Matric/secondary but below graduate,Non-workers_Total_Persons,2.0,DDW-1500B-03SC.xlsx,03SC
B0203SC,15,286,District - Lunglei,Urban,Technical diploma or certificate not equal to degree,Non-workers_Total_Persons,0.0,DDW-1500B-03SC.xlsx,03SC
B0203SC,15,286,District - Lunglei,Urban,Graduate and above other than technical degree,Non-workers_Total_Persons,1.0,DDW-1500B-03SC.xlsx,03SC
B0203SC,15,286,District - Lunglei,Urban,Technical degree or diploma equal to degree or post-graduate degree,Non-workers_Total_Persons,0.0,DDW-1500B-03SC.xlsx,03SC
B0203SC,15,287,District - Lawngtlai,Total,Total,Non-workers_Total_Persons,58.0,DDW-1500B-03SC.xlsx,03SC
B0203SC,15,287,District - Lawngtlai,Total,Illiterate,Non-workers_Total_Persons,30.0,DDW-1500B-03SC.xlsx,03SC
B0203SC,15,287,District - Lawngtlai,Total,Literate,Non-workers_Total_Persons,28.0,DDW-1500B-03SC.xlsx,03SC
B0203SC,15,287,District - Lawngtlai,Total,Literate but below matric/secondary,Non-workers_Total_Persons,24.0,DDW-1500B-03SC.xlsx,03SC
B0203SC,15,287,District - Lawngtlai,Total,Matric/secondary but below graduate,Non-workers_Total_Persons,3.0,DDW-1500B-03SC.xlsx,03SC
B0203SC,15,287,District - Lawngtlai,Total,Technical diploma or certificate not equal to degree,Non-workers_Total_Persons,0.0,DDW-1500B-03SC.xlsx,03SC
B0203SC,15,287,District - Lawngtlai,Total,Graduate and above other than technical degree,Non-workers_Total_Persons,1.0,DDW-1500B-03SC.xlsx,03SC
B0203SC,15,287,District - Lawngtlai,Total,Technical degree or diploma equal to degree or post-graduate degree,Non-workers_Total_Persons,0.0,DDW-1500B-03SC.xlsx,03SC
B0203SC,15,287,District - Lawngtlai,Rural,Total,Non-workers_Total_Persons,44.0,DDW-1500B-03SC.xlsx,03SC
B0203SC,15,287,District - Lawngtlai,Rural,Illiterate,Non-workers_Total_Persons,23.0,DDW-1500B-03SC.xlsx,03SC
B0203SC,15,287,District - Lawngtlai,Rural,Literate,Non-workers_Total_Persons,21.0,DDW-1500B-03SC.xlsx,03SC
B0203SC,15,287,District - Lawngtlai,Rural,Literate but below matric/secondary,Non-workers_Total_Persons,20.0,DDW-1500B-03SC.xlsx,03SC
B0203SC,15,287,District - Lawngtlai,Rural,Matric/secondary but below graduate,Non-workers_Total_Persons,1.0,DDW-1500B-03SC.xlsx,03SC
B0203SC,15,287,District - Lawngtlai,Rural,Technical diploma or certificate not equal to degree,Non-workers_Total_Persons,0.0,DDW-1500B-03SC.xlsx,03SC
B0203SC,15,287,District - Lawngtlai,Rural,Graduate and above other than technical degree,Non-workers_Total_Persons,0.0,DDW-1500B-03SC.xlsx,03SC
B0203SC,15,287,District - Lawngtlai,Rural,Technical degree or diploma equal to degree or post-graduate degree,Non-workers_Total_Persons,0.0,DDW-1500B-03SC.xlsx,03SC
B0203SC,15,287,District - Lawngtlai,Urban,Total,Non-workers_Total_Persons,14.0,DDW-1500B-03SC.xlsx,03SC
B0203SC,15,287,District - Lawngtlai,Urban,Illiterate,Non-workers_Total_Persons,7.0,DDW-1500B-03SC.xlsx,03SC
B0203SC,15,287,District - Lawngtlai,Urban,Literate,Non-workers_Total_Persons,7.0,DDW-1500B-03SC.xlsx,03SC
B0203SC,15,287,District - Lawngtlai,Urban,Literate but below matric/secondary,Non-workers_Total_Persons,4.0,DDW-1500B-03SC.xlsx,03SC
B0203SC,15,287,District - Lawngtlai,Urban,Matric/secondary but below graduate,Non-workers_Total_Persons,2.0,DDW-1500B-03SC.xlsx,03SC
B0203SC,15,287,District - Lawngtlai,Urban,Technical diploma or certificate not equal to degree,Non-workers_Total_Persons,0.0,DDW-1500B-03SC.xlsx,03SC
B0203SC,15,287,District - Lawngtlai,Urban,Graduate and above other than technical degree,Non-workers_Total_Persons,1.0,DDW-1500B-03SC.xlsx,03SC
B0203SC,15,287,District - Lawngtlai,Urban,Technical degree or diploma equal to degree or post-graduate degree,Non-workers_Total_Persons,0.0,DDW-1500B-03SC.xlsx,03SC
B0203SC,15,288,District - Saiha,Total,Total,Non-workers_Total_Persons,43.0,DDW-1500B-03SC.xlsx,03SC
B0203SC,15,288,District - Saiha,Total,Illiterate,Non-workers_Total_Persons,10.0,DDW-1500B-03SC.xlsx,03SC
B0203SC,15,288,District - Saiha,Total,Literate,Non-workers_Total_Persons,33.0,DDW-1500B-03SC.xlsx,03SC
B0203SC,15,288,District - Saiha,Total,Literate but below matric/secondary,Non-workers_Total_Persons,19.0,DDW-1500B-03SC.xlsx,03SC
B0203SC,15,288,District - Saiha,Total,Matric/secondary but below graduate,Non-workers_Total_Persons,13.0,DDW-1500B-03SC.xlsx,03SC
B0203SC,15,288,District - Saiha,Total,Technical diploma or certificate not equal to degree,Non-workers_Total_Persons,0.0,DDW-1500B-03SC.xlsx,03SC
B0203SC,15,288,District - Saiha,Total,Graduate and above other than technical degree,Non-workers_Total_Persons,0.0,DDW-1500B-03SC.xlsx,03SC
B0203SC,15,288,District - Saiha,Total,Technical degree or diploma equal to degree or post-graduate degree,Non-workers_Total_Persons,1.0,DDW-1500B-03SC.xlsx,03SC
B0203SC,15,288,District - Saiha,Rural,Total,Non-workers_Total_Persons,4.0,DDW-1500B-03SC.xlsx,03SC
B0203SC,15,288,District - Saiha,Rural,Illiterate,Non-workers_Total_Persons,3.0,DDW-1500B-03SC.xlsx,03SC
B0203SC,15,288,District - Saiha,Rural,Literate,Non-workers_Total_Persons,1.0,DDW-1500B-03SC.xlsx,03SC
B0203SC,15,288,District - Saiha,Rural,Literate but below matric/secondary,Non-workers_Total_Persons,0.0,DDW-1500B-03SC.xlsx,03SC
B0203SC,15,288,District - Saiha,Rural,Matric/secondary but below graduate,Non-workers_Total_Persons,1.0,DDW-1500B-03SC.xlsx,03SC
B0203SC,15,288,District - Saiha,Rural,Technical diploma or certificate not equal to degree,Non-workers_Total_Persons,0.0,DDW-1500B-03SC.xlsx,03SC
B0203SC,15,288,District - Saiha,Rural,Graduate and above other than technical degree,Non-workers_Total_Persons,0.0,DDW-1500B-03SC.xlsx,03SC
B0203SC,15,288,District - Saiha,Rural,Technical degree or diploma equal to degree or post-graduate degree,Non-workers_Total_Persons,0.0,DDW-1500B-03SC.xlsx,03SC
B0203SC,15,288,District - Saiha,Urban,Total,Non-workers_Total_Persons,39.0,DDW-1500B-03SC.xlsx,03SC
B0203SC,15,288,District - Saiha,Urban,Illiterate,Non-workers_Total_Persons,7.0,DDW-1500B-03SC.xlsx,03SC
B0203SC,15,288,District - Saiha,Urban,Literate,Non-workers_Total_Persons,32.0,DDW-1500B-03SC.xlsx,03SC
B0203SC,15,288,District - Saiha,Urban,Literate but below matric/secondary,Non-workers_Total_Persons,19.0,DDW-1500B-03SC.xlsx,03SC
B0203SC,15,288,District - Saiha,Urban,Matric/secondary but below graduate,Non-workers_Total_Persons,12.0,DDW-1500B-03SC.xlsx,03SC
B0203SC,15,288,District - Saiha,Urban,Technical diploma or certificate not equal to degree,Non-workers_Total_Persons,0.0,DDW-1500B-03SC.xlsx,03SC
B0203SC,15,288,District - Saiha,Urban,Graduate and above other than technical degree,Non-workers_Total_Persons,0.0,DDW-1500B-03SC.xlsx,03SC
B0203SC,15,288,District - Saiha,Urban,Technical degree or diploma equal to degree or post-graduate degree,Non-workers_Total_Persons,1.0,DDW-1500B-03SC.xlsx,03SC
B0203SC,15,000,State - MIZORAM,Total,Total,Non-workers_Total_Males,217.0,DDW-1500B-03SC.xlsx,03SC
B0203SC,15,000,State - MIZORAM,Total,Illiterate,Non-workers_Total_Males,63.0,DDW-1500B-03SC.xlsx,03SC
B0203SC,15,000,State - MIZORAM,Total,Literate,Non-workers_Total_Males,154.0,DDW-1500B-03SC.xlsx,03SC
B0203SC,15,000,State - MIZORAM,Total,Literate but below matric/secondary,Non-workers_Total_Males,102.0,DDW-1500B-03SC.xlsx,03SC
B0203SC,15,000,State - MIZORAM,Total,Matric/secondary but below graduate,Non-workers_Total_Males,42.0,DDW-1500B-03SC.xlsx,03SC
B0203SC,15,000,State - MIZORAM,Total,Technical diploma or certificate not equal to degree,Non-workers_Total_Males,0.0,DDW-1500B-03SC.xlsx,03SC
B0203SC,15,000,State - MIZORAM,Total,Graduate and above other than technical degree,Non-workers_Total_Males,6.0,DDW-1500B-03SC.xlsx,03SC
B0203SC,15,000,State - MIZORAM,Total,Technical degree or diploma equal to degree or post-graduate degree,Non-workers_Total_Males,3.0,DDW-1500B-03SC.xlsx,03SC
B0203SC,15,000,State - MIZORAM,Rural,Total,Non-workers_Total_Males,55.0,DDW-1500B-03SC.xlsx,03SC
B0203SC,15,000,State - MIZORAM,Rural,Illiterate,Non-workers_Total_Males,26.0,DDW-1500B-03SC.xlsx,03SC
B0203SC,15,000,State - MIZORAM,Rural,Literate,Non-workers_Total_Males,29.0,DDW-1500B-03SC.xlsx,03SC
B0203SC,15,000,State - MIZORAM,Rural,Literate but below matric/secondary,Non-workers_Total_Males,22.0,DDW-1500B-03SC.xlsx,03SC
B0203SC,15,000,State - MIZORAM,Rural,Matric/secondary but below graduate,Non-workers_Total_Males,7.0,DDW-1500B-03SC.xlsx,03SC
B0203SC,15,000,State - MIZORAM,Rural,Technical diploma or certificate not equal to degree,Non-workers_Total_Males,0.0,DDW-1500B-03SC.xlsx,03SC
B0203SC,15,000,State - MIZORAM,Rural,Graduate and above other than technical degree,Non-workers_Total_Males,0.0,DDW-1500B-03SC.xlsx,03SC
B0203SC,15,000,State - MIZORAM,Rural,Technical degree or diploma equal to degree or post-graduate degree,Non-workers_Total_Males,0.0,DDW-1500B-03SC.xlsx,03SC
B0203SC,15,000,State - MIZORAM,Urban,Total,Non-workers_Total_Males,162.0,DDW-1500B-03SC.xlsx,03SC
B0203SC,15,000,State - MIZORAM,Urban,Illiterate,Non-workers_Total_Males,37.0,DDW-1500B-03SC.xlsx,03SC
B0203SC,15,000,State - MIZORAM,Urban,Literate,Non-workers_Total_Males,125.0,DDW-1500B-03SC.xlsx,03SC
B0203SC,15,000,State - MIZORAM,Urban,Literate but below matric/secondary,Non-workers_Total_Males,80.0,DDW-1500B-03SC.xlsx,03SC
B0203SC,15,000,State - MIZORAM,Urban,Matric/secondary but below graduate,Non-workers_Total_Males,35.0,DDW-1500B-03SC.xlsx,03SC
B0203SC,15,000,State - MIZORAM,Urban,Technical diploma or certificate not equal to degree,Non-workers_Total_Males,0.0,DDW-1500B-03SC.xlsx,03SC
B0203SC,15,000,State - MIZORAM,Urban,Graduate and above other than technical degree,Non-workers_Total_Males,6.0,DDW-1500B-03SC.xlsx,03SC
B0203SC,15,000,State - MIZORAM,Urban,Technical degree or diploma equal to degree or post-graduate degree,Non-workers_Total_Males,3.0,DDW-1500B-03SC.xlsx,03SC
B0203SC,15,281,District - Mamit,Total,Total,Non-workers_Total_Males,8.0,DDW-1500B-03SC.xlsx,03SC
B0203SC,15,281,District - Mamit,Total,Illiterate,Non-workers_Total_Males,3.0,DDW-1500B-03SC.xlsx,03SC
B0203SC,15,281,District - Mamit,Total,Literate,Non-workers_Total_Males,5.0,DDW-1500B-03SC.xlsx,03SC
B0203SC,15,281,District - Mamit,Total,Literate but below matric/secondary,Non-workers_Total_Males,4.0,DDW-1500B-03SC.xlsx,03SC
B0203SC,15,281,District - Mamit,Total,Matric/secondary but below graduate,Non-workers_Total_Males,1.0,DDW-1500B-03SC.xlsx,03SC
B0203SC,15,281,District - Mamit,Total,Technical diploma or certificate not equal to degree,Non-workers_Total_Males,0.0,DDW-1500B-03SC.xlsx,03SC
B0203SC,15,281,District - Mamit,Total,Graduate and above other than technical degree,Non-workers_Total_Males,0.0,DDW-1500B-03SC.xlsx,03SC
B0203SC,15,281,District - Mamit,Total,Technical degree or diploma equal to degree or post-graduate degree,Non-workers_Total_Males,0.0,DDW-1500B-03SC.xlsx,03SC
B0203SC,15,281,District - Mamit,Rural,Total,Non-workers_Total_Males,5.0,DDW-1500B-03SC.xlsx,03SC
B0203SC,15,281,District - Mamit,Rural,Illiterate,Non-workers_Total_Males,2.0,DDW-1500B-03SC.xlsx,03SC
B0203SC,15,281,District - Mamit,Rural,Literate,Non-workers_Total_Males,3.0,DDW-1500B-03SC.xlsx,03SC
B0203SC,15,281,District - Mamit,Rural,Literate but below matric/secondary,Non-workers_Total_Males,2.0,DDW-1500B-03SC.xlsx,03SC
B0203SC,15,281,District - Mamit,Rural,Matric/secondary but below graduate,Non-workers_Total_Males,1.0,DDW-1500B-03SC.xlsx,03SC
B0203SC,15,281,District - Mamit,Rural,Technical diploma or certificate not equal to degree,Non-workers_Total_Males,0.0,DDW-1500B-03SC.xlsx,03SC
B0203SC,15,281,District - Mamit,Rural,Graduate and above other than technical degree,Non-workers_Total_Males,0.0,DDW-1500B-03SC.xlsx,03SC
B0203SC,15,281,District - Mamit,Rural,Technical degree or diploma equal to degree or post-graduate degree,Non-workers_Total_Males,0.0,DDW-1500B-03SC.xlsx,03SC
B0203SC,15,281,District - Mamit,Urban,Total,Non-workers_Total_Males,3.0,DDW-1500B-03SC.xlsx,03SC
B0203SC,15,281,District - Mamit,Urban,Illiterate,Non-workers_Total_Males,1.0,DDW-1500B-03SC.xlsx,03SC
B0203SC,15,281,District - Mamit,Urban,Literate,Non-workers_Total_Males,2.0,DDW-1500B-03SC.xlsx,03SC
B0203SC,15,281,District - Mamit,Urban,Literate but below matric/secondary,Non-workers_Total_Males,2.0,DDW-1500B-03SC.xlsx,03SC
B0203SC,15,281,District - Mamit,Urban,Matric/secondary but below graduate,Non-workers_Total_Males,0.0,DDW-1500B-03SC.xlsx,03SC
B0203SC,15,281,District - Mamit,Urban,Technical diploma or certificate not equal to degree,Non-workers_Total_Males,0.0,DDW-1500B-03SC.xlsx,03SC
B0203SC,15,281,District - Mamit,Urban,Graduate and above other than technical degree,Non-workers_Total_Males,0.0,DDW-1500B-03SC.xlsx,03SC
B0203SC,15,281,District - Mamit,Urban,Technical degree or diploma equal to degree or post-graduate degree,Non-workers_Total_Males,0.0,DDW-1500B-03SC.xlsx,03SC
B0203SC,15,282,District - Kolasib,Total,Total,Non-workers_Total_Males,14.0,DDW-1500B-03SC.xlsx,03SC
B0203SC,15,282,District - Kolasib,Total,Illiterate,Non-workers_Total_Males,4.0,DDW-1500B-03SC.xlsx,03SC
B0203SC,15,282,District - Kolasib,Total,Literate,Non-workers_Total_Males,10.0,DDW-1500B-03SC.xlsx,03SC
B0203SC,15,282,District - Kolasib,Total,Literate but below matric/secondary,Non-workers_Total_Males,7.0,DDW-1500B-03SC.xlsx,03SC
B0203SC,15,282,District - Kolasib,Total,Matric/secondary but below graduate,Non-workers_Total_Males,1.0,DDW-1500B-03SC.xlsx,03SC
B0203SC,15,282,District - Kolasib,Total,Technical diploma or certificate not equal to degree,Non-workers_Total_Males,0.0,DDW-1500B-03SC.xlsx,03SC
B0203SC,15,282,District - Kolasib,Total,Graduate and above other than technical degree,Non-workers_Total_Males,1.0,DDW-1500B-03SC.xlsx,03SC
B0203SC,15,282,District - Kolasib,Total,Technical degree or diploma equal to degree or post-graduate degree,Non-workers_Total_Males,0.0,DDW-1500B-03SC.xlsx,03SC
B0203SC,15,282,District - Kolasib,Rural,Total,Non-workers_Total_Males,4.0,DDW-1500B-03SC.xlsx,03SC
B0203SC,15,282,District - Kolasib,Rural,Illiterate,Non-workers_Total_Males,2.0,DDW-1500B-03SC.xlsx,03SC
B0203SC,15,282,District - Kolasib,Rural,Literate,Non-workers_Total_Males,2.0,DDW-1500B-03SC.xlsx,03SC
B0203SC,15,282,District - Kolasib,Rural,Literate but below matric/secondary,Non-workers_Total_Males,1.0,DDW-1500B-03SC.xlsx,03SC
B0203SC,15,282,District - Kolasib,Rural,Matric/secondary but below graduate,Non-workers_Total_Males,1.0,DDW-1500B-03SC.xlsx,03SC
B0203SC,15,282,District - Kolasib,Rural,Technical diploma or certificate not equal to degree,Non-workers_Total_Males,0.0,DDW-1500B-03SC.xlsx,03SC
B0203SC,15,282,District - Kolasib,Rural,Graduate and above other than technical degree,Non-workers_Total_Males,0.0,DDW-1500B-03SC.xlsx,03SC
B0203SC,15,282,District - Kolasib,Rural,Technical degree or diploma equal to degree or post-graduate degree,Non-workers_Total_Males,0.0,DDW-1500B-03SC.xlsx,03SC
B0203SC,15,282,District - Kolasib,Urban,Total,Non-workers_Total_Males,10.0,DDW-1500B-03SC.xlsx,03SC
B0203SC,15,282,District - Kolasib,Urban,Illiterate,Non-workers_Total_Males,2.0,DDW-1500B-03SC.xlsx,03SC
B0203SC,15,282,District - Kolasib,Urban,Literate,Non-workers_Total_Males,8.0,DDW-1500B-03SC.xlsx,03SC
B0203SC,15,282,District - Kolasib,Urban,Literate but below matric/secondary,Non-workers_Total_Males,6.0,DDW-1500B-03SC.xlsx,03SC
B0203SC,15,282,District - Kolasib,Urban,Matric/secondary but below graduate,Non-workers_Total_Males,0.0,DDW-1500B-03SC.xlsx,03SC
B0203SC,15,282,District - Kolasib,Urban,Technical diploma or certificate not equal to degree,Non-workers_Total_Males,0.0,DDW-1500B-03SC.xlsx,03SC
B0203SC,15,282,District - Kolasib,Urban,Graduate and above other than technical degree,Non-workers_Total_Males,1.0,DDW-1500B-03SC.xlsx,03SC
B0203SC,15,282,District - Kolasib,Urban,Technical degree or diploma equal to degree or post-graduate degree,Non-workers_Total_Males,0.0,DDW-1500B-03SC.xlsx,03SC
B0203SC,15,283,District - Aizawl,Total,Total,Non-workers_Total_Males,120.0,DDW-1500B-03SC.xlsx,03SC
B0203SC,15,283,District - Aizawl,Total,Illiterate,Non-workers_Total_Males,26.0,DDW-1500B-03SC.xlsx,03SC
B0203SC,15,283,District - Aizawl,Total,Literate,Non-workers_Total_Males,94.0,DDW-1500B-03SC.xlsx,03SC
B0203SC,15,283,District - Aizawl,Total,Literate but below matric/secondary,Non-workers_Total_Males,53.0,DDW-1500B-03SC.xlsx,03SC
B0203SC,15,283,District - Aizawl,Total,Matric/secondary but below graduate,Non-workers_Total_Males,34.0,DDW-1500B-03SC.xlsx,03SC
B0203SC,15,283,District - Aizawl,Total,Technical diploma or certificate not equal to degree,Non-workers_Total_Males,0.0,DDW-1500B-03SC.xlsx,03SC
B0203SC,15,283,District - Aizawl,Total,Graduate and above other than technical degree,Non-workers_Total_Males,5.0,DDW-1500B-03SC.xlsx,03SC
B0203SC,15,283,District - Aizawl,Total,Technical degree or diploma equal to degree or post-graduate degree,Non-workers_Total_Males,2.0,DDW-1500B-03SC.xlsx,03SC
B0203SC,15,283,District - Aizawl,Rural,Total,Non-workers_Total_Males,5.0,DDW-1500B-03SC.xlsx,03SC
B0203SC,15,283,District - Aizawl,Rural,Illiterate,Non-workers_Total_Males,2.0,DDW-1500B-03SC.xlsx,03SC
B0203SC,15,283,District - Aizawl,Rural,Literate,Non-workers_Total_Males,3.0,DDW-1500B-03SC.xlsx,03SC
B0203SC,15,283,District - Aizawl,Rural,Literate but below matric/secondary,Non-workers_Total_Males,0.0,DDW-1500B-03SC.xlsx,03SC
B0203SC,15,283,District - Aizawl,Rural,Matric/secondary but below graduate,Non-workers_Total_Males,3.0,DDW-1500B-03SC.xlsx,03SC
B0203SC,15,283,District - Aizawl,Rural,Technical diploma or certificate not equal to degree,Non-workers_Total_Males,0.0,DDW-1500B-03SC.xlsx,03SC
B0203SC,15,283,District - Aizawl,Rural,Graduate and above other than technical degree,Non-workers_Total_Males,0.0,DDW-1500B-03SC.xlsx,03SC
B0203SC,15,283,District - Aizawl,Rural,Technical degree or diploma equal to degree or post-graduate degree,Non-workers_Total_Males,0.0,DDW-1500B-03SC.xlsx,03SC
B0203SC,15,283,District - Aizawl,Urban,Total,Non-workers_Total_Males,115.0,DDW-1500B-03SC.xlsx,03SC
B0203SC,15,283,District - Aizawl,Urban,Illiterate,Non-workers_Total_Males,24.0,DDW-1500B-03SC.xlsx,03SC
B0203SC,15,283,District - Aizawl,Urban,Literate,Non-workers_Total_Males,91.0,DDW-1500B-03SC.xlsx,03SC
B0203SC,15,283,District - Aizawl,Urban,Literate but below matric/secondary,Non-workers_Total_Males,53.0,DDW-1500B-03SC.xlsx,03SC
B0203SC,15,283,District - Aizawl,Urban,Matric/secondary but below graduate,Non-workers_Total_Males,31.0,DDW-1500B-03SC.xlsx,03SC
B0203SC,15,283,District - Aizawl,Urban,Technical diploma or certificate not equal to degree,Non-workers_Total_Males,0.0,DDW-1500B-03SC.xlsx,03SC
B0203SC,15,283,District - Aizawl,Urban,Graduate and above other than technical degree,Non-workers_Total_Males,5.0,DDW-1500B-03SC.xlsx,03SC
B0203SC,15,283,District - Aizawl,Urban,Technical degree or diploma equal to degree or post-graduate degree,Non-workers_Total_Males,2.0,DDW-1500B-03SC.xlsx,03SC
B0203SC,15,284,District - Champhai,Total,Total,Non-workers_Total_Males,0.0,DDW-1500B-03SC.xlsx,03SC
B0203SC,15,284,District - Champhai,Total,Illiterate,Non-workers_Total_Males,0.0,DDW-1500B-03SC.xlsx,03SC
B0203SC,15,284,District - Champhai,Total,Literate,Non-workers_Total_Males,0.0,DDW-1500B-03SC.xlsx,03SC
B0203SC,15,284,District - Champhai,Total,Literate but below matric/secondary,Non-workers_Total_Males,0.0,DDW-1500B-03SC.xlsx,03SC
B0203SC,15,284,District - Champhai,Total,Matric/secondary but below graduate,Non-workers_Total_Males,0.0,DDW-1500B-03SC.xlsx,03SC
B0203SC,15,284,District - Champhai,Total,Technical diploma or certificate not equal to degree,Non-workers_Total_Males,0.0,DDW-1500B-03SC.xlsx,03SC
B0203SC,15,284,District - Champhai,Total,Graduate and above other than technical degree,Non-workers_Total_Males,0.0,DDW-1500B-03SC.xlsx,03SC
B0203SC,15,284,District - Champhai,Total,Technical degree or diploma equal to degree or post-graduate degree,Non-workers_Total_Males,0.0,DDW-1500B-03SC.xlsx,03SC
B0203SC,15,284,District - Champhai,Rural,Total,Non-workers_Total_Males,0.0,DDW-1500B-03SC.xlsx,03SC
B0203SC,15,284,District - Champhai,Rural,Illiterate,Non-workers_Total_Males,0.0,DDW-1500B-03SC.xlsx,03SC
B0203SC,15,284,District - Champhai,Rural,Literate,Non-workers_Total_Males,0.0,DDW-1500B-03SC.xlsx,03SC
B0203SC,15,284,District - Champhai,Rural,Literate but below matric/secondary,Non-workers_Total_Males,0.0,DDW-1500B-03SC.xlsx,03SC
B0203SC,15,284,District - Champhai,Rural,Matric/secondary but below graduate,Non-workers_Total_Males,0.0,DDW-1500B-03SC.xlsx,03SC
B0203SC,15,284,District - Champhai,Rural,Technical diploma or certificate not equal to degree,Non-workers_Total_Males,0.0,DDW-1500B-03SC.xlsx,03SC
B0203SC,15,284,District - Champhai,Rural,Graduate and above other than technical degree,Non-workers_Total_Males,0.0,DDW-1500B-03SC.xlsx,03SC
B0203SC,15,284,District - Champhai,Rural,Technical degree or diploma equal to degree or post-graduate degree,Non-workers_Total_Males,0.0,DDW-1500B-03SC.xlsx,03SC
B0203SC,15,284,District - Champhai,Urban,Total,Non-workers_Total_Males,0.0,DDW-1500B-03SC.xlsx,03SC
B0203SC,15,284,District - Champhai,Urban,Illiterate,Non-workers_Total_Males,0.0,DDW-1500B-03SC.xlsx,03SC
B0203SC,15,284,District - Champhai,Urban,Literate,Non-workers_Total_Males,0.0,DDW-1500B-03SC.xlsx,03SC
B0203SC,15,284,District - Champhai,Urban,Literate but below matric/secondary,Non-workers_Total_Males,0.0,DDW-1500B-03SC.xlsx,03SC
B0203SC,15,284,District - Champhai,Urban,Matric/secondary but below graduate,Non-workers_Total_Males,0.0,DDW-1500B-03SC.xlsx,03SC
B0203SC,15,284,District - Champhai,Urban,Technical diploma or certificate not equal to degree,Non-workers_Total_Males,0.0,DDW-1500B-03SC.xlsx,03SC
B0203SC,15,284,District - Champhai,Urban,Graduate and above other than technical degree,Non-workers_Total_Males,0.0,DDW-1500B-03SC.xlsx,03SC
B0203SC,15,284,District - Champhai,Urban,Technical degree or diploma equal to degree or post-graduate degree,Non-workers_Total_Males,0.0,DDW-1500B-03SC.xlsx,03SC
B0203SC,15,285,District - Serchhip,Total,Total,Non-workers_Total_Males,5.0,DDW-1500B-03SC.xlsx,03SC
B0203SC,15,285,District - Serchhip,Total,Illiterate,Non-workers_Total_Males,0.0,DDW-1500B-03SC.xlsx,03SC
B0203SC,15,285,District - Serchhip,Total,Literate,Non-workers_Total_Males,5.0,DDW-1500B-03SC.xlsx,03SC
B0203SC,15,285,District - Serchhip,Total,Literate but below matric/secondary,Non-workers_Total_Males,4.0,DDW-1500B-03SC.xlsx,03SC
B0203SC,15,285,District - Serchhip,Total,Matric/secondary but below graduate,Non-workers_Total_Males,1.0,DDW-1500B-03SC.xlsx,03SC
B0203SC,15,285,District - Serchhip,Total,Technical diploma or certificate not equal to degree,Non-workers_Total_Males,0.0,DDW-1500B-03SC.xlsx,03SC
B0203SC,15,285,District - Serchhip,Total,Graduate and above other than technical degree,Non-workers_Total_Males,0.0,DDW-1500B-03SC.xlsx,03SC
B0203SC,15,285,District - Serchhip,Total,Technical degree or diploma equal to degree or post-graduate degree,Non-workers_Total_Males,0.0,DDW-1500B-03SC.xlsx,03SC
B0203SC,15,285,District - Serchhip,Rural,Total,Non-workers_Total_Males,2.0,DDW-1500B-03SC.xlsx,03SC
B0203SC,15,285,District - Serchhip,Rural,Illiterate,Non-workers_Total_Males,0.0,DDW-1500B-03SC.xlsx,03SC
B0203SC,15,285,District - Serchhip,Rural,Literate,Non-workers_Total_Males,2.0,DDW-1500B-03SC.xlsx,03SC
B0203SC,15,285,District - Serchhip,Rural,Literate but below matric/secondary,Non-workers_Total_Males,1.0,DDW-1500B-03SC.xlsx,03SC
B0203SC,15,285,District - Serchhip,Rural,Matric/secondary but below graduate,Non-workers_Total_Males,1.0,DDW-1500B-03SC.xlsx,03SC
B0203SC,15,285,District - Serchhip,Rural,Technical diploma or certificate not equal to degree,Non-workers_Total_Males,0.0,DDW-1500B-03SC.xlsx,03SC
B0203SC,15,285,District - Serchhip,Rural,Graduate and above other than technical degree,Non-workers_Total_Males,0.0,DDW-1500B-03SC.xlsx,03SC
B0203SC,15,285,District - Serchhip,Rural,Technical degree or diploma equal to degree or post-graduate degree,Non-workers_Total_Males,0.0,DDW-1500B-03SC.xlsx,03SC
B0203SC,15,285,District - Serchhip,Urban,Total,Non-workers_Total_Males,3.0,DDW-1500B-03SC.xlsx,03SC
B0203SC,15,285,District - Serchhip,Urban,Illiterate,Non-workers_Total_Males,0.0,DDW-1500B-03SC.xlsx,03SC
B0203SC,15,285,District - Serchhip,Urban,Literate,Non-workers_Total_Males,3.0,DDW-1500B-03SC.xlsx,03SC
B0203SC,15,285,District - Serchhip,Urban,Literate but below matric/secondary,Non-workers_Total_Males,3.0,DDW-1500B-03SC.xlsx,03SC
B0203SC,15,285,District - Serchhip,Urban,Matric/secondary but below graduate,Non-workers_Total_Males,0.0,DDW-1500B-03SC.xlsx,03SC
B0203SC,15,285,District - Serchhip,Urban,Technical diploma or certificate not equal to degree,Non-workers_Total_Males,0.0,DDW-1500B-03SC.xlsx,03SC
B0203SC,15,285,District - Serchhip,Urban,Graduate and above other than technical degree,Non-workers_Total_Males,0.0,DDW-1500B-03SC.xlsx,03SC
B0203SC,15,285,District - Serchhip,Urban,Technical degree or diploma equal to degree or post-graduate degree,Non-workers_Total_Males,0.0,DDW-1500B-03SC.xlsx,03SC
B0203SC,15,286,District - Lunglei,Total,Total,Non-workers_Total_Males,34.0,DDW-1500B-03SC.xlsx,03SC
B0203SC,15,286,District - Lunglei,Total,Illiterate,Non-workers_Total_Males,14.0,DDW-1500B-03SC.xlsx,03SC
B0203SC,15,286,District - Lunglei,Total,Literate,Non-workers_Total_Males,20.0,DDW-1500B-03SC.xlsx,03SC
B0203SC,15,286,District - Lunglei,Total,Literate but below matric/secondary,Non-workers_Total_Males,19.0,DDW-1500B-03SC.xlsx,03SC
B0203SC,15,286,District - Lunglei,Total,Matric/secondary but below graduate,Non-workers_Total_Males,1.0,DDW-1500B-03SC.xlsx,03SC
B0203SC,15,286,District - Lunglei,Total,Technical diploma or certificate not equal to degree,Non-workers_Total_Males,0.0,DDW-1500B-03SC.xlsx,03SC
B0203SC,15,286,District - Lunglei,Total,Graduate and above other than technical degree,Non-workers_Total_Males,0.0,DDW-1500B-03SC.xlsx,03SC
B0203SC,15,286,District - Lunglei,Total,Technical degree or diploma equal to degree or post-graduate degree,Non-workers_Total_Males,0.0,DDW-1500B-03SC.xlsx,03SC
B0203SC,15,286,District - Lunglei,Rural,Total,Non-workers_Total_Males,21.0,DDW-1500B-03SC.xlsx,03SC
B0203SC,15,286,District - Lunglei,Rural,Illiterate,Non-workers_Total_Males,9.0,DDW-1500B-03SC.xlsx,03SC
B0203SC,15,286,District - Lunglei,Rural,Literate,Non-workers_Total_Males,12.0,DDW-1500B-03SC.xlsx,03SC
B0203SC,15,286,District - Lunglei,Rural,Literate but below matric/secondary,Non-workers_Total_Males,12.0,DDW-1500B-03SC.xlsx,03SC
B0203SC,15,286,District - Lunglei,Rural,Matric/secondary but below graduate,Non-workers_Total_Males,0.0,DDW-1500B-03SC.xlsx,03SC
B0203SC,15,286,District - Lunglei,Rural,Technical diploma or certificate not equal to degree,Non-workers_Total_Males,0.0,DDW-1500B-03SC.xlsx,03SC
B0203SC,15,286,District - Lunglei,Rural,Graduate and above other than technical degree,Non-workers_Total_Males,0.0,DDW-1500B-03SC.xlsx,03SC
B0203SC,15,286,District - Lunglei,Rural,Technical degree or diploma equal to degree or post-graduate degree,Non-workers_Total_Males,0.0,DDW-1500B-03SC.xlsx,03SC
B0203SC,15,286,District - Lunglei,Urban,Total,Non-workers_Total_Males,13.0,DDW-1500B-03SC.xlsx,03SC
B0203SC,15,286,District - Lunglei,Urban,Illiterate,Non-workers_Total_Males,5.0,DDW-1500B-03SC.xlsx,03SC
B0203SC,15,286,District - Lunglei,Urban,Literate,Non-workers_Total_Males,8.0,DDW-1500B-03SC.xlsx,03SC
B0203SC,15,286,District - Lunglei,Urban,Literate but below matric/secondary,Non-workers_Total_Males,7.0,DDW-1500B-03SC.xlsx,03SC
B0203SC,15,286,District - Lunglei,Urban,Matric/secondary but below graduate,Non-workers_Total_Males,1.0,DDW-1500B-03SC.xlsx,03SC
B0203SC,15,286,District - Lunglei,Urban,Technical diploma or certificate not equal to degree,Non-workers_Total_Males,0.0,DDW-1500B-03SC.xlsx,03SC
B0203SC,15,286,District - Lunglei,Urban,Graduate and above other than technical degree,Non-workers_Total_Males,0.0,DDW-1500B-03SC.xlsx,03SC
B0203SC,15,286,District - Lunglei,Urban,Technical degree or diploma equal to degree or post-graduate degree,Non-workers_Total_Males,0.0,DDW-1500B-03SC.xlsx,03SC
B0203SC,15,287,District - Lawngtlai,Total,Total,Non-workers_Total_Males,22.0,DDW-1500B-03SC.xlsx,03SC
B0203SC,15,287,District - Lawngtlai,Total,Illiterate,Non-workers_Total_Males,12.0,DDW-1500B-03SC.xlsx,03SC
B0203SC,15,287,District - Lawngtlai,Total,Literate,Non-workers_Total_Males,10.0,DDW-1500B-03SC.xlsx,03SC
B0203SC,15,287,District - Lawngtlai,Total,Literate but below matric/secondary,Non-workers_Total_Males,9.0,DDW-1500B-03SC.xlsx,03SC
B0203SC,15,287,District - Lawngtlai,Total,Matric/secondary but below graduate,Non-workers_Total_Males,1.0,DDW-1500B-03SC.xlsx,03SC
B0203SC,15,287,District - Lawngtlai,Total,Technical diploma or certificate not equal to degree,Non-workers_Total_Males,0.0,DDW-1500B-03SC.xlsx,03SC
B0203SC,15,287,District - Lawngtlai,Total,Graduate and above other than technical degree,Non-workers_Total_Males,0.0,DDW-1500B-03SC.xlsx,03SC
B0203SC,15,287,District - Lawngtlai,Total,Technical degree or diploma equal to degree or post-graduate degree,Non-workers_Total_Males,0.0,DDW-1500B-03SC.xlsx,03SC
B0203SC,15,287,District - Lawngtlai,Rural,Total,Non-workers_Total_Males,18.0,DDW-1500B-03SC.xlsx,03SC
B0203SC,15,287,District - Lawngtlai,Rural,Illiterate,Non-workers_Total_Males,11.0,DDW-1500B-03SC.xlsx,03SC
B0203SC,15,287,District - Lawngtlai,Rural,Literate,Non-workers_Total_Males,7.0,DDW-1500B-03SC.xlsx,03SC
B0203SC,15,287,District - Lawngtlai,Rural,Literate but below matric/secondary,Non-workers_Total_Males,6.0,DDW-1500B-03SC.xlsx,03SC
B0203SC,15,287,District - Lawngtlai,Rural,Matric/secondary but below graduate,Non-workers_Total_Males,1.0,DDW-1500B-03SC.xlsx,03SC
B0203SC,15,287,District - Lawngtlai,Rural,Technical diploma or certificate not equal to degree,Non-workers_Total_Males,0.0,DDW-1500B-03SC.xlsx,03SC
B0203SC,15,287,District - Lawngtlai,Rural,Graduate and above other than technical degree,Non-workers_Total_Males,0.0,DDW-1500B-03SC.xlsx,03SC
B0203SC,15,287,District - Lawngtlai,Rural,Technical degree or diploma equal to degree or post-graduate degree,Non-workers_Total_Males,0.0,DDW-1500B-03SC.xlsx,03SC
B0203SC,15,287,District - Lawngtlai,Urban,Total,Non-workers_Total_Males,4.0,DDW-1500B-03SC.xlsx,03SC
B0203SC,15,287,District - Lawngtlai,Urban,Illiterate,Non-workers_Total_Males,1.0,DDW-1500B-03SC.xlsx,03SC
B0203SC,15,287,District - Lawngtlai,Urban,Literate,Non-workers_Total_Males,3.0,DDW-1500B-03SC.xlsx,03SC
B0203SC,15,287,District - Lawngtlai,Urban,Literate but below matric/secondary,Non-workers_Total_Males,3.0,DDW-1500B-03SC.xlsx,03SC
B0203SC,15,287,District - Lawngtlai,Urban,Matric/secondary but below graduate,Non-workers_Total_Males,0.0,DDW-1500B-03SC.xlsx,03SC
B0203SC,15,287,District - Lawngtlai,Urban,Technical diploma or certificate not equal to degree,Non-workers_Total_Males,0.0,DDW-1500B-03SC.xlsx,03SC
B0203SC,15,287,District - Lawngtlai,Urban,Graduate and above other than technical degree,Non-workers_Total_Males,0.0,DDW-1500B-03SC.xlsx,03SC
B0203SC,15,287,District - Lawngtlai,Urban,Technical degree or diploma equal to degree or post-graduate degree,Non-workers_Total_Males,0.0,DDW-1500B-03SC.xlsx,03SC
B0203SC,15,288,District - Saiha,Total,Total,Non-workers_Total_Males,14.0,DDW-1500B-03SC.xlsx,03SC
B0203SC,15,288,District - Saiha,Total,Illiterate,Non-workers_Total_Males,4.0,DDW-1500B-03SC.xlsx,03SC
B0203SC,15,288,District - Saiha,Total,Literate,Non-workers_Total_Males,10.0,DDW-1500B-03SC.xlsx,03SC
B0203SC,15,288,District - Saiha,Total,Literate but below matric/secondary,Non-workers_Total_Males,6.0,DDW-1500B-03SC.xlsx,03SC
B0203SC,15,288,District - Saiha,Total,Matric/secondary but below graduate,Non-workers_Total_Males,3.0,DDW-1500B-03SC.xlsx,03SC
B0203SC,15,288,District - Saiha,Total,Technical diploma or certificate not equal to degree,Non-workers_Total_Males,0.0,DDW-1500B-03SC.xlsx,03SC
B0203SC,15,288,District - Saiha,Total,Graduate and above other than technical degree,Non-workers_Total_Males,0.0,DDW-1500B-03SC.xlsx,03SC
B0203SC,15,288,District - Saiha,Total,Technical degree or diploma equal to degree or post-graduate degree,Non-workers_Total_Males,1.0,DDW-1500B-03SC.xlsx,03SC
B0203SC,15,288,District - Saiha,Rural,Total,Non-workers_Total_Males,0.0,DDW-1500B-03SC.xlsx,03SC
B0203SC,15,288,District - Saiha,Rural,Illiterate,Non-workers_Total_Males,0.0,DDW-1500B-03SC.xlsx,03SC
B0203SC,15,288,District - Saiha,Rural,Literate,Non-workers_Total_Males,0.0,DDW-1500B-03SC.xlsx,03SC
B0203SC,15,288,District - Saiha,Rural,Literate but below matric/secondary,Non-workers_Total_Males,0.0,DDW-1500B-03SC.xlsx,03SC
B0203SC,15,288,District - Saiha,Rural,Matric/secondary but below graduate,Non-workers_Total_Males,0.0,DDW-1500B-03SC.xlsx,03SC
B0203SC,15,288,District - Saiha,Rural,Technical diploma or certificate not equal to degree,Non-workers_Total_Males,0.0,DDW-1500B-03SC.xlsx,03SC
B0203SC,15,288,District - Saiha,Rural,Graduate and above other than technical degree,Non-workers_Total_Males,0.0,DDW-1500B-03SC.xlsx,03SC
B0203SC,15,288,District - Saiha,Rural,Technical degree or diploma equal to degree or post-graduate degree,Non-workers_Total_Males,0.0,DDW-1500B-03SC.xlsx,03SC
B0203SC,15,288,District - Saiha,Urban,Total,Non-workers_Total_Males,14.0,DDW-1500B-03SC.xlsx,03SC
B0203SC,15,288,District - Saiha,Urban,Illiterate,Non-workers_Total_Males,4.0,DDW-1500B-03SC.xlsx,03SC
B0203SC,15,288,District - Saiha,Urban,Literate,Non-workers_Total_Males,10.0,DDW-1500B-03SC.xlsx,03SC
B0203SC,15,288,District - Saiha,Urban,Literate but below matric/secondary,Non-workers_Total_Males,6.0,DDW-1500B-03SC.xlsx,03SC
B0203SC,15,288,District - Saiha,Urban,Matric/secondary but below graduate,Non-workers_Total_Males,3.0,DDW-1500B-03SC.xlsx,03SC
B0203SC,15,288,District - Saiha,Urban,Technical diploma or certificate not equal to degree,Non-workers_Total_Males,0.0,DDW-1500B-03SC.xlsx,03SC
B0203SC,15,288,District - Saiha,Urban,Graduate and above other than technical degree,Non-workers_Total_Males,0.0,DDW-1500B-03SC.xlsx,03SC
B0203SC,15,288,District - Saiha,Urban,Technical degree or diploma equal to degree or post-graduate degree,Non-workers_Total_Males,1.0,DDW-1500B-03SC.xlsx,03SC
B0203SC,15,000,State - MIZORAM,Total,Total,Non-workers_Total_Females,351.0,DDW-1500B-03SC.xlsx,03SC
B0203SC,15,000,State - MIZORAM,Total,Illiterate,Non-workers_Total_Females,85.0,DDW-1500B-03SC.xlsx,03SC
B0203SC,15,000,State - MIZORAM,Total,Literate,Non-workers_Total_Females,266.0,DDW-1500B-03SC.xlsx,03SC
B0203SC,15,000,State - MIZORAM,Total,Literate but below matric/secondary,Non-workers_Total_Females,154.0,DDW-1500B-03SC.xlsx,03SC
B0203SC,15,000,State - MIZORAM,Total,Matric/secondary but below graduate,Non-workers_Total_Females,82.0,DDW-1500B-03SC.xlsx,03SC
B0203SC,15,000,State - MIZORAM,Total,Technical diploma or certificate not equal to degree,Non-workers_Total_Females,1.0,DDW-1500B-03SC.xlsx,03SC
B0203SC,15,000,State - MIZORAM,Total,Graduate and above other than technical degree,Non-workers_Total_Females,25.0,DDW-1500B-03SC.xlsx,03SC
B0203SC,15,000,State - MIZORAM,Total,Technical degree or diploma equal to degree or post-graduate degree,Non-workers_Total_Females,2.0,DDW-1500B-03SC.xlsx,03SC
B0203SC,15,000,State - MIZORAM,Rural,Total,Non-workers_Total_Females,75.0,DDW-1500B-03SC.xlsx,03SC
B0203SC,15,000,State - MIZORAM,Rural,Illiterate,Non-workers_Total_Females,36.0,DDW-1500B-03SC.xlsx,03SC
B0203SC,15,000,State - MIZORAM,Rural,Literate,Non-workers_Total_Females,39.0,DDW-1500B-03SC.xlsx,03SC
B0203SC,15,000,State - MIZORAM,Rural,Literate but below matric/secondary,Non-workers_Total_Females,30.0,DDW-1500B-03SC.xlsx,03SC
B0203SC,15,000,State - MIZORAM,Rural,Matric/secondary but below graduate,Non-workers_Total_Females,8.0,DDW-1500B-03SC.xlsx,03SC
B0203SC,15,000,State - MIZORAM,Rural,Technical diploma or certificate not equal to degree,Non-workers_Total_Females,0.0,DDW-1500B-03SC.xlsx,03SC
B0203SC,15,000,State - MIZORAM,Rural,Graduate and above other than technical degree,Non-workers_Total_Females,0.0,DDW-1500B-03SC.xlsx,03SC
B0203SC,15,000,State - MIZORAM,Rural,Technical degree or diploma equal to degree or post-graduate degree,Non-workers_Total_Females,0.0,DDW-1500B-03SC.xlsx,03SC
B0203SC,15,000,State - MIZORAM,Urban,Total,Non-workers_Total_Females,276.0,DDW-1500B-03SC.xlsx,03SC
B0203SC,15,000,State - MIZORAM,Urban,Illiterate,Non-workers_Total_Females,49.0,DDW-1500B-03SC.xlsx,03SC
B0203SC,15,000,State - MIZORAM,Urban,Literate,Non-workers_Total_Females,227.0,DDW-1500B-03SC.xlsx,03SC
B0203SC,15,000,State - MIZORAM,Urban,Literate but below matric/secondary,Non-workers_Total_Females,124.0,DDW-1500B-03SC.xlsx,03SC
B0203SC,15,000,State - MIZORAM,Urban,Matric/secondary but below graduate,Non-workers_Total_Females,74.0,DDW-1500B-03SC.xlsx,03SC
B0203SC,15,000,State - MIZORAM,Urban,Technical diploma or certificate not equal to degree,Non-workers_Total_Females,1.0,DDW-1500B-03SC.xlsx,03SC
B0203SC,15,000,State - MIZORAM,Urban,Graduate and above other than technical degree,Non-workers_Total_Females,25.0,DDW-1500B-03SC.xlsx,03SC
B0203SC,15,000,State - MIZORAM,Urban,Technical degree or diploma equal to degree or post-graduate degree,Non-workers_Total_Females,2.0,DDW-1500B-03SC.xlsx,03SC
B0203SC,15,281,District - Mamit,Total,Total,Non-workers_Total_Females,7.0,DDW-1500B-03SC.xlsx,03SC
B0203SC,15,281,District - Mamit,Total,Illiterate,Non-workers_Total_Females,2.0,DDW-1500B-03SC.xlsx,03SC
B0203SC,15,281,District - Mamit,Total,Literate,Non-workers_Total_Females,5.0,DDW-1500B-03SC.xlsx,03SC
B0203SC,15,281,District - Mamit,Total,Literate but below matric/secondary,Non-workers_Total_Females,5.0,DDW-1500B-03SC.xlsx,03SC
B0203SC,15,281,District - Mamit,Total,Matric/secondary but below graduate,Non-workers_Total_Females,0.0,DDW-1500B-03SC.xlsx,03SC
B0203SC,15,281,District - Mamit,Total,Technical diploma or certificate not equal to degree,Non-workers_Total_Females,0.0,DDW-1500B-03SC.xlsx,03SC
B0203SC,15,281,District - Mamit,Total,Graduate and above other than technical degree,Non-workers_Total_Females,0.0,DDW-1500B-03SC.xlsx,03SC
B0203SC,15,281,District - Mamit,Total,Technical degree or diploma equal to degree or post-graduate degree,Non-workers_Total_Females,0.0,DDW-1500B-03SC.xlsx,03SC
B0203SC,15,281,District - Mamit,Rural,Total,Non-workers_Total_Females,5.0,DDW-1500B-03SC.xlsx,03SC
B0203SC,15,281,District - Mamit,Rural,Illiterate,Non-workers_Total_Females,1.0,DDW-1500B-03SC.xlsx,03SC
B0203SC,15,281,District - Mamit,Rural,Literate,Non-workers_Total_Females,4.0,DDW-1500B-03SC.xlsx,03SC
B0203SC,15,281,District - Mamit,Rural,Literate but below matric/secondary,Non-workers_Total_Females,4.0,DDW-1500B-03SC.xlsx,03SC
B0203SC,15,281,District - Mamit,Rural,Matric/secondary but below graduate,Non-workers_Total_Females,0.0,DDW-1500B-03SC.xlsx,03SC
B0203SC,15,281,District - Mamit,Rural,Technical diploma or certificate not equal to degree,Non-workers_Total_Females,0.0,DDW-1500B-03SC.xlsx,03SC
B0203SC,15,281,District - Mamit,Rural,Graduate and above other than technical degree,Non-workers_Total_Females,0.0,DDW-1500B-03SC.xlsx,03SC
B0203SC,15,281,District - Mamit,Rural,Technical degree or diploma equal to degree or post-graduate degree,Non-workers_Total_Females,0.0,DDW-1500B-03SC.xlsx,03SC
B0203SC,15,281,District - Mamit,Urban,Total,Non-workers_Total_Females,2.0,DDW-1500B-03SC.xlsx,03SC
B0203SC,15,281,District - Mamit,Urban,Illiterate,Non-workers_Total_Females,1.0,DDW-1500B-03SC.xlsx,03SC
B0203SC,15,281,District - Mamit,Urban,Literate,Non-workers_Total_Females,1.0,DDW-1500B-03SC.xlsx,03SC
B0203SC,15,281,District - Mamit,Urban,Literate but below matric/secondary,Non-workers_Total_Females,1.0,DDW-1500B-03SC.xlsx,03SC
B0203SC,15,281,District - Mamit,Urban,Matric/secondary but below graduate,Non-workers_Total_Females,0.0,DDW-1500B-03SC.xlsx,03SC
B0203SC,15,281,District - Mamit,Urban,Technical diploma or certificate not equal to degree,Non-workers_Total_Females,0.0,DDW-1500B-03SC.xlsx,03SC
B0203SC,15,281,District - Mamit,Urban,Graduate and above other than technical degree,Non-workers_Total_Females,0.0,DDW-1500B-03SC.xlsx,03SC
B0203SC,15,281,District - Mamit,Urban,Technical degree or diploma equal to degree or post-graduate degree,Non-workers_Total_Females,0.0,DDW-1500B-03SC.xlsx,03SC
B0203SC,15,282,District - Kolasib,Total,Total,Non-workers_Total_Females,20.0,DDW-1500B-03SC.xlsx,03SC
B0203SC,15,282,District - Kolasib,Total,Illiterate,Non-workers_Total_Females,2.0,DDW-1500B-03SC.xlsx,03SC
B0203SC,15,282,District - Kolasib,Total,Literate,Non-workers_Total_Females,18.0,DDW-1500B-03SC.xlsx,03SC
B0203SC,15,282,District - Kolasib,Total,Literate but below matric/secondary,Non-workers_Total_Females,11.0,DDW-1500B-03SC.xlsx,03SC
B0203SC,15,282,District - Kolasib,Total,Matric/secondary but below graduate,Non-workers_Total_Females,5.0,DDW-1500B-03SC.xlsx,03SC
B0203SC,15,282,District - Kolasib,Total,Technical diploma or certificate not equal to degree,Non-workers_Total_Females,0.0,DDW-1500B-03SC.xlsx,03SC
B0203SC,15,282,District - Kolasib,Total,Graduate and above other than technical degree,Non-workers_Total_Females,2.0,DDW-1500B-03SC.xlsx,03SC
B0203SC,15,282,District - Kolasib,Total,Technical degree or diploma equal to degree or post-graduate degree,Non-workers_Total_Females,0.0,DDW-1500B-03SC.xlsx,03SC
B0203SC,15,282,District - Kolasib,Rural,Total,Non-workers_Total_Females,4.0,DDW-1500B-03SC.xlsx,03SC
B0203SC,15,282,District - Kolasib,Rural,Illiterate,Non-workers_Total_Females,1.0,DDW-1500B-03SC.xlsx,03SC
B0203SC,15,282,District - Kolasib,Rural,Literate,Non-workers_Total_Females,3.0,DDW-1500B-03SC.xlsx,03SC
B0203SC,15,282,District - Kolasib,Rural,Literate but below matric/secondary,Non-workers_Total_Females,2.0,DDW-1500B-03SC.xlsx,03SC
B0203SC,15,282,District - Kolasib,Rural,Matric/secondary but below graduate,Non-workers_Total_Females,1.0,DDW-1500B-03SC.xlsx,03SC
B0203SC,15,282,District - Kolasib,Rural,Technical diploma or certificate not equal to degree,Non-workers_Total_Females,0.0,DDW-1500B-03SC.xlsx,03SC
B0203SC,15,282,District - Kolasib,Rural,Graduate and above other than technical degree,Non-workers_Total_Females,0.0,DDW-1500B-03SC.xlsx,03SC
B0203SC,15,282,District - Kolasib,Rural,Technical degree or diploma equal to degree or post-graduate degree,Non-workers_Total_Females,0.0,DDW-1500B-03SC.xlsx,03SC
B0203SC,15,282,District - Kolasib,Urban,Total,Non-workers_Total_Females,16.0,DDW-1500B-03SC.xlsx,03SC
B0203SC,15,282,District - Kolasib,Urban,Illiterate,Non-workers_Total_Females,1.0,DDW-1500B-03SC.xlsx,03SC
B0203SC,15,282,District - Kolasib,Urban,Literate,Non-workers_Total_Females,15.0,DDW-1500B-03SC.xlsx,03SC
B0203SC,15,282,District - Kolasib,Urban,Literate but below matric/secondary,Non-workers_Total_Females,9.0,DDW-1500B-03SC.xlsx,03SC
B0203SC,15,282,District - Kolasib,Urban,Matric/secondary but below graduate,Non-workers_Total_Females,4.0,DDW-1500B-03SC.xlsx,03SC
B0203SC,15,282,District - Kolasib,Urban,Technical diploma or certificate not equal to degree,Non-workers_Total_Females,0.0,DDW-1500B-03SC.xlsx,03SC
B0203SC,15,282,District - Kolasib,Urban,Graduate and above other than technical degree,Non-workers_Total_Females,2.0,DDW-1500B-03SC.xlsx,03SC
B0203SC,15,282,District - Kolasib,Urban,Technical degree or diploma equal to degree or post-graduate degree,Non-workers_Total_Females,0.0,DDW-1500B-03SC.xlsx,03SC
B0203SC,15,283,District - Aizawl,Total,Total,Non-workers_Total_Females,205.0,DDW-1500B-03SC.xlsx,03SC
B0203SC,15,283,District - Aizawl,Total,Illiterate,Non-workers_Total_Females,36.0,DDW-1500B-03SC.xlsx,03SC
B0203SC,15,283,District - Aizawl,Total,Literate,Non-workers_Total_Females,169.0,DDW-1500B-03SC.xlsx,03SC
B0203SC,15,283,District - Aizawl,Total,Literate but below matric/secondary,Non-workers_Total_Females,82.0,DDW-1500B-03SC.xlsx,03SC
B0203SC,15,283,District - Aizawl,Total,Matric/secondary but below graduate,Non-workers_Total_Females,63.0,DDW-1500B-03SC.xlsx,03SC
B0203SC,15,283,District - Aizawl,Total,Technical diploma or certificate not equal to degree,Non-workers_Total_Females,1.0,DDW-1500B-03SC.xlsx,03SC
B0203SC,15,283,District - Aizawl,Total,Graduate and above other than technical degree,Non-workers_Total_Females,20.0,DDW-1500B-03SC.xlsx,03SC
B0203SC,15,283,District - Aizawl,Total,Technical degree or diploma equal to degree or post-graduate degree,Non-workers_Total_Females,2.0,DDW-1500B-03SC.xlsx,03SC
B0203SC,15,283,District - Aizawl,Rural,Total,Non-workers_Total_Females,10.0,DDW-1500B-03SC.xlsx,03SC
B0203SC,15,283,District - Aizawl,Rural,Illiterate,Non-workers_Total_Females,4.0,DDW-1500B-03SC.xlsx,03SC
B0203SC,15,283,District - Aizawl,Rural,Literate,Non-workers_Total_Females,6.0,DDW-1500B-03SC.xlsx,03SC
B0203SC,15,283,District - Aizawl,Rural,Literate but below matric/secondary,Non-workers_Total_Females,1.0,DDW-1500B-03SC.xlsx,03SC
B0203SC,15,283,District - Aizawl,Rural,Matric/secondary but below graduate,Non-workers_Total_Females,5.0,DDW-1500B-03SC.xlsx,03SC
B0203SC,15,283,District - Aizawl,Rural,Technical diploma or certificate not equal to degree,Non-workers_Total_Females,0.0,DDW-1500B-03SC.xlsx,03SC
B0203SC,15,283,District - Aizawl,Rural,Graduate and above other than technical degree,Non-workers_Total_Females,0.0,DDW-1500B-03SC.xlsx,03SC
B0203SC,15,283,District - Aizawl,Rural,Technical degree or diploma equal to degree or post-graduate degree,Non-workers_Total_Females,0.0,DDW-1500B-03SC.xlsx,03SC
B0203SC,15,283,District - Aizawl,Urban,Total,Non-workers_Total_Females,195.0,DDW-1500B-03SC.xlsx,03SC
B0203SC,15,283,District - Aizawl,Urban,Illiterate,Non-workers_Total_Females,32.0,DDW-1500B-03SC.xlsx,03SC
B0203SC,15,283,District - Aizawl,Urban,Literate,Non-workers_Total_Females,163.0,DDW-1500B-03SC.xlsx,03SC
B0203SC,15,283,District - Aizawl,Urban,Literate but below matric/secondary,Non-workers_Total_Females,81.0,DDW-1500B-03SC.xlsx,03SC
B0203SC,15,283,District - Aizawl,Urban,Matric/secondary but below graduate,Non-workers_Total_Females,58.0,DDW-1500B-03SC.xlsx,03SC
B0203SC,15,283,District - Aizawl,Urban,Technical diploma or certificate not equal to degree,Non-workers_Total_Females,1.0,DDW-1500B-03SC.xlsx,03SC
B0203SC,15,283,District - Aizawl,Urban,Graduate and above other than technical degree,Non-workers_Total_Females,20.0,DDW-1500B-03SC.xlsx,03SC
B0203SC,15,283,District - Aizawl,Urban,Technical degree or diploma equal to degree or post-graduate degree,Non-workers_Total_Females,2.0,DDW-1500B-03SC.xlsx,03SC
B0203SC,15,284,District - Champhai,Total,Total,Non-workers_Total_Females,0.0,DDW-1500B-03SC.xlsx,03SC
B0203SC,15,284,District - Champhai,Total,Illiterate,Non-workers_Total_Females,0.0,DDW-1500B-03SC.xlsx,03SC
B0203SC,15,284,District - Champhai,Total,Literate,Non-workers_Total_Females,0.0,DDW-1500B-03SC.xlsx,03SC
B0203SC,15,284,District - Champhai,Total,Literate but below matric/secondary,Non-workers_Total_Females,0.0,DDW-1500B-03SC.xlsx,03SC
B0203SC,15,284,District - Champhai,Total,Matric/secondary but below graduate,Non-workers_Total_Females,0.0,DDW-1500B-03SC.xlsx,03SC
B0203SC,15,284,District - Champhai,Total,Technical diploma or certificate not equal to degree,Non-workers_Total_Females,0.0,DDW-1500B-03SC.xlsx,03SC
B0203SC,15,284,District - Champhai,Total,Graduate and above other than technical degree,Non-workers_Total_Females,0.0,DDW-1500B-03SC.xlsx,03SC
B0203SC,15,284,District - Champhai,Total,Technical degree or diploma equal to degree or post-graduate degree,Non-workers_Total_Females,0.0,DDW-1500B-03SC.xlsx,03SC
B0203SC,15,284,District - Champhai,Rural,Total,Non-workers_Total_Females,0.0,DDW-1500B-03SC.xlsx,03SC
B0203SC,15,284,District - Champhai,Rural,Illiterate,Non-workers_Total_Females,0.0,DDW-1500B-03SC.xlsx,03SC
B0203SC,15,284,District - Champhai,Rural,Literate,Non-workers_Total_Females,0.0,DDW-1500B-03SC.xlsx,03SC
B0203SC,15,284,District - Champhai,Rural,Literate but below matric/secondary,Non-workers_Total_Females,0.0,DDW-1500B-03SC.xlsx,03SC
B0203SC,15,284,District - Champhai,Rural,Matric/secondary but below graduate,Non-workers_Total_Females,0.0,DDW-1500B-03SC.xlsx,03SC
B0203SC,15,284,District - Champhai,Rural,Technical diploma or certificate not equal to degree,Non-workers_Total_Females,0.0,DDW-1500B-03SC.xlsx,03SC
B0203SC,15,284,District - Champhai,Rural,Graduate and above other than technical degree,Non-workers_Total_Females,0.0,DDW-1500B-03SC.xlsx,03SC
B0203SC,15,284,District - Champhai,Rural,Technical degree or diploma equal to degree or post-graduate degree,Non-workers_Total_Females,0.0,DDW-1500B-03SC.xlsx,03SC
B0203SC,15,284,District - Champhai,Urban,Total,Non-workers_Total_Females,0.0,DDW-1500B-03SC.xlsx,03SC
B0203SC,15,284,District - Champhai,Urban,Illiterate,Non-workers_Total_Females,0.0,DDW-1500B-03SC.xlsx,03SC
B0203SC,15,284,District - Champhai,Urban,Literate,Non-workers_Total_Females,0.0,DDW-1500B-03SC.xlsx,03SC
B0203SC,15,284,District - Champhai,Urban,Literate but below matric/secondary,Non-workers_Total_Females,0.0,DDW-1500B-03SC.xlsx,03SC
B0203SC,15,284,District - Champhai,Urban,Matric/secondary but below graduate,Non-workers_Total_Females,0.0,DDW-1500B-03SC.xlsx,03SC
B0203SC,15,284,District - Champhai,Urban,Technical diploma or certificate not equal to degree,Non-workers_Total_Females,0.0,DDW-1500B-03SC.xlsx,03SC
B0203SC,15,284,District - Champhai,Urban,Graduate and above other than technical degree,Non-workers_Total_Females,0.0,DDW-1500B-03SC.xlsx,03SC
B0203SC,15,284,District - Champhai,Urban,Technical degree or diploma equal to degree or post-graduate degree,Non-workers_Total_Females,0.0,DDW-1500B-03SC.xlsx,03SC
B0203SC,15,285,District - Serchhip,Total,Total,Non-workers_Total_Females,10.0,DDW-1500B-03SC.xlsx,03SC
B0203SC,15,285,District - Serchhip,Total,Illiterate,Non-workers_Total_Females,1.0,DDW-1500B-03SC.xlsx,03SC
B0203SC,15,285,District - Serchhip,Total,Literate,Non-workers_Total_Females,9.0,DDW-1500B-03SC.xlsx,03SC
B0203SC,15,285,District - Serchhip,Total,Literate but below matric/secondary,Non-workers_Total_Females,7.0,DDW-1500B-03SC.xlsx,03SC
B0203SC,15,285,District - Serchhip,Total,Matric/secondary but below graduate,Non-workers_Total_Females,1.0,DDW-1500B-03SC.xlsx,03SC
B0203SC,15,285,District - Serchhip,Total,Technical diploma or certificate not equal to degree,Non-workers_Total_Females,0.0,DDW-1500B-03SC.xlsx,03SC
B0203SC,15,285,District - Serchhip,Total,Graduate and above other than technical degree,Non-workers_Total_Females,1.0,DDW-1500B-03SC.xlsx,03SC
B0203SC,15,285,District - Serchhip,Total,Technical degree or diploma equal to degree or post-graduate degree,Non-workers_Total_Females,0.0,DDW-1500B-03SC.xlsx,03SC
B0203SC,15,285,District - Serchhip,Rural,Total,Non-workers_Total_Females,3.0,DDW-1500B-03SC.xlsx,03SC
B0203SC,15,285,District - Serchhip,Rural,Illiterate,Non-workers_Total_Females,0.0,DDW-1500B-03SC.xlsx,03SC
B0203SC,15,285,District - Serchhip,Rural,Literate,Non-workers_Total_Females,3.0,DDW-1500B-03SC.xlsx,03SC
B0203SC,15,285,District - Serchhip,Rural,Literate but below matric/secondary,Non-workers_Total_Females,2.0,DDW-1500B-03SC.xlsx,03SC
B0203SC,15,285,District - Serchhip,Rural,Matric/secondary but below graduate,Non-workers_Total_Females,1.0,DDW-1500B-03SC.xlsx,03SC
B0203SC,15,285,District - Serchhip,Rural,Technical diploma or certificate not equal to degree,Non-workers_Total_Females,0.0,DDW-1500B-03SC.xlsx,03SC
B0203SC,15,285,District - Serchhip,Rural,Graduate and above other than technical degree,Non-workers_Total_Females,0.0,DDW-1500B-03SC.xlsx,03SC
B0203SC,15,285,District - Serchhip,Rural,Technical degree or diploma equal to degree or post-graduate degree,Non-workers_Total_Females,0.0,DDW-1500B-03SC.xlsx,03SC
B0203SC,15,285,District - Serchhip,Urban,Total,Non-workers_Total_Females,7.0,DDW-1500B-03SC.xlsx,03SC
B0203SC,15,285,District - Serchhip,Urban,Illiterate,Non-workers_Total_Females,1.0,DDW-1500B-03SC.xlsx,03SC
B0203SC,15,285,District - Serchhip,Urban,Literate,Non-workers_Total_Females,6.0,DDW-1500B-03SC.xlsx,03SC
B0203SC,15,285,District - Serchhip,Urban,Literate but below matric/secondary,Non-workers_Total_Females,5.0,DDW-1500B-03SC.xlsx,03SC
B0203SC,15,285,District - Serchhip,Urban,Matric/secondary but below graduate,Non-workers_Total_Females,0.0,DDW-1500B-03SC.xlsx,03SC
B0203SC,15,285,District - Serchhip,Urban,Technical diploma or certificate not equal to degree,Non-workers_Total_Females,0.0,DDW-1500B-03SC.xlsx,03SC
B0203SC,15,285,District - Serchhip,Urban,Graduate and above other than technical degree,Non-workers_Total_Females,1.0,DDW-1500B-03SC.xlsx,03SC
B0203SC,15,285,District - Serchhip,Urban,Technical degree or diploma equal to degree or post-graduate degree,Non-workers_Total_Females,0.0,DDW-1500B-03SC.xlsx,03SC
B0203SC,15,286,District - Lunglei,Total,Total,Non-workers_Total_Females,44.0,DDW-1500B-03SC.xlsx,03SC
B0203SC,15,286,District - Lunglei,Total,Illiterate,Non-workers_Total_Females,20.0,DDW-1500B-03SC.xlsx,03SC
B0203SC,15,286,District - Lunglei,Total,Literate,Non-workers_Total_Females,24.0,DDW-1500B-03SC.xlsx,03SC
B0203SC,15,286,District - Lunglei,Total,Literate but below matric/secondary,Non-workers_Total_Females,21.0,DDW-1500B-03SC.xlsx,03SC
B0203SC,15,286,District - Lunglei,Total,Matric/secondary but below graduate,Non-workers_Total_Females,1.0,DDW-1500B-03SC.xlsx,03SC
B0203SC,15,286,District - Lunglei,Total,Technical diploma or certificate not equal to degree,Non-workers_Total_Females,0.0,DDW-1500B-03SC.xlsx,03SC
B0203SC,15,286,District - Lunglei,Total,Graduate and above other than technical degree,Non-workers_Total_Females,1.0,DDW-1500B-03SC.xlsx,03SC
B0203SC,15,286,District - Lunglei,Total,Technical degree or diploma equal to degree or post-graduate degree,Non-workers_Total_Females,0.0,DDW-1500B-03SC.xlsx,03SC
B0203SC,15,286,District - Lunglei,Rural,Total,Non-workers_Total_Females,23.0,DDW-1500B-03SC.xlsx,03SC
B0203SC,15,286,District - Lunglei,Rural,Illiterate,Non-workers_Total_Females,15.0,DDW-1500B-03SC.xlsx,03SC
B0203SC,15,286,District - Lunglei,Rural,Literate,Non-workers_Total_Females,8.0,DDW-1500B-03SC.xlsx,03SC
B0203SC,15,286,District - Lunglei,Rural,Literate but below matric/secondary,Non-workers_Total_Females,7.0,DDW-1500B-03SC.xlsx,03SC
B0203SC,15,286,District - Lunglei,Rural,Matric/secondary but below graduate,Non-workers_Total_Females,0.0,DDW-1500B-03SC.xlsx,03SC
B0203SC,15,286,District - Lunglei,Rural,Technical diploma or certificate not equal to degree,Non-workers_Total_Females,0.0,DDW-1500B-03SC.xlsx,03SC
B0203SC,15,286,District - Lunglei,Rural,Graduate and above other than technical degree,Non-workers_Total_Females,0.0,DDW-1500B-03SC.xlsx,03SC
B0203SC,15,286,District - Lunglei,Rural,Technical degree or diploma equal to degree or post-graduate degree,Non-workers_Total_Females,0.0,DDW-1500B-03SC.xlsx,03SC
B0203SC,15,286,District - Lunglei,Urban,Total,Non-workers_Total_Females,21.0,DDW-1500B-03SC.xlsx,03SC
B0203SC,15,286,District - Lunglei,Urban,Illiterate,Non-workers_Total_Females,5.0,DDW-1500B-03SC.xlsx,03SC
B0203SC,15,286,District - Lunglei,Urban,Literate,Non-workers_Total_Females,16.0,DDW-1500B-03SC.xlsx,03SC
B0203SC,15,286,District - Lunglei,Urban,Literate but below matric/secondary,Non-workers_Total_Females,14.0,DDW-1500B-03SC.xlsx,03SC
B0203SC,15,286,District - Lunglei,Urban,Matric/secondary but below graduate,Non-workers_Total_Females,1.0,DDW-1500B-03SC.xlsx,03SC
B0203SC,15,286,District - Lunglei,Urban,Technical diploma or certificate not equal to degree,Non-workers_Total_Females,0.0,DDW-1500B-03SC.xlsx,03SC
B0203SC,15,286,District - Lunglei,Urban,Graduate and above other than technical degree,Non-workers_Total_Females,1.0,DDW-1500B-03SC.xlsx,03SC
B0203SC,15,286,District - Lunglei,Urban,Technical degree or diploma equal to degree or post-graduate degree,Non-workers_Total_Females,0.0,DDW-1500B-03SC.xlsx,03SC
B0203SC,15,287,District - Lawngtlai,Total,Total,Non-workers_Total_Females,36.0,DDW-1500B-03SC.xlsx,03SC
B0203SC,15,287,District - Lawngtlai,Total,Illiterate,Non-workers_Total_Females,18.0,DDW-1500B-03SC.xlsx,03SC
B0203SC,15,287,District - Lawngtlai,Total,Literate,Non-workers_Total_Females,18.0,DDW-1500B-03SC.xlsx,03SC
B0203SC,15,287,District - Lawngtlai,Total,Literate but below matric/secondary,Non-workers_Total_Females,15.0,DDW-1500B-03SC.xlsx,03SC
B0203SC,15,287,District - Lawngtlai,Total,Matric/secondary but below graduate,Non-workers_Total_Females,2.0,DDW-1500B-03SC.xlsx,03SC
B0203SC,15,287,District - Lawngtlai,Total,Technical diploma or certificate not equal to degree,Non-workers_Total_Females,0.0,DDW-1500B-03SC.xlsx,03SC
B0203SC,15,287,District - Lawngtlai,Total,Graduate and above other than technical degree,Non-workers_Total_Females,1.0,DDW-1500B-03SC.xlsx,03SC
B0203SC,15,287,District - Lawngtlai,Total,Technical degree or diploma equal to degree or post-graduate degree,Non-workers_Total_Females,0.0,DDW-1500B-03SC.xlsx,03SC
B0203SC,15,287,District - Lawngtlai,Rural,Total,Non-workers_Total_Females,26.0,DDW-1500B-03SC.xlsx,03SC
B0203SC,15,287,District - Lawngtlai,Rural,Illiterate,Non-workers_Total_Females,12.0,DDW-1500B-03SC.xlsx,03SC
B0203SC,15,287,District - Lawngtlai,Rural,Literate,Non-workers_Total_Females,14.0,DDW-1500B-03SC.xlsx,03SC
B0203SC,15,287,District - Lawngtlai,Rural,Literate but below matric/secondary,Non-workers_Total_Females,14.0,DDW-1500B-03SC.xlsx,03SC
B0203SC,15,287,District - Lawngtlai,Rural,Matric/secondary but below graduate,Non-workers_Total_Females,0.0,DDW-1500B-03SC.xlsx,03SC
B0203SC,15,287,District - Lawngtlai,Rural,Technical diploma or certificate not equal to degree,Non-workers_Total_Females,0.0,DDW-1500B-03SC.xlsx,03SC
B0203SC,15,287,District - Lawngtlai,Rural,Graduate and above other than technical degree,Non-workers_Total_Females,0.0,DDW-1500B-03SC.xlsx,03SC
B0203SC,15,287,District - Lawngtlai,Rural,Technical degree or diploma equal to degree or post-graduate degree,Non-workers_Total_Females,0.0,DDW-1500B-03SC.xlsx,03SC
B0203SC,15,287,District - Lawngtlai,Urban,Total,Non-workers_Total_Females,10.0,DDW-1500B-03SC.xlsx,03SC
B0203SC,15,287,District - Lawngtlai,Urban,Illiterate,Non-workers_Total_Females,6.0,DDW-1500B-03SC.xlsx,03SC
B0203SC,15,287,District - Lawngtlai,Urban,Literate,Non-workers_Total_Females,4.0,DDW-1500B-03SC.xlsx,03SC
B0203SC,15,287,District - Lawngtlai,Urban,Literate but below matric/secondary,Non-workers_Total_Females,1.0,DDW-1500B-03SC.xlsx,03SC
B0203SC,15,287,District - Lawngtlai,Urban,Matric/secondary but below graduate,Non-workers_Total_Females,2.0,DDW-1500B-03SC.xlsx,03SC
B0203SC,15,287,District - Lawngtlai,Urban,Technical diploma or certificate not equal to degree,Non-workers_Total_Females,0.0,DDW-1500B-03SC.xlsx,03SC
B0203SC,15,287,District - Lawngtlai,Urban,Graduate and above other than technical degree,Non-workers_Total_Females,1.0,DDW-1500B-03SC.xlsx,03SC
B0203SC,15,287,District - Lawngtlai,Urban,Technical degree or diploma equal to degree or post-graduate degree,Non-workers_Total_Females,0.0,DDW-1500B-03SC.xlsx,03SC
B0203SC,15,288,District - Saiha,Total,Total,Non-workers_Total_Females,29.0,DDW-1500B-03SC.xlsx,03SC
B0203SC,15,288,District - Saiha,Total,Illiterate,Non-workers_Total_Females,6.0,DDW-1500B-03SC.xlsx,03SC
B0203SC,15,288,District - Saiha,Total,Literate,Non-workers_Total_Females,23.0,DDW-1500B-03SC.xlsx,03SC
B0203SC,15,288,District - Saiha,Total,Literate but below matric/secondary,Non-workers_Total_Females,13.0,DDW-1500B-03SC.xlsx,03SC
B0203SC,15,288,District - Saiha,Total,Matric/secondary but below graduate,Non-workers_Total_Females,10.0,DDW-1500B-03SC.xlsx,03SC
B0203SC,15,288,District - Saiha,Total,Technical diploma or certificate not equal to degree,Non-workers_Total_Females,0.0,DDW-1500B-03SC.xlsx,03SC
B0203SC,15,288,District - Saiha,Total,Graduate and above other than technical degree,Non-workers_Total_Females,0.0,DDW-1500B-03SC.xlsx,03SC
B0203SC,15,288,District - Saiha,Total,Technical degree or diploma equal to degree or post-graduate degree,Non-workers_Total_Females,0.0,DDW-1500B-03SC.xlsx,03SC
B0203SC,15,288,District - Saiha,Rural,Total,Non-workers_Total_Females,4.0,DDW-1500B-03SC.xlsx,03SC
B0203SC,15,288,District - Saiha,Rural,Illiterate,Non-workers_Total_Females,3.0,DDW-1500B-03SC.xlsx,03SC
B0203SC,15,288,District - Saiha,Rural,Literate,Non-workers_Total_Females,1.0,DDW-1500B-03SC.xlsx,03SC
B0203SC,15,288,District - Saiha,Rural,Literate but below matric/secondary,Non-workers_Total_Females,0.0,DDW-1500B-03SC.xlsx,03SC
B0203SC,15,288,District - Saiha,Rural,Matric/secondary but below graduate,Non-workers_Total_Females,1.0,DDW-1500B-03SC.xlsx,03SC
B0203SC,15,288,District - Saiha,Rural,Technical diploma or certificate not equal to degree,Non-workers_Total_Females,0.0,DDW-1500B-03SC.xlsx,03SC
B0203SC,15,288,District - Saiha,Rural,Graduate and above other than technical degree,Non-workers_Total_Females,0.0,DDW-1500B-03SC.xlsx,03SC
B0203SC,15,288,District - Saiha,Rural,Technical degree or diploma equal to degree or post-graduate degree,Non-workers_Total_Females,0.0,DDW-1500B-03SC.xlsx,03SC
B0203SC,15,288,District - Saiha,Urban,Total,Non-workers_Total_Females,25.0,DDW-1500B-03SC.xlsx,03SC
B0203SC,15,288,District - Saiha,Urban,Illiterate,Non-workers_Total_Females,3.0,DDW-1500B-03SC.xlsx,03SC
B0203SC,15,288,District - Saiha,Urban,Literate,Non-workers_Total_Females,22.0,DDW-1500B-03SC.xlsx,03SC
B0203SC,15,288,District - Saiha,Urban,Literate but below matric/secondary,Non-workers_Total_Females,13.0,DDW-1500B-03SC.xlsx,03SC
B0203SC,15,288,District - Saiha,Urban,Matric/secondary but below graduate,Non-workers_Total_Females,9.0,DDW-1500B-03SC.xlsx,03SC
B0203SC,15,288,District - Saiha,Urban,Technical diploma or certificate not equal to degree,Non-workers_Total_Females,0.0,DDW-1500B-03SC.xlsx,03SC
B0203SC,15,288,District - Saiha,Urban,Graduate and above other than technical degree,Non-workers_Total_Females,0.0,DDW-1500B-03SC.xlsx,03SC
B0203SC,15,288,District - Saiha,Urban,Technical degree or diploma equal to degree or post-graduate degree,Non-workers_Total_Females,0.0,DDW-1500B-03SC.xlsx,03SC
B0203SC,15,000,State - MIZORAM,Total,Total,Non-workers_Seeking/availabe for work_Persons,60.0,DDW-1500B-03SC.xlsx,03SC
B0203SC,15,000,State - MIZORAM,Total,Illiterate,Non-workers_Seeking/availabe for work_Persons,2.0,DDW-1500B-03SC.xlsx,03SC
B0203SC,15,000,State - MIZORAM,Total,Literate,Non-workers_Seeking/availabe for work_Persons,58.0,DDW-1500B-03SC.xlsx,03SC
B0203SC,15,000,State - MIZORAM,Total,Literate but below matric/secondary,Non-workers_Seeking/availabe for work_Persons,21.0,DDW-1500B-03SC.xlsx,03SC
B0203SC,15,000,State - MIZORAM,Total,Matric/secondary but below graduate,Non-workers_Seeking/availabe for work_Persons,23.0,DDW-1500B-03SC.xlsx,03SC
B0203SC,15,000,State - MIZORAM,Total,Technical diploma or certificate not equal to degree,Non-workers_Seeking/availabe for work_Persons,0.0,DDW-1500B-03SC.xlsx,03SC
B0203SC,15,000,State - MIZORAM,Total,Graduate and above other than technical degree,Non-workers_Seeking/availabe for work_Persons,9.0,DDW-1500B-03SC.xlsx,03SC
B0203SC,15,000,State - MIZORAM,Total,Technical degree or diploma equal to degree or post-graduate degree,Non-workers_Seeking/availabe for work_Persons,4.0,DDW-1500B-03SC.xlsx,03SC
B0203SC,15,000,State - MIZORAM,Rural,Total,Non-workers_Seeking/availabe for work_Persons,8.0,DDW-1500B-03SC.xlsx,03SC
B0203SC,15,000,State - MIZORAM,Rural,Illiterate,Non-workers_Seeking/availabe for work_Persons,0.0,DDW-1500B-03SC.xlsx,03SC
B0203SC,15,000,State - MIZORAM,Rural,Literate,Non-workers_Seeking/availabe for work_Persons,8.0,DDW-1500B-03SC.xlsx,03SC
B0203SC,15,000,State - MIZORAM,Rural,Literate but below matric/secondary,Non-workers_Seeking/availabe for work_Persons,6.0,DDW-1500B-03SC.xlsx,03SC
B0203SC,15,000,State - MIZORAM,Rural,Matric/secondary but below graduate,Non-workers_Seeking/availabe for work_Persons,2.0,DDW-1500B-03SC.xlsx,03SC
B0203SC,15,000,State - MIZORAM,Rural,Technical diploma or certificate not equal to degree,Non-workers_Seeking/availabe for work_Persons,0.0,DDW-1500B-03SC.xlsx,03SC
B0203SC,15,000,State - MIZORAM,Rural,Graduate and above other than technical degree,Non-workers_Seeking/availabe for work_Persons,0.0,DDW-1500B-03SC.xlsx,03SC
B0203SC,15,000,State - MIZORAM,Rural,Technical degree or diploma equal to degree or post-graduate degree,Non-workers_Seeking/availabe for work_Persons,0.0,DDW-1500B-03SC.xlsx,03SC
B0203SC,15,000,State - MIZORAM,Urban,Total,Non-workers_Seeking/availabe for work_Persons,52.0,DDW-1500B-03SC.xlsx,03SC
B0203SC,15,000,State - MIZORAM,Urban,Illiterate,Non-workers_Seeking/availabe for work_Persons,2.0,DDW-1500B-03SC.xlsx,03SC
B0203SC,15,000,State - MIZORAM,Urban,Literate,Non-workers_Seeking/availabe for work_Persons,50.0,DDW-1500B-03SC.xlsx,03SC
B0203SC,15,000,State - MIZORAM,Urban,Literate but below matric/secondary,Non-workers_Seeking/availabe for work_Persons,15.0,DDW-1500B-03SC.xlsx,03SC
B0203SC,15,000,State - MIZORAM,Urban,Matric/secondary but below graduate,Non-workers_Seeking/availabe for work_Persons,21.0,DDW-1500B-03SC.xlsx,03SC
B0203SC,15,000,State - MIZORAM,Urban,Technical diploma or certificate not equal to degree,Non-workers_Seeking/availabe for work_Persons,0.0,DDW-1500B-03SC.xlsx,03SC
B0203SC,15,000,State - MIZORAM,Urban,Graduate and above other than technical degree,Non-workers_Seeking/availabe for work_Persons,9.0,DDW-1500B-03SC.xlsx,03SC
B0203SC,15,000,State - MIZORAM,Urban,Technical degree or diploma equal to degree or post-graduate degree,Non-workers_Seeking/availabe for work_Persons,4.0,DDW-1500B-03SC.xlsx,03SC
B0203SC,15,281,District - Mamit,Total,Total,Non-workers_Seeking/availabe for work_Persons,2.0,DDW-1500B-03SC.xlsx,03SC
B0203SC,15,281,District - Mamit,Total,Illiterate,Non-workers_Seeking/availabe for work_Persons,0.0,DDW-1500B-03SC.xlsx,03SC
B0203SC,15,281,District - Mamit,Total,Literate,Non-workers_Seeking/availabe for work_Persons,2.0,DDW-1500B-03SC.xlsx,03SC
B0203SC,15,281,District - Mamit,Total,Literate but below matric/secondary,Non-workers_Seeking/availabe for work_Persons,1.0,DDW-1500B-03SC.xlsx,03SC
B0203SC,15,281,District - Mamit,Total,Matric/secondary but below graduate,Non-workers_Seeking/availabe for work_Persons,1.0,DDW-1500B-03SC.xlsx,03SC
B0203SC,15,281,District - Mamit,Total,Technical diploma or certificate not equal to degree,Non-workers_Seeking/availabe for work_Persons,0.0,DDW-1500B-03SC.xlsx,03SC
B0203SC,15,281,District - Mamit,Total,Graduate and above other than technical degree,Non-workers_Seeking/availabe for work_Persons,0.0,DDW-1500B-03SC.xlsx,03SC
B0203SC,15,281,District - Mamit,Total,Technical degree or diploma equal to degree or post-graduate degree,Non-workers_Seeking/availabe for work_Persons,0.0,DDW-1500B-03SC.xlsx,03SC
B0203SC,15,281,District - Mamit,Rural,Total,Non-workers_Seeking/availabe for work_Persons,2.0,DDW-1500B-03SC.xlsx,03SC
B0203SC,15,281,District - Mamit,Rural,Illiterate,Non-workers_Seeking/availabe for work_Persons,0.0,DDW-1500B-03SC.xlsx,03SC
B0203SC,15,281,District - Mamit,Rural,Literate,Non-workers_Seeking/availabe for work_Persons,2.0,DDW-1500B-03SC.xlsx,03SC
B0203SC,15,281,District - Mamit,Rural,Literate but below matric/secondary,Non-workers_Seeking/availabe for work_Persons,1.0,DDW-1500B-03SC.xlsx,03SC
B0203SC,15,281,District - Mamit,Rural,Matric/secondary but below graduate,Non-workers_Seeking/availabe for work_Persons,1.0,DDW-1500B-03SC.xlsx,03SC
B0203SC,15,281,District - Mamit,Rural,Technical diploma or certificate not equal to degree,Non-workers_Seeking/availabe for work_Persons,0.0,DDW-1500B-03SC.xlsx,03SC
B0203SC,15,281,District - Mamit,Rural,Graduate and above other than technical degree,Non-workers_Seeking/availabe for work_Persons,0.0,DDW-1500B-03SC.xlsx,03SC
B0203SC,15,281,District - Mamit,Rural,Technical degree or diploma equal to degree or post-graduate degree,Non-workers_Seeking/availabe for work_Persons,0.0,DDW-1500B-03SC.xlsx,03SC
B0203SC,15,281,District - Mamit,Urban,Total,Non-workers_Seeking/availabe for work_Persons,0.0,DDW-1500B-03SC.xlsx,03SC
B0203SC,15,281,District - Mamit,Urban,Illiterate,Non-workers_Seeking/availabe for work_Persons,0.0,DDW-1500B-03SC.xlsx,03SC
B0203SC,15,281,District - Mamit,Urban,Literate,Non-workers_Seeking/availabe for work_Persons,0.0,DDW-1500B-03SC.xlsx,03SC
B0203SC,15,281,District - Mamit,Urban,Literate but below matric/secondary,Non-workers_Seeking/availabe for work_Persons,0.0,DDW-1500B-03SC.xlsx,03SC
B0203SC,15,281,District - Mamit,Urban,Matric/secondary but below graduate,Non-workers_Seeking/availabe for work_Persons,0.0,DDW-1500B-03SC.xlsx,03SC
B0203SC,15,281,District - Mamit,Urban,Technical diploma or certificate not equal to degree,Non-workers_Seeking/availabe for work_Persons,0.0,DDW-1500B-03SC.xlsx,03SC
B0203SC,15,281,District - Mamit,Urban,Graduate and above other than technical degree,Non-workers_Seeking/availabe for work_Persons,0.0,DDW-1500B-03SC.xlsx,03SC
B0203SC,15,281,District - Mamit,Urban,Technical degree or diploma equal to degree or post-graduate degree,Non-workers_Seeking/availabe for work_Persons,0.0,DDW-1500B-03SC.xlsx,03SC
B0203SC,15,282,District - Kolasib,Total,Total,Non-workers_Seeking/availabe for work_Persons,4.0,DDW-1500B-03SC.xlsx,03SC
B0203SC,15,282,District - Kolasib,Total,Illiterate,Non-workers_Seeking/availabe for work_Persons,1.0,DDW-1500B-03SC.xlsx,03SC
B0203SC,15,282,District - Kolasib,Total,Literate,Non-workers_Seeking/availabe for work_Persons,3.0,DDW-1500B-03SC.xlsx,03SC
B0203SC,15,282,District - Kolasib,Total,Literate but below matric/secondary,Non-workers_Seeking/availabe for work_Persons,0.0,DDW-1500B-03SC.xlsx,03SC
B0203SC,15,282,District - Kolasib,Total,Matric/secondary but below graduate,Non-workers_Seeking/availabe for work_Persons,1.0,DDW-1500B-03SC.xlsx,03SC
B0203SC,15,282,District - Kolasib,Total,Technical diploma or certificate not equal to degree,Non-workers_Seeking/availabe for work_Persons,0.0,DDW-1500B-03SC.xlsx,03SC
B0203SC,15,282,District - Kolasib,Total,Graduate and above other than technical degree,Non-workers_Seeking/availabe for work_Persons,1.0,DDW-1500B-03SC.xlsx,03SC
B0203SC,15,282,District - Kolasib,Total,Technical degree or diploma equal to degree or post-graduate degree,Non-workers_Seeking/availabe for work_Persons,0.0,DDW-1500B-03SC.xlsx,03SC
B0203SC,15,282,District - Kolasib,Rural,Total,Non-workers_Seeking/availabe for work_Persons,0.0,DDW-1500B-03SC.xlsx,03SC
B0203SC,15,282,District - Kolasib,Rural,Illiterate,Non-workers_Seeking/availabe for work_Persons,0.0,DDW-1500B-03SC.xlsx,03SC
B0203SC,15,282,District - Kolasib,Rural,Literate,Non-workers_Seeking/availabe for work_Persons,0.0,DDW-1500B-03SC.xlsx,03SC
B0203SC,15,282,District - Kolasib,Rural,Literate but below matric/secondary,Non-workers_Seeking/availabe for work_Persons,0.0,DDW-1500B-03SC.xlsx,03SC
B0203SC,15,282,District - Kolasib,Rural,Matric/secondary but below graduate,Non-workers_Seeking/availabe for work_Persons,0.0,DDW-1500B-03SC.xlsx,03SC
B0203SC,15,282,District - Kolasib,Rural,Technical diploma or certificate not equal to degree,Non-workers_Seeking/availabe for work_Persons,0.0,DDW-1500B-03SC.xlsx,03SC
B0203SC,15,282,District - Kolasib,Rural,Graduate and above other than technical degree,Non-workers_Seeking/availabe for work_Persons,0.0,DDW-1500B-03SC.xlsx,03SC
B0203SC,15,282,District - Kolasib,Rural,Technical degree or diploma equal to degree or post-graduate degree,Non-workers_Seeking/availabe for work_Persons,0.0,DDW-1500B-03SC.xlsx,03SC
B0203SC,15,282,District - Kolasib,Urban,Total,Non-workers_Seeking/availabe for work_Persons,4.0,DDW-1500B-03SC.xlsx,03SC
B0203SC,15,282,District - Kolasib,Urban,Illiterate,Non-workers_Seeking/availabe for work_Persons,1.0,DDW-1500B-03SC.xlsx,03SC
B0203SC,15,282,District - Kolasib,Urban,Literate,Non-workers_Seeking/availabe for work_Persons,3.0,DDW-1500B-03SC.xlsx,03SC
B0203SC,15,282,District - Kolasib,Urban,Literate but below matric/secondary,Non-workers_Seeking/availabe for work_Persons,0.0,DDW-1500B-03SC.xlsx,03SC
B0203SC,15,282,District - Kolasib,Urban,Matric/secondary but below graduate,Non-workers_Seeking/availabe for work_Persons,1.0,DDW-1500B-03SC.xlsx,03SC
B0203SC,15,282,District - Kolasib,Urban,Technical diploma or certificate not equal to degree,Non-workers_Seeking/availabe for work_Persons,0.0,DDW-1500B-03SC.xlsx,03SC
B0203SC,15,282,District - Kolasib,Urban,Graduate and above other than technical degree,Non-workers_Seeking/availabe for work_Persons,1.0,DDW-1500B-03SC.xlsx,03SC
B0203SC,15,282,District - Kolasib,Urban,Technical degree or diploma equal to degree or post-graduate degree,Non-workers_Seeking/availabe for work_Persons,0.0,DDW-1500B-03SC.xlsx,03SC
B0203SC,15,283,District - Aizawl,Total,Total,Non-workers_Seeking/availabe for work_Persons,39.0,DDW-1500B-03SC.xlsx,03SC
B0203SC,15,283,District - Aizawl,Total,Illiterate,Non-workers_Seeking/availabe for work_Persons,1.0,DDW-1500B-03SC.xlsx,03SC
B0203SC,15,283,District - Aizawl,Total,Literate,Non-workers_Seeking/availabe for work_Persons,38.0,DDW-1500B-03SC.xlsx,03SC
B0203SC,15,283,District - Aizawl,Total,Literate but below matric/secondary,Non-workers_Seeking/availabe for work_Persons,9.0,DDW-1500B-03SC.xlsx,03SC
B0203SC,15,283,District - Aizawl,Total,Matric/secondary but below graduate,Non-workers_Seeking/availabe for work_Persons,18.0,DDW-1500B-03SC.xlsx,03SC
B0203SC,15,283,District - Aizawl,Total,Technical diploma or certificate not equal to degree,Non-workers_Seeking/availabe for work_Persons,0.0,DDW-1500B-03SC.xlsx,03SC
B0203SC,15,283,District - Aizawl,Total,Graduate and above other than technical degree,Non-workers_Seeking/availabe for work_Persons,8.0,DDW-1500B-03SC.xlsx,03SC
B0203SC,15,283,District - Aizawl,Total,Technical degree or diploma equal to degree or post-graduate degree,Non-workers_Seeking/availabe for work_Persons,3.0,DDW-1500B-03SC.xlsx,03SC
B0203SC,15,283,District - Aizawl,Rural,Total,Non-workers_Seeking/availabe for work_Persons,0.0,DDW-1500B-03SC.xlsx,03SC
B0203SC,15,283,District - Aizawl,Rural,Illiterate,Non-workers_Seeking/availabe for work_Persons,0.0,DDW-1500B-03SC.xlsx,03SC
B0203SC,15,283,District - Aizawl,Rural,Literate,Non-workers_Seeking/availabe for work_Persons,0.0,DDW-1500B-03SC.xlsx,03SC
B0203SC,15,283,District - Aizawl,Rural,Literate but below matric/secondary,Non-workers_Seeking/availabe for work_Persons,0.0,DDW-1500B-03SC.xlsx,03SC
B0203SC,15,283,District - Aizawl,Rural,Matric/secondary but below graduate,Non-workers_Seeking/availabe for work_Persons,0.0,DDW-1500B-03SC.xlsx,03SC
B0203SC,15,283,District - Aizawl,Rural,Technical diploma or certificate not equal to degree,Non-workers_Seeking/availabe for work_Persons,0.0,DDW-1500B-03SC.xlsx,03SC
B0203SC,15,283,District - Aizawl,Rural,Graduate and above other than technical degree,Non-workers_Seeking/availabe for work_Persons,0.0,DDW-1500B-03SC.xlsx,03SC
B0203SC,15,283,District - Aizawl,Rural,Technical degree or diploma equal to degree or post-graduate degree,Non-workers_Seeking/availabe for work_Persons,0.0,DDW-1500B-03SC.xlsx,03SC
B0203SC,15,283,District - Aizawl,Urban,Total,Non-workers_Seeking/availabe for work_Persons,39.0,DDW-1500B-03SC.xlsx,03SC
B0203SC,15,283,District - Aizawl,Urban,Illiterate,Non-workers_Seeking/availabe for work_Persons,1.0,DDW-1500B-03SC.xlsx,03SC
B0203SC,15,283,District - Aizawl,Urban,Literate,Non-workers_Seeking/availabe for work_Persons,38.0,DDW-1500B-03SC.xlsx,03SC
B0203SC,15,283,District - Aizawl,Urban,Literate but below matric/secondary,Non-workers_Seeking/availabe for work_Persons,9.0,DDW-1500B-03SC.xlsx,03SC
B0203SC,15,283,District - Aizawl,Urban,Matric/secondary but below graduate,Non-workers_Seeking/availabe for work_Persons,18.0,DDW-1500B-03SC.xlsx,03SC
B0203SC,15,283,District - Aizawl,Urban,Technical diploma or certificate not equal to degree,Non-workers_Seeking/availabe for work_Persons,0.0,DDW-1500B-03SC.xlsx,03SC
B0203SC,15,283,District - Aizawl,Urban,Graduate and above other than technical degree,Non-workers_Seeking/availabe for work_Persons,8.0,DDW-1500B-03SC.xlsx,03SC
B0203SC,15,283,District - Aizawl,Urban,Technical degree or diploma equal to degree or post-graduate degree,Non-workers_Seeking/availabe for work_Persons,3.0,DDW-1500B-03SC.xlsx,03SC
B0203SC,15,284,District - Champhai,Total,Total,Non-workers_Seeking/availabe for work_Persons,0.0,DDW-1500B-03SC.xlsx,03SC
B0203SC,15,284,District - Champhai,Total,Illiterate,Non-workers_Seeking/availabe for work_Persons,0.0,DDW-1500B-03SC.xlsx,03SC
B0203SC,15,284,District - Champhai,Total,Literate,Non-workers_Seeking/availabe for work_Persons,0.0,DDW-1500B-03SC.xlsx,03SC
B0203SC,15,284,District - Champhai,Total,Literate but below matric/secondary,Non-workers_Seeking/availabe for work_Persons,0.0,DDW-1500B-03SC.xlsx,03SC
B0203SC,15,284,District - Champhai,Total,Matric/secondary but below graduate,Non-workers_Seeking/availabe for work_Persons,0.0,DDW-1500B-03SC.xlsx,03SC
B0203SC,15,284,District - Champhai,Total,Technical diploma or certificate not equal to degree,Non-workers_Seeking/availabe for work_Persons,0.0,DDW-1500B-03SC.xlsx,03SC
B0203SC,15,284,District - Champhai,Total,Graduate and above other than technical degree,Non-workers_Seeking/availabe for work_Persons,0.0,DDW-1500B-03SC.xlsx,03SC
B0203SC,15,284,District - Champhai,Total,Technical degree or diploma equal to degree or post-graduate degree,Non-workers_Seeking/availabe for work_Persons,0.0,DDW-1500B-03SC.xlsx,03SC
B0203SC,15,284,District - Champhai,Rural,Total,Non-workers_Seeking/availabe for work_Persons,0.0,DDW-1500B-03SC.xlsx,03SC
B0203SC,15,284,District - Champhai,Rural,Illiterate,Non-workers_Seeking/availabe for work_Persons,0.0,DDW-1500B-03SC.xlsx,03SC
B0203SC,15,284,District - Champhai,Rural,Literate,Non-workers_Seeking/availabe for work_Persons,0.0,DDW-1500B-03SC.xlsx,03SC
B0203SC,15,284,District - Champhai,Rural,Literate but below matric/secondary,Non-workers_Seeking/availabe for work_Persons,0.0,DDW-1500B-03SC.xlsx,03SC
B0203SC,15,284,District - Champhai,Rural,Matric/secondary but below graduate,Non-workers_Seeking/availabe for work_Persons,0.0,DDW-1500B-03SC.xlsx,03SC
B0203SC,15,284,District - Champhai,Rural,Technical diploma or certificate not equal to degree,Non-workers_Seeking/availabe for work_Persons,0.0,DDW-1500B-03SC.xlsx,03SC
B0203SC,15,284,District - Champhai,Rural,Graduate and above other than technical degree,Non-workers_Seeking/availabe for work_Persons,0.0,DDW-1500B-03SC.xlsx,03SC
B0203SC,15,284,District - Champhai,Rural,Technical degree or diploma equal to degree or post-graduate degree,Non-workers_Seeking/availabe for work_Persons,0.0,DDW-1500B-03SC.xlsx,03SC
B0203SC,15,284,District - Champhai,Urban,Total,Non-workers_Seeking/availabe for work_Persons,0.0,DDW-1500B-03SC.xlsx,03SC
B0203SC,15,284,District - Champhai,Urban,Illiterate,Non-workers_Seeking/availabe for work_Persons,0.0,DDW-1500B-03SC.xlsx,03SC
B0203SC,15,284,District - Champhai,Urban,Literate,Non-workers_Seeking/availabe for work_Persons,0.0,DDW-1500B-03SC.xlsx,03SC
B0203SC,15,284,District - Champhai,Urban,Literate but below matric/secondary,Non-workers_Seeking/availabe for work_Persons,0.0,DDW-1500B-03SC.xlsx,03SC
B0203SC,15,284,District - Champhai,Urban,Matric/secondary but below graduate,Non-workers_Seeking/availabe for work_Persons,0.0,DDW-1500B-03SC.xlsx,03SC
B0203SC,15,284,District - Champhai,Urban,Technical diploma or certificate not equal to degree,Non-workers_Seeking/availabe for work_Persons,0.0,DDW-1500B-03SC.xlsx,03SC
B0203SC,15,284,District - Champhai,Urban,Graduate and above other than technical degree,Non-workers_Seeking/availabe for work_Persons,0.0,DDW-1500B-03SC.xlsx,03SC
B0203SC,15,284,District - Champhai,Urban,Technical degree or diploma equal to degree or post-graduate degree,Non-workers_Seeking/availabe for work_Persons,0.0,DDW-1500B-03SC.xlsx,03SC
B0203SC,15,285,District - Serchhip,Total,Total,Non-workers_Seeking/availabe for work_Persons,4.0,DDW-1500B-03SC.xlsx,03SC
B0203SC,15,285,District - Serchhip,Total,Illiterate,Non-workers_Seeking/availabe for work_Persons,0.0,DDW-1500B-03SC.xlsx,03SC
B0203SC,15,285,District - Serchhip,Total,Literate,Non-workers_Seeking/availabe for work_Persons,4.0,DDW-1500B-03SC.xlsx,03SC
B0203SC,15,285,District - Serchhip,Total,Literate but below matric/secondary,Non-workers_Seeking/availabe for work_Persons,4.0,DDW-1500B-03SC.xlsx,03SC
B0203SC,15,285,District - Serchhip,Total,Matric/secondary but below graduate,Non-workers_Seeking/availabe for work_Persons,0.0,DDW-1500B-03SC.xlsx,03SC
B0203SC,15,285,District - Serchhip,Total,Technical diploma or certificate not equal to degree,Non-workers_Seeking/availabe for work_Persons,0.0,DDW-1500B-03SC.xlsx,03SC
B0203SC,15,285,District - Serchhip,Total,Graduate and above other than technical degree,Non-workers_Seeking/availabe for work_Persons,0.0,DDW-1500B-03SC.xlsx,03SC
B0203SC,15,285,District - Serchhip,Total,Technical degree or diploma equal to degree or post-graduate degree,Non-workers_Seeking/availabe for work_Persons,0.0,DDW-1500B-03SC.xlsx,03SC
B0203SC,15,285,District - Serchhip,Rural,Total,Non-workers_Seeking/availabe for work_Persons,2.0,DDW-1500B-03SC.xlsx,03SC
B0203SC,15,285,District - Serchhip,Rural,Illiterate,Non-workers_Seeking/availabe for work_Persons,0.0,DDW-1500B-03SC.xlsx,03SC
B0203SC,15,285,District - Serchhip,Rural,Literate,Non-workers_Seeking/availabe for work_Persons,2.0,DDW-1500B-03SC.xlsx,03SC
B0203SC,15,285,District - Serchhip,Rural,Literate but below matric/secondary,Non-workers_Seeking/availabe for work_Persons,2.0,DDW-1500B-03SC.xlsx,03SC
B0203SC,15,285,District - Serchhip,Rural,Matric/secondary but below graduate,Non-workers_Seeking/availabe for work_Persons,0.0,DDW-1500B-03SC.xlsx,03SC
B0203SC,15,285,District - Serchhip,Rural,Technical diploma or certificate not equal to degree,Non-workers_Seeking/availabe for work_Persons,0.0,DDW-1500B-03SC.xlsx,03SC
B0203SC,15,285,District - Serchhip,Rural,Graduate and above other than technical degree,Non-workers_Seeking/availabe for work_Persons,0.0,DDW-1500B-03SC.xlsx,03SC
B0203SC,15,285,District - Serchhip,Rural,Technical degree or diploma equal to degree or post-graduate degree,Non-workers_Seeking/availabe for work_Persons,0.0,DDW-1500B-03SC.xlsx,03SC
B0203SC,15,285,District - Serchhip,Urban,Total,Non-workers_Seeking/availabe for work_Persons,2.0,DDW-1500B-03SC.xlsx,03SC
B0203SC,15,285,District - Serchhip,Urban,Illiterate,Non-workers_Seeking/availabe for work_Persons,0.0,DDW-1500B-03SC.xlsx,03SC
B0203SC,15,285,District - Serchhip,Urban,Literate,Non-workers_Seeking/availabe for work_Persons,2.0,DDW-1500B-03SC.xlsx,03SC
B0203SC,15,285,District - Serchhip,Urban,Literate but below matric/secondary,Non-workers_Seeking/availabe for work_Persons,2.0,DDW-1500B-03SC.xlsx,03SC
B0203SC,15,285,District - Serchhip,Urban,Matric/secondary but below graduate,Non-workers_Seeking/availabe for work_Persons,0.0,DDW-1500B-03SC.xlsx,03SC
B0203SC,15,285,District - Serchhip,Urban,Technical diploma or certificate not equal to degree,Non-workers_Seeking/availabe for work_Persons,0.0,DDW-1500B-03SC.xlsx,03SC
B0203SC,15,285,District - Serchhip,Urban,Graduate and above other than technical degree,Non-workers_Seeking/availabe for work_Persons,0.0,DDW-1500B-03SC.xlsx,03SC
B0203SC,15,285,District - Serchhip,Urban,Technical degree or diploma equal to degree or post-graduate degree,Non-workers_Seeking/availabe for work_Persons,0.0,DDW-1500B-03SC.xlsx,03SC
B0203SC,15,286,District - Lunglei,Total,Total,Non-workers_Seeking/availabe for work_Persons,6.0,DDW-1500B-03SC.xlsx,03SC
B0203SC,15,286,District - Lunglei,Total,Illiterate,Non-workers_Seeking/availabe for work_Persons,0.0,DDW-1500B-03SC.xlsx,03SC
B0203SC,15,286,District - Lunglei,Total,Literate,Non-workers_Seeking/availabe for work_Persons,6.0,DDW-1500B-03SC.xlsx,03SC
B0203SC,15,286,District - Lunglei,Total,Literate but below matric/secondary,Non-workers_Seeking/availabe for work_Persons,5.0,DDW-1500B-03SC.xlsx,03SC
B0203SC,15,286,District - Lunglei,Total,Matric/secondary but below graduate,Non-workers_Seeking/availabe for work_Persons,1.0,DDW-1500B-03SC.xlsx,03SC
B0203SC,15,286,District - Lunglei,Total,Technical diploma or certificate not equal to degree,Non-workers_Seeking/availabe for work_Persons,0.0,DDW-1500B-03SC.xlsx,03SC
B0203SC,15,286,District - Lunglei,Total,Graduate and above other than technical degree,Non-workers_Seeking/availabe for work_Persons,0.0,DDW-1500B-03SC.xlsx,03SC
B0203SC,15,286,District - Lunglei,Total,Technical degree or diploma equal to degree or post-graduate degree,Non-workers_Seeking/availabe for work_Persons,0.0,DDW-1500B-03SC.xlsx,03SC
B0203SC,15,286,District - Lunglei,Rural,Total,Non-workers_Seeking/availabe for work_Persons,1.0,DDW-1500B-03SC.xlsx,03SC
B0203SC,15,286,District - Lunglei,Rural,Illiterate,Non-workers_Seeking/availabe for work_Persons,0.0,DDW-1500B-03SC.xlsx,03SC
B0203SC,15,286,District - Lunglei,Rural,Literate,Non-workers_Seeking/availabe for work_Persons,1.0,DDW-1500B-03SC.xlsx,03SC
B0203SC,15,286,District - Lunglei,Rural,Literate but below matric/secondary,Non-workers_Seeking/availabe for work_Persons,1.0,DDW-1500B-03SC.xlsx,03SC
B0203SC,15,286,District - Lunglei,Rural,Matric/secondary but below graduate,Non-workers_Seeking/availabe for work_Persons,0.0,DDW-1500B-03SC.xlsx,03SC
B0203SC,15,286,District - Lunglei,Rural,Technical diploma or certificate not equal to degree,Non-workers_Seeking/availabe for work_Persons,0.0,DDW-1500B-03SC.xlsx,03SC
B0203SC,15,286,District - Lunglei,Rural,Graduate and above other than technical degree,Non-workers_Seeking/availabe for work_Persons,0.0,DDW-1500B-03SC.xlsx,03SC
B0203SC,15,286,District - Lunglei,Rural,Technical degree or diploma equal to degree or post-graduate degree,Non-workers_Seeking/availabe for work_Persons,0.0,DDW-1500B-03SC.xlsx,03SC
B0203SC,15,286,District - Lunglei,Urban,Total,Non-workers_Seeking/availabe for work_Persons,5.0,DDW-1500B-03SC.xlsx,03SC
B0203SC,15,286,District - Lunglei,Urban,Illiterate,Non-workers_Seeking/availabe for work_Persons,0.0,DDW-1500B-03SC.xlsx,03SC
B0203SC,15,286,District - Lunglei,Urban,Literate,Non-workers_Seeking/availabe for work_Persons,5.0,DDW-1500B-03SC.xlsx,03SC
B0203SC,15,286,District - Lunglei,Urban,Literate but below matric/secondary,Non-workers_Seeking/availabe for work_Persons,4.0,DDW-1500B-03SC.xlsx,03SC
B0203SC,15,286,District - Lunglei,Urban,Matric/secondary but below graduate,Non-workers_Seeking/availabe for work_Persons,1.0,DDW-1500B-03SC.xlsx,03SC
B0203SC,15,286,District - Lunglei,Urban,Technical diploma or certificate not equal to degree,Non-workers_Seeking/availabe for work_Persons,0.0,DDW-1500B-03SC.xlsx,03SC
B0203SC,15,286,District - Lunglei,Urban,Graduate and above other than technical degree,Non-workers_Seeking/availabe for work_Persons,0.0,DDW-1500B-03SC.xlsx,03SC
B0203SC,15,286,District - Lunglei,Urban,Technical degree or diploma equal to degree or post-graduate degree,Non-workers_Seeking/availabe for work_Persons,0.0,DDW-1500B-03SC.xlsx,03SC
B0203SC,15,287,District - Lawngtlai,Total,Total,Non-workers_Seeking/availabe for work_Persons,2.0,DDW-1500B-03SC.xlsx,03SC
B0203SC,15,287,District - Lawngtlai,Total,Illiterate,Non-workers_Seeking/availabe for work_Persons,0.0,DDW-1500B-03SC.xlsx,03SC
B0203SC,15,287,District - Lawngtlai,Total,Literate,Non-workers_Seeking/availabe for work_Persons,2.0,DDW-1500B-03SC.xlsx,03SC
B0203SC,15,287,District - Lawngtlai,Total,Literate but below matric/secondary,Non-workers_Seeking/availabe for work_Persons,2.0,DDW-1500B-03SC.xlsx,03SC
B0203SC,15,287,District - Lawngtlai,Total,Matric/secondary but below graduate,Non-workers_Seeking/availabe for work_Persons,0.0,DDW-1500B-03SC.xlsx,03SC
B0203SC,15,287,District - Lawngtlai,Total,Technical diploma or certificate not equal to degree,Non-workers_Seeking/availabe for work_Persons,0.0,DDW-1500B-03SC.xlsx,03SC
B0203SC,15,287,District - Lawngtlai,Total,Graduate and above other than technical degree,Non-workers_Seeking/availabe for work_Persons,0.0,DDW-1500B-03SC.xlsx,03SC
B0203SC,15,287,District - Lawngtlai,Total,Technical degree or diploma equal to degree or post-graduate degree,Non-workers_Seeking/availabe for work_Persons,0.0,DDW-1500B-03SC.xlsx,03SC
B0203SC,15,287,District - Lawngtlai,Rural,Total,Non-workers_Seeking/availabe for work_Persons,2.0,DDW-1500B-03SC.xlsx,03SC
B0203SC,15,287,District - Lawngtlai,Rural,Illiterate,Non-workers_Seeking/availabe for work_Persons,0.0,DDW-1500B-03SC.xlsx,03SC
B0203SC,15,287,District - Lawngtlai,Rural,Literate,Non-workers_Seeking/availabe for work_Persons,2.0,DDW-1500B-03SC.xlsx,03SC
B0203SC,15,287,District - Lawngtlai,Rural,Literate but below matric/secondary,Non-workers_Seeking/availabe for work_Persons,2.0,DDW-1500B-03SC.xlsx,03SC
B0203SC,15,287,District - Lawngtlai,Rural,Matric/secondary but below graduate,Non-workers_Seeking/availabe for work_Persons,0.0,DDW-1500B-03SC.xlsx,03SC
B0203SC,15,287,District - Lawngtlai,Rural,Technical diploma or certificate not equal to degree,Non-workers_Seeking/availabe for work_Persons,0.0,DDW-1500B-03SC.xlsx,03SC
B0203SC,15,287,District - Lawngtlai,Rural,Graduate and above other than technical degree,Non-workers_Seeking/availabe for work_Persons,0.0,DDW-1500B-03SC.xlsx,03SC
B0203SC,15,287,District - Lawngtlai,Rural,Technical degree or diploma equal to degree or post-graduate degree,Non-workers_Seeking/availabe for work_Persons,0.0,DDW-1500B-03SC.xlsx,03SC
B0203SC,15,287,District - Lawngtlai,Urban,Total,Non-workers_Seeking/availabe for work_Persons,0.0,DDW-1500B-03SC.xlsx,03SC
B0203SC,15,287,District - Lawngtlai,Urban,Illiterate,Non-workers_Seeking/availabe for work_Persons,0.0,DDW-1500B-03SC.xlsx,03SC
B0203SC,15,287,District - Lawngtlai,Urban,Literate,Non-workers_Seeking/availabe for work_Persons,0.0,DDW-1500B-03SC.xlsx,03SC
B0203SC,15,287,District - Lawngtlai,Urban,Literate but below matric/secondary,Non-workers_Seeking/availabe for work_Persons,0.0,DDW-1500B-03SC.xlsx,03SC
B0203SC,15,287,District - Lawngtlai,Urban,Matric/secondary but below graduate,Non-workers_Seeking/availabe for work_Persons,0.0,DDW-1500B-03SC.xlsx,03SC
B0203SC,15,287,District - Lawngtlai,Urban,Technical diploma or certificate not equal to degree,Non-workers_Seeking/availabe for work_Persons,0.0,DDW-1500B-03SC.xlsx,03SC
B0203SC,15,287,District - Lawngtlai,Urban,Graduate and above other than technical degree,Non-workers_Seeking/availabe for work_Persons,0.0,DDW-1500B-03SC.xlsx,03SC
B0203SC,15,287,District - Lawngtlai,Urban,Technical degree or diploma equal to degree or post-graduate degree,Non-workers_Seeking/availabe for work_Persons,0.0,DDW-1500B-03SC.xlsx,03SC
B0203SC,15,288,District - Saiha,Total,Total,Non-workers_Seeking/availabe for work_Persons,3.0,DDW-1500B-03SC.xlsx,03SC
B0203SC,15,288,District - Saiha,Total,Illiterate,Non-workers_Seeking/availabe for work_Persons,0.0,DDW-1500B-03SC.xlsx,03SC
B0203SC,15,288,District - Saiha,Total,Literate,Non-workers_Seeking/availabe for work_Persons,3.0,DDW-1500B-03SC.xlsx,03SC
B0203SC,15,288,District - Saiha,Total,Literate but below matric/secondary,Non-workers_Seeking/availabe for work_Persons,0.0,DDW-1500B-03SC.xlsx,03SC
B0203SC,15,288,District - Saiha,Total,Matric/secondary but below graduate,Non-workers_Seeking/availabe for work_Persons,2.0,DDW-1500B-03SC.xlsx,03SC
B0203SC,15,288,District - Saiha,Total,Technical diploma or certificate not equal to degree,Non-workers_Seeking/availabe for work_Persons,0.0,DDW-1500B-03SC.xlsx,03SC
B0203SC,15,288,District - Saiha,Total,Graduate and above other than technical degree,Non-workers_Seeking/availabe for work_Persons,0.0,DDW-1500B-03SC.xlsx,03SC
B0203SC,15,288,District - Saiha,Total,Technical degree or diploma equal to degree or post-graduate degree,Non-workers_Seeking/availabe for work_Persons,1.0,DDW-1500B-03SC.xlsx,03SC
B0203SC,15,288,District - Saiha,Rural,Total,Non-workers_Seeking/availabe for work_Persons,1.0,DDW-1500B-03SC.xlsx,03SC
B0203SC,15,288,District - Saiha,Rural,Illiterate,Non-workers_Seeking/availabe for work_Persons,0.0,DDW-1500B-03SC.xlsx,03SC
B0203SC,15,288,District - Saiha,Rural,Literate,Non-workers_Seeking/availabe for work_Persons,1.0,DDW-1500B-03SC.xlsx,03SC
B0203SC,15,288,District - Saiha,Rural,Literate but below matric/secondary,Non-workers_Seeking/availabe for work_Persons,0.0,DDW-1500B-03SC.xlsx,03SC
B0203SC,15,288,District - Saiha,Rural,Matric/secondary but below graduate,Non-workers_Seeking/availabe for work_Persons,1.0,DDW-1500B-03SC.xlsx,03SC
B0203SC,15,288,District - Saiha,Rural,Technical diploma or certificate not equal to degree,Non-workers_Seeking/availabe for work_Persons,0.0,DDW-1500B-03SC.xlsx,03SC
B0203SC,15,288,District - Saiha,Rural,Graduate and above other than technical degree,Non-workers_Seeking/availabe for work_Persons,0.0,DDW-1500B-03SC.xlsx,03SC
B0203SC,15,288,District - Saiha,Rural,Technical degree or diploma equal to degree or post-graduate degree,Non-workers_Seeking/availabe for work_Persons,0.0,DDW-1500B-03SC.xlsx,03SC
B0203SC,15,288,District - Saiha,Urban,Total,Non-workers_Seeking/availabe for work_Persons,2.0,DDW-1500B-03SC.xlsx,03SC
B0203SC,15,288,District - Saiha,Urban,Illiterate,Non-workers_Seeking/availabe for work_Persons,0.0,DDW-1500B-03SC.xlsx,03SC
B0203SC,15,288,District - Saiha,Urban,Literate,Non-workers_Seeking/availabe for work_Persons,2.0,DDW-1500B-03SC.xlsx,03SC
B0203SC,15,288,District - Saiha,Urban,Literate but below matric/secondary,Non-workers_Seeking/availabe for work_Persons,0.0,DDW-1500B-03SC.xlsx,03SC
B0203SC,15,288,District - Saiha,Urban,Matric/secondary but below graduate,Non-workers_Seeking/availabe for work_Persons,1.0,DDW-1500B-03SC.xlsx,03SC
B0203SC,15,288,District - Saiha,Urban,Technical diploma or certificate not equal to degree,Non-workers_Seeking/availabe for work_Persons,0.0,DDW-1500B-03SC.xlsx,03SC
B0203SC,15,288,District - Saiha,Urban,Graduate and above other than technical degree,Non-workers_Seeking/availabe for work_Persons,0.0,DDW-1500B-03SC.xlsx,03SC
B0203SC,15,288,District - Saiha,Urban,Technical degree or diploma equal to degree or post-graduate degree,Non-workers_Seeking/availabe for work_Persons,1.0,DDW-1500B-03SC.xlsx,03SC
B0203SC,15,000,State - MIZORAM,Total,Total,Non-workers_Seeking/availabe for work_Males,30.0,DDW-1500B-03SC.xlsx,03SC
B0203SC,15,000,State - MIZORAM,Total,Illiterate,Non-workers_Seeking/availabe for work_Males,1.0,DDW-1500B-03SC.xlsx,03SC
B0203SC,15,000,State - MIZORAM,Total,Literate,Non-workers_Seeking/availabe for work_Males,29.0,DDW-1500B-03SC.xlsx,03SC
B0203SC,15,000,State - MIZORAM,Total,Literate but below matric/secondary,Non-workers_Seeking/availabe for work_Males,10.0,DDW-1500B-03SC.xlsx,03SC
B0203SC,15,000,State - MIZORAM,Total,Matric/secondary but below graduate,Non-workers_Seeking/availabe for work_Males,9.0,DDW-1500B-03SC.xlsx,03SC
B0203SC,15,000,State - MIZORAM,Total,Technical diploma or certificate not equal to degree,Non-workers_Seeking/availabe for work_Males,0.0,DDW-1500B-03SC.xlsx,03SC
B0203SC,15,000,State - MIZORAM,Total,Graduate and above other than technical degree,Non-workers_Seeking/availabe for work_Males,6.0,DDW-1500B-03SC.xlsx,03SC
B0203SC,15,000,State - MIZORAM,Total,Technical degree or diploma equal to degree or post-graduate degree,Non-workers_Seeking/availabe for work_Males,3.0,DDW-1500B-03SC.xlsx,03SC
B0203SC,15,000,State - MIZORAM,Rural,Total,Non-workers_Seeking/availabe for work_Males,3.0,DDW-1500B-03SC.xlsx,03SC
B0203SC,15,000,State - MIZORAM,Rural,Illiterate,Non-workers_Seeking/availabe for work_Males,0.0,DDW-1500B-03SC.xlsx,03SC
B0203SC,15,000,State - MIZORAM,Rural,Literate,Non-workers_Seeking/availabe for work_Males,3.0,DDW-1500B-03SC.xlsx,03SC
B0203SC,15,000,State - MIZORAM,Rural,Literate but below matric/secondary,Non-workers_Seeking/availabe for work_Males,2.0,DDW-1500B-03SC.xlsx,03SC
B0203SC,15,000,State - MIZORAM,Rural,Matric/secondary but below graduate,Non-workers_Seeking/availabe for work_Males,1.0,DDW-1500B-03SC.xlsx,03SC
B0203SC,15,000,State - MIZORAM,Rural,Technical diploma or certificate not equal to degree,Non-workers_Seeking/availabe for work_Males,0.0,DDW-1500B-03SC.xlsx,03SC
B0203SC,15,000,State - MIZORAM,Rural,Graduate and above other than technical degree,Non-workers_Seeking/availabe for work_Males,0.0,DDW-1500B-03SC.xlsx,03SC
B0203SC,15,000,State - MIZORAM,Rural,Technical degree or diploma equal to degree or post-graduate degree,Non-workers_Seeking/availabe for work_Males,0.0,DDW-1500B-03SC.xlsx,03SC
B0203SC,15,000,State - MIZORAM,Urban,Total,Non-workers_Seeking/availabe for work_Males,27.0,DDW-1500B-03SC.xlsx,03SC
B0203SC,15,000,State - MIZORAM,Urban,Illiterate,Non-workers_Seeking/availabe for work_Males,1.0,DDW-1500B-03SC.xlsx,03SC
B0203SC,15,000,State - MIZORAM,Urban,Literate,Non-workers_Seeking/availabe for work_Males,26.0,DDW-1500B-03SC.xlsx,03SC
B0203SC,15,000,State - MIZORAM,Urban,Literate but below matric/secondary,Non-workers_Seeking/availabe for work_Males,8.0,DDW-1500B-03SC.xlsx,03SC
B0203SC,15,000,State - MIZORAM,Urban,Matric/secondary but below graduate,Non-workers_Seeking/availabe for work_Males,8.0,DDW-1500B-03SC.xlsx,03SC
B0203SC,15,000,State - MIZORAM,Urban,Technical diploma or certificate not equal to degree,Non-workers_Seeking/availabe for work_Males,0.0,DDW-1500B-03SC.xlsx,03SC
B0203SC,15,000,State - MIZORAM,Urban,Graduate and above other than technical degree,Non-workers_Seeking/availabe for work_Males,6.0,DDW-1500B-03SC.xlsx,03SC
B0203SC,15,000,State - MIZORAM,Urban,Technical degree or diploma equal to degree or post-graduate degree,Non-workers_Seeking/availabe for work_Males,3.0,DDW-1500B-03SC.xlsx,03SC
B0203SC,15,281,District - Mamit,Total,Total,Non-workers_Seeking/availabe for work_Males,2.0,DDW-1500B-03SC.xlsx,03SC
B0203SC,15,281,District - Mamit,Total,Illiterate,Non-workers_Seeking/availabe for work_Males,0.0,DDW-1500B-03SC.xlsx,03SC
B0203SC,15,281,District - Mamit,Total,Literate,Non-workers_Seeking/availabe for work_Males,2.0,DDW-1500B-03SC.xlsx,03SC
B0203SC,15,281,District - Mamit,Total,Literate but below matric/secondary,Non-workers_Seeking/availabe for work_Males,1.0,DDW-1500B-03SC.xlsx,03SC
B0203SC,15,281,District - Mamit,Total,Matric/secondary but below graduate,Non-workers_Seeking/availabe for work_Males,1.0,DDW-1500B-03SC.xlsx,03SC
B0203SC,15,281,District - Mamit,Total,Technical diploma or certificate not equal to degree,Non-workers_Seeking/availabe for work_Males,0.0,DDW-1500B-03SC.xlsx,03SC
B0203SC,15,281,District - Mamit,Total,Graduate and above other than technical degree,Non-workers_Seeking/availabe for work_Males,0.0,DDW-1500B-03SC.xlsx,03SC
B0203SC,15,281,District - Mamit,Total,Technical degree or diploma equal to degree or post-graduate degree,Non-workers_Seeking/availabe for work_Males,0.0,DDW-1500B-03SC.xlsx,03SC
B0203SC,15,281,District - Mamit,Rural,Total,Non-workers_Seeking/availabe for work_Males,2.0,DDW-1500B-03SC.xlsx,03SC
B0203SC,15,281,District - Mamit,Rural,Illiterate,Non-workers_Seeking/availabe for work_Males,0.0,DDW-1500B-03SC.xlsx,03SC
B0203SC,15,281,District - Mamit,Rural,Literate,Non-workers_Seeking/availabe for work_Males,2.0,DDW-1500B-03SC.xlsx,03SC
B0203SC,15,281,District - Mamit,Rural,Literate but below matric/secondary,Non-workers_Seeking/availabe for work_Males,1.0,DDW-1500B-03SC.xlsx,03SC
B0203SC,15,281,District - Mamit,Rural,Matric/secondary but below graduate,Non-workers_Seeking/availabe for work_Males,1.0,DDW-1500B-03SC.xlsx,03SC
B0203SC,15,281,District - Mamit,Rural,Technical diploma or certificate not equal to degree,Non-workers_Seeking/availabe for work_Males,0.0,DDW-1500B-03SC.xlsx,03SC
B0203SC,15,281,District - Mamit,Rural,Graduate and above other than technical degree,Non-workers_Seeking/availabe for work_Males,0.0,DDW-1500B-03SC.xlsx,03SC
B0203SC,15,281,District - Mamit,Rural,Technical degree or diploma equal to degree or post-graduate degree,Non-workers_Seeking/availabe for work_Males,0.0,DDW-1500B-03SC.xlsx,03SC
B0203SC,15,281,District - Mamit,Urban,Total,Non-workers_Seeking/availabe for work_Males,0.0,DDW-1500B-03SC.xlsx,03SC
B0203SC,15,281,District - Mamit,Urban,Illiterate,Non-workers_Seeking/availabe for work_Males,0.0,DDW-1500B-03SC.xlsx,03SC
B0203SC,15,281,District - Mamit,Urban,Literate,Non-workers_Seeking/availabe for work_Males,0.0,DDW-1500B-03SC.xlsx,03SC
B0203SC,15,281,District - Mamit,Urban,Literate but below matric/secondary,Non-workers_Seeking/availabe for work_Males,0.0,DDW-1500B-03SC.xlsx,03SC
B0203SC,15,281,District - Mamit,Urban,Matric/secondary but below graduate,Non-workers_Seeking/availabe for work_Males,0.0,DDW-1500B-03SC.xlsx,03SC
B0203SC,15,281,District - Mamit,Urban,Technical diploma or certificate not equal to degree,Non-workers_Seeking/availabe for work_Males,0.0,DDW-1500B-03SC.xlsx,03SC
B0203SC,15,281,District - Mamit,Urban,Graduate and above other than technical degree,Non-workers_Seeking/availabe for work_Males,0.0,DDW-1500B-03SC.xlsx,03SC
B0203SC,15,281,District - Mamit,Urban,Technical degree or diploma equal to degree or post-graduate degree,Non-workers_Seeking/availabe for work_Males,0.0,DDW-1500B-03SC.xlsx,03SC
B0203SC,15,282,District - Kolasib,Total,Total,Non-workers_Seeking/availabe for work_Males,3.0,DDW-1500B-03SC.xlsx,03SC
B0203SC,15,282,District - Kolasib,Total,Illiterate,Non-workers_Seeking/availabe for work_Males,1.0,DDW-1500B-03SC.xlsx,03SC
B0203SC,15,282,District - Kolasib,Total,Literate,Non-workers_Seeking/availabe for work_Males,2.0,DDW-1500B-03SC.xlsx,03SC
B0203SC,15,282,District - Kolasib,Total,Literate but below matric/secondary,Non-workers_Seeking/availabe for work_Males,0.0,DDW-1500B-03SC.xlsx,03SC
B0203SC,15,282,District - Kolasib,Total,Matric/secondary but below graduate,Non-workers_Seeking/availabe for work_Males,0.0,DDW-1500B-03SC.xlsx,03SC
B0203SC,15,282,District - Kolasib,Total,Technical diploma or certificate not equal to degree,Non-workers_Seeking/availabe for work_Males,0.0,DDW-1500B-03SC.xlsx,03SC
B0203SC,15,282,District - Kolasib,Total,Graduate and above other than technical degree,Non-workers_Seeking/availabe for work_Males,1.0,DDW-1500B-03SC.xlsx,03SC
B0203SC,15,282,District - Kolasib,Total,Technical degree or diploma equal to degree or post-graduate degree,Non-workers_Seeking/availabe for work_Males,0.0,DDW-1500B-03SC.xlsx,03SC
B0203SC,15,282,District - Kolasib,Rural,Total,Non-workers_Seeking/availabe for work_Males,0.0,DDW-1500B-03SC.xlsx,03SC
B0203SC,15,282,District - Kolasib,Rural,Illiterate,Non-workers_Seeking/availabe for work_Males,0.0,DDW-1500B-03SC.xlsx,03SC
B0203SC,15,282,District - Kolasib,Rural,Literate,Non-workers_Seeking/availabe for work_Males,0.0,DDW-1500B-03SC.xlsx,03SC
B0203SC,15,282,District - Kolasib,Rural,Literate but below matric/secondary,Non-workers_Seeking/availabe for work_Males,0.0,DDW-1500B-03SC.xlsx,03SC
B0203SC,15,282,District - Kolasib,Rural,Matric/secondary but below graduate,Non-workers_Seeking/availabe for work_Males,0.0,DDW-1500B-03SC.xlsx,03SC
B0203SC,15,282,District - Kolasib,Rural,Technical diploma or certificate not equal to degree,Non-workers_Seeking/availabe for work_Males,0.0,DDW-1500B-03SC.xlsx,03SC
B0203SC,15,282,District - Kolasib,Rural,Graduate and above other than technical degree,Non-workers_Seeking/availabe for work_Males,0.0,DDW-1500B-03SC.xlsx,03SC
B0203SC,15,282,District - Kolasib,Rural,Technical degree or diploma equal to degree or post-graduate degree,Non-workers_Seeking/availabe for work_Males,0.0,DDW-1500B-03SC.xlsx,03SC
B0203SC,15,282,District - Kolasib,Urban,Total,Non-workers_Seeking/availabe for work_Males,3.0,DDW-1500B-03SC.xlsx,03SC
B0203SC,15,282,District - Kolasib,Urban,Illiterate,Non-workers_Seeking/availabe for work_Males,1.0,DDW-1500B-03SC.xlsx,03SC
B0203SC,15,282,District - Kolasib,Urban,Literate,Non-workers_Seeking/availabe for work_Males,2.0,DDW-1500B-03SC.xlsx,03SC
B0203SC,15,282,District - Kolasib,Urban,Literate but below matric/secondary,Non-workers_Seeking/availabe for work_Males,0.0,DDW-1500B-03SC.xlsx,03SC
B0203SC,15,282,District - Kolasib,Urban,Matric/secondary but below graduate,Non-workers_Seeking/availabe for work_Males,0.0,DDW-1500B-03SC.xlsx,03SC
B0203SC,15,282,District - Kolasib,Urban,Technical diploma or certificate not equal to degree,Non-workers_Seeking/availabe for work_Males,0.0,DDW-1500B-03SC.xlsx,03SC
B0203SC,15,282,District - Kolasib,Urban,Graduate and above other than technical degree,Non-workers_Seeking/availabe for work_Males,1.0,DDW-1500B-03SC.xlsx,03SC
B0203SC,15,282,District - Kolasib,Urban,Technical degree or diploma equal to degree or post-graduate degree,Non-workers_Seeking/availabe for work_Males,0.0,DDW-1500B-03SC.xlsx,03SC
B0203SC,15,283,District - Aizawl,Total,Total,Non-workers_Seeking/availabe for work_Males,20.0,DDW-1500B-03SC.xlsx,03SC
B0203SC,15,283,District - Aizawl,Total,Illiterate,Non-workers_Seeking/availabe for work_Males,0.0,DDW-1500B-03SC.xlsx,03SC
B0203SC,15,283,District - Aizawl,Total,Literate,Non-workers_Seeking/availabe for work_Males,20.0,DDW-1500B-03SC.xlsx,03SC
B0203SC,15,283,District - Aizawl,Total,Literate but below matric/secondary,Non-workers_Seeking/availabe for work_Males,6.0,DDW-1500B-03SC.xlsx,03SC
B0203SC,15,283,District - Aizawl,Total,Matric/secondary but below graduate,Non-workers_Seeking/availabe for work_Males,7.0,DDW-1500B-03SC.xlsx,03SC
B0203SC,15,283,District - Aizawl,Total,Technical diploma or certificate not equal to degree,Non-workers_Seeking/availabe for work_Males,0.0,DDW-1500B-03SC.xlsx,03SC
B0203SC,15,283,District - Aizawl,Total,Graduate and above other than technical degree,Non-workers_Seeking/availabe for work_Males,5.0,DDW-1500B-03SC.xlsx,03SC
B0203SC,15,283,District - Aizawl,Total,Technical degree or diploma equal to degree or post-graduate degree,Non-workers_Seeking/availabe for work_Males,2.0,DDW-1500B-03SC.xlsx,03SC
B0203SC,15,283,District - Aizawl,Rural,Total,Non-workers_Seeking/availabe for work_Males,0.0,DDW-1500B-03SC.xlsx,03SC
B0203SC,15,283,District - Aizawl,Rural,Illiterate,Non-workers_Seeking/availabe for work_Males,0.0,DDW-1500B-03SC.xlsx,03SC
B0203SC,15,283,District - Aizawl,Rural,Literate,Non-workers_Seeking/availabe for work_Males,0.0,DDW-1500B-03SC.xlsx,03SC
B0203SC,15,283,District - Aizawl,Rural,Literate but below matric/secondary,Non-workers_Seeking/availabe for work_Males,0.0,DDW-1500B-03SC.xlsx,03SC
B0203SC,15,283,District - Aizawl,Rural,Matric/secondary but below graduate,Non-workers_Seeking/availabe for work_Males,0.0,DDW-1500B-03SC.xlsx,03SC
B0203SC,15,283,District - Aizawl,Rural,Technical diploma or certificate not equal to degree,Non-workers_Seeking/availabe for work_Males,0.0,DDW-1500B-03SC.xlsx,03SC
B0203SC,15,283,District - Aizawl,Rural,Graduate and above other than technical degree,Non-workers_Seeking/availabe for work_Males,0.0,DDW-1500B-03SC.xlsx,03SC
B0203SC,15,283,District - Aizawl,Rural,Technical degree or diploma equal to degree or post-graduate degree,Non-workers_Seeking/availabe for work_Males,0.0,DDW-1500B-03SC.xlsx,03SC
B0203SC,15,283,District - Aizawl,Urban,Total,Non-workers_Seeking/availabe for work_Males,20.0,DDW-1500B-03SC.xlsx,03SC
B0203SC,15,283,District - Aizawl,Urban,Illiterate,Non-workers_Seeking/availabe for work_Males,0.0,DDW-1500B-03SC.xlsx,03SC
B0203SC,15,283,District - Aizawl,Urban,Literate,Non-workers_Seeking/availabe for work_Males,20.0,DDW-1500B-03SC.xlsx,03SC
B0203SC,15,283,District - Aizawl,Urban,Literate but below matric/secondary,Non-workers_Seeking/availabe for work_Males,6.0,DDW-1500B-03SC.xlsx,03SC
B0203SC,15,283,District - Aizawl,Urban,Matric/secondary but below graduate,Non-workers_Seeking/availabe for work_Males,7.0,DDW-1500B-03SC.xlsx,03SC
B0203SC,15,283,District - Aizawl,Urban,Technical diploma or certificate not equal to degree,Non-workers_Seeking/availabe for work_Males,0.0,DDW-1500B-03SC.xlsx,03SC
B0203SC,15,283,District - Aizawl,Urban,Graduate and above other than technical degree,Non-workers_Seeking/availabe for work_Males,5.0,DDW-1500B-03SC.xlsx,03SC
B0203SC,15,283,District - Aizawl,Urban,Technical degree or diploma equal to degree or post-graduate degree,Non-workers_Seeking/availabe for work_Males,2.0,DDW-1500B-03SC.xlsx,03SC
B0203SC,15,284,District - Champhai,Total,Total,Non-workers_Seeking/availabe for work_Males,0.0,DDW-1500B-03SC.xlsx,03SC
B0203SC,15,284,District - Champhai,Total,Illiterate,Non-workers_Seeking/availabe for work_Males,0.0,DDW-1500B-03SC.xlsx,03SC
B0203SC,15,284,District - Champhai,Total,Literate,Non-workers_Seeking/availabe for work_Males,0.0,DDW-1500B-03SC.xlsx,03SC
B0203SC,15,284,District - Champhai,Total,Literate but below matric/secondary,Non-workers_Seeking/availabe for work_Males,0.0,DDW-1500B-03SC.xlsx,03SC
B0203SC,15,284,District - Champhai,Total,Matric/secondary but below graduate,Non-workers_Seeking/availabe for work_Males,0.0,DDW-1500B-03SC.xlsx,03SC
B0203SC,15,284,District - Champhai,Total,Technical diploma or certificate not equal to degree,Non-workers_Seeking/availabe for work_Males,0.0,DDW-1500B-03SC.xlsx,03SC
B0203SC,15,284,District - Champhai,Total,Graduate and above other than technical degree,Non-workers_Seeking/availabe for work_Males,0.0,DDW-1500B-03SC.xlsx,03SC
B0203SC,15,284,District - Champhai,Total,Technical degree or diploma equal to degree or post-graduate degree,Non-workers_Seeking/availabe for work_Males,0.0,DDW-1500B-03SC.xlsx,03SC
B0203SC,15,284,District - Champhai,Rural,Total,Non-workers_Seeking/availabe for work_Males,0.0,DDW-1500B-03SC.xlsx,03SC
B0203SC,15,284,District - Champhai,Rural,Illiterate,Non-workers_Seeking/availabe for work_Males,0.0,DDW-1500B-03SC.xlsx,03SC
B0203SC,15,284,District - Champhai,Rural,Literate,Non-workers_Seeking/availabe for work_Males,0.0,DDW-1500B-03SC.xlsx,03SC
B0203SC,15,284,District - Champhai,Rural,Literate but below matric/secondary,Non-workers_Seeking/availabe for work_Males,0.0,DDW-1500B-03SC.xlsx,03SC
B0203SC,15,284,District - Champhai,Rural,Matric/secondary but below graduate,Non-workers_Seeking/availabe for work_Males,0.0,DDW-1500B-03SC.xlsx,03SC
B0203SC,15,284,District - Champhai,Rural,Technical diploma or certificate not equal to degree,Non-workers_Seeking/availabe for work_Males,0.0,DDW-1500B-03SC.xlsx,03SC
B0203SC,15,284,District - Champhai,Rural,Graduate and above other than technical degree,Non-workers_Seeking/availabe for work_Males,0.0,DDW-1500B-03SC.xlsx,03SC
B0203SC,15,284,District - Champhai,Rural,Technical degree or diploma equal to degree or post-graduate degree,Non-workers_Seeking/availabe for work_Males,0.0,DDW-1500B-03SC.xlsx,03SC
B0203SC,15,284,District - Champhai,Urban,Total,Non-workers_Seeking/availabe for work_Males,0.0,DDW-1500B-03SC.xlsx,03SC
B0203SC,15,284,District - Champhai,Urban,Illiterate,Non-workers_Seeking/availabe for work_Males,0.0,DDW-1500B-03SC.xlsx,03SC
B0203SC,15,284,District - Champhai,Urban,Literate,Non-workers_Seeking/availabe for work_Males,0.0,DDW-1500B-03SC.xlsx,03SC
B0203SC,15,284,District - Champhai,Urban,Literate but below matric/secondary,Non-workers_Seeking/availabe for work_Males,0.0,DDW-1500B-03SC.xlsx,03SC
B0203SC,15,284,District - Champhai,Urban,Matric/secondary but below graduate,Non-workers_Seeking/availabe for work_Males,0.0,DDW-1500B-03SC.xlsx,03SC
B0203SC,15,284,District - Champhai,Urban,Technical diploma or certificate not equal to degree,Non-workers_Seeking/availabe for work_Males,0.0,DDW-1500B-03SC.xlsx,03SC
B0203SC,15,284,District - Champhai,Urban,Graduate and above other than technical degree,Non-workers_Seeking/availabe for work_Males,0.0,DDW-1500B-03SC.xlsx,03SC
B0203SC,15,284,District - Champhai,Urban,Technical degree or diploma equal to degree or post-graduate degree,Non-workers_Seeking/availabe for work_Males,0.0,DDW-1500B-03SC.xlsx,03SC
B0203SC,15,285,District - Serchhip,Total,Total,Non-workers_Seeking/availabe for work_Males,1.0,DDW-1500B-03SC.xlsx,03SC
B0203SC,15,285,District - Serchhip,Total,Illiterate,Non-workers_Seeking/availabe for work_Males,0.0,DDW-1500B-03SC.xlsx,03SC
B0203SC,15,285,District - Serchhip,Total,Literate,Non-workers_Seeking/availabe for work_Males,1.0,DDW-1500B-03SC.xlsx,03SC
B0203SC,15,285,District - Serchhip,Total,Literate but below matric/secondary,Non-workers_Seeking/availabe for work_Males,1.0,DDW-1500B-03SC.xlsx,03SC
B0203SC,15,285,District - Serchhip,Total,Matric/secondary but below graduate,Non-workers_Seeking/availabe for work_Males,0.0,DDW-1500B-03SC.xlsx,03SC
B0203SC,15,285,District - Serchhip,Total,Technical diploma or certificate not equal to degree,Non-workers_Seeking/availabe for work_Males,0.0,DDW-1500B-03SC.xlsx,03SC
B0203SC,15,285,District - Serchhip,Total,Graduate and above other than technical degree,Non-workers_Seeking/availabe for work_Males,0.0,DDW-1500B-03SC.xlsx,03SC
B0203SC,15,285,District - Serchhip,Total,Technical degree or diploma equal to degree or post-graduate degree,Non-workers_Seeking/availabe for work_Males,0.0,DDW-1500B-03SC.xlsx,03SC
B0203SC,15,285,District - Serchhip,Rural,Total,Non-workers_Seeking/availabe for work_Males,1.0,DDW-1500B-03SC.xlsx,03SC
B0203SC,15,285,District - Serchhip,Rural,Illiterate,Non-workers_Seeking/availabe for work_Males,0.0,DDW-1500B-03SC.xlsx,03SC
B0203SC,15,285,District - Serchhip,Rural,Literate,Non-workers_Seeking/availabe for work_Males,1.0,DDW-1500B-03SC.xlsx,03SC
B0203SC,15,285,District - Serchhip,Rural,Literate but below matric/secondary,Non-workers_Seeking/availabe for work_Males,1.0,DDW-1500B-03SC.xlsx,03SC
B0203SC,15,285,District - Serchhip,Rural,Matric/secondary but below graduate,Non-workers_Seeking/availabe for work_Males,0.0,DDW-1500B-03SC.xlsx,03SC
B0203SC,15,285,District - Serchhip,Rural,Technical diploma or certificate not equal to degree,Non-workers_Seeking/availabe for work_Males,0.0,DDW-1500B-03SC.xlsx,03SC
B0203SC,15,285,District - Serchhip,Rural,Graduate and above other than technical degree,Non-workers_Seeking/availabe for work_Males,0.0,DDW-1500B-03SC.xlsx,03SC
B0203SC,15,285,District - Serchhip,Rural,Technical degree or diploma equal to degree or post-graduate degree,Non-workers_Seeking/availabe for work_Males,0.0,DDW-1500B-03SC.xlsx,03SC
B0203SC,15,285,District - Serchhip,Urban,Total,Non-workers_Seeking/availabe for work_Males,0.0,DDW-1500B-03SC.xlsx,03SC
B0203SC,15,285,District - Serchhip,Urban,Illiterate,Non-workers_Seeking/availabe for work_Males,0.0,DDW-1500B-03SC.xlsx,03SC
B0203SC,15,285,District - Serchhip,Urban,Literate,Non-workers_Seeking/availabe for work_Males,0.0,DDW-1500B-03SC.xlsx,03SC
B0203SC,15,285,District - Serchhip,Urban,Literate but below matric/secondary,Non-workers_Seeking/availabe for work_Males,0.0,DDW-1500B-03SC.xlsx,03SC
B0203SC,15,285,District - Serchhip,Urban,Matric/secondary but below graduate,Non-workers_Seeking/availabe for work_Males,0.0,DDW-1500B-03SC.xlsx,03SC
B0203SC,15,285,District - Serchhip,Urban,Technical diploma or certificate not equal to degree,Non-workers_Seeking/availabe for work_Males,0.0,DDW-1500B-03SC.xlsx,03SC
B0203SC,15,285,District - Serchhip,Urban,Graduate and above other than technical degree,Non-workers_Seeking/availabe for work_Males,0.0,DDW-1500B-03SC.xlsx,03SC
B0203SC,15,285,District - Serchhip,Urban,Technical degree or diploma equal to degree or post-graduate degree,Non-workers_Seeking/availabe for work_Males,0.0,DDW-1500B-03SC.xlsx,03SC
B0203SC,15,286,District - Lunglei,Total,Total,Non-workers_Seeking/availabe for work_Males,3.0,DDW-1500B-03SC.xlsx,03SC
B0203SC,15,286,District - Lunglei,Total,Illiterate,Non-workers_Seeking/availabe for work_Males,0.0,DDW-1500B-03SC.xlsx,03SC
B0203SC,15,286,District - Lunglei,Total,Literate,Non-workers_Seeking/availabe for work_Males,3.0,DDW-1500B-03SC.xlsx,03SC
B0203SC,15,286,District - Lunglei,Total,Literate but below matric/secondary,Non-workers_Seeking/availabe for work_Males,2.0,DDW-1500B-03SC.xlsx,03SC
B0203SC,15,286,District - Lunglei,Total,Matric/secondary but below graduate,Non-workers_Seeking/availabe for work_Males,1.0,DDW-1500B-03SC.xlsx,03SC
B0203SC,15,286,District - Lunglei,Total,Technical diploma or certificate not equal to degree,Non-workers_Seeking/availabe for work_Males,0.0,DDW-1500B-03SC.xlsx,03SC
B0203SC,15,286,District - Lunglei,Total,Graduate and above other than technical degree,Non-workers_Seeking/availabe for work_Males,0.0,DDW-1500B-03SC.xlsx,03SC
B0203SC,15,286,District - Lunglei,Total,Technical degree or diploma equal to degree or post-graduate degree,Non-workers_Seeking/availabe for work_Males,0.0,DDW-1500B-03SC.xlsx,03SC
B0203SC,15,286,District - Lunglei,Rural,Total,Non-workers_Seeking/availabe for work_Males,0.0,DDW-1500B-03SC.xlsx,03SC
B0203SC,15,286,District - Lunglei,Rural,Illiterate,Non-workers_Seeking/availabe for work_Males,0.0,DDW-1500B-03SC.xlsx,03SC
B0203SC,15,286,District - Lunglei,Rural,Literate,Non-workers_Seeking/availabe for work_Males,0.0,DDW-1500B-03SC.xlsx,03SC
B0203SC,15,286,District - Lunglei,Rural,Literate but below matric/secondary,Non-workers_Seeking/availabe for work_Males,0.0,DDW-1500B-03SC.xlsx,03SC
B0203SC,15,286,District - Lunglei,Rural,Matric/secondary but below graduate,Non-workers_Seeking/availabe for work_Males,0.0,DDW-1500B-03SC.xlsx,03SC
B0203SC,15,286,District - Lunglei,Rural,Technical diploma or certificate not equal to degree,Non-workers_Seeking/availabe for work_Males,0.0,DDW-1500B-03SC.xlsx,03SC
B0203SC,15,286,District - Lunglei,Rural,Graduate and above other than technical degree,Non-workers_Seeking/availabe for work_Males,0.0,DDW-1500B-03SC.xlsx,03SC
B0203SC,15,286,District - Lunglei,Rural,Technical degree or diploma equal to degree or post-graduate degree,Non-workers_Seeking/availabe for work_Males,0.0,DDW-1500B-03SC.xlsx,03SC
B0203SC,15,286,District - Lunglei,Urban,Total,Non-workers_Seeking/availabe for work_Males,3.0,DDW-1500B-03SC.xlsx,03SC
B0203SC,15,286,District - Lunglei,Urban,Illiterate,Non-workers_Seeking/availabe for work_Males,0.0,DDW-1500B-03SC.xlsx,03SC
B0203SC,15,286,District - Lunglei,Urban,Literate,Non-workers_Seeking/availabe for work_Males,3.0,DDW-1500B-03SC.xlsx,03SC
B0203SC,15,286,District - Lunglei,Urban,Literate but below matric/secondary,Non-workers_Seeking/availabe for work_Males,2.0,DDW-1500B-03SC.xlsx,03SC
B0203SC,15,286,District - Lunglei,Urban,Matric/secondary but below graduate,Non-workers_Seeking/availabe for work_Males,1.0,DDW-1500B-03SC.xlsx,03SC
B0203SC,15,286,District - Lunglei,Urban,Technical diploma or certificate not equal to degree,Non-workers_Seeking/availabe for work_Males,0.0,DDW-1500B-03SC.xlsx,03SC
B0203SC,15,286,District - Lunglei,Urban,Graduate and above other than technical degree,Non-workers_Seeking/availabe for work_Males,0.0,DDW-1500B-03SC.xlsx,03SC
B0203SC,15,286,District - Lunglei,Urban,Technical degree or diploma equal to degree or post-graduate degree,Non-workers_Seeking/availabe for work_Males,0.0,DDW-1500B-03SC.xlsx,03SC
B0203SC,15,287,District - Lawngtlai,Total,Total,Non-workers_Seeking/availabe for work_Males,0.0,DDW-1500B-03SC.xlsx,03SC
B0203SC,15,287,District - Lawngtlai,Total,Illiterate,Non-workers_Seeking/availabe for work_Males,0.0,DDW-1500B-03SC.xlsx,03SC
B0203SC,15,287,District - Lawngtlai,Total,Literate,Non-workers_Seeking/availabe for work_Males,0.0,DDW-1500B-03SC.xlsx,03SC
B0203SC,15,287,District - Lawngtlai,Total,Literate but below matric/secondary,Non-workers_Seeking/availabe for work_Males,0.0,DDW-1500B-03SC.xlsx,03SC
B0203SC,15,287,District - Lawngtlai,Total,Matric/secondary but below graduate,Non-workers_Seeking/availabe for work_Males,0.0,DDW-1500B-03SC.xlsx,03SC
B0203SC,15,287,District - Lawngtlai,Total,Technical diploma or certificate not equal to degree,Non-workers_Seeking/availabe for work_Males,0.0,DDW-1500B-03SC.xlsx,03SC
B0203SC,15,287,District - Lawngtlai,Total,Graduate and above other than technical degree,Non-workers_Seeking/availabe for work_Males,0.0,DDW-1500B-03SC.xlsx,03SC
B0203SC,15,287,District - Lawngtlai,Total,Technical degree or diploma equal to degree or post-graduate degree,Non-workers_Seeking/availabe for work_Males,0.0,DDW-1500B-03SC.xlsx,03SC
B0203SC,15,287,District - Lawngtlai,Rural,Total,Non-workers_Seeking/availabe for work_Males,0.0,DDW-1500B-03SC.xlsx,03SC
B0203SC,15,287,District - Lawngtlai,Rural,Illiterate,Non-workers_Seeking/availabe for work_Males,0.0,DDW-1500B-03SC.xlsx,03SC
B0203SC,15,287,District - Lawngtlai,Rural,Literate,Non-workers_Seeking/availabe for work_Males,0.0,DDW-1500B-03SC.xlsx,03SC
B0203SC,15,287,District - Lawngtlai,Rural,Literate but below matric/secondary,Non-workers_Seeking/availabe for work_Males,0.0,DDW-1500B-03SC.xlsx,03SC
B0203SC,15,287,District - Lawngtlai,Rural,Matric/secondary but below graduate,Non-workers_Seeking/availabe for work_Males,0.0,DDW-1500B-03SC.xlsx,03SC
B0203SC,15,287,District - Lawngtlai,Rural,Technical diploma or certificate not equal to degree,Non-workers_Seeking/availabe for work_Males,0.0,DDW-1500B-03SC.xlsx,03SC
B0203SC,15,287,District - Lawngtlai,Rural,Graduate and above other than technical degree,Non-workers_Seeking/availabe for work_Males,0.0,DDW-1500B-03SC.xlsx,03SC
B0203SC,15,287,District - Lawngtlai,Rural,Technical degree or diploma equal to degree or post-graduate degree,Non-workers_Seeking/availabe for work_Males,0.0,DDW-1500B-03SC.xlsx,03SC
B0203SC,15,287,District - Lawngtlai,Urban,Total,Non-workers_Seeking/availabe for work_Males,0.0,DDW-1500B-03SC.xlsx,03SC
B0203SC,15,287,District - Lawngtlai,Urban,Illiterate,Non-workers_Seeking/availabe for work_Males,0.0,DDW-1500B-03SC.xlsx,03SC
B0203SC,15,287,District - Lawngtlai,Urban,Literate,Non-workers_Seeking/availabe for work_Males,0.0,DDW-1500B-03SC.xlsx,03SC
B0203SC,15,287,District - Lawngtlai,Urban,Literate but below matric/secondary,Non-workers_Seeking/availabe for work_Males,0.0,DDW-1500B-03SC.xlsx,03SC
B0203SC,15,287,District - Lawngtlai,Urban,Matric/secondary but below graduate,Non-workers_Seeking/availabe for work_Males,0.0,DDW-1500B-03SC.xlsx,03SC
B0203SC,15,287,District - Lawngtlai,Urban,Technical diploma or certificate not equal to degree,Non-workers_Seeking/availabe for work_Males,0.0,DDW-1500B-03SC.xlsx,03SC
B0203SC,15,287,District - Lawngtlai,Urban,Graduate and above other than technical degree,Non-workers_Seeking/availabe for work_Males,0.0,DDW-1500B-03SC.xlsx,03SC
B0203SC,15,287,District - Lawngtlai,Urban,Technical degree or diploma equal to degree or post-graduate degree,Non-workers_Seeking/availabe for work_Males,0.0,DDW-1500B-03SC.xlsx,03SC
B0203SC,15,288,District - Saiha,Total,Total,Non-workers_Seeking/availabe for work_Males,1.0,DDW-1500B-03SC.xlsx,03SC
B0203SC,15,288,District - Saiha,Total,Illiterate,Non-workers_Seeking/availabe for work_Males,0.0,DDW-1500B-03SC.xlsx,03SC
B0203SC,15,288,District - Saiha,Total,Literate,Non-workers_Seeking/availabe for work_Males,1.0,DDW-1500B-03SC.xlsx,03SC
B0203SC,15,288,District - Saiha,Total,Literate but below matric/secondary,Non-workers_Seeking/availabe for work_Males,0.0,DDW-1500B-03SC.xlsx,03SC
B0203SC,15,288,District - Saiha,Total,Matric/secondary but below graduate,Non-workers_Seeking/availabe for work_Males,0.0,DDW-1500B-03SC.xlsx,03SC
B0203SC,15,288,District - Saiha,Total,Technical diploma or certificate not equal to degree,Non-workers_Seeking/availabe for work_Males,0.0,DDW-1500B-03SC.xlsx,03SC
B0203SC,15,288,District - Saiha,Total,Graduate and above other than technical degree,Non-workers_Seeking/availabe for work_Males,0.0,DDW-1500B-03SC.xlsx,03SC
B0203SC,15,288,District - Saiha,Total,Technical degree or diploma equal to degree or post-graduate degree,Non-workers_Seeking/availabe for work_Males,1.0,DDW-1500B-03SC.xlsx,03SC
B0203SC,15,288,District - Saiha,Rural,Total,Non-workers_Seeking/availabe for work_Males,0.0,DDW-1500B-03SC.xlsx,03SC
B0203SC,15,288,District - Saiha,Rural,Illiterate,Non-workers_Seeking/availabe for work_Males,0.0,DDW-1500B-03SC.xlsx,03SC
B0203SC,15,288,District - Saiha,Rural,Literate,Non-workers_Seeking/availabe for work_Males,0.0,DDW-1500B-03SC.xlsx,03SC
B0203SC,15,288,District - Saiha,Rural,Literate but below matric/secondary,Non-workers_Seeking/availabe for work_Males,0.0,DDW-1500B-03SC.xlsx,03SC
B0203SC,15,288,District - Saiha,Rural,Matric/secondary but below graduate,Non-workers_Seeking/availabe for work_Males,0.0,DDW-1500B-03SC.xlsx,03SC
B0203SC,15,288,District - Saiha,Rural,Technical diploma or certificate not equal to degree,Non-workers_Seeking/availabe for work_Males,0.0,DDW-1500B-03SC.xlsx,03SC
B0203SC,15,288,District - Saiha,Rural,Graduate and above other than technical degree,Non-workers_Seeking/availabe for work_Males,0.0,DDW-1500B-03SC.xlsx,03SC
B0203SC,15,288,District - Saiha,Rural,Technical degree or diploma equal to degree or post-graduate degree,Non-workers_Seeking/availabe for work_Males,0.0,DDW-1500B-03SC.xlsx,03SC
B0203SC,15,288,District - Saiha,Urban,Total,Non-workers_Seeking/availabe for work_Males,1.0,DDW-1500B-03SC.xlsx,03SC
B0203SC,15,288,District - Saiha,Urban,Illiterate,Non-workers_Seeking/availabe for work_Males,0.0,DDW-1500B-03SC.xlsx,03SC
B0203SC,15,288,District - Saiha,Urban,Literate,Non-workers_Seeking/availabe for work_Males,1.0,DDW-1500B-03SC.xlsx,03SC
B0203SC,15,288,District - Saiha,Urban,Literate but below matric/secondary,Non-workers_Seeking/availabe for work_Males,0.0,DDW-1500B-03SC.xlsx,03SC
B0203SC,15,288,District - Saiha,Urban,Matric/secondary but below graduate,Non-workers_Seeking/availabe for work_Males,0.0,DDW-1500B-03SC.xlsx,03SC
B0203SC,15,288,District - Saiha,Urban,Technical diploma or certificate not equal to degree,Non-workers_Seeking/availabe for work_Males,0.0,DDW-1500B-03SC.xlsx,03SC
B0203SC,15,288,District - Saiha,Urban,Graduate and above other than technical degree,Non-workers_Seeking/availabe for work_Males,0.0,DDW-1500B-03SC.xlsx,03SC
B0203SC,15,288,District - Saiha,Urban,Technical degree or diploma equal to degree or post-graduate degree,Non-workers_Seeking/availabe for work_Males,1.0,DDW-1500B-03SC.xlsx,03SC
B0203SC,15,000,State - MIZORAM,Total,Total,Non-workers_Seeking/availabe for work_Females,30.0,DDW-1500B-03SC.xlsx,03SC
B0203SC,15,000,State - MIZORAM,Total,Illiterate,Non-workers_Seeking/availabe for work_Females,1.0,DDW-1500B-03SC.xlsx,03SC
B0203SC,15,000,State - MIZORAM,Total,Literate,Non-workers_Seeking/availabe for work_Females,29.0,DDW-1500B-03SC.xlsx,03SC
B0203SC,15,000,State - MIZORAM,Total,Literate but below matric/secondary,Non-workers_Seeking/availabe for work_Females,11.0,DDW-1500B-03SC.xlsx,03SC
B0203SC,15,000,State - MIZORAM,Total,Matric/secondary but below graduate,Non-workers_Seeking/availabe for work_Females,14.0,DDW-1500B-03SC.xlsx,03SC
B0203SC,15,000,State - MIZORAM,Total,Technical diploma or certificate not equal to degree,Non-workers_Seeking/availabe for work_Females,0.0,DDW-1500B-03SC.xlsx,03SC
B0203SC,15,000,State - MIZORAM,Total,Graduate and above other than technical degree,Non-workers_Seeking/availabe for work_Females,3.0,DDW-1500B-03SC.xlsx,03SC
B0203SC,15,000,State - MIZORAM,Total,Technical degree or diploma equal to degree or post-graduate degree,Non-workers_Seeking/availabe for work_Females,1.0,DDW-1500B-03SC.xlsx,03SC
B0203SC,15,000,State - MIZORAM,Rural,Total,Non-workers_Seeking/availabe for work_Females,5.0,DDW-1500B-03SC.xlsx,03SC
B0203SC,15,000,State - MIZORAM,Rural,Illiterate,Non-workers_Seeking/availabe for work_Females,0.0,DDW-1500B-03SC.xlsx,03SC
B0203SC,15,000,State - MIZORAM,Rural,Literate,Non-workers_Seeking/availabe for work_Females,5.0,DDW-1500B-03SC.xlsx,03SC
B0203SC,15,000,State - MIZORAM,Rural,Literate but below matric/secondary,Non-workers_Seeking/availabe for work_Females,4.0,DDW-1500B-03SC.xlsx,03SC
B0203SC,15,000,State - MIZORAM,Rural,Matric/secondary but below graduate,Non-workers_Seeking/availabe for work_Females,1.0,DDW-1500B-03SC.xlsx,03SC
B0203SC,15,000,State - MIZORAM,Rural,Technical diploma or certificate not equal to degree,Non-workers_Seeking/availabe for work_Females,0.0,DDW-1500B-03SC.xlsx,03SC
B0203SC,15,000,State - MIZORAM,Rural,Graduate and above other than technical degree,Non-workers_Seeking/availabe for work_Females,0.0,DDW-1500B-03SC.xlsx,03SC
B0203SC,15,000,State - MIZORAM,Rural,Technical degree or diploma equal to degree or post-graduate degree,Non-workers_Seeking/availabe for work_Females,0.0,DDW-1500B-03SC.xlsx,03SC
B0203SC,15,000,State - MIZORAM,Urban,Total,Non-workers_Seeking/availabe for work_Females,25.0,DDW-1500B-03SC.xlsx,03SC
B0203SC,15,000,State - MIZORAM,Urban,Illiterate,Non-workers_Seeking/availabe for work_Females,1.0,DDW-1500B-03SC.xlsx,03SC
B0203SC,15,000,State - MIZORAM,Urban,Literate,Non-workers_Seeking/availabe for work_Females,24.0,DDW-1500B-03SC.xlsx,03SC
B0203SC,15,000,State - MIZORAM,Urban,Literate but below matric/secondary,Non-workers_Seeking/availabe for work_Females,7.0,DDW-1500B-03SC.xlsx,03SC
B0203SC,15,000,State - MIZORAM,Urban,Matric/secondary but below graduate,Non-workers_Seeking/availabe for work_Females,13.0,DDW-1500B-03SC.xlsx,03SC
B0203SC,15,000,State - MIZORAM,Urban,Technical diploma or certificate not equal to degree,Non-workers_Seeking/availabe for work_Females,0.0,DDW-1500B-03SC.xlsx,03SC
B0203SC,15,000,State - MIZORAM,Urban,Graduate and above other than technical degree,Non-workers_Seeking/availabe for work_Females,3.0,DDW-1500B-03SC.xlsx,03SC
B0203SC,15,000,State - MIZORAM,Urban,Technical degree or diploma equal to degree or post-graduate degree,Non-workers_Seeking/availabe for work_Females,1.0,DDW-1500B-03SC.xlsx,03SC
B0203SC,15,281,District - Mamit,Total,Total,Non-workers_Seeking/availabe for work_Females,0.0,DDW-1500B-03SC.xlsx,03SC
B0203SC,15,281,District - Mamit,Total,Illiterate,Non-workers_Seeking/availabe for work_Females,0.0,DDW-1500B-03SC.xlsx,03SC
B0203SC,15,281,District - Mamit,Total,Literate,Non-workers_Seeking/availabe for work_Females,0.0,DDW-1500B-03SC.xlsx,03SC
B0203SC,15,281,District - Mamit,Total,Literate but below matric/secondary,Non-workers_Seeking/availabe for work_Females,0.0,DDW-1500B-03SC.xlsx,03SC
B0203SC,15,281,District - Mamit,Total,Matric/secondary but below graduate,Non-workers_Seeking/availabe for work_Females,0.0,DDW-1500B-03SC.xlsx,03SC
B0203SC,15,281,District - Mamit,Total,Technical diploma or certificate not equal to degree,Non-workers_Seeking/availabe for work_Females,0.0,DDW-1500B-03SC.xlsx,03SC
B0203SC,15,281,District - Mamit,Total,Graduate and above other than technical degree,Non-workers_Seeking/availabe for work_Females,0.0,DDW-1500B-03SC.xlsx,03SC
B0203SC,15,281,District - Mamit,Total,Technical degree or diploma equal to degree or post-graduate degree,Non-workers_Seeking/availabe for work_Females,0.0,DDW-1500B-03SC.xlsx,03SC
B0203SC,15,281,District - Mamit,Rural,Total,Non-workers_Seeking/availabe for work_Females,0.0,DDW-1500B-03SC.xlsx,03SC
B0203SC,15,281,District - Mamit,Rural,Illiterate,Non-workers_Seeking/availabe for work_Females,0.0,DDW-1500B-03SC.xlsx,03SC
B0203SC,15,281,District - Mamit,Rural,Literate,Non-workers_Seeking/availabe for work_Females,0.0,DDW-1500B-03SC.xlsx,03SC
B0203SC,15,281,District - Mamit,Rural,Literate but below matric/secondary,Non-workers_Seeking/availabe for work_Females,0.0,DDW-1500B-03SC.xlsx,03SC
B0203SC,15,281,District - Mamit,Rural,Matric/secondary but below graduate,Non-workers_Seeking/availabe for work_Females,0.0,DDW-1500B-03SC.xlsx,03SC
B0203SC,15,281,District - Mamit,Rural,Technical diploma or certificate not equal to degree,Non-workers_Seeking/availabe for work_Females,0.0,DDW-1500B-03SC.xlsx,03SC
B0203SC,15,281,District - Mamit,Rural,Graduate and above other than technical degree,Non-workers_Seeking/availabe for work_Females,0.0,DDW-1500B-03SC.xlsx,03SC
B0203SC,15,281,District - Mamit,Rural,Technical degree or diploma equal to degree or post-graduate degree,Non-workers_Seeking/availabe for work_Females,0.0,DDW-1500B-03SC.xlsx,03SC
B0203SC,15,281,District - Mamit,Urban,Total,Non-workers_Seeking/availabe for work_Females,0.0,DDW-1500B-03SC.xlsx,03SC
B0203SC,15,281,District - Mamit,Urban,Illiterate,Non-workers_Seeking/availabe for work_Females,0.0,DDW-1500B-03SC.xlsx,03SC
B0203SC,15,281,District - Mamit,Urban,Literate,Non-workers_Seeking/availabe for work_Females,0.0,DDW-1500B-03SC.xlsx,03SC
B0203SC,15,281,District - Mamit,Urban,Literate but below matric/secondary,Non-workers_Seeking/availabe for work_Females,0.0,DDW-1500B-03SC.xlsx,03SC
B0203SC,15,281,District - Mamit,Urban,Matric/secondary but below graduate,Non-workers_Seeking/availabe for work_Females,0.0,DDW-1500B-03SC.xlsx,03SC
B0203SC,15,281,District - Mamit,Urban,Technical diploma or certificate not equal to degree,Non-workers_Seeking/availabe for work_Females,0.0,DDW-1500B-03SC.xlsx,03SC
B0203SC,15,281,District - Mamit,Urban,Graduate and above other than technical degree,Non-workers_Seeking/availabe for work_Females,0.0,DDW-1500B-03SC.xlsx,03SC
B0203SC,15,281,District - Mamit,Urban,Technical degree or diploma equal to degree or post-graduate degree,Non-workers_Seeking/availabe for work_Females,0.0,DDW-1500B-03SC.xlsx,03SC
B0203SC,15,282,District - Kolasib,Total,Total,Non-workers_Seeking/availabe for work_Females,1.0,DDW-1500B-03SC.xlsx,03SC
B0203SC,15,282,District - Kolasib,Total,Illiterate,Non-workers_Seeking/availabe for work_Females,0.0,DDW-1500B-03SC.xlsx,03SC
B0203SC,15,282,District - Kolasib,Total,Literate,Non-workers_Seeking/availabe for work_Females,1.0,DDW-1500B-03SC.xlsx,03SC
B0203SC,15,282,District - Kolasib,Total,Literate but below matric/secondary,Non-workers_Seeking/availabe for work_Females,0.0,DDW-1500B-03SC.xlsx,03SC
B0203SC,15,282,District - Kolasib,Total,Matric/secondary but below graduate,Non-workers_Seeking/availabe for work_Females,1.0,DDW-1500B-03SC.xlsx,03SC
B0203SC,15,282,District - Kolasib,Total,Technical diploma or certificate not equal to degree,Non-workers_Seeking/availabe for work_Females,0.0,DDW-1500B-03SC.xlsx,03SC
B0203SC,15,282,District - Kolasib,Total,Graduate and above other than technical degree,Non-workers_Seeking/availabe for work_Females,0.0,DDW-1500B-03SC.xlsx,03SC
B0203SC,15,282,District - Kolasib,Total,Technical degree or diploma equal to degree or post-graduate degree,Non-workers_Seeking/availabe for work_Females,0.0,DDW-1500B-03SC.xlsx,03SC
B0203SC,15,282,District - Kolasib,Rural,Total,Non-workers_Seeking/availabe for work_Females,0.0,DDW-1500B-03SC.xlsx,03SC
B0203SC,15,282,District - Kolasib,Rural,Illiterate,Non-workers_Seeking/availabe for work_Females,0.0,DDW-1500B-03SC.xlsx,03SC
B0203SC,15,282,District - Kolasib,Rural,Literate,Non-workers_Seeking/availabe for work_Females,0.0,DDW-1500B-03SC.xlsx,03SC
B0203SC,15,282,District - Kolasib,Rural,Literate but below matric/secondary,Non-workers_Seeking/availabe for work_Females,0.0,DDW-1500B-03SC.xlsx,03SC
B0203SC,15,282,District - Kolasib,Rural,Matric/secondary but below graduate,Non-workers_Seeking/availabe for work_Females,0.0,DDW-1500B-03SC.xlsx,03SC
B0203SC,15,282,District - Kolasib,Rural,Technical diploma or certificate not equal to degree,Non-workers_Seeking/availabe for work_Females,0.0,DDW-1500B-03SC.xlsx,03SC
B0203SC,15,282,District - Kolasib,Rural,Graduate and above other than technical degree,Non-workers_Seeking/availabe for work_Females,0.0,DDW-1500B-03SC.xlsx,03SC
B0203SC,15,282,District - Kolasib,Rural,Technical degree or diploma equal to degree or post-graduate degree,Non-workers_Seeking/availabe for work_Females,0.0,DDW-1500B-03SC.xlsx,03SC
B0203SC,15,282,District - Kolasib,Urban,Total,Non-workers_Seeking/availabe for work_Females,1.0,DDW-1500B-03SC.xlsx,03SC
B0203SC,15,282,District - Kolasib,Urban,Illiterate,Non-workers_Seeking/availabe for work_Females,0.0,DDW-1500B-03SC.xlsx,03SC
B0203SC,15,282,District - Kolasib,Urban,Literate,Non-workers_Seeking/availabe for work_Females,1.0,DDW-1500B-03SC.xlsx,03SC
B0203SC,15,282,District - Kolasib,Urban,Literate but below matric/secondary,Non-workers_Seeking/availabe for work_Females,0.0,DDW-1500B-03SC.xlsx,03SC
B0203SC,15,282,District - Kolasib,Urban,Matric/secondary but below graduate,Non-workers_Seeking/availabe for work_Females,1.0,DDW-1500B-03SC.xlsx,03SC
B0203SC,15,282,District - Kolasib,Urban,Technical diploma or certificate not equal to degree,Non-workers_Seeking/availabe for work_Females,0.0,DDW-1500B-03SC.xlsx,03SC
B0203SC,15,282,District - Kolasib,Urban,Graduate and above other than technical degree,Non-workers_Seeking/availabe for work_Females,0.0,DDW-1500B-03SC.xlsx,03SC
B0203SC,15,282,District - Kolasib,Urban,Technical degree or diploma equal to degree or post-graduate degree,Non-workers_Seeking/availabe for work_Females,0.0,DDW-1500B-03SC.xlsx,03SC
B0203SC,15,283,District - Aizawl,Total,Total,Non-workers_Seeking/availabe for work_Females,19.0,DDW-1500B-03SC.xlsx,03SC
B0203SC,15,283,District - Aizawl,Total,Illiterate,Non-workers_Seeking/availabe for work_Females,1.0,DDW-1500B-03SC.xlsx,03SC
B0203SC,15,283,District - Aizawl,Total,Literate,Non-workers_Seeking/availabe for work_Females,18.0,DDW-1500B-03SC.xlsx,03SC
B0203SC,15,283,District - Aizawl,Total,Literate but below matric/secondary,Non-workers_Seeking/availabe for work_Females,3.0,DDW-1500B-03SC.xlsx,03SC
B0203SC,15,283,District - Aizawl,Total,Matric/secondary but below graduate,Non-workers_Seeking/availabe for work_Females,11.0,DDW-1500B-03SC.xlsx,03SC
B0203SC,15,283,District - Aizawl,Total,Technical diploma or certificate not equal to degree,Non-workers_Seeking/availabe for work_Females,0.0,DDW-1500B-03SC.xlsx,03SC
B0203SC,15,283,District - Aizawl,Total,Graduate and above other than technical degree,Non-workers_Seeking/availabe for work_Females,3.0,DDW-1500B-03SC.xlsx,03SC
B0203SC,15,283,District - Aizawl,Total,Technical degree or diploma equal to degree or post-graduate degree,Non-workers_Seeking/availabe for work_Females,1.0,DDW-1500B-03SC.xlsx,03SC
B0203SC,15,283,District - Aizawl,Rural,Total,Non-workers_Seeking/availabe for work_Females,0.0,DDW-1500B-03SC.xlsx,03SC
B0203SC,15,283,District - Aizawl,Rural,Illiterate,Non-workers_Seeking/availabe for work_Females,0.0,DDW-1500B-03SC.xlsx,03SC
B0203SC,15,283,District - Aizawl,Rural,Literate,Non-workers_Seeking/availabe for work_Females,0.0,DDW-1500B-03SC.xlsx,03SC
B0203SC,15,283,District - Aizawl,Rural,Literate but below matric/secondary,Non-workers_Seeking/availabe for work_Females,0.0,DDW-1500B-03SC.xlsx,03SC
B0203SC,15,283,District - Aizawl,Rural,Matric/secondary but below graduate,Non-workers_Seeking/availabe for work_Females,0.0,DDW-1500B-03SC.xlsx,03SC
B0203SC,15,283,District - Aizawl,Rural,Technical diploma or certificate not equal to degree,Non-workers_Seeking/availabe for work_Females,0.0,DDW-1500B-03SC.xlsx,03SC
B0203SC,15,283,District - Aizawl,Rural,Graduate and above other than technical degree,Non-workers_Seeking/availabe for work_Females,0.0,DDW-1500B-03SC.xlsx,03SC
B0203SC,15,283,District - Aizawl,Rural,Technical degree or diploma equal to degree or post-graduate degree,Non-workers_Seeking/availabe for work_Females,0.0,DDW-1500B-03SC.xlsx,03SC
B0203SC,15,283,District - Aizawl,Urban,Total,Non-workers_Seeking/availabe for work_Females,19.0,DDW-1500B-03SC.xlsx,03SC
B0203SC,15,283,District - Aizawl,Urban,Illiterate,Non-workers_Seeking/availabe for work_Females,1.0,DDW-1500B-03SC.xlsx,03SC
B0203SC,15,283,District - Aizawl,Urban,Literate,Non-workers_Seeking/availabe for work_Females,18.0,DDW-1500B-03SC.xlsx,03SC
B0203SC,15,283,District - Aizawl,Urban,Literate but below matric/secondary,Non-workers_Seeking/availabe for work_Females,3.0,DDW-1500B-03SC.xlsx,03SC
B0203SC,15,283,District - Aizawl,Urban,Matric/secondary but below graduate,Non-workers_Seeking/availabe for work_Females,11.0,DDW-1500B-03SC.xlsx,03SC
B0203SC,15,283,District - Aizawl,Urban,Technical diploma or certificate not equal to degree,Non-workers_Seeking/availabe for work_Females,0.0,DDW-1500B-03SC.xlsx,03SC
B0203SC,15,283,District - Aizawl,Urban,Graduate and above other than technical degree,Non-workers_Seeking/availabe for work_Females,3.0,DDW-1500B-03SC.xlsx,03SC
B0203SC,15,283,District - Aizawl,Urban,Technical degree or diploma equal to degree or post-graduate degree,Non-workers_Seeking/availabe for work_Females,1.0,DDW-1500B-03SC.xlsx,03SC
B0203SC,15,284,District - Champhai,Total,Total,Non-workers_Seeking/availabe for work_Females,0.0,DDW-1500B-03SC.xlsx,03SC
B0203SC,15,284,District - Champhai,Total,Illiterate,Non-workers_Seeking/availabe for work_Females,0.0,DDW-1500B-03SC.xlsx,03SC
B0203SC,15,284,District - Champhai,Total,Literate,Non-workers_Seeking/availabe for work_Females,0.0,DDW-1500B-03SC.xlsx,03SC
B0203SC,15,284,District - Champhai,Total,Literate but below matric/secondary,Non-workers_Seeking/availabe for work_Females,0.0,DDW-1500B-03SC.xlsx,03SC
B0203SC,15,284,District - Champhai,Total,Matric/secondary but below graduate,Non-workers_Seeking/availabe for work_Females,0.0,DDW-1500B-03SC.xlsx,03SC
B0203SC,15,284,District - Champhai,Total,Technical diploma or certificate not equal to degree,Non-workers_Seeking/availabe for work_Females,0.0,DDW-1500B-03SC.xlsx,03SC
B0203SC,15,284,District - Champhai,Total,Graduate and above other than technical degree,Non-workers_Seeking/availabe for work_Females,0.0,DDW-1500B-03SC.xlsx,03SC
B0203SC,15,284,District - Champhai,Total,Technical degree or diploma equal to degree or post-graduate degree,Non-workers_Seeking/availabe for work_Females,0.0,DDW-1500B-03SC.xlsx,03SC
B0203SC,15,284,District - Champhai,Rural,Total,Non-workers_Seeking/availabe for work_Females,0.0,DDW-1500B-03SC.xlsx,03SC
B0203SC,15,284,District - Champhai,Rural,Illiterate,Non-workers_Seeking/availabe for work_Females,0.0,DDW-1500B-03SC.xlsx,03SC
B0203SC,15,284,District - Champhai,Rural,Literate,Non-workers_Seeking/availabe for work_Females,0.0,DDW-1500B-03SC.xlsx,03SC
B0203SC,15,284,District - Champhai,Rural,Literate but below matric/secondary,Non-workers_Seeking/availabe for work_Females,0.0,DDW-1500B-03SC.xlsx,03SC
B0203SC,15,284,District - Champhai,Rural,Matric/secondary but below graduate,Non-workers_Seeking/availabe for work_Females,0.0,DDW-1500B-03SC.xlsx,03SC
B0203SC,15,284,District - Champhai,Rural,Technical diploma or certificate not equal to degree,Non-workers_Seeking/availabe for work_Females,0.0,DDW-1500B-03SC.xlsx,03SC
B0203SC,15,284,District - Champhai,Rural,Graduate and above other than technical degree,Non-workers_Seeking/availabe for work_Females,0.0,DDW-1500B-03SC.xlsx,03SC
B0203SC,15,284,District - Champhai,Rural,Technical degree or diploma equal to degree or post-graduate degree,Non-workers_Seeking/availabe for work_Females,0.0,DDW-1500B-03SC.xlsx,03SC
B0203SC,15,284,District - Champhai,Urban,Total,Non-workers_Seeking/availabe for work_Females,0.0,DDW-1500B-03SC.xlsx,03SC
B0203SC,15,284,District - Champhai,Urban,Illiterate,Non-workers_Seeking/availabe for work_Females,0.0,DDW-1500B-03SC.xlsx,03SC
B0203SC,15,284,District - Champhai,Urban,Literate,Non-workers_Seeking/availabe for work_Females,0.0,DDW-1500B-03SC.xlsx,03SC
B0203SC,15,284,District - Champhai,Urban,Literate but below matric/secondary,Non-workers_Seeking/availabe for work_Females,0.0,DDW-1500B-03SC.xlsx,03SC
B0203SC,15,284,District - Champhai,Urban,Matric/secondary but below graduate,Non-workers_Seeking/availabe for work_Females,0.0,DDW-1500B-03SC.xlsx,03SC
B0203SC,15,284,District - Champhai,Urban,Technical diploma or certificate not equal to degree,Non-workers_Seeking/availabe for work_Females,0.0,DDW-1500B-03SC.xlsx,03SC
B0203SC,15,284,District - Champhai,Urban,Graduate and above other than technical degree,Non-workers_Seeking/availabe for work_Females,0.0,DDW-1500B-03SC.xlsx,03SC
B0203SC,15,284,District - Champhai,Urban,Technical degree or diploma equal to degree or post-graduate degree,Non-workers_Seeking/availabe for work_Females,0.0,DDW-1500B-03SC.xlsx,03SC
B0203SC,15,285,District - Serchhip,Total,Total,Non-workers_Seeking/availabe for work_Females,3.0,DDW-1500B-03SC.xlsx,03SC
B0203SC,15,285,District - Serchhip,Total,Illiterate,Non-workers_Seeking/availabe for work_Females,0.0,DDW-1500B-03SC.xlsx,03SC
B0203SC,15,285,District - Serchhip,Total,Literate,Non-workers_Seeking/availabe for work_Females,3.0,DDW-1500B-03SC.xlsx,03SC
B0203SC,15,285,District - Serchhip,Total,Literate but below matric/secondary,Non-workers_Seeking/availabe for work_Females,3.0,DDW-1500B-03SC.xlsx,03SC
B0203SC,15,285,District - Serchhip,Total,Matric/secondary but below graduate,Non-workers_Seeking/availabe for work_Females,0.0,DDW-1500B-03SC.xlsx,03SC
B0203SC,15,285,District - Serchhip,Total,Technical diploma or certificate not equal to degree,Non-workers_Seeking/availabe for work_Females,0.0,DDW-1500B-03SC.xlsx,03SC
B0203SC,15,285,District - Serchhip,Total,Graduate and above other than technical degree,Non-workers_Seeking/availabe for work_Females,0.0,DDW-1500B-03SC.xlsx,03SC
B0203SC,15,285,District - Serchhip,Total,Technical degree or diploma equal to degree or post-graduate degree,Non-workers_Seeking/availabe for work_Females,0.0,DDW-1500B-03SC.xlsx,03SC
B0203SC,15,285,District - Serchhip,Rural,Total,Non-workers_Seeking/availabe for work_Females,1.0,DDW-1500B-03SC.xlsx,03SC
B0203SC,15,285,District - Serchhip,Rural,Illiterate,Non-workers_Seeking/availabe for work_Females,0.0,DDW-1500B-03SC.xlsx,03SC
B0203SC,15,285,District - Serchhip,Rural,Literate,Non-workers_Seeking/availabe for work_Females,1.0,DDW-1500B-03SC.xlsx,03SC
B0203SC,15,285,District - Serchhip,Rural,Literate but below matric/secondary,Non-workers_Seeking/availabe for work_Females,1.0,DDW-1500B-03SC.xlsx,03SC
B0203SC,15,285,District - Serchhip,Rural,Matric/secondary but below graduate,Non-workers_Seeking/availabe for work_Females,0.0,DDW-1500B-03SC.xlsx,03SC
B0203SC,15,285,District - Serchhip,Rural,Technical diploma or certificate not equal to degree,Non-workers_Seeking/availabe for work_Females,0.0,DDW-1500B-03SC.xlsx,03SC
B0203SC,15,285,District - Serchhip,Rural,Graduate and above other than technical degree,Non-workers_Seeking/availabe for work_Females,0.0,DDW-1500B-03SC.xlsx,03SC
B0203SC,15,285,District - Serchhip,Rural,Technical degree or diploma equal to degree or post-graduate degree,Non-workers_Seeking/availabe for work_Females,0.0,DDW-1500B-03SC.xlsx,03SC
B0203SC,15,285,District - Serchhip,Urban,Total,Non-workers_Seeking/availabe for work_Females,2.0,DDW-1500B-03SC.xlsx,03SC
B0203SC,15,285,District - Serchhip,Urban,Illiterate,Non-workers_Seeking/availabe for work_Females,0.0,DDW-1500B-03SC.xlsx,03SC
B0203SC,15,285,District - Serchhip,Urban,Literate,Non-workers_Seeking/availabe for work_Females,2.0,DDW-1500B-03SC.xlsx,03SC
B0203SC,15,285,District - Serchhip,Urban,Literate but below matric/secondary,Non-workers_Seeking/availabe for work_Females,2.0,DDW-1500B-03SC.xlsx,03SC
B0203SC,15,285,District - Serchhip,Urban,Matric/secondary but below graduate,Non-workers_Seeking/availabe for work_Females,0.0,DDW-1500B-03SC.xlsx,03SC
B0203SC,15,285,District - Serchhip,Urban,Technical diploma or certificate not equal to degree,Non-workers_Seeking/availabe for work_Females,0.0,DDW-1500B-03SC.xlsx,03SC
B0203SC,15,285,District - Serchhip,Urban,Graduate and above other than technical degree,Non-workers_Seeking/availabe for work_Females,0.0,DDW-1500B-03SC.xlsx,03SC
B0203SC,15,285,District - Serchhip,Urban,Technical degree or diploma equal to degree or post-graduate degree,Non-workers_Seeking/availabe for work_Females,0.0,DDW-1500B-03SC.xlsx,03SC
B0203SC,15,286,District - Lunglei,Total,Total,Non-workers_Seeking/availabe for work_Females,3.0,DDW-1500B-03SC.xlsx,03SC
B0203SC,15,286,District - Lunglei,Total,Illiterate,Non-workers_Seeking/availabe for work_Females,0.0,DDW-1500B-03SC.xlsx,03SC
B0203SC,15,286,District - Lunglei,Total,Literate,Non-workers_Seeking/availabe for work_Females,3.0,DDW-1500B-03SC.xlsx,03SC
B0203SC,15,286,District - Lunglei,Total,Literate but below matric/secondary,Non-workers_Seeking/availabe for work_Females,3.0,DDW-1500B-03SC.xlsx,03SC
B0203SC,15,286,District - Lunglei,Total,Matric/secondary but below graduate,Non-workers_Seeking/availabe for work_Females,0.0,DDW-1500B-03SC.xlsx,03SC
B0203SC,15,286,District - Lunglei,Total,Technical diploma or certificate not equal to degree,Non-workers_Seeking/availabe for work_Females,0.0,DDW-1500B-03SC.xlsx,03SC
B0203SC,15,286,District - Lunglei,Total,Graduate and above other than technical degree,Non-workers_Seeking/availabe for work_Females,0.0,DDW-1500B-03SC.xlsx,03SC
B0203SC,15,286,District - Lunglei,Total,Technical degree or diploma equal to degree or post-graduate degree,Non-workers_Seeking/availabe for work_Females,0.0,DDW-1500B-03SC.xlsx,03SC
B0203SC,15,286,District - Lunglei,Rural,Total,Non-workers_Seeking/availabe for work_Females,1.0,DDW-1500B-03SC.xlsx,03SC
B0203SC,15,286,District - Lunglei,Rural,Illiterate,Non-workers_Seeking/availabe for work_Females,0.0,DDW-1500B-03SC.xlsx,03SC
B0203SC,15,286,District - Lunglei,Rural,Literate,Non-workers_Seeking/availabe for work_Females,1.0,DDW-1500B-03SC.xlsx,03SC
B0203SC,15,286,District - Lunglei,Rural,Literate but below matric/secondary,Non-workers_Seeking/availabe for work_Females,1.0,DDW-1500B-03SC.xlsx,03SC
B0203SC,15,286,District - Lunglei,Rural,Matric/secondary but below graduate,Non-workers_Seeking/availabe for work_Females,0.0,DDW-1500B-03SC.xlsx,03SC
B0203SC,15,286,District - Lunglei,Rural,Technical diploma or certificate not equal to degree,Non-workers_Seeking/availabe for work_Females,0.0,DDW-1500B-03SC.xlsx,03SC
B0203SC,15,286,District - Lunglei,Rural,Graduate and above other than technical degree,Non-workers_Seeking/availabe for work_Females,0.0,DDW-1500B-03SC.xlsx,03SC
B0203SC,15,286,District - Lunglei,Rural,Technical degree or diploma equal to degree or post-graduate degree,Non-workers_Seeking/availabe for work_Females,0.0,DDW-1500B-03SC.xlsx,03SC
B0203SC,15,286,District - Lunglei,Urban,Total,Non-workers_Seeking/availabe for work_Females,2.0,DDW-1500B-03SC.xlsx,03SC
B0203SC,15,286,District - Lunglei,Urban,Illiterate,Non-workers_Seeking/availabe for work_Females,0.0,DDW-1500B-03SC.xlsx,03SC
B0203SC,15,286,District - Lunglei,Urban,Literate,Non-workers_Seeking/availabe for work_Females,2.0,DDW-1500B-03SC.xlsx,03SC
B0203SC,15,286,District - Lunglei,Urban,Literate but below matric/secondary,Non-workers_Seeking/availabe for work_Females,2.0,DDW-1500B-03SC.xlsx,03SC
B0203SC,15,286,District - Lunglei,Urban,Matric/secondary but below graduate,Non-workers_Seeking/availabe for work_Females,0.0,DDW-1500B-03SC.xlsx,03SC
B0203SC,15,286,District - Lunglei,Urban,Technical diploma or certificate not equal to degree,Non-workers_Seeking/availabe for work_Females,0.0,DDW-1500B-03SC.xlsx,03SC
B0203SC,15,286,District - Lunglei,Urban,Graduate and above other than technical degree,Non-workers_Seeking/availabe for work_Females,0.0,DDW-1500B-03SC.xlsx,03SC
B0203SC,15,286,District - Lunglei,Urban,Technical degree or diploma equal to degree or post-graduate degree,Non-workers_Seeking/availabe for work_Females,0.0,DDW-1500B-03SC.xlsx,03SC
B0203SC,15,287,District - Lawngtlai,Total,Total,Non-workers_Seeking/availabe for work_Females,2.0,DDW-1500B-03SC.xlsx,03SC
B0203SC,15,287,District - Lawngtlai,Total,Illiterate,Non-workers_Seeking/availabe for work_Females,0.0,DDW-1500B-03SC.xlsx,03SC
B0203SC,15,287,District - Lawngtlai,Total,Literate,Non-workers_Seeking/availabe for work_Females,2.0,DDW-1500B-03SC.xlsx,03SC
B0203SC,15,287,District - Lawngtlai,Total,Literate but below matric/secondary,Non-workers_Seeking/availabe for work_Females,2.0,DDW-1500B-03SC.xlsx,03SC
B0203SC,15,287,District - Lawngtlai,Total,Matric/secondary but below graduate,Non-workers_Seeking/availabe for work_Females,0.0,DDW-1500B-03SC.xlsx,03SC
B0203SC,15,287,District - Lawngtlai,Total,Technical diploma or certificate not equal to degree,Non-workers_Seeking/availabe for work_Females,0.0,DDW-1500B-03SC.xlsx,03SC
B0203SC,15,287,District - Lawngtlai,Total,Graduate and above other than technical degree,Non-workers_Seeking/availabe for work_Females,0.0,DDW-1500B-03SC.xlsx,03SC
B0203SC,15,287,District - Lawngtlai,Total,Technical degree or diploma equal to degree or post-graduate degree,Non-workers_Seeking/availabe for work_Females,0.0,DDW-1500B-03SC.xlsx,03SC
B0203SC,15,287,District - Lawngtlai,Rural,Total,Non-workers_Seeking/availabe for work_Females,2.0,DDW-1500B-03SC.xlsx,03SC
B0203SC,15,287,District - Lawngtlai,Rural,Illiterate,Non-workers_Seeking/availabe for work_Females,0.0,DDW-1500B-03SC.xlsx,03SC
B0203SC,15,287,District - Lawngtlai,Rural,Literate,Non-workers_Seeking/availabe for work_Females,2.0,DDW-1500B-03SC.xlsx,03SC
B0203SC,15,287,District - Lawngtlai,Rural,Literate but below matric/secondary,Non-workers_Seeking/availabe for work_Females,2.0,DDW-1500B-03SC.xlsx,03SC
B0203SC,15,287,District - Lawngtlai,Rural,Matric/secondary but below graduate,Non-workers_Seeking/availabe for work_Females,0.0,DDW-1500B-03SC.xlsx,03SC
B0203SC,15,287,District - Lawngtlai,Rural,Technical diploma or certificate not equal to degree,Non-workers_Seeking/availabe for work_Females,0.0,DDW-1500B-03SC.xlsx,03SC
B0203SC,15,287,District - Lawngtlai,Rural,Graduate and above other than technical degree,Non-workers_Seeking/availabe for work_Females,0.0,DDW-1500B-03SC.xlsx,03SC
B0203SC,15,287,District - Lawngtlai,Rural,Technical degree or diploma equal to degree or post-graduate degree,Non-workers_Seeking/availabe for work_Females,0.0,DDW-1500B-03SC.xlsx,03SC
B0203SC,15,287,District - Lawngtlai,Urban,Total,Non-workers_Seeking/availabe for work_Females,0.0,DDW-1500B-03SC.xlsx,03SC
B0203SC,15,287,District - Lawngtlai,Urban,Illiterate,Non-workers_Seeking/availabe for work_Females,0.0,DDW-1500B-03SC.xlsx,03SC
B0203SC,15,287,District - Lawngtlai,Urban,Literate,Non-workers_Seeking/availabe for work_Females,0.0,DDW-1500B-03SC.xlsx,03SC
B0203SC,15,287,District - Lawngtlai,Urban,Literate but below matric/secondary,Non-workers_Seeking/availabe for work_Females,0.0,DDW-1500B-03SC.xlsx,03SC
B0203SC,15,287,District - Lawngtlai,Urban,Matric/secondary but below graduate,Non-workers_Seeking/availabe for work_Females,0.0,DDW-1500B-03SC.xlsx,03SC
B0203SC,15,287,District - Lawngtlai,Urban,Technical diploma or certificate not equal to degree,Non-workers_Seeking/availabe for work_Females,0.0,DDW-1500B-03SC.xlsx,03SC
B0203SC,15,287,District - Lawngtlai,Urban,Graduate and above other than technical degree,Non-workers_Seeking/availabe for work_Females,0.0,DDW-1500B-03SC.xlsx,03SC
B0203SC,15,287,District - Lawngtlai,Urban,Technical degree or diploma equal to degree or post-graduate degree,Non-workers_Seeking/availabe for work_Females,0.0,DDW-1500B-03SC.xlsx,03SC
B0203SC,15,288,District - Saiha,Total,Total,Non-workers_Seeking/availabe for work_Females,2.0,DDW-1500B-03SC.xlsx,03SC
B0203SC,15,288,District - Saiha,Total,Illiterate,Non-workers_Seeking/availabe for work_Females,0.0,DDW-1500B-03SC.xlsx,03SC
B0203SC,15,288,District - Saiha,Total,Literate,Non-workers_Seeking/availabe for work_Females,2.0,DDW-1500B-03SC.xlsx,03SC
B0203SC,15,288,District - Saiha,Total,Literate but below matric/secondary,Non-workers_Seeking/availabe for work_Females,0.0,DDW-1500B-03SC.xlsx,03SC
B0203SC,15,288,District - Saiha,Total,Matric/secondary but below graduate,Non-workers_Seeking/availabe for work_Females,2.0,DDW-1500B-03SC.xlsx,03SC
B0203SC,15,288,District - Saiha,Total,Technical diploma or certificate not equal to degree,Non-workers_Seeking/availabe for work_Females,0.0,DDW-1500B-03SC.xlsx,03SC
B0203SC,15,288,District - Saiha,Total,Graduate and above other than technical degree,Non-workers_Seeking/availabe for work_Females,0.0,DDW-1500B-03SC.xlsx,03SC
B0203SC,15,288,District - Saiha,Total,Technical degree or diploma equal to degree or post-graduate degree,Non-workers_Seeking/availabe for work_Females,0.0,DDW-1500B-03SC.xlsx,03SC
B0203SC,15,288,District - Saiha,Rural,Total,Non-workers_Seeking/availabe for work_Females,1.0,DDW-1500B-03SC.xlsx,03SC
B0203SC,15,288,District - Saiha,Rural,Illiterate,Non-workers_Seeking/availabe for work_Females,0.0,DDW-1500B-03SC.xlsx,03SC
B0203SC,15,288,District - Saiha,Rural,Literate,Non-workers_Seeking/availabe for work_Females,1.0,DDW-1500B-03SC.xlsx,03SC
B0203SC,15,288,District - Saiha,Rural,Literate but below matric/secondary,Non-workers_Seeking/availabe for work_Females,0.0,DDW-1500B-03SC.xlsx,03SC
B0203SC,15,288,District - Saiha,Rural,Matric/secondary but below graduate,Non-workers_Seeking/availabe for work_Females,1.0,DDW-1500B-03SC.xlsx,03SC
B0203SC,15,288,District - Saiha,Rural,Technical diploma or certificate not equal to degree,Non-workers_Seeking/availabe for work_Females,0.0,DDW-1500B-03SC.xlsx,03SC
B0203SC,15,288,District - Saiha,Rural,Graduate and above other than technical degree,Non-workers_Seeking/availabe for work_Females,0.0,DDW-1500B-03SC.xlsx,03SC
B0203SC,15,288,District - Saiha,Rural,Technical degree or diploma equal to degree or post-graduate degree,Non-workers_Seeking/availabe for work_Females,0.0,DDW-1500B-03SC.xlsx,03SC
B0203SC,15,288,District - Saiha,Urban,Total,Non-workers_Seeking/availabe for work_Females,1.0,DDW-1500B-03SC.xlsx,03SC
B0203SC,15,288,District - Saiha,Urban,Illiterate,Non-workers_Seeking/availabe for work_Females,0.0,DDW-1500B-03SC.xlsx,03SC
B0203SC,15,288,District - Saiha,Urban,Literate,Non-workers_Seeking/availabe for work_Females,1.0,DDW-1500B-03SC.xlsx,03SC
B0203SC,15,288,District - Saiha,Urban,Literate but below matric/secondary,Non-workers_Seeking/availabe for work_Females,0.0,DDW-1500B-03SC.xlsx,03SC
B0203SC,15,288,District - Saiha,Urban,Matric/secondary but below graduate,Non-workers_Seeking/availabe for work_Females,1.0,DDW-1500B-03SC.xlsx,03SC
B0203SC,15,288,District - Saiha,Urban,Technical diploma or certificate not equal to degree,Non-workers_Seeking/availabe for work_Females,0.0,DDW-1500B-03SC.xlsx,03SC
B0203SC,15,288,District - Saiha,Urban,Graduate and above other than technical degree,Non-workers_Seeking/availabe for work_Females,0.0,DDW-1500B-03SC.xlsx,03SC
B0203SC,15,288,District - Saiha,Urban,Technical degree or diploma equal to degree or post-graduate degree,Non-workers_Seeking/availabe for work_Females,0.0,DDW-1500B-03SC.xlsx,03SC
