table_name,state_code,district_code,area_name,total_rural_urban,educational_level,metric,value,source_file,dataset_code
B0303ST,15,000,State - MIZORAM,Total,Total,Population_Persons,1036115.0,DDW-1500B-03ST.xlsx,03ST
B0303ST,15,000,State - MIZORAM,Total,Illiterate,Population_Persons,234856.0,DDW-1500B-03ST.xlsx,03ST
B0303ST,15,000,State - MIZORAM,Total,Literate,Population_Persons,801259.0,DDW-1500B-03ST.xlsx,03ST
B0303ST,15,000,State - MIZORAM,Total,Literate but below matric/secondary,Population_Persons,596260.0,DDW-1500B-03ST.xlsx,03ST
B0303ST,15,000,State - MIZORAM,Total,Matric/secondary but below graduate,Population_Persons,144327.0,DDW-1500B-03ST.xlsx,03ST
B0303ST,15,000,State - MIZORAM,Total,Technical diploma or certificate not equal to degree,Population_Persons,1631.0,DDW-1500B-03ST.xlsx,03ST
B0303ST,15,000,State - MIZORAM,Total,Graduate and above other than technical degree,Population_Persons,39826.0,DDW-1500B-03ST.xlsx,03ST
B0303ST,15,000,State - MIZORAM,Total,Technical degree or diploma equal to degree or post-graduate degree,Population_Persons,5855.0,DDW-1500B-03ST.xlsx,03ST
B0303ST,15,000,State - MIZORAM,Rural,Total,Population_Persons,507467.0,DDW-1500B-03ST.xlsx,03ST
B0303ST,15,000,State - MIZORAM,Rural,Illiterate,Population_Persons,154868.0,DDW-1500B-03ST.xlsx,03ST
B0303ST,15,000,State - MIZORAM,Rural,Literate,Population_Persons,352599.0,DDW-1500B-03ST.xlsx,03ST
B0303ST,15,000,State - MIZORAM,Rural,Literate but below matric/secondary,Population_Persons,299627.0,DDW-1500B-03ST.xlsx,03ST
B0303ST,15,000,State - MIZORAM,Rural,Matric/secondary but below graduate,Population_Persons,36819.0,DDW-1500B-03ST.xlsx,03ST
B0303ST,15,000,State - MIZORAM,Rural,Technical diploma or certificate not equal to degree,Population_Persons,236.0,DDW-1500B-03ST.xlsx,03ST
B0303ST,15,000,State - MIZORAM,Rural,Graduate and above other than technical degree,Population_Persons,7581.0,DDW-1500B-03ST.xlsx,03ST
B0303ST,15,000,State - MIZORAM,Rural,Technical degree or diploma equal to degree or post-graduate degree,Population_Persons,855.0,DDW-1500B-03ST.xlsx,03ST
B0303ST,15,000,State - MIZORAM,Urban,Total,Population_Persons,528648.0,DDW-1500B-03ST.xlsx,03ST
B0303ST,15,000,State - MIZORAM,Urban,Illiterate,Population_Persons,79988.0,DDW-1500B-03ST.xlsx,03ST
B0303ST,15,000,State - MIZORAM,Urban,Literate,Population_Persons,448660.0,DDW-1500B-03ST.xlsx,03ST
B0303ST,15,000,State - MIZORAM,Urban,Literate but below matric/secondary,Population_Persons,296633.0,DDW-1500B-03ST.xlsx,03ST
B0303ST,15,000,State - MIZORAM,Urban,Matric/secondary but below graduate,Population_Persons,107508.0,DDW-1500B-03ST.xlsx,03ST
B0303ST,15,000,State - MIZORAM,Urban,Technical diploma or certificate not equal to degree,Population_Persons,1395.0,DDW-1500B-03ST.xlsx,03ST
B0303ST,15,000,State - MIZORAM,Urban,Graduate and above other than technical degree,Population_Persons,32245.0,DDW-1500B-03ST.xlsx,03ST
B0303ST,15,000,State - MIZORAM,Urban,Technical degree or diploma equal to degree or post-graduate degree,Population_Persons,5000.0,DDW-1500B-03ST.xlsx,03ST
B0303ST,15,281,District - Mamit,Total,Total,Population_Persons,82080.0,DDW-1500B-03ST.xlsx,03ST
B0303ST,15,281,District - Mamit,Total,Illiterate,Population_Persons,24289.0,DDW-1500B-03ST.xlsx,03ST
B0303ST,15,281,District - Mamit,Total,Literate,Population_Persons,57791.0,DDW-1500B-03ST.xlsx,03ST
B0303ST,15,281,District - Mamit,Total,Literate but below matric/secondary,Population_Persons,48394.0,DDW-1500B-03ST.xlsx,03ST
B0303ST,15,281,District - Mamit,Total,Matric/secondary but below graduate,Population_Persons,6690.0,DDW-1500B-03ST.xlsx,03ST
B0303ST,15,281,District - Mamit,Total,Technical diploma or certificate not equal to degree,Population_Persons,34.0,DDW-1500B-03ST.xlsx,03ST
B0303ST,15,281,District - Mamit,Total,Graduate and above other than technical degree,Population_Persons,1463.0,DDW-1500B-03ST.xlsx,03ST
B0303ST,15,281,District - Mamit,Total,Technical degree or diploma equal to degree or post-graduate degree,Population_Persons,168.0,DDW-1500B-03ST.xlsx,03ST
B0303ST,15,281,District - Mamit,Rural,Total,Population_Persons,68096.0,DDW-1500B-03ST.xlsx,03ST
B0303ST,15,281,District - Mamit,Rural,Illiterate,Population_Persons,21815.0,DDW-1500B-03ST.xlsx,03ST
B0303ST,15,281,District - Mamit,Rural,Literate,Population_Persons,46281.0,DDW-1500B-03ST.xlsx,03ST
B0303ST,15,281,District - Mamit,Rural,Literate but below matric/secondary,Population_Persons,39626.0,DDW-1500B-03ST.xlsx,03ST
B0303ST,15,281,District - Mamit,Rural,Matric/secondary but below graduate,Population_Persons,4747.0,DDW-1500B-03ST.xlsx,03ST
B0303ST,15,281,District - Mamit,Rural,Technical diploma or certificate not equal to degree,Population_Persons,18.0,DDW-1500B-03ST.xlsx,03ST
B0303ST,15,281,District - Mamit,Rural,Graduate and above other than technical degree,Population_Persons,926.0,DDW-1500B-03ST.xlsx,03ST
B0303ST,15,281,District - Mamit,Rural,Technical degree or diploma equal to degree or post-graduate degree,Population_Persons,109.0,DDW-1500B-03ST.xlsx,03ST
B0303ST,15,281,District - Mamit,Urban,Total,Population_Persons,13984.0,DDW-1500B-03ST.xlsx,03ST
B0303ST,15,281,District - Mamit,Urban,Illiterate,Population_Persons,2474.0,DDW-1500B-03ST.xlsx,03ST
B0303ST,15,281,District - Mamit,Urban,Literate,Population_Persons,11510.0,DDW-1500B-03ST.xlsx,03ST
B0303ST,15,281,District - Mamit,Urban,Literate but below matric/secondary,Population_Persons,8768.0,DDW-1500B-03ST.xlsx,03ST
B0303ST,15,281,District - Mamit,Urban,Matric/secondary but below graduate,Population_Persons,1943.0,DDW-1500B-03ST.xlsx,03ST
B0303ST,15,281,District - Mamit,Urban,Technical diploma or certificate not equal to degree,Population_Persons,16.0,DDW-1500B-03ST.xlsx,03ST
B0303ST,15,281,District - Mamit,Urban,Graduate and above other than technical degree,Population_Persons,537.0,DDW-1500B-03ST.xlsx,03ST
B0303ST,15,281,District - Mamit,Urban,Technical degree or diploma equal to degree or post-graduate degree,Population_Persons,59.0,DDW-1500B-03ST.xlsx,03ST
B0303ST,15,282,District - Kolasib,Total,Total,Population_Persons,73609.0,DDW-1500B-03ST.xlsx,03ST
B0303ST,15,282,District - Kolasib,Total,Illiterate,Population_Persons,14324.0,DDW-1500B-03ST.xlsx,03ST
B0303ST,15,282,District - Kolasib,Total,Literate,Population_Persons,59285.0,DDW-1500B-03ST.xlsx,03ST
B0303ST,15,282,District - Kolasib,Total,Literate but below matric/secondary,Population_Persons,47382.0,DDW-1500B-03ST.xlsx,03ST
B0303ST,15,282,District - Kolasib,Total,Matric/secondary but below graduate,Population_Persons,8584.0,DDW-1500B-03ST.xlsx,03ST
B0303ST,15,282,District - Kolasib,Total,Technical diploma or certificate not equal to degree,Population_Persons,56.0,DDW-1500B-03ST.xlsx,03ST
B0303ST,15,282,District - Kolasib,Total,Graduate and above other than technical degree,Population_Persons,1867.0,DDW-1500B-03ST.xlsx,03ST
B0303ST,15,282,District - Kolasib,Total,Technical degree or diploma equal to degree or post-graduate degree,Population_Persons,249.0,DDW-1500B-03ST.xlsx,03ST
B0303ST,15,282,District - Kolasib,Rural,Total,Population_Persons,32582.0,DDW-1500B-03ST.xlsx,03ST
B0303ST,15,282,District - Kolasib,Rural,Illiterate,Population_Persons,7374.0,DDW-1500B-03ST.xlsx,03ST
B0303ST,15,282,District - Kolasib,Rural,Literate,Population_Persons,25208.0,DDW-1500B-03ST.xlsx,03ST
B0303ST,15,282,District - Kolasib,Rural,Literate but below matric/secondary,Population_Persons,21617.0,DDW-1500B-03ST.xlsx,03ST
B0303ST,15,282,District - Kolasib,Rural,Matric/secondary but below graduate,Population_Persons,2448.0,DDW-1500B-03ST.xlsx,03ST
B0303ST,15,282,District - Kolasib,Rural,Technical diploma or certificate not equal to degree,Population_Persons,17.0,DDW-1500B-03ST.xlsx,03ST
B0303ST,15,282,District - Kolasib,Rural,Graduate and above other than technical degree,Population_Persons,420.0,DDW-1500B-03ST.xlsx,03ST
B0303ST,15,282,District - Kolasib,Rural,Technical degree or diploma equal to degree or post-graduate degree,Population_Persons,50.0,DDW-1500B-03ST.xlsx,03ST
B0303ST,15,282,District - Kolasib,Urban,Total,Population_Persons,41027.0,DDW-1500B-03ST.xlsx,03ST
B0303ST,15,282,District - Kolasib,Urban,Illiterate,Population_Persons,6950.0,DDW-1500B-03ST.xlsx,03ST
B0303ST,15,282,District - Kolasib,Urban,Literate,Population_Persons,34077.0,DDW-1500B-03ST.xlsx,03ST
B0303ST,15,282,District - Kolasib,Urban,Literate but below matric/secondary,Population_Persons,25765.0,DDW-1500B-03ST.xlsx,03ST
B0303ST,15,282,District - Kolasib,Urban,Matric/secondary but below graduate,Population_Persons,6136.0,DDW-1500B-03ST.xlsx,03ST
B0303ST,15,282,District - Kolasib,Urban,Technical diploma or certificate not equal to degree,Population_Persons,39.0,DDW-1500B-03ST.xlsx,03ST
B0303ST,15,282,District - Kolasib,Urban,Graduate and above other than technical degree,Population_Persons,1447.0,DDW-1500B-03ST.xlsx,03ST
B0303ST,15,282,District - Kolasib,Urban,Technical degree or diploma equal to degree or post-graduate degree,Population_Persons,199.0,DDW-1500B-03ST.xlsx,03ST
B0303ST,15,283,District - Aizawl,Total,Total,Population_Persons,373542.0,DDW-1500B-03ST.xlsx,03ST
B0303ST,15,283,District - Aizawl,Total,Illiterate,Population_Persons,55655.0,DDW-1500B-03ST.xlsx,03ST
B0303ST,15,283,District - Aizawl,Total,Literate,Population_Persons,317887.0,DDW-1500B-03ST.xlsx,03ST
B0303ST,15,283,District - Aizawl,Total,Literate but below matric/secondary,Population_Persons,213097.0,DDW-1500B-03ST.xlsx,03ST
B0303ST,15,283,District - Aizawl,Total,Matric/secondary but below graduate,Population_Persons,72754.0,DDW-1500B-03ST.xlsx,03ST
B0303ST,15,283,District - Aizawl,Total,Technical diploma or certificate not equal to degree,Population_Persons,868.0,DDW-1500B-03ST.xlsx,03ST
B0303ST,15,283,District - Aizawl,Total,Graduate and above other than technical degree,Population_Persons,23214.0,DDW-1500B-03ST.xlsx,03ST
B0303ST,15,283,District - Aizawl,Total,Technical degree or diploma equal to degree or post-graduate degree,Population_Persons,3765.0,DDW-1500B-03ST.xlsx,03ST
B0303ST,15,283,District - Aizawl,Rural,Total,Population_Persons,83343.0,DDW-1500B-03ST.xlsx,03ST
B0303ST,15,283,District - Aizawl,Rural,Illiterate,Population_Persons,15369.0,DDW-1500B-03ST.xlsx,03ST
B0303ST,15,283,District - Aizawl,Rural,Literate,Population_Persons,67974.0,DDW-1500B-03ST.xlsx,03ST
B0303ST,15,283,District - Aizawl,Rural,Literate but below matric/secondary,Population_Persons,57532.0,DDW-1500B-03ST.xlsx,03ST
B0303ST,15,283,District - Aizawl,Rural,Matric/secondary but below graduate,Population_Persons,7378.0,DDW-1500B-03ST.xlsx,03ST
B0303ST,15,283,District - Aizawl,Rural,Technical diploma or certificate not equal to degree,Population_Persons,42.0,DDW-1500B-03ST.xlsx,03ST
B0303ST,15,283,District - Aizawl,Rural,Graduate and above other than technical degree,Population_Persons,1600.0,DDW-1500B-03ST.xlsx,03ST
B0303ST,15,283,District - Aizawl,Rural,Technical degree or diploma equal to degree or post-graduate degree,Population_Persons,190.0,DDW-1500B-03ST.xlsx,03ST
B0303ST,15,283,District - Aizawl,Urban,Total,Population_Persons,290199.0,DDW-1500B-03ST.xlsx,03ST
B0303ST,15,283,District - Aizawl,Urban,Illiterate,Population_Persons,40286.0,DDW-1500B-03ST.xlsx,03ST
B0303ST,15,283,District - Aizawl,Urban,Literate,Population_Persons,249913.0,DDW-1500B-03ST.xlsx,03ST
B0303ST,15,283,District - Aizawl,Urban,Literate but below matric/secondary,Population_Persons,155565.0,DDW-1500B-03ST.xlsx,03ST
B0303ST,15,283,District - Aizawl,Urban,Matric/secondary but below graduate,Population_Persons,65376.0,DDW-1500B-03ST.xlsx,03ST
B0303ST,15,283,District - Aizawl,Urban,Technical diploma or certificate not equal to degree,Population_Persons,826.0,DDW-1500B-03ST.xlsx,03ST
B0303ST,15,283,District - Aizawl,Urban,Graduate and above other than technical degree,Population_Persons,21614.0,DDW-1500B-03ST.xlsx,03ST
B0303ST,15,283,District - Aizawl,Urban,Technical degree or diploma equal to degree or post-graduate degree,Population_Persons,3575.0,DDW-1500B-03ST.xlsx,03ST
B0303ST,15,284,District - Champhai,Total,Total,Population_Persons,123466.0,DDW-1500B-03ST.xlsx,03ST
B0303ST,15,284,District - Champhai,Total,Illiterate,Population_Persons,24482.0,DDW-1500B-03ST.xlsx,03ST
B0303ST,15,284,District - Champhai,Total,Literate,Population_Persons,98984.0,DDW-1500B-03ST.xlsx,03ST
B0303ST,15,284,District - Champhai,Total,Literate but below matric/secondary,Population_Persons,81412.0,DDW-1500B-03ST.xlsx,03ST
B0303ST,15,284,District - Champhai,Total,Matric/secondary but below graduate,Population_Persons,12030.0,DDW-1500B-03ST.xlsx,03ST
B0303ST,15,284,District - Champhai,Total,Technical diploma or certificate not equal to degree,Population_Persons,87.0,DDW-1500B-03ST.xlsx,03ST
B0303ST,15,284,District - Champhai,Total,Graduate and above other than technical degree,Population_Persons,3205.0,DDW-1500B-03ST.xlsx,03ST
B0303ST,15,284,District - Champhai,Total,Technical degree or diploma equal to degree or post-graduate degree,Population_Persons,358.0,DDW-1500B-03ST.xlsx,03ST
B0303ST,15,284,District - Champhai,Rural,Total,Population_Persons,75747.0,DDW-1500B-03ST.xlsx,03ST
B0303ST,15,284,District - Champhai,Rural,Illiterate,Population_Persons,15863.0,DDW-1500B-03ST.xlsx,03ST
B0303ST,15,284,District - Champhai,Rural,Literate,Population_Persons,59884.0,DDW-1500B-03ST.xlsx,03ST
B0303ST,15,284,District - Champhai,Rural,Literate but below matric/secondary,Population_Persons,51785.0,DDW-1500B-03ST.xlsx,03ST
B0303ST,15,284,District - Champhai,Rural,Matric/secondary but below graduate,Population_Persons,5272.0,DDW-1500B-03ST.xlsx,03ST
B0303ST,15,284,District - Champhai,Rural,Technical diploma or certificate not equal to degree,Population_Persons,27.0,DDW-1500B-03ST.xlsx,03ST
B0303ST,15,284,District - Champhai,Rural,Graduate and above other than technical degree,Population_Persons,1363.0,DDW-1500B-03ST.xlsx,03ST
B0303ST,15,284,District - Champhai,Rural,Technical degree or diploma equal to degree or post-graduate degree,Population_Persons,140.0,DDW-1500B-03ST.xlsx,03ST
B0303ST,15,284,District - Champhai,Urban,Total,Population_Persons,47719.0,DDW-1500B-03ST.xlsx,03ST
B0303ST,15,284,District - Champhai,Urban,Illiterate,Population_Persons,8619.0,DDW-1500B-03ST.xlsx,03ST
B0303ST,15,284,District - Champhai,Urban,Literate,Population_Persons,39100.0,DDW-1500B-03ST.xlsx,03ST
B0303ST,15,284,District - Champhai,Urban,Literate but below matric/secondary,Population_Persons,29627.0,DDW-1500B-03ST.xlsx,03ST
B0303ST,15,284,District - Champhai,Urban,Matric/secondary but below graduate,Population_Persons,6758.0,DDW-1500B-03ST.xlsx,03ST
B0303ST,15,284,District - Champhai,Urban,Technical diploma or certificate not equal to degree,Population_Persons,60.0,DDW-1500B-03ST.xlsx,03ST
B0303ST,15,284,District - Champhai,Urban,Graduate and above other than technical degree,Population_Persons,1842.0,DDW-1500B-03ST.xlsx,03ST
B0303ST,15,284,District - Champhai,Urban,Technical degree or diploma equal to degree or post-graduate degree,Population_Persons,218.0,DDW-1500B-03ST.xlsx,03ST
B0303ST,15,285,District - Serchhip,Total,Total,Population_Persons,62889.0,DDW-1500B-03ST.xlsx,03ST
B0303ST,15,285,District - Serchhip,Total,Illiterate,Population_Persons,10222.0,DDW-1500B-03ST.xlsx,03ST
B0303ST,15,285,District - Serchhip,Total,Literate,Population_Persons,52667.0,DDW-1500B-03ST.xlsx,03ST
B0303ST,15,285,District - Serchhip,Total,Literate but below matric/secondary,Population_Persons,41540.0,DDW-1500B-03ST.xlsx,03ST
B0303ST,15,285,District - Serchhip,Total,Matric/secondary but below graduate,Population_Persons,8074.0,DDW-1500B-03ST.xlsx,03ST
B0303ST,15,285,District - Serchhip,Total,Technical diploma or certificate not equal to degree,Population_Persons,64.0,DDW-1500B-03ST.xlsx,03ST
B0303ST,15,285,District - Serchhip,Total,Graduate and above other than technical degree,Population_Persons,1936.0,DDW-1500B-03ST.xlsx,03ST
B0303ST,15,285,District - Serchhip,Total,Technical degree or diploma equal to degree or post-graduate degree,Population_Persons,269.0,DDW-1500B-03ST.xlsx,03ST
B0303ST,15,285,District - Serchhip,Rural,Total,Population_Persons,32474.0,DDW-1500B-03ST.xlsx,03ST
B0303ST,15,285,District - Serchhip,Rural,Illiterate,Population_Persons,5740.0,DDW-1500B-03ST.xlsx,03ST
B0303ST,15,285,District - Serchhip,Rural,Literate,Population_Persons,26734.0,DDW-1500B-03ST.xlsx,03ST
B0303ST,15,285,District - Serchhip,Rural,Literate but below matric/secondary,Population_Persons,22472.0,DDW-1500B-03ST.xlsx,03ST
B0303ST,15,285,District - Serchhip,Rural,Matric/secondary but below graduate,Population_Persons,3132.0,DDW-1500B-03ST.xlsx,03ST
B0303ST,15,285,District - Serchhip,Rural,Technical diploma or certificate not equal to degree,Population_Persons,28.0,DDW-1500B-03ST.xlsx,03ST
B0303ST,15,285,District - Serchhip,Rural,Graduate and above other than technical degree,Population_Persons,726.0,DDW-1500B-03ST.xlsx,03ST
B0303ST,15,285,District - Serchhip,Rural,Technical degree or diploma equal to degree or post-graduate degree,Population_Persons,72.0,DDW-1500B-03ST.xlsx,03ST
B0303ST,15,285,District - Serchhip,Urban,Total,Population_Persons,30415.0,DDW-1500B-03ST.xlsx,03ST
B0303ST,15,285,District - Serchhip,Urban,Illiterate,Population_Persons,4482.0,DDW-1500B-03ST.xlsx,03ST
B0303ST,15,285,District - Serchhip,Urban,Literate,Population_Persons,25933.0,DDW-1500B-03ST.xlsx,03ST
B0303ST,15,285,District - Serchhip,Urban,Literate but below matric/secondary,Population_Persons,19068.0,DDW-1500B-03ST.xlsx,03ST
B0303ST,15,285,District - Serchhip,Urban,Matric/secondary but below graduate,Population_Persons,4942.0,DDW-1500B-03ST.xlsx,03ST
B0303ST,15,285,District - Serchhip,Urban,Technical diploma or certificate not equal to degree,Population_Persons,36.0,DDW-1500B-03ST.xlsx,03ST
B0303ST,15,285,District - Serchhip,Urban,Graduate and above other than technical degree,Population_Persons,1210.0,DDW-1500B-03ST.xlsx,03ST
B0303ST,15,285,District - Serchhip,Urban,Technical degree or diploma equal to degree or post-graduate degree,Population_Persons,197.0,DDW-1500B-03ST.xlsx,03ST
B0303ST,15,286,District - Lunglei,Total,Total,Population_Persons,153533.0,DDW-1500B-03ST.xlsx,03ST
B0303ST,15,286,District - Lunglei,Total,Illiterate,Population_Persons,39150.0,DDW-1500B-03ST.xlsx,03ST
B0303ST,15,286,District - Lunglei,Total,Literate,Population_Persons,114383.0,DDW-1500B-03ST.xlsx,03ST
B0303ST,15,286,District - Lunglei,Total,Literate but below matric/secondary,Population_Persons,88915.0,DDW-1500B-03ST.xlsx,03ST
B0303ST,15,286,District - Lunglei,Total,Matric/secondary but below graduate,Population_Persons,17999.0,DDW-1500B-03ST.xlsx,03ST
B0303ST,15,286,District - Lunglei,Total,Technical diploma or certificate not equal to degree,Population_Persons,344.0,DDW-1500B-03ST.xlsx,03ST
B0303ST,15,286,District - Lunglei,Total,Graduate and above other than technical degree,Population_Persons,4346.0,DDW-1500B-03ST.xlsx,03ST
B0303ST,15,286,District - Lunglei,Total,Technical degree or diploma equal to degree or post-graduate degree,Population_Persons,579.0,DDW-1500B-03ST.xlsx,03ST
B0303ST,15,286,District - Lunglei,Rural,Total,Population_Persons,91310.0,DDW-1500B-03ST.xlsx,03ST
B0303ST,15,286,District - Lunglei,Rural,Illiterate,Population_Persons,30174.0,DDW-1500B-03ST.xlsx,03ST
B0303ST,15,286,District - Lunglei,Rural,Literate,Population_Persons,61136.0,DDW-1500B-03ST.xlsx,03ST
B0303ST,15,286,District - Lunglei,Rural,Literate but below matric/secondary,Population_Persons,53113.0,DDW-1500B-03ST.xlsx,03ST
B0303ST,15,286,District - Lunglei,Rural,Matric/secondary but below graduate,Population_Persons,5334.0,DDW-1500B-03ST.xlsx,03ST
B0303ST,15,286,District - Lunglei,Rural,Technical diploma or certificate not equal to degree,Population_Persons,56.0,DDW-1500B-03ST.xlsx,03ST
B0303ST,15,286,District - Lunglei,Rural,Graduate and above other than technical degree,Population_Persons,1085.0,DDW-1500B-03ST.xlsx,03ST
B0303ST,15,286,District - Lunglei,Rural,Technical degree or diploma equal to degree or post-graduate degree,Population_Persons,111.0,DDW-1500B-03ST.xlsx,03ST
B0303ST,15,286,District - Lunglei,Urban,Total,Population_Persons,62223.0,DDW-1500B-03ST.xlsx,03ST
B0303ST,15,286,District - Lunglei,Urban,Illiterate,Population_Persons,8976.0,DDW-1500B-03ST.xlsx,03ST
B0303ST,15,286,District - Lunglei,Urban,Literate,Population_Persons,53247.0,DDW-1500B-03ST.xlsx,03ST
B0303ST,15,286,District - Lunglei,Urban,Literate but below matric/secondary,Population_Persons,35802.0,DDW-1500B-03ST.xlsx,03ST
B0303ST,15,286,District - Lunglei,Urban,Matric/secondary but below graduate,Population_Persons,12665.0,DDW-1500B-03ST.xlsx,03ST
B0303ST,15,286,District - Lunglei,Urban,Technical diploma or certificate not equal to degree,Population_Persons,288.0,DDW-1500B-03ST.xlsx,03ST
B0303ST,15,286,District - Lunglei,Urban,Graduate and above other than technical degree,Population_Persons,3261.0,DDW-1500B-03ST.xlsx,03ST
B0303ST,15,286,District - Lunglei,Urban,Technical degree or diploma equal to degree or post-graduate degree,Population_Persons,468.0,DDW-1500B-03ST.xlsx,03ST
B0303ST,15,287,District - Lawngtlai,Total,Total,Population_Persons,112354.0,DDW-1500B-03ST.xlsx,03ST
B0303ST,15,287,District - Lawngtlai,Total,Illiterate,Population_Persons,52825.0,DDW-1500B-03ST.xlsx,03ST
B0303ST,15,287,District - Lawngtlai,Total,Literate,Population_Persons,59529.0,DDW-1500B-03ST.xlsx,03ST
B0303ST,15,287,District - Lawngtlai,Total,Literate but below matric/secondary,Population_Persons,45717.0,DDW-1500B-03ST.xlsx,03ST
B0303ST,15,287,District - Lawngtlai,Total,Matric/secondary but below graduate,Population_Persons,9824.0,DDW-1500B-03ST.xlsx,03ST
B0303ST,15,287,District - Lawngtlai,Total,Technical diploma or certificate not equal to degree,Population_Persons,73.0,DDW-1500B-03ST.xlsx,03ST
B0303ST,15,287,District - Lawngtlai,Total,Graduate and above other than technical degree,Population_Persons,2164.0,DDW-1500B-03ST.xlsx,03ST
B0303ST,15,287,District - Lawngtlai,Total,Technical degree or diploma equal to degree or post-graduate degree,Population_Persons,268.0,DDW-1500B-03ST.xlsx,03ST
B0303ST,15,287,District - Lawngtlai,Rural,Total,Population_Persons,92877.0,DDW-1500B-03ST.xlsx,03ST
B0303ST,15,287,District - Lawngtlai,Rural,Illiterate,Population_Persons,49152.0,DDW-1500B-03ST.xlsx,03ST
B0303ST,15,287,District - Lawngtlai,Rural,Literate,Population_Persons,43725.0,DDW-1500B-03ST.xlsx,03ST
B0303ST,15,287,District - Lawngtlai,Rural,Literate but below matric/secondary,Population_Persons,35663.0,DDW-1500B-03ST.xlsx,03ST
B0303ST,15,287,District - Lawngtlai,Rural,Matric/secondary but below graduate,Population_Persons,5608.0,DDW-1500B-03ST.xlsx,03ST
B0303ST,15,287,District - Lawngtlai,Rural,Technical diploma or certificate not equal to degree,Population_Persons,32.0,DDW-1500B-03ST.xlsx,03ST
B0303ST,15,287,District - Lawngtlai,Rural,Graduate and above other than technical degree,Population_Persons,1005.0,DDW-1500B-03ST.xlsx,03ST
B0303ST,15,287,District - Lawngtlai,Rural,Technical degree or diploma equal to degree or post-graduate degree,Population_Persons,139.0,DDW-1500B-03ST.xlsx,03ST
B0303ST,15,287,District - Lawngtlai,Urban,Total,Population_Persons,19477.0,DDW-1500B-03ST.xlsx,03ST
B0303ST,15,287,District - Lawngtlai,Urban,Illiterate,Population_Persons,3673.0,DDW-1500B-03ST.xlsx,03ST
B0303ST,15,287,District - Lawngtlai,Urban,Literate,Population_Persons,15804.0,DDW-1500B-03ST.xlsx,03ST
B0303ST,15,287,District - Lawngtlai,Urban,Literate but below matric/secondary,Population_Persons,10054.0,DDW-1500B-03ST.xlsx,03ST
B0303ST,15,287,District - Lawngtlai,Urban,Matric/secondary but below graduate,Population_Persons,4216.0,DDW-1500B-03ST.xlsx,03ST
B0303ST,15,287,District - Lawngtlai,Urban,Technical diploma or certificate not equal to degree,Population_Persons,41.0,DDW-1500B-03ST.xlsx,03ST
B0303ST,15,287,District - Lawngtlai,Urban,Graduate and above other than technical degree,Population_Persons,1159.0,DDW-1500B-03ST.xlsx,03ST
B0303ST,15,287,District - Lawngtlai,Urban,Technical degree or diploma equal to degree or post-graduate degree,Population_Persons,129.0,DDW-1500B-03ST.xlsx,03ST
B0303ST,15,288,District - Saiha,Total,Total,Population_Persons,54642.0,DDW-1500B-03ST.xlsx,03ST
B0303ST,15,288,District - Saiha,Total,Illiterate,Population_Persons,13909.0,DDW-1500B-03ST.xlsx,03ST
B0303ST,15,288,District - Saiha,Total,Literate,Population_Persons,40733.0,DDW-1500B-03ST.xlsx,03ST
B0303ST,15,288,District - Saiha,Total,Literate but below matric/secondary,Population_Persons,29803.0,DDW-1500B-03ST.xlsx,03ST
B0303ST,15,288,District - Saiha,Total,Matric/secondary but below graduate,Population_Persons,8372.0,DDW-1500B-03ST.xlsx,03ST
B0303ST,15,288,District - Saiha,Total,Technical diploma or certificate not equal to degree,Population_Persons,105.0,DDW-1500B-03ST.xlsx,03ST
B0303ST,15,288,District - Saiha,Total,Graduate and above other than technical degree,Population_Persons,1631.0,DDW-1500B-03ST.xlsx,03ST
B0303ST,15,288,District - Saiha,Total,Technical degree or diploma equal to degree or post-graduate degree,Population_Persons,199.0,DDW-1500B-03ST.xlsx,03ST
B0303ST,15,288,District - Saiha,Rural,Total,Population_Persons,31038.0,DDW-1500B-03ST.xlsx,03ST
B0303ST,15,288,District - Saiha,Rural,Illiterate,Population_Persons,9381.0,DDW-1500B-03ST.xlsx,03ST
B0303ST,15,288,District - Saiha,Rural,Literate,Population_Persons,21657.0,DDW-1500B-03ST.xlsx,03ST
B0303ST,15,288,District - Saiha,Rural,Literate but below matric/secondary,Population_Persons,17819.0,DDW-1500B-03ST.xlsx,03ST
B0303ST,15,288,District - Saiha,Rural,Matric/secondary but below graduate,Population_Persons,2900.0,DDW-1500B-03ST.xlsx,03ST
B0303ST,15,288,District - Saiha,Rural,Technical diploma or certificate not equal to degree,Population_Persons,16.0,DDW-1500B-03ST.xlsx,03ST
B0303ST,15,288,District - Saiha,Rural,Graduate and above other than technical degree,Population_Persons,456.0,DDW-1500B-03ST.xlsx,03ST
B0303ST,15,288,District - Saiha,Rural,Technical degree or diploma equal to degree or post-graduate degree,Population_Persons,44.0,DDW-1500B-03ST.xlsx,03ST
B0303ST,15,288,District - Saiha,Urban,Total,Population_Persons,23604.0,DDW-1500B-03ST.xlsx,03ST
B0303ST,15,288,District - Saiha,Urban,Illiterate,Population_Persons,4528.0,DDW-1500B-03ST.xlsx,03ST
B0303ST,15,288,District - Saiha,Urban,Literate,Population_Persons,19076.0,DDW-1500B-03ST.xlsx,03ST
B0303ST,15,288,District - Saiha,Urban,Literate but below matric/secondary,Population_Persons,11984.0,DDW-1500B-03ST.xlsx,03ST
B0303ST,15,288,District - Saiha,Urban,Matric/secondary but below graduate,Population_Persons,5472.0,DDW-1500B-03ST.xlsx,03ST
B0303ST,15,288,District - Saiha,Urban,Technical diploma or certificate not equal to degree,Population_Persons,89.0,DDW-1500B-03ST.xlsx,03ST
B0303ST,15,288,District - Saiha,Urban,Graduate and above other than technical degree,Population_Persons,1175.0,DDW-1500B-03ST.xlsx,03ST
B0303ST,15,288,District - Saiha,Urban,Technical degree or diploma equal to degree or post-graduate degree,Population_Persons,155.0,DDW-1500B-03ST.xlsx,03ST
B0303ST,15,000,State - MIZORAM,Total,Total,Population_Males,516294.0,DDW-1500B-03ST.xlsx,03ST
B0303ST,15,000,State - MIZORAM,Total,Illiterate,Population_Males,109342.0,DDW-1500B-03ST.xlsx,03ST
B0303ST,15,000,State - MIZORAM,Total,Literate,Population_Males,406952.0,DDW-1500B-03ST.xlsx,03ST
B0303ST,15,000,State - MIZORAM,Total,Literate but below matric/secondary,Population_Males,300450.0,DDW-1500B-03ST.xlsx,03ST
B0303ST,15,000,State - MIZORAM,Total,Matric/secondary but below graduate,Population_Males,72616.0,DDW-1500B-03ST.xlsx,03ST
B0303ST,15,000,State - MIZORAM,Total,Technical diploma or certificate not equal to degree,Population_Males,913.0,DDW-1500B-03ST.xlsx,03ST
B0303ST,15,000,State - MIZORAM,Total,Graduate and above other than technical degree,Population_Males,22924.0,DDW-1500B-03ST.xlsx,03ST
B0303ST,15,000,State - MIZORAM,Total,Technical degree or diploma equal to degree or post-graduate degree,Population_Males,3925.0,DDW-1500B-03ST.xlsx,03ST
B0303ST,15,000,State - MIZORAM,Rural,Total,Population_Males,257987.0,DDW-1500B-03ST.xlsx,03ST
B0303ST,15,000,State - MIZORAM,Rural,Illiterate,Population_Males,70072.0,DDW-1500B-03ST.xlsx,03ST
B0303ST,15,000,State - MIZORAM,Rural,Literate,Population_Males,187915.0,DDW-1500B-03ST.xlsx,03ST
B0303ST,15,000,State - MIZORAM,Rural,Literate but below matric/secondary,Population_Males,157643.0,DDW-1500B-03ST.xlsx,03ST
B0303ST,15,000,State - MIZORAM,Rural,Matric/secondary but below graduate,Population_Males,20687.0,DDW-1500B-03ST.xlsx,03ST
B0303ST,15,000,State - MIZORAM,Rural,Technical diploma or certificate not equal to degree,Population_Males,152.0,DDW-1500B-03ST.xlsx,03ST
B0303ST,15,000,State - MIZORAM,Rural,Graduate and above other than technical degree,Population_Males,5081.0,DDW-1500B-03ST.xlsx,03ST
B0303ST,15,000,State - MIZORAM,Rural,Technical degree or diploma equal to degree or post-graduate degree,Population_Males,714.0,DDW-1500B-03ST.xlsx,03ST
B0303ST,15,000,State - MIZORAM,Urban,Total,Population_Males,258307.0,DDW-1500B-03ST.xlsx,03ST
B0303ST,15,000,State - MIZORAM,Urban,Illiterate,Population_Males,39270.0,DDW-1500B-03ST.xlsx,03ST
B0303ST,15,000,State - MIZORAM,Urban,Literate,Population_Males,219037.0,DDW-1500B-03ST.xlsx,03ST
B0303ST,15,000,State - MIZORAM,Urban,Literate but below matric/secondary,Population_Males,142807.0,DDW-1500B-03ST.xlsx,03ST
B0303ST,15,000,State - MIZORAM,Urban,Matric/secondary but below graduate,Population_Males,51929.0,DDW-1500B-03ST.xlsx,03ST
B0303ST,15,000,State - MIZORAM,Urban,Technical diploma or certificate not equal to degree,Population_Males,761.0,DDW-1500B-03ST.xlsx,03ST
B0303ST,15,000,State - MIZORAM,Urban,Graduate and above other than technical degree,Population_Males,17843.0,DDW-1500B-03ST.xlsx,03ST
B0303ST,15,000,State - MIZORAM,Urban,Technical degree or diploma equal to degree or post-graduate degree,Population_Males,3211.0,DDW-1500B-03ST.xlsx,03ST
B0303ST,15,281,District - Mamit,Total,Total,Population_Males,42075.0,DDW-1500B-03ST.xlsx,03ST
B0303ST,15,281,District - Mamit,Total,Illiterate,Population_Males,10887.0,DDW-1500B-03ST.xlsx,03ST
B0303ST,15,281,District - Mamit,Total,Literate,Population_Males,31188.0,DDW-1500B-03ST.xlsx,03ST
B0303ST,15,281,District - Mamit,Total,Literate but below matric/secondary,Population_Males,25850.0,DDW-1500B-03ST.xlsx,03ST
B0303ST,15,281,District - Mamit,Total,Matric/secondary but below graduate,Population_Males,3677.0,DDW-1500B-03ST.xlsx,03ST
B0303ST,15,281,District - Mamit,Total,Technical diploma or certificate not equal to degree,Population_Males,24.0,DDW-1500B-03ST.xlsx,03ST
B0303ST,15,281,District - Mamit,Total,Graduate and above other than technical degree,Population_Males,944.0,DDW-1500B-03ST.xlsx,03ST
B0303ST,15,281,District - Mamit,Total,Technical degree or diploma equal to degree or post-graduate degree,Population_Males,139.0,DDW-1500B-03ST.xlsx,03ST
B0303ST,15,281,District - Mamit,Rural,Total,Population_Males,34999.0,DDW-1500B-03ST.xlsx,03ST
B0303ST,15,281,District - Mamit,Rural,Illiterate,Population_Males,9669.0,DDW-1500B-03ST.xlsx,03ST
B0303ST,15,281,District - Mamit,Rural,Literate,Population_Males,25330.0,DDW-1500B-03ST.xlsx,03ST
B0303ST,15,281,District - Mamit,Rural,Literate but below matric/secondary,Population_Males,21472.0,DDW-1500B-03ST.xlsx,03ST
B0303ST,15,281,District - Mamit,Rural,Matric/secondary but below graduate,Population_Males,2673.0,DDW-1500B-03ST.xlsx,03ST
B0303ST,15,281,District - Mamit,Rural,Technical diploma or certificate not equal to degree,Population_Males,12.0,DDW-1500B-03ST.xlsx,03ST
B0303ST,15,281,District - Mamit,Rural,Graduate and above other than technical degree,Population_Males,614.0,DDW-1500B-03ST.xlsx,03ST
B0303ST,15,281,District - Mamit,Rural,Technical degree or diploma equal to degree or post-graduate degree,Population_Males,97.0,DDW-1500B-03ST.xlsx,03ST
B0303ST,15,281,District - Mamit,Urban,Total,Population_Males,7076.0,DDW-1500B-03ST.xlsx,03ST
B0303ST,15,281,District - Mamit,Urban,Illiterate,Population_Males,1218.0,DDW-1500B-03ST.xlsx,03ST
B0303ST,15,281,District - Mamit,Urban,Literate,Population_Males,5858.0,DDW-1500B-03ST.xlsx,03ST
B0303ST,15,281,District - Mamit,Urban,Literate but below matric/secondary,Population_Males,4378.0,DDW-1500B-03ST.xlsx,03ST
B0303ST,15,281,District - Mamit,Urban,Matric/secondary but below graduate,Population_Males,1004.0,DDW-1500B-03ST.xlsx,03ST
B0303ST,15,281,District - Mamit,Urban,Technical diploma or certificate not equal to degree,Population_Males,12.0,DDW-1500B-03ST.xlsx,03ST
B0303ST,15,281,District - Mamit,Urban,Graduate and above other than technical degree,Population_Males,330.0,DDW-1500B-03ST.xlsx,03ST
B0303ST,15,281,District - Mamit,Urban,Technical degree or diploma equal to degree or post-graduate degree,Population_Males,42.0,DDW-1500B-03ST.xlsx,03ST
B0303ST,15,282,District - Kolasib,Total,Total,Population_Males,36917.0,DDW-1500B-03ST.xlsx,03ST
B0303ST,15,282,District - Kolasib,Total,Illiterate,Population_Males,6901.0,DDW-1500B-03ST.xlsx,03ST
B0303ST,15,282,District - Kolasib,Total,Literate,Population_Males,30016.0,DDW-1500B-03ST.xlsx,03ST
B0303ST,15,282,District - Kolasib,Total,Literate but below matric/secondary,Population_Males,23771.0,DDW-1500B-03ST.xlsx,03ST
B0303ST,15,282,District - Kolasib,Total,Matric/secondary but below graduate,Population_Males,4377.0,DDW-1500B-03ST.xlsx,03ST
B0303ST,15,282,District - Kolasib,Total,Technical diploma or certificate not equal to degree,Population_Males,29.0,DDW-1500B-03ST.xlsx,03ST
B0303ST,15,282,District - Kolasib,Total,Graduate and above other than technical degree,Population_Males,1109.0,DDW-1500B-03ST.xlsx,03ST
B0303ST,15,282,District - Kolasib,Total,Technical degree or diploma equal to degree or post-graduate degree,Population_Males,172.0,DDW-1500B-03ST.xlsx,03ST
B0303ST,15,282,District - Kolasib,Rural,Total,Population_Males,16585.0,DDW-1500B-03ST.xlsx,03ST
B0303ST,15,282,District - Kolasib,Rural,Illiterate,Population_Males,3494.0,DDW-1500B-03ST.xlsx,03ST
B0303ST,15,282,District - Kolasib,Rural,Literate,Population_Males,13091.0,DDW-1500B-03ST.xlsx,03ST
B0303ST,15,282,District - Kolasib,Rural,Literate but below matric/secondary,Population_Males,11111.0,DDW-1500B-03ST.xlsx,03ST
B0303ST,15,282,District - Kolasib,Rural,Matric/secondary but below graduate,Population_Males,1302.0,DDW-1500B-03ST.xlsx,03ST
B0303ST,15,282,District - Kolasib,Rural,Technical diploma or certificate not equal to degree,Population_Males,13.0,DDW-1500B-03ST.xlsx,03ST
B0303ST,15,282,District - Kolasib,Rural,Graduate and above other than technical degree,Population_Males,286.0,DDW-1500B-03ST.xlsx,03ST
B0303ST,15,282,District - Kolasib,Rural,Technical degree or diploma equal to degree or post-graduate degree,Population_Males,42.0,DDW-1500B-03ST.xlsx,03ST
B0303ST,15,282,District - Kolasib,Urban,Total,Population_Males,20332.0,DDW-1500B-03ST.xlsx,03ST
B0303ST,15,282,District - Kolasib,Urban,Illiterate,Population_Males,3407.0,DDW-1500B-03ST.xlsx,03ST
B0303ST,15,282,District - Kolasib,Urban,Literate,Population_Males,16925.0,DDW-1500B-03ST.xlsx,03ST
B0303ST,15,282,District - Kolasib,Urban,Literate but below matric/secondary,Population_Males,12660.0,DDW-1500B-03ST.xlsx,03ST
B0303ST,15,282,District - Kolasib,Urban,Matric/secondary but below graduate,Population_Males,3075.0,DDW-1500B-03ST.xlsx,03ST
B0303ST,15,282,District - Kolasib,Urban,Technical diploma or certificate not equal to degree,Population_Males,16.0,DDW-1500B-03ST.xlsx,03ST
B0303ST,15,282,District - Kolasib,Urban,Graduate and above other than technical degree,Population_Males,823.0,DDW-1500B-03ST.xlsx,03ST
B0303ST,15,282,District - Kolasib,Urban,Technical degree or diploma equal to degree or post-graduate degree,Population_Males,130.0,DDW-1500B-03ST.xlsx,03ST
B0303ST,15,283,District - Aizawl,Total,Total,Population_Males,182517.0,DDW-1500B-03ST.xlsx,03ST
B0303ST,15,283,District - Aizawl,Total,Illiterate,Population_Males,27468.0,DDW-1500B-03ST.xlsx,03ST
B0303ST,15,283,District - Aizawl,Total,Literate,Population_Males,155049.0,DDW-1500B-03ST.xlsx,03ST
B0303ST,15,283,District - Aizawl,Total,Literate but below matric/secondary,Population_Males,102854.0,DDW-1500B-03ST.xlsx,03ST
B0303ST,15,283,District - Aizawl,Total,Matric/secondary but below graduate,Population_Males,34962.0,DDW-1500B-03ST.xlsx,03ST
B0303ST,15,283,District - Aizawl,Total,Technical diploma or certificate not equal to degree,Population_Males,458.0,DDW-1500B-03ST.xlsx,03ST
B0303ST,15,283,District - Aizawl,Total,Graduate and above other than technical degree,Population_Males,12614.0,DDW-1500B-03ST.xlsx,03ST
B0303ST,15,283,District - Aizawl,Total,Technical degree or diploma equal to degree or post-graduate degree,Population_Males,2416.0,DDW-1500B-03ST.xlsx,03ST
B0303ST,15,283,District - Aizawl,Rural,Total,Population_Males,42249.0,DDW-1500B-03ST.xlsx,03ST
B0303ST,15,283,District - Aizawl,Rural,Illiterate,Population_Males,7629.0,DDW-1500B-03ST.xlsx,03ST
B0303ST,15,283,District - Aizawl,Rural,Literate,Population_Males,34620.0,DDW-1500B-03ST.xlsx,03ST
B0303ST,15,283,District - Aizawl,Rural,Literate but below matric/secondary,Population_Males,29021.0,DDW-1500B-03ST.xlsx,03ST
B0303ST,15,283,District - Aizawl,Rural,Matric/secondary but below graduate,Population_Males,3870.0,DDW-1500B-03ST.xlsx,03ST
B0303ST,15,283,District - Aizawl,Rural,Technical diploma or certificate not equal to degree,Population_Males,21.0,DDW-1500B-03ST.xlsx,03ST
B0303ST,15,283,District - Aizawl,Rural,Graduate and above other than technical degree,Population_Males,1006.0,DDW-1500B-03ST.xlsx,03ST
B0303ST,15,283,District - Aizawl,Rural,Technical degree or diploma equal to degree or post-graduate degree,Population_Males,163.0,DDW-1500B-03ST.xlsx,03ST
B0303ST,15,283,District - Aizawl,Urban,Total,Population_Males,140268.0,DDW-1500B-03ST.xlsx,03ST
B0303ST,15,283,District - Aizawl,Urban,Illiterate,Population_Males,19839.0,DDW-1500B-03ST.xlsx,03ST
B0303ST,15,283,District - Aizawl,Urban,Literate,Population_Males,120429.0,DDW-1500B-03ST.xlsx,03ST
B0303ST,15,283,District - Aizawl,Urban,Literate but below matric/secondary,Population_Males,73833.0,DDW-1500B-03ST.xlsx,03ST
B0303ST,15,283,District - Aizawl,Urban,Matric/secondary but below graduate,Population_Males,31092.0,DDW-1500B-03ST.xlsx,03ST
B0303ST,15,283,District - Aizawl,Urban,Technical diploma or certificate not equal to degree,Population_Males,437.0,DDW-1500B-03ST.xlsx,03ST
B0303ST,15,283,District - Aizawl,Urban,Graduate and above other than technical degree,Population_Males,11608.0,DDW-1500B-03ST.xlsx,03ST
B0303ST,15,283,District - Aizawl,Urban,Technical degree or diploma equal to degree or post-graduate degree,Population_Males,2253.0,DDW-1500B-03ST.xlsx,03ST
B0303ST,15,284,District - Champhai,Total,Total,Population_Males,61954.0,DDW-1500B-03ST.xlsx,03ST
B0303ST,15,284,District - Champhai,Total,Illiterate,Population_Males,11715.0,DDW-1500B-03ST.xlsx,03ST
B0303ST,15,284,District - Champhai,Total,Literate,Population_Males,50239.0,DDW-1500B-03ST.xlsx,03ST
B0303ST,15,284,District - Champhai,Total,Literate but below matric/secondary,Population_Males,40940.0,DDW-1500B-03ST.xlsx,03ST
B0303ST,15,284,District - Champhai,Total,Matric/secondary but below graduate,Population_Males,6213.0,DDW-1500B-03ST.xlsx,03ST
B0303ST,15,284,District - Champhai,Total,Technical diploma or certificate not equal to degree,Population_Males,48.0,DDW-1500B-03ST.xlsx,03ST
B0303ST,15,284,District - Champhai,Total,Graduate and above other than technical degree,Population_Males,1949.0,DDW-1500B-03ST.xlsx,03ST
B0303ST,15,284,District - Champhai,Total,Technical degree or diploma equal to degree or post-graduate degree,Population_Males,253.0,DDW-1500B-03ST.xlsx,03ST
B0303ST,15,284,District - Champhai,Rural,Total,Population_Males,38217.0,DDW-1500B-03ST.xlsx,03ST
B0303ST,15,284,District - Champhai,Rural,Illiterate,Population_Males,7561.0,DDW-1500B-03ST.xlsx,03ST
B0303ST,15,284,District - Champhai,Rural,Literate,Population_Males,30656.0,DDW-1500B-03ST.xlsx,03ST
B0303ST,15,284,District - Champhai,Rural,Literate but below matric/secondary,Population_Males,26175.0,DDW-1500B-03ST.xlsx,03ST
B0303ST,15,284,District - Champhai,Rural,Matric/secondary but below graduate,Population_Males,2866.0,DDW-1500B-03ST.xlsx,03ST
B0303ST,15,284,District - Champhai,Rural,Technical diploma or certificate not equal to degree,Population_Males,14.0,DDW-1500B-03ST.xlsx,03ST
B0303ST,15,284,District - Champhai,Rural,Graduate and above other than technical degree,Population_Males,918.0,DDW-1500B-03ST.xlsx,03ST
B0303ST,15,284,District - Champhai,Rural,Technical degree or diploma equal to degree or post-graduate degree,Population_Males,109.0,DDW-1500B-03ST.xlsx,03ST
B0303ST,15,284,District - Champhai,Urban,Total,Population_Males,23737.0,DDW-1500B-03ST.xlsx,03ST
B0303ST,15,284,District - Champhai,Urban,Illiterate,Population_Males,4154.0,DDW-1500B-03ST.xlsx,03ST
B0303ST,15,284,District - Champhai,Urban,Literate,Population_Males,19583.0,DDW-1500B-03ST.xlsx,03ST
B0303ST,15,284,District - Champhai,Urban,Literate but below matric/secondary,Population_Males,14765.0,DDW-1500B-03ST.xlsx,03ST
B0303ST,15,284,District - Champhai,Urban,Matric/secondary but below graduate,Population_Males,3347.0,DDW-1500B-03ST.xlsx,03ST
B0303ST,15,284,District - Champhai,Urban,Technical diploma or certificate not equal to degree,Population_Males,34.0,DDW-1500B-03ST.xlsx,03ST
B0303ST,15,284,District - Champhai,Urban,Graduate and above other than technical degree,Population_Males,1031.0,DDW-1500B-03ST.xlsx,03ST
B0303ST,15,284,District - Champhai,Urban,Technical degree or diploma equal to degree or post-graduate degree,Population_Males,144.0,DDW-1500B-03ST.xlsx,03ST
B0303ST,15,285,District - Serchhip,Total,Total,Population_Males,31381.0,DDW-1500B-03ST.xlsx,03ST
B0303ST,15,285,District - Serchhip,Total,Illiterate,Population_Males,5111.0,DDW-1500B-03ST.xlsx,03ST
B0303ST,15,285,District - Serchhip,Total,Literate,Population_Males,26270.0,DDW-1500B-03ST.xlsx,03ST
B0303ST,15,285,District - Serchhip,Total,Literate but below matric/secondary,Population_Males,20572.0,DDW-1500B-03ST.xlsx,03ST
B0303ST,15,285,District - Serchhip,Total,Matric/secondary but below graduate,Population_Males,3975.0,DDW-1500B-03ST.xlsx,03ST
B0303ST,15,285,District - Serchhip,Total,Technical diploma or certificate not equal to degree,Population_Males,46.0,DDW-1500B-03ST.xlsx,03ST
B0303ST,15,285,District - Serchhip,Total,Graduate and above other than technical degree,Population_Males,1162.0,DDW-1500B-03ST.xlsx,03ST
B0303ST,15,285,District - Serchhip,Total,Technical degree or diploma equal to degree or post-graduate degree,Population_Males,187.0,DDW-1500B-03ST.xlsx,03ST
B0303ST,15,285,District - Serchhip,Rural,Total,Population_Males,16368.0,DDW-1500B-03ST.xlsx,03ST
B0303ST,15,285,District - Serchhip,Rural,Illiterate,Population_Males,2848.0,DDW-1500B-03ST.xlsx,03ST
B0303ST,15,285,District - Serchhip,Rural,Literate,Population_Males,13520.0,DDW-1500B-03ST.xlsx,03ST
B0303ST,15,285,District - Serchhip,Rural,Literate but below matric/secondary,Population_Males,11283.0,DDW-1500B-03ST.xlsx,03ST
B0303ST,15,285,District - Serchhip,Rural,Matric/secondary but below graduate,Population_Males,1578.0,DDW-1500B-03ST.xlsx,03ST
B0303ST,15,285,District - Serchhip,Rural,Technical diploma or certificate not equal to degree,Population_Males,20.0,DDW-1500B-03ST.xlsx,03ST
B0303ST,15,285,District - Serchhip,Rural,Graduate and above other than technical degree,Population_Males,466.0,DDW-1500B-03ST.xlsx,03ST
B0303ST,15,285,District - Serchhip,Rural,Technical degree or diploma equal to degree or post-graduate degree,Population_Males,54.0,DDW-1500B-03ST.xlsx,03ST
B0303ST,15,285,District - Serchhip,Urban,Total,Population_Males,15013.0,DDW-1500B-03ST.xlsx,03ST
B0303ST,15,285,District - Serchhip,Urban,Illiterate,Population_Males,2263.0,DDW-1500B-03ST.xlsx,03ST
B0303ST,15,285,District - Serchhip,Urban,Literate,Population_Males,12750.0,DDW-1500B-03ST.xlsx,03ST
B0303ST,15,285,District - Serchhip,Urban,Literate but below matric/secondary,Population_Males,9289.0,DDW-1500B-03ST.xlsx,03ST
B0303ST,15,285,District - Serchhip,Urban,Matric/secondary but below graduate,Population_Males,2397.0,DDW-1500B-03ST.xlsx,03ST
B0303ST,15,285,District - Serchhip,Urban,Technical diploma or certificate not equal to degree,Population_Males,26.0,DDW-1500B-03ST.xlsx,03ST
B0303ST,15,285,District - Serchhip,Urban,Graduate and above other than technical degree,Population_Males,696.0,DDW-1500B-03ST.xlsx,03ST
B0303ST,15,285,District - Serchhip,Urban,Technical degree or diploma equal to degree or post-graduate degree,Population_Males,133.0,DDW-1500B-03ST.xlsx,03ST
B0303ST,15,286,District - Lunglei,Total,Total,Population_Males,77180.0,DDW-1500B-03ST.xlsx,03ST
B0303ST,15,286,District - Lunglei,Total,Illiterate,Population_Males,17707.0,DDW-1500B-03ST.xlsx,03ST
B0303ST,15,286,District - Lunglei,Total,Literate,Population_Males,59473.0,DDW-1500B-03ST.xlsx,03ST
B0303ST,15,286,District - Lunglei,Total,Literate but below matric/secondary,Population_Males,45709.0,DDW-1500B-03ST.xlsx,03ST
B0303ST,15,286,District - Lunglei,Total,Matric/secondary but below graduate,Population_Males,9468.0,DDW-1500B-03ST.xlsx,03ST
B0303ST,15,286,District - Lunglei,Total,Technical diploma or certificate not equal to degree,Population_Males,190.0,DDW-1500B-03ST.xlsx,03ST
B0303ST,15,286,District - Lunglei,Total,Graduate and above other than technical degree,Population_Males,2637.0,DDW-1500B-03ST.xlsx,03ST
B0303ST,15,286,District - Lunglei,Total,Technical degree or diploma equal to degree or post-graduate degree,Population_Males,405.0,DDW-1500B-03ST.xlsx,03ST
B0303ST,15,286,District - Lunglei,Rural,Total,Population_Males,46663.0,DDW-1500B-03ST.xlsx,03ST
B0303ST,15,286,District - Lunglei,Rural,Illiterate,Population_Males,13279.0,DDW-1500B-03ST.xlsx,03ST
B0303ST,15,286,District - Lunglei,Rural,Literate,Population_Males,33384.0,DDW-1500B-03ST.xlsx,03ST
B0303ST,15,286,District - Lunglei,Rural,Literate but below matric/secondary,Population_Males,28651.0,DDW-1500B-03ST.xlsx,03ST
B0303ST,15,286,District - Lunglei,Rural,Matric/secondary but below graduate,Population_Males,3123.0,DDW-1500B-03ST.xlsx,03ST
B0303ST,15,286,District - Lunglei,Rural,Technical diploma or certificate not equal to degree,Population_Males,35.0,DDW-1500B-03ST.xlsx,03ST
B0303ST,15,286,District - Lunglei,Rural,Graduate and above other than technical degree,Population_Males,745.0,DDW-1500B-03ST.xlsx,03ST
B0303ST,15,286,District - Lunglei,Rural,Technical degree or diploma equal to degree or post-graduate degree,Population_Males,93.0,DDW-1500B-03ST.xlsx,03ST
B0303ST,15,286,District - Lunglei,Urban,Total,Population_Males,30517.0,DDW-1500B-03ST.xlsx,03ST
B0303ST,15,286,District - Lunglei,Urban,Illiterate,Population_Males,4428.0,DDW-1500B-03ST.xlsx,03ST
B0303ST,15,286,District - Lunglei,Urban,Literate,Population_Males,26089.0,DDW-1500B-03ST.xlsx,03ST
B0303ST,15,286,District - Lunglei,Urban,Literate but below matric/secondary,Population_Males,17058.0,DDW-1500B-03ST.xlsx,03ST
B0303ST,15,286,District - Lunglei,Urban,Matric/secondary but below graduate,Population_Males,6345.0,DDW-1500B-03ST.xlsx,03ST
B0303ST,15,286,District - Lunglei,Urban,Technical diploma or certificate not equal to degree,Population_Males,155.0,DDW-1500B-03ST.xlsx,03ST
B0303ST,15,286,District - Lunglei,Urban,Graduate and above other than technical degree,Population_Males,1892.0,DDW-1500B-03ST.xlsx,03ST
B0303ST,15,286,District - Lunglei,Urban,Technical degree or diploma equal to degree or post-graduate degree,Population_Males,312.0,DDW-1500B-03ST.xlsx,03ST
B0303ST,15,287,District - Lawngtlai,Total,Total,Population_Males,57044.0,DDW-1500B-03ST.xlsx,03ST
B0303ST,15,287,District - Lawngtlai,Total,Illiterate,Population_Males,23083.0,DDW-1500B-03ST.xlsx,03ST
B0303ST,15,287,District - Lawngtlai,Total,Literate,Population_Males,33961.0,DDW-1500B-03ST.xlsx,03ST
B0303ST,15,287,District - Lawngtlai,Total,Literate but below matric/secondary,Population_Males,25895.0,DDW-1500B-03ST.xlsx,03ST
B0303ST,15,287,District - Lawngtlai,Total,Matric/secondary but below graduate,Population_Males,5622.0,DDW-1500B-03ST.xlsx,03ST
B0303ST,15,287,District - Lawngtlai,Total,Technical diploma or certificate not equal to degree,Population_Males,44.0,DDW-1500B-03ST.xlsx,03ST
B0303ST,15,287,District - Lawngtlai,Total,Graduate and above other than technical degree,Population_Males,1430.0,DDW-1500B-03ST.xlsx,03ST
B0303ST,15,287,District - Lawngtlai,Total,Technical degree or diploma equal to degree or post-graduate degree,Population_Males,206.0,DDW-1500B-03ST.xlsx,03ST
B0303ST,15,287,District - Lawngtlai,Rural,Total,Population_Males,47356.0,DDW-1500B-03ST.xlsx,03ST
B0303ST,15,287,District - Lawngtlai,Rural,Illiterate,Population_Males,21337.0,DDW-1500B-03ST.xlsx,03ST
B0303ST,15,287,District - Lawngtlai,Rural,Literate,Population_Males,26019.0,DDW-1500B-03ST.xlsx,03ST
B0303ST,15,287,District - Lawngtlai,Rural,Literate but below matric/secondary,Population_Males,20882.0,DDW-1500B-03ST.xlsx,03ST
B0303ST,15,287,District - Lawngtlai,Rural,Matric/secondary but below graduate,Population_Males,3596.0,DDW-1500B-03ST.xlsx,03ST
B0303ST,15,287,District - Lawngtlai,Rural,Technical diploma or certificate not equal to degree,Population_Males,24.0,DDW-1500B-03ST.xlsx,03ST
B0303ST,15,287,District - Lawngtlai,Rural,Graduate and above other than technical degree,Population_Males,718.0,DDW-1500B-03ST.xlsx,03ST
B0303ST,15,287,District - Lawngtlai,Rural,Technical degree or diploma equal to degree or post-graduate degree,Population_Males,122.0,DDW-1500B-03ST.xlsx,03ST
B0303ST,15,287,District - Lawngtlai,Urban,Total,Population_Males,9688.0,DDW-1500B-03ST.xlsx,03ST
B0303ST,15,287,District - Lawngtlai,Urban,Illiterate,Population_Males,1746.0,DDW-1500B-03ST.xlsx,03ST
B0303ST,15,287,District - Lawngtlai,Urban,Literate,Population_Males,7942.0,DDW-1500B-03ST.xlsx,03ST
B0303ST,15,287,District - Lawngtlai,Urban,Literate but below matric/secondary,Population_Males,5013.0,DDW-1500B-03ST.xlsx,03ST
B0303ST,15,287,District - Lawngtlai,Urban,Matric/secondary but below graduate,Population_Males,2026.0,DDW-1500B-03ST.xlsx,03ST
B0303ST,15,287,District - Lawngtlai,Urban,Technical diploma or certificate not equal to degree,Population_Males,20.0,DDW-1500B-03ST.xlsx,03ST
B0303ST,15,287,District - Lawngtlai,Urban,Graduate and above other than technical degree,Population_Males,712.0,DDW-1500B-03ST.xlsx,03ST
B0303ST,15,287,District - Lawngtlai,Urban,Technical degree or diploma equal to degree or post-graduate degree,Population_Males,84.0,DDW-1500B-03ST.xlsx,03ST
B0303ST,15,288,District - Saiha,Total,Total,Population_Males,27226.0,DDW-1500B-03ST.xlsx,03ST
B0303ST,15,288,District - Saiha,Total,Illiterate,Population_Males,6470.0,DDW-1500B-03ST.xlsx,03ST
B0303ST,15,288,District - Saiha,Total,Literate,Population_Males,20756.0,DDW-1500B-03ST.xlsx,03ST
B0303ST,15,288,District - Saiha,Total,Literate but below matric/secondary,Population_Males,14859.0,DDW-1500B-03ST.xlsx,03ST
B0303ST,15,288,District - Saiha,Total,Matric/secondary but below graduate,Population_Males,4322.0,DDW-1500B-03ST.xlsx,03ST
B0303ST,15,288,District - Saiha,Total,Technical diploma or certificate not equal to degree,Population_Males,74.0,DDW-1500B-03ST.xlsx,03ST
B0303ST,15,288,District - Saiha,Total,Graduate and above other than technical degree,Population_Males,1079.0,DDW-1500B-03ST.xlsx,03ST
B0303ST,15,288,District - Saiha,Total,Technical degree or diploma equal to degree or post-graduate degree,Population_Males,147.0,DDW-1500B-03ST.xlsx,03ST
B0303ST,15,288,District - Saiha,Rural,Total,Population_Males,15550.0,DDW-1500B-03ST.xlsx,03ST
B0303ST,15,288,District - Saiha,Rural,Illiterate,Population_Males,4255.0,DDW-1500B-03ST.xlsx,03ST
B0303ST,15,288,District - Saiha,Rural,Literate,Population_Males,11295.0,DDW-1500B-03ST.xlsx,03ST
B0303ST,15,288,District - Saiha,Rural,Literate but below matric/secondary,Population_Males,9048.0,DDW-1500B-03ST.xlsx,03ST
B0303ST,15,288,District - Saiha,Rural,Matric/secondary but below graduate,Population_Males,1679.0,DDW-1500B-03ST.xlsx,03ST
B0303ST,15,288,District - Saiha,Rural,Technical diploma or certificate not equal to degree,Population_Males,13.0,DDW-1500B-03ST.xlsx,03ST
B0303ST,15,288,District - Saiha,Rural,Graduate and above other than technical degree,Population_Males,328.0,DDW-1500B-03ST.xlsx,03ST
B0303ST,15,288,District - Saiha,Rural,Technical degree or diploma equal to degree or post-graduate degree,Population_Males,34.0,DDW-1500B-03ST.xlsx,03ST
B0303ST,15,288,District - Saiha,Urban,Total,Population_Males,11676.0,DDW-1500B-03ST.xlsx,03ST
B0303ST,15,288,District - Saiha,Urban,Illiterate,Population_Males,2215.0,DDW-1500B-03ST.xlsx,03ST
B0303ST,15,288,District - Saiha,Urban,Literate,Population_Males,9461.0,DDW-1500B-03ST.xlsx,03ST
B0303ST,15,288,District - Saiha,Urban,Literate but below matric/secondary,Population_Males,5811.0,DDW-1500B-03ST.xlsx,03ST
B0303ST,15,288,District - Saiha,Urban,Matric/secondary but below graduate,Population_Males,2643.0,DDW-1500B-03ST.xlsx,03ST
B0303ST,15,288,District - Saiha,Urban,Technical diploma or certificate not equal to degree,Population_Males,61.0,DDW-1500B-03ST.xlsx,03ST
B0303ST,15,288,District - Saiha,Urban,Graduate and above other than technical degree,Population_Males,751.0,DDW-1500B-03ST.xlsx,03ST
B0303ST,15,288,District - Saiha,Urban,Technical degree or diploma equal to degree or post-graduate degree,Population_Males,113.0,DDW-1500B-03ST.xlsx,03ST
B0303ST,15,000,State - MIZORAM,Total,Total,Population_Females,519821.0,DDW-1500B-03ST.xlsx,03ST
B0303ST,15,000,State - MIZORAM,Total,Illiterate,Population_Females,125514.0,DDW-1500B-03ST.xlsx,03ST
B0303ST,15,000,State - MIZORAM,Total,Literate,Population_Females,394307.0,DDW-1500B-03ST.xlsx,03ST
B0303ST,15,000,State - MIZORAM,Total,Literate but below matric/secondary,Population_Females,295810.0,DDW-1500B-03ST.xlsx,03ST
B0303ST,15,000,State - MIZORAM,Total,Matric/secondary but below graduate,Population_Females,71711.0,DDW-1500B-03ST.xlsx,03ST
B0303ST,15,000,State - MIZORAM,Total,Technical diploma or certificate not equal to degree,Population_Females,718.0,DDW-1500B-03ST.xlsx,03ST
B0303ST,15,000,State - MIZORAM,Total,Graduate and above other than technical degree,Population_Females,16902.0,DDW-1500B-03ST.xlsx,03ST
B0303ST,15,000,State - MIZORAM,Total,Technical degree or diploma equal to degree or post-graduate degree,Population_Females,1930.0,DDW-1500B-03ST.xlsx,03ST
B0303ST,15,000,State - MIZORAM,Rural,Total,Population_Females,249480.0,DDW-1500B-03ST.xlsx,03ST
B0303ST,15,000,State - MIZORAM,Rural,Illiterate,Population_Females,84796.0,DDW-1500B-03ST.xlsx,03ST
B0303ST,15,000,State - MIZORAM,Rural,Literate,Population_Females,164684.0,DDW-1500B-03ST.xlsx,03ST
B0303ST,15,000,State - MIZORAM,Rural,Literate but below matric/secondary,Population_Females,141984.0,DDW-1500B-03ST.xlsx,03ST
B0303ST,15,000,State - MIZORAM,Rural,Matric/secondary but below graduate,Population_Females,16132.0,DDW-1500B-03ST.xlsx,03ST
B0303ST,15,000,State - MIZORAM,Rural,Technical diploma or certificate not equal to degree,Population_Females,84.0,DDW-1500B-03ST.xlsx,03ST
B0303ST,15,000,State - MIZORAM,Rural,Graduate and above other than technical degree,Population_Females,2500.0,DDW-1500B-03ST.xlsx,03ST
B0303ST,15,000,State - MIZORAM,Rural,Technical degree or diploma equal to degree or post-graduate degree,Population_Females,141.0,DDW-1500B-03ST.xlsx,03ST
B0303ST,15,000,State - MIZORAM,Urban,Total,Population_Females,270341.0,DDW-1500B-03ST.xlsx,03ST
B0303ST,15,000,State - MIZORAM,Urban,Illiterate,Population_Females,40718.0,DDW-1500B-03ST.xlsx,03ST
B0303ST,15,000,State - MIZORAM,Urban,Literate,Population_Females,229623.0,DDW-1500B-03ST.xlsx,03ST
B0303ST,15,000,State - MIZORAM,Urban,Literate but below matric/secondary,Population_Females,153826.0,DDW-1500B-03ST.xlsx,03ST
B0303ST,15,000,State - MIZORAM,Urban,Matric/secondary but below graduate,Population_Females,55579.0,DDW-1500B-03ST.xlsx,03ST
B0303ST,15,000,State - MIZORAM,Urban,Technical diploma or certificate not equal to degree,Population_Females,634.0,DDW-1500B-03ST.xlsx,03ST
B0303ST,15,000,State - MIZORAM,Urban,Graduate and above other than technical degree,Population_Females,14402.0,DDW-1500B-03ST.xlsx,03ST
B0303ST,15,000,State - MIZORAM,Urban,Technical degree or diploma equal to degree or post-graduate degree,Population_Females,1789.0,DDW-1500B-03ST.xlsx,03ST
B0303ST,15,281,District - Mamit,Total,Total,Population_Females,40005.0,DDW-1500B-03ST.xlsx,03ST
B0303ST,15,281,District - Mamit,Total,Illiterate,Population_Females,13402.0,DDW-1500B-03ST.xlsx,03ST
B0303ST,15,281,District - Mamit,Total,Literate,Population_Females,26603.0,DDW-1500B-03ST.xlsx,03ST
B0303ST,15,281,District - Mamit,Total,Literate but below matric/secondary,Population_Females,22544.0,DDW-1500B-03ST.xlsx,03ST
B0303ST,15,281,District - Mamit,Total,Matric/secondary but below graduate,Population_Females,3013.0,DDW-1500B-03ST.xlsx,03ST
B0303ST,15,281,District - Mamit,Total,Technical diploma or certificate not equal to degree,Population_Females,10.0,DDW-1500B-03ST.xlsx,03ST
B0303ST,15,281,District - Mamit,Total,Graduate and above other than technical degree,Population_Females,519.0,DDW-1500B-03ST.xlsx,03ST
B0303ST,15,281,District - Mamit,Total,Technical degree or diploma equal to degree or post-graduate degree,Population_Females,29.0,DDW-1500B-03ST.xlsx,03ST
B0303ST,15,281,District - Mamit,Rural,Total,Population_Females,33097.0,DDW-1500B-03ST.xlsx,03ST
B0303ST,15,281,District - Mamit,Rural,Illiterate,Population_Females,12146.0,DDW-1500B-03ST.xlsx,03ST
B0303ST,15,281,District - Mamit,Rural,Literate,Population_Females,20951.0,DDW-1500B-03ST.xlsx,03ST
B0303ST,15,281,District - Mamit,Rural,Literate but below matric/secondary,Population_Females,18154.0,DDW-1500B-03ST.xlsx,03ST
B0303ST,15,281,District - Mamit,Rural,Matric/secondary but below graduate,Population_Females,2074.0,DDW-1500B-03ST.xlsx,03ST
B0303ST,15,281,District - Mamit,Rural,Technical diploma or certificate not equal to degree,Population_Females,6.0,DDW-1500B-03ST.xlsx,03ST
B0303ST,15,281,District - Mamit,Rural,Graduate and above other than technical degree,Population_Females,312.0,DDW-1500B-03ST.xlsx,03ST
B0303ST,15,281,District - Mamit,Rural,Technical degree or diploma equal to degree or post-graduate degree,Population_Females,12.0,DDW-1500B-03ST.xlsx,03ST
B0303ST,15,281,District - Mamit,Urban,Total,Population_Females,6908.0,DDW-1500B-03ST.xlsx,03ST
B0303ST,15,281,District - Mamit,Urban,Illiterate,Population_Females,1256.0,DDW-1500B-03ST.xlsx,03ST
B0303ST,15,281,District - Mamit,Urban,Literate,Population_Females,5652.0,DDW-1500B-03ST.xlsx,03ST
B0303ST,15,281,District - Mamit,Urban,Literate but below matric/secondary,Population_Females,4390.0,DDW-1500B-03ST.xlsx,03ST
B0303ST,15,281,District - Mamit,Urban,Matric/secondary but below graduate,Population_Females,939.0,DDW-1500B-03ST.xlsx,03ST
B0303ST,15,281,District - Mamit,Urban,Technical diploma or certificate not equal to degree,Population_Females,4.0,DDW-1500B-03ST.xlsx,03ST
B0303ST,15,281,District - Mamit,Urban,Graduate and above other than technical degree,Population_Females,207.0,DDW-1500B-03ST.xlsx,03ST
B0303ST,15,281,District - Mamit,Urban,Technical degree or diploma equal to degree or post-graduate degree,Population_Females,17.0,DDW-1500B-03ST.xlsx,03ST
B0303ST,15,282,District - Kolasib,Total,Total,Population_Females,36692.0,DDW-1500B-03ST.xlsx,03ST
B0303ST,15,282,District - Kolasib,Total,Illiterate,Population_Females,7423.0,DDW-1500B-03ST.xlsx,03ST
B0303ST,15,282,District - Kolasib,Total,Literate,Population_Females,29269.0,DDW-1500B-03ST.xlsx,03ST
B0303ST,15,282,District - Kolasib,Total,Literate but below matric/secondary,Population_Females,23611.0,DDW-1500B-03ST.xlsx,03ST
B0303ST,15,282,District - Kolasib,Total,Matric/secondary but below graduate,Population_Females,4207.0,DDW-1500B-03ST.xlsx,03ST
B0303ST,15,282,District - Kolasib,Total,Technical diploma or certificate not equal to degree,Population_Females,27.0,DDW-1500B-03ST.xlsx,03ST
B0303ST,15,282,District - Kolasib,Total,Graduate and above other than technical degree,Population_Females,758.0,DDW-1500B-03ST.xlsx,03ST
B0303ST,15,282,District - Kolasib,Total,Technical degree or diploma equal to degree or post-graduate degree,Population_Females,77.0,DDW-1500B-03ST.xlsx,03ST
B0303ST,15,282,District - Kolasib,Rural,Total,Population_Females,15997.0,DDW-1500B-03ST.xlsx,03ST
B0303ST,15,282,District - Kolasib,Rural,Illiterate,Population_Females,3880.0,DDW-1500B-03ST.xlsx,03ST
B0303ST,15,282,District - Kolasib,Rural,Literate,Population_Females,12117.0,DDW-1500B-03ST.xlsx,03ST
B0303ST,15,282,District - Kolasib,Rural,Literate but below matric/secondary,Population_Females,10506.0,DDW-1500B-03ST.xlsx,03ST
B0303ST,15,282,District - Kolasib,Rural,Matric/secondary but below graduate,Population_Females,1146.0,DDW-1500B-03ST.xlsx,03ST
B0303ST,15,282,District - Kolasib,Rural,Technical diploma or certificate not equal to degree,Population_Females,4.0,DDW-1500B-03ST.xlsx,03ST
B0303ST,15,282,District - Kolasib,Rural,Graduate and above other than technical degree,Population_Females,134.0,DDW-1500B-03ST.xlsx,03ST
B0303ST,15,282,District - Kolasib,Rural,Technical degree or diploma equal to degree or post-graduate degree,Population_Females,8.0,DDW-1500B-03ST.xlsx,03ST
B0303ST,15,282,District - Kolasib,Urban,Total,Population_Females,20695.0,DDW-1500B-03ST.xlsx,03ST
B0303ST,15,282,District - Kolasib,Urban,Illiterate,Population_Females,3543.0,DDW-1500B-03ST.xlsx,03ST
B0303ST,15,282,District - Kolasib,Urban,Literate,Population_Females,17152.0,DDW-1500B-03ST.xlsx,03ST
B0303ST,15,282,District - Kolasib,Urban,Literate but below matric/secondary,Population_Females,13105.0,DDW-1500B-03ST.xlsx,03ST
B0303ST,15,282,District - Kolasib,Urban,Matric/secondary but below graduate,Population_Females,3061.0,DDW-1500B-03ST.xlsx,03ST
B0303ST,15,282,District - Kolasib,Urban,Technical diploma or certificate not equal to degree,Population_Females,23.0,DDW-1500B-03ST.xlsx,03ST
B0303ST,15,282,District - Kolasib,Urban,Graduate and above other than technical degree,Population_Females,624.0,DDW-1500B-03ST.xlsx,03ST
B0303ST,15,282,District - Kolasib,Urban,Technical degree or diploma equal to degree or post-graduate degree,Population_Females,69.0,DDW-1500B-03ST.xlsx,03ST
B0303ST,15,283,District - Aizawl,Total,Total,Population_Females,191025.0,DDW-1500B-03ST.xlsx,03ST
B0303ST,15,283,District - Aizawl,Total,Illiterate,Population_Females,28187.0,DDW-1500B-03ST.xlsx,03ST
B0303ST,15,283,District - Aizawl,Total,Literate,Population_Females,162838.0,DDW-1500B-03ST.xlsx,03ST
B0303ST,15,283,District - Aizawl,Total,Literate but below matric/secondary,Population_Females,110243.0,DDW-1500B-03ST.xlsx,03ST
B0303ST,15,283,District - Aizawl,Total,Matric/secondary but below graduate,Population_Females,37792.0,DDW-1500B-03ST.xlsx,03ST
B0303ST,15,283,District - Aizawl,Total,Technical diploma or certificate not equal to degree,Population_Females,410.0,DDW-1500B-03ST.xlsx,03ST
B0303ST,15,283,District - Aizawl,Total,Graduate and above other than technical degree,Population_Females,10600.0,DDW-1500B-03ST.xlsx,03ST
B0303ST,15,283,District - Aizawl,Total,Technical degree or diploma equal to degree or post-graduate degree,Population_Females,1349.0,DDW-1500B-03ST.xlsx,03ST
B0303ST,15,283,District - Aizawl,Rural,Total,Population_Females,41094.0,DDW-1500B-03ST.xlsx,03ST
B0303ST,15,283,District - Aizawl,Rural,Illiterate,Population_Females,7740.0,DDW-1500B-03ST.xlsx,03ST
B0303ST,15,283,District - Aizawl,Rural,Literate,Population_Females,33354.0,DDW-1500B-03ST.xlsx,03ST
B0303ST,15,283,District - Aizawl,Rural,Literate but below matric/secondary,Population_Females,28511.0,DDW-1500B-03ST.xlsx,03ST
B0303ST,15,283,District - Aizawl,Rural,Matric/secondary but below graduate,Population_Females,3508.0,DDW-1500B-03ST.xlsx,03ST
B0303ST,15,283,District - Aizawl,Rural,Technical diploma or certificate not equal to degree,Population_Females,21.0,DDW-1500B-03ST.xlsx,03ST
B0303ST,15,283,District - Aizawl,Rural,Graduate and above other than technical degree,Population_Females,594.0,DDW-1500B-03ST.xlsx,03ST
B0303ST,15,283,District - Aizawl,Rural,Technical degree or diploma equal to degree or post-graduate degree,Population_Females,27.0,DDW-1500B-03ST.xlsx,03ST
B0303ST,15,283,District - Aizawl,Urban,Total,Population_Females,149931.0,DDW-1500B-03ST.xlsx,03ST
B0303ST,15,283,District - Aizawl,Urban,Illiterate,Population_Females,20447.0,DDW-1500B-03ST.xlsx,03ST
B0303ST,15,283,District - Aizawl,Urban,Literate,Population_Females,129484.0,DDW-1500B-03ST.xlsx,03ST
B0303ST,15,283,District - Aizawl,Urban,Literate but below matric/secondary,Population_Females,81732.0,DDW-1500B-03ST.xlsx,03ST
B0303ST,15,283,District - Aizawl,Urban,Matric/secondary but below graduate,Population_Females,34284.0,DDW-1500B-03ST.xlsx,03ST
B0303ST,15,283,District - Aizawl,Urban,Technical diploma or certificate not equal to degree,Population_Females,389.0,DDW-1500B-03ST.xlsx,03ST
B0303ST,15,283,District - Aizawl,Urban,Graduate and above other than technical degree,Population_Females,10006.0,DDW-1500B-03ST.xlsx,03ST
B0303ST,15,283,District - Aizawl,Urban,Technical degree or diploma equal to degree or post-graduate degree,Population_Females,1322.0,DDW-1500B-03ST.xlsx,03ST
B0303ST,15,284,District - Champhai,Total,Total,Population_Females,61512.0,DDW-1500B-03ST.xlsx,03ST
B0303ST,15,284,District - Champhai,Total,Illiterate,Population_Females,12767.0,DDW-1500B-03ST.xlsx,03ST
B0303ST,15,284,District - Champhai,Total,Literate,Population_Females,48745.0,DDW-1500B-03ST.xlsx,03ST
B0303ST,15,284,District - Champhai,Total,Literate but below matric/secondary,Population_Females,40472.0,DDW-1500B-03ST.xlsx,03ST
B0303ST,15,284,District - Champhai,Total,Matric/secondary but below graduate,Population_Females,5817.0,DDW-1500B-03ST.xlsx,03ST
B0303ST,15,284,District - Champhai,Total,Technical diploma or certificate not equal to degree,Population_Females,39.0,DDW-1500B-03ST.xlsx,03ST
B0303ST,15,284,District - Champhai,Total,Graduate and above other than technical degree,Population_Females,1256.0,DDW-1500B-03ST.xlsx,03ST
B0303ST,15,284,District - Champhai,Total,Technical degree or diploma equal to degree or post-graduate degree,Population_Females,105.0,DDW-1500B-03ST.xlsx,03ST
B0303ST,15,284,District - Champhai,Rural,Total,Population_Females,37530.0,DDW-1500B-03ST.xlsx,03ST
B0303ST,15,284,District - Champhai,Rural,Illiterate,Population_Females,8302.0,DDW-1500B-03ST.xlsx,03ST
B0303ST,15,284,District - Champhai,Rural,Literate,Population_Females,29228.0,DDW-1500B-03ST.xlsx,03ST
B0303ST,15,284,District - Champhai,Rural,Literate but below matric/secondary,Population_Females,25610.0,DDW-1500B-03ST.xlsx,03ST
B0303ST,15,284,District - Champhai,Rural,Matric/secondary but below graduate,Population_Females,2406.0,DDW-1500B-03ST.xlsx,03ST
B0303ST,15,284,District - Champhai,Rural,Technical diploma or certificate not equal to degree,Population_Females,13.0,DDW-1500B-03ST.xlsx,03ST
B0303ST,15,284,District - Champhai,Rural,Graduate and above other than technical degree,Population_Females,445.0,DDW-1500B-03ST.xlsx,03ST
B0303ST,15,284,District - Champhai,Rural,Technical degree or diploma equal to degree or post-graduate degree,Population_Females,31.0,DDW-1500B-03ST.xlsx,03ST
B0303ST,15,284,District - Champhai,Urban,Total,Population_Females,23982.0,DDW-1500B-03ST.xlsx,03ST
B0303ST,15,284,District - Champhai,Urban,Illiterate,Population_Females,4465.0,DDW-1500B-03ST.xlsx,03ST
B0303ST,15,284,District - Champhai,Urban,Literate,Population_Females,19517.0,DDW-1500B-03ST.xlsx,03ST
B0303ST,15,284,District - Champhai,Urban,Literate but below matric/secondary,Population_Females,14862.0,DDW-1500B-03ST.xlsx,03ST
B0303ST,15,284,District - Champhai,Urban,Matric/secondary but below graduate,Population_Females,3411.0,DDW-1500B-03ST.xlsx,03ST
B0303ST,15,284,District - Champhai,Urban,Technical diploma or certificate not equal to degree,Population_Females,26.0,DDW-1500B-03ST.xlsx,03ST
B0303ST,15,284,District - Champhai,Urban,Graduate and above other than technical degree,Population_Females,811.0,DDW-1500B-03ST.xlsx,03ST
B0303ST,15,284,District - Champhai,Urban,Technical degree or diploma equal to degree or post-graduate degree,Population_Females,74.0,DDW-1500B-03ST.xlsx,03ST
B0303ST,15,285,District - Serchhip,Total,Total,Population_Females,31508.0,DDW-1500B-03ST.xlsx,03ST
B0303ST,15,285,District - Serchhip,Total,Illiterate,Population_Females,5111.0,DDW-1500B-03ST.xlsx,03ST
B0303ST,15,285,District - Serchhip,Total,Literate,Population_Females,26397.0,DDW-1500B-03ST.xlsx,03ST
B0303ST,15,285,District - Serchhip,Total,Literate but below matric/secondary,Population_Females,20968.0,DDW-1500B-03ST.xlsx,03ST
B0303ST,15,285,District - Serchhip,Total,Matric/secondary but below graduate,Population_Females,4099.0,DDW-1500B-03ST.xlsx,03ST
B0303ST,15,285,District - Serchhip,Total,Technical diploma or certificate not equal to degree,Population_Females,18.0,DDW-1500B-03ST.xlsx,03ST
B0303ST,15,285,District - Serchhip,Total,Graduate and above other than technical degree,Population_Females,774.0,DDW-1500B-03ST.xlsx,03ST
B0303ST,15,285,District - Serchhip,Total,Technical degree or diploma equal to degree or post-graduate degree,Population_Females,82.0,DDW-1500B-03ST.xlsx,03ST
B0303ST,15,285,District - Serchhip,Rural,Total,Population_Females,16106.0,DDW-1500B-03ST.xlsx,03ST
B0303ST,15,285,District - Serchhip,Rural,Illiterate,Population_Females,2892.0,DDW-1500B-03ST.xlsx,03ST
B0303ST,15,285,District - Serchhip,Rural,Literate,Population_Females,13214.0,DDW-1500B-03ST.xlsx,03ST
B0303ST,15,285,District - Serchhip,Rural,Literate but below matric/secondary,Population_Females,11189.0,DDW-1500B-03ST.xlsx,03ST
B0303ST,15,285,District - Serchhip,Rural,Matric/secondary but below graduate,Population_Females,1554.0,DDW-1500B-03ST.xlsx,03ST
B0303ST,15,285,District - Serchhip,Rural,Technical diploma or certificate not equal to degree,Population_Females,8.0,DDW-1500B-03ST.xlsx,03ST
B0303ST,15,285,District - Serchhip,Rural,Graduate and above other than technical degree,Population_Females,260.0,DDW-1500B-03ST.xlsx,03ST
B0303ST,15,285,District - Serchhip,Rural,Technical degree or diploma equal to degree or post-graduate degree,Population_Females,18.0,DDW-1500B-03ST.xlsx,03ST
B0303ST,15,285,District - Serchhip,Urban,Total,Population_Females,15402.0,DDW-1500B-03ST.xlsx,03ST
B0303ST,15,285,District - Serchhip,Urban,Illiterate,Population_Females,2219.0,DDW-1500B-03ST.xlsx,03ST
B0303ST,15,285,District - Serchhip,Urban,Literate,Population_Females,13183.0,DDW-1500B-03ST.xlsx,03ST
B0303ST,15,285,District - Serchhip,Urban,Literate but below matric/secondary,Population_Females,9779.0,DDW-1500B-03ST.xlsx,03ST
B0303ST,15,285,District - Serchhip,Urban,Matric/secondary but below graduate,Population_Females,2545.0,DDW-1500B-03ST.xlsx,03ST
B0303ST,15,285,District - Serchhip,Urban,Technical diploma or certificate not equal to degree,Population_Females,10.0,DDW-1500B-03ST.xlsx,03ST
B0303ST,15,285,District - Serchhip,Urban,Graduate and above other than technical degree,Population_Females,514.0,DDW-1500B-03ST.xlsx,03ST
B0303ST,15,285,District - Serchhip,Urban,Technical degree or diploma equal to degree or post-graduate degree,Population_Females,64.0,DDW-1500B-03ST.xlsx,03ST
B0303ST,15,286,District - Lunglei,Total,Total,Population_Females,76353.0,DDW-1500B-03ST.xlsx,03ST
B0303ST,15,286,District - Lunglei,Total,Illiterate,Population_Females,21443.0,DDW-1500B-03ST.xlsx,03ST
B0303ST,15,286,District - Lunglei,Total,Literate,Population_Females,54910.0,DDW-1500B-03ST.xlsx,03ST
B0303ST,15,286,District - Lunglei,Total,Literate but below matric/secondary,Population_Females,43206.0,DDW-1500B-03ST.xlsx,03ST
B0303ST,15,286,District - Lunglei,Total,Matric/secondary but below graduate,Population_Females,8531.0,DDW-1500B-03ST.xlsx,03ST
B0303ST,15,286,District - Lunglei,Total,Technical diploma or certificate not equal to degree,Population_Females,154.0,DDW-1500B-03ST.xlsx,03ST
B0303ST,15,286,District - Lunglei,Total,Graduate and above other than technical degree,Population_Females,1709.0,DDW-1500B-03ST.xlsx,03ST
B0303ST,15,286,District - Lunglei,Total,Technical degree or diploma equal to degree or post-graduate degree,Population_Females,174.0,DDW-1500B-03ST.xlsx,03ST
B0303ST,15,286,District - Lunglei,Rural,Total,Population_Females,44647.0,DDW-1500B-03ST.xlsx,03ST
B0303ST,15,286,District - Lunglei,Rural,Illiterate,Population_Females,16895.0,DDW-1500B-03ST.xlsx,03ST
B0303ST,15,286,District - Lunglei,Rural,Literate,Population_Females,27752.0,DDW-1500B-03ST.xlsx,03ST
B0303ST,15,286,District - Lunglei,Rural,Literate but below matric/secondary,Population_Females,24462.0,DDW-1500B-03ST.xlsx,03ST
B0303ST,15,286,District - Lunglei,Rural,Matric/secondary but below graduate,Population_Females,2211.0,DDW-1500B-03ST.xlsx,03ST
B0303ST,15,286,District - Lunglei,Rural,Technical diploma or certificate not equal to degree,Population_Females,21.0,DDW-1500B-03ST.xlsx,03ST
B0303ST,15,286,District - Lunglei,Rural,Graduate and above other than technical degree,Population_Females,340.0,DDW-1500B-03ST.xlsx,03ST
B0303ST,15,286,District - Lunglei,Rural,Technical degree or diploma equal to degree or post-graduate degree,Population_Females,18.0,DDW-1500B-03ST.xlsx,03ST
B0303ST,15,286,District - Lunglei,Urban,Total,Population_Females,31706.0,DDW-1500B-03ST.xlsx,03ST
B0303ST,15,286,District - Lunglei,Urban,Illiterate,Population_Females,4548.0,DDW-1500B-03ST.xlsx,03ST
B0303ST,15,286,District - Lunglei,Urban,Literate,Population_Females,27158.0,DDW-1500B-03ST.xlsx,03ST
B0303ST,15,286,District - Lunglei,Urban,Literate but below matric/secondary,Population_Females,18744.0,DDW-1500B-03ST.xlsx,03ST
B0303ST,15,286,District - Lunglei,Urban,Matric/secondary but below graduate,Population_Females,6320.0,DDW-1500B-03ST.xlsx,03ST
B0303ST,15,286,District - Lunglei,Urban,Technical diploma or certificate not equal to degree,Population_Females,133.0,DDW-1500B-03ST.xlsx,03ST
B0303ST,15,286,District - Lunglei,Urban,Graduate and above other than technical degree,Population_Females,1369.0,DDW-1500B-03ST.xlsx,03ST
B0303ST,15,286,District - Lunglei,Urban,Technical degree or diploma equal to degree or post-graduate degree,Population_Females,156.0,DDW-1500B-03ST.xlsx,03ST
B0303ST,15,287,District - Lawngtlai,Total,Total,Population_Females,55310.0,DDW-1500B-03ST.xlsx,03ST
B0303ST,15,287,District - Lawngtlai,Total,Illiterate,Population_Females,29742.0,DDW-1500B-03ST.xlsx,03ST
B0303ST,15,287,District - Lawngtlai,Total,Literate,Population_Females,25568.0,DDW-1500B-03ST.xlsx,03ST
B0303ST,15,287,District - Lawngtlai,Total,Literate but below matric/secondary,Population_Females,19822.0,DDW-1500B-03ST.xlsx,03ST
B0303ST,15,287,District - Lawngtlai,Total,Matric/secondary but below graduate,Population_Females,4202.0,DDW-1500B-03ST.xlsx,03ST
B0303ST,15,287,District - Lawngtlai,Total,Technical diploma or certificate not equal to degree,Population_Females,29.0,DDW-1500B-03ST.xlsx,03ST
B0303ST,15,287,District - Lawngtlai,Total,Graduate and above other than technical degree,Population_Females,734.0,DDW-1500B-03ST.xlsx,03ST
B0303ST,15,287,District - Lawngtlai,Total,Technical degree or diploma equal to degree or post-graduate degree,Population_Females,62.0,DDW-1500B-03ST.xlsx,03ST
B0303ST,15,287,District - Lawngtlai,Rural,Total,Population_Females,45521.0,DDW-1500B-03ST.xlsx,03ST
B0303ST,15,287,District - Lawngtlai,Rural,Illiterate,Population_Females,27815.0,DDW-1500B-03ST.xlsx,03ST
B0303ST,15,287,District - Lawngtlai,Rural,Literate,Population_Females,17706.0,DDW-1500B-03ST.xlsx,03ST
B0303ST,15,287,District - Lawngtlai,Rural,Literate but below matric/secondary,Population_Females,14781.0,DDW-1500B-03ST.xlsx,03ST
B0303ST,15,287,District - Lawngtlai,Rural,Matric/secondary but below graduate,Population_Females,2012.0,DDW-1500B-03ST.xlsx,03ST
B0303ST,15,287,District - Lawngtlai,Rural,Technical diploma or certificate not equal to degree,Population_Females,8.0,DDW-1500B-03ST.xlsx,03ST
B0303ST,15,287,District - Lawngtlai,Rural,Graduate and above other than technical degree,Population_Females,287.0,DDW-1500B-03ST.xlsx,03ST
B0303ST,15,287,District - Lawngtlai,Rural,Technical degree or diploma equal to degree or post-graduate degree,Population_Females,17.0,DDW-1500B-03ST.xlsx,03ST
B0303ST,15,287,District - Lawngtlai,Urban,Total,Population_Females,9789.0,DDW-1500B-03ST.xlsx,03ST
B0303ST,15,287,District - Lawngtlai,Urban,Illiterate,Population_Females,1927.0,DDW-1500B-03ST.xlsx,03ST
B0303ST,15,287,District - Lawngtlai,Urban,Literate,Population_Females,7862.0,DDW-1500B-03ST.xlsx,03ST
B0303ST,15,287,District - Lawngtlai,Urban,Literate but below matric/secondary,Population_Females,5041.0,DDW-1500B-03ST.xlsx,03ST
B0303ST,15,287,District - Lawngtlai,Urban,Matric/secondary but below graduate,Population_Females,2190.0,DDW-1500B-03ST.xlsx,03ST
B0303ST,15,287,District - Lawngtlai,Urban,Technical diploma or certificate not equal to degree,Population_Females,21.0,DDW-1500B-03ST.xlsx,03ST
B0303ST,15,287,District - Lawngtlai,Urban,Graduate and above other than technical degree,Population_Females,447.0,DDW-1500B-03ST.xlsx,03ST
B0303ST,15,287,District - Lawngtlai,Urban,Technical degree or diploma equal to degree or post-graduate degree,Population_Females,45.0,DDW-1500B-03ST.xlsx,03ST
B0303ST,15,288,District - Saiha,Total,Total,Population_Females,27416.0,DDW-1500B-03ST.xlsx,03ST
B0303ST,15,288,District - Saiha,Total,Illiterate,Population_Females,7439.0,DDW-1500B-03ST.xlsx,03ST
B0303ST,15,288,District - Saiha,Total,Literate,Population_Females,19977.0,DDW-1500B-03ST.xlsx,03ST
B0303ST,15,288,District - Saiha,Total,Literate but below matric/secondary,Population_Females,14944.0,DDW-1500B-03ST.xlsx,03ST
B0303ST,15,288,District - Saiha,Total,Matric/secondary but below graduate,Population_Females,4050.0,DDW-1500B-03ST.xlsx,03ST
B0303ST,15,288,District - Saiha,Total,Technical diploma or certificate not equal to degree,Population_Females,31.0,DDW-1500B-03ST.xlsx,03ST
B0303ST,15,288,District - Saiha,Total,Graduate and above other than technical degree,Population_Females,552.0,DDW-1500B-03ST.xlsx,03ST
B0303ST,15,288,District - Saiha,Total,Technical degree or diploma equal to degree or post-graduate degree,Population_Females,52.0,DDW-1500B-03ST.xlsx,03ST
B0303ST,15,288,District - Saiha,Rural,Total,Population_Females,15488.0,DDW-1500B-03ST.xlsx,03ST
B0303ST,15,288,District - Saiha,Rural,Illiterate,Population_Females,5126.0,DDW-1500B-03ST.xlsx,03ST
B0303ST,15,288,District - Saiha,Rural,Literate,Population_Females,10362.0,DDW-1500B-03ST.xlsx,03ST
B0303ST,15,288,District - Saiha,Rural,Literate but below matric/secondary,Population_Females,8771.0,DDW-1500B-03ST.xlsx,03ST
B0303ST,15,288,District - Saiha,Rural,Matric/secondary but below graduate,Population_Females,1221.0,DDW-1500B-03ST.xlsx,03ST
B0303ST,15,288,District - Saiha,Rural,Technical diploma or certificate not equal to degree,Population_Females,3.0,DDW-1500B-03ST.xlsx,03ST
B0303ST,15,288,District - Saiha,Rural,Graduate and above other than technical degree,Population_Females,128.0,DDW-1500B-03ST.xlsx,03ST
B0303ST,15,288,District - Saiha,Rural,Technical degree or diploma equal to degree or post-graduate degree,Population_Females,10.0,DDW-1500B-03ST.xlsx,03ST
B0303ST,15,288,District - Saiha,Urban,Total,Population_Females,11928.0,DDW-1500B-03ST.xlsx,03ST
B0303ST,15,288,District - Saiha,Urban,Illiterate,Population_Females,2313.0,DDW-1500B-03ST.xlsx,03ST
B0303ST,15,288,District - Saiha,Urban,Literate,Population_Females,9615.0,DDW-1500B-03ST.xlsx,03ST
B0303ST,15,288,District - Saiha,Urban,Literate but below matric/secondary,Population_Females,6173.0,DDW-1500B-03ST.xlsx,03ST
B0303ST,15,288,District - Saiha,Urban,Matric/secondary but below graduate,Population_Females,2829.0,DDW-1500B-03ST.xlsx,03ST
B0303ST,15,288,District - Saiha,Urban,Technical diploma or certificate not equal to degree,Population_Females,28.0,DDW-1500B-03ST.xlsx,03ST
B0303ST,15,288,District - Saiha,Urban,Graduate and above other than technical degree,Population_Females,424.0,DDW-1500B-03ST.xlsx,03ST
B0303ST,15,288,District - Saiha,Urban,Technical degree or diploma equal to degree or post-graduate degree,Population_Females,42.0,DDW-1500B-03ST.xlsx,03ST
B0303ST,15,000,State - MIZORAM,Total,Total,Main workers_Persons,384769.0,DDW-1500B-03ST.xlsx,03ST
B0303ST,15,000,State - MIZORAM,Total,Illiterate,Main workers_Persons,33010.0,DDW-1500B-03ST.xlsx,03ST
B0303ST,15,000,State - MIZORAM,Total,Literate,Main workers_Persons,351759.0,DDW-1500B-03ST.xlsx,03ST
B0303ST,15,000,State - MIZORAM,Total,Literate but below matric/secondary,Main workers_Persons,252018.0,DDW-1500B-03ST.xlsx,03ST
B0303ST,15,000,State - MIZORAM,Total,Matric/secondary but below graduate,Main workers_Persons,59657.0,DDW-1500B-03ST.xlsx,03ST
B0303ST,15,000,State - MIZORAM,Total,Technical diploma or certificate not equal to degree,Main workers_Persons,1106.0,DDW-1500B-03ST.xlsx,03ST
B0303ST,15,000,State - MIZORAM,Total,Graduate and above other than technical degree,Main workers_Persons,27638.0,DDW-1500B-03ST.xlsx,03ST
B0303ST,15,000,State - MIZORAM,Total,Technical degree or diploma equal to degree or post-graduate degree,Main workers_Persons,4298.0,DDW-1500B-03ST.xlsx,03ST
B0303ST,15,000,State - MIZORAM,Rural,Total,Main workers_Persons,208924.0,DDW-1500B-03ST.xlsx,03ST
B0303ST,15,000,State - MIZORAM,Rural,Illiterate,Main workers_Persons,30659.0,DDW-1500B-03ST.xlsx,03ST
B0303ST,15,000,State - MIZORAM,Rural,Literate,Main workers_Persons,178265.0,DDW-1500B-03ST.xlsx,03ST
B0303ST,15,000,State - MIZORAM,Rural,Literate but below matric/secondary,Main workers_Persons,148966.0,DDW-1500B-03ST.xlsx,03ST
B0303ST,15,000,State - MIZORAM,Rural,Matric/secondary but below graduate,Main workers_Persons,18295.0,DDW-1500B-03ST.xlsx,03ST
B0303ST,15,000,State - MIZORAM,Rural,Technical diploma or certificate not equal to degree,Main workers_Persons,168.0,DDW-1500B-03ST.xlsx,03ST
B0303ST,15,000,State - MIZORAM,Rural,Graduate and above other than technical degree,Main workers_Persons,5709.0,DDW-1500B-03ST.xlsx,03ST
B0303ST,15,000,State - MIZORAM,Rural,Technical degree or diploma equal to degree or post-graduate degree,Main workers_Persons,662.0,DDW-1500B-03ST.xlsx,03ST
B0303ST,15,000,State - MIZORAM,Urban,Total,Main workers_Persons,175845.0,DDW-1500B-03ST.xlsx,03ST
B0303ST,15,000,State - MIZORAM,Urban,Illiterate,Main workers_Persons,2351.0,DDW-1500B-03ST.xlsx,03ST
B0303ST,15,000,State - MIZORAM,Urban,Literate,Main workers_Persons,173494.0,DDW-1500B-03ST.xlsx,03ST
B0303ST,15,000,State - MIZORAM,Urban,Literate but below matric/secondary,Main workers_Persons,103052.0,DDW-1500B-03ST.xlsx,03ST
B0303ST,15,000,State - MIZORAM,Urban,Matric/secondary but below graduate,Main workers_Persons,41362.0,DDW-1500B-03ST.xlsx,03ST
B0303ST,15,000,State - MIZORAM,Urban,Technical diploma or certificate not equal to degree,Main workers_Persons,938.0,DDW-1500B-03ST.xlsx,03ST
B0303ST,15,000,State - MIZORAM,Urban,Graduate and above other than technical degree,Main workers_Persons,21929.0,DDW-1500B-03ST.xlsx,03ST
B0303ST,15,000,State - MIZORAM,Urban,Technical degree or diploma equal to degree or post-graduate degree,Main workers_Persons,3636.0,DDW-1500B-03ST.xlsx,03ST
B0303ST,15,281,District - Mamit,Total,Total,Main workers_Persons,34046.0,DDW-1500B-03ST.xlsx,03ST
B0303ST,15,281,District - Mamit,Total,Illiterate,Main workers_Persons,5272.0,DDW-1500B-03ST.xlsx,03ST
B0303ST,15,281,District - Mamit,Total,Literate,Main workers_Persons,28774.0,DDW-1500B-03ST.xlsx,03ST
B0303ST,15,281,District - Mamit,Total,Literate but below matric/secondary,Main workers_Persons,23465.0,DDW-1500B-03ST.xlsx,03ST
B0303ST,15,281,District - Mamit,Total,Matric/secondary but below graduate,Main workers_Persons,3415.0,DDW-1500B-03ST.xlsx,03ST
B0303ST,15,281,District - Mamit,Total,Technical diploma or certificate not equal to degree,Main workers_Persons,27.0,DDW-1500B-03ST.xlsx,03ST
B0303ST,15,281,District - Mamit,Total,Graduate and above other than technical degree,Main workers_Persons,1130.0,DDW-1500B-03ST.xlsx,03ST
B0303ST,15,281,District - Mamit,Total,Technical degree or diploma equal to degree or post-graduate degree,Main workers_Persons,132.0,DDW-1500B-03ST.xlsx,03ST
B0303ST,15,281,District - Mamit,Rural,Total,Main workers_Persons,28800.0,DDW-1500B-03ST.xlsx,03ST
B0303ST,15,281,District - Mamit,Rural,Illiterate,Main workers_Persons,5135.0,DDW-1500B-03ST.xlsx,03ST
B0303ST,15,281,District - Mamit,Rural,Literate,Main workers_Persons,23665.0,DDW-1500B-03ST.xlsx,03ST
B0303ST,15,281,District - Mamit,Rural,Literate but below matric/secondary,Main workers_Persons,19823.0,DDW-1500B-03ST.xlsx,03ST
B0303ST,15,281,District - Mamit,Rural,Matric/secondary but below graduate,Main workers_Persons,2511.0,DDW-1500B-03ST.xlsx,03ST
B0303ST,15,281,District - Mamit,Rural,Technical diploma or certificate not equal to degree,Main workers_Persons,12.0,DDW-1500B-03ST.xlsx,03ST
B0303ST,15,281,District - Mamit,Rural,Graduate and above other than technical degree,Main workers_Persons,723.0,DDW-1500B-03ST.xlsx,03ST
B0303ST,15,281,District - Mamit,Rural,Technical degree or diploma equal to degree or post-graduate degree,Main workers_Persons,87.0,DDW-1500B-03ST.xlsx,03ST
B0303ST,15,281,District - Mamit,Urban,Total,Main workers_Persons,5246.0,DDW-1500B-03ST.xlsx,03ST
B0303ST,15,281,District - Mamit,Urban,Illiterate,Main workers_Persons,137.0,DDW-1500B-03ST.xlsx,03ST
B0303ST,15,281,District - Mamit,Urban,Literate,Main workers_Persons,5109.0,DDW-1500B-03ST.xlsx,03ST
B0303ST,15,281,District - Mamit,Urban,Literate but below matric/secondary,Main workers_Persons,3642.0,DDW-1500B-03ST.xlsx,03ST
B0303ST,15,281,District - Mamit,Urban,Matric/secondary but below graduate,Main workers_Persons,904.0,DDW-1500B-03ST.xlsx,03ST
B0303ST,15,281,District - Mamit,Urban,Technical diploma or certificate not equal to degree,Main workers_Persons,15.0,DDW-1500B-03ST.xlsx,03ST
B0303ST,15,281,District - Mamit,Urban,Graduate and above other than technical degree,Main workers_Persons,407.0,DDW-1500B-03ST.xlsx,03ST
B0303ST,15,281,District - Mamit,Urban,Technical degree or diploma equal to degree or post-graduate degree,Main workers_Persons,45.0,DDW-1500B-03ST.xlsx,03ST
B0303ST,15,282,District - Kolasib,Total,Total,Main workers_Persons,25386.0,DDW-1500B-03ST.xlsx,03ST
B0303ST,15,282,District - Kolasib,Total,Illiterate,Main workers_Persons,1212.0,DDW-1500B-03ST.xlsx,03ST
B0303ST,15,282,District - Kolasib,Total,Literate,Main workers_Persons,24174.0,DDW-1500B-03ST.xlsx,03ST
B0303ST,15,282,District - Kolasib,Total,Literate but below matric/secondary,Main workers_Persons,18571.0,DDW-1500B-03ST.xlsx,03ST
B0303ST,15,282,District - Kolasib,Total,Matric/secondary but below graduate,Main workers_Persons,3533.0,DDW-1500B-03ST.xlsx,03ST
B0303ST,15,282,District - Kolasib,Total,Technical diploma or certificate not equal to degree,Main workers_Persons,40.0,DDW-1500B-03ST.xlsx,03ST
B0303ST,15,282,District - Kolasib,Total,Graduate and above other than technical degree,Main workers_Persons,1265.0,DDW-1500B-03ST.xlsx,03ST
B0303ST,15,282,District - Kolasib,Total,Technical degree or diploma equal to degree or post-graduate degree,Main workers_Persons,183.0,DDW-1500B-03ST.xlsx,03ST
B0303ST,15,282,District - Kolasib,Rural,Total,Main workers_Persons,12838.0,DDW-1500B-03ST.xlsx,03ST
B0303ST,15,282,District - Kolasib,Rural,Illiterate,Main workers_Persons,951.0,DDW-1500B-03ST.xlsx,03ST
B0303ST,15,282,District - Kolasib,Rural,Literate,Main workers_Persons,11887.0,DDW-1500B-03ST.xlsx,03ST
B0303ST,15,282,District - Kolasib,Rural,Literate but below matric/secondary,Main workers_Persons,10026.0,DDW-1500B-03ST.xlsx,03ST
B0303ST,15,282,District - Kolasib,Rural,Matric/secondary but below graduate,Main workers_Persons,1140.0,DDW-1500B-03ST.xlsx,03ST
B0303ST,15,282,District - Kolasib,Rural,Technical diploma or certificate not equal to degree,Main workers_Persons,11.0,DDW-1500B-03ST.xlsx,03ST
B0303ST,15,282,District - Kolasib,Rural,Graduate and above other than technical degree,Main workers_Persons,311.0,DDW-1500B-03ST.xlsx,03ST
B0303ST,15,282,District - Kolasib,Rural,Technical degree or diploma equal to degree or post-graduate degree,Main workers_Persons,38.0,DDW-1500B-03ST.xlsx,03ST
B0303ST,15,282,District - Kolasib,Urban,Total,Main workers_Persons,12548.0,DDW-1500B-03ST.xlsx,03ST
B0303ST,15,282,District - Kolasib,Urban,Illiterate,Main workers_Persons,261.0,DDW-1500B-03ST.xlsx,03ST
B0303ST,15,282,District - Kolasib,Urban,Literate,Main workers_Persons,12287.0,DDW-1500B-03ST.xlsx,03ST
B0303ST,15,282,District - Kolasib,Urban,Literate but below matric/secondary,Main workers_Persons,8545.0,DDW-1500B-03ST.xlsx,03ST
B0303ST,15,282,District - Kolasib,Urban,Matric/secondary but below graduate,Main workers_Persons,2393.0,DDW-1500B-03ST.xlsx,03ST
B0303ST,15,282,District - Kolasib,Urban,Technical diploma or certificate not equal to degree,Main workers_Persons,29.0,DDW-1500B-03ST.xlsx,03ST
B0303ST,15,282,District - Kolasib,Urban,Graduate and above other than technical degree,Main workers_Persons,954.0,DDW-1500B-03ST.xlsx,03ST
B0303ST,15,282,District - Kolasib,Urban,Technical degree or diploma equal to degree or post-graduate degree,Main workers_Persons,145.0,DDW-1500B-03ST.xlsx,03ST
B0303ST,15,283,District - Aizawl,Total,Total,Main workers_Persons,138429.0,DDW-1500B-03ST.xlsx,03ST
B0303ST,15,283,District - Aizawl,Total,Illiterate,Main workers_Persons,1810.0,DDW-1500B-03ST.xlsx,03ST
B0303ST,15,283,District - Aizawl,Total,Literate,Main workers_Persons,136619.0,DDW-1500B-03ST.xlsx,03ST
B0303ST,15,283,District - Aizawl,Total,Literate but below matric/secondary,Main workers_Persons,85810.0,DDW-1500B-03ST.xlsx,03ST
B0303ST,15,283,District - Aizawl,Total,Matric/secondary but below graduate,Main workers_Persons,29383.0,DDW-1500B-03ST.xlsx,03ST
B0303ST,15,283,District - Aizawl,Total,Technical diploma or certificate not equal to degree,Main workers_Persons,599.0,DDW-1500B-03ST.xlsx,03ST
B0303ST,15,283,District - Aizawl,Total,Graduate and above other than technical degree,Main workers_Persons,16058.0,DDW-1500B-03ST.xlsx,03ST
B0303ST,15,283,District - Aizawl,Total,Technical degree or diploma equal to degree or post-graduate degree,Main workers_Persons,2744.0,DDW-1500B-03ST.xlsx,03ST
B0303ST,15,283,District - Aizawl,Rural,Total,Main workers_Persons,38933.0,DDW-1500B-03ST.xlsx,03ST
B0303ST,15,283,District - Aizawl,Rural,Illiterate,Main workers_Persons,946.0,DDW-1500B-03ST.xlsx,03ST
B0303ST,15,283,District - Aizawl,Rural,Literate,Main workers_Persons,37987.0,DDW-1500B-03ST.xlsx,03ST
B0303ST,15,283,District - Aizawl,Rural,Literate but below matric/secondary,Main workers_Persons,31854.0,DDW-1500B-03ST.xlsx,03ST
B0303ST,15,283,District - Aizawl,Rural,Matric/secondary but below graduate,Main workers_Persons,3940.0,DDW-1500B-03ST.xlsx,03ST
B0303ST,15,283,District - Aizawl,Rural,Technical diploma or certificate not equal to degree,Main workers_Persons,33.0,DDW-1500B-03ST.xlsx,03ST
B0303ST,15,283,District - Aizawl,Rural,Graduate and above other than technical degree,Main workers_Persons,1232.0,DDW-1500B-03ST.xlsx,03ST
B0303ST,15,283,District - Aizawl,Rural,Technical degree or diploma equal to degree or post-graduate degree,Main workers_Persons,154.0,DDW-1500B-03ST.xlsx,03ST
B0303ST,15,283,District - Aizawl,Urban,Total,Main workers_Persons,99496.0,DDW-1500B-03ST.xlsx,03ST
B0303ST,15,283,District - Aizawl,Urban,Illiterate,Main workers_Persons,864.0,DDW-1500B-03ST.xlsx,03ST
B0303ST,15,283,District - Aizawl,Urban,Literate,Main workers_Persons,98632.0,DDW-1500B-03ST.xlsx,03ST
B0303ST,15,283,District - Aizawl,Urban,Literate but below matric/secondary,Main workers_Persons,53956.0,DDW-1500B-03ST.xlsx,03ST
B0303ST,15,283,District - Aizawl,Urban,Matric/secondary but below graduate,Main workers_Persons,25443.0,DDW-1500B-03ST.xlsx,03ST
B0303ST,15,283,District - Aizawl,Urban,Technical diploma or certificate not equal to degree,Main workers_Persons,566.0,DDW-1500B-03ST.xlsx,03ST
B0303ST,15,283,District - Aizawl,Urban,Graduate and above other than technical degree,Main workers_Persons,14826.0,DDW-1500B-03ST.xlsx,03ST
B0303ST,15,283,District - Aizawl,Urban,Technical degree or diploma equal to degree or post-graduate degree,Main workers_Persons,2590.0,DDW-1500B-03ST.xlsx,03ST
B0303ST,15,284,District - Champhai,Total,Total,Main workers_Persons,51959.0,DDW-1500B-03ST.xlsx,03ST
B0303ST,15,284,District - Champhai,Total,Illiterate,Main workers_Persons,1625.0,DDW-1500B-03ST.xlsx,03ST
B0303ST,15,284,District - Champhai,Total,Literate,Main workers_Persons,50334.0,DDW-1500B-03ST.xlsx,03ST
B0303ST,15,284,District - Champhai,Total,Literate but below matric/secondary,Main workers_Persons,41111.0,DDW-1500B-03ST.xlsx,03ST
B0303ST,15,284,District - Champhai,Total,Matric/secondary but below graduate,Main workers_Persons,5383.0,DDW-1500B-03ST.xlsx,03ST
B0303ST,15,284,District - Champhai,Total,Technical diploma or certificate not equal to degree,Main workers_Persons,59.0,DDW-1500B-03ST.xlsx,03ST
B0303ST,15,284,District - Champhai,Total,Graduate and above other than technical degree,Main workers_Persons,2341.0,DDW-1500B-03ST.xlsx,03ST
B0303ST,15,284,District - Champhai,Total,Technical degree or diploma equal to degree or post-graduate degree,Main workers_Persons,271.0,DDW-1500B-03ST.xlsx,03ST
B0303ST,15,284,District - Champhai,Rural,Total,Main workers_Persons,35584.0,DDW-1500B-03ST.xlsx,03ST
B0303ST,15,284,District - Champhai,Rural,Illiterate,Main workers_Persons,1304.0,DDW-1500B-03ST.xlsx,03ST
B0303ST,15,284,District - Champhai,Rural,Literate,Main workers_Persons,34280.0,DDW-1500B-03ST.xlsx,03ST
B0303ST,15,284,District - Champhai,Rural,Literate but below matric/secondary,Main workers_Persons,29486.0,DDW-1500B-03ST.xlsx,03ST
B0303ST,15,284,District - Champhai,Rural,Matric/secondary but below graduate,Main workers_Persons,2712.0,DDW-1500B-03ST.xlsx,03ST
B0303ST,15,284,District - Champhai,Rural,Technical diploma or certificate not equal to degree,Main workers_Persons,17.0,DDW-1500B-03ST.xlsx,03ST
B0303ST,15,284,District - Champhai,Rural,Graduate and above other than technical degree,Main workers_Persons,1048.0,DDW-1500B-03ST.xlsx,03ST
B0303ST,15,284,District - Champhai,Rural,Technical degree or diploma equal to degree or post-graduate degree,Main workers_Persons,105.0,DDW-1500B-03ST.xlsx,03ST
B0303ST,15,284,District - Champhai,Urban,Total,Main workers_Persons,16375.0,DDW-1500B-03ST.xlsx,03ST
B0303ST,15,284,District - Champhai,Urban,Illiterate,Main workers_Persons,321.0,DDW-1500B-03ST.xlsx,03ST
B0303ST,15,284,District - Champhai,Urban,Literate,Main workers_Persons,16054.0,DDW-1500B-03ST.xlsx,03ST
B0303ST,15,284,District - Champhai,Urban,Literate but below matric/secondary,Main workers_Persons,11625.0,DDW-1500B-03ST.xlsx,03ST
B0303ST,15,284,District - Champhai,Urban,Matric/secondary but below graduate,Main workers_Persons,2671.0,DDW-1500B-03ST.xlsx,03ST
B0303ST,15,284,District - Champhai,Urban,Technical diploma or certificate not equal to degree,Main workers_Persons,42.0,DDW-1500B-03ST.xlsx,03ST
B0303ST,15,284,District - Champhai,Urban,Graduate and above other than technical degree,Main workers_Persons,1293.0,DDW-1500B-03ST.xlsx,03ST
B0303ST,15,284,District - Champhai,Urban,Technical degree or diploma equal to degree or post-graduate degree,Main workers_Persons,166.0,DDW-1500B-03ST.xlsx,03ST
B0303ST,15,285,District - Serchhip,Total,Total,Main workers_Persons,28606.0,DDW-1500B-03ST.xlsx,03ST
B0303ST,15,285,District - Serchhip,Total,Illiterate,Main workers_Persons,414.0,DDW-1500B-03ST.xlsx,03ST
B0303ST,15,285,District - Serchhip,Total,Literate,Main workers_Persons,28192.0,DDW-1500B-03ST.xlsx,03ST
B0303ST,15,285,District - Serchhip,Total,Literate but below matric/secondary,Main workers_Persons,22317.0,DDW-1500B-03ST.xlsx,03ST
B0303ST,15,285,District - Serchhip,Total,Matric/secondary but below graduate,Main workers_Persons,3801.0,DDW-1500B-03ST.xlsx,03ST
B0303ST,15,285,District - Serchhip,Total,Technical diploma or certificate not equal to degree,Main workers_Persons,49.0,DDW-1500B-03ST.xlsx,03ST
B0303ST,15,285,District - Serchhip,Total,Graduate and above other than technical degree,Main workers_Persons,1376.0,DDW-1500B-03ST.xlsx,03ST
B0303ST,15,285,District - Serchhip,Total,Technical degree or diploma equal to degree or post-graduate degree,Main workers_Persons,194.0,DDW-1500B-03ST.xlsx,03ST
B0303ST,15,285,District - Serchhip,Rural,Total,Main workers_Persons,16267.0,DDW-1500B-03ST.xlsx,03ST
B0303ST,15,285,District - Serchhip,Rural,Illiterate,Main workers_Persons,267.0,DDW-1500B-03ST.xlsx,03ST
B0303ST,15,285,District - Serchhip,Rural,Literate,Main workers_Persons,16000.0,DDW-1500B-03ST.xlsx,03ST
B0303ST,15,285,District - Serchhip,Rural,Literate but below matric/secondary,Main workers_Persons,13551.0,DDW-1500B-03ST.xlsx,03ST
B0303ST,15,285,District - Serchhip,Rural,Matric/secondary but below graduate,Main workers_Persons,1623.0,DDW-1500B-03ST.xlsx,03ST
B0303ST,15,285,District - Serchhip,Rural,Technical diploma or certificate not equal to degree,Main workers_Persons,20.0,DDW-1500B-03ST.xlsx,03ST
B0303ST,15,285,District - Serchhip,Rural,Graduate and above other than technical degree,Main workers_Persons,553.0,DDW-1500B-03ST.xlsx,03ST
B0303ST,15,285,District - Serchhip,Rural,Technical degree or diploma equal to degree or post-graduate degree,Main workers_Persons,60.0,DDW-1500B-03ST.xlsx,03ST
B0303ST,15,285,District - Serchhip,Urban,Total,Main workers_Persons,12339.0,DDW-1500B-03ST.xlsx,03ST
B0303ST,15,285,District - Serchhip,Urban,Illiterate,Main workers_Persons,147.0,DDW-1500B-03ST.xlsx,03ST
B0303ST,15,285,District - Serchhip,Urban,Literate,Main workers_Persons,12192.0,DDW-1500B-03ST.xlsx,03ST
B0303ST,15,285,District - Serchhip,Urban,Literate but below matric/secondary,Main workers_Persons,8766.0,DDW-1500B-03ST.xlsx,03ST
B0303ST,15,285,District - Serchhip,Urban,Matric/secondary but below graduate,Main workers_Persons,2178.0,DDW-1500B-03ST.xlsx,03ST
B0303ST,15,285,District - Serchhip,Urban,Technical diploma or certificate not equal to degree,Main workers_Persons,29.0,DDW-1500B-03ST.xlsx,03ST
B0303ST,15,285,District - Serchhip,Urban,Graduate and above other than technical degree,Main workers_Persons,823.0,DDW-1500B-03ST.xlsx,03ST
B0303ST,15,285,District - Serchhip,Urban,Technical degree or diploma equal to degree or post-graduate degree,Main workers_Persons,134.0,DDW-1500B-03ST.xlsx,03ST
B0303ST,15,286,District - Lunglei,Total,Total,Main workers_Persons,57282.0,DDW-1500B-03ST.xlsx,03ST
B0303ST,15,286,District - Lunglei,Total,Illiterate,Main workers_Persons,7167.0,DDW-1500B-03ST.xlsx,03ST
B0303ST,15,286,District - Lunglei,Total,Literate,Main workers_Persons,50115.0,DDW-1500B-03ST.xlsx,03ST
B0303ST,15,286,District - Lunglei,Total,Literate but below matric/secondary,Main workers_Persons,37879.0,DDW-1500B-03ST.xlsx,03ST
B0303ST,15,286,District - Lunglei,Total,Matric/secondary but below graduate,Main workers_Persons,7334.0,DDW-1500B-03ST.xlsx,03ST
B0303ST,15,286,District - Lunglei,Total,Technical diploma or certificate not equal to degree,Main workers_Persons,193.0,DDW-1500B-03ST.xlsx,03ST
B0303ST,15,286,District - Lunglei,Total,Graduate and above other than technical degree,Main workers_Persons,2983.0,DDW-1500B-03ST.xlsx,03ST
B0303ST,15,286,District - Lunglei,Total,Technical degree or diploma equal to degree or post-graduate degree,Main workers_Persons,437.0,DDW-1500B-03ST.xlsx,03ST
B0303ST,15,286,District - Lunglei,Rural,Total,Main workers_Persons,37753.0,DDW-1500B-03ST.xlsx,03ST
B0303ST,15,286,District - Lunglei,Rural,Illiterate,Main workers_Persons,6864.0,DDW-1500B-03ST.xlsx,03ST
B0303ST,15,286,District - Lunglei,Rural,Literate,Main workers_Persons,30889.0,DDW-1500B-03ST.xlsx,03ST
B0303ST,15,286,District - Lunglei,Rural,Literate but below matric/secondary,Main workers_Persons,26350.0,DDW-1500B-03ST.xlsx,03ST
B0303ST,15,286,District - Lunglei,Rural,Matric/secondary but below graduate,Main workers_Persons,2632.0,DDW-1500B-03ST.xlsx,03ST
B0303ST,15,286,District - Lunglei,Rural,Technical diploma or certificate not equal to degree,Main workers_Persons,38.0,DDW-1500B-03ST.xlsx,03ST
B0303ST,15,286,District - Lunglei,Rural,Graduate and above other than technical degree,Main workers_Persons,845.0,DDW-1500B-03ST.xlsx,03ST
B0303ST,15,286,District - Lunglei,Rural,Technical degree or diploma equal to degree or post-graduate degree,Main workers_Persons,94.0,DDW-1500B-03ST.xlsx,03ST
B0303ST,15,286,District - Lunglei,Urban,Total,Main workers_Persons,19529.0,DDW-1500B-03ST.xlsx,03ST
B0303ST,15,286,District - Lunglei,Urban,Illiterate,Main workers_Persons,303.0,DDW-1500B-03ST.xlsx,03ST
B0303ST,15,286,District - Lunglei,Urban,Literate,Main workers_Persons,19226.0,DDW-1500B-03ST.xlsx,03ST
B0303ST,15,286,District - Lunglei,Urban,Literate but below matric/secondary,Main workers_Persons,11529.0,DDW-1500B-03ST.xlsx,03ST
B0303ST,15,286,District - Lunglei,Urban,Matric/secondary but below graduate,Main workers_Persons,4702.0,DDW-1500B-03ST.xlsx,03ST
B0303ST,15,286,District - Lunglei,Urban,Technical diploma or certificate not equal to degree,Main workers_Persons,155.0,DDW-1500B-03ST.xlsx,03ST
B0303ST,15,286,District - Lunglei,Urban,Graduate and above other than technical degree,Main workers_Persons,2138.0,DDW-1500B-03ST.xlsx,03ST
B0303ST,15,286,District - Lunglei,Urban,Technical degree or diploma equal to degree or post-graduate degree,Main workers_Persons,343.0,DDW-1500B-03ST.xlsx,03ST
B0303ST,15,287,District - Lawngtlai,Total,Total,Main workers_Persons,35309.0,DDW-1500B-03ST.xlsx,03ST
B0303ST,15,287,District - Lawngtlai,Total,Illiterate,Main workers_Persons,14186.0,DDW-1500B-03ST.xlsx,03ST
B0303ST,15,287,District - Lawngtlai,Total,Literate,Main workers_Persons,21123.0,DDW-1500B-03ST.xlsx,03ST
B0303ST,15,287,District - Lawngtlai,Total,Literate but below matric/secondary,Main workers_Persons,14797.0,DDW-1500B-03ST.xlsx,03ST
B0303ST,15,287,District - Lawngtlai,Total,Matric/secondary but below graduate,Main workers_Persons,3938.0,DDW-1500B-03ST.xlsx,03ST
B0303ST,15,287,District - Lawngtlai,Total,Technical diploma or certificate not equal to degree,Main workers_Persons,61.0,DDW-1500B-03ST.xlsx,03ST
B0303ST,15,287,District - Lawngtlai,Total,Graduate and above other than technical degree,Main workers_Persons,1456.0,DDW-1500B-03ST.xlsx,03ST
B0303ST,15,287,District - Lawngtlai,Total,Technical degree or diploma equal to degree or post-graduate degree,Main workers_Persons,185.0,DDW-1500B-03ST.xlsx,03ST
B0303ST,15,287,District - Lawngtlai,Rural,Total,Main workers_Persons,30607.0,DDW-1500B-03ST.xlsx,03ST
B0303ST,15,287,District - Lawngtlai,Rural,Illiterate,Main workers_Persons,14054.0,DDW-1500B-03ST.xlsx,03ST
B0303ST,15,287,District - Lawngtlai,Rural,Literate,Main workers_Persons,16553.0,DDW-1500B-03ST.xlsx,03ST
B0303ST,15,287,District - Lawngtlai,Rural,Literate but below matric/secondary,Main workers_Persons,12547.0,DDW-1500B-03ST.xlsx,03ST
B0303ST,15,287,District - Lawngtlai,Rural,Matric/secondary but below graduate,Main workers_Persons,2568.0,DDW-1500B-03ST.xlsx,03ST
B0303ST,15,287,District - Lawngtlai,Rural,Technical diploma or certificate not equal to degree,Main workers_Persons,28.0,DDW-1500B-03ST.xlsx,03ST
B0303ST,15,287,District - Lawngtlai,Rural,Graduate and above other than technical degree,Main workers_Persons,690.0,DDW-1500B-03ST.xlsx,03ST
B0303ST,15,287,District - Lawngtlai,Rural,Technical degree or diploma equal to degree or post-graduate degree,Main workers_Persons,97.0,DDW-1500B-03ST.xlsx,03ST
B0303ST,15,287,District - Lawngtlai,Urban,Total,Main workers_Persons,4702.0,DDW-1500B-03ST.xlsx,03ST
B0303ST,15,287,District - Lawngtlai,Urban,Illiterate,Main workers_Persons,132.0,DDW-1500B-03ST.xlsx,03ST
B0303ST,15,287,District - Lawngtlai,Urban,Literate,Main workers_Persons,4570.0,DDW-1500B-03ST.xlsx,03ST
B0303ST,15,287,District - Lawngtlai,Urban,Literate but below matric/secondary,Main workers_Persons,2250.0,DDW-1500B-03ST.xlsx,03ST
B0303ST,15,287,District - Lawngtlai,Urban,Matric/secondary but below graduate,Main workers_Persons,1370.0,DDW-1500B-03ST.xlsx,03ST
B0303ST,15,287,District - Lawngtlai,Urban,Technical diploma or certificate not equal to degree,Main workers_Persons,33.0,DDW-1500B-03ST.xlsx,03ST
B0303ST,15,287,District - Lawngtlai,Urban,Graduate and above other than technical degree,Main workers_Persons,766.0,DDW-1500B-03ST.xlsx,03ST
B0303ST,15,287,District - Lawngtlai,Urban,Technical degree or diploma equal to degree or post-graduate degree,Main workers_Persons,88.0,DDW-1500B-03ST.xlsx,03ST
B0303ST,15,288,District - Saiha,Total,Total,Main workers_Persons,13752.0,DDW-1500B-03ST.xlsx,03ST
B0303ST,15,288,District - Saiha,Total,Illiterate,Main workers_Persons,1324.0,DDW-1500B-03ST.xlsx,03ST
B0303ST,15,288,District - Saiha,Total,Literate,Main workers_Persons,12428.0,DDW-1500B-03ST.xlsx,03ST
B0303ST,15,288,District - Saiha,Total,Literate but below matric/secondary,Main workers_Persons,8068.0,DDW-1500B-03ST.xlsx,03ST
B0303ST,15,288,District - Saiha,Total,Matric/secondary but below graduate,Main workers_Persons,2870.0,DDW-1500B-03ST.xlsx,03ST
B0303ST,15,288,District - Saiha,Total,Technical diploma or certificate not equal to degree,Main workers_Persons,78.0,DDW-1500B-03ST.xlsx,03ST
B0303ST,15,288,District - Saiha,Total,Graduate and above other than technical degree,Main workers_Persons,1029.0,DDW-1500B-03ST.xlsx,03ST
B0303ST,15,288,District - Saiha,Total,Technical degree or diploma equal to degree or post-graduate degree,Main workers_Persons,152.0,DDW-1500B-03ST.xlsx,03ST
B0303ST,15,288,District - Saiha,Rural,Total,Main workers_Persons,8142.0,DDW-1500B-03ST.xlsx,03ST
B0303ST,15,288,District - Saiha,Rural,Illiterate,Main workers_Persons,1138.0,DDW-1500B-03ST.xlsx,03ST
B0303ST,15,288,District - Saiha,Rural,Literate,Main workers_Persons,7004.0,DDW-1500B-03ST.xlsx,03ST
B0303ST,15,288,District - Saiha,Rural,Literate but below matric/secondary,Main workers_Persons,5329.0,DDW-1500B-03ST.xlsx,03ST
B0303ST,15,288,District - Saiha,Rural,Matric/secondary but below graduate,Main workers_Persons,1169.0,DDW-1500B-03ST.xlsx,03ST
B0303ST,15,288,District - Saiha,Rural,Technical diploma or certificate not equal to degree,Main workers_Persons,9.0,DDW-1500B-03ST.xlsx,03ST
B0303ST,15,288,District - Saiha,Rural,Graduate and above other than technical degree,Main workers_Persons,307.0,DDW-1500B-03ST.xlsx,03ST
B0303ST,15,288,District - Saiha,Rural,Technical degree or diploma equal to degree or post-graduate degree,Main workers_Persons,27.0,DDW-1500B-03ST.xlsx,03ST
B0303ST,15,288,District - Saiha,Urban,Total,Main workers_Persons,5610.0,DDW-1500B-03ST.xlsx,03ST
B0303ST,15,288,District - Saiha,Urban,Illiterate,Main workers_Persons,186.0,DDW-1500B-03ST.xlsx,03ST
B0303ST,15,288,District - Saiha,Urban,Literate,Main workers_Persons,5424.0,DDW-1500B-03ST.xlsx,03ST
B0303ST,15,288,District - Saiha,Urban,Literate but below matric/secondary,Main workers_Persons,2739.0,DDW-1500B-03ST.xlsx,03ST
B0303ST,15,288,District - Saiha,Urban,Matric/secondary but below graduate,Main workers_Persons,1701.0,DDW-1500B-03ST.xlsx,03ST
B0303ST,15,288,District - Saiha,Urban,Technical diploma or certificate not equal to degree,Main workers_Persons,69.0,DDW-1500B-03ST.xlsx,03ST
B0303ST,15,288,District - Saiha,Urban,Graduate and above other than technical degree,Main workers_Persons,722.0,DDW-1500B-03ST.xlsx,03ST
B0303ST,15,288,District - Saiha,Urban,Technical degree or diploma equal to degree or post-graduate degree,Main workers_Persons,125.0,DDW-1500B-03ST.xlsx,03ST
B0303ST,15,000,State - MIZORAM,Total,Total,Main workers_Males,237860.0,DDW-1500B-03ST.xlsx,03ST
B0303ST,15,000,State - MIZORAM,Total,Illiterate,Main workers_Males,16467.0,DDW-1500B-03ST.xlsx,03ST
B0303ST,15,000,State - MIZORAM,Total,Literate,Main workers_Males,221393.0,DDW-1500B-03ST.xlsx,03ST
B0303ST,15,000,State - MIZORAM,Total,Literate but below matric/secondary,Main workers_Males,159068.0,DDW-1500B-03ST.xlsx,03ST
B0303ST,15,000,State - MIZORAM,Total,Matric/secondary but below graduate,Main workers_Males,37201.0,DDW-1500B-03ST.xlsx,03ST
B0303ST,15,000,State - MIZORAM,Total,Technical diploma or certificate not equal to degree,Main workers_Males,693.0,DDW-1500B-03ST.xlsx,03ST
B0303ST,15,000,State - MIZORAM,Total,Graduate and above other than technical degree,Main workers_Males,17329.0,DDW-1500B-03ST.xlsx,03ST
B0303ST,15,000,State - MIZORAM,Total,Technical degree or diploma equal to degree or post-graduate degree,Main workers_Males,2935.0,DDW-1500B-03ST.xlsx,03ST
B0303ST,15,000,State - MIZORAM,Rural,Total,Main workers_Males,127824.0,DDW-1500B-03ST.xlsx,03ST
B0303ST,15,000,State - MIZORAM,Rural,Illiterate,Main workers_Males,15195.0,DDW-1500B-03ST.xlsx,03ST
B0303ST,15,000,State - MIZORAM,Rural,Literate,Main workers_Males,112629.0,DDW-1500B-03ST.xlsx,03ST
B0303ST,15,000,State - MIZORAM,Rural,Literate but below matric/secondary,Main workers_Males,92893.0,DDW-1500B-03ST.xlsx,03ST
B0303ST,15,000,State - MIZORAM,Rural,Matric/secondary but below graduate,Main workers_Males,12239.0,DDW-1500B-03ST.xlsx,03ST
B0303ST,15,000,State - MIZORAM,Rural,Technical diploma or certificate not equal to degree,Main workers_Males,117.0,DDW-1500B-03ST.xlsx,03ST
B0303ST,15,000,State - MIZORAM,Rural,Graduate and above other than technical degree,Main workers_Males,4112.0,DDW-1500B-03ST.xlsx,03ST
B0303ST,15,000,State - MIZORAM,Rural,Technical degree or diploma equal to degree or post-graduate degree,Main workers_Males,571.0,DDW-1500B-03ST.xlsx,03ST
B0303ST,15,000,State - MIZORAM,Urban,Total,Main workers_Males,110036.0,DDW-1500B-03ST.xlsx,03ST
B0303ST,15,000,State - MIZORAM,Urban,Illiterate,Main workers_Males,1272.0,DDW-1500B-03ST.xlsx,03ST
B0303ST,15,000,State - MIZORAM,Urban,Literate,Main workers_Males,108764.0,DDW-1500B-03ST.xlsx,03ST
B0303ST,15,000,State - MIZORAM,Urban,Literate but below matric/secondary,Main workers_Males,66175.0,DDW-1500B-03ST.xlsx,03ST
B0303ST,15,000,State - MIZORAM,Urban,Matric/secondary but below graduate,Main workers_Males,24962.0,DDW-1500B-03ST.xlsx,03ST
B0303ST,15,000,State - MIZORAM,Urban,Technical diploma or certificate not equal to degree,Main workers_Males,576.0,DDW-1500B-03ST.xlsx,03ST
B0303ST,15,000,State - MIZORAM,Urban,Graduate and above other than technical degree,Main workers_Males,13217.0,DDW-1500B-03ST.xlsx,03ST
B0303ST,15,000,State - MIZORAM,Urban,Technical degree or diploma equal to degree or post-graduate degree,Main workers_Males,2364.0,DDW-1500B-03ST.xlsx,03ST
B0303ST,15,281,District - Mamit,Total,Total,Main workers_Males,21407.0,DDW-1500B-03ST.xlsx,03ST
B0303ST,15,281,District - Mamit,Total,Illiterate,Main workers_Males,2596.0,DDW-1500B-03ST.xlsx,03ST
B0303ST,15,281,District - Mamit,Total,Literate,Main workers_Males,18811.0,DDW-1500B-03ST.xlsx,03ST
B0303ST,15,281,District - Mamit,Total,Literate but below matric/secondary,Main workers_Males,15191.0,DDW-1500B-03ST.xlsx,03ST
B0303ST,15,281,District - Mamit,Total,Matric/secondary but below graduate,Main workers_Males,2250.0,DDW-1500B-03ST.xlsx,03ST
B0303ST,15,281,District - Mamit,Total,Technical diploma or certificate not equal to degree,Main workers_Males,22.0,DDW-1500B-03ST.xlsx,03ST
B0303ST,15,281,District - Mamit,Total,Graduate and above other than technical degree,Main workers_Males,797.0,DDW-1500B-03ST.xlsx,03ST
B0303ST,15,281,District - Mamit,Total,Technical degree or diploma equal to degree or post-graduate degree,Main workers_Males,112.0,DDW-1500B-03ST.xlsx,03ST
B0303ST,15,281,District - Mamit,Rural,Total,Main workers_Males,17898.0,DDW-1500B-03ST.xlsx,03ST
B0303ST,15,281,District - Mamit,Rural,Illiterate,Main workers_Males,2521.0,DDW-1500B-03ST.xlsx,03ST
B0303ST,15,281,District - Mamit,Rural,Literate,Main workers_Males,15377.0,DDW-1500B-03ST.xlsx,03ST
B0303ST,15,281,District - Mamit,Rural,Literate but below matric/secondary,Main workers_Males,12762.0,DDW-1500B-03ST.xlsx,03ST
B0303ST,15,281,District - Mamit,Rural,Matric/secondary but below graduate,Main workers_Males,1644.0,DDW-1500B-03ST.xlsx,03ST
B0303ST,15,281,District - Mamit,Rural,Technical diploma or certificate not equal to degree,Main workers_Males,10.0,DDW-1500B-03ST.xlsx,03ST
B0303ST,15,281,District - Mamit,Rural,Graduate and above other than technical degree,Main workers_Males,512.0,DDW-1500B-03ST.xlsx,03ST
B0303ST,15,281,District - Mamit,Rural,Technical degree or diploma equal to degree or post-graduate degree,Main workers_Males,77.0,DDW-1500B-03ST.xlsx,03ST
B0303ST,15,281,District - Mamit,Urban,Total,Main workers_Males,3509.0,DDW-1500B-03ST.xlsx,03ST
B0303ST,15,281,District - Mamit,Urban,Illiterate,Main workers_Males,75.0,DDW-1500B-03ST.xlsx,03ST
B0303ST,15,281,District - Mamit,Urban,Literate,Main workers_Males,3434.0,DDW-1500B-03ST.xlsx,03ST
B0303ST,15,281,District - Mamit,Urban,Literate but below matric/secondary,Main workers_Males,2429.0,DDW-1500B-03ST.xlsx,03ST
B0303ST,15,281,District - Mamit,Urban,Matric/secondary but below graduate,Main workers_Males,606.0,DDW-1500B-03ST.xlsx,03ST
B0303ST,15,281,District - Mamit,Urban,Technical diploma or certificate not equal to degree,Main workers_Males,12.0,DDW-1500B-03ST.xlsx,03ST
B0303ST,15,281,District - Mamit,Urban,Graduate and above other than technical degree,Main workers_Males,285.0,DDW-1500B-03ST.xlsx,03ST
B0303ST,15,281,District - Mamit,Urban,Technical degree or diploma equal to degree or post-graduate degree,Main workers_Males,35.0,DDW-1500B-03ST.xlsx,03ST
B0303ST,15,282,District - Kolasib,Total,Total,Main workers_Males,16650.0,DDW-1500B-03ST.xlsx,03ST
B0303ST,15,282,District - Kolasib,Total,Illiterate,Main workers_Males,623.0,DDW-1500B-03ST.xlsx,03ST
B0303ST,15,282,District - Kolasib,Total,Literate,Main workers_Males,16027.0,DDW-1500B-03ST.xlsx,03ST
B0303ST,15,282,District - Kolasib,Total,Literate but below matric/secondary,Main workers_Males,12336.0,DDW-1500B-03ST.xlsx,03ST
B0303ST,15,282,District - Kolasib,Total,Matric/secondary but below graduate,Main workers_Males,2364.0,DDW-1500B-03ST.xlsx,03ST
B0303ST,15,282,District - Kolasib,Total,Technical diploma or certificate not equal to degree,Main workers_Males,24.0,DDW-1500B-03ST.xlsx,03ST
B0303ST,15,282,District - Kolasib,Total,Graduate and above other than technical degree,Main workers_Males,814.0,DDW-1500B-03ST.xlsx,03ST
B0303ST,15,282,District - Kolasib,Total,Technical degree or diploma equal to degree or post-graduate degree,Main workers_Males,122.0,DDW-1500B-03ST.xlsx,03ST
B0303ST,15,282,District - Kolasib,Rural,Total,Main workers_Males,8362.0,DDW-1500B-03ST.xlsx,03ST
B0303ST,15,282,District - Kolasib,Rural,Illiterate,Main workers_Males,456.0,DDW-1500B-03ST.xlsx,03ST
B0303ST,15,282,District - Kolasib,Rural,Literate,Main workers_Males,7906.0,DDW-1500B-03ST.xlsx,03ST
B0303ST,15,282,District - Kolasib,Rural,Literate but below matric/secondary,Main workers_Males,6628.0,DDW-1500B-03ST.xlsx,03ST
B0303ST,15,282,District - Kolasib,Rural,Matric/secondary but below graduate,Main workers_Males,782.0,DDW-1500B-03ST.xlsx,03ST
B0303ST,15,282,District - Kolasib,Rural,Technical diploma or certificate not equal to degree,Main workers_Males,10.0,DDW-1500B-03ST.xlsx,03ST
B0303ST,15,282,District - Kolasib,Rural,Graduate and above other than technical degree,Main workers_Males,223.0,DDW-1500B-03ST.xlsx,03ST
B0303ST,15,282,District - Kolasib,Rural,Technical degree or diploma equal to degree or post-graduate degree,Main workers_Males,33.0,DDW-1500B-03ST.xlsx,03ST
B0303ST,15,282,District - Kolasib,Urban,Total,Main workers_Males,8288.0,DDW-1500B-03ST.xlsx,03ST
B0303ST,15,282,District - Kolasib,Urban,Illiterate,Main workers_Males,167.0,DDW-1500B-03ST.xlsx,03ST
B0303ST,15,282,District - Kolasib,Urban,Literate,Main workers_Males,8121.0,DDW-1500B-03ST.xlsx,03ST
B0303ST,15,282,District - Kolasib,Urban,Literate but below matric/secondary,Main workers_Males,5708.0,DDW-1500B-03ST.xlsx,03ST
B0303ST,15,282,District - Kolasib,Urban,Matric/secondary but below graduate,Main workers_Males,1582.0,DDW-1500B-03ST.xlsx,03ST
B0303ST,15,282,District - Kolasib,Urban,Technical diploma or certificate not equal to degree,Main workers_Males,14.0,DDW-1500B-03ST.xlsx,03ST
B0303ST,15,282,District - Kolasib,Urban,Graduate and above other than technical degree,Main workers_Males,591.0,DDW-1500B-03ST.xlsx,03ST
B0303ST,15,282,District - Kolasib,Urban,Technical degree or diploma equal to degree or post-graduate degree,Main workers_Males,89.0,DDW-1500B-03ST.xlsx,03ST
B0303ST,15,283,District - Aizawl,Total,Total,Main workers_Males,83691.0,DDW-1500B-03ST.xlsx,03ST
B0303ST,15,283,District - Aizawl,Total,Illiterate,Main workers_Males,982.0,DDW-1500B-03ST.xlsx,03ST
B0303ST,15,283,District - Aizawl,Total,Literate,Main workers_Males,82709.0,DDW-1500B-03ST.xlsx,03ST
B0303ST,15,283,District - Aizawl,Total,Literate but below matric/secondary,Main workers_Males,52836.0,DDW-1500B-03ST.xlsx,03ST
B0303ST,15,283,District - Aizawl,Total,Matric/secondary but below graduate,Main workers_Males,17240.0,DDW-1500B-03ST.xlsx,03ST
B0303ST,15,283,District - Aizawl,Total,Technical diploma or certificate not equal to degree,Main workers_Males,340.0,DDW-1500B-03ST.xlsx,03ST
B0303ST,15,283,District - Aizawl,Total,Graduate and above other than technical degree,Main workers_Males,9452.0,DDW-1500B-03ST.xlsx,03ST
B0303ST,15,283,District - Aizawl,Total,Technical degree or diploma equal to degree or post-graduate degree,Main workers_Males,1782.0,DDW-1500B-03ST.xlsx,03ST
B0303ST,15,283,District - Aizawl,Rural,Total,Main workers_Males,23141.0,DDW-1500B-03ST.xlsx,03ST
B0303ST,15,283,District - Aizawl,Rural,Illiterate,Main workers_Males,502.0,DDW-1500B-03ST.xlsx,03ST
B0303ST,15,283,District - Aizawl,Rural,Literate,Main workers_Males,22639.0,DDW-1500B-03ST.xlsx,03ST
B0303ST,15,283,District - Aizawl,Rural,Literate but below matric/secondary,Main workers_Males,18853.0,DDW-1500B-03ST.xlsx,03ST
B0303ST,15,283,District - Aizawl,Rural,Matric/secondary but below graduate,Main workers_Males,2413.0,DDW-1500B-03ST.xlsx,03ST
B0303ST,15,283,District - Aizawl,Rural,Technical diploma or certificate not equal to degree,Main workers_Males,18.0,DDW-1500B-03ST.xlsx,03ST
B0303ST,15,283,District - Aizawl,Rural,Graduate and above other than technical degree,Main workers_Males,825.0,DDW-1500B-03ST.xlsx,03ST
B0303ST,15,283,District - Aizawl,Rural,Technical degree or diploma equal to degree or post-graduate degree,Main workers_Males,135.0,DDW-1500B-03ST.xlsx,03ST
B0303ST,15,283,District - Aizawl,Urban,Total,Main workers_Males,60550.0,DDW-1500B-03ST.xlsx,03ST
B0303ST,15,283,District - Aizawl,Urban,Illiterate,Main workers_Males,480.0,DDW-1500B-03ST.xlsx,03ST
B0303ST,15,283,District - Aizawl,Urban,Literate,Main workers_Males,60070.0,DDW-1500B-03ST.xlsx,03ST
B0303ST,15,283,District - Aizawl,Urban,Literate but below matric/secondary,Main workers_Males,33983.0,DDW-1500B-03ST.xlsx,03ST
B0303ST,15,283,District - Aizawl,Urban,Matric/secondary but below graduate,Main workers_Males,14827.0,DDW-1500B-03ST.xlsx,03ST
B0303ST,15,283,District - Aizawl,Urban,Technical diploma or certificate not equal to degree,Main workers_Males,322.0,DDW-1500B-03ST.xlsx,03ST
B0303ST,15,283,District - Aizawl,Urban,Graduate and above other than technical degree,Main workers_Males,8627.0,DDW-1500B-03ST.xlsx,03ST
B0303ST,15,283,District - Aizawl,Urban,Technical degree or diploma equal to degree or post-graduate degree,Main workers_Males,1647.0,DDW-1500B-03ST.xlsx,03ST
B0303ST,15,284,District - Champhai,Total,Total,Main workers_Males,30614.0,DDW-1500B-03ST.xlsx,03ST
B0303ST,15,284,District - Champhai,Total,Illiterate,Main workers_Males,611.0,DDW-1500B-03ST.xlsx,03ST
B0303ST,15,284,District - Champhai,Total,Literate,Main workers_Males,30003.0,DDW-1500B-03ST.xlsx,03ST
B0303ST,15,284,District - Champhai,Total,Literate but below matric/secondary,Main workers_Males,24145.0,DDW-1500B-03ST.xlsx,03ST
B0303ST,15,284,District - Champhai,Total,Matric/secondary but below graduate,Main workers_Males,3428.0,DDW-1500B-03ST.xlsx,03ST
B0303ST,15,284,District - Champhai,Total,Technical diploma or certificate not equal to degree,Main workers_Males,38.0,DDW-1500B-03ST.xlsx,03ST
B0303ST,15,284,District - Champhai,Total,Graduate and above other than technical degree,Main workers_Males,1561.0,DDW-1500B-03ST.xlsx,03ST
B0303ST,15,284,District - Champhai,Total,Technical degree or diploma equal to degree or post-graduate degree,Main workers_Males,201.0,DDW-1500B-03ST.xlsx,03ST
B0303ST,15,284,District - Champhai,Rural,Total,Main workers_Males,20110.0,DDW-1500B-03ST.xlsx,03ST
B0303ST,15,284,District - Champhai,Rural,Illiterate,Main workers_Males,471.0,DDW-1500B-03ST.xlsx,03ST
B0303ST,15,284,District - Champhai,Rural,Literate,Main workers_Males,19639.0,DDW-1500B-03ST.xlsx,03ST
B0303ST,15,284,District - Champhai,Rural,Literate but below matric/secondary,Main workers_Males,16601.0,DDW-1500B-03ST.xlsx,03ST
B0303ST,15,284,District - Champhai,Rural,Matric/secondary but below graduate,Main workers_Males,1701.0,DDW-1500B-03ST.xlsx,03ST
B0303ST,15,284,District - Champhai,Rural,Technical diploma or certificate not equal to degree,Main workers_Males,8.0,DDW-1500B-03ST.xlsx,03ST
B0303ST,15,284,District - Champhai,Rural,Graduate and above other than technical degree,Main workers_Males,770.0,DDW-1500B-03ST.xlsx,03ST
B0303ST,15,284,District - Champhai,Rural,Technical degree or diploma equal to degree or post-graduate degree,Main workers_Males,87.0,DDW-1500B-03ST.xlsx,03ST
B0303ST,15,284,District - Champhai,Urban,Total,Main workers_Males,10504.0,DDW-1500B-03ST.xlsx,03ST
B0303ST,15,284,District - Champhai,Urban,Illiterate,Main workers_Males,140.0,DDW-1500B-03ST.xlsx,03ST
B0303ST,15,284,District - Champhai,Urban,Literate,Main workers_Males,10364.0,DDW-1500B-03ST.xlsx,03ST
B0303ST,15,284,District - Champhai,Urban,Literate but below matric/secondary,Main workers_Males,7544.0,DDW-1500B-03ST.xlsx,03ST
B0303ST,15,284,District - Champhai,Urban,Matric/secondary but below graduate,Main workers_Males,1727.0,DDW-1500B-03ST.xlsx,03ST
B0303ST,15,284,District - Champhai,Urban,Technical diploma or certificate not equal to degree,Main workers_Males,30.0,DDW-1500B-03ST.xlsx,03ST
B0303ST,15,284,District - Champhai,Urban,Graduate and above other than technical degree,Main workers_Males,791.0,DDW-1500B-03ST.xlsx,03ST
B0303ST,15,284,District - Champhai,Urban,Technical degree or diploma equal to degree or post-graduate degree,Main workers_Males,114.0,DDW-1500B-03ST.xlsx,03ST
B0303ST,15,285,District - Serchhip,Total,Total,Main workers_Males,16334.0,DDW-1500B-03ST.xlsx,03ST
B0303ST,15,285,District - Serchhip,Total,Illiterate,Main workers_Males,186.0,DDW-1500B-03ST.xlsx,03ST
B0303ST,15,285,District - Serchhip,Total,Literate,Main workers_Males,16148.0,DDW-1500B-03ST.xlsx,03ST
B0303ST,15,285,District - Serchhip,Total,Literate but below matric/secondary,Main workers_Males,12629.0,DDW-1500B-03ST.xlsx,03ST
B0303ST,15,285,District - Serchhip,Total,Matric/secondary but below graduate,Main workers_Males,2214.0,DDW-1500B-03ST.xlsx,03ST
B0303ST,15,285,District - Serchhip,Total,Technical diploma or certificate not equal to degree,Main workers_Males,40.0,DDW-1500B-03ST.xlsx,03ST
B0303ST,15,285,District - Serchhip,Total,Graduate and above other than technical degree,Main workers_Males,895.0,DDW-1500B-03ST.xlsx,03ST
B0303ST,15,285,District - Serchhip,Total,Technical degree or diploma equal to degree or post-graduate degree,Main workers_Males,139.0,DDW-1500B-03ST.xlsx,03ST
B0303ST,15,285,District - Serchhip,Rural,Total,Main workers_Males,8982.0,DDW-1500B-03ST.xlsx,03ST
B0303ST,15,285,District - Serchhip,Rural,Illiterate,Main workers_Males,103.0,DDW-1500B-03ST.xlsx,03ST
B0303ST,15,285,District - Serchhip,Rural,Literate,Main workers_Males,8879.0,DDW-1500B-03ST.xlsx,03ST
B0303ST,15,285,District - Serchhip,Rural,Literate but below matric/secondary,Main workers_Males,7424.0,DDW-1500B-03ST.xlsx,03ST
B0303ST,15,285,District - Serchhip,Rural,Matric/secondary but below graduate,Main workers_Males,928.0,DDW-1500B-03ST.xlsx,03ST
B0303ST,15,285,District - Serchhip,Rural,Technical diploma or certificate not equal to degree,Main workers_Males,17.0,DDW-1500B-03ST.xlsx,03ST
B0303ST,15,285,District - Serchhip,Rural,Graduate and above other than technical degree,Main workers_Males,377.0,DDW-1500B-03ST.xlsx,03ST
B0303ST,15,285,District - Serchhip,Rural,Technical degree or diploma equal to degree or post-graduate degree,Main workers_Males,45.0,DDW-1500B-03ST.xlsx,03ST
B0303ST,15,285,District - Serchhip,Urban,Total,Main workers_Males,7352.0,DDW-1500B-03ST.xlsx,03ST
B0303ST,15,285,District - Serchhip,Urban,Illiterate,Main workers_Males,83.0,DDW-1500B-03ST.xlsx,03ST
B0303ST,15,285,District - Serchhip,Urban,Literate,Main workers_Males,7269.0,DDW-1500B-03ST.xlsx,03ST
B0303ST,15,285,District - Serchhip,Urban,Literate but below matric/secondary,Main workers_Males,5205.0,DDW-1500B-03ST.xlsx,03ST
B0303ST,15,285,District - Serchhip,Urban,Matric/secondary but below graduate,Main workers_Males,1286.0,DDW-1500B-03ST.xlsx,03ST
B0303ST,15,285,District - Serchhip,Urban,Technical diploma or certificate not equal to degree,Main workers_Males,23.0,DDW-1500B-03ST.xlsx,03ST
B0303ST,15,285,District - Serchhip,Urban,Graduate and above other than technical degree,Main workers_Males,518.0,DDW-1500B-03ST.xlsx,03ST
B0303ST,15,285,District - Serchhip,Urban,Technical degree or diploma equal to degree or post-graduate degree,Main workers_Males,94.0,DDW-1500B-03ST.xlsx,03ST
B0303ST,15,286,District - Lunglei,Total,Total,Main workers_Males,36599.0,DDW-1500B-03ST.xlsx,03ST
B0303ST,15,286,District - Lunglei,Total,Illiterate,Main workers_Males,3449.0,DDW-1500B-03ST.xlsx,03ST
B0303ST,15,286,District - Lunglei,Total,Literate,Main workers_Males,33150.0,DDW-1500B-03ST.xlsx,03ST
B0303ST,15,286,District - Lunglei,Total,Literate but below matric/secondary,Main workers_Males,25022.0,DDW-1500B-03ST.xlsx,03ST
B0303ST,15,286,District - Lunglei,Total,Matric/secondary but below graduate,Main workers_Males,4870.0,DDW-1500B-03ST.xlsx,03ST
B0303ST,15,286,District - Lunglei,Total,Technical diploma or certificate not equal to degree,Main workers_Males,136.0,DDW-1500B-03ST.xlsx,03ST
B0303ST,15,286,District - Lunglei,Total,Graduate and above other than technical degree,Main workers_Males,1995.0,DDW-1500B-03ST.xlsx,03ST
B0303ST,15,286,District - Lunglei,Total,Technical degree or diploma equal to degree or post-graduate degree,Main workers_Males,316.0,DDW-1500B-03ST.xlsx,03ST
B0303ST,15,286,District - Lunglei,Rural,Total,Main workers_Males,23682.0,DDW-1500B-03ST.xlsx,03ST
B0303ST,15,286,District - Lunglei,Rural,Illiterate,Main workers_Males,3281.0,DDW-1500B-03ST.xlsx,03ST
B0303ST,15,286,District - Lunglei,Rural,Literate,Main workers_Males,20401.0,DDW-1500B-03ST.xlsx,03ST
B0303ST,15,286,District - Lunglei,Rural,Literate but below matric/secondary,Main workers_Males,17211.0,DDW-1500B-03ST.xlsx,03ST
B0303ST,15,286,District - Lunglei,Rural,Matric/secondary but below graduate,Main workers_Males,1872.0,DDW-1500B-03ST.xlsx,03ST
B0303ST,15,286,District - Lunglei,Rural,Technical diploma or certificate not equal to degree,Main workers_Males,24.0,DDW-1500B-03ST.xlsx,03ST
B0303ST,15,286,District - Lunglei,Rural,Graduate and above other than technical degree,Main workers_Males,617.0,DDW-1500B-03ST.xlsx,03ST
B0303ST,15,286,District - Lunglei,Rural,Technical degree or diploma equal to degree or post-graduate degree,Main workers_Males,82.0,DDW-1500B-03ST.xlsx,03ST
B0303ST,15,286,District - Lunglei,Urban,Total,Main workers_Males,12917.0,DDW-1500B-03ST.xlsx,03ST
B0303ST,15,286,District - Lunglei,Urban,Illiterate,Main workers_Males,168.0,DDW-1500B-03ST.xlsx,03ST
B0303ST,15,286,District - Lunglei,Urban,Literate,Main workers_Males,12749.0,DDW-1500B-03ST.xlsx,03ST
B0303ST,15,286,District - Lunglei,Urban,Literate but below matric/secondary,Main workers_Males,7811.0,DDW-1500B-03ST.xlsx,03ST
B0303ST,15,286,District - Lunglei,Urban,Matric/secondary but below graduate,Main workers_Males,2998.0,DDW-1500B-03ST.xlsx,03ST
B0303ST,15,286,District - Lunglei,Urban,Technical diploma or certificate not equal to degree,Main workers_Males,112.0,DDW-1500B-03ST.xlsx,03ST
B0303ST,15,286,District - Lunglei,Urban,Graduate and above other than technical degree,Main workers_Males,1378.0,DDW-1500B-03ST.xlsx,03ST
B0303ST,15,286,District - Lunglei,Urban,Technical degree or diploma equal to degree or post-graduate degree,Main workers_Males,234.0,DDW-1500B-03ST.xlsx,03ST
B0303ST,15,287,District - Lawngtlai,Total,Total,Main workers_Males,23470.0,DDW-1500B-03ST.xlsx,03ST
B0303ST,15,287,District - Lawngtlai,Total,Illiterate,Main workers_Males,7424.0,DDW-1500B-03ST.xlsx,03ST
B0303ST,15,287,District - Lawngtlai,Total,Literate,Main workers_Males,16046.0,DDW-1500B-03ST.xlsx,03ST
B0303ST,15,287,District - Lawngtlai,Total,Literate but below matric/secondary,Main workers_Males,11427.0,DDW-1500B-03ST.xlsx,03ST
B0303ST,15,287,District - Lawngtlai,Total,Matric/secondary but below graduate,Main workers_Males,2889.0,DDW-1500B-03ST.xlsx,03ST
B0303ST,15,287,District - Lawngtlai,Total,Technical diploma or certificate not equal to degree,Main workers_Males,38.0,DDW-1500B-03ST.xlsx,03ST
B0303ST,15,287,District - Lawngtlai,Total,Graduate and above other than technical degree,Main workers_Males,1058.0,DDW-1500B-03ST.xlsx,03ST
B0303ST,15,287,District - Lawngtlai,Total,Technical degree or diploma equal to degree or post-graduate degree,Main workers_Males,146.0,DDW-1500B-03ST.xlsx,03ST
B0303ST,15,287,District - Lawngtlai,Rural,Total,Main workers_Males,20275.0,DDW-1500B-03ST.xlsx,03ST
B0303ST,15,287,District - Lawngtlai,Rural,Illiterate,Main workers_Males,7345.0,DDW-1500B-03ST.xlsx,03ST
B0303ST,15,287,District - Lawngtlai,Rural,Literate,Main workers_Males,12930.0,DDW-1500B-03ST.xlsx,03ST
B0303ST,15,287,District - Lawngtlai,Rural,Literate but below matric/secondary,Main workers_Males,9764.0,DDW-1500B-03ST.xlsx,03ST
B0303ST,15,287,District - Lawngtlai,Rural,Matric/secondary but below graduate,Main workers_Males,2062.0,DDW-1500B-03ST.xlsx,03ST
B0303ST,15,287,District - Lawngtlai,Rural,Technical diploma or certificate not equal to degree,Main workers_Males,22.0,DDW-1500B-03ST.xlsx,03ST
B0303ST,15,287,District - Lawngtlai,Rural,Graduate and above other than technical degree,Main workers_Males,546.0,DDW-1500B-03ST.xlsx,03ST
B0303ST,15,287,District - Lawngtlai,Rural,Technical degree or diploma equal to degree or post-graduate degree,Main workers_Males,89.0,DDW-1500B-03ST.xlsx,03ST
B0303ST,15,287,District - Lawngtlai,Urban,Total,Main workers_Males,3195.0,DDW-1500B-03ST.xlsx,03ST
B0303ST,15,287,District - Lawngtlai,Urban,Illiterate,Main workers_Males,79.0,DDW-1500B-03ST.xlsx,03ST
B0303ST,15,287,District - Lawngtlai,Urban,Literate,Main workers_Males,3116.0,DDW-1500B-03ST.xlsx,03ST
B0303ST,15,287,District - Lawngtlai,Urban,Literate but below matric/secondary,Main workers_Males,1663.0,DDW-1500B-03ST.xlsx,03ST
B0303ST,15,287,District - Lawngtlai,Urban,Matric/secondary but below graduate,Main workers_Males,827.0,DDW-1500B-03ST.xlsx,03ST
B0303ST,15,287,District - Lawngtlai,Urban,Technical diploma or certificate not equal to degree,Main workers_Males,16.0,DDW-1500B-03ST.xlsx,03ST
B0303ST,15,287,District - Lawngtlai,Urban,Graduate and above other than technical degree,Main workers_Males,512.0,DDW-1500B-03ST.xlsx,03ST
B0303ST,15,287,District - Lawngtlai,Urban,Technical degree or diploma equal to degree or post-graduate degree,Main workers_Males,57.0,DDW-1500B-03ST.xlsx,03ST
B0303ST,15,288,District - Saiha,Total,Total,Main workers_Males,9095.0,DDW-1500B-03ST.xlsx,03ST
B0303ST,15,288,District - Saiha,Total,Illiterate,Main workers_Males,596.0,DDW-1500B-03ST.xlsx,03ST
B0303ST,15,288,District - Saiha,Total,Literate,Main workers_Males,8499.0,DDW-1500B-03ST.xlsx,03ST
B0303ST,15,288,District - Saiha,Total,Literate but below matric/secondary,Main workers_Males,5482.0,DDW-1500B-03ST.xlsx,03ST
B0303ST,15,288,District - Saiha,Total,Matric/secondary but below graduate,Main workers_Males,1946.0,DDW-1500B-03ST.xlsx,03ST
B0303ST,15,288,District - Saiha,Total,Technical diploma or certificate not equal to degree,Main workers_Males,55.0,DDW-1500B-03ST.xlsx,03ST
B0303ST,15,288,District - Saiha,Total,Graduate and above other than technical degree,Main workers_Males,757.0,DDW-1500B-03ST.xlsx,03ST
B0303ST,15,288,District - Saiha,Total,Technical degree or diploma equal to degree or post-graduate degree,Main workers_Males,117.0,DDW-1500B-03ST.xlsx,03ST
B0303ST,15,288,District - Saiha,Rural,Total,Main workers_Males,5374.0,DDW-1500B-03ST.xlsx,03ST
B0303ST,15,288,District - Saiha,Rural,Illiterate,Main workers_Males,516.0,DDW-1500B-03ST.xlsx,03ST
B0303ST,15,288,District - Saiha,Rural,Literate,Main workers_Males,4858.0,DDW-1500B-03ST.xlsx,03ST
B0303ST,15,288,District - Saiha,Rural,Literate but below matric/secondary,Main workers_Males,3650.0,DDW-1500B-03ST.xlsx,03ST
B0303ST,15,288,District - Saiha,Rural,Matric/secondary but below graduate,Main workers_Males,837.0,DDW-1500B-03ST.xlsx,03ST
B0303ST,15,288,District - Saiha,Rural,Technical diploma or certificate not equal to degree,Main workers_Males,8.0,DDW-1500B-03ST.xlsx,03ST
B0303ST,15,288,District - Saiha,Rural,Graduate and above other than technical degree,Main workers_Males,242.0,DDW-1500B-03ST.xlsx,03ST
B0303ST,15,288,District - Saiha,Rural,Technical degree or diploma equal to degree or post-graduate degree,Main workers_Males,23.0,DDW-1500B-03ST.xlsx,03ST
B0303ST,15,288,District - Saiha,Urban,Total,Main workers_Males,3721.0,DDW-1500B-03ST.xlsx,03ST
B0303ST,15,288,District - Saiha,Urban,Illiterate,Main workers_Males,80.0,DDW-1500B-03ST.xlsx,03ST
B0303ST,15,288,District - Saiha,Urban,Literate,Main workers_Males,3641.0,DDW-1500B-03ST.xlsx,03ST
B0303ST,15,288,District - Saiha,Urban,Literate but below matric/secondary,Main workers_Males,1832.0,DDW-1500B-03ST.xlsx,03ST
B0303ST,15,288,District - Saiha,Urban,Matric/secondary but below graduate,Main workers_Males,1109.0,DDW-1500B-03ST.xlsx,03ST
B0303ST,15,288,District - Saiha,Urban,Technical diploma or certificate not equal to degree,Main workers_Males,47.0,DDW-1500B-03ST.xlsx,03ST
B0303ST,15,288,District - Saiha,Urban,Graduate and above other than technical degree,Main workers_Males,515.0,DDW-1500B-03ST.xlsx,03ST
B0303ST,15,288,District - Saiha,Urban,Technical degree or diploma equal to degree or post-graduate degree,Main workers_Males,94.0,DDW-1500B-03ST.xlsx,03ST
B0303ST,15,000,State - MIZORAM,Total,Total,Main workers_Females,146909.0,DDW-1500B-03ST.xlsx,03ST
B0303ST,15,000,State - MIZORAM,Total,Illiterate,Main workers_Females,16543.0,DDW-1500B-03ST.xlsx,03ST
B0303ST,15,000,State - MIZORAM,Total,Literate,Main workers_Females,130366.0,DDW-1500B-03ST.xlsx,03ST
B0303ST,15,000,State - MIZORAM,Total,Literate but below matric/secondary,Main workers_Females,92950.0,DDW-1500B-03ST.xlsx,03ST
B0303ST,15,000,State - MIZORAM,Total,Matric/secondary but below graduate,Main workers_Females,22456.0,DDW-1500B-03ST.xlsx,03ST
B0303ST,15,000,State - MIZORAM,Total,Technical diploma or certificate not equal to degree,Main workers_Females,413.0,DDW-1500B-03ST.xlsx,03ST
B0303ST,15,000,State - MIZORAM,Total,Graduate and above other than technical degree,Main workers_Females,10309.0,DDW-1500B-03ST.xlsx,03ST
B0303ST,15,000,State - MIZORAM,Total,Technical degree or diploma equal to degree or post-graduate degree,Main workers_Females,1363.0,DDW-1500B-03ST.xlsx,03ST
B0303ST,15,000,State - MIZORAM,Rural,Total,Main workers_Females,81100.0,DDW-1500B-03ST.xlsx,03ST
B0303ST,15,000,State - MIZORAM,Rural,Illiterate,Main workers_Females,15464.0,DDW-1500B-03ST.xlsx,03ST
B0303ST,15,000,State - MIZORAM,Rural,Literate,Main workers_Females,65636.0,DDW-1500B-03ST.xlsx,03ST
B0303ST,15,000,State - MIZORAM,Rural,Literate but below matric/secondary,Main workers_Females,56073.0,DDW-1500B-03ST.xlsx,03ST
B0303ST,15,000,State - MIZORAM,Rural,Matric/secondary but below graduate,Main workers_Females,6056.0,DDW-1500B-03ST.xlsx,03ST
B0303ST,15,000,State - MIZORAM,Rural,Technical diploma or certificate not equal to degree,Main workers_Females,51.0,DDW-1500B-03ST.xlsx,03ST
B0303ST,15,000,State - MIZORAM,Rural,Graduate and above other than technical degree,Main workers_Females,1597.0,DDW-1500B-03ST.xlsx,03ST
B0303ST,15,000,State - MIZORAM,Rural,Technical degree or diploma equal to degree or post-graduate degree,Main workers_Females,91.0,DDW-1500B-03ST.xlsx,03ST
B0303ST,15,000,State - MIZORAM,Urban,Total,Main workers_Females,65809.0,DDW-1500B-03ST.xlsx,03ST
B0303ST,15,000,State - MIZORAM,Urban,Illiterate,Main workers_Females,1079.0,DDW-1500B-03ST.xlsx,03ST
B0303ST,15,000,State - MIZORAM,Urban,Literate,Main workers_Females,64730.0,DDW-1500B-03ST.xlsx,03ST
B0303ST,15,000,State - MIZORAM,Urban,Literate but below matric/secondary,Main workers_Females,36877.0,DDW-1500B-03ST.xlsx,03ST
B0303ST,15,000,State - MIZORAM,Urban,Matric/secondary but below graduate,Main workers_Females,16400.0,DDW-1500B-03ST.xlsx,03ST
B0303ST,15,000,State - MIZORAM,Urban,Technical diploma or certificate not equal to degree,Main workers_Females,362.0,DDW-1500B-03ST.xlsx,03ST
B0303ST,15,000,State - MIZORAM,Urban,Graduate and above other than technical degree,Main workers_Females,8712.0,DDW-1500B-03ST.xlsx,03ST
B0303ST,15,000,State - MIZORAM,Urban,Technical degree or diploma equal to degree or post-graduate degree,Main workers_Females,1272.0,DDW-1500B-03ST.xlsx,03ST
B0303ST,15,281,District - Mamit,Total,Total,Main workers_Females,12639.0,DDW-1500B-03ST.xlsx,03ST
B0303ST,15,281,District - Mamit,Total,Illiterate,Main workers_Females,2676.0,DDW-1500B-03ST.xlsx,03ST
B0303ST,15,281,District - Mamit,Total,Literate,Main workers_Females,9963.0,DDW-1500B-03ST.xlsx,03ST
B0303ST,15,281,District - Mamit,Total,Literate but below matric/secondary,Main workers_Females,8274.0,DDW-1500B-03ST.xlsx,03ST
B0303ST,15,281,District - Mamit,Total,Matric/secondary but below graduate,Main workers_Females,1165.0,DDW-1500B-03ST.xlsx,03ST
B0303ST,15,281,District - Mamit,Total,Technical diploma or certificate not equal to degree,Main workers_Females,5.0,DDW-1500B-03ST.xlsx,03ST
B0303ST,15,281,District - Mamit,Total,Graduate and above other than technical degree,Main workers_Females,333.0,DDW-1500B-03ST.xlsx,03ST
B0303ST,15,281,District - Mamit,Total,Technical degree or diploma equal to degree or post-graduate degree,Main workers_Females,20.0,DDW-1500B-03ST.xlsx,03ST
B0303ST,15,281,District - Mamit,Rural,Total,Main workers_Females,10902.0,DDW-1500B-03ST.xlsx,03ST
B0303ST,15,281,District - Mamit,Rural,Illiterate,Main workers_Females,2614.0,DDW-1500B-03ST.xlsx,03ST
B0303ST,15,281,District - Mamit,Rural,Literate,Main workers_Females,8288.0,DDW-1500B-03ST.xlsx,03ST
B0303ST,15,281,District - Mamit,Rural,Literate but below matric/secondary,Main workers_Females,7061.0,DDW-1500B-03ST.xlsx,03ST
B0303ST,15,281,District - Mamit,Rural,Matric/secondary but below graduate,Main workers_Females,867.0,DDW-1500B-03ST.xlsx,03ST
B0303ST,15,281,District - Mamit,Rural,Technical diploma or certificate not equal to degree,Main workers_Females,2.0,DDW-1500B-03ST.xlsx,03ST
B0303ST,15,281,District - Mamit,Rural,Graduate and above other than technical degree,Main workers_Females,211.0,DDW-1500B-03ST.xlsx,03ST
B0303ST,15,281,District - Mamit,Rural,Technical degree or diploma equal to degree or post-graduate degree,Main workers_Females,10.0,DDW-1500B-03ST.xlsx,03ST
B0303ST,15,281,District - Mamit,Urban,Total,Main workers_Females,1737.0,DDW-1500B-03ST.xlsx,03ST
B0303ST,15,281,District - Mamit,Urban,Illiterate,Main workers_Females,62.0,DDW-1500B-03ST.xlsx,03ST
B0303ST,15,281,District - Mamit,Urban,Literate,Main workers_Females,1675.0,DDW-1500B-03ST.xlsx,03ST
B0303ST,15,281,District - Mamit,Urban,Literate but below matric/secondary,Main workers_Females,1213.0,DDW-1500B-03ST.xlsx,03ST
B0303ST,15,281,District - Mamit,Urban,Matric/secondary but below graduate,Main workers_Females,298.0,DDW-1500B-03ST.xlsx,03ST
B0303ST,15,281,District - Mamit,Urban,Technical diploma or certificate not equal to degree,Main workers_Females,3.0,DDW-1500B-03ST.xlsx,03ST
B0303ST,15,281,District - Mamit,Urban,Graduate and above other than technical degree,Main workers_Females,122.0,DDW-1500B-03ST.xlsx,03ST
B0303ST,15,281,District - Mamit,Urban,Technical degree or diploma equal to degree or post-graduate degree,Main workers_Females,10.0,DDW-1500B-03ST.xlsx,03ST
B0303ST,15,282,District - Kolasib,Total,Total,Main workers_Females,8736.0,DDW-1500B-03ST.xlsx,03ST
B0303ST,15,282,District - Kolasib,Total,Illiterate,Main workers_Females,589.0,DDW-1500B-03ST.xlsx,03ST
B0303ST,15,282,District - Kolasib,Total,Literate,Main workers_Females,8147.0,DDW-1500B-03ST.xlsx,03ST
B0303ST,15,282,District - Kolasib,Total,Literate but below matric/secondary,Main workers_Females,6235.0,DDW-1500B-03ST.xlsx,03ST
B0303ST,15,282,District - Kolasib,Total,Matric/secondary but below graduate,Main workers_Females,1169.0,DDW-1500B-03ST.xlsx,03ST
B0303ST,15,282,District - Kolasib,Total,Technical diploma or certificate not equal to degree,Main workers_Females,16.0,DDW-1500B-03ST.xlsx,03ST
B0303ST,15,282,District - Kolasib,Total,Graduate and above other than technical degree,Main workers_Females,451.0,DDW-1500B-03ST.xlsx,03ST
B0303ST,15,282,District - Kolasib,Total,Technical degree or diploma equal to degree or post-graduate degree,Main workers_Females,61.0,DDW-1500B-03ST.xlsx,03ST
B0303ST,15,282,District - Kolasib,Rural,Total,Main workers_Females,4476.0,DDW-1500B-03ST.xlsx,03ST
B0303ST,15,282,District - Kolasib,Rural,Illiterate,Main workers_Females,495.0,DDW-1500B-03ST.xlsx,03ST
B0303ST,15,282,District - Kolasib,Rural,Literate,Main workers_Females,3981.0,DDW-1500B-03ST.xlsx,03ST
B0303ST,15,282,District - Kolasib,Rural,Literate but below matric/secondary,Main workers_Females,3398.0,DDW-1500B-03ST.xlsx,03ST
B0303ST,15,282,District - Kolasib,Rural,Matric/secondary but below graduate,Main workers_Females,358.0,DDW-1500B-03ST.xlsx,03ST
B0303ST,15,282,District - Kolasib,Rural,Technical diploma or certificate not equal to degree,Main workers_Females,1.0,DDW-1500B-03ST.xlsx,03ST
B0303ST,15,282,District - Kolasib,Rural,Graduate and above other than technical degree,Main workers_Females,88.0,DDW-1500B-03ST.xlsx,03ST
B0303ST,15,282,District - Kolasib,Rural,Technical degree or diploma equal to degree or post-graduate degree,Main workers_Females,5.0,DDW-1500B-03ST.xlsx,03ST
B0303ST,15,282,District - Kolasib,Urban,Total,Main workers_Females,4260.0,DDW-1500B-03ST.xlsx,03ST
B0303ST,15,282,District - Kolasib,Urban,Illiterate,Main workers_Females,94.0,DDW-1500B-03ST.xlsx,03ST
B0303ST,15,282,District - Kolasib,Urban,Literate,Main workers_Females,4166.0,DDW-1500B-03ST.xlsx,03ST
B0303ST,15,282,District - Kolasib,Urban,Literate but below matric/secondary,Main workers_Females,2837.0,DDW-1500B-03ST.xlsx,03ST
B0303ST,15,282,District - Kolasib,Urban,Matric/secondary but below graduate,Main workers_Females,811.0,DDW-1500B-03ST.xlsx,03ST
B0303ST,15,282,District - Kolasib,Urban,Technical diploma or certificate not equal to degree,Main workers_Females,15.0,DDW-1500B-03ST.xlsx,03ST
B0303ST,15,282,District - Kolasib,Urban,Graduate and above other than technical degree,Main workers_Females,363.0,DDW-1500B-03ST.xlsx,03ST
B0303ST,15,282,District - Kolasib,Urban,Technical degree or diploma equal to degree or post-graduate degree,Main workers_Females,56.0,DDW-1500B-03ST.xlsx,03ST
B0303ST,15,283,District - Aizawl,Total,Total,Main workers_Females,54738.0,DDW-1500B-03ST.xlsx,03ST
B0303ST,15,283,District - Aizawl,Total,Illiterate,Main workers_Females,828.0,DDW-1500B-03ST.xlsx,03ST
B0303ST,15,283,District - Aizawl,Total,Literate,Main workers_Females,53910.0,DDW-1500B-03ST.xlsx,03ST
B0303ST,15,283,District - Aizawl,Total,Literate but below matric/secondary,Main workers_Females,32974.0,DDW-1500B-03ST.xlsx,03ST
B0303ST,15,283,District - Aizawl,Total,Matric/secondary but below graduate,Main workers_Females,12143.0,DDW-1500B-03ST.xlsx,03ST
B0303ST,15,283,District - Aizawl,Total,Technical diploma or certificate not equal to degree,Main workers_Females,259.0,DDW-1500B-03ST.xlsx,03ST
B0303ST,15,283,District - Aizawl,Total,Graduate and above other than technical degree,Main workers_Females,6606.0,DDW-1500B-03ST.xlsx,03ST
B0303ST,15,283,District - Aizawl,Total,Technical degree or diploma equal to degree or post-graduate degree,Main workers_Females,962.0,DDW-1500B-03ST.xlsx,03ST
B0303ST,15,283,District - Aizawl,Rural,Total,Main workers_Females,15792.0,DDW-1500B-03ST.xlsx,03ST
B0303ST,15,283,District - Aizawl,Rural,Illiterate,Main workers_Females,444.0,DDW-1500B-03ST.xlsx,03ST
B0303ST,15,283,District - Aizawl,Rural,Literate,Main workers_Females,15348.0,DDW-1500B-03ST.xlsx,03ST
B0303ST,15,283,District - Aizawl,Rural,Literate but below matric/secondary,Main workers_Females,13001.0,DDW-1500B-03ST.xlsx,03ST
B0303ST,15,283,District - Aizawl,Rural,Matric/secondary but below graduate,Main workers_Females,1527.0,DDW-1500B-03ST.xlsx,03ST
B0303ST,15,283,District - Aizawl,Rural,Technical diploma or certificate not equal to degree,Main workers_Females,15.0,DDW-1500B-03ST.xlsx,03ST
B0303ST,15,283,District - Aizawl,Rural,Graduate and above other than technical degree,Main workers_Females,407.0,DDW-1500B-03ST.xlsx,03ST
B0303ST,15,283,District - Aizawl,Rural,Technical degree or diploma equal to degree or post-graduate degree,Main workers_Females,19.0,DDW-1500B-03ST.xlsx,03ST
B0303ST,15,283,District - Aizawl,Urban,Total,Main workers_Females,38946.0,DDW-1500B-03ST.xlsx,03ST
B0303ST,15,283,District - Aizawl,Urban,Illiterate,Main workers_Females,384.0,DDW-1500B-03ST.xlsx,03ST
B0303ST,15,283,District - Aizawl,Urban,Literate,Main workers_Females,38562.0,DDW-1500B-03ST.xlsx,03ST
B0303ST,15,283,District - Aizawl,Urban,Literate but below matric/secondary,Main workers_Females,19973.0,DDW-1500B-03ST.xlsx,03ST
B0303ST,15,283,District - Aizawl,Urban,Matric/secondary but below graduate,Main workers_Females,10616.0,DDW-1500B-03ST.xlsx,03ST
B0303ST,15,283,District - Aizawl,Urban,Technical diploma or certificate not equal to degree,Main workers_Females,244.0,DDW-1500B-03ST.xlsx,03ST
B0303ST,15,283,District - Aizawl,Urban,Graduate and above other than technical degree,Main workers_Females,6199.0,DDW-1500B-03ST.xlsx,03ST
B0303ST,15,283,District - Aizawl,Urban,Technical degree or diploma equal to degree or post-graduate degree,Main workers_Females,943.0,DDW-1500B-03ST.xlsx,03ST
B0303ST,15,284,District - Champhai,Total,Total,Main workers_Females,21345.0,DDW-1500B-03ST.xlsx,03ST
B0303ST,15,284,District - Champhai,Total,Illiterate,Main workers_Females,1014.0,DDW-1500B-03ST.xlsx,03ST
B0303ST,15,284,District - Champhai,Total,Literate,Main workers_Females,20331.0,DDW-1500B-03ST.xlsx,03ST
B0303ST,15,284,District - Champhai,Total,Literate but below matric/secondary,Main workers_Females,16966.0,DDW-1500B-03ST.xlsx,03ST
B0303ST,15,284,District - Champhai,Total,Matric/secondary but below graduate,Main workers_Females,1955.0,DDW-1500B-03ST.xlsx,03ST
B0303ST,15,284,District - Champhai,Total,Technical diploma or certificate not equal to degree,Main workers_Females,21.0,DDW-1500B-03ST.xlsx,03ST
B0303ST,15,284,District - Champhai,Total,Graduate and above other than technical degree,Main workers_Females,780.0,DDW-1500B-03ST.xlsx,03ST
B0303ST,15,284,District - Champhai,Total,Technical degree or diploma equal to degree or post-graduate degree,Main workers_Females,70.0,DDW-1500B-03ST.xlsx,03ST
B0303ST,15,284,District - Champhai,Rural,Total,Main workers_Females,15474.0,DDW-1500B-03ST.xlsx,03ST
B0303ST,15,284,District - Champhai,Rural,Illiterate,Main workers_Females,833.0,DDW-1500B-03ST.xlsx,03ST
B0303ST,15,284,District - Champhai,Rural,Literate,Main workers_Females,14641.0,DDW-1500B-03ST.xlsx,03ST
B0303ST,15,284,District - Champhai,Rural,Literate but below matric/secondary,Main workers_Females,12885.0,DDW-1500B-03ST.xlsx,03ST
B0303ST,15,284,District - Champhai,Rural,Matric/secondary but below graduate,Main workers_Females,1011.0,DDW-1500B-03ST.xlsx,03ST
B0303ST,15,284,District - Champhai,Rural,Technical diploma or certificate not equal to degree,Main workers_Females,9.0,DDW-1500B-03ST.xlsx,03ST
B0303ST,15,284,District - Champhai,Rural,Graduate and above other than technical degree,Main workers_Females,278.0,DDW-1500B-03ST.xlsx,03ST
B0303ST,15,284,District - Champhai,Rural,Technical degree or diploma equal to degree or post-graduate degree,Main workers_Females,18.0,DDW-1500B-03ST.xlsx,03ST
B0303ST,15,284,District - Champhai,Urban,Total,Main workers_Females,5871.0,DDW-1500B-03ST.xlsx,03ST
B0303ST,15,284,District - Champhai,Urban,Illiterate,Main workers_Females,181.0,DDW-1500B-03ST.xlsx,03ST
B0303ST,15,284,District - Champhai,Urban,Literate,Main workers_Females,5690.0,DDW-1500B-03ST.xlsx,03ST
B0303ST,15,284,District - Champhai,Urban,Literate but below matric/secondary,Main workers_Females,4081.0,DDW-1500B-03ST.xlsx,03ST
B0303ST,15,284,District - Champhai,Urban,Matric/secondary but below graduate,Main workers_Females,944.0,DDW-1500B-03ST.xlsx,03ST
B0303ST,15,284,District - Champhai,Urban,Technical diploma or certificate not equal to degree,Main workers_Females,12.0,DDW-1500B-03ST.xlsx,03ST
B0303ST,15,284,District - Champhai,Urban,Graduate and above other than technical degree,Main workers_Females,502.0,DDW-1500B-03ST.xlsx,03ST
B0303ST,15,284,District - Champhai,Urban,Technical degree or diploma equal to degree or post-graduate degree,Main workers_Females,52.0,DDW-1500B-03ST.xlsx,03ST
B0303ST,15,285,District - Serchhip,Total,Total,Main workers_Females,12272.0,DDW-1500B-03ST.xlsx,03ST
B0303ST,15,285,District - Serchhip,Total,Illiterate,Main workers_Females,228.0,DDW-1500B-03ST.xlsx,03ST
B0303ST,15,285,District - Serchhip,Total,Literate,Main workers_Females,12044.0,DDW-1500B-03ST.xlsx,03ST
B0303ST,15,285,District - Serchhip,Total,Literate but below matric/secondary,Main workers_Females,9688.0,DDW-1500B-03ST.xlsx,03ST
B0303ST,15,285,District - Serchhip,Total,Matric/secondary but below graduate,Main workers_Females,1587.0,DDW-1500B-03ST.xlsx,03ST
B0303ST,15,285,District - Serchhip,Total,Technical diploma or certificate not equal to degree,Main workers_Females,9.0,DDW-1500B-03ST.xlsx,03ST
B0303ST,15,285,District - Serchhip,Total,Graduate and above other than technical degree,Main workers_Females,481.0,DDW-1500B-03ST.xlsx,03ST
B0303ST,15,285,District - Serchhip,Total,Technical degree or diploma equal to degree or post-graduate degree,Main workers_Females,55.0,DDW-1500B-03ST.xlsx,03ST
B0303ST,15,285,District - Serchhip,Rural,Total,Main workers_Females,7285.0,DDW-1500B-03ST.xlsx,03ST
B0303ST,15,285,District - Serchhip,Rural,Illiterate,Main workers_Females,164.0,DDW-1500B-03ST.xlsx,03ST
B0303ST,15,285,District - Serchhip,Rural,Literate,Main workers_Females,7121.0,DDW-1500B-03ST.xlsx,03ST
B0303ST,15,285,District - Serchhip,Rural,Literate but below matric/secondary,Main workers_Females,6127.0,DDW-1500B-03ST.xlsx,03ST
B0303ST,15,285,District - Serchhip,Rural,Matric/secondary but below graduate,Main workers_Females,695.0,DDW-1500B-03ST.xlsx,03ST
B0303ST,15,285,District - Serchhip,Rural,Technical diploma or certificate not equal to degree,Main workers_Females,3.0,DDW-1500B-03ST.xlsx,03ST
B0303ST,15,285,District - Serchhip,Rural,Graduate and above other than technical degree,Main workers_Females,176.0,DDW-1500B-03ST.xlsx,03ST
B0303ST,15,285,District - Serchhip,Rural,Technical degree or diploma equal to degree or post-graduate degree,Main workers_Females,15.0,DDW-1500B-03ST.xlsx,03ST
B0303ST,15,285,District - Serchhip,Urban,Total,Main workers_Females,4987.0,DDW-1500B-03ST.xlsx,03ST
B0303ST,15,285,District - Serchhip,Urban,Illiterate,Main workers_Females,64.0,DDW-1500B-03ST.xlsx,03ST
B0303ST,15,285,District - Serchhip,Urban,Literate,Main workers_Females,4923.0,DDW-1500B-03ST.xlsx,03ST
B0303ST,15,285,District - Serchhip,Urban,Literate but below matric/secondary,Main workers_Females,3561.0,DDW-1500B-03ST.xlsx,03ST
B0303ST,15,285,District - Serchhip,Urban,Matric/secondary but below graduate,Main workers_Females,892.0,DDW-1500B-03ST.xlsx,03ST
B0303ST,15,285,District - Serchhip,Urban,Technical diploma or certificate not equal to degree,Main workers_Females,6.0,DDW-1500B-03ST.xlsx,03ST
B0303ST,15,285,District - Serchhip,Urban,Graduate and above other than technical degree,Main workers_Females,305.0,DDW-1500B-03ST.xlsx,03ST
B0303ST,15,285,District - Serchhip,Urban,Technical degree or diploma equal to degree or post-graduate degree,Main workers_Females,40.0,DDW-1500B-03ST.xlsx,03ST
B0303ST,15,286,District - Lunglei,Total,Total,Main workers_Females,20683.0,DDW-1500B-03ST.xlsx,03ST
B0303ST,15,286,District - Lunglei,Total,Illiterate,Main workers_Females,3718.0,DDW-1500B-03ST.xlsx,03ST
B0303ST,15,286,District - Lunglei,Total,Literate,Main workers_Females,16965.0,DDW-1500B-03ST.xlsx,03ST
B0303ST,15,286,District - Lunglei,Total,Literate but below matric/secondary,Main workers_Females,12857.0,DDW-1500B-03ST.xlsx,03ST
B0303ST,15,286,District - Lunglei,Total,Matric/secondary but below graduate,Main workers_Females,2464.0,DDW-1500B-03ST.xlsx,03ST
B0303ST,15,286,District - Lunglei,Total,Technical diploma or certificate not equal to degree,Main workers_Females,57.0,DDW-1500B-03ST.xlsx,03ST
B0303ST,15,286,District - Lunglei,Total,Graduate and above other than technical degree,Main workers_Females,988.0,DDW-1500B-03ST.xlsx,03ST
B0303ST,15,286,District - Lunglei,Total,Technical degree or diploma equal to degree or post-graduate degree,Main workers_Females,121.0,DDW-1500B-03ST.xlsx,03ST
B0303ST,15,286,District - Lunglei,Rural,Total,Main workers_Females,14071.0,DDW-1500B-03ST.xlsx,03ST
B0303ST,15,286,District - Lunglei,Rural,Illiterate,Main workers_Females,3583.0,DDW-1500B-03ST.xlsx,03ST
B0303ST,15,286,District - Lunglei,Rural,Literate,Main workers_Females,10488.0,DDW-1500B-03ST.xlsx,03ST
B0303ST,15,286,District - Lunglei,Rural,Literate but below matric/secondary,Main workers_Females,9139.0,DDW-1500B-03ST.xlsx,03ST
B0303ST,15,286,District - Lunglei,Rural,Matric/secondary but below graduate,Main workers_Females,760.0,DDW-1500B-03ST.xlsx,03ST
B0303ST,15,286,District - Lunglei,Rural,Technical diploma or certificate not equal to degree,Main workers_Females,14.0,DDW-1500B-03ST.xlsx,03ST
B0303ST,15,286,District - Lunglei,Rural,Graduate and above other than technical degree,Main workers_Females,228.0,DDW-1500B-03ST.xlsx,03ST
B0303ST,15,286,District - Lunglei,Rural,Technical degree or diploma equal to degree or post-graduate degree,Main workers_Females,12.0,DDW-1500B-03ST.xlsx,03ST
B0303ST,15,286,District - Lunglei,Urban,Total,Main workers_Females,6612.0,DDW-1500B-03ST.xlsx,03ST
B0303ST,15,286,District - Lunglei,Urban,Illiterate,Main workers_Females,135.0,DDW-1500B-03ST.xlsx,03ST
B0303ST,15,286,District - Lunglei,Urban,Literate,Main workers_Females,6477.0,DDW-1500B-03ST.xlsx,03ST
B0303ST,15,286,District - Lunglei,Urban,Literate but below matric/secondary,Main workers_Females,3718.0,DDW-1500B-03ST.xlsx,03ST
B0303ST,15,286,District - Lunglei,Urban,Matric/secondary but below graduate,Main workers_Females,1704.0,DDW-1500B-03ST.xlsx,03ST
B0303ST,15,286,District - Lunglei,Urban,Technical diploma or certificate not equal to degree,Main workers_Females,43.0,DDW-1500B-03ST.xlsx,03ST
B0303ST,15,286,District - Lunglei,Urban,Graduate and above other than technical degree,Main workers_Females,760.0,DDW-1500B-03ST.xlsx,03ST
B0303ST,15,286,District - Lunglei,Urban,Technical degree or diploma equal to degree or post-graduate degree,Main workers_Females,109.0,DDW-1500B-03ST.xlsx,03ST
B0303ST,15,287,District - Lawngtlai,Total,Total,Main workers_Females,11839.0,DDW-1500B-03ST.xlsx,03ST
B0303ST,15,287,District - Lawngtlai,Total,Illiterate,Main workers_Females,6762.0,DDW-1500B-03ST.xlsx,03ST
B0303ST,15,287,District - Lawngtlai,Total,Literate,Main workers_Females,5077.0,DDW-1500B-03ST.xlsx,03ST
B0303ST,15,287,District - Lawngtlai,Total,Literate but below matric/secondary,Main workers_Females,3370.0,DDW-1500B-03ST.xlsx,03ST
B0303ST,15,287,District - Lawngtlai,Total,Matric/secondary but below graduate,Main workers_Females,1049.0,DDW-1500B-03ST.xlsx,03ST
B0303ST,15,287,District - Lawngtlai,Total,Technical diploma or certificate not equal to degree,Main workers_Females,23.0,DDW-1500B-03ST.xlsx,03ST
B0303ST,15,287,District - Lawngtlai,Total,Graduate and above other than technical degree,Main workers_Females,398.0,DDW-1500B-03ST.xlsx,03ST
B0303ST,15,287,District - Lawngtlai,Total,Technical degree or diploma equal to degree or post-graduate degree,Main workers_Females,39.0,DDW-1500B-03ST.xlsx,03ST
B0303ST,15,287,District - Lawngtlai,Rural,Total,Main workers_Females,10332.0,DDW-1500B-03ST.xlsx,03ST
B0303ST,15,287,District - Lawngtlai,Rural,Illiterate,Main workers_Females,6709.0,DDW-1500B-03ST.xlsx,03ST
B0303ST,15,287,District - Lawngtlai,Rural,Literate,Main workers_Females,3623.0,DDW-1500B-03ST.xlsx,03ST
B0303ST,15,287,District - Lawngtlai,Rural,Literate but below matric/secondary,Main workers_Females,2783.0,DDW-1500B-03ST.xlsx,03ST
B0303ST,15,287,District - Lawngtlai,Rural,Matric/secondary but below graduate,Main workers_Females,506.0,DDW-1500B-03ST.xlsx,03ST
B0303ST,15,287,District - Lawngtlai,Rural,Technical diploma or certificate not equal to degree,Main workers_Females,6.0,DDW-1500B-03ST.xlsx,03ST
B0303ST,15,287,District - Lawngtlai,Rural,Graduate and above other than technical degree,Main workers_Females,144.0,DDW-1500B-03ST.xlsx,03ST
B0303ST,15,287,District - Lawngtlai,Rural,Technical degree or diploma equal to degree or post-graduate degree,Main workers_Females,8.0,DDW-1500B-03ST.xlsx,03ST
B0303ST,15,287,District - Lawngtlai,Urban,Total,Main workers_Females,1507.0,DDW-1500B-03ST.xlsx,03ST
B0303ST,15,287,District - Lawngtlai,Urban,Illiterate,Main workers_Females,53.0,DDW-1500B-03ST.xlsx,03ST
B0303ST,15,287,District - Lawngtlai,Urban,Literate,Main workers_Females,1454.0,DDW-1500B-03ST.xlsx,03ST
B0303ST,15,287,District - Lawngtlai,Urban,Literate but below matric/secondary,Main workers_Females,587.0,DDW-1500B-03ST.xlsx,03ST
B0303ST,15,287,District - Lawngtlai,Urban,Matric/secondary but below graduate,Main workers_Females,543.0,DDW-1500B-03ST.xlsx,03ST
B0303ST,15,287,District - Lawngtlai,Urban,Technical diploma or certificate not equal to degree,Main workers_Females,17.0,DDW-1500B-03ST.xlsx,03ST
B0303ST,15,287,District - Lawngtlai,Urban,Graduate and above other than technical degree,Main workers_Females,254.0,DDW-1500B-03ST.xlsx,03ST
B0303ST,15,287,District - Lawngtlai,Urban,Technical degree or diploma equal to degree or post-graduate degree,Main workers_Females,31.0,DDW-1500B-03ST.xlsx,03ST
B0303ST,15,288,District - Saiha,Total,Total,Main workers_Females,4657.0,DDW-1500B-03ST.xlsx,03ST
B0303ST,15,288,District - Saiha,Total,Illiterate,Main workers_Females,728.0,DDW-1500B-03ST.xlsx,03ST
B0303ST,15,288,District - Saiha,Total,Literate,Main workers_Females,3929.0,DDW-1500B-03ST.xlsx,03ST
B0303ST,15,288,District - Saiha,Total,Literate but below matric/secondary,Main workers_Females,2586.0,DDW-1500B-03ST.xlsx,03ST
B0303ST,15,288,District - Saiha,Total,Matric/secondary but below graduate,Main workers_Females,924.0,DDW-1500B-03ST.xlsx,03ST
B0303ST,15,288,District - Saiha,Total,Technical diploma or certificate not equal to degree,Main workers_Females,23.0,DDW-1500B-03ST.xlsx,03ST
B0303ST,15,288,District - Saiha,Total,Graduate and above other than technical degree,Main workers_Females,272.0,DDW-1500B-03ST.xlsx,03ST
B0303ST,15,288,District - Saiha,Total,Technical degree or diploma equal to degree or post-graduate degree,Main workers_Females,35.0,DDW-1500B-03ST.xlsx,03ST
B0303ST,15,288,District - Saiha,Rural,Total,Main workers_Females,2768.0,DDW-1500B-03ST.xlsx,03ST
B0303ST,15,288,District - Saiha,Rural,Illiterate,Main workers_Females,622.0,DDW-1500B-03ST.xlsx,03ST
B0303ST,15,288,District - Saiha,Rural,Literate,Main workers_Females,2146.0,DDW-1500B-03ST.xlsx,03ST
B0303ST,15,288,District - Saiha,Rural,Literate but below matric/secondary,Main workers_Females,1679.0,DDW-1500B-03ST.xlsx,03ST
B0303ST,15,288,District - Saiha,Rural,Matric/secondary but below graduate,Main workers_Females,332.0,DDW-1500B-03ST.xlsx,03ST
B0303ST,15,288,District - Saiha,Rural,Technical diploma or certificate not equal to degree,Main workers_Females,1.0,DDW-1500B-03ST.xlsx,03ST
B0303ST,15,288,District - Saiha,Rural,Graduate and above other than technical degree,Main workers_Females,65.0,DDW-1500B-03ST.xlsx,03ST
B0303ST,15,288,District - Saiha,Rural,Technical degree or diploma equal to degree or post-graduate degree,Main workers_Females,4.0,DDW-1500B-03ST.xlsx,03ST
B0303ST,15,288,District - Saiha,Urban,Total,Main workers_Females,1889.0,DDW-1500B-03ST.xlsx,03ST
B0303ST,15,288,District - Saiha,Urban,Illiterate,Main workers_Females,106.0,DDW-1500B-03ST.xlsx,03ST
B0303ST,15,288,District - Saiha,Urban,Literate,Main workers_Females,1783.0,DDW-1500B-03ST.xlsx,03ST
B0303ST,15,288,District - Saiha,Urban,Literate but below matric/secondary,Main workers_Females,907.0,DDW-1500B-03ST.xlsx,03ST
B0303ST,15,288,District - Saiha,Urban,Matric/secondary but below graduate,Main workers_Females,592.0,DDW-1500B-03ST.xlsx,03ST
B0303ST,15,288,District - Saiha,Urban,Technical diploma or certificate not equal to degree,Main workers_Females,22.0,DDW-1500B-03ST.xlsx,03ST
B0303ST,15,288,District - Saiha,Urban,Graduate and above other than technical degree,Main workers_Females,207.0,DDW-1500B-03ST.xlsx,03ST
B0303ST,15,288,District - Saiha,Urban,Technical degree or diploma equal to degree or post-graduate degree,Main workers_Females,31.0,DDW-1500B-03ST.xlsx,03ST
B0303ST,15,000,State - MIZORAM,Total,Total,Marginal workers_Total_Persons,68710.0,DDW-1500B-03ST.xlsx,03ST
B0303ST,15,000,State - MIZORAM,Total,Illiterate,Marginal workers_Total_Persons,8795.0,DDW-1500B-03ST.xlsx,03ST
B0303ST,15,000,State - MIZORAM,Total,Literate,Marginal workers_Total_Persons,59915.0,DDW-1500B-03ST.xlsx,03ST
B0303ST,15,000,State - MIZORAM,Total,Literate but below matric/secondary,Marginal workers_Total_Persons,45803.0,DDW-1500B-03ST.xlsx,03ST
B0303ST,15,000,State - MIZORAM,Total,Matric/secondary but below graduate,Marginal workers_Total_Persons,10513.0,DDW-1500B-03ST.xlsx,03ST
B0303ST,15,000,State - MIZORAM,Total,Technical diploma or certificate not equal to degree,Marginal workers_Total_Persons,62.0,DDW-1500B-03ST.xlsx,03ST
B0303ST,15,000,State - MIZORAM,Total,Graduate and above other than technical degree,Marginal workers_Total_Persons,2086.0,DDW-1500B-03ST.xlsx,03ST
B0303ST,15,000,State - MIZORAM,Total,Technical degree or diploma equal to degree or post-graduate degree,Marginal workers_Total_Persons,170.0,DDW-1500B-03ST.xlsx,03ST
B0303ST,15,000,State - MIZORAM,Rural,Total,Marginal workers_Total_Persons,33698.0,DDW-1500B-03ST.xlsx,03ST
B0303ST,15,000,State - MIZORAM,Rural,Illiterate,Marginal workers_Total_Persons,7949.0,DDW-1500B-03ST.xlsx,03ST
B0303ST,15,000,State - MIZORAM,Rural,Literate,Marginal workers_Total_Persons,25749.0,DDW-1500B-03ST.xlsx,03ST
B0303ST,15,000,State - MIZORAM,Rural,Literate but below matric/secondary,Marginal workers_Total_Persons,21293.0,DDW-1500B-03ST.xlsx,03ST
B0303ST,15,000,State - MIZORAM,Rural,Matric/secondary but below graduate,Marginal workers_Total_Persons,3214.0,DDW-1500B-03ST.xlsx,03ST
B0303ST,15,000,State - MIZORAM,Rural,Technical diploma or certificate not equal to degree,Marginal workers_Total_Persons,15.0,DDW-1500B-03ST.xlsx,03ST
B0303ST,15,000,State - MIZORAM,Rural,Graduate and above other than technical degree,Marginal workers_Total_Persons,461.0,DDW-1500B-03ST.xlsx,03ST
B0303ST,15,000,State - MIZORAM,Rural,Technical degree or diploma equal to degree or post-graduate degree,Marginal workers_Total_Persons,33.0,DDW-1500B-03ST.xlsx,03ST
B0303ST,15,000,State - MIZORAM,Urban,Total,Marginal workers_Total_Persons,35012.0,DDW-1500B-03ST.xlsx,03ST
B0303ST,15,000,State - MIZORAM,Urban,Illiterate,Marginal workers_Total_Persons,846.0,DDW-1500B-03ST.xlsx,03ST
B0303ST,15,000,State - MIZORAM,Urban,Literate,Marginal workers_Total_Persons,34166.0,DDW-1500B-03ST.xlsx,03ST
B0303ST,15,000,State - MIZORAM,Urban,Literate but below matric/secondary,Marginal workers_Total_Persons,24510.0,DDW-1500B-03ST.xlsx,03ST
B0303ST,15,000,State - MIZORAM,Urban,Matric/secondary but below graduate,Marginal workers_Total_Persons,7299.0,DDW-1500B-03ST.xlsx,03ST
B0303ST,15,000,State - MIZORAM,Urban,Technical diploma or certificate not equal to degree,Marginal workers_Total_Persons,47.0,DDW-1500B-03ST.xlsx,03ST
B0303ST,15,000,State - MIZORAM,Urban,Graduate and above other than technical degree,Marginal workers_Total_Persons,1625.0,DDW-1500B-03ST.xlsx,03ST
B0303ST,15,000,State - MIZORAM,Urban,Technical degree or diploma equal to degree or post-graduate degree,Marginal workers_Total_Persons,137.0,DDW-1500B-03ST.xlsx,03ST
B0303ST,15,281,District - Mamit,Total,Total,Marginal workers_Total_Persons,2933.0,DDW-1500B-03ST.xlsx,03ST
B0303ST,15,281,District - Mamit,Total,Illiterate,Marginal workers_Total_Persons,957.0,DDW-1500B-03ST.xlsx,03ST
B0303ST,15,281,District - Mamit,Total,Literate,Marginal workers_Total_Persons,1976.0,DDW-1500B-03ST.xlsx,03ST
B0303ST,15,281,District - Mamit,Total,Literate but below matric/secondary,Marginal workers_Total_Persons,1584.0,DDW-1500B-03ST.xlsx,03ST
B0303ST,15,281,District - Mamit,Total,Matric/secondary but below graduate,Marginal workers_Total_Persons,268.0,DDW-1500B-03ST.xlsx,03ST
B0303ST,15,281,District - Mamit,Total,Technical diploma or certificate not equal to degree,Marginal workers_Total_Persons,0.0,DDW-1500B-03ST.xlsx,03ST
B0303ST,15,281,District - Mamit,Total,Graduate and above other than technical degree,Marginal workers_Total_Persons,60.0,DDW-1500B-03ST.xlsx,03ST
B0303ST,15,281,District - Mamit,Total,Technical degree or diploma equal to degree or post-graduate degree,Marginal workers_Total_Persons,5.0,DDW-1500B-03ST.xlsx,03ST
B0303ST,15,281,District - Mamit,Rural,Total,Marginal workers_Total_Persons,2487.0,DDW-1500B-03ST.xlsx,03ST
B0303ST,15,281,District - Mamit,Rural,Illiterate,Marginal workers_Total_Persons,946.0,DDW-1500B-03ST.xlsx,03ST
B0303ST,15,281,District - Mamit,Rural,Literate,Marginal workers_Total_Persons,1541.0,DDW-1500B-03ST.xlsx,03ST
B0303ST,15,281,District - Mamit,Rural,Literate but below matric/secondary,Marginal workers_Total_Persons,1258.0,DDW-1500B-03ST.xlsx,03ST
B0303ST,15,281,District - Mamit,Rural,Matric/secondary but below graduate,Marginal workers_Total_Persons,189.0,DDW-1500B-03ST.xlsx,03ST
B0303ST,15,281,District - Mamit,Rural,Technical diploma or certificate not equal to degree,Marginal workers_Total_Persons,0.0,DDW-1500B-03ST.xlsx,03ST
B0303ST,15,281,District - Mamit,Rural,Graduate and above other than technical degree,Marginal workers_Total_Persons,38.0,DDW-1500B-03ST.xlsx,03ST
B0303ST,15,281,District - Mamit,Rural,Technical degree or diploma equal to degree or post-graduate degree,Marginal workers_Total_Persons,2.0,DDW-1500B-03ST.xlsx,03ST
B0303ST,15,281,District - Mamit,Urban,Total,Marginal workers_Total_Persons,446.0,DDW-1500B-03ST.xlsx,03ST
B0303ST,15,281,District - Mamit,Urban,Illiterate,Marginal workers_Total_Persons,11.0,DDW-1500B-03ST.xlsx,03ST
B0303ST,15,281,District - Mamit,Urban,Literate,Marginal workers_Total_Persons,435.0,DDW-1500B-03ST.xlsx,03ST
B0303ST,15,281,District - Mamit,Urban,Literate but below matric/secondary,Marginal workers_Total_Persons,326.0,DDW-1500B-03ST.xlsx,03ST
B0303ST,15,281,District - Mamit,Urban,Matric/secondary but below graduate,Marginal workers_Total_Persons,79.0,DDW-1500B-03ST.xlsx,03ST
B0303ST,15,281,District - Mamit,Urban,Technical diploma or certificate not equal to degree,Marginal workers_Total_Persons,0.0,DDW-1500B-03ST.xlsx,03ST
B0303ST,15,281,District - Mamit,Urban,Graduate and above other than technical degree,Marginal workers_Total_Persons,22.0,DDW-1500B-03ST.xlsx,03ST
B0303ST,15,281,District - Mamit,Urban,Technical degree or diploma equal to degree or post-graduate degree,Marginal workers_Total_Persons,3.0,DDW-1500B-03ST.xlsx,03ST
B0303ST,15,282,District - Kolasib,Total,Total,Marginal workers_Total_Persons,6281.0,DDW-1500B-03ST.xlsx,03ST
B0303ST,15,282,District - Kolasib,Total,Illiterate,Marginal workers_Total_Persons,399.0,DDW-1500B-03ST.xlsx,03ST
B0303ST,15,282,District - Kolasib,Total,Literate,Marginal workers_Total_Persons,5882.0,DDW-1500B-03ST.xlsx,03ST
B0303ST,15,282,District - Kolasib,Total,Literate but below matric/secondary,Marginal workers_Total_Persons,4855.0,DDW-1500B-03ST.xlsx,03ST
B0303ST,15,282,District - Kolasib,Total,Matric/secondary but below graduate,Marginal workers_Total_Persons,771.0,DDW-1500B-03ST.xlsx,03ST
B0303ST,15,282,District - Kolasib,Total,Technical diploma or certificate not equal to degree,Marginal workers_Total_Persons,3.0,DDW-1500B-03ST.xlsx,03ST
B0303ST,15,282,District - Kolasib,Total,Graduate and above other than technical degree,Marginal workers_Total_Persons,149.0,DDW-1500B-03ST.xlsx,03ST
B0303ST,15,282,District - Kolasib,Total,Technical degree or diploma equal to degree or post-graduate degree,Marginal workers_Total_Persons,14.0,DDW-1500B-03ST.xlsx,03ST
B0303ST,15,282,District - Kolasib,Rural,Total,Marginal workers_Total_Persons,2849.0,DDW-1500B-03ST.xlsx,03ST
B0303ST,15,282,District - Kolasib,Rural,Illiterate,Marginal workers_Total_Persons,211.0,DDW-1500B-03ST.xlsx,03ST
B0303ST,15,282,District - Kolasib,Rural,Literate,Marginal workers_Total_Persons,2638.0,DDW-1500B-03ST.xlsx,03ST
B0303ST,15,282,District - Kolasib,Rural,Literate but below matric/secondary,Marginal workers_Total_Persons,2228.0,DDW-1500B-03ST.xlsx,03ST
B0303ST,15,282,District - Kolasib,Rural,Matric/secondary but below graduate,Marginal workers_Total_Persons,306.0,DDW-1500B-03ST.xlsx,03ST
B0303ST,15,282,District - Kolasib,Rural,Technical diploma or certificate not equal to degree,Marginal workers_Total_Persons,1.0,DDW-1500B-03ST.xlsx,03ST
B0303ST,15,282,District - Kolasib,Rural,Graduate and above other than technical degree,Marginal workers_Total_Persons,40.0,DDW-1500B-03ST.xlsx,03ST
B0303ST,15,282,District - Kolasib,Rural,Technical degree or diploma equal to degree or post-graduate degree,Marginal workers_Total_Persons,6.0,DDW-1500B-03ST.xlsx,03ST
B0303ST,15,282,District - Kolasib,Urban,Total,Marginal workers_Total_Persons,3432.0,DDW-1500B-03ST.xlsx,03ST
B0303ST,15,282,District - Kolasib,Urban,Illiterate,Marginal workers_Total_Persons,188.0,DDW-1500B-03ST.xlsx,03ST
B0303ST,15,282,District - Kolasib,Urban,Literate,Marginal workers_Total_Persons,3244.0,DDW-1500B-03ST.xlsx,03ST
B0303ST,15,282,District - Kolasib,Urban,Literate but below matric/secondary,Marginal workers_Total_Persons,2627.0,DDW-1500B-03ST.xlsx,03ST
B0303ST,15,282,District - Kolasib,Urban,Matric/secondary but below graduate,Marginal workers_Total_Persons,465.0,DDW-1500B-03ST.xlsx,03ST
B0303ST,15,282,District - Kolasib,Urban,Technical diploma or certificate not equal to degree,Marginal workers_Total_Persons,2.0,DDW-1500B-03ST.xlsx,03ST
B0303ST,15,282,District - Kolasib,Urban,Graduate and above other than technical degree,Marginal workers_Total_Persons,109.0,DDW-1500B-03ST.xlsx,03ST
B0303ST,15,282,District - Kolasib,Urban,Technical degree or diploma equal to degree or post-graduate degree,Marginal workers_Total_Persons,8.0,DDW-1500B-03ST.xlsx,03ST
B0303ST,15,283,District - Aizawl,Total,Total,Marginal workers_Total_Persons,22052.0,DDW-1500B-03ST.xlsx,03ST
B0303ST,15,283,District - Aizawl,Total,Illiterate,Marginal workers_Total_Persons,404.0,DDW-1500B-03ST.xlsx,03ST
B0303ST,15,283,District - Aizawl,Total,Literate,Marginal workers_Total_Persons,21648.0,DDW-1500B-03ST.xlsx,03ST
B0303ST,15,283,District - Aizawl,Total,Literate but below matric/secondary,Marginal workers_Total_Persons,15346.0,DDW-1500B-03ST.xlsx,03ST
B0303ST,15,283,District - Aizawl,Total,Matric/secondary but below graduate,Marginal workers_Total_Persons,4687.0,DDW-1500B-03ST.xlsx,03ST
B0303ST,15,283,District - Aizawl,Total,Technical diploma or certificate not equal to degree,Marginal workers_Total_Persons,25.0,DDW-1500B-03ST.xlsx,03ST
B0303ST,15,283,District - Aizawl,Total,Graduate and above other than technical degree,Marginal workers_Total_Persons,1145.0,DDW-1500B-03ST.xlsx,03ST
B0303ST,15,283,District - Aizawl,Total,Technical degree or diploma equal to degree or post-graduate degree,Marginal workers_Total_Persons,100.0,DDW-1500B-03ST.xlsx,03ST
B0303ST,15,283,District - Aizawl,Rural,Total,Marginal workers_Total_Persons,4065.0,DDW-1500B-03ST.xlsx,03ST
B0303ST,15,283,District - Aizawl,Rural,Illiterate,Marginal workers_Total_Persons,157.0,DDW-1500B-03ST.xlsx,03ST
B0303ST,15,283,District - Aizawl,Rural,Literate,Marginal workers_Total_Persons,3908.0,DDW-1500B-03ST.xlsx,03ST
B0303ST,15,283,District - Aizawl,Rural,Literate but below matric/secondary,Marginal workers_Total_Persons,3166.0,DDW-1500B-03ST.xlsx,03ST
B0303ST,15,283,District - Aizawl,Rural,Matric/secondary but below graduate,Marginal workers_Total_Persons,533.0,DDW-1500B-03ST.xlsx,03ST
B0303ST,15,283,District - Aizawl,Rural,Technical diploma or certificate not equal to degree,Marginal workers_Total_Persons,2.0,DDW-1500B-03ST.xlsx,03ST
B0303ST,15,283,District - Aizawl,Rural,Graduate and above other than technical degree,Marginal workers_Total_Persons,101.0,DDW-1500B-03ST.xlsx,03ST
B0303ST,15,283,District - Aizawl,Rural,Technical degree or diploma equal to degree or post-graduate degree,Marginal workers_Total_Persons,4.0,DDW-1500B-03ST.xlsx,03ST
B0303ST,15,283,District - Aizawl,Urban,Total,Marginal workers_Total_Persons,17987.0,DDW-1500B-03ST.xlsx,03ST
B0303ST,15,283,District - Aizawl,Urban,Illiterate,Marginal workers_Total_Persons,247.0,DDW-1500B-03ST.xlsx,03ST
B0303ST,15,283,District - Aizawl,Urban,Literate,Marginal workers_Total_Persons,17740.0,DDW-1500B-03ST.xlsx,03ST
B0303ST,15,283,District - Aizawl,Urban,Literate but below matric/secondary,Marginal workers_Total_Persons,12180.0,DDW-1500B-03ST.xlsx,03ST
B0303ST,15,283,District - Aizawl,Urban,Matric/secondary but below graduate,Marginal workers_Total_Persons,4154.0,DDW-1500B-03ST.xlsx,03ST
B0303ST,15,283,District - Aizawl,Urban,Technical diploma or certificate not equal to degree,Marginal workers_Total_Persons,23.0,DDW-1500B-03ST.xlsx,03ST
B0303ST,15,283,District - Aizawl,Urban,Graduate and above other than technical degree,Marginal workers_Total_Persons,1044.0,DDW-1500B-03ST.xlsx,03ST
B0303ST,15,283,District - Aizawl,Urban,Technical degree or diploma equal to degree or post-graduate degree,Marginal workers_Total_Persons,96.0,DDW-1500B-03ST.xlsx,03ST
B0303ST,15,284,District - Champhai,Total,Total,Marginal workers_Total_Persons,7096.0,DDW-1500B-03ST.xlsx,03ST
B0303ST,15,284,District - Champhai,Total,Illiterate,Marginal workers_Total_Persons,253.0,DDW-1500B-03ST.xlsx,03ST
B0303ST,15,284,District - Champhai,Total,Literate,Marginal workers_Total_Persons,6843.0,DDW-1500B-03ST.xlsx,03ST
B0303ST,15,284,District - Champhai,Total,Literate but below matric/secondary,Marginal workers_Total_Persons,5551.0,DDW-1500B-03ST.xlsx,03ST
B0303ST,15,284,District - Champhai,Total,Matric/secondary but below graduate,Marginal workers_Total_Persons,958.0,DDW-1500B-03ST.xlsx,03ST
B0303ST,15,284,District - Champhai,Total,Technical diploma or certificate not equal to degree,Marginal workers_Total_Persons,3.0,DDW-1500B-03ST.xlsx,03ST
B0303ST,15,284,District - Champhai,Total,Graduate and above other than technical degree,Marginal workers_Total_Persons,178.0,DDW-1500B-03ST.xlsx,03ST
B0303ST,15,284,District - Champhai,Total,Technical degree or diploma equal to degree or post-graduate degree,Marginal workers_Total_Persons,10.0,DDW-1500B-03ST.xlsx,03ST
B0303ST,15,284,District - Champhai,Rural,Total,Marginal workers_Total_Persons,2655.0,DDW-1500B-03ST.xlsx,03ST
B0303ST,15,284,District - Champhai,Rural,Illiterate,Marginal workers_Total_Persons,139.0,DDW-1500B-03ST.xlsx,03ST
B0303ST,15,284,District - Champhai,Rural,Literate,Marginal workers_Total_Persons,2516.0,DDW-1500B-03ST.xlsx,03ST
B0303ST,15,284,District - Champhai,Rural,Literate but below matric/secondary,Marginal workers_Total_Persons,2109.0,DDW-1500B-03ST.xlsx,03ST
B0303ST,15,284,District - Champhai,Rural,Matric/secondary but below graduate,Marginal workers_Total_Persons,289.0,DDW-1500B-03ST.xlsx,03ST
B0303ST,15,284,District - Champhai,Rural,Technical diploma or certificate not equal to degree,Marginal workers_Total_Persons,1.0,DDW-1500B-03ST.xlsx,03ST
B0303ST,15,284,District - Champhai,Rural,Graduate and above other than technical degree,Marginal workers_Total_Persons,61.0,DDW-1500B-03ST.xlsx,03ST
B0303ST,15,284,District - Champhai,Rural,Technical degree or diploma equal to degree or post-graduate degree,Marginal workers_Total_Persons,3.0,DDW-1500B-03ST.xlsx,03ST
B0303ST,15,284,District - Champhai,Urban,Total,Marginal workers_Total_Persons,4441.0,DDW-1500B-03ST.xlsx,03ST
B0303ST,15,284,District - Champhai,Urban,Illiterate,Marginal workers_Total_Persons,114.0,DDW-1500B-03ST.xlsx,03ST
B0303ST,15,284,District - Champhai,Urban,Literate,Marginal workers_Total_Persons,4327.0,DDW-1500B-03ST.xlsx,03ST
B0303ST,15,284,District - Champhai,Urban,Literate but below matric/secondary,Marginal workers_Total_Persons,3442.0,DDW-1500B-03ST.xlsx,03ST
B0303ST,15,284,District - Champhai,Urban,Matric/secondary but below graduate,Marginal workers_Total_Persons,669.0,DDW-1500B-03ST.xlsx,03ST
B0303ST,15,284,District - Champhai,Urban,Technical diploma or certificate not equal to degree,Marginal workers_Total_Persons,2.0,DDW-1500B-03ST.xlsx,03ST
B0303ST,15,284,District - Champhai,Urban,Graduate and above other than technical degree,Marginal workers_Total_Persons,117.0,DDW-1500B-03ST.xlsx,03ST
B0303ST,15,284,District - Champhai,Urban,Technical degree or diploma equal to degree or post-graduate degree,Marginal workers_Total_Persons,7.0,DDW-1500B-03ST.xlsx,03ST
B0303ST,15,285,District - Serchhip,Total,Total,Marginal workers_Total_Persons,2468.0,DDW-1500B-03ST.xlsx,03ST
B0303ST,15,285,District - Serchhip,Total,Illiterate,Marginal workers_Total_Persons,43.0,DDW-1500B-03ST.xlsx,03ST
B0303ST,15,285,District - Serchhip,Total,Literate,Marginal workers_Total_Persons,2425.0,DDW-1500B-03ST.xlsx,03ST
B0303ST,15,285,District - Serchhip,Total,Literate but below matric/secondary,Marginal workers_Total_Persons,1815.0,DDW-1500B-03ST.xlsx,03ST
B0303ST,15,285,District - Serchhip,Total,Matric/secondary but below graduate,Marginal workers_Total_Persons,409.0,DDW-1500B-03ST.xlsx,03ST
B0303ST,15,285,District - Serchhip,Total,Technical diploma or certificate not equal to degree,Marginal workers_Total_Persons,2.0,DDW-1500B-03ST.xlsx,03ST
B0303ST,15,285,District - Serchhip,Total,Graduate and above other than technical degree,Marginal workers_Total_Persons,106.0,DDW-1500B-03ST.xlsx,03ST
B0303ST,15,285,District - Serchhip,Total,Technical degree or diploma equal to degree or post-graduate degree,Marginal workers_Total_Persons,6.0,DDW-1500B-03ST.xlsx,03ST
B0303ST,15,285,District - Serchhip,Rural,Total,Marginal workers_Total_Persons,1127.0,DDW-1500B-03ST.xlsx,03ST
B0303ST,15,285,District - Serchhip,Rural,Illiterate,Marginal workers_Total_Persons,28.0,DDW-1500B-03ST.xlsx,03ST
B0303ST,15,285,District - Serchhip,Rural,Literate,Marginal workers_Total_Persons,1099.0,DDW-1500B-03ST.xlsx,03ST
B0303ST,15,285,District - Serchhip,Rural,Literate but below matric/secondary,Marginal workers_Total_Persons,830.0,DDW-1500B-03ST.xlsx,03ST
B0303ST,15,285,District - Serchhip,Rural,Matric/secondary but below graduate,Marginal workers_Total_Persons,193.0,DDW-1500B-03ST.xlsx,03ST
B0303ST,15,285,District - Serchhip,Rural,Technical diploma or certificate not equal to degree,Marginal workers_Total_Persons,1.0,DDW-1500B-03ST.xlsx,03ST
B0303ST,15,285,District - Serchhip,Rural,Graduate and above other than technical degree,Marginal workers_Total_Persons,45.0,DDW-1500B-03ST.xlsx,03ST
B0303ST,15,285,District - Serchhip,Rural,Technical degree or diploma equal to degree or post-graduate degree,Marginal workers_Total_Persons,2.0,DDW-1500B-03ST.xlsx,03ST
B0303ST,15,285,District - Serchhip,Urban,Total,Marginal workers_Total_Persons,1341.0,DDW-1500B-03ST.xlsx,03ST
B0303ST,15,285,District - Serchhip,Urban,Illiterate,Marginal workers_Total_Persons,15.0,DDW-1500B-03ST.xlsx,03ST
B0303ST,15,285,District - Serchhip,Urban,Literate,Marginal workers_Total_Persons,1326.0,DDW-1500B-03ST.xlsx,03ST
B0303ST,15,285,District - Serchhip,Urban,Literate but below matric/secondary,Marginal workers_Total_Persons,985.0,DDW-1500B-03ST.xlsx,03ST
B0303ST,15,285,District - Serchhip,Urban,Matric/secondary but below graduate,Marginal workers_Total_Persons,216.0,DDW-1500B-03ST.xlsx,03ST
B0303ST,15,285,District - Serchhip,Urban,Technical diploma or certificate not equal to degree,Marginal workers_Total_Persons,1.0,DDW-1500B-03ST.xlsx,03ST
B0303ST,15,285,District - Serchhip,Urban,Graduate and above other than technical degree,Marginal workers_Total_Persons,61.0,DDW-1500B-03ST.xlsx,03ST
B0303ST,15,285,District - Serchhip,Urban,Technical degree or diploma equal to degree or post-graduate degree,Marginal workers_Total_Persons,4.0,DDW-1500B-03ST.xlsx,03ST
B0303ST,15,286,District - Lunglei,Total,Total,Marginal workers_Total_Persons,15996.0,DDW-1500B-03ST.xlsx,03ST
B0303ST,15,286,District - Lunglei,Total,Illiterate,Marginal workers_Total_Persons,2202.0,DDW-1500B-03ST.xlsx,03ST
B0303ST,15,286,District - Lunglei,Total,Literate,Marginal workers_Total_Persons,13794.0,DDW-1500B-03ST.xlsx,03ST
B0303ST,15,286,District - Lunglei,Total,Literate but below matric/secondary,Marginal workers_Total_Persons,11025.0,DDW-1500B-03ST.xlsx,03ST
B0303ST,15,286,District - Lunglei,Total,Matric/secondary but below graduate,Marginal workers_Total_Persons,2164.0,DDW-1500B-03ST.xlsx,03ST
B0303ST,15,286,District - Lunglei,Total,Technical diploma or certificate not equal to degree,Marginal workers_Total_Persons,24.0,DDW-1500B-03ST.xlsx,03ST
B0303ST,15,286,District - Lunglei,Total,Graduate and above other than technical degree,Marginal workers_Total_Persons,267.0,DDW-1500B-03ST.xlsx,03ST
B0303ST,15,286,District - Lunglei,Total,Technical degree or diploma equal to degree or post-graduate degree,Marginal workers_Total_Persons,23.0,DDW-1500B-03ST.xlsx,03ST
B0303ST,15,286,District - Lunglei,Rural,Total,Marginal workers_Total_Persons,11491.0,DDW-1500B-03ST.xlsx,03ST
B0303ST,15,286,District - Lunglei,Rural,Illiterate,Marginal workers_Total_Persons,2078.0,DDW-1500B-03ST.xlsx,03ST
B0303ST,15,286,District - Lunglei,Rural,Literate,Marginal workers_Total_Persons,9413.0,DDW-1500B-03ST.xlsx,03ST
B0303ST,15,286,District - Lunglei,Rural,Literate but below matric/secondary,Marginal workers_Total_Persons,7891.0,DDW-1500B-03ST.xlsx,03ST
B0303ST,15,286,District - Lunglei,Rural,Matric/secondary but below graduate,Marginal workers_Total_Persons,1163.0,DDW-1500B-03ST.xlsx,03ST
B0303ST,15,286,District - Lunglei,Rural,Technical diploma or certificate not equal to degree,Marginal workers_Total_Persons,9.0,DDW-1500B-03ST.xlsx,03ST
B0303ST,15,286,District - Lunglei,Rural,Graduate and above other than technical degree,Marginal workers_Total_Persons,117.0,DDW-1500B-03ST.xlsx,03ST
B0303ST,15,286,District - Lunglei,Rural,Technical degree or diploma equal to degree or post-graduate degree,Marginal workers_Total_Persons,11.0,DDW-1500B-03ST.xlsx,03ST
B0303ST,15,286,District - Lunglei,Urban,Total,Marginal workers_Total_Persons,4505.0,DDW-1500B-03ST.xlsx,03ST
B0303ST,15,286,District - Lunglei,Urban,Illiterate,Marginal workers_Total_Persons,124.0,DDW-1500B-03ST.xlsx,03ST
B0303ST,15,286,District - Lunglei,Urban,Literate,Marginal workers_Total_Persons,4381.0,DDW-1500B-03ST.xlsx,03ST
B0303ST,15,286,District - Lunglei,Urban,Literate but below matric/secondary,Marginal workers_Total_Persons,3134.0,DDW-1500B-03ST.xlsx,03ST
B0303ST,15,286,District - Lunglei,Urban,Matric/secondary but below graduate,Marginal workers_Total_Persons,1001.0,DDW-1500B-03ST.xlsx,03ST
B0303ST,15,286,District - Lunglei,Urban,Technical diploma or certificate not equal to degree,Marginal workers_Total_Persons,15.0,DDW-1500B-03ST.xlsx,03ST
B0303ST,15,286,District - Lunglei,Urban,Graduate and above other than technical degree,Marginal workers_Total_Persons,150.0,DDW-1500B-03ST.xlsx,03ST
B0303ST,15,286,District - Lunglei,Urban,Technical degree or diploma equal to degree or post-graduate degree,Marginal workers_Total_Persons,12.0,DDW-1500B-03ST.xlsx,03ST
B0303ST,15,287,District - Lawngtlai,Total,Total,Marginal workers_Total_Persons,7273.0,DDW-1500B-03ST.xlsx,03ST
B0303ST,15,287,District - Lawngtlai,Total,Illiterate,Marginal workers_Total_Persons,3979.0,DDW-1500B-03ST.xlsx,03ST
B0303ST,15,287,District - Lawngtlai,Total,Literate,Marginal workers_Total_Persons,3294.0,DDW-1500B-03ST.xlsx,03ST
B0303ST,15,287,District - Lawngtlai,Total,Literate but below matric/secondary,Marginal workers_Total_Persons,2460.0,DDW-1500B-03ST.xlsx,03ST
B0303ST,15,287,District - Lawngtlai,Total,Matric/secondary but below graduate,Marginal workers_Total_Persons,573.0,DDW-1500B-03ST.xlsx,03ST
B0303ST,15,287,District - Lawngtlai,Total,Technical diploma or certificate not equal to degree,Marginal workers_Total_Persons,2.0,DDW-1500B-03ST.xlsx,03ST
B0303ST,15,287,District - Lawngtlai,Total,Graduate and above other than technical degree,Marginal workers_Total_Persons,89.0,DDW-1500B-03ST.xlsx,03ST
B0303ST,15,287,District - Lawngtlai,Total,Technical degree or diploma equal to degree or post-graduate degree,Marginal workers_Total_Persons,6.0,DDW-1500B-03ST.xlsx,03ST
B0303ST,15,287,District - Lawngtlai,Rural,Total,Marginal workers_Total_Persons,6042.0,DDW-1500B-03ST.xlsx,03ST
B0303ST,15,287,District - Lawngtlai,Rural,Illiterate,Marginal workers_Total_Persons,3918.0,DDW-1500B-03ST.xlsx,03ST
B0303ST,15,287,District - Lawngtlai,Rural,Literate,Marginal workers_Total_Persons,2124.0,DDW-1500B-03ST.xlsx,03ST
B0303ST,15,287,District - Lawngtlai,Rural,Literate but below matric/secondary,Marginal workers_Total_Persons,1636.0,DDW-1500B-03ST.xlsx,03ST
B0303ST,15,287,District - Lawngtlai,Rural,Matric/secondary but below graduate,Marginal workers_Total_Persons,308.0,DDW-1500B-03ST.xlsx,03ST
B0303ST,15,287,District - Lawngtlai,Rural,Technical diploma or certificate not equal to degree,Marginal workers_Total_Persons,0.0,DDW-1500B-03ST.xlsx,03ST
B0303ST,15,287,District - Lawngtlai,Rural,Graduate and above other than technical degree,Marginal workers_Total_Persons,40.0,DDW-1500B-03ST.xlsx,03ST
B0303ST,15,287,District - Lawngtlai,Rural,Technical degree or diploma equal to degree or post-graduate degree,Marginal workers_Total_Persons,2.0,DDW-1500B-03ST.xlsx,03ST
B0303ST,15,287,District - Lawngtlai,Urban,Total,Marginal workers_Total_Persons,1231.0,DDW-1500B-03ST.xlsx,03ST
B0303ST,15,287,District - Lawngtlai,Urban,Illiterate,Marginal workers_Total_Persons,61.0,DDW-1500B-03ST.xlsx,03ST
B0303ST,15,287,District - Lawngtlai,Urban,Literate,Marginal workers_Total_Persons,1170.0,DDW-1500B-03ST.xlsx,03ST
B0303ST,15,287,District - Lawngtlai,Urban,Literate but below matric/secondary,Marginal workers_Total_Persons,824.0,DDW-1500B-03ST.xlsx,03ST
B0303ST,15,287,District - Lawngtlai,Urban,Matric/secondary but below graduate,Marginal workers_Total_Persons,265.0,DDW-1500B-03ST.xlsx,03ST
B0303ST,15,287,District - Lawngtlai,Urban,Technical diploma or certificate not equal to degree,Marginal workers_Total_Persons,2.0,DDW-1500B-03ST.xlsx,03ST
B0303ST,15,287,District - Lawngtlai,Urban,Graduate and above other than technical degree,Marginal workers_Total_Persons,49.0,DDW-1500B-03ST.xlsx,03ST
B0303ST,15,287,District - Lawngtlai,Urban,Technical degree or diploma equal to degree or post-graduate degree,Marginal workers_Total_Persons,4.0,DDW-1500B-03ST.xlsx,03ST
B0303ST,15,288,District - Saiha,Total,Total,Marginal workers_Total_Persons,4611.0,DDW-1500B-03ST.xlsx,03ST
B0303ST,15,288,District - Saiha,Total,Illiterate,Marginal workers_Total_Persons,558.0,DDW-1500B-03ST.xlsx,03ST
B0303ST,15,288,District - Saiha,Total,Literate,Marginal workers_Total_Persons,4053.0,DDW-1500B-03ST.xlsx,03ST
B0303ST,15,288,District - Saiha,Total,Literate but below matric/secondary,Marginal workers_Total_Persons,3167.0,DDW-1500B-03ST.xlsx,03ST
B0303ST,15,288,District - Saiha,Total,Matric/secondary but below graduate,Marginal workers_Total_Persons,683.0,DDW-1500B-03ST.xlsx,03ST
B0303ST,15,288,District - Saiha,Total,Technical diploma or certificate not equal to degree,Marginal workers_Total_Persons,3.0,DDW-1500B-03ST.xlsx,03ST
B0303ST,15,288,District - Saiha,Total,Graduate and above other than technical degree,Marginal workers_Total_Persons,92.0,DDW-1500B-03ST.xlsx,03ST
B0303ST,15,288,District - Saiha,Total,Technical degree or diploma equal to degree or post-graduate degree,Marginal workers_Total_Persons,6.0,DDW-1500B-03ST.xlsx,03ST
B0303ST,15,288,District - Saiha,Rural,Total,Marginal workers_Total_Persons,2982.0,DDW-1500B-03ST.xlsx,03ST
B0303ST,15,288,District - Saiha,Rural,Illiterate,Marginal workers_Total_Persons,472.0,DDW-1500B-03ST.xlsx,03ST
B0303ST,15,288,District - Saiha,Rural,Literate,Marginal workers_Total_Persons,2510.0,DDW-1500B-03ST.xlsx,03ST
B0303ST,15,288,District - Saiha,Rural,Literate but below matric/secondary,Marginal workers_Total_Persons,2175.0,DDW-1500B-03ST.xlsx,03ST
B0303ST,15,288,District - Saiha,Rural,Matric/secondary but below graduate,Marginal workers_Total_Persons,233.0,DDW-1500B-03ST.xlsx,03ST
B0303ST,15,288,District - Saiha,Rural,Technical diploma or certificate not equal to degree,Marginal workers_Total_Persons,1.0,DDW-1500B-03ST.xlsx,03ST
B0303ST,15,288,District - Saiha,Rural,Graduate and above other than technical degree,Marginal workers_Total_Persons,19.0,DDW-1500B-03ST.xlsx,03ST
B0303ST,15,288,District - Saiha,Rural,Technical degree or diploma equal to degree or post-graduate degree,Marginal workers_Total_Persons,3.0,DDW-1500B-03ST.xlsx,03ST
B0303ST,15,288,District - Saiha,Urban,Total,Marginal workers_Total_Persons,1629.0,DDW-1500B-03ST.xlsx,03ST
B0303ST,15,288,District - Saiha,Urban,Illiterate,Marginal workers_Total_Persons,86.0,DDW-1500B-03ST.xlsx,03ST
B0303ST,15,288,District - Saiha,Urban,Literate,Marginal workers_Total_Persons,1543.0,DDW-1500B-03ST.xlsx,03ST
B0303ST,15,288,District - Saiha,Urban,Literate but below matric/secondary,Marginal workers_Total_Persons,992.0,DDW-1500B-03ST.xlsx,03ST
B0303ST,15,288,District - Saiha,Urban,Matric/secondary but below graduate,Marginal workers_Total_Persons,450.0,DDW-1500B-03ST.xlsx,03ST
B0303ST,15,288,District - Saiha,Urban,Technical diploma or certificate not equal to degree,Marginal workers_Total_Persons,2.0,DDW-1500B-03ST.xlsx,03ST
B0303ST,15,288,District - Saiha,Urban,Graduate and above other than technical degree,Marginal workers_Total_Persons,73.0,DDW-1500B-03ST.xlsx,03ST
B0303ST,15,288,District - Saiha,Urban,Technical degree or diploma equal to degree or post-graduate degree,Marginal workers_Total_Persons,3.0,DDW-1500B-03ST.xlsx,03ST
B0303ST,15,000,State - MIZORAM,Total,Total,Marginal workers_Total_Males,25795.0,DDW-1500B-03ST.xlsx,03ST
B0303ST,15,000,State - MIZORAM,Total,Illiterate,Marginal workers_Total_Males,1752.0,DDW-1500B-03ST.xlsx,03ST
B0303ST,15,000,State - MIZORAM,Total,Literate,Marginal workers_Total_Males,24043.0,DDW-1500B-03ST.xlsx,03ST
B0303ST,15,000,State - MIZORAM,Total,Literate but below matric/secondary,Marginal workers_Total_Males,17483.0,DDW-1500B-03ST.xlsx,03ST
B0303ST,15,000,State - MIZORAM,Total,Matric/secondary but below graduate,Marginal workers_Total_Males,4928.0,DDW-1500B-03ST.xlsx,03ST
B0303ST,15,000,State - MIZORAM,Total,Technical diploma or certificate not equal to degree,Marginal workers_Total_Males,27.0,DDW-1500B-03ST.xlsx,03ST
B0303ST,15,000,State - MIZORAM,Total,Graduate and above other than technical degree,Marginal workers_Total_Males,1129.0,DDW-1500B-03ST.xlsx,03ST
B0303ST,15,000,State - MIZORAM,Total,Technical degree or diploma equal to degree or post-graduate degree,Marginal workers_Total_Males,109.0,DDW-1500B-03ST.xlsx,03ST
B0303ST,15,000,State - MIZORAM,Rural,Total,Marginal workers_Total_Males,9831.0,DDW-1500B-03ST.xlsx,03ST
B0303ST,15,000,State - MIZORAM,Rural,Illiterate,Marginal workers_Total_Males,1442.0,DDW-1500B-03ST.xlsx,03ST
B0303ST,15,000,State - MIZORAM,Rural,Literate,Marginal workers_Total_Males,8389.0,DDW-1500B-03ST.xlsx,03ST
B0303ST,15,000,State - MIZORAM,Rural,Literate but below matric/secondary,Marginal workers_Total_Males,6593.0,DDW-1500B-03ST.xlsx,03ST
B0303ST,15,000,State - MIZORAM,Rural,Matric/secondary but below graduate,Marginal workers_Total_Males,1341.0,DDW-1500B-03ST.xlsx,03ST
B0303ST,15,000,State - MIZORAM,Rural,Technical diploma or certificate not equal to degree,Marginal workers_Total_Males,8.0,DDW-1500B-03ST.xlsx,03ST
B0303ST,15,000,State - MIZORAM,Rural,Graduate and above other than technical degree,Marginal workers_Total_Males,253.0,DDW-1500B-03ST.xlsx,03ST
B0303ST,15,000,State - MIZORAM,Rural,Technical degree or diploma equal to degree or post-graduate degree,Marginal workers_Total_Males,27.0,DDW-1500B-03ST.xlsx,03ST
B0303ST,15,000,State - MIZORAM,Urban,Total,Marginal workers_Total_Males,15964.0,DDW-1500B-03ST.xlsx,03ST
B0303ST,15,000,State - MIZORAM,Urban,Illiterate,Marginal workers_Total_Males,310.0,DDW-1500B-03ST.xlsx,03ST
B0303ST,15,000,State - MIZORAM,Urban,Literate,Marginal workers_Total_Males,15654.0,DDW-1500B-03ST.xlsx,03ST
B0303ST,15,000,State - MIZORAM,Urban,Literate but below matric/secondary,Marginal workers_Total_Males,10890.0,DDW-1500B-03ST.xlsx,03ST
B0303ST,15,000,State - MIZORAM,Urban,Matric/secondary but below graduate,Marginal workers_Total_Males,3587.0,DDW-1500B-03ST.xlsx,03ST
B0303ST,15,000,State - MIZORAM,Urban,Technical diploma or certificate not equal to degree,Marginal workers_Total_Males,19.0,DDW-1500B-03ST.xlsx,03ST
B0303ST,15,000,State - MIZORAM,Urban,Graduate and above other than technical degree,Marginal workers_Total_Males,876.0,DDW-1500B-03ST.xlsx,03ST
B0303ST,15,000,State - MIZORAM,Urban,Technical degree or diploma equal to degree or post-graduate degree,Marginal workers_Total_Males,82.0,DDW-1500B-03ST.xlsx,03ST
B0303ST,15,281,District - Mamit,Total,Total,Marginal workers_Total_Males,705.0,DDW-1500B-03ST.xlsx,03ST
B0303ST,15,281,District - Mamit,Total,Illiterate,Marginal workers_Total_Males,64.0,DDW-1500B-03ST.xlsx,03ST
B0303ST,15,281,District - Mamit,Total,Literate,Marginal workers_Total_Males,641.0,DDW-1500B-03ST.xlsx,03ST
B0303ST,15,281,District - Mamit,Total,Literate but below matric/secondary,Marginal workers_Total_Males,470.0,DDW-1500B-03ST.xlsx,03ST
B0303ST,15,281,District - Mamit,Total,Matric/secondary but below graduate,Marginal workers_Total_Males,122.0,DDW-1500B-03ST.xlsx,03ST
B0303ST,15,281,District - Mamit,Total,Technical diploma or certificate not equal to degree,Marginal workers_Total_Males,0.0,DDW-1500B-03ST.xlsx,03ST
B0303ST,15,281,District - Mamit,Total,Graduate and above other than technical degree,Marginal workers_Total_Males,30.0,DDW-1500B-03ST.xlsx,03ST
B0303ST,15,281,District - Mamit,Total,Technical degree or diploma equal to degree or post-graduate degree,Marginal workers_Total_Males,5.0,DDW-1500B-03ST.xlsx,03ST
B0303ST,15,281,District - Mamit,Rural,Total,Marginal workers_Total_Males,541.0,DDW-1500B-03ST.xlsx,03ST
B0303ST,15,281,District - Mamit,Rural,Illiterate,Marginal workers_Total_Males,63.0,DDW-1500B-03ST.xlsx,03ST
B0303ST,15,281,District - Mamit,Rural,Literate,Marginal workers_Total_Males,478.0,DDW-1500B-03ST.xlsx,03ST
B0303ST,15,281,District - Mamit,Rural,Literate but below matric/secondary,Marginal workers_Total_Males,358.0,DDW-1500B-03ST.xlsx,03ST
B0303ST,15,281,District - Mamit,Rural,Matric/secondary but below graduate,Marginal workers_Total_Males,88.0,DDW-1500B-03ST.xlsx,03ST
B0303ST,15,281,District - Mamit,Rural,Technical diploma or certificate not equal to degree,Marginal workers_Total_Males,0.0,DDW-1500B-03ST.xlsx,03ST
B0303ST,15,281,District - Mamit,Rural,Graduate and above other than technical degree,Marginal workers_Total_Males,19.0,DDW-1500B-03ST.xlsx,03ST
B0303ST,15,281,District - Mamit,Rural,Technical degree or diploma equal to degree or post-graduate degree,Marginal workers_Total_Males,2.0,DDW-1500B-03ST.xlsx,03ST
B0303ST,15,281,District - Mamit,Urban,Total,Marginal workers_Total_Males,164.0,DDW-1500B-03ST.xlsx,03ST
B0303ST,15,281,District - Mamit,Urban,Illiterate,Marginal workers_Total_Males,1.0,DDW-1500B-03ST.xlsx,03ST
B0303ST,15,281,District - Mamit,Urban,Literate,Marginal workers_Total_Males,163.0,DDW-1500B-03ST.xlsx,03ST
B0303ST,15,281,District - Mamit,Urban,Literate but below matric/secondary,Marginal workers_Total_Males,112.0,DDW-1500B-03ST.xlsx,03ST
B0303ST,15,281,District - Mamit,Urban,Matric/secondary but below graduate,Marginal workers_Total_Males,34.0,DDW-1500B-03ST.xlsx,03ST
B0303ST,15,281,District - Mamit,Urban,Technical diploma or certificate not equal to degree,Marginal workers_Total_Males,0.0,DDW-1500B-03ST.xlsx,03ST
B0303ST,15,281,District - Mamit,Urban,Graduate and above other than technical degree,Marginal workers_Total_Males,11.0,DDW-1500B-03ST.xlsx,03ST
B0303ST,15,281,District - Mamit,Urban,Technical degree or diploma equal to degree or post-graduate degree,Marginal workers_Total_Males,3.0,DDW-1500B-03ST.xlsx,03ST
B0303ST,15,282,District - Kolasib,Total,Total,Marginal workers_Total_Males,2400.0,DDW-1500B-03ST.xlsx,03ST
B0303ST,15,282,District - Kolasib,Total,Illiterate,Marginal workers_Total_Males,119.0,DDW-1500B-03ST.xlsx,03ST
B0303ST,15,282,District - Kolasib,Total,Literate,Marginal workers_Total_Males,2281.0,DDW-1500B-03ST.xlsx,03ST
B0303ST,15,282,District - Kolasib,Total,Literate but below matric/secondary,Marginal workers_Total_Males,1812.0,DDW-1500B-03ST.xlsx,03ST
B0303ST,15,282,District - Kolasib,Total,Matric/secondary but below graduate,Marginal workers_Total_Males,350.0,DDW-1500B-03ST.xlsx,03ST
B0303ST,15,282,District - Kolasib,Total,Technical diploma or certificate not equal to degree,Marginal workers_Total_Males,1.0,DDW-1500B-03ST.xlsx,03ST
B0303ST,15,282,District - Kolasib,Total,Graduate and above other than technical degree,Marginal workers_Total_Males,81.0,DDW-1500B-03ST.xlsx,03ST
B0303ST,15,282,District - Kolasib,Total,Technical degree or diploma equal to degree or post-graduate degree,Marginal workers_Total_Males,9.0,DDW-1500B-03ST.xlsx,03ST
B0303ST,15,282,District - Kolasib,Rural,Total,Marginal workers_Total_Males,775.0,DDW-1500B-03ST.xlsx,03ST
B0303ST,15,282,District - Kolasib,Rural,Illiterate,Marginal workers_Total_Males,39.0,DDW-1500B-03ST.xlsx,03ST
B0303ST,15,282,District - Kolasib,Rural,Literate,Marginal workers_Total_Males,736.0,DDW-1500B-03ST.xlsx,03ST
B0303ST,15,282,District - Kolasib,Rural,Literate but below matric/secondary,Marginal workers_Total_Males,581.0,DDW-1500B-03ST.xlsx,03ST
B0303ST,15,282,District - Kolasib,Rural,Matric/secondary but below graduate,Marginal workers_Total_Males,113.0,DDW-1500B-03ST.xlsx,03ST
B0303ST,15,282,District - Kolasib,Rural,Technical diploma or certificate not equal to degree,Marginal workers_Total_Males,0.0,DDW-1500B-03ST.xlsx,03ST
B0303ST,15,282,District - Kolasib,Rural,Graduate and above other than technical degree,Marginal workers_Total_Males,23.0,DDW-1500B-03ST.xlsx,03ST
B0303ST,15,282,District - Kolasib,Rural,Technical degree or diploma equal to degree or post-graduate degree,Marginal workers_Total_Males,5.0,DDW-1500B-03ST.xlsx,03ST
B0303ST,15,282,District - Kolasib,Urban,Total,Marginal workers_Total_Males,1625.0,DDW-1500B-03ST.xlsx,03ST
B0303ST,15,282,District - Kolasib,Urban,Illiterate,Marginal workers_Total_Males,80.0,DDW-1500B-03ST.xlsx,03ST
B0303ST,15,282,District - Kolasib,Urban,Literate,Marginal workers_Total_Males,1545.0,DDW-1500B-03ST.xlsx,03ST
B0303ST,15,282,District - Kolasib,Urban,Literate but below matric/secondary,Marginal workers_Total_Males,1231.0,DDW-1500B-03ST.xlsx,03ST
B0303ST,15,282,District - Kolasib,Urban,Matric/secondary but below graduate,Marginal workers_Total_Males,237.0,DDW-1500B-03ST.xlsx,03ST
B0303ST,15,282,District - Kolasib,Urban,Technical diploma or certificate not equal to degree,Marginal workers_Total_Males,1.0,DDW-1500B-03ST.xlsx,03ST
B0303ST,15,282,District - Kolasib,Urban,Graduate and above other than technical degree,Marginal workers_Total_Males,58.0,DDW-1500B-03ST.xlsx,03ST
B0303ST,15,282,District - Kolasib,Urban,Technical degree or diploma equal to degree or post-graduate degree,Marginal workers_Total_Males,4.0,DDW-1500B-03ST.xlsx,03ST
B0303ST,15,283,District - Aizawl,Total,Total,Marginal workers_Total_Males,9512.0,DDW-1500B-03ST.xlsx,03ST
B0303ST,15,283,District - Aizawl,Total,Illiterate,Marginal workers_Total_Males,154.0,DDW-1500B-03ST.xlsx,03ST
B0303ST,15,283,District - Aizawl,Total,Literate,Marginal workers_Total_Males,9358.0,DDW-1500B-03ST.xlsx,03ST
B0303ST,15,283,District - Aizawl,Total,Literate but below matric/secondary,Marginal workers_Total_Males,6276.0,DDW-1500B-03ST.xlsx,03ST
B0303ST,15,283,District - Aizawl,Total,Matric/secondary but below graduate,Marginal workers_Total_Males,2275.0,DDW-1500B-03ST.xlsx,03ST
B0303ST,15,283,District - Aizawl,Total,Technical diploma or certificate not equal to degree,Marginal workers_Total_Males,8.0,DDW-1500B-03ST.xlsx,03ST
B0303ST,15,283,District - Aizawl,Total,Graduate and above other than technical degree,Marginal workers_Total_Males,621.0,DDW-1500B-03ST.xlsx,03ST
B0303ST,15,283,District - Aizawl,Total,Technical degree or diploma equal to degree or post-graduate degree,Marginal workers_Total_Males,65.0,DDW-1500B-03ST.xlsx,03ST
B0303ST,15,283,District - Aizawl,Rural,Total,Marginal workers_Total_Males,1038.0,DDW-1500B-03ST.xlsx,03ST
B0303ST,15,283,District - Aizawl,Rural,Illiterate,Marginal workers_Total_Males,43.0,DDW-1500B-03ST.xlsx,03ST
B0303ST,15,283,District - Aizawl,Rural,Literate,Marginal workers_Total_Males,995.0,DDW-1500B-03ST.xlsx,03ST
B0303ST,15,283,District - Aizawl,Rural,Literate but below matric/secondary,Marginal workers_Total_Males,713.0,DDW-1500B-03ST.xlsx,03ST
B0303ST,15,283,District - Aizawl,Rural,Matric/secondary but below graduate,Marginal workers_Total_Males,204.0,DDW-1500B-03ST.xlsx,03ST
B0303ST,15,283,District - Aizawl,Rural,Technical diploma or certificate not equal to degree,Marginal workers_Total_Males,0.0,DDW-1500B-03ST.xlsx,03ST
B0303ST,15,283,District - Aizawl,Rural,Graduate and above other than technical degree,Marginal workers_Total_Males,55.0,DDW-1500B-03ST.xlsx,03ST
B0303ST,15,283,District - Aizawl,Rural,Technical degree or diploma equal to degree or post-graduate degree,Marginal workers_Total_Males,4.0,DDW-1500B-03ST.xlsx,03ST
B0303ST,15,283,District - Aizawl,Urban,Total,Marginal workers_Total_Males,8474.0,DDW-1500B-03ST.xlsx,03ST
B0303ST,15,283,District - Aizawl,Urban,Illiterate,Marginal workers_Total_Males,111.0,DDW-1500B-03ST.xlsx,03ST
B0303ST,15,283,District - Aizawl,Urban,Literate,Marginal workers_Total_Males,8363.0,DDW-1500B-03ST.xlsx,03ST
B0303ST,15,283,District - Aizawl,Urban,Literate but below matric/secondary,Marginal workers_Total_Males,5563.0,DDW-1500B-03ST.xlsx,03ST
B0303ST,15,283,District - Aizawl,Urban,Matric/secondary but below graduate,Marginal workers_Total_Males,2071.0,DDW-1500B-03ST.xlsx,03ST
B0303ST,15,283,District - Aizawl,Urban,Technical diploma or certificate not equal to degree,Marginal workers_Total_Males,8.0,DDW-1500B-03ST.xlsx,03ST
B0303ST,15,283,District - Aizawl,Urban,Graduate and above other than technical degree,Marginal workers_Total_Males,566.0,DDW-1500B-03ST.xlsx,03ST
B0303ST,15,283,District - Aizawl,Urban,Technical degree or diploma equal to degree or post-graduate degree,Marginal workers_Total_Males,61.0,DDW-1500B-03ST.xlsx,03ST
B0303ST,15,284,District - Champhai,Total,Total,Marginal workers_Total_Males,2534.0,DDW-1500B-03ST.xlsx,03ST
B0303ST,15,284,District - Champhai,Total,Illiterate,Marginal workers_Total_Males,71.0,DDW-1500B-03ST.xlsx,03ST
B0303ST,15,284,District - Champhai,Total,Literate,Marginal workers_Total_Males,2463.0,DDW-1500B-03ST.xlsx,03ST
B0303ST,15,284,District - Champhai,Total,Literate but below matric/secondary,Marginal workers_Total_Males,1911.0,DDW-1500B-03ST.xlsx,03ST
B0303ST,15,284,District - Champhai,Total,Matric/secondary but below graduate,Marginal workers_Total_Males,416.0,DDW-1500B-03ST.xlsx,03ST
B0303ST,15,284,District - Champhai,Total,Technical diploma or certificate not equal to degree,Marginal workers_Total_Males,2.0,DDW-1500B-03ST.xlsx,03ST
B0303ST,15,284,District - Champhai,Total,Graduate and above other than technical degree,Marginal workers_Total_Males,90.0,DDW-1500B-03ST.xlsx,03ST
B0303ST,15,284,District - Champhai,Total,Technical degree or diploma equal to degree or post-graduate degree,Marginal workers_Total_Males,6.0,DDW-1500B-03ST.xlsx,03ST
B0303ST,15,284,District - Champhai,Rural,Total,Marginal workers_Total_Males,779.0,DDW-1500B-03ST.xlsx,03ST
B0303ST,15,284,District - Champhai,Rural,Illiterate,Marginal workers_Total_Males,34.0,DDW-1500B-03ST.xlsx,03ST
B0303ST,15,284,District - Champhai,Rural,Literate,Marginal workers_Total_Males,745.0,DDW-1500B-03ST.xlsx,03ST
B0303ST,15,284,District - Champhai,Rural,Literate but below matric/secondary,Marginal workers_Total_Males,582.0,DDW-1500B-03ST.xlsx,03ST
B0303ST,15,284,District - Champhai,Rural,Matric/secondary but below graduate,Marginal workers_Total_Males,118.0,DDW-1500B-03ST.xlsx,03ST
B0303ST,15,284,District - Champhai,Rural,Technical diploma or certificate not equal to degree,Marginal workers_Total_Males,1.0,DDW-1500B-03ST.xlsx,03ST
B0303ST,15,284,District - Champhai,Rural,Graduate and above other than technical degree,Marginal workers_Total_Males,32.0,DDW-1500B-03ST.xlsx,03ST
B0303ST,15,284,District - Champhai,Rural,Technical degree or diploma equal to degree or post-graduate degree,Marginal workers_Total_Males,3.0,DDW-1500B-03ST.xlsx,03ST
B0303ST,15,284,District - Champhai,Urban,Total,Marginal workers_Total_Males,1755.0,DDW-1500B-03ST.xlsx,03ST
B0303ST,15,284,District - Champhai,Urban,Illiterate,Marginal workers_Total_Males,37.0,DDW-1500B-03ST.xlsx,03ST
B0303ST,15,284,District - Champhai,Urban,Literate,Marginal workers_Total_Males,1718.0,DDW-1500B-03ST.xlsx,03ST
B0303ST,15,284,District - Champhai,Urban,Literate but below matric/secondary,Marginal workers_Total_Males,1329.0,DDW-1500B-03ST.xlsx,03ST
B0303ST,15,284,District - Champhai,Urban,Matric/secondary but below graduate,Marginal workers_Total_Males,298.0,DDW-1500B-03ST.xlsx,03ST
B0303ST,15,284,District - Champhai,Urban,Technical diploma or certificate not equal to degree,Marginal workers_Total_Males,1.0,DDW-1500B-03ST.xlsx,03ST
B0303ST,15,284,District - Champhai,Urban,Graduate and above other than technical degree,Marginal workers_Total_Males,58.0,DDW-1500B-03ST.xlsx,03ST
B0303ST,15,284,District - Champhai,Urban,Technical degree or diploma equal to degree or post-graduate degree,Marginal workers_Total_Males,3.0,DDW-1500B-03ST.xlsx,03ST
B0303ST,15,285,District - Serchhip,Total,Total,Marginal workers_Total_Males,781.0,DDW-1500B-03ST.xlsx,03ST
B0303ST,15,285,District - Serchhip,Total,Illiterate,Marginal workers_Total_Males,16.0,DDW-1500B-03ST.xlsx,03ST
B0303ST,15,285,District - Serchhip,Total,Literate,Marginal workers_Total_Males,765.0,DDW-1500B-03ST.xlsx,03ST
B0303ST,15,285,District - Serchhip,Total,Literate but below matric/secondary,Marginal workers_Total_Males,542.0,DDW-1500B-03ST.xlsx,03ST
B0303ST,15,285,District - Serchhip,Total,Matric/secondary but below graduate,Marginal workers_Total_Males,154.0,DDW-1500B-03ST.xlsx,03ST
B0303ST,15,285,District - Serchhip,Total,Technical diploma or certificate not equal to degree,Marginal workers_Total_Males,0.0,DDW-1500B-03ST.xlsx,03ST
B0303ST,15,285,District - Serchhip,Total,Graduate and above other than technical degree,Marginal workers_Total_Males,52.0,DDW-1500B-03ST.xlsx,03ST
B0303ST,15,285,District - Serchhip,Total,Technical degree or diploma equal to degree or post-graduate degree,Marginal workers_Total_Males,4.0,DDW-1500B-03ST.xlsx,03ST
B0303ST,15,285,District - Serchhip,Rural,Total,Marginal workers_Total_Males,318.0,DDW-1500B-03ST.xlsx,03ST
B0303ST,15,285,District - Serchhip,Rural,Illiterate,Marginal workers_Total_Males,8.0,DDW-1500B-03ST.xlsx,03ST
B0303ST,15,285,District - Serchhip,Rural,Literate,Marginal workers_Total_Males,310.0,DDW-1500B-03ST.xlsx,03ST
B0303ST,15,285,District - Serchhip,Rural,Literate but below matric/secondary,Marginal workers_Total_Males,210.0,DDW-1500B-03ST.xlsx,03ST
B0303ST,15,285,District - Serchhip,Rural,Matric/secondary but below graduate,Marginal workers_Total_Males,69.0,DDW-1500B-03ST.xlsx,03ST
B0303ST,15,285,District - Serchhip,Rural,Technical diploma or certificate not equal to degree,Marginal workers_Total_Males,0.0,DDW-1500B-03ST.xlsx,03ST
B0303ST,15,285,District - Serchhip,Rural,Graduate and above other than technical degree,Marginal workers_Total_Males,26.0,DDW-1500B-03ST.xlsx,03ST
B0303ST,15,285,District - Serchhip,Rural,Technical degree or diploma equal to degree or post-graduate degree,Marginal workers_Total_Males,1.0,DDW-1500B-03ST.xlsx,03ST
B0303ST,15,285,District - Serchhip,Urban,Total,Marginal workers_Total_Males,463.0,DDW-1500B-03ST.xlsx,03ST
B0303ST,15,285,District - Serchhip,Urban,Illiterate,Marginal workers_Total_Males,8.0,DDW-1500B-03ST.xlsx,03ST
B0303ST,15,285,District - Serchhip,Urban,Literate,Marginal workers_Total_Males,455.0,DDW-1500B-03ST.xlsx,03ST
B0303ST,15,285,District - Serchhip,Urban,Literate but below matric/secondary,Marginal workers_Total_Males,332.0,DDW-1500B-03ST.xlsx,03ST
B0303ST,15,285,District - Serchhip,Urban,Matric/secondary but below graduate,Marginal workers_Total_Males,85.0,DDW-1500B-03ST.xlsx,03ST
B0303ST,15,285,District - Serchhip,Urban,Technical diploma or certificate not equal to degree,Marginal workers_Total_Males,0.0,DDW-1500B-03ST.xlsx,03ST
B0303ST,15,285,District - Serchhip,Urban,Graduate and above other than technical degree,Marginal workers_Total_Males,26.0,DDW-1500B-03ST.xlsx,03ST
B0303ST,15,285,District - Serchhip,Urban,Technical degree or diploma equal to degree or post-graduate degree,Marginal workers_Total_Males,3.0,DDW-1500B-03ST.xlsx,03ST
B0303ST,15,286,District - Lunglei,Total,Total,Marginal workers_Total_Males,5118.0,DDW-1500B-03ST.xlsx,03ST
B0303ST,15,286,District - Lunglei,Total,Illiterate,Marginal workers_Total_Males,291.0,DDW-1500B-03ST.xlsx,03ST
B0303ST,15,286,District - Lunglei,Total,Literate,Marginal workers_Total_Males,4827.0,DDW-1500B-03ST.xlsx,03ST
B0303ST,15,286,District - Lunglei,Total,Literate but below matric/secondary,Marginal workers_Total_Males,3668.0,DDW-1500B-03ST.xlsx,03ST
B0303ST,15,286,District - Lunglei,Total,Matric/secondary but below graduate,Marginal workers_Total_Males,936.0,DDW-1500B-03ST.xlsx,03ST
B0303ST,15,286,District - Lunglei,Total,Technical diploma or certificate not equal to degree,Marginal workers_Total_Males,12.0,DDW-1500B-03ST.xlsx,03ST
B0303ST,15,286,District - Lunglei,Total,Graduate and above other than technical degree,Marginal workers_Total_Males,141.0,DDW-1500B-03ST.xlsx,03ST
B0303ST,15,286,District - Lunglei,Total,Technical degree or diploma equal to degree or post-graduate degree,Marginal workers_Total_Males,13.0,DDW-1500B-03ST.xlsx,03ST
B0303ST,15,286,District - Lunglei,Rural,Total,Marginal workers_Total_Males,3184.0,DDW-1500B-03ST.xlsx,03ST
B0303ST,15,286,District - Lunglei,Rural,Illiterate,Marginal workers_Total_Males,260.0,DDW-1500B-03ST.xlsx,03ST
B0303ST,15,286,District - Lunglei,Rural,Literate,Marginal workers_Total_Males,2924.0,DDW-1500B-03ST.xlsx,03ST
B0303ST,15,286,District - Lunglei,Rural,Literate but below matric/secondary,Marginal workers_Total_Males,2340.0,DDW-1500B-03ST.xlsx,03ST
B0303ST,15,286,District - Lunglei,Rural,Matric/secondary but below graduate,Marginal workers_Total_Males,474.0,DDW-1500B-03ST.xlsx,03ST
B0303ST,15,286,District - Lunglei,Rural,Technical diploma or certificate not equal to degree,Marginal workers_Total_Males,6.0,DDW-1500B-03ST.xlsx,03ST
B0303ST,15,286,District - Lunglei,Rural,Graduate and above other than technical degree,Marginal workers_Total_Males,61.0,DDW-1500B-03ST.xlsx,03ST
B0303ST,15,286,District - Lunglei,Rural,Technical degree or diploma equal to degree or post-graduate degree,Marginal workers_Total_Males,8.0,DDW-1500B-03ST.xlsx,03ST
B0303ST,15,286,District - Lunglei,Urban,Total,Marginal workers_Total_Males,1934.0,DDW-1500B-03ST.xlsx,03ST
B0303ST,15,286,District - Lunglei,Urban,Illiterate,Marginal workers_Total_Males,31.0,DDW-1500B-03ST.xlsx,03ST
B0303ST,15,286,District - Lunglei,Urban,Literate,Marginal workers_Total_Males,1903.0,DDW-1500B-03ST.xlsx,03ST
B0303ST,15,286,District - Lunglei,Urban,Literate but below matric/secondary,Marginal workers_Total_Males,1328.0,DDW-1500B-03ST.xlsx,03ST
B0303ST,15,286,District - Lunglei,Urban,Matric/secondary but below graduate,Marginal workers_Total_Males,462.0,DDW-1500B-03ST.xlsx,03ST
B0303ST,15,286,District - Lunglei,Urban,Technical diploma or certificate not equal to degree,Marginal workers_Total_Males,6.0,DDW-1500B-03ST.xlsx,03ST
B0303ST,15,286,District - Lunglei,Urban,Graduate and above other than technical degree,Marginal workers_Total_Males,80.0,DDW-1500B-03ST.xlsx,03ST
B0303ST,15,286,District - Lunglei,Urban,Technical degree or diploma equal to degree or post-graduate degree,Marginal workers_Total_Males,5.0,DDW-1500B-03ST.xlsx,03ST
B0303ST,15,287,District - Lawngtlai,Total,Total,Marginal workers_Total_Males,2626.0,DDW-1500B-03ST.xlsx,03ST
B0303ST,15,287,District - Lawngtlai,Total,Illiterate,Marginal workers_Total_Males,873.0,DDW-1500B-03ST.xlsx,03ST
B0303ST,15,287,District - Lawngtlai,Total,Literate,Marginal workers_Total_Males,1753.0,DDW-1500B-03ST.xlsx,03ST
B0303ST,15,287,District - Lawngtlai,Total,Literate but below matric/secondary,Marginal workers_Total_Males,1299.0,DDW-1500B-03ST.xlsx,03ST
B0303ST,15,287,District - Lawngtlai,Total,Matric/secondary but below graduate,Marginal workers_Total_Males,327.0,DDW-1500B-03ST.xlsx,03ST
B0303ST,15,287,District - Lawngtlai,Total,Technical diploma or certificate not equal to degree,Marginal workers_Total_Males,2.0,DDW-1500B-03ST.xlsx,03ST
B0303ST,15,287,District - Lawngtlai,Total,Graduate and above other than technical degree,Marginal workers_Total_Males,62.0,DDW-1500B-03ST.xlsx,03ST
B0303ST,15,287,District - Lawngtlai,Total,Technical degree or diploma equal to degree or post-graduate degree,Marginal workers_Total_Males,4.0,DDW-1500B-03ST.xlsx,03ST
B0303ST,15,287,District - Lawngtlai,Rural,Total,Marginal workers_Total_Males,1838.0,DDW-1500B-03ST.xlsx,03ST
B0303ST,15,287,District - Lawngtlai,Rural,Illiterate,Marginal workers_Total_Males,852.0,DDW-1500B-03ST.xlsx,03ST
B0303ST,15,287,District - Lawngtlai,Rural,Literate,Marginal workers_Total_Males,986.0,DDW-1500B-03ST.xlsx,03ST
B0303ST,15,287,District - Lawngtlai,Rural,Literate but below matric/secondary,Marginal workers_Total_Males,752.0,DDW-1500B-03ST.xlsx,03ST
B0303ST,15,287,District - Lawngtlai,Rural,Matric/secondary but below graduate,Marginal workers_Total_Males,161.0,DDW-1500B-03ST.xlsx,03ST
B0303ST,15,287,District - Lawngtlai,Rural,Technical diploma or certificate not equal to degree,Marginal workers_Total_Males,0.0,DDW-1500B-03ST.xlsx,03ST
B0303ST,15,287,District - Lawngtlai,Rural,Graduate and above other than technical degree,Marginal workers_Total_Males,28.0,DDW-1500B-03ST.xlsx,03ST
B0303ST,15,287,District - Lawngtlai,Rural,Technical degree or diploma equal to degree or post-graduate degree,Marginal workers_Total_Males,2.0,DDW-1500B-03ST.xlsx,03ST
B0303ST,15,287,District - Lawngtlai,Urban,Total,Marginal workers_Total_Males,788.0,DDW-1500B-03ST.xlsx,03ST
B0303ST,15,287,District - Lawngtlai,Urban,Illiterate,Marginal workers_Total_Males,21.0,DDW-1500B-03ST.xlsx,03ST
B0303ST,15,287,District - Lawngtlai,Urban,Literate,Marginal workers_Total_Males,767.0,DDW-1500B-03ST.xlsx,03ST
B0303ST,15,287,District - Lawngtlai,Urban,Literate but below matric/secondary,Marginal workers_Total_Males,547.0,DDW-1500B-03ST.xlsx,03ST
B0303ST,15,287,District - Lawngtlai,Urban,Matric/secondary but below graduate,Marginal workers_Total_Males,166.0,DDW-1500B-03ST.xlsx,03ST
B0303ST,15,287,District - Lawngtlai,Urban,Technical diploma or certificate not equal to degree,Marginal workers_Total_Males,2.0,DDW-1500B-03ST.xlsx,03ST
B0303ST,15,287,District - Lawngtlai,Urban,Graduate and above other than technical degree,Marginal workers_Total_Males,34.0,DDW-1500B-03ST.xlsx,03ST
B0303ST,15,287,District - Lawngtlai,Urban,Technical degree or diploma equal to degree or post-graduate degree,Marginal workers_Total_Males,2.0,DDW-1500B-03ST.xlsx,03ST
B0303ST,15,288,District - Saiha,Total,Total,Marginal workers_Total_Males,2119.0,DDW-1500B-03ST.xlsx,03ST
B0303ST,15,288,District - Saiha,Total,Illiterate,Marginal workers_Total_Males,164.0,DDW-1500B-03ST.xlsx,03ST
B0303ST,15,288,District - Saiha,Total,Literate,Marginal workers_Total_Males,1955.0,DDW-1500B-03ST.xlsx,03ST
B0303ST,15,288,District - Saiha,Total,Literate but below matric/secondary,Marginal workers_Total_Males,1505.0,DDW-1500B-03ST.xlsx,03ST
B0303ST,15,288,District - Saiha,Total,Matric/secondary but below graduate,Marginal workers_Total_Males,348.0,DDW-1500B-03ST.xlsx,03ST
B0303ST,15,288,District - Saiha,Total,Technical diploma or certificate not equal to degree,Marginal workers_Total_Males,2.0,DDW-1500B-03ST.xlsx,03ST
B0303ST,15,288,District - Saiha,Total,Graduate and above other than technical degree,Marginal workers_Total_Males,52.0,DDW-1500B-03ST.xlsx,03ST
B0303ST,15,288,District - Saiha,Total,Technical degree or diploma equal to degree or post-graduate degree,Marginal workers_Total_Males,3.0,DDW-1500B-03ST.xlsx,03ST
B0303ST,15,288,District - Saiha,Rural,Total,Marginal workers_Total_Males,1358.0,DDW-1500B-03ST.xlsx,03ST
B0303ST,15,288,District - Saiha,Rural,Illiterate,Marginal workers_Total_Males,143.0,DDW-1500B-03ST.xlsx,03ST
B0303ST,15,288,District - Saiha,Rural,Literate,Marginal workers_Total_Males,1215.0,DDW-1500B-03ST.xlsx,03ST
B0303ST,15,288,District - Saiha,Rural,Literate but below matric/secondary,Marginal workers_Total_Males,1057.0,DDW-1500B-03ST.xlsx,03ST
B0303ST,15,288,District - Saiha,Rural,Matric/secondary but below graduate,Marginal workers_Total_Males,114.0,DDW-1500B-03ST.xlsx,03ST
B0303ST,15,288,District - Saiha,Rural,Technical diploma or certificate not equal to degree,Marginal workers_Total_Males,1.0,DDW-1500B-03ST.xlsx,03ST
B0303ST,15,288,District - Saiha,Rural,Graduate and above other than technical degree,Marginal workers_Total_Males,9.0,DDW-1500B-03ST.xlsx,03ST
B0303ST,15,288,District - Saiha,Rural,Technical degree or diploma equal to degree or post-graduate degree,Marginal workers_Total_Males,2.0,DDW-1500B-03ST.xlsx,03ST
B0303ST,15,288,District - Saiha,Urban,Total,Marginal workers_Total_Males,761.0,DDW-1500B-03ST.xlsx,03ST
B0303ST,15,288,District - Saiha,Urban,Illiterate,Marginal workers_Total_Males,21.0,DDW-1500B-03ST.xlsx,03ST
B0303ST,15,288,District - Saiha,Urban,Literate,Marginal workers_Total_Males,740.0,DDW-1500B-03ST.xlsx,03ST
B0303ST,15,288,District - Saiha,Urban,Literate but below matric/secondary,Marginal workers_Total_Males,448.0,DDW-1500B-03ST.xlsx,03ST
B0303ST,15,288,District - Saiha,Urban,Matric/secondary but below graduate,Marginal workers_Total_Males,234.0,DDW-1500B-03ST.xlsx,03ST
B0303ST,15,288,District - Saiha,Urban,Technical diploma or certificate not equal to degree,Marginal workers_Total_Males,1.0,DDW-1500B-03ST.xlsx,03ST
B0303ST,15,288,District - Saiha,Urban,Graduate and above other than technical degree,Marginal workers_Total_Males,43.0,DDW-1500B-03ST.xlsx,03ST
B0303ST,15,288,District - Saiha,Urban,Technical degree or diploma equal to degree or post-graduate degree,Marginal workers_Total_Males,1.0,DDW-1500B-03ST.xlsx,03ST
B0303ST,15,000,State - MIZORAM,Total,Total,Marginal workers_Total_Females,42915.0,DDW-1500B-03ST.xlsx,03ST
B0303ST,15,000,State - MIZORAM,Total,Illiterate,Marginal workers_Total_Females,7043.0,DDW-1500B-03ST.xlsx,03ST
B0303ST,15,000,State - MIZORAM,Total,Literate,Marginal workers_Total_Females,35872.0,DDW-1500B-03ST.xlsx,03ST
B0303ST,15,000,State - MIZORAM,Total,Literate but below matric/secondary,Marginal workers_Total_Females,28320.0,DDW-1500B-03ST.xlsx,03ST
B0303ST,15,000,State - MIZORAM,Total,Matric/secondary but below graduate,Marginal workers_Total_Females,5585.0,DDW-1500B-03ST.xlsx,03ST
B0303ST,15,000,State - MIZORAM,Total,Technical diploma or certificate not equal to degree,Marginal workers_Total_Females,35.0,DDW-1500B-03ST.xlsx,03ST
B0303ST,15,000,State - MIZORAM,Total,Graduate and above other than technical degree,Marginal workers_Total_Females,957.0,DDW-1500B-03ST.xlsx,03ST
B0303ST,15,000,State - MIZORAM,Total,Technical degree or diploma equal to degree or post-graduate degree,Marginal workers_Total_Females,61.0,DDW-1500B-03ST.xlsx,03ST
B0303ST,15,000,State - MIZORAM,Rural,Total,Marginal workers_Total_Females,23867.0,DDW-1500B-03ST.xlsx,03ST
B0303ST,15,000,State - MIZORAM,Rural,Illiterate,Marginal workers_Total_Females,6507.0,DDW-1500B-03ST.xlsx,03ST
B0303ST,15,000,State - MIZORAM,Rural,Literate,Marginal workers_Total_Females,17360.0,DDW-1500B-03ST.xlsx,03ST
B0303ST,15,000,State - MIZORAM,Rural,Literate but below matric/secondary,Marginal workers_Total_Females,14700.0,DDW-1500B-03ST.xlsx,03ST
B0303ST,15,000,State - MIZORAM,Rural,Matric/secondary but below graduate,Marginal workers_Total_Females,1873.0,DDW-1500B-03ST.xlsx,03ST
B0303ST,15,000,State - MIZORAM,Rural,Technical diploma or certificate not equal to degree,Marginal workers_Total_Females,7.0,DDW-1500B-03ST.xlsx,03ST
B0303ST,15,000,State - MIZORAM,Rural,Graduate and above other than technical degree,Marginal workers_Total_Females,208.0,DDW-1500B-03ST.xlsx,03ST
B0303ST,15,000,State - MIZORAM,Rural,Technical degree or diploma equal to degree or post-graduate degree,Marginal workers_Total_Females,6.0,DDW-1500B-03ST.xlsx,03ST
B0303ST,15,000,State - MIZORAM,Urban,Total,Marginal workers_Total_Females,19048.0,DDW-1500B-03ST.xlsx,03ST
B0303ST,15,000,State - MIZORAM,Urban,Illiterate,Marginal workers_Total_Females,536.0,DDW-1500B-03ST.xlsx,03ST
B0303ST,15,000,State - MIZORAM,Urban,Literate,Marginal workers_Total_Females,18512.0,DDW-1500B-03ST.xlsx,03ST
B0303ST,15,000,State - MIZORAM,Urban,Literate but below matric/secondary,Marginal workers_Total_Females,13620.0,DDW-1500B-03ST.xlsx,03ST
B0303ST,15,000,State - MIZORAM,Urban,Matric/secondary but below graduate,Marginal workers_Total_Females,3712.0,DDW-1500B-03ST.xlsx,03ST
B0303ST,15,000,State - MIZORAM,Urban,Technical diploma or certificate not equal to degree,Marginal workers_Total_Females,28.0,DDW-1500B-03ST.xlsx,03ST
B0303ST,15,000,State - MIZORAM,Urban,Graduate and above other than technical degree,Marginal workers_Total_Females,749.0,DDW-1500B-03ST.xlsx,03ST
B0303ST,15,000,State - MIZORAM,Urban,Technical degree or diploma equal to degree or post-graduate degree,Marginal workers_Total_Females,55.0,DDW-1500B-03ST.xlsx,03ST
B0303ST,15,281,District - Mamit,Total,Total,Marginal workers_Total_Females,2228.0,DDW-1500B-03ST.xlsx,03ST
B0303ST,15,281,District - Mamit,Total,Illiterate,Marginal workers_Total_Females,893.0,DDW-1500B-03ST.xlsx,03ST
B0303ST,15,281,District - Mamit,Total,Literate,Marginal workers_Total_Females,1335.0,DDW-1500B-03ST.xlsx,03ST
B0303ST,15,281,District - Mamit,Total,Literate but below matric/secondary,Marginal workers_Total_Females,1114.0,DDW-1500B-03ST.xlsx,03ST
B0303ST,15,281,District - Mamit,Total,Matric/secondary but below graduate,Marginal workers_Total_Females,146.0,DDW-1500B-03ST.xlsx,03ST
B0303ST,15,281,District - Mamit,Total,Technical diploma or certificate not equal to degree,Marginal workers_Total_Females,0.0,DDW-1500B-03ST.xlsx,03ST
B0303ST,15,281,District - Mamit,Total,Graduate and above other than technical degree,Marginal workers_Total_Females,30.0,DDW-1500B-03ST.xlsx,03ST
B0303ST,15,281,District - Mamit,Total,Technical degree or diploma equal to degree or post-graduate degree,Marginal workers_Total_Females,0.0,DDW-1500B-03ST.xlsx,03ST
B0303ST,15,281,District - Mamit,Rural,Total,Marginal workers_Total_Females,1946.0,DDW-1500B-03ST.xlsx,03ST
B0303ST,15,281,District - Mamit,Rural,Illiterate,Marginal workers_Total_Females,883.0,DDW-1500B-03ST.xlsx,03ST
B0303ST,15,281,District - Mamit,Rural,Literate,Marginal workers_Total_Females,1063.0,DDW-1500B-03ST.xlsx,03ST
B0303ST,15,281,District - Mamit,Rural,Literate but below matric/secondary,Marginal workers_Total_Females,900.0,DDW-1500B-03ST.xlsx,03ST
B0303ST,15,281,District - Mamit,Rural,Matric/secondary but below graduate,Marginal workers_Total_Females,101.0,DDW-1500B-03ST.xlsx,03ST
B0303ST,15,281,District - Mamit,Rural,Technical diploma or certificate not equal to degree,Marginal workers_Total_Females,0.0,DDW-1500B-03ST.xlsx,03ST
B0303ST,15,281,District - Mamit,Rural,Graduate and above other than technical degree,Marginal workers_Total_Females,19.0,DDW-1500B-03ST.xlsx,03ST
B0303ST,15,281,District - Mamit,Rural,Technical degree or diploma equal to degree or post-graduate degree,Marginal workers_Total_Females,0.0,DDW-1500B-03ST.xlsx,03ST
B0303ST,15,281,District - Mamit,Urban,Total,Marginal workers_Total_Females,282.0,DDW-1500B-03ST.xlsx,03ST
B0303ST,15,281,District - Mamit,Urban,Illiterate,Marginal workers_Total_Females,10.0,DDW-1500B-03ST.xlsx,03ST
B0303ST,15,281,District - Mamit,Urban,Literate,Marginal workers_Total_Females,272.0,DDW-1500B-03ST.xlsx,03ST
B0303ST,15,281,District - Mamit,Urban,Literate but below matric/secondary,Marginal workers_Total_Females,214.0,DDW-1500B-03ST.xlsx,03ST
B0303ST,15,281,District - Mamit,Urban,Matric/secondary but below graduate,Marginal workers_Total_Females,45.0,DDW-1500B-03ST.xlsx,03ST
B0303ST,15,281,District - Mamit,Urban,Technical diploma or certificate not equal to degree,Marginal workers_Total_Females,0.0,DDW-1500B-03ST.xlsx,03ST
B0303ST,15,281,District - Mamit,Urban,Graduate and above other than technical degree,Marginal workers_Total_Females,11.0,DDW-1500B-03ST.xlsx,03ST
B0303ST,15,281,District - Mamit,Urban,Technical degree or diploma equal to degree or post-graduate degree,Marginal workers_Total_Females,0.0,DDW-1500B-03ST.xlsx,03ST
B0303ST,15,282,District - Kolasib,Total,Total,Marginal workers_Total_Females,3881.0,DDW-1500B-03ST.xlsx,03ST
B0303ST,15,282,District - Kolasib,Total,Illiterate,Marginal workers_Total_Females,280.0,DDW-1500B-03ST.xlsx,03ST
B0303ST,15,282,District - Kolasib,Total,Literate,Marginal workers_Total_Females,3601.0,DDW-1500B-03ST.xlsx,03ST
B0303ST,15,282,District - Kolasib,Total,Literate but below matric/secondary,Marginal workers_Total_Females,3043.0,DDW-1500B-03ST.xlsx,03ST
B0303ST,15,282,District - Kolasib,Total,Matric/secondary but below graduate,Marginal workers_Total_Females,421.0,DDW-1500B-03ST.xlsx,03ST
B0303ST,15,282,District - Kolasib,Total,Technical diploma or certificate not equal to degree,Marginal workers_Total_Females,2.0,DDW-1500B-03ST.xlsx,03ST
B0303ST,15,282,District - Kolasib,Total,Graduate and above other than technical degree,Marginal workers_Total_Females,68.0,DDW-1500B-03ST.xlsx,03ST
B0303ST,15,282,District - Kolasib,Total,Technical degree or diploma equal to degree or post-graduate degree,Marginal workers_Total_Females,5.0,DDW-1500B-03ST.xlsx,03ST
B0303ST,15,282,District - Kolasib,Rural,Total,Marginal workers_Total_Females,2074.0,DDW-1500B-03ST.xlsx,03ST
B0303ST,15,282,District - Kolasib,Rural,Illiterate,Marginal workers_Total_Females,172.0,DDW-1500B-03ST.xlsx,03ST
B0303ST,15,282,District - Kolasib,Rural,Literate,Marginal workers_Total_Females,1902.0,DDW-1500B-03ST.xlsx,03ST
B0303ST,15,282,District - Kolasib,Rural,Literate but below matric/secondary,Marginal workers_Total_Females,1647.0,DDW-1500B-03ST.xlsx,03ST
B0303ST,15,282,District - Kolasib,Rural,Matric/secondary but below graduate,Marginal workers_Total_Females,193.0,DDW-1500B-03ST.xlsx,03ST
B0303ST,15,282,District - Kolasib,Rural,Technical diploma or certificate not equal to degree,Marginal workers_Total_Females,1.0,DDW-1500B-03ST.xlsx,03ST
B0303ST,15,282,District - Kolasib,Rural,Graduate and above other than technical degree,Marginal workers_Total_Females,17.0,DDW-1500B-03ST.xlsx,03ST
B0303ST,15,282,District - Kolasib,Rural,Technical degree or diploma equal to degree or post-graduate degree,Marginal workers_Total_Females,1.0,DDW-1500B-03ST.xlsx,03ST
B0303ST,15,282,District - Kolasib,Urban,Total,Marginal workers_Total_Females,1807.0,DDW-1500B-03ST.xlsx,03ST
B0303ST,15,282,District - Kolasib,Urban,Illiterate,Marginal workers_Total_Females,108.0,DDW-1500B-03ST.xlsx,03ST
B0303ST,15,282,District - Kolasib,Urban,Literate,Marginal workers_Total_Females,1699.0,DDW-1500B-03ST.xlsx,03ST
B0303ST,15,282,District - Kolasib,Urban,Literate but below matric/secondary,Marginal workers_Total_Females,1396.0,DDW-1500B-03ST.xlsx,03ST
B0303ST,15,282,District - Kolasib,Urban,Matric/secondary but below graduate,Marginal workers_Total_Females,228.0,DDW-1500B-03ST.xlsx,03ST
B0303ST,15,282,District - Kolasib,Urban,Technical diploma or certificate not equal to degree,Marginal workers_Total_Females,1.0,DDW-1500B-03ST.xlsx,03ST
B0303ST,15,282,District - Kolasib,Urban,Graduate and above other than technical degree,Marginal workers_Total_Females,51.0,DDW-1500B-03ST.xlsx,03ST
B0303ST,15,282,District - Kolasib,Urban,Technical degree or diploma equal to degree or post-graduate degree,Marginal workers_Total_Females,4.0,DDW-1500B-03ST.xlsx,03ST
B0303ST,15,283,District - Aizawl,Total,Total,Marginal workers_Total_Females,12540.0,DDW-1500B-03ST.xlsx,03ST
B0303ST,15,283,District - Aizawl,Total,Illiterate,Marginal workers_Total_Females,250.0,DDW-1500B-03ST.xlsx,03ST
B0303ST,15,283,District - Aizawl,Total,Literate,Marginal workers_Total_Females,12290.0,DDW-1500B-03ST.xlsx,03ST
B0303ST,15,283,District - Aizawl,Total,Literate but below matric/secondary,Marginal workers_Total_Females,9070.0,DDW-1500B-03ST.xlsx,03ST
B0303ST,15,283,District - Aizawl,Total,Matric/secondary but below graduate,Marginal workers_Total_Females,2412.0,DDW-1500B-03ST.xlsx,03ST
B0303ST,15,283,District - Aizawl,Total,Technical diploma or certificate not equal to degree,Marginal workers_Total_Females,17.0,DDW-1500B-03ST.xlsx,03ST
B0303ST,15,283,District - Aizawl,Total,Graduate and above other than technical degree,Marginal workers_Total_Females,524.0,DDW-1500B-03ST.xlsx,03ST
B0303ST,15,283,District - Aizawl,Total,Technical degree or diploma equal to degree or post-graduate degree,Marginal workers_Total_Females,35.0,DDW-1500B-03ST.xlsx,03ST
B0303ST,15,283,District - Aizawl,Rural,Total,Marginal workers_Total_Females,3027.0,DDW-1500B-03ST.xlsx,03ST
B0303ST,15,283,District - Aizawl,Rural,Illiterate,Marginal workers_Total_Females,114.0,DDW-1500B-03ST.xlsx,03ST
B0303ST,15,283,District - Aizawl,Rural,Literate,Marginal workers_Total_Females,2913.0,DDW-1500B-03ST.xlsx,03ST
B0303ST,15,283,District - Aizawl,Rural,Literate but below matric/secondary,Marginal workers_Total_Females,2453.0,DDW-1500B-03ST.xlsx,03ST
B0303ST,15,283,District - Aizawl,Rural,Matric/secondary but below graduate,Marginal workers_Total_Females,329.0,DDW-1500B-03ST.xlsx,03ST
B0303ST,15,283,District - Aizawl,Rural,Technical diploma or certificate not equal to degree,Marginal workers_Total_Females,2.0,DDW-1500B-03ST.xlsx,03ST
B0303ST,15,283,District - Aizawl,Rural,Graduate and above other than technical degree,Marginal workers_Total_Females,46.0,DDW-1500B-03ST.xlsx,03ST
B0303ST,15,283,District - Aizawl,Rural,Technical degree or diploma equal to degree or post-graduate degree,Marginal workers_Total_Females,0.0,DDW-1500B-03ST.xlsx,03ST
B0303ST,15,283,District - Aizawl,Urban,Total,Marginal workers_Total_Females,9513.0,DDW-1500B-03ST.xlsx,03ST
B0303ST,15,283,District - Aizawl,Urban,Illiterate,Marginal workers_Total_Females,136.0,DDW-1500B-03ST.xlsx,03ST
B0303ST,15,283,District - Aizawl,Urban,Literate,Marginal workers_Total_Females,9377.0,DDW-1500B-03ST.xlsx,03ST
B0303ST,15,283,District - Aizawl,Urban,Literate but below matric/secondary,Marginal workers_Total_Females,6617.0,DDW-1500B-03ST.xlsx,03ST
B0303ST,15,283,District - Aizawl,Urban,Matric/secondary but below graduate,Marginal workers_Total_Females,2083.0,DDW-1500B-03ST.xlsx,03ST
B0303ST,15,283,District - Aizawl,Urban,Technical diploma or certificate not equal to degree,Marginal workers_Total_Females,15.0,DDW-1500B-03ST.xlsx,03ST
B0303ST,15,283,District - Aizawl,Urban,Graduate and above other than technical degree,Marginal workers_Total_Females,478.0,DDW-1500B-03ST.xlsx,03ST
B0303ST,15,283,District - Aizawl,Urban,Technical degree or diploma equal to degree or post-graduate degree,Marginal workers_Total_Females,35.0,DDW-1500B-03ST.xlsx,03ST
B0303ST,15,284,District - Champhai,Total,Total,Marginal workers_Total_Females,4562.0,DDW-1500B-03ST.xlsx,03ST
B0303ST,15,284,District - Champhai,Total,Illiterate,Marginal workers_Total_Females,182.0,DDW-1500B-03ST.xlsx,03ST
B0303ST,15,284,District - Champhai,Total,Literate,Marginal workers_Total_Females,4380.0,DDW-1500B-03ST.xlsx,03ST
B0303ST,15,284,District - Champhai,Total,Literate but below matric/secondary,Marginal workers_Total_Females,3640.0,DDW-1500B-03ST.xlsx,03ST
B0303ST,15,284,District - Champhai,Total,Matric/secondary but below graduate,Marginal workers_Total_Females,542.0,DDW-1500B-03ST.xlsx,03ST
B0303ST,15,284,District - Champhai,Total,Technical diploma or certificate not equal to degree,Marginal workers_Total_Females,1.0,DDW-1500B-03ST.xlsx,03ST
B0303ST,15,284,District - Champhai,Total,Graduate and above other than technical degree,Marginal workers_Total_Females,88.0,DDW-1500B-03ST.xlsx,03ST
B0303ST,15,284,District - Champhai,Total,Technical degree or diploma equal to degree or post-graduate degree,Marginal workers_Total_Females,4.0,DDW-1500B-03ST.xlsx,03ST
B0303ST,15,284,District - Champhai,Rural,Total,Marginal workers_Total_Females,1876.0,DDW-1500B-03ST.xlsx,03ST
B0303ST,15,284,District - Champhai,Rural,Illiterate,Marginal workers_Total_Females,105.0,DDW-1500B-03ST.xlsx,03ST
B0303ST,15,284,District - Champhai,Rural,Literate,Marginal workers_Total_Females,1771.0,DDW-1500B-03ST.xlsx,03ST
B0303ST,15,284,District - Champhai,Rural,Literate but below matric/secondary,Marginal workers_Total_Females,1527.0,DDW-1500B-03ST.xlsx,03ST
B0303ST,15,284,District - Champhai,Rural,Matric/secondary but below graduate,Marginal workers_Total_Females,171.0,DDW-1500B-03ST.xlsx,03ST
B0303ST,15,284,District - Champhai,Rural,Technical diploma or certificate not equal to degree,Marginal workers_Total_Females,0.0,DDW-1500B-03ST.xlsx,03ST
B0303ST,15,284,District - Champhai,Rural,Graduate and above other than technical degree,Marginal workers_Total_Females,29.0,DDW-1500B-03ST.xlsx,03ST
B0303ST,15,284,District - Champhai,Rural,Technical degree or diploma equal to degree or post-graduate degree,Marginal workers_Total_Females,0.0,DDW-1500B-03ST.xlsx,03ST
B0303ST,15,284,District - Champhai,Urban,Total,Marginal workers_Total_Females,2686.0,DDW-1500B-03ST.xlsx,03ST
B0303ST,15,284,District - Champhai,Urban,Illiterate,Marginal workers_Total_Females,77.0,DDW-1500B-03ST.xlsx,03ST
B0303ST,15,284,District - Champhai,Urban,Literate,Marginal workers_Total_Females,2609.0,DDW-1500B-03ST.xlsx,03ST
B0303ST,15,284,District - Champhai,Urban,Literate but below matric/secondary,Marginal workers_Total_Females,2113.0,DDW-1500B-03ST.xlsx,03ST
B0303ST,15,284,District - Champhai,Urban,Matric/secondary but below graduate,Marginal workers_Total_Females,371.0,DDW-1500B-03ST.xlsx,03ST
B0303ST,15,284,District - Champhai,Urban,Technical diploma or certificate not equal to degree,Marginal workers_Total_Females,1.0,DDW-1500B-03ST.xlsx,03ST
B0303ST,15,284,District - Champhai,Urban,Graduate and above other than technical degree,Marginal workers_Total_Females,59.0,DDW-1500B-03ST.xlsx,03ST
B0303ST,15,284,District - Champhai,Urban,Technical degree or diploma equal to degree or post-graduate degree,Marginal workers_Total_Females,4.0,DDW-1500B-03ST.xlsx,03ST
B0303ST,15,285,District - Serchhip,Total,Total,Marginal workers_Total_Females,1687.0,DDW-1500B-03ST.xlsx,03ST
B0303ST,15,285,District - Serchhip,Total,Illiterate,Marginal workers_Total_Females,27.0,DDW-1500B-03ST.xlsx,03ST
B0303ST,15,285,District - Serchhip,Total,Literate,Marginal workers_Total_Females,1660.0,DDW-1500B-03ST.xlsx,03ST
B0303ST,15,285,District - Serchhip,Total,Literate but below matric/secondary,Marginal workers_Total_Females,1273.0,DDW-1500B-03ST.xlsx,03ST
B0303ST,15,285,District - Serchhip,Total,Matric/secondary but below graduate,Marginal workers_Total_Females,255.0,DDW-1500B-03ST.xlsx,03ST
B0303ST,15,285,District - Serchhip,Total,Technical diploma or certificate not equal to degree,Marginal workers_Total_Females,2.0,DDW-1500B-03ST.xlsx,03ST
B0303ST,15,285,District - Serchhip,Total,Graduate and above other than technical degree,Marginal workers_Total_Females,54.0,DDW-1500B-03ST.xlsx,03ST
B0303ST,15,285,District - Serchhip,Total,Technical degree or diploma equal to degree or post-graduate degree,Marginal workers_Total_Females,2.0,DDW-1500B-03ST.xlsx,03ST
B0303ST,15,285,District - Serchhip,Rural,Total,Marginal workers_Total_Females,809.0,DDW-1500B-03ST.xlsx,03ST
B0303ST,15,285,District - Serchhip,Rural,Illiterate,Marginal workers_Total_Females,20.0,DDW-1500B-03ST.xlsx,03ST
B0303ST,15,285,District - Serchhip,Rural,Literate,Marginal workers_Total_Females,789.0,DDW-1500B-03ST.xlsx,03ST
B0303ST,15,285,District - Serchhip,Rural,Literate but below matric/secondary,Marginal workers_Total_Females,620.0,DDW-1500B-03ST.xlsx,03ST
B0303ST,15,285,District - Serchhip,Rural,Matric/secondary but below graduate,Marginal workers_Total_Females,124.0,DDW-1500B-03ST.xlsx,03ST
B0303ST,15,285,District - Serchhip,Rural,Technical diploma or certificate not equal to degree,Marginal workers_Total_Females,1.0,DDW-1500B-03ST.xlsx,03ST
B0303ST,15,285,District - Serchhip,Rural,Graduate and above other than technical degree,Marginal workers_Total_Females,19.0,DDW-1500B-03ST.xlsx,03ST
B0303ST,15,285,District - Serchhip,Rural,Technical degree or diploma equal to degree or post-graduate degree,Marginal workers_Total_Females,1.0,DDW-1500B-03ST.xlsx,03ST
B0303ST,15,285,District - Serchhip,Urban,Total,Marginal workers_Total_Females,878.0,DDW-1500B-03ST.xlsx,03ST
B0303ST,15,285,District - Serchhip,Urban,Illiterate,Marginal workers_Total_Females,7.0,DDW-1500B-03ST.xlsx,03ST
B0303ST,15,285,District - Serchhip,Urban,Literate,Marginal workers_Total_Females,871.0,DDW-1500B-03ST.xlsx,03ST
B0303ST,15,285,District - Serchhip,Urban,Literate but below matric/secondary,Marginal workers_Total_Females,653.0,DDW-1500B-03ST.xlsx,03ST
B0303ST,15,285,District - Serchhip,Urban,Matric/secondary but below graduate,Marginal workers_Total_Females,131.0,DDW-1500B-03ST.xlsx,03ST
B0303ST,15,285,District - Serchhip,Urban,Technical diploma or certificate not equal to degree,Marginal workers_Total_Females,1.0,DDW-1500B-03ST.xlsx,03ST
B0303ST,15,285,District - Serchhip,Urban,Graduate and above other than technical degree,Marginal workers_Total_Females,35.0,DDW-1500B-03ST.xlsx,03ST
B0303ST,15,285,District - Serchhip,Urban,Technical degree or diploma equal to degree or post-graduate degree,Marginal workers_Total_Females,1.0,DDW-1500B-03ST.xlsx,03ST
B0303ST,15,286,District - Lunglei,Total,Total,Marginal workers_Total_Females,10878.0,DDW-1500B-03ST.xlsx,03ST
B0303ST,15,286,District - Lunglei,Total,Illiterate,Marginal workers_Total_Females,1911.0,DDW-1500B-03ST.xlsx,03ST
B0303ST,15,286,District - Lunglei,Total,Literate,Marginal workers_Total_Females,8967.0,DDW-1500B-03ST.xlsx,03ST
B0303ST,15,286,District - Lunglei,Total,Literate but below matric/secondary,Marginal workers_Total_Females,7357.0,DDW-1500B-03ST.xlsx,03ST
B0303ST,15,286,District - Lunglei,Total,Matric/secondary but below graduate,Marginal workers_Total_Females,1228.0,DDW-1500B-03ST.xlsx,03ST
B0303ST,15,286,District - Lunglei,Total,Technical diploma or certificate not equal to degree,Marginal workers_Total_Females,12.0,DDW-1500B-03ST.xlsx,03ST
B0303ST,15,286,District - Lunglei,Total,Graduate and above other than technical degree,Marginal workers_Total_Females,126.0,DDW-1500B-03ST.xlsx,03ST
B0303ST,15,286,District - Lunglei,Total,Technical degree or diploma equal to degree or post-graduate degree,Marginal workers_Total_Females,10.0,DDW-1500B-03ST.xlsx,03ST
B0303ST,15,286,District - Lunglei,Rural,Total,Marginal workers_Total_Females,8307.0,DDW-1500B-03ST.xlsx,03ST
B0303ST,15,286,District - Lunglei,Rural,Illiterate,Marginal workers_Total_Females,1818.0,DDW-1500B-03ST.xlsx,03ST
B0303ST,15,286,District - Lunglei,Rural,Literate,Marginal workers_Total_Females,6489.0,DDW-1500B-03ST.xlsx,03ST
B0303ST,15,286,District - Lunglei,Rural,Literate but below matric/secondary,Marginal workers_Total_Females,5551.0,DDW-1500B-03ST.xlsx,03ST
B0303ST,15,286,District - Lunglei,Rural,Matric/secondary but below graduate,Marginal workers_Total_Females,689.0,DDW-1500B-03ST.xlsx,03ST
B0303ST,15,286,District - Lunglei,Rural,Technical diploma or certificate not equal to degree,Marginal workers_Total_Females,3.0,DDW-1500B-03ST.xlsx,03ST
B0303ST,15,286,District - Lunglei,Rural,Graduate and above other than technical degree,Marginal workers_Total_Females,56.0,DDW-1500B-03ST.xlsx,03ST
B0303ST,15,286,District - Lunglei,Rural,Technical degree or diploma equal to degree or post-graduate degree,Marginal workers_Total_Females,3.0,DDW-1500B-03ST.xlsx,03ST
B0303ST,15,286,District - Lunglei,Urban,Total,Marginal workers_Total_Females,2571.0,DDW-1500B-03ST.xlsx,03ST
B0303ST,15,286,District - Lunglei,Urban,Illiterate,Marginal workers_Total_Females,93.0,DDW-1500B-03ST.xlsx,03ST
B0303ST,15,286,District - Lunglei,Urban,Literate,Marginal workers_Total_Females,2478.0,DDW-1500B-03ST.xlsx,03ST
B0303ST,15,286,District - Lunglei,Urban,Literate but below matric/secondary,Marginal workers_Total_Females,1806.0,DDW-1500B-03ST.xlsx,03ST
B0303ST,15,286,District - Lunglei,Urban,Matric/secondary but below graduate,Marginal workers_Total_Females,539.0,DDW-1500B-03ST.xlsx,03ST
B0303ST,15,286,District - Lunglei,Urban,Technical diploma or certificate not equal to degree,Marginal workers_Total_Females,9.0,DDW-1500B-03ST.xlsx,03ST
B0303ST,15,286,District - Lunglei,Urban,Graduate and above other than technical degree,Marginal workers_Total_Females,70.0,DDW-1500B-03ST.xlsx,03ST
B0303ST,15,286,District - Lunglei,Urban,Technical degree or diploma equal to degree or post-graduate degree,Marginal workers_Total_Females,7.0,DDW-1500B-03ST.xlsx,03ST
B0303ST,15,287,District - Lawngtlai,Total,Total,Marginal workers_Total_Females,4647.0,DDW-1500B-03ST.xlsx,03ST
B0303ST,15,287,District - Lawngtlai,Total,Illiterate,Marginal workers_Total_Females,3106.0,DDW-1500B-03ST.xlsx,03ST
B0303ST,15,287,District - Lawngtlai,Total,Literate,Marginal workers_Total_Females,1541.0,DDW-1500B-03ST.xlsx,03ST
B0303ST,15,287,District - Lawngtlai,Total,Literate but below matric/secondary,Marginal workers_Total_Females,1161.0,DDW-1500B-03ST.xlsx,03ST
B0303ST,15,287,District - Lawngtlai,Total,Matric/secondary but below graduate,Marginal workers_Total_Females,246.0,DDW-1500B-03ST.xlsx,03ST
B0303ST,15,287,District - Lawngtlai,Total,Technical diploma or certificate not equal to degree,Marginal workers_Total_Females,0.0,DDW-1500B-03ST.xlsx,03ST
B0303ST,15,287,District - Lawngtlai,Total,Graduate and above other than technical degree,Marginal workers_Total_Females,27.0,DDW-1500B-03ST.xlsx,03ST
B0303ST,15,287,District - Lawngtlai,Total,Technical degree or diploma equal to degree or post-graduate degree,Marginal workers_Total_Females,2.0,DDW-1500B-03ST.xlsx,03ST
B0303ST,15,287,District - Lawngtlai,Rural,Total,Marginal workers_Total_Females,4204.0,DDW-1500B-03ST.xlsx,03ST
B0303ST,15,287,District - Lawngtlai,Rural,Illiterate,Marginal workers_Total_Females,3066.0,DDW-1500B-03ST.xlsx,03ST
B0303ST,15,287,District - Lawngtlai,Rural,Literate,Marginal workers_Total_Females,1138.0,DDW-1500B-03ST.xlsx,03ST
B0303ST,15,287,District - Lawngtlai,Rural,Literate but below matric/secondary,Marginal workers_Total_Females,884.0,DDW-1500B-03ST.xlsx,03ST
B0303ST,15,287,District - Lawngtlai,Rural,Matric/secondary but below graduate,Marginal workers_Total_Females,147.0,DDW-1500B-03ST.xlsx,03ST
B0303ST,15,287,District - Lawngtlai,Rural,Technical diploma or certificate not equal to degree,Marginal workers_Total_Females,0.0,DDW-1500B-03ST.xlsx,03ST
B0303ST,15,287,District - Lawngtlai,Rural,Graduate and above other than technical degree,Marginal workers_Total_Females,12.0,DDW-1500B-03ST.xlsx,03ST
B0303ST,15,287,District - Lawngtlai,Rural,Technical degree or diploma equal to degree or post-graduate degree,Marginal workers_Total_Females,0.0,DDW-1500B-03ST.xlsx,03ST
B0303ST,15,287,District - Lawngtlai,Urban,Total,Marginal workers_Total_Females,443.0,DDW-1500B-03ST.xlsx,03ST
B0303ST,15,287,District - Lawngtlai,Urban,Illiterate,Marginal workers_Total_Females,40.0,DDW-1500B-03ST.xlsx,03ST
B0303ST,15,287,District - Lawngtlai,Urban,Literate,Marginal workers_Total_Females,403.0,DDW-1500B-03ST.xlsx,03ST
B0303ST,15,287,District - Lawngtlai,Urban,Literate but below matric/secondary,Marginal workers_Total_Females,277.0,DDW-1500B-03ST.xlsx,03ST
B0303ST,15,287,District - Lawngtlai,Urban,Matric/secondary but below graduate,Marginal workers_Total_Females,99.0,DDW-1500B-03ST.xlsx,03ST
B0303ST,15,287,District - Lawngtlai,Urban,Technical diploma or certificate not equal to degree,Marginal workers_Total_Females,0.0,DDW-1500B-03ST.xlsx,03ST
B0303ST,15,287,District - Lawngtlai,Urban,Graduate and above other than technical degree,Marginal workers_Total_Females,15.0,DDW-1500B-03ST.xlsx,03ST
B0303ST,15,287,District - Lawngtlai,Urban,Technical degree or diploma equal to degree or post-graduate degree,Marginal workers_Total_Females,2.0,DDW-1500B-03ST.xlsx,03ST
B0303ST,15,288,District - Saiha,Total,Total,Marginal workers_Total_Females,2492.0,DDW-1500B-03ST.xlsx,03ST
B0303ST,15,288,District - Saiha,Total,Illiterate,Marginal workers_Total_Females,394.0,DDW-1500B-03ST.xlsx,03ST
B0303ST,15,288,District - Saiha,Total,Literate,Marginal workers_Total_Females,2098.0,DDW-1500B-03ST.xlsx,03ST
B0303ST,15,288,District - Saiha,Total,Literate but below matric/secondary,Marginal workers_Total_Females,1662.0,DDW-1500B-03ST.xlsx,03ST
B0303ST,15,288,District - Saiha,Total,Matric/secondary but below graduate,Marginal workers_Total_Females,335.0,DDW-1500B-03ST.xlsx,03ST
B0303ST,15,288,District - Saiha,Total,Technical diploma or certificate not equal to degree,Marginal workers_Total_Females,1.0,DDW-1500B-03ST.xlsx,03ST
B0303ST,15,288,District - Saiha,Total,Graduate and above other than technical degree,Marginal workers_Total_Females,40.0,DDW-1500B-03ST.xlsx,03ST
B0303ST,15,288,District - Saiha,Total,Technical degree or diploma equal to degree or post-graduate degree,Marginal workers_Total_Females,3.0,DDW-1500B-03ST.xlsx,03ST
B0303ST,15,288,District - Saiha,Rural,Total,Marginal workers_Total_Females,1624.0,DDW-1500B-03ST.xlsx,03ST
B0303ST,15,288,District - Saiha,Rural,Illiterate,Marginal workers_Total_Females,329.0,DDW-1500B-03ST.xlsx,03ST
B0303ST,15,288,District - Saiha,Rural,Literate,Marginal workers_Total_Females,1295.0,DDW-1500B-03ST.xlsx,03ST
B0303ST,15,288,District - Saiha,Rural,Literate but below matric/secondary,Marginal workers_Total_Females,1118.0,DDW-1500B-03ST.xlsx,03ST
B0303ST,15,288,District - Saiha,Rural,Matric/secondary but below graduate,Marginal workers_Total_Females,119.0,DDW-1500B-03ST.xlsx,03ST
B0303ST,15,288,District - Saiha,Rural,Technical diploma or certificate not equal to degree,Marginal workers_Total_Females,0.0,DDW-1500B-03ST.xlsx,03ST
B0303ST,15,288,District - Saiha,Rural,Graduate and above other than technical degree,Marginal workers_Total_Females,10.0,DDW-1500B-03ST.xlsx,03ST
B0303ST,15,288,District - Saiha,Rural,Technical degree or diploma equal to degree or post-graduate degree,Marginal workers_Total_Females,1.0,DDW-1500B-03ST.xlsx,03ST
B0303ST,15,288,District - Saiha,Urban,Total,Marginal workers_Total_Females,868.0,DDW-1500B-03ST.xlsx,03ST
B0303ST,15,288,District - Saiha,Urban,Illiterate,Marginal workers_Total_Females,65.0,DDW-1500B-03ST.xlsx,03ST
B0303ST,15,288,District - Saiha,Urban,Literate,Marginal workers_Total_Females,803.0,DDW-1500B-03ST.xlsx,03ST
B0303ST,15,288,District - Saiha,Urban,Literate but below matric/secondary,Marginal workers_Total_Females,544.0,DDW-1500B-03ST.xlsx,03ST
B0303ST,15,288,District - Saiha,Urban,Matric/secondary but below graduate,Marginal workers_Total_Females,216.0,DDW-1500B-03ST.xlsx,03ST
B0303ST,15,288,District - Saiha,Urban,Technical diploma or certificate not equal to degree,Marginal workers_Total_Females,1.0,DDW-1500B-03ST.xlsx,03ST
B0303ST,15,288,District - Saiha,Urban,Graduate and above other than technical degree,Marginal workers_Total_Females,30.0,DDW-1500B-03ST.xlsx,03ST
B0303ST,15,288,District - Saiha,Urban,Technical degree or diploma equal to degree or post-graduate degree,Marginal workers_Total_Females,2.0,DDW-1500B-03ST.xlsx,03ST
B0303ST,15,000,State - MIZORAM,Total,Total,Marginal workers_Seeking/available for work_Persons,20999.0,DDW-1500B-03ST.xlsx,03ST
B0303ST,15,000,State - MIZORAM,Total,Illiterate,Marginal workers_Seeking/available for work_Persons,2087.0,DDW-1500B-03ST.xlsx,03ST
B0303ST,15,000,State - MIZORAM,Total,Literate,Marginal workers_Seeking/available for work_Persons,18912.0,DDW-1500B-03ST.xlsx,03ST
B0303ST,15,000,State - MIZORAM,Total,Literate but below matric/secondary,Marginal workers_Seeking/available for work_Persons,12233.0,DDW-1500B-03ST.xlsx,03ST
B0303ST,15,000,State - MIZORAM,Total,Matric/secondary but below graduate,Marginal workers_Seeking/available for work_Persons,4879.0,DDW-1500B-03ST.xlsx,03ST
B0303ST,15,000,State - MIZORAM,Total,Technical diploma or certificate not equal to degree,Marginal workers_Seeking/available for work_Persons,41.0,DDW-1500B-03ST.xlsx,03ST
B0303ST,15,000,State - MIZORAM,Total,Graduate and above other than technical degree,Marginal workers_Seeking/available for work_Persons,1296.0,DDW-1500B-03ST.xlsx,03ST
B0303ST,15,000,State - MIZORAM,Total,Technical degree or diploma equal to degree or post-graduate degree,Marginal workers_Seeking/available for work_Persons,87.0,DDW-1500B-03ST.xlsx,03ST
B0303ST,15,000,State - MIZORAM,Rural,Total,Marginal workers_Seeking/available for work_Persons,8099.0,DDW-1500B-03ST.xlsx,03ST
B0303ST,15,000,State - MIZORAM,Rural,Illiterate,Marginal workers_Seeking/available for work_Persons,1844.0,DDW-1500B-03ST.xlsx,03ST
B0303ST,15,000,State - MIZORAM,Rural,Literate,Marginal workers_Seeking/available for work_Persons,6255.0,DDW-1500B-03ST.xlsx,03ST
B0303ST,15,000,State - MIZORAM,Rural,Literate but below matric/secondary,Marginal workers_Seeking/available for work_Persons,4195.0,DDW-1500B-03ST.xlsx,03ST
B0303ST,15,000,State - MIZORAM,Rural,Matric/secondary but below graduate,Marginal workers_Seeking/available for work_Persons,1517.0,DDW-1500B-03ST.xlsx,03ST
B0303ST,15,000,State - MIZORAM,Rural,Technical diploma or certificate not equal to degree,Marginal workers_Seeking/available for work_Persons,13.0,DDW-1500B-03ST.xlsx,03ST
B0303ST,15,000,State - MIZORAM,Rural,Graduate and above other than technical degree,Marginal workers_Seeking/available for work_Persons,314.0,DDW-1500B-03ST.xlsx,03ST
B0303ST,15,000,State - MIZORAM,Rural,Technical degree or diploma equal to degree or post-graduate degree,Marginal workers_Seeking/available for work_Persons,14.0,DDW-1500B-03ST.xlsx,03ST
B0303ST,15,000,State - MIZORAM,Urban,Total,Marginal workers_Seeking/available for work_Persons,12900.0,DDW-1500B-03ST.xlsx,03ST
B0303ST,15,000,State - MIZORAM,Urban,Illiterate,Marginal workers_Seeking/available for work_Persons,243.0,DDW-1500B-03ST.xlsx,03ST
B0303ST,15,000,State - MIZORAM,Urban,Literate,Marginal workers_Seeking/available for work_Persons,12657.0,DDW-1500B-03ST.xlsx,03ST
B0303ST,15,000,State - MIZORAM,Urban,Literate but below matric/secondary,Marginal workers_Seeking/available for work_Persons,8038.0,DDW-1500B-03ST.xlsx,03ST
B0303ST,15,000,State - MIZORAM,Urban,Matric/secondary but below graduate,Marginal workers_Seeking/available for work_Persons,3362.0,DDW-1500B-03ST.xlsx,03ST
B0303ST,15,000,State - MIZORAM,Urban,Technical diploma or certificate not equal to degree,Marginal workers_Seeking/available for work_Persons,28.0,DDW-1500B-03ST.xlsx,03ST
B0303ST,15,000,State - MIZORAM,Urban,Graduate and above other than technical degree,Marginal workers_Seeking/available for work_Persons,982.0,DDW-1500B-03ST.xlsx,03ST
B0303ST,15,000,State - MIZORAM,Urban,Technical degree or diploma equal to degree or post-graduate degree,Marginal workers_Seeking/available for work_Persons,73.0,DDW-1500B-03ST.xlsx,03ST
B0303ST,15,281,District - Mamit,Total,Total,Marginal workers_Seeking/available for work_Persons,545.0,DDW-1500B-03ST.xlsx,03ST
B0303ST,15,281,District - Mamit,Total,Illiterate,Marginal workers_Seeking/available for work_Persons,31.0,DDW-1500B-03ST.xlsx,03ST
B0303ST,15,281,District - Mamit,Total,Literate,Marginal workers_Seeking/available for work_Persons,514.0,DDW-1500B-03ST.xlsx,03ST
B0303ST,15,281,District - Mamit,Total,Literate but below matric/secondary,Marginal workers_Seeking/available for work_Persons,357.0,DDW-1500B-03ST.xlsx,03ST
B0303ST,15,281,District - Mamit,Total,Matric/secondary but below graduate,Marginal workers_Seeking/available for work_Persons,111.0,DDW-1500B-03ST.xlsx,03ST
B0303ST,15,281,District - Mamit,Total,Technical diploma or certificate not equal to degree,Marginal workers_Seeking/available for work_Persons,0.0,DDW-1500B-03ST.xlsx,03ST
B0303ST,15,281,District - Mamit,Total,Graduate and above other than technical degree,Marginal workers_Seeking/available for work_Persons,35.0,DDW-1500B-03ST.xlsx,03ST
B0303ST,15,281,District - Mamit,Total,Technical degree or diploma equal to degree or post-graduate degree,Marginal workers_Seeking/available for work_Persons,4.0,DDW-1500B-03ST.xlsx,03ST
B0303ST,15,281,District - Mamit,Rural,Total,Marginal workers_Seeking/available for work_Persons,424.0,DDW-1500B-03ST.xlsx,03ST
B0303ST,15,281,District - Mamit,Rural,Illiterate,Marginal workers_Seeking/available for work_Persons,29.0,DDW-1500B-03ST.xlsx,03ST
B0303ST,15,281,District - Mamit,Rural,Literate,Marginal workers_Seeking/available for work_Persons,395.0,DDW-1500B-03ST.xlsx,03ST
B0303ST,15,281,District - Mamit,Rural,Literate but below matric/secondary,Marginal workers_Seeking/available for work_Persons,277.0,DDW-1500B-03ST.xlsx,03ST
B0303ST,15,281,District - Mamit,Rural,Matric/secondary but below graduate,Marginal workers_Seeking/available for work_Persons,85.0,DDW-1500B-03ST.xlsx,03ST
B0303ST,15,281,District - Mamit,Rural,Technical diploma or certificate not equal to degree,Marginal workers_Seeking/available for work_Persons,0.0,DDW-1500B-03ST.xlsx,03ST
B0303ST,15,281,District - Mamit,Rural,Graduate and above other than technical degree,Marginal workers_Seeking/available for work_Persons,24.0,DDW-1500B-03ST.xlsx,03ST
B0303ST,15,281,District - Mamit,Rural,Technical degree or diploma equal to degree or post-graduate degree,Marginal workers_Seeking/available for work_Persons,2.0,DDW-1500B-03ST.xlsx,03ST
B0303ST,15,281,District - Mamit,Urban,Total,Marginal workers_Seeking/available for work_Persons,121.0,DDW-1500B-03ST.xlsx,03ST
B0303ST,15,281,District - Mamit,Urban,Illiterate,Marginal workers_Seeking/available for work_Persons,2.0,DDW-1500B-03ST.xlsx,03ST
B0303ST,15,281,District - Mamit,Urban,Literate,Marginal workers_Seeking/available for work_Persons,119.0,DDW-1500B-03ST.xlsx,03ST
B0303ST,15,281,District - Mamit,Urban,Literate but below matric/secondary,Marginal workers_Seeking/available for work_Persons,80.0,DDW-1500B-03ST.xlsx,03ST
B0303ST,15,281,District - Mamit,Urban,Matric/secondary but below graduate,Marginal workers_Seeking/available for work_Persons,26.0,DDW-1500B-03ST.xlsx,03ST
B0303ST,15,281,District - Mamit,Urban,Technical diploma or certificate not equal to degree,Marginal workers_Seeking/available for work_Persons,0.0,DDW-1500B-03ST.xlsx,03ST
B0303ST,15,281,District - Mamit,Urban,Graduate and above other than technical degree,Marginal workers_Seeking/available for work_Persons,11.0,DDW-1500B-03ST.xlsx,03ST
B0303ST,15,281,District - Mamit,Urban,Technical degree or diploma equal to degree or post-graduate degree,Marginal workers_Seeking/available for work_Persons,2.0,DDW-1500B-03ST.xlsx,03ST
B0303ST,15,282,District - Kolasib,Total,Total,Marginal workers_Seeking/available for work_Persons,2197.0,DDW-1500B-03ST.xlsx,03ST
B0303ST,15,282,District - Kolasib,Total,Illiterate,Marginal workers_Seeking/available for work_Persons,149.0,DDW-1500B-03ST.xlsx,03ST
B0303ST,15,282,District - Kolasib,Total,Literate,Marginal workers_Seeking/available for work_Persons,2048.0,DDW-1500B-03ST.xlsx,03ST
B0303ST,15,282,District - Kolasib,Total,Literate but below matric/secondary,Marginal workers_Seeking/available for work_Persons,1543.0,DDW-1500B-03ST.xlsx,03ST
B0303ST,15,282,District - Kolasib,Total,Matric/secondary but below graduate,Marginal workers_Seeking/available for work_Persons,385.0,DDW-1500B-03ST.xlsx,03ST
B0303ST,15,282,District - Kolasib,Total,Technical diploma or certificate not equal to degree,Marginal workers_Seeking/available for work_Persons,2.0,DDW-1500B-03ST.xlsx,03ST
B0303ST,15,282,District - Kolasib,Total,Graduate and above other than technical degree,Marginal workers_Seeking/available for work_Persons,96.0,DDW-1500B-03ST.xlsx,03ST
B0303ST,15,282,District - Kolasib,Total,Technical degree or diploma equal to degree or post-graduate degree,Marginal workers_Seeking/available for work_Persons,7.0,DDW-1500B-03ST.xlsx,03ST
B0303ST,15,282,District - Kolasib,Rural,Total,Marginal workers_Seeking/available for work_Persons,484.0,DDW-1500B-03ST.xlsx,03ST
B0303ST,15,282,District - Kolasib,Rural,Illiterate,Marginal workers_Seeking/available for work_Persons,30.0,DDW-1500B-03ST.xlsx,03ST
B0303ST,15,282,District - Kolasib,Rural,Literate,Marginal workers_Seeking/available for work_Persons,454.0,DDW-1500B-03ST.xlsx,03ST
B0303ST,15,282,District - Kolasib,Rural,Literate but below matric/secondary,Marginal workers_Seeking/available for work_Persons,317.0,DDW-1500B-03ST.xlsx,03ST
B0303ST,15,282,District - Kolasib,Rural,Matric/secondary but below graduate,Marginal workers_Seeking/available for work_Persons,109.0,DDW-1500B-03ST.xlsx,03ST
B0303ST,15,282,District - Kolasib,Rural,Technical diploma or certificate not equal to degree,Marginal workers_Seeking/available for work_Persons,0.0,DDW-1500B-03ST.xlsx,03ST
B0303ST,15,282,District - Kolasib,Rural,Graduate and above other than technical degree,Marginal workers_Seeking/available for work_Persons,22.0,DDW-1500B-03ST.xlsx,03ST
B0303ST,15,282,District - Kolasib,Rural,Technical degree or diploma equal to degree or post-graduate degree,Marginal workers_Seeking/available for work_Persons,1.0,DDW-1500B-03ST.xlsx,03ST
B0303ST,15,282,District - Kolasib,Urban,Total,Marginal workers_Seeking/available for work_Persons,1713.0,DDW-1500B-03ST.xlsx,03ST
B0303ST,15,282,District - Kolasib,Urban,Illiterate,Marginal workers_Seeking/available for work_Persons,119.0,DDW-1500B-03ST.xlsx,03ST
B0303ST,15,282,District - Kolasib,Urban,Literate,Marginal workers_Seeking/available for work_Persons,1594.0,DDW-1500B-03ST.xlsx,03ST
B0303ST,15,282,District - Kolasib,Urban,Literate but below matric/secondary,Marginal workers_Seeking/available for work_Persons,1226.0,DDW-1500B-03ST.xlsx,03ST
B0303ST,15,282,District - Kolasib,Urban,Matric/secondary but below graduate,Marginal workers_Seeking/available for work_Persons,276.0,DDW-1500B-03ST.xlsx,03ST
B0303ST,15,282,District - Kolasib,Urban,Technical diploma or certificate not equal to degree,Marginal workers_Seeking/available for work_Persons,2.0,DDW-1500B-03ST.xlsx,03ST
B0303ST,15,282,District - Kolasib,Urban,Graduate and above other than technical degree,Marginal workers_Seeking/available for work_Persons,74.0,DDW-1500B-03ST.xlsx,03ST
B0303ST,15,282,District - Kolasib,Urban,Technical degree or diploma equal to degree or post-graduate degree,Marginal workers_Seeking/available for work_Persons,6.0,DDW-1500B-03ST.xlsx,03ST
B0303ST,15,283,District - Aizawl,Total,Total,Marginal workers_Seeking/available for work_Persons,6815.0,DDW-1500B-03ST.xlsx,03ST
B0303ST,15,283,District - Aizawl,Total,Illiterate,Marginal workers_Seeking/available for work_Persons,69.0,DDW-1500B-03ST.xlsx,03ST
B0303ST,15,283,District - Aizawl,Total,Literate,Marginal workers_Seeking/available for work_Persons,6746.0,DDW-1500B-03ST.xlsx,03ST
B0303ST,15,283,District - Aizawl,Total,Literate but below matric/secondary,Marginal workers_Seeking/available for work_Persons,3974.0,DDW-1500B-03ST.xlsx,03ST
B0303ST,15,283,District - Aizawl,Total,Matric/secondary but below graduate,Marginal workers_Seeking/available for work_Persons,1965.0,DDW-1500B-03ST.xlsx,03ST
B0303ST,15,283,District - Aizawl,Total,Technical diploma or certificate not equal to degree,Marginal workers_Seeking/available for work_Persons,11.0,DDW-1500B-03ST.xlsx,03ST
B0303ST,15,283,District - Aizawl,Total,Graduate and above other than technical degree,Marginal workers_Seeking/available for work_Persons,659.0,DDW-1500B-03ST.xlsx,03ST
B0303ST,15,283,District - Aizawl,Total,Technical degree or diploma equal to degree or post-graduate degree,Marginal workers_Seeking/available for work_Persons,53.0,DDW-1500B-03ST.xlsx,03ST
B0303ST,15,283,District - Aizawl,Rural,Total,Marginal workers_Seeking/available for work_Persons,883.0,DDW-1500B-03ST.xlsx,03ST
B0303ST,15,283,District - Aizawl,Rural,Illiterate,Marginal workers_Seeking/available for work_Persons,16.0,DDW-1500B-03ST.xlsx,03ST
B0303ST,15,283,District - Aizawl,Rural,Literate,Marginal workers_Seeking/available for work_Persons,867.0,DDW-1500B-03ST.xlsx,03ST
B0303ST,15,283,District - Aizawl,Rural,Literate but below matric/secondary,Marginal workers_Seeking/available for work_Persons,547.0,DDW-1500B-03ST.xlsx,03ST
B0303ST,15,283,District - Aizawl,Rural,Matric/secondary but below graduate,Marginal workers_Seeking/available for work_Persons,234.0,DDW-1500B-03ST.xlsx,03ST
B0303ST,15,283,District - Aizawl,Rural,Technical diploma or certificate not equal to degree,Marginal workers_Seeking/available for work_Persons,1.0,DDW-1500B-03ST.xlsx,03ST
B0303ST,15,283,District - Aizawl,Rural,Graduate and above other than technical degree,Marginal workers_Seeking/available for work_Persons,62.0,DDW-1500B-03ST.xlsx,03ST
B0303ST,15,283,District - Aizawl,Rural,Technical degree or diploma equal to degree or post-graduate degree,Marginal workers_Seeking/available for work_Persons,1.0,DDW-1500B-03ST.xlsx,03ST
B0303ST,15,283,District - Aizawl,Urban,Total,Marginal workers_Seeking/available for work_Persons,5932.0,DDW-1500B-03ST.xlsx,03ST
B0303ST,15,283,District - Aizawl,Urban,Illiterate,Marginal workers_Seeking/available for work_Persons,53.0,DDW-1500B-03ST.xlsx,03ST
B0303ST,15,283,District - Aizawl,Urban,Literate,Marginal workers_Seeking/available for work_Persons,5879.0,DDW-1500B-03ST.xlsx,03ST
B0303ST,15,283,District - Aizawl,Urban,Literate but below matric/secondary,Marginal workers_Seeking/available for work_Persons,3427.0,DDW-1500B-03ST.xlsx,03ST
B0303ST,15,283,District - Aizawl,Urban,Matric/secondary but below graduate,Marginal workers_Seeking/available for work_Persons,1731.0,DDW-1500B-03ST.xlsx,03ST
B0303ST,15,283,District - Aizawl,Urban,Technical diploma or certificate not equal to degree,Marginal workers_Seeking/available for work_Persons,10.0,DDW-1500B-03ST.xlsx,03ST
B0303ST,15,283,District - Aizawl,Urban,Graduate and above other than technical degree,Marginal workers_Seeking/available for work_Persons,597.0,DDW-1500B-03ST.xlsx,03ST
B0303ST,15,283,District - Aizawl,Urban,Technical degree or diploma equal to degree or post-graduate degree,Marginal workers_Seeking/available for work_Persons,52.0,DDW-1500B-03ST.xlsx,03ST
B0303ST,15,284,District - Champhai,Total,Total,Marginal workers_Seeking/available for work_Persons,2193.0,DDW-1500B-03ST.xlsx,03ST
B0303ST,15,284,District - Champhai,Total,Illiterate,Marginal workers_Seeking/available for work_Persons,32.0,DDW-1500B-03ST.xlsx,03ST
B0303ST,15,284,District - Champhai,Total,Literate,Marginal workers_Seeking/available for work_Persons,2161.0,DDW-1500B-03ST.xlsx,03ST
B0303ST,15,284,District - Champhai,Total,Literate but below matric/secondary,Marginal workers_Seeking/available for work_Persons,1638.0,DDW-1500B-03ST.xlsx,03ST
B0303ST,15,284,District - Champhai,Total,Matric/secondary but below graduate,Marginal workers_Seeking/available for work_Persons,359.0,DDW-1500B-03ST.xlsx,03ST
B0303ST,15,284,District - Champhai,Total,Technical diploma or certificate not equal to degree,Marginal workers_Seeking/available for work_Persons,3.0,DDW-1500B-03ST.xlsx,03ST
B0303ST,15,284,District - Champhai,Total,Graduate and above other than technical degree,Marginal workers_Seeking/available for work_Persons,116.0,DDW-1500B-03ST.xlsx,03ST
B0303ST,15,284,District - Champhai,Total,Technical degree or diploma equal to degree or post-graduate degree,Marginal workers_Seeking/available for work_Persons,6.0,DDW-1500B-03ST.xlsx,03ST
B0303ST,15,284,District - Champhai,Rural,Total,Marginal workers_Seeking/available for work_Persons,694.0,DDW-1500B-03ST.xlsx,03ST
B0303ST,15,284,District - Champhai,Rural,Illiterate,Marginal workers_Seeking/available for work_Persons,17.0,DDW-1500B-03ST.xlsx,03ST
B0303ST,15,284,District - Champhai,Rural,Literate,Marginal workers_Seeking/available for work_Persons,677.0,DDW-1500B-03ST.xlsx,03ST
B0303ST,15,284,District - Champhai,Rural,Literate but below matric/secondary,Marginal workers_Seeking/available for work_Persons,502.0,DDW-1500B-03ST.xlsx,03ST
B0303ST,15,284,District - Champhai,Rural,Matric/secondary but below graduate,Marginal workers_Seeking/available for work_Persons,116.0,DDW-1500B-03ST.xlsx,03ST
B0303ST,15,284,District - Champhai,Rural,Technical diploma or certificate not equal to degree,Marginal workers_Seeking/available for work_Persons,1.0,DDW-1500B-03ST.xlsx,03ST
B0303ST,15,284,District - Champhai,Rural,Graduate and above other than technical degree,Marginal workers_Seeking/available for work_Persons,43.0,DDW-1500B-03ST.xlsx,03ST
B0303ST,15,284,District - Champhai,Rural,Technical degree or diploma equal to degree or post-graduate degree,Marginal workers_Seeking/available for work_Persons,2.0,DDW-1500B-03ST.xlsx,03ST
B0303ST,15,284,District - Champhai,Urban,Total,Marginal workers_Seeking/available for work_Persons,1499.0,DDW-1500B-03ST.xlsx,03ST
B0303ST,15,284,District - Champhai,Urban,Illiterate,Marginal workers_Seeking/available for work_Persons,15.0,DDW-1500B-03ST.xlsx,03ST
B0303ST,15,284,District - Champhai,Urban,Literate,Marginal workers_Seeking/available for work_Persons,1484.0,DDW-1500B-03ST.xlsx,03ST
B0303ST,15,284,District - Champhai,Urban,Literate but below matric/secondary,Marginal workers_Seeking/available for work_Persons,1136.0,DDW-1500B-03ST.xlsx,03ST
B0303ST,15,284,District - Champhai,Urban,Matric/secondary but below graduate,Marginal workers_Seeking/available for work_Persons,243.0,DDW-1500B-03ST.xlsx,03ST
B0303ST,15,284,District - Champhai,Urban,Technical diploma or certificate not equal to degree,Marginal workers_Seeking/available for work_Persons,2.0,DDW-1500B-03ST.xlsx,03ST
B0303ST,15,284,District - Champhai,Urban,Graduate and above other than technical degree,Marginal workers_Seeking/available for work_Persons,73.0,DDW-1500B-03ST.xlsx,03ST
B0303ST,15,284,District - Champhai,Urban,Technical degree or diploma equal to degree or post-graduate degree,Marginal workers_Seeking/available for work_Persons,4.0,DDW-1500B-03ST.xlsx,03ST
B0303ST,15,285,District - Serchhip,Total,Total,Marginal workers_Seeking/available for work_Persons,1009.0,DDW-1500B-03ST.xlsx,03ST
B0303ST,15,285,District - Serchhip,Total,Illiterate,Marginal workers_Seeking/available for work_Persons,5.0,DDW-1500B-03ST.xlsx,03ST
B0303ST,15,285,District - Serchhip,Total,Literate,Marginal workers_Seeking/available for work_Persons,1004.0,DDW-1500B-03ST.xlsx,03ST
B0303ST,15,285,District - Serchhip,Total,Literate but below matric/secondary,Marginal workers_Seeking/available for work_Persons,641.0,DDW-1500B-03ST.xlsx,03ST
B0303ST,15,285,District - Serchhip,Total,Matric/secondary but below graduate,Marginal workers_Seeking/available for work_Persons,241.0,DDW-1500B-03ST.xlsx,03ST
B0303ST,15,285,District - Serchhip,Total,Technical diploma or certificate not equal to degree,Marginal workers_Seeking/available for work_Persons,2.0,DDW-1500B-03ST.xlsx,03ST
B0303ST,15,285,District - Serchhip,Total,Graduate and above other than technical degree,Marginal workers_Seeking/available for work_Persons,80.0,DDW-1500B-03ST.xlsx,03ST
B0303ST,15,285,District - Serchhip,Total,Technical degree or diploma equal to degree or post-graduate degree,Marginal workers_Seeking/available for work_Persons,4.0,DDW-1500B-03ST.xlsx,03ST
B0303ST,15,285,District - Serchhip,Rural,Total,Marginal workers_Seeking/available for work_Persons,393.0,DDW-1500B-03ST.xlsx,03ST
B0303ST,15,285,District - Serchhip,Rural,Illiterate,Marginal workers_Seeking/available for work_Persons,1.0,DDW-1500B-03ST.xlsx,03ST
B0303ST,15,285,District - Serchhip,Rural,Literate,Marginal workers_Seeking/available for work_Persons,392.0,DDW-1500B-03ST.xlsx,03ST
B0303ST,15,285,District - Serchhip,Rural,Literate but below matric/secondary,Marginal workers_Seeking/available for work_Persons,227.0,DDW-1500B-03ST.xlsx,03ST
B0303ST,15,285,District - Serchhip,Rural,Matric/secondary but below graduate,Marginal workers_Seeking/available for work_Persons,119.0,DDW-1500B-03ST.xlsx,03ST
B0303ST,15,285,District - Serchhip,Rural,Technical diploma or certificate not equal to degree,Marginal workers_Seeking/available for work_Persons,1.0,DDW-1500B-03ST.xlsx,03ST
B0303ST,15,285,District - Serchhip,Rural,Graduate and above other than technical degree,Marginal workers_Seeking/available for work_Persons,37.0,DDW-1500B-03ST.xlsx,03ST
B0303ST,15,285,District - Serchhip,Rural,Technical degree or diploma equal to degree or post-graduate degree,Marginal workers_Seeking/available for work_Persons,2.0,DDW-1500B-03ST.xlsx,03ST
B0303ST,15,285,District - Serchhip,Urban,Total,Marginal workers_Seeking/available for work_Persons,616.0,DDW-1500B-03ST.xlsx,03ST
B0303ST,15,285,District - Serchhip,Urban,Illiterate,Marginal workers_Seeking/available for work_Persons,4.0,DDW-1500B-03ST.xlsx,03ST
B0303ST,15,285,District - Serchhip,Urban,Literate,Marginal workers_Seeking/available for work_Persons,612.0,DDW-1500B-03ST.xlsx,03ST
B0303ST,15,285,District - Serchhip,Urban,Literate but below matric/secondary,Marginal workers_Seeking/available for work_Persons,414.0,DDW-1500B-03ST.xlsx,03ST
B0303ST,15,285,District - Serchhip,Urban,Matric/secondary but below graduate,Marginal workers_Seeking/available for work_Persons,122.0,DDW-1500B-03ST.xlsx,03ST
B0303ST,15,285,District - Serchhip,Urban,Technical diploma or certificate not equal to degree,Marginal workers_Seeking/available for work_Persons,1.0,DDW-1500B-03ST.xlsx,03ST
B0303ST,15,285,District - Serchhip,Urban,Graduate and above other than technical degree,Marginal workers_Seeking/available for work_Persons,43.0,DDW-1500B-03ST.xlsx,03ST
B0303ST,15,285,District - Serchhip,Urban,Technical degree or diploma equal to degree or post-graduate degree,Marginal workers_Seeking/available for work_Persons,2.0,DDW-1500B-03ST.xlsx,03ST
B0303ST,15,286,District - Lunglei,Total,Total,Marginal workers_Seeking/available for work_Persons,4933.0,DDW-1500B-03ST.xlsx,03ST
B0303ST,15,286,District - Lunglei,Total,Illiterate,Marginal workers_Seeking/available for work_Persons,456.0,DDW-1500B-03ST.xlsx,03ST
B0303ST,15,286,District - Lunglei,Total,Literate,Marginal workers_Seeking/available for work_Persons,4477.0,DDW-1500B-03ST.xlsx,03ST
B0303ST,15,286,District - Lunglei,Total,Literate but below matric/secondary,Marginal workers_Seeking/available for work_Persons,2909.0,DDW-1500B-03ST.xlsx,03ST
B0303ST,15,286,District - Lunglei,Total,Matric/secondary but below graduate,Marginal workers_Seeking/available for work_Persons,1253.0,DDW-1500B-03ST.xlsx,03ST
B0303ST,15,286,District - Lunglei,Total,Technical diploma or certificate not equal to degree,Marginal workers_Seeking/available for work_Persons,21.0,DDW-1500B-03ST.xlsx,03ST
B0303ST,15,286,District - Lunglei,Total,Graduate and above other than technical degree,Marginal workers_Seeking/available for work_Persons,197.0,DDW-1500B-03ST.xlsx,03ST
B0303ST,15,286,District - Lunglei,Total,Technical degree or diploma equal to degree or post-graduate degree,Marginal workers_Seeking/available for work_Persons,9.0,DDW-1500B-03ST.xlsx,03ST
B0303ST,15,286,District - Lunglei,Rural,Total,Marginal workers_Seeking/available for work_Persons,2838.0,DDW-1500B-03ST.xlsx,03ST
B0303ST,15,286,District - Lunglei,Rural,Illiterate,Marginal workers_Seeking/available for work_Persons,434.0,DDW-1500B-03ST.xlsx,03ST
B0303ST,15,286,District - Lunglei,Rural,Literate,Marginal workers_Seeking/available for work_Persons,2404.0,DDW-1500B-03ST.xlsx,03ST
B0303ST,15,286,District - Lunglei,Rural,Literate but below matric/secondary,Marginal workers_Seeking/available for work_Persons,1636.0,DDW-1500B-03ST.xlsx,03ST
B0303ST,15,286,District - Lunglei,Rural,Matric/secondary but below graduate,Marginal workers_Seeking/available for work_Persons,610.0,DDW-1500B-03ST.xlsx,03ST
B0303ST,15,286,District - Lunglei,Rural,Technical diploma or certificate not equal to degree,Marginal workers_Seeking/available for work_Persons,9.0,DDW-1500B-03ST.xlsx,03ST
B0303ST,15,286,District - Lunglei,Rural,Graduate and above other than technical degree,Marginal workers_Seeking/available for work_Persons,86.0,DDW-1500B-03ST.xlsx,03ST
B0303ST,15,286,District - Lunglei,Rural,Technical degree or diploma equal to degree or post-graduate degree,Marginal workers_Seeking/available for work_Persons,4.0,DDW-1500B-03ST.xlsx,03ST
B0303ST,15,286,District - Lunglei,Urban,Total,Marginal workers_Seeking/available for work_Persons,2095.0,DDW-1500B-03ST.xlsx,03ST
B0303ST,15,286,District - Lunglei,Urban,Illiterate,Marginal workers_Seeking/available for work_Persons,22.0,DDW-1500B-03ST.xlsx,03ST
B0303ST,15,286,District - Lunglei,Urban,Literate,Marginal workers_Seeking/available for work_Persons,2073.0,DDW-1500B-03ST.xlsx,03ST
B0303ST,15,286,District - Lunglei,Urban,Literate but below matric/secondary,Marginal workers_Seeking/available for work_Persons,1273.0,DDW-1500B-03ST.xlsx,03ST
B0303ST,15,286,District - Lunglei,Urban,Matric/secondary but below graduate,Marginal workers_Seeking/available for work_Persons,643.0,DDW-1500B-03ST.xlsx,03ST
B0303ST,15,286,District - Lunglei,Urban,Technical diploma or certificate not equal to degree,Marginal workers_Seeking/available for work_Persons,12.0,DDW-1500B-03ST.xlsx,03ST
B0303ST,15,286,District - Lunglei,Urban,Graduate and above other than technical degree,Marginal workers_Seeking/available for work_Persons,111.0,DDW-1500B-03ST.xlsx,03ST
B0303ST,15,286,District - Lunglei,Urban,Technical degree or diploma equal to degree or post-graduate degree,Marginal workers_Seeking/available for work_Persons,5.0,DDW-1500B-03ST.xlsx,03ST
B0303ST,15,287,District - Lawngtlai,Total,Total,Marginal workers_Seeking/available for work_Persons,2363.0,DDW-1500B-03ST.xlsx,03ST
B0303ST,15,287,District - Lawngtlai,Total,Illiterate,Marginal workers_Seeking/available for work_Persons,1304.0,DDW-1500B-03ST.xlsx,03ST
B0303ST,15,287,District - Lawngtlai,Total,Literate,Marginal workers_Seeking/available for work_Persons,1059.0,DDW-1500B-03ST.xlsx,03ST
B0303ST,15,287,District - Lawngtlai,Total,Literate but below matric/secondary,Marginal workers_Seeking/available for work_Persons,657.0,DDW-1500B-03ST.xlsx,03ST
B0303ST,15,287,District - Lawngtlai,Total,Matric/secondary but below graduate,Marginal workers_Seeking/available for work_Persons,257.0,DDW-1500B-03ST.xlsx,03ST
B0303ST,15,287,District - Lawngtlai,Total,Technical diploma or certificate not equal to degree,Marginal workers_Seeking/available for work_Persons,1.0,DDW-1500B-03ST.xlsx,03ST
B0303ST,15,287,District - Lawngtlai,Total,Graduate and above other than technical degree,Marginal workers_Seeking/available for work_Persons,50.0,DDW-1500B-03ST.xlsx,03ST
B0303ST,15,287,District - Lawngtlai,Total,Technical degree or diploma equal to degree or post-graduate degree,Marginal workers_Seeking/available for work_Persons,1.0,DDW-1500B-03ST.xlsx,03ST
B0303ST,15,287,District - Lawngtlai,Rural,Total,Marginal workers_Seeking/available for work_Persons,2059.0,DDW-1500B-03ST.xlsx,03ST
B0303ST,15,287,District - Lawngtlai,Rural,Illiterate,Marginal workers_Seeking/available for work_Persons,1293.0,DDW-1500B-03ST.xlsx,03ST
B0303ST,15,287,District - Lawngtlai,Rural,Literate,Marginal workers_Seeking/available for work_Persons,766.0,DDW-1500B-03ST.xlsx,03ST
B0303ST,15,287,District - Lawngtlai,Rural,Literate but below matric/secondary,Marginal workers_Seeking/available for work_Persons,489.0,DDW-1500B-03ST.xlsx,03ST
B0303ST,15,287,District - Lawngtlai,Rural,Matric/secondary but below graduate,Marginal workers_Seeking/available for work_Persons,164.0,DDW-1500B-03ST.xlsx,03ST
B0303ST,15,287,District - Lawngtlai,Rural,Technical diploma or certificate not equal to degree,Marginal workers_Seeking/available for work_Persons,0.0,DDW-1500B-03ST.xlsx,03ST
B0303ST,15,287,District - Lawngtlai,Rural,Graduate and above other than technical degree,Marginal workers_Seeking/available for work_Persons,29.0,DDW-1500B-03ST.xlsx,03ST
B0303ST,15,287,District - Lawngtlai,Rural,Technical degree or diploma equal to degree or post-graduate degree,Marginal workers_Seeking/available for work_Persons,1.0,DDW-1500B-03ST.xlsx,03ST
B0303ST,15,287,District - Lawngtlai,Urban,Total,Marginal workers_Seeking/available for work_Persons,304.0,DDW-1500B-03ST.xlsx,03ST
B0303ST,15,287,District - Lawngtlai,Urban,Illiterate,Marginal workers_Seeking/available for work_Persons,11.0,DDW-1500B-03ST.xlsx,03ST
B0303ST,15,287,District - Lawngtlai,Urban,Literate,Marginal workers_Seeking/available for work_Persons,293.0,DDW-1500B-03ST.xlsx,03ST
B0303ST,15,287,District - Lawngtlai,Urban,Literate but below matric/secondary,Marginal workers_Seeking/available for work_Persons,168.0,DDW-1500B-03ST.xlsx,03ST
B0303ST,15,287,District - Lawngtlai,Urban,Matric/secondary but below graduate,Marginal workers_Seeking/available for work_Persons,93.0,DDW-1500B-03ST.xlsx,03ST
B0303ST,15,287,District - Lawngtlai,Urban,Technical diploma or certificate not equal to degree,Marginal workers_Seeking/available for work_Persons,1.0,DDW-1500B-03ST.xlsx,03ST
B0303ST,15,287,District - Lawngtlai,Urban,Graduate and above other than technical degree,Marginal workers_Seeking/available for work_Persons,21.0,DDW-1500B-03ST.xlsx,03ST
B0303ST,15,287,District - Lawngtlai,Urban,Technical degree or diploma equal to degree or post-graduate degree,Marginal workers_Seeking/available for work_Persons,0.0,DDW-1500B-03ST.xlsx,03ST
B0303ST,15,288,District - Saiha,Total,Total,Marginal workers_Seeking/available for work_Persons,944.0,DDW-1500B-03ST.xlsx,03ST
B0303ST,15,288,District - Saiha,Total,Illiterate,Marginal workers_Seeking/available for work_Persons,41.0,DDW-1500B-03ST.xlsx,03ST
B0303ST,15,288,District - Saiha,Total,Literate,Marginal workers_Seeking/available for work_Persons,903.0,DDW-1500B-03ST.xlsx,03ST
B0303ST,15,288,District - Saiha,Total,Literate but below matric/secondary,Marginal workers_Seeking/available for work_Persons,514.0,DDW-1500B-03ST.xlsx,03ST
B0303ST,15,288,District - Saiha,Total,Matric/secondary but below graduate,Marginal workers_Seeking/available for work_Persons,308.0,DDW-1500B-03ST.xlsx,03ST
B0303ST,15,288,District - Saiha,Total,Technical diploma or certificate not equal to degree,Marginal workers_Seeking/available for work_Persons,1.0,DDW-1500B-03ST.xlsx,03ST
B0303ST,15,288,District - Saiha,Total,Graduate and above other than technical degree,Marginal workers_Seeking/available for work_Persons,63.0,DDW-1500B-03ST.xlsx,03ST
B0303ST,15,288,District - Saiha,Total,Technical degree or diploma equal to degree or post-graduate degree,Marginal workers_Seeking/available for work_Persons,3.0,DDW-1500B-03ST.xlsx,03ST
B0303ST,15,288,District - Saiha,Rural,Total,Marginal workers_Seeking/available for work_Persons,324.0,DDW-1500B-03ST.xlsx,03ST
B0303ST,15,288,District - Saiha,Rural,Illiterate,Marginal workers_Seeking/available for work_Persons,24.0,DDW-1500B-03ST.xlsx,03ST
B0303ST,15,288,District - Saiha,Rural,Literate,Marginal workers_Seeking/available for work_Persons,300.0,DDW-1500B-03ST.xlsx,03ST
B0303ST,15,288,District - Saiha,Rural,Literate but below matric/secondary,Marginal workers_Seeking/available for work_Persons,200.0,DDW-1500B-03ST.xlsx,03ST
B0303ST,15,288,District - Saiha,Rural,Matric/secondary but below graduate,Marginal workers_Seeking/available for work_Persons,80.0,DDW-1500B-03ST.xlsx,03ST
B0303ST,15,288,District - Saiha,Rural,Technical diploma or certificate not equal to degree,Marginal workers_Seeking/available for work_Persons,1.0,DDW-1500B-03ST.xlsx,03ST
B0303ST,15,288,District - Saiha,Rural,Graduate and above other than technical degree,Marginal workers_Seeking/available for work_Persons,11.0,DDW-1500B-03ST.xlsx,03ST
B0303ST,15,288,District - Saiha,Rural,Technical degree or diploma equal to degree or post-graduate degree,Marginal workers_Seeking/available for work_Persons,1.0,DDW-1500B-03ST.xlsx,03ST
B0303ST,15,288,District - Saiha,Urban,Total,Marginal workers_Seeking/available for work_Persons,620.0,DDW-1500B-03ST.xlsx,03ST
B0303ST,15,288,District - Saiha,Urban,Illiterate,Marginal workers_Seeking/available for work_Persons,17.0,DDW-1500B-03ST.xlsx,03ST
B0303ST,15,288,District - Saiha,Urban,Literate,Marginal workers_Seeking/available for work_Persons,603.0,DDW-1500B-03ST.xlsx,03ST
B0303ST,15,288,District - Saiha,Urban,Literate but below matric/secondary,Marginal workers_Seeking/available for work_Persons,314.0,DDW-1500B-03ST.xlsx,03ST
B0303ST,15,288,District - Saiha,Urban,Matric/secondary but below graduate,Marginal workers_Seeking/available for work_Persons,228.0,DDW-1500B-03ST.xlsx,03ST
B0303ST,15,288,District - Saiha,Urban,Technical diploma or certificate not equal to degree,Marginal workers_Seeking/available for work_Persons,0.0,DDW-1500B-03ST.xlsx,03ST
B0303ST,15,288,District - Saiha,Urban,Graduate and above other than technical degree,Marginal workers_Seeking/available for work_Persons,52.0,DDW-1500B-03ST.xlsx,03ST
B0303ST,15,288,District - Saiha,Urban,Technical degree or diploma equal to degree or post-graduate degree,Marginal workers_Seeking/available for work_Persons,2.0,DDW-1500B-03ST.xlsx,03ST
B0303ST,15,000,State - MIZORAM,Total,Total,Marginal workers_Seeking/available for work_Males,10331.0,DDW-1500B-03ST.xlsx,03ST
B0303ST,15,000,State - MIZORAM,Total,Illiterate,Marginal workers_Seeking/available for work_Males,703.0,DDW-1500B-03ST.xlsx,03ST
B0303ST,15,000,State - MIZORAM,Total,Literate,Marginal workers_Seeking/available for work_Males,9628.0,DDW-1500B-03ST.xlsx,03ST
B0303ST,15,000,State - MIZORAM,Total,Literate but below matric/secondary,Marginal workers_Seeking/available for work_Males,6087.0,DDW-1500B-03ST.xlsx,03ST
B0303ST,15,000,State - MIZORAM,Total,Matric/secondary but below graduate,Marginal workers_Seeking/available for work_Males,2611.0,DDW-1500B-03ST.xlsx,03ST
B0303ST,15,000,State - MIZORAM,Total,Technical diploma or certificate not equal to degree,Marginal workers_Seeking/available for work_Males,18.0,DDW-1500B-03ST.xlsx,03ST
B0303ST,15,000,State - MIZORAM,Total,Graduate and above other than technical degree,Marginal workers_Seeking/available for work_Males,723.0,DDW-1500B-03ST.xlsx,03ST
B0303ST,15,000,State - MIZORAM,Total,Technical degree or diploma equal to degree or post-graduate degree,Marginal workers_Seeking/available for work_Males,54.0,DDW-1500B-03ST.xlsx,03ST
B0303ST,15,000,State - MIZORAM,Rural,Total,Marginal workers_Seeking/available for work_Males,3248.0,DDW-1500B-03ST.xlsx,03ST
B0303ST,15,000,State - MIZORAM,Rural,Illiterate,Marginal workers_Seeking/available for work_Males,580.0,DDW-1500B-03ST.xlsx,03ST
B0303ST,15,000,State - MIZORAM,Rural,Literate,Marginal workers_Seeking/available for work_Males,2668.0,DDW-1500B-03ST.xlsx,03ST
B0303ST,15,000,State - MIZORAM,Rural,Literate but below matric/secondary,Marginal workers_Seeking/available for work_Males,1680.0,DDW-1500B-03ST.xlsx,03ST
B0303ST,15,000,State - MIZORAM,Rural,Matric/secondary but below graduate,Marginal workers_Seeking/available for work_Males,724.0,DDW-1500B-03ST.xlsx,03ST
B0303ST,15,000,State - MIZORAM,Rural,Technical diploma or certificate not equal to degree,Marginal workers_Seeking/available for work_Males,8.0,DDW-1500B-03ST.xlsx,03ST
B0303ST,15,000,State - MIZORAM,Rural,Graduate and above other than technical degree,Marginal workers_Seeking/available for work_Males,184.0,DDW-1500B-03ST.xlsx,03ST
B0303ST,15,000,State - MIZORAM,Rural,Technical degree or diploma equal to degree or post-graduate degree,Marginal workers_Seeking/available for work_Males,12.0,DDW-1500B-03ST.xlsx,03ST
B0303ST,15,000,State - MIZORAM,Urban,Total,Marginal workers_Seeking/available for work_Males,7083.0,DDW-1500B-03ST.xlsx,03ST
B0303ST,15,000,State - MIZORAM,Urban,Illiterate,Marginal workers_Seeking/available for work_Males,123.0,DDW-1500B-03ST.xlsx,03ST
B0303ST,15,000,State - MIZORAM,Urban,Literate,Marginal workers_Seeking/available for work_Males,6960.0,DDW-1500B-03ST.xlsx,03ST
B0303ST,15,000,State - MIZORAM,Urban,Literate but below matric/secondary,Marginal workers_Seeking/available for work_Males,4407.0,DDW-1500B-03ST.xlsx,03ST
B0303ST,15,000,State - MIZORAM,Urban,Matric/secondary but below graduate,Marginal workers_Seeking/available for work_Males,1887.0,DDW-1500B-03ST.xlsx,03ST
B0303ST,15,000,State - MIZORAM,Urban,Technical diploma or certificate not equal to degree,Marginal workers_Seeking/available for work_Males,10.0,DDW-1500B-03ST.xlsx,03ST
B0303ST,15,000,State - MIZORAM,Urban,Graduate and above other than technical degree,Marginal workers_Seeking/available for work_Males,539.0,DDW-1500B-03ST.xlsx,03ST
B0303ST,15,000,State - MIZORAM,Urban,Technical degree or diploma equal to degree or post-graduate degree,Marginal workers_Seeking/available for work_Males,42.0,DDW-1500B-03ST.xlsx,03ST
B0303ST,15,281,District - Mamit,Total,Total,Marginal workers_Seeking/available for work_Males,227.0,DDW-1500B-03ST.xlsx,03ST
B0303ST,15,281,District - Mamit,Total,Illiterate,Marginal workers_Seeking/available for work_Males,8.0,DDW-1500B-03ST.xlsx,03ST
B0303ST,15,281,District - Mamit,Total,Literate,Marginal workers_Seeking/available for work_Males,219.0,DDW-1500B-03ST.xlsx,03ST
B0303ST,15,281,District - Mamit,Total,Literate but below matric/secondary,Marginal workers_Seeking/available for work_Males,128.0,DDW-1500B-03ST.xlsx,03ST
B0303ST,15,281,District - Mamit,Total,Matric/secondary but below graduate,Marginal workers_Seeking/available for work_Males,58.0,DDW-1500B-03ST.xlsx,03ST
B0303ST,15,281,District - Mamit,Total,Technical diploma or certificate not equal to degree,Marginal workers_Seeking/available for work_Males,0.0,DDW-1500B-03ST.xlsx,03ST
B0303ST,15,281,District - Mamit,Total,Graduate and above other than technical degree,Marginal workers_Seeking/available for work_Males,24.0,DDW-1500B-03ST.xlsx,03ST
B0303ST,15,281,District - Mamit,Total,Technical degree or diploma equal to degree or post-graduate degree,Marginal workers_Seeking/available for work_Males,4.0,DDW-1500B-03ST.xlsx,03ST
B0303ST,15,281,District - Mamit,Rural,Total,Marginal workers_Seeking/available for work_Males,179.0,DDW-1500B-03ST.xlsx,03ST
B0303ST,15,281,District - Mamit,Rural,Illiterate,Marginal workers_Seeking/available for work_Males,7.0,DDW-1500B-03ST.xlsx,03ST
B0303ST,15,281,District - Mamit,Rural,Literate,Marginal workers_Seeking/available for work_Males,172.0,DDW-1500B-03ST.xlsx,03ST
B0303ST,15,281,District - Mamit,Rural,Literate but below matric/secondary,Marginal workers_Seeking/available for work_Males,105.0,DDW-1500B-03ST.xlsx,03ST
B0303ST,15,281,District - Mamit,Rural,Matric/secondary but below graduate,Marginal workers_Seeking/available for work_Males,44.0,DDW-1500B-03ST.xlsx,03ST
B0303ST,15,281,District - Mamit,Rural,Technical diploma or certificate not equal to degree,Marginal workers_Seeking/available for work_Males,0.0,DDW-1500B-03ST.xlsx,03ST
B0303ST,15,281,District - Mamit,Rural,Graduate and above other than technical degree,Marginal workers_Seeking/available for work_Males,16.0,DDW-1500B-03ST.xlsx,03ST
B0303ST,15,281,District - Mamit,Rural,Technical degree or diploma equal to degree or post-graduate degree,Marginal workers_Seeking/available for work_Males,2.0,DDW-1500B-03ST.xlsx,03ST
B0303ST,15,281,District - Mamit,Urban,Total,Marginal workers_Seeking/available for work_Males,48.0,DDW-1500B-03ST.xlsx,03ST
B0303ST,15,281,District - Mamit,Urban,Illiterate,Marginal workers_Seeking/available for work_Males,1.0,DDW-1500B-03ST.xlsx,03ST
B0303ST,15,281,District - Mamit,Urban,Literate,Marginal workers_Seeking/available for work_Males,47.0,DDW-1500B-03ST.xlsx,03ST
B0303ST,15,281,District - Mamit,Urban,Literate but below matric/secondary,Marginal workers_Seeking/available for work_Males,23.0,DDW-1500B-03ST.xlsx,03ST
B0303ST,15,281,District - Mamit,Urban,Matric/secondary but below graduate,Marginal workers_Seeking/available for work_Males,14.0,DDW-1500B-03ST.xlsx,03ST
B0303ST,15,281,District - Mamit,Urban,Technical diploma or certificate not equal to degree,Marginal workers_Seeking/available for work_Males,0.0,DDW-1500B-03ST.xlsx,03ST
B0303ST,15,281,District - Mamit,Urban,Graduate and above other than technical degree,Marginal workers_Seeking/available for work_Males,8.0,DDW-1500B-03ST.xlsx,03ST
B0303ST,15,281,District - Mamit,Urban,Technical degree or diploma equal to degree or post-graduate degree,Marginal workers_Seeking/available for work_Males,2.0,DDW-1500B-03ST.xlsx,03ST
B0303ST,15,282,District - Kolasib,Total,Total,Marginal workers_Seeking/available for work_Males,1190.0,DDW-1500B-03ST.xlsx,03ST
B0303ST,15,282,District - Kolasib,Total,Illiterate,Marginal workers_Seeking/available for work_Males,68.0,DDW-1500B-03ST.xlsx,03ST
B0303ST,15,282,District - Kolasib,Total,Literate,Marginal workers_Seeking/available for work_Males,1122.0,DDW-1500B-03ST.xlsx,03ST
B0303ST,15,282,District - Kolasib,Total,Literate but below matric/secondary,Marginal workers_Seeking/available for work_Males,826.0,DDW-1500B-03ST.xlsx,03ST
B0303ST,15,282,District - Kolasib,Total,Matric/secondary but below graduate,Marginal workers_Seeking/available for work_Males,225.0,DDW-1500B-03ST.xlsx,03ST
B0303ST,15,282,District - Kolasib,Total,Technical diploma or certificate not equal to degree,Marginal workers_Seeking/available for work_Males,1.0,DDW-1500B-03ST.xlsx,03ST
B0303ST,15,282,District - Kolasib,Total,Graduate and above other than technical degree,Marginal workers_Seeking/available for work_Males,58.0,DDW-1500B-03ST.xlsx,03ST
B0303ST,15,282,District - Kolasib,Total,Technical degree or diploma equal to degree or post-graduate degree,Marginal workers_Seeking/available for work_Males,3.0,DDW-1500B-03ST.xlsx,03ST
B0303ST,15,282,District - Kolasib,Rural,Total,Marginal workers_Seeking/available for work_Males,231.0,DDW-1500B-03ST.xlsx,03ST
B0303ST,15,282,District - Kolasib,Rural,Illiterate,Marginal workers_Seeking/available for work_Males,7.0,DDW-1500B-03ST.xlsx,03ST
B0303ST,15,282,District - Kolasib,Rural,Literate,Marginal workers_Seeking/available for work_Males,224.0,DDW-1500B-03ST.xlsx,03ST
B0303ST,15,282,District - Kolasib,Rural,Literate but below matric/secondary,Marginal workers_Seeking/available for work_Males,151.0,DDW-1500B-03ST.xlsx,03ST
B0303ST,15,282,District - Kolasib,Rural,Matric/secondary but below graduate,Marginal workers_Seeking/available for work_Males,54.0,DDW-1500B-03ST.xlsx,03ST
B0303ST,15,282,District - Kolasib,Rural,Technical diploma or certificate not equal to degree,Marginal workers_Seeking/available for work_Males,0.0,DDW-1500B-03ST.xlsx,03ST
B0303ST,15,282,District - Kolasib,Rural,Graduate and above other than technical degree,Marginal workers_Seeking/available for work_Males,16.0,DDW-1500B-03ST.xlsx,03ST
B0303ST,15,282,District - Kolasib,Rural,Technical degree or diploma equal to degree or post-graduate degree,Marginal workers_Seeking/available for work_Males,1.0,DDW-1500B-03ST.xlsx,03ST
B0303ST,15,282,District - Kolasib,Urban,Total,Marginal workers_Seeking/available for work_Males,959.0,DDW-1500B-03ST.xlsx,03ST
B0303ST,15,282,District - Kolasib,Urban,Illiterate,Marginal workers_Seeking/available for work_Males,61.0,DDW-1500B-03ST.xlsx,03ST
B0303ST,15,282,District - Kolasib,Urban,Literate,Marginal workers_Seeking/available for work_Males,898.0,DDW-1500B-03ST.xlsx,03ST
B0303ST,15,282,District - Kolasib,Urban,Literate but below matric/secondary,Marginal workers_Seeking/available for work_Males,675.0,DDW-1500B-03ST.xlsx,03ST
B0303ST,15,282,District - Kolasib,Urban,Matric/secondary but below graduate,Marginal workers_Seeking/available for work_Males,171.0,DDW-1500B-03ST.xlsx,03ST
B0303ST,15,282,District - Kolasib,Urban,Technical diploma or certificate not equal to degree,Marginal workers_Seeking/available for work_Males,1.0,DDW-1500B-03ST.xlsx,03ST
B0303ST,15,282,District - Kolasib,Urban,Graduate and above other than technical degree,Marginal workers_Seeking/available for work_Males,42.0,DDW-1500B-03ST.xlsx,03ST
B0303ST,15,282,District - Kolasib,Urban,Technical degree or diploma equal to degree or post-graduate degree,Marginal workers_Seeking/available for work_Males,2.0,DDW-1500B-03ST.xlsx,03ST
B0303ST,15,283,District - Aizawl,Total,Total,Marginal workers_Seeking/available for work_Males,3931.0,DDW-1500B-03ST.xlsx,03ST
B0303ST,15,283,District - Aizawl,Total,Illiterate,Marginal workers_Seeking/available for work_Males,33.0,DDW-1500B-03ST.xlsx,03ST
B0303ST,15,283,District - Aizawl,Total,Literate,Marginal workers_Seeking/available for work_Males,3898.0,DDW-1500B-03ST.xlsx,03ST
B0303ST,15,283,District - Aizawl,Total,Literate but below matric/secondary,Marginal workers_Seeking/available for work_Males,2329.0,DDW-1500B-03ST.xlsx,03ST
B0303ST,15,283,District - Aizawl,Total,Matric/secondary but below graduate,Marginal workers_Seeking/available for work_Males,1132.0,DDW-1500B-03ST.xlsx,03ST
B0303ST,15,283,District - Aizawl,Total,Technical diploma or certificate not equal to degree,Marginal workers_Seeking/available for work_Males,1.0,DDW-1500B-03ST.xlsx,03ST
B0303ST,15,283,District - Aizawl,Total,Graduate and above other than technical degree,Marginal workers_Seeking/available for work_Males,364.0,DDW-1500B-03ST.xlsx,03ST
B0303ST,15,283,District - Aizawl,Total,Technical degree or diploma equal to degree or post-graduate degree,Marginal workers_Seeking/available for work_Males,33.0,DDW-1500B-03ST.xlsx,03ST
B0303ST,15,283,District - Aizawl,Rural,Total,Marginal workers_Seeking/available for work_Males,369.0,DDW-1500B-03ST.xlsx,03ST
B0303ST,15,283,District - Aizawl,Rural,Illiterate,Marginal workers_Seeking/available for work_Males,6.0,DDW-1500B-03ST.xlsx,03ST
B0303ST,15,283,District - Aizawl,Rural,Literate,Marginal workers_Seeking/available for work_Males,363.0,DDW-1500B-03ST.xlsx,03ST
B0303ST,15,283,District - Aizawl,Rural,Literate but below matric/secondary,Marginal workers_Seeking/available for work_Males,211.0,DDW-1500B-03ST.xlsx,03ST
B0303ST,15,283,District - Aizawl,Rural,Matric/secondary but below graduate,Marginal workers_Seeking/available for work_Males,110.0,DDW-1500B-03ST.xlsx,03ST
B0303ST,15,283,District - Aizawl,Rural,Technical diploma or certificate not equal to degree,Marginal workers_Seeking/available for work_Males,0.0,DDW-1500B-03ST.xlsx,03ST
B0303ST,15,283,District - Aizawl,Rural,Graduate and above other than technical degree,Marginal workers_Seeking/available for work_Males,34.0,DDW-1500B-03ST.xlsx,03ST
B0303ST,15,283,District - Aizawl,Rural,Technical degree or diploma equal to degree or post-graduate degree,Marginal workers_Seeking/available for work_Males,1.0,DDW-1500B-03ST.xlsx,03ST
B0303ST,15,283,District - Aizawl,Urban,Total,Marginal workers_Seeking/available for work_Males,3562.0,DDW-1500B-03ST.xlsx,03ST
B0303ST,15,283,District - Aizawl,Urban,Illiterate,Marginal workers_Seeking/available for work_Males,27.0,DDW-1500B-03ST.xlsx,03ST
B0303ST,15,283,District - Aizawl,Urban,Literate,Marginal workers_Seeking/available for work_Males,3535.0,DDW-1500B-03ST.xlsx,03ST
B0303ST,15,283,District - Aizawl,Urban,Literate but below matric/secondary,Marginal workers_Seeking/available for work_Males,2118.0,DDW-1500B-03ST.xlsx,03ST
B0303ST,15,283,District - Aizawl,Urban,Matric/secondary but below graduate,Marginal workers_Seeking/available for work_Males,1022.0,DDW-1500B-03ST.xlsx,03ST
B0303ST,15,283,District - Aizawl,Urban,Technical diploma or certificate not equal to degree,Marginal workers_Seeking/available for work_Males,1.0,DDW-1500B-03ST.xlsx,03ST
B0303ST,15,283,District - Aizawl,Urban,Graduate and above other than technical degree,Marginal workers_Seeking/available for work_Males,330.0,DDW-1500B-03ST.xlsx,03ST
B0303ST,15,283,District - Aizawl,Urban,Technical degree or diploma equal to degree or post-graduate degree,Marginal workers_Seeking/available for work_Males,32.0,DDW-1500B-03ST.xlsx,03ST
B0303ST,15,284,District - Champhai,Total,Total,Marginal workers_Seeking/available for work_Males,899.0,DDW-1500B-03ST.xlsx,03ST
B0303ST,15,284,District - Champhai,Total,Illiterate,Marginal workers_Seeking/available for work_Males,12.0,DDW-1500B-03ST.xlsx,03ST
B0303ST,15,284,District - Champhai,Total,Literate,Marginal workers_Seeking/available for work_Males,887.0,DDW-1500B-03ST.xlsx,03ST
B0303ST,15,284,District - Champhai,Total,Literate but below matric/secondary,Marginal workers_Seeking/available for work_Males,637.0,DDW-1500B-03ST.xlsx,03ST
B0303ST,15,284,District - Champhai,Total,Matric/secondary but below graduate,Marginal workers_Seeking/available for work_Males,173.0,DDW-1500B-03ST.xlsx,03ST
B0303ST,15,284,District - Champhai,Total,Technical diploma or certificate not equal to degree,Marginal workers_Seeking/available for work_Males,2.0,DDW-1500B-03ST.xlsx,03ST
B0303ST,15,284,District - Champhai,Total,Graduate and above other than technical degree,Marginal workers_Seeking/available for work_Males,61.0,DDW-1500B-03ST.xlsx,03ST
B0303ST,15,284,District - Champhai,Total,Technical degree or diploma equal to degree or post-graduate degree,Marginal workers_Seeking/available for work_Males,4.0,DDW-1500B-03ST.xlsx,03ST
B0303ST,15,284,District - Champhai,Rural,Total,Marginal workers_Seeking/available for work_Males,248.0,DDW-1500B-03ST.xlsx,03ST
B0303ST,15,284,District - Champhai,Rural,Illiterate,Marginal workers_Seeking/available for work_Males,6.0,DDW-1500B-03ST.xlsx,03ST
B0303ST,15,284,District - Champhai,Rural,Literate,Marginal workers_Seeking/available for work_Males,242.0,DDW-1500B-03ST.xlsx,03ST
B0303ST,15,284,District - Champhai,Rural,Literate but below matric/secondary,Marginal workers_Seeking/available for work_Males,154.0,DDW-1500B-03ST.xlsx,03ST
B0303ST,15,284,District - Champhai,Rural,Matric/secondary but below graduate,Marginal workers_Seeking/available for work_Males,58.0,DDW-1500B-03ST.xlsx,03ST
B0303ST,15,284,District - Champhai,Rural,Technical diploma or certificate not equal to degree,Marginal workers_Seeking/available for work_Males,1.0,DDW-1500B-03ST.xlsx,03ST
B0303ST,15,284,District - Champhai,Rural,Graduate and above other than technical degree,Marginal workers_Seeking/available for work_Males,26.0,DDW-1500B-03ST.xlsx,03ST
B0303ST,15,284,District - Champhai,Rural,Technical degree or diploma equal to degree or post-graduate degree,Marginal workers_Seeking/available for work_Males,2.0,DDW-1500B-03ST.xlsx,03ST
B0303ST,15,284,District - Champhai,Urban,Total,Marginal workers_Seeking/available for work_Males,651.0,DDW-1500B-03ST.xlsx,03ST
B0303ST,15,284,District - Champhai,Urban,Illiterate,Marginal workers_Seeking/available for work_Males,6.0,DDW-1500B-03ST.xlsx,03ST
B0303ST,15,284,District - Champhai,Urban,Literate,Marginal workers_Seeking/available for work_Males,645.0,DDW-1500B-03ST.xlsx,03ST
B0303ST,15,284,District - Champhai,Urban,Literate but below matric/secondary,Marginal workers_Seeking/available for work_Males,483.0,DDW-1500B-03ST.xlsx,03ST
B0303ST,15,284,District - Champhai,Urban,Matric/secondary but below graduate,Marginal workers_Seeking/available for work_Males,115.0,DDW-1500B-03ST.xlsx,03ST
B0303ST,15,284,District - Champhai,Urban,Technical diploma or certificate not equal to degree,Marginal workers_Seeking/available for work_Males,1.0,DDW-1500B-03ST.xlsx,03ST
B0303ST,15,284,District - Champhai,Urban,Graduate and above other than technical degree,Marginal workers_Seeking/available for work_Males,35.0,DDW-1500B-03ST.xlsx,03ST
B0303ST,15,284,District - Champhai,Urban,Technical degree or diploma equal to degree or post-graduate degree,Marginal workers_Seeking/available for work_Males,2.0,DDW-1500B-03ST.xlsx,03ST
B0303ST,15,285,District - Serchhip,Total,Total,Marginal workers_Seeking/available for work_Males,387.0,DDW-1500B-03ST.xlsx,03ST
B0303ST,15,285,District - Serchhip,Total,Illiterate,Marginal workers_Seeking/available for work_Males,5.0,DDW-1500B-03ST.xlsx,03ST
B0303ST,15,285,District - Serchhip,Total,Literate,Marginal workers_Seeking/available for work_Males,382.0,DDW-1500B-03ST.xlsx,03ST
B0303ST,15,285,District - Serchhip,Total,Literate but below matric/secondary,Marginal workers_Seeking/available for work_Males,228.0,DDW-1500B-03ST.xlsx,03ST
B0303ST,15,285,District - Serchhip,Total,Matric/secondary but below graduate,Marginal workers_Seeking/available for work_Males,108.0,DDW-1500B-03ST.xlsx,03ST
B0303ST,15,285,District - Serchhip,Total,Technical diploma or certificate not equal to degree,Marginal workers_Seeking/available for work_Males,0.0,DDW-1500B-03ST.xlsx,03ST
B0303ST,15,285,District - Serchhip,Total,Graduate and above other than technical degree,Marginal workers_Seeking/available for work_Males,40.0,DDW-1500B-03ST.xlsx,03ST
B0303ST,15,285,District - Serchhip,Total,Technical degree or diploma equal to degree or post-graduate degree,Marginal workers_Seeking/available for work_Males,2.0,DDW-1500B-03ST.xlsx,03ST
B0303ST,15,285,District - Serchhip,Rural,Total,Marginal workers_Seeking/available for work_Males,123.0,DDW-1500B-03ST.xlsx,03ST
B0303ST,15,285,District - Serchhip,Rural,Illiterate,Marginal workers_Seeking/available for work_Males,1.0,DDW-1500B-03ST.xlsx,03ST
B0303ST,15,285,District - Serchhip,Rural,Literate,Marginal workers_Seeking/available for work_Males,122.0,DDW-1500B-03ST.xlsx,03ST
B0303ST,15,285,District - Serchhip,Rural,Literate but below matric/secondary,Marginal workers_Seeking/available for work_Males,51.0,DDW-1500B-03ST.xlsx,03ST
B0303ST,15,285,District - Serchhip,Rural,Matric/secondary but below graduate,Marginal workers_Seeking/available for work_Males,48.0,DDW-1500B-03ST.xlsx,03ST
B0303ST,15,285,District - Serchhip,Rural,Technical diploma or certificate not equal to degree,Marginal workers_Seeking/available for work_Males,0.0,DDW-1500B-03ST.xlsx,03ST
B0303ST,15,285,District - Serchhip,Rural,Graduate and above other than technical degree,Marginal workers_Seeking/available for work_Males,22.0,DDW-1500B-03ST.xlsx,03ST
B0303ST,15,285,District - Serchhip,Rural,Technical degree or diploma equal to degree or post-graduate degree,Marginal workers_Seeking/available for work_Males,1.0,DDW-1500B-03ST.xlsx,03ST
B0303ST,15,285,District - Serchhip,Urban,Total,Marginal workers_Seeking/available for work_Males,264.0,DDW-1500B-03ST.xlsx,03ST
B0303ST,15,285,District - Serchhip,Urban,Illiterate,Marginal workers_Seeking/available for work_Males,4.0,DDW-1500B-03ST.xlsx,03ST
B0303ST,15,285,District - Serchhip,Urban,Literate,Marginal workers_Seeking/available for work_Males,260.0,DDW-1500B-03ST.xlsx,03ST
B0303ST,15,285,District - Serchhip,Urban,Literate but below matric/secondary,Marginal workers_Seeking/available for work_Males,177.0,DDW-1500B-03ST.xlsx,03ST
B0303ST,15,285,District - Serchhip,Urban,Matric/secondary but below graduate,Marginal workers_Seeking/available for work_Males,60.0,DDW-1500B-03ST.xlsx,03ST
B0303ST,15,285,District - Serchhip,Urban,Technical diploma or certificate not equal to degree,Marginal workers_Seeking/available for work_Males,0.0,DDW-1500B-03ST.xlsx,03ST
B0303ST,15,285,District - Serchhip,Urban,Graduate and above other than technical degree,Marginal workers_Seeking/available for work_Males,18.0,DDW-1500B-03ST.xlsx,03ST
B0303ST,15,285,District - Serchhip,Urban,Technical degree or diploma equal to degree or post-graduate degree,Marginal workers_Seeking/available for work_Males,1.0,DDW-1500B-03ST.xlsx,03ST
B0303ST,15,286,District - Lunglei,Total,Total,Marginal workers_Seeking/available for work_Males,2017.0,DDW-1500B-03ST.xlsx,03ST
B0303ST,15,286,District - Lunglei,Total,Illiterate,Marginal workers_Seeking/available for work_Males,77.0,DDW-1500B-03ST.xlsx,03ST
B0303ST,15,286,District - Lunglei,Total,Literate,Marginal workers_Seeking/available for work_Males,1940.0,DDW-1500B-03ST.xlsx,03ST
B0303ST,15,286,District - Lunglei,Total,Literate but below matric/secondary,Marginal workers_Seeking/available for work_Males,1207.0,DDW-1500B-03ST.xlsx,03ST
B0303ST,15,286,District - Lunglei,Total,Matric/secondary but below graduate,Marginal workers_Seeking/available for work_Males,589.0,DDW-1500B-03ST.xlsx,03ST
B0303ST,15,286,District - Lunglei,Total,Technical diploma or certificate not equal to degree,Marginal workers_Seeking/available for work_Males,12.0,DDW-1500B-03ST.xlsx,03ST
B0303ST,15,286,District - Lunglei,Total,Graduate and above other than technical degree,Marginal workers_Seeking/available for work_Males,102.0,DDW-1500B-03ST.xlsx,03ST
B0303ST,15,286,District - Lunglei,Total,Technical degree or diploma equal to degree or post-graduate degree,Marginal workers_Seeking/available for work_Males,5.0,DDW-1500B-03ST.xlsx,03ST
B0303ST,15,286,District - Lunglei,Rural,Total,Marginal workers_Seeking/available for work_Males,948.0,DDW-1500B-03ST.xlsx,03ST
B0303ST,15,286,District - Lunglei,Rural,Illiterate,Marginal workers_Seeking/available for work_Males,67.0,DDW-1500B-03ST.xlsx,03ST
B0303ST,15,286,District - Lunglei,Rural,Literate,Marginal workers_Seeking/available for work_Males,881.0,DDW-1500B-03ST.xlsx,03ST
B0303ST,15,286,District - Lunglei,Rural,Literate but below matric/secondary,Marginal workers_Seeking/available for work_Males,545.0,DDW-1500B-03ST.xlsx,03ST
B0303ST,15,286,District - Lunglei,Rural,Matric/secondary but below graduate,Marginal workers_Seeking/available for work_Males,269.0,DDW-1500B-03ST.xlsx,03ST
B0303ST,15,286,District - Lunglei,Rural,Technical diploma or certificate not equal to degree,Marginal workers_Seeking/available for work_Males,6.0,DDW-1500B-03ST.xlsx,03ST
B0303ST,15,286,District - Lunglei,Rural,Graduate and above other than technical degree,Marginal workers_Seeking/available for work_Males,44.0,DDW-1500B-03ST.xlsx,03ST
B0303ST,15,286,District - Lunglei,Rural,Technical degree or diploma equal to degree or post-graduate degree,Marginal workers_Seeking/available for work_Males,3.0,DDW-1500B-03ST.xlsx,03ST
B0303ST,15,286,District - Lunglei,Urban,Total,Marginal workers_Seeking/available for work_Males,1069.0,DDW-1500B-03ST.xlsx,03ST
B0303ST,15,286,District - Lunglei,Urban,Illiterate,Marginal workers_Seeking/available for work_Males,10.0,DDW-1500B-03ST.xlsx,03ST
B0303ST,15,286,District - Lunglei,Urban,Literate,Marginal workers_Seeking/available for work_Males,1059.0,DDW-1500B-03ST.xlsx,03ST
B0303ST,15,286,District - Lunglei,Urban,Literate but below matric/secondary,Marginal workers_Seeking/available for work_Males,662.0,DDW-1500B-03ST.xlsx,03ST
B0303ST,15,286,District - Lunglei,Urban,Matric/secondary but below graduate,Marginal workers_Seeking/available for work_Males,320.0,DDW-1500B-03ST.xlsx,03ST
B0303ST,15,286,District - Lunglei,Urban,Technical diploma or certificate not equal to degree,Marginal workers_Seeking/available for work_Males,6.0,DDW-1500B-03ST.xlsx,03ST
B0303ST,15,286,District - Lunglei,Urban,Graduate and above other than technical degree,Marginal workers_Seeking/available for work_Males,58.0,DDW-1500B-03ST.xlsx,03ST
B0303ST,15,286,District - Lunglei,Urban,Technical degree or diploma equal to degree or post-graduate degree,Marginal workers_Seeking/available for work_Males,2.0,DDW-1500B-03ST.xlsx,03ST
B0303ST,15,287,District - Lawngtlai,Total,Total,Marginal workers_Seeking/available for work_Males,1160.0,DDW-1500B-03ST.xlsx,03ST
B0303ST,15,287,District - Lawngtlai,Total,Illiterate,Marginal workers_Seeking/available for work_Males,482.0,DDW-1500B-03ST.xlsx,03ST
B0303ST,15,287,District - Lawngtlai,Total,Literate,Marginal workers_Seeking/available for work_Males,678.0,DDW-1500B-03ST.xlsx,03ST
B0303ST,15,287,District - Lawngtlai,Total,Literate but below matric/secondary,Marginal workers_Seeking/available for work_Males,457.0,DDW-1500B-03ST.xlsx,03ST
B0303ST,15,287,District - Lawngtlai,Total,Matric/secondary but below graduate,Marginal workers_Seeking/available for work_Males,149.0,DDW-1500B-03ST.xlsx,03ST
B0303ST,15,287,District - Lawngtlai,Total,Technical diploma or certificate not equal to degree,Marginal workers_Seeking/available for work_Males,1.0,DDW-1500B-03ST.xlsx,03ST
B0303ST,15,287,District - Lawngtlai,Total,Graduate and above other than technical degree,Marginal workers_Seeking/available for work_Males,36.0,DDW-1500B-03ST.xlsx,03ST
B0303ST,15,287,District - Lawngtlai,Total,Technical degree or diploma equal to degree or post-graduate degree,Marginal workers_Seeking/available for work_Males,1.0,DDW-1500B-03ST.xlsx,03ST
B0303ST,15,287,District - Lawngtlai,Rural,Total,Marginal workers_Seeking/available for work_Males,955.0,DDW-1500B-03ST.xlsx,03ST
B0303ST,15,287,District - Lawngtlai,Rural,Illiterate,Marginal workers_Seeking/available for work_Males,475.0,DDW-1500B-03ST.xlsx,03ST
B0303ST,15,287,District - Lawngtlai,Rural,Literate,Marginal workers_Seeking/available for work_Males,480.0,DDW-1500B-03ST.xlsx,03ST
B0303ST,15,287,District - Lawngtlai,Rural,Literate but below matric/secondary,Marginal workers_Seeking/available for work_Males,337.0,DDW-1500B-03ST.xlsx,03ST
B0303ST,15,287,District - Lawngtlai,Rural,Matric/secondary but below graduate,Marginal workers_Seeking/available for work_Males,95.0,DDW-1500B-03ST.xlsx,03ST
B0303ST,15,287,District - Lawngtlai,Rural,Technical diploma or certificate not equal to degree,Marginal workers_Seeking/available for work_Males,0.0,DDW-1500B-03ST.xlsx,03ST
B0303ST,15,287,District - Lawngtlai,Rural,Graduate and above other than technical degree,Marginal workers_Seeking/available for work_Males,20.0,DDW-1500B-03ST.xlsx,03ST
B0303ST,15,287,District - Lawngtlai,Rural,Technical degree or diploma equal to degree or post-graduate degree,Marginal workers_Seeking/available for work_Males,1.0,DDW-1500B-03ST.xlsx,03ST
B0303ST,15,287,District - Lawngtlai,Urban,Total,Marginal workers_Seeking/available for work_Males,205.0,DDW-1500B-03ST.xlsx,03ST
B0303ST,15,287,District - Lawngtlai,Urban,Illiterate,Marginal workers_Seeking/available for work_Males,7.0,DDW-1500B-03ST.xlsx,03ST
B0303ST,15,287,District - Lawngtlai,Urban,Literate,Marginal workers_Seeking/available for work_Males,198.0,DDW-1500B-03ST.xlsx,03ST
B0303ST,15,287,District - Lawngtlai,Urban,Literate but below matric/secondary,Marginal workers_Seeking/available for work_Males,120.0,DDW-1500B-03ST.xlsx,03ST
B0303ST,15,287,District - Lawngtlai,Urban,Matric/secondary but below graduate,Marginal workers_Seeking/available for work_Males,54.0,DDW-1500B-03ST.xlsx,03ST
B0303ST,15,287,District - Lawngtlai,Urban,Technical diploma or certificate not equal to degree,Marginal workers_Seeking/available for work_Males,1.0,DDW-1500B-03ST.xlsx,03ST
B0303ST,15,287,District - Lawngtlai,Urban,Graduate and above other than technical degree,Marginal workers_Seeking/available for work_Males,16.0,DDW-1500B-03ST.xlsx,03ST
B0303ST,15,287,District - Lawngtlai,Urban,Technical degree or diploma equal to degree or post-graduate degree,Marginal workers_Seeking/available for work_Males,0.0,DDW-1500B-03ST.xlsx,03ST
B0303ST,15,288,District - Saiha,Total,Total,Marginal workers_Seeking/available for work_Males,520.0,DDW-1500B-03ST.xlsx,03ST
B0303ST,15,288,District - Saiha,Total,Illiterate,Marginal workers_Seeking/available for work_Males,18.0,DDW-1500B-03ST.xlsx,03ST
B0303ST,15,288,District - Saiha,Total,Literate,Marginal workers_Seeking/available for work_Males,502.0,DDW-1500B-03ST.xlsx,03ST
B0303ST,15,288,District - Saiha,Total,Literate but below matric/secondary,Marginal workers_Seeking/available for work_Males,275.0,DDW-1500B-03ST.xlsx,03ST
B0303ST,15,288,District - Saiha,Total,Matric/secondary but below graduate,Marginal workers_Seeking/available for work_Males,177.0,DDW-1500B-03ST.xlsx,03ST
B0303ST,15,288,District - Saiha,Total,Technical diploma or certificate not equal to degree,Marginal workers_Seeking/available for work_Males,1.0,DDW-1500B-03ST.xlsx,03ST
B0303ST,15,288,District - Saiha,Total,Graduate and above other than technical degree,Marginal workers_Seeking/available for work_Males,38.0,DDW-1500B-03ST.xlsx,03ST
B0303ST,15,288,District - Saiha,Total,Technical degree or diploma equal to degree or post-graduate degree,Marginal workers_Seeking/available for work_Males,2.0,DDW-1500B-03ST.xlsx,03ST
B0303ST,15,288,District - Saiha,Rural,Total,Marginal workers_Seeking/available for work_Males,195.0,DDW-1500B-03ST.xlsx,03ST
B0303ST,15,288,District - Saiha,Rural,Illiterate,Marginal workers_Seeking/available for work_Males,11.0,DDW-1500B-03ST.xlsx,03ST
B0303ST,15,288,District - Saiha,Rural,Literate,Marginal workers_Seeking/available for work_Males,184.0,DDW-1500B-03ST.xlsx,03ST
B0303ST,15,288,District - Saiha,Rural,Literate but below matric/secondary,Marginal workers_Seeking/available for work_Males,126.0,DDW-1500B-03ST.xlsx,03ST
B0303ST,15,288,District - Saiha,Rural,Matric/secondary but below graduate,Marginal workers_Seeking/available for work_Males,46.0,DDW-1500B-03ST.xlsx,03ST
B0303ST,15,288,District - Saiha,Rural,Technical diploma or certificate not equal to degree,Marginal workers_Seeking/available for work_Males,1.0,DDW-1500B-03ST.xlsx,03ST
B0303ST,15,288,District - Saiha,Rural,Graduate and above other than technical degree,Marginal workers_Seeking/available for work_Males,6.0,DDW-1500B-03ST.xlsx,03ST
B0303ST,15,288,District - Saiha,Rural,Technical degree or diploma equal to degree or post-graduate degree,Marginal workers_Seeking/available for work_Males,1.0,DDW-1500B-03ST.xlsx,03ST
B0303ST,15,288,District - Saiha,Urban,Total,Marginal workers_Seeking/available for work_Males,325.0,DDW-1500B-03ST.xlsx,03ST
B0303ST,15,288,District - Saiha,Urban,Illiterate,Marginal workers_Seeking/available for work_Males,7.0,DDW-1500B-03ST.xlsx,03ST
B0303ST,15,288,District - Saiha,Urban,Literate,Marginal workers_Seeking/available for work_Males,318.0,DDW-1500B-03ST.xlsx,03ST
B0303ST,15,288,District - Saiha,Urban,Literate but below matric/secondary,Marginal workers_Seeking/available for work_Males,149.0,DDW-1500B-03ST.xlsx,03ST
B0303ST,15,288,District - Saiha,Urban,Matric/secondary but below graduate,Marginal workers_Seeking/available for work_Males,131.0,DDW-1500B-03ST.xlsx,03ST
B0303ST,15,288,District - Saiha,Urban,Technical diploma or certificate not equal to degree,Marginal workers_Seeking/available for work_Males,0.0,DDW-1500B-03ST.xlsx,03ST
B0303ST,15,288,District - Saiha,Urban,Graduate and above other than technical degree,Marginal workers_Seeking/available for work_Males,32.0,DDW-1500B-03ST.xlsx,03ST
B0303ST,15,288,District - Saiha,Urban,Technical degree or diploma equal to degree or post-graduate degree,Marginal workers_Seeking/available for work_Males,1.0,DDW-1500B-03ST.xlsx,03ST
B0303ST,15,000,State - MIZORAM,Total,Total,Marginal workers_Seeking/available for work_Females,10668.0,DDW-1500B-03ST.xlsx,03ST
B0303ST,15,000,State - MIZORAM,Total,Illiterate,Marginal workers_Seeking/available for work_Females,1384.0,DDW-1500B-03ST.xlsx,03ST
B0303ST,15,000,State - MIZORAM,Total,Literate,Marginal workers_Seeking/available for work_Females,9284.0,DDW-1500B-03ST.xlsx,03ST
B0303ST,15,000,State - MIZORAM,Total,Literate but below matric/secondary,Marginal workers_Seeking/available for work_Females,6146.0,DDW-1500B-03ST.xlsx,03ST
B0303ST,15,000,State - MIZORAM,Total,Matric/secondary but below graduate,Marginal workers_Seeking/available for work_Females,2268.0,DDW-1500B-03ST.xlsx,03ST
B0303ST,15,000,State - MIZORAM,Total,Technical diploma or certificate not equal to degree,Marginal workers_Seeking/available for work_Females,23.0,DDW-1500B-03ST.xlsx,03ST
B0303ST,15,000,State - MIZORAM,Total,Graduate and above other than technical degree,Marginal workers_Seeking/available for work_Females,573.0,DDW-1500B-03ST.xlsx,03ST
B0303ST,15,000,State - MIZORAM,Total,Technical degree or diploma equal to degree or post-graduate degree,Marginal workers_Seeking/available for work_Females,33.0,DDW-1500B-03ST.xlsx,03ST
B0303ST,15,000,State - MIZORAM,Rural,Total,Marginal workers_Seeking/available for work_Females,4851.0,DDW-1500B-03ST.xlsx,03ST
B0303ST,15,000,State - MIZORAM,Rural,Illiterate,Marginal workers_Seeking/available for work_Females,1264.0,DDW-1500B-03ST.xlsx,03ST
B0303ST,15,000,State - MIZORAM,Rural,Literate,Marginal workers_Seeking/available for work_Females,3587.0,DDW-1500B-03ST.xlsx,03ST
B0303ST,15,000,State - MIZORAM,Rural,Literate but below matric/secondary,Marginal workers_Seeking/available for work_Females,2515.0,DDW-1500B-03ST.xlsx,03ST
B0303ST,15,000,State - MIZORAM,Rural,Matric/secondary but below graduate,Marginal workers_Seeking/available for work_Females,793.0,DDW-1500B-03ST.xlsx,03ST
B0303ST,15,000,State - MIZORAM,Rural,Technical diploma or certificate not equal to degree,Marginal workers_Seeking/available for work_Females,5.0,DDW-1500B-03ST.xlsx,03ST
B0303ST,15,000,State - MIZORAM,Rural,Graduate and above other than technical degree,Marginal workers_Seeking/available for work_Females,130.0,DDW-1500B-03ST.xlsx,03ST
B0303ST,15,000,State - MIZORAM,Rural,Technical degree or diploma equal to degree or post-graduate degree,Marginal workers_Seeking/available for work_Females,2.0,DDW-1500B-03ST.xlsx,03ST
B0303ST,15,000,State - MIZORAM,Urban,Total,Marginal workers_Seeking/available for work_Females,5817.0,DDW-1500B-03ST.xlsx,03ST
B0303ST,15,000,State - MIZORAM,Urban,Illiterate,Marginal workers_Seeking/available for work_Females,120.0,DDW-1500B-03ST.xlsx,03ST
B0303ST,15,000,State - MIZORAM,Urban,Literate,Marginal workers_Seeking/available for work_Females,5697.0,DDW-1500B-03ST.xlsx,03ST
B0303ST,15,000,State - MIZORAM,Urban,Literate but below matric/secondary,Marginal workers_Seeking/available for work_Females,3631.0,DDW-1500B-03ST.xlsx,03ST
B0303ST,15,000,State - MIZORAM,Urban,Matric/secondary but below graduate,Marginal workers_Seeking/available for work_Females,1475.0,DDW-1500B-03ST.xlsx,03ST
B0303ST,15,000,State - MIZORAM,Urban,Technical diploma or certificate not equal to degree,Marginal workers_Seeking/available for work_Females,18.0,DDW-1500B-03ST.xlsx,03ST
B0303ST,15,000,State - MIZORAM,Urban,Graduate and above other than technical degree,Marginal workers_Seeking/available for work_Females,443.0,DDW-1500B-03ST.xlsx,03ST
B0303ST,15,000,State - MIZORAM,Urban,Technical degree or diploma equal to degree or post-graduate degree,Marginal workers_Seeking/available for work_Females,31.0,DDW-1500B-03ST.xlsx,03ST
B0303ST,15,281,District - Mamit,Total,Total,Marginal workers_Seeking/available for work_Females,318.0,DDW-1500B-03ST.xlsx,03ST
B0303ST,15,281,District - Mamit,Total,Illiterate,Marginal workers_Seeking/available for work_Females,23.0,DDW-1500B-03ST.xlsx,03ST
B0303ST,15,281,District - Mamit,Total,Literate,Marginal workers_Seeking/available for work_Females,295.0,DDW-1500B-03ST.xlsx,03ST
B0303ST,15,281,District - Mamit,Total,Literate but below matric/secondary,Marginal workers_Seeking/available for work_Females,229.0,DDW-1500B-03ST.xlsx,03ST
B0303ST,15,281,District - Mamit,Total,Matric/secondary but below graduate,Marginal workers_Seeking/available for work_Females,53.0,DDW-1500B-03ST.xlsx,03ST
B0303ST,15,281,District - Mamit,Total,Technical diploma or certificate not equal to degree,Marginal workers_Seeking/available for work_Females,0.0,DDW-1500B-03ST.xlsx,03ST
B0303ST,15,281,District - Mamit,Total,Graduate and above other than technical degree,Marginal workers_Seeking/available for work_Females,11.0,DDW-1500B-03ST.xlsx,03ST
B0303ST,15,281,District - Mamit,Total,Technical degree or diploma equal to degree or post-graduate degree,Marginal workers_Seeking/available for work_Females,0.0,DDW-1500B-03ST.xlsx,03ST
B0303ST,15,281,District - Mamit,Rural,Total,Marginal workers_Seeking/available for work_Females,245.0,DDW-1500B-03ST.xlsx,03ST
B0303ST,15,281,District - Mamit,Rural,Illiterate,Marginal workers_Seeking/available for work_Females,22.0,DDW-1500B-03ST.xlsx,03ST
B0303ST,15,281,District - Mamit,Rural,Literate,Marginal workers_Seeking/available for work_Females,223.0,DDW-1500B-03ST.xlsx,03ST
B0303ST,15,281,District - Mamit,Rural,Literate but below matric/secondary,Marginal workers_Seeking/available for work_Females,172.0,DDW-1500B-03ST.xlsx,03ST
B0303ST,15,281,District - Mamit,Rural,Matric/secondary but below graduate,Marginal workers_Seeking/available for work_Females,41.0,DDW-1500B-03ST.xlsx,03ST
B0303ST,15,281,District - Mamit,Rural,Technical diploma or certificate not equal to degree,Marginal workers_Seeking/available for work_Females,0.0,DDW-1500B-03ST.xlsx,03ST
B0303ST,15,281,District - Mamit,Rural,Graduate and above other than technical degree,Marginal workers_Seeking/available for work_Females,8.0,DDW-1500B-03ST.xlsx,03ST
B0303ST,15,281,District - Mamit,Rural,Technical degree or diploma equal to degree or post-graduate degree,Marginal workers_Seeking/available for work_Females,0.0,DDW-1500B-03ST.xlsx,03ST
B0303ST,15,281,District - Mamit,Urban,Total,Marginal workers_Seeking/available for work_Females,73.0,DDW-1500B-03ST.xlsx,03ST
B0303ST,15,281,District - Mamit,Urban,Illiterate,Marginal workers_Seeking/available for work_Females,1.0,DDW-1500B-03ST.xlsx,03ST
B0303ST,15,281,District - Mamit,Urban,Literate,Marginal workers_Seeking/available for work_Females,72.0,DDW-1500B-03ST.xlsx,03ST
B0303ST,15,281,District - Mamit,Urban,Literate but below matric/secondary,Marginal workers_Seeking/available for work_Females,57.0,DDW-1500B-03ST.xlsx,03ST
B0303ST,15,281,District - Mamit,Urban,Matric/secondary but below graduate,Marginal workers_Seeking/available for work_Females,12.0,DDW-1500B-03ST.xlsx,03ST
B0303ST,15,281,District - Mamit,Urban,Technical diploma or certificate not equal to degree,Marginal workers_Seeking/available for work_Females,0.0,DDW-1500B-03ST.xlsx,03ST
B0303ST,15,281,District - Mamit,Urban,Graduate and above other than technical degree,Marginal workers_Seeking/available for work_Females,3.0,DDW-1500B-03ST.xlsx,03ST
B0303ST,15,281,District - Mamit,Urban,Technical degree or diploma equal to degree or post-graduate degree,Marginal workers_Seeking/available for work_Females,0.0,DDW-1500B-03ST.xlsx,03ST
B0303ST,15,282,District - Kolasib,Total,Total,Marginal workers_Seeking/available for work_Females,1007.0,DDW-1500B-03ST.xlsx,03ST
B0303ST,15,282,District - Kolasib,Total,Illiterate,Marginal workers_Seeking/available for work_Females,81.0,DDW-1500B-03ST.xlsx,03ST
B0303ST,15,282,District - Kolasib,Total,Literate,Marginal workers_Seeking/available for work_Females,926.0,DDW-1500B-03ST.xlsx,03ST
B0303ST,15,282,District - Kolasib,Total,Literate but below matric/secondary,Marginal workers_Seeking/available for work_Females,717.0,DDW-1500B-03ST.xlsx,03ST
B0303ST,15,282,District - Kolasib,Total,Matric/secondary but below graduate,Marginal workers_Seeking/available for work_Females,160.0,DDW-1500B-03ST.xlsx,03ST
B0303ST,15,282,District - Kolasib,Total,Technical diploma or certificate not equal to degree,Marginal workers_Seeking/available for work_Females,1.0,DDW-1500B-03ST.xlsx,03ST
B0303ST,15,282,District - Kolasib,Total,Graduate and above other than technical degree,Marginal workers_Seeking/available for work_Females,38.0,DDW-1500B-03ST.xlsx,03ST
B0303ST,15,282,District - Kolasib,Total,Technical degree or diploma equal to degree or post-graduate degree,Marginal workers_Seeking/available for work_Females,4.0,DDW-1500B-03ST.xlsx,03ST
B0303ST,15,282,District - Kolasib,Rural,Total,Marginal workers_Seeking/available for work_Females,253.0,DDW-1500B-03ST.xlsx,03ST
B0303ST,15,282,District - Kolasib,Rural,Illiterate,Marginal workers_Seeking/available for work_Females,23.0,DDW-1500B-03ST.xlsx,03ST
B0303ST,15,282,District - Kolasib,Rural,Literate,Marginal workers_Seeking/available for work_Females,230.0,DDW-1500B-03ST.xlsx,03ST
B0303ST,15,282,District - Kolasib,Rural,Literate but below matric/secondary,Marginal workers_Seeking/available for work_Females,166.0,DDW-1500B-03ST.xlsx,03ST
B0303ST,15,282,District - Kolasib,Rural,Matric/secondary but below graduate,Marginal workers_Seeking/available for work_Females,55.0,DDW-1500B-03ST.xlsx,03ST
B0303ST,15,282,District - Kolasib,Rural,Technical diploma or certificate not equal to degree,Marginal workers_Seeking/available for work_Females,0.0,DDW-1500B-03ST.xlsx,03ST
B0303ST,15,282,District - Kolasib,Rural,Graduate and above other than technical degree,Marginal workers_Seeking/available for work_Females,6.0,DDW-1500B-03ST.xlsx,03ST
B0303ST,15,282,District - Kolasib,Rural,Technical degree or diploma equal to degree or post-graduate degree,Marginal workers_Seeking/available for work_Females,0.0,DDW-1500B-03ST.xlsx,03ST
B0303ST,15,282,District - Kolasib,Urban,Total,Marginal workers_Seeking/available for work_Females,754.0,DDW-1500B-03ST.xlsx,03ST
B0303ST,15,282,District - Kolasib,Urban,Illiterate,Marginal workers_Seeking/available for work_Females,58.0,DDW-1500B-03ST.xlsx,03ST
B0303ST,15,282,District - Kolasib,Urban,Literate,Marginal workers_Seeking/available for work_Females,696.0,DDW-1500B-03ST.xlsx,03ST
B0303ST,15,282,District - Kolasib,Urban,Literate but below matric/secondary,Marginal workers_Seeking/available for work_Females,551.0,DDW-1500B-03ST.xlsx,03ST
B0303ST,15,282,District - Kolasib,Urban,Matric/secondary but below graduate,Marginal workers_Seeking/available for work_Females,105.0,DDW-1500B-03ST.xlsx,03ST
B0303ST,15,282,District - Kolasib,Urban,Technical diploma or certificate not equal to degree,Marginal workers_Seeking/available for work_Females,1.0,DDW-1500B-03ST.xlsx,03ST
B0303ST,15,282,District - Kolasib,Urban,Graduate and above other than technical degree,Marginal workers_Seeking/available for work_Females,32.0,DDW-1500B-03ST.xlsx,03ST
B0303ST,15,282,District - Kolasib,Urban,Technical degree or diploma equal to degree or post-graduate degree,Marginal workers_Seeking/available for work_Females,4.0,DDW-1500B-03ST.xlsx,03ST
B0303ST,15,283,District - Aizawl,Total,Total,Marginal workers_Seeking/available for work_Females,2884.0,DDW-1500B-03ST.xlsx,03ST
B0303ST,15,283,District - Aizawl,Total,Illiterate,Marginal workers_Seeking/available for work_Females,36.0,DDW-1500B-03ST.xlsx,03ST
B0303ST,15,283,District - Aizawl,Total,Literate,Marginal workers_Seeking/available for work_Females,2848.0,DDW-1500B-03ST.xlsx,03ST
B0303ST,15,283,District - Aizawl,Total,Literate but below matric/secondary,Marginal workers_Seeking/available for work_Females,1645.0,DDW-1500B-03ST.xlsx,03ST
B0303ST,15,283,District - Aizawl,Total,Matric/secondary but below graduate,Marginal workers_Seeking/available for work_Females,833.0,DDW-1500B-03ST.xlsx,03ST
B0303ST,15,283,District - Aizawl,Total,Technical diploma or certificate not equal to degree,Marginal workers_Seeking/available for work_Females,10.0,DDW-1500B-03ST.xlsx,03ST
B0303ST,15,283,District - Aizawl,Total,Graduate and above other than technical degree,Marginal workers_Seeking/available for work_Females,295.0,DDW-1500B-03ST.xlsx,03ST
B0303ST,15,283,District - Aizawl,Total,Technical degree or diploma equal to degree or post-graduate degree,Marginal workers_Seeking/available for work_Females,20.0,DDW-1500B-03ST.xlsx,03ST
B0303ST,15,283,District - Aizawl,Rural,Total,Marginal workers_Seeking/available for work_Females,514.0,DDW-1500B-03ST.xlsx,03ST
B0303ST,15,283,District - Aizawl,Rural,Illiterate,Marginal workers_Seeking/available for work_Females,10.0,DDW-1500B-03ST.xlsx,03ST
B0303ST,15,283,District - Aizawl,Rural,Literate,Marginal workers_Seeking/available for work_Females,504.0,DDW-1500B-03ST.xlsx,03ST
B0303ST,15,283,District - Aizawl,Rural,Literate but below matric/secondary,Marginal workers_Seeking/available for work_Females,336.0,DDW-1500B-03ST.xlsx,03ST
B0303ST,15,283,District - Aizawl,Rural,Matric/secondary but below graduate,Marginal workers_Seeking/available for work_Females,124.0,DDW-1500B-03ST.xlsx,03ST
B0303ST,15,283,District - Aizawl,Rural,Technical diploma or certificate not equal to degree,Marginal workers_Seeking/available for work_Females,1.0,DDW-1500B-03ST.xlsx,03ST
B0303ST,15,283,District - Aizawl,Rural,Graduate and above other than technical degree,Marginal workers_Seeking/available for work_Females,28.0,DDW-1500B-03ST.xlsx,03ST
B0303ST,15,283,District - Aizawl,Rural,Technical degree or diploma equal to degree or post-graduate degree,Marginal workers_Seeking/available for work_Females,0.0,DDW-1500B-03ST.xlsx,03ST
B0303ST,15,283,District - Aizawl,Urban,Total,Marginal workers_Seeking/available for work_Females,2370.0,DDW-1500B-03ST.xlsx,03ST
B0303ST,15,283,District - Aizawl,Urban,Illiterate,Marginal workers_Seeking/available for work_Females,26.0,DDW-1500B-03ST.xlsx,03ST
B0303ST,15,283,District - Aizawl,Urban,Literate,Marginal workers_Seeking/available for work_Females,2344.0,DDW-1500B-03ST.xlsx,03ST
B0303ST,15,283,District - Aizawl,Urban,Literate but below matric/secondary,Marginal workers_Seeking/available for work_Females,1309.0,DDW-1500B-03ST.xlsx,03ST
B0303ST,15,283,District - Aizawl,Urban,Matric/secondary but below graduate,Marginal workers_Seeking/available for work_Females,709.0,DDW-1500B-03ST.xlsx,03ST
B0303ST,15,283,District - Aizawl,Urban,Technical diploma or certificate not equal to degree,Marginal workers_Seeking/available for work_Females,9.0,DDW-1500B-03ST.xlsx,03ST
B0303ST,15,283,District - Aizawl,Urban,Graduate and above other than technical degree,Marginal workers_Seeking/available for work_Females,267.0,DDW-1500B-03ST.xlsx,03ST
B0303ST,15,283,District - Aizawl,Urban,Technical degree or diploma equal to degree or post-graduate degree,Marginal workers_Seeking/available for work_Females,20.0,DDW-1500B-03ST.xlsx,03ST
B0303ST,15,284,District - Champhai,Total,Total,Marginal workers_Seeking/available for work_Females,1294.0,DDW-1500B-03ST.xlsx,03ST
B0303ST,15,284,District - Champhai,Total,Illiterate,Marginal workers_Seeking/available for work_Females,20.0,DDW-1500B-03ST.xlsx,03ST
B0303ST,15,284,District - Champhai,Total,Literate,Marginal workers_Seeking/available for work_Females,1274.0,DDW-1500B-03ST.xlsx,03ST
B0303ST,15,284,District - Champhai,Total,Literate but below matric/secondary,Marginal workers_Seeking/available for work_Females,1001.0,DDW-1500B-03ST.xlsx,03ST
B0303ST,15,284,District - Champhai,Total,Matric/secondary but below graduate,Marginal workers_Seeking/available for work_Females,186.0,DDW-1500B-03ST.xlsx,03ST
B0303ST,15,284,District - Champhai,Total,Technical diploma or certificate not equal to degree,Marginal workers_Seeking/available for work_Females,1.0,DDW-1500B-03ST.xlsx,03ST
B0303ST,15,284,District - Champhai,Total,Graduate and above other than technical degree,Marginal workers_Seeking/available for work_Females,55.0,DDW-1500B-03ST.xlsx,03ST
B0303ST,15,284,District - Champhai,Total,Technical degree or diploma equal to degree or post-graduate degree,Marginal workers_Seeking/available for work_Females,2.0,DDW-1500B-03ST.xlsx,03ST
B0303ST,15,284,District - Champhai,Rural,Total,Marginal workers_Seeking/available for work_Females,446.0,DDW-1500B-03ST.xlsx,03ST
B0303ST,15,284,District - Champhai,Rural,Illiterate,Marginal workers_Seeking/available for work_Females,11.0,DDW-1500B-03ST.xlsx,03ST
B0303ST,15,284,District - Champhai,Rural,Literate,Marginal workers_Seeking/available for work_Females,435.0,DDW-1500B-03ST.xlsx,03ST
B0303ST,15,284,District - Champhai,Rural,Literate but below matric/secondary,Marginal workers_Seeking/available for work_Females,348.0,DDW-1500B-03ST.xlsx,03ST
B0303ST,15,284,District - Champhai,Rural,Matric/secondary but below graduate,Marginal workers_Seeking/available for work_Females,58.0,DDW-1500B-03ST.xlsx,03ST
B0303ST,15,284,District - Champhai,Rural,Technical diploma or certificate not equal to degree,Marginal workers_Seeking/available for work_Females,0.0,DDW-1500B-03ST.xlsx,03ST
B0303ST,15,284,District - Champhai,Rural,Graduate and above other than technical degree,Marginal workers_Seeking/available for work_Females,17.0,DDW-1500B-03ST.xlsx,03ST
B0303ST,15,284,District - Champhai,Rural,Technical degree or diploma equal to degree or post-graduate degree,Marginal workers_Seeking/available for work_Females,0.0,DDW-1500B-03ST.xlsx,03ST
B0303ST,15,284,District - Champhai,Urban,Total,Marginal workers_Seeking/available for work_Females,848.0,DDW-1500B-03ST.xlsx,03ST
B0303ST,15,284,District - Champhai,Urban,Illiterate,Marginal workers_Seeking/available for work_Females,9.0,DDW-1500B-03ST.xlsx,03ST
B0303ST,15,284,District - Champhai,Urban,Literate,Marginal workers_Seeking/available for work_Females,839.0,DDW-1500B-03ST.xlsx,03ST
B0303ST,15,284,District - Champhai,Urban,Literate but below matric/secondary,Marginal workers_Seeking/available for work_Females,653.0,DDW-1500B-03ST.xlsx,03ST
B0303ST,15,284,District - Champhai,Urban,Matric/secondary but below graduate,Marginal workers_Seeking/available for work_Females,128.0,DDW-1500B-03ST.xlsx,03ST
B0303ST,15,284,District - Champhai,Urban,Technical diploma or certificate not equal to degree,Marginal workers_Seeking/available for work_Females,1.0,DDW-1500B-03ST.xlsx,03ST
B0303ST,15,284,District - Champhai,Urban,Graduate and above other than technical degree,Marginal workers_Seeking/available for work_Females,38.0,DDW-1500B-03ST.xlsx,03ST
B0303ST,15,284,District - Champhai,Urban,Technical degree or diploma equal to degree or post-graduate degree,Marginal workers_Seeking/available for work_Females,2.0,DDW-1500B-03ST.xlsx,03ST
B0303ST,15,285,District - Serchhip,Total,Total,Marginal workers_Seeking/available for work_Females,622.0,DDW-1500B-03ST.xlsx,03ST
B0303ST,15,285,District - Serchhip,Total,Illiterate,Marginal workers_Seeking/available for work_Females,0.0,DDW-1500B-03ST.xlsx,03ST
B0303ST,15,285,District - Serchhip,Total,Literate,Marginal workers_Seeking/available for work_Females,622.0,DDW-1500B-03ST.xlsx,03ST
B0303ST,15,285,District - Serchhip,Total,Literate but below matric/secondary,Marginal workers_Seeking/available for work_Females,413.0,DDW-1500B-03ST.xlsx,03ST
B0303ST,15,285,District - Serchhip,Total,Matric/secondary but below graduate,Marginal workers_Seeking/available for work_Females,133.0,DDW-1500B-03ST.xlsx,03ST
B0303ST,15,285,District - Serchhip,Total,Technical diploma or certificate not equal to degree,Marginal workers_Seeking/available for work_Females,2.0,DDW-1500B-03ST.xlsx,03ST
B0303ST,15,285,District - Serchhip,Total,Graduate and above other than technical degree,Marginal workers_Seeking/available for work_Females,40.0,DDW-1500B-03ST.xlsx,03ST
B0303ST,15,285,District - Serchhip,Total,Technical degree or diploma equal to degree or post-graduate degree,Marginal workers_Seeking/available for work_Females,2.0,DDW-1500B-03ST.xlsx,03ST
B0303ST,15,285,District - Serchhip,Rural,Total,Marginal workers_Seeking/available for work_Females,270.0,DDW-1500B-03ST.xlsx,03ST
B0303ST,15,285,District - Serchhip,Rural,Illiterate,Marginal workers_Seeking/available for work_Females,0.0,DDW-1500B-03ST.xlsx,03ST
B0303ST,15,285,District - Serchhip,Rural,Literate,Marginal workers_Seeking/available for work_Females,270.0,DDW-1500B-03ST.xlsx,03ST
B0303ST,15,285,District - Serchhip,Rural,Literate but below matric/secondary,Marginal workers_Seeking/available for work_Females,176.0,DDW-1500B-03ST.xlsx,03ST
B0303ST,15,285,District - Serchhip,Rural,Matric/secondary but below graduate,Marginal workers_Seeking/available for work_Females,71.0,DDW-1500B-03ST.xlsx,03ST
B0303ST,15,285,District - Serchhip,Rural,Technical diploma or certificate not equal to degree,Marginal workers_Seeking/available for work_Females,1.0,DDW-1500B-03ST.xlsx,03ST
B0303ST,15,285,District - Serchhip,Rural,Graduate and above other than technical degree,Marginal workers_Seeking/available for work_Females,15.0,DDW-1500B-03ST.xlsx,03ST
B0303ST,15,285,District - Serchhip,Rural,Technical degree or diploma equal to degree or post-graduate degree,Marginal workers_Seeking/available for work_Females,1.0,DDW-1500B-03ST.xlsx,03ST
B0303ST,15,285,District - Serchhip,Urban,Total,Marginal workers_Seeking/available for work_Females,352.0,DDW-1500B-03ST.xlsx,03ST
B0303ST,15,285,District - Serchhip,Urban,Illiterate,Marginal workers_Seeking/available for work_Females,0.0,DDW-1500B-03ST.xlsx,03ST
B0303ST,15,285,District - Serchhip,Urban,Literate,Marginal workers_Seeking/available for work_Females,352.0,DDW-1500B-03ST.xlsx,03ST
B0303ST,15,285,District - Serchhip,Urban,Literate but below matric/secondary,Marginal workers_Seeking/available for work_Females,237.0,DDW-1500B-03ST.xlsx,03ST
B0303ST,15,285,District - Serchhip,Urban,Matric/secondary but below graduate,Marginal workers_Seeking/available for work_Females,62.0,DDW-1500B-03ST.xlsx,03ST
B0303ST,15,285,District - Serchhip,Urban,Technical diploma or certificate not equal to degree,Marginal workers_Seeking/available for work_Females,1.0,DDW-1500B-03ST.xlsx,03ST
B0303ST,15,285,District - Serchhip,Urban,Graduate and above other than technical degree,Marginal workers_Seeking/available for work_Females,25.0,DDW-1500B-03ST.xlsx,03ST
B0303ST,15,285,District - Serchhip,Urban,Technical degree or diploma equal to degree or post-graduate degree,Marginal workers_Seeking/available for work_Females,1.0,DDW-1500B-03ST.xlsx,03ST
B0303ST,15,286,District - Lunglei,Total,Total,Marginal workers_Seeking/available for work_Females,2916.0,DDW-1500B-03ST.xlsx,03ST
B0303ST,15,286,District - Lunglei,Total,Illiterate,Marginal workers_Seeking/available for work_Females,379.0,DDW-1500B-03ST.xlsx,03ST
B0303ST,15,286,District - Lunglei,Total,Literate,Marginal workers_Seeking/available for work_Females,2537.0,DDW-1500B-03ST.xlsx,03ST
B0303ST,15,286,District - Lunglei,Total,Literate but below matric/secondary,Marginal workers_Seeking/available for work_Females,1702.0,DDW-1500B-03ST.xlsx,03ST
B0303ST,15,286,District - Lunglei,Total,Matric/secondary but below graduate,Marginal workers_Seeking/available for work_Females,664.0,DDW-1500B-03ST.xlsx,03ST
B0303ST,15,286,District - Lunglei,Total,Technical diploma or certificate not equal to degree,Marginal workers_Seeking/available for work_Females,9.0,DDW-1500B-03ST.xlsx,03ST
B0303ST,15,286,District - Lunglei,Total,Graduate and above other than technical degree,Marginal workers_Seeking/available for work_Females,95.0,DDW-1500B-03ST.xlsx,03ST
B0303ST,15,286,District - Lunglei,Total,Technical degree or diploma equal to degree or post-graduate degree,Marginal workers_Seeking/available for work_Females,4.0,DDW-1500B-03ST.xlsx,03ST
B0303ST,15,286,District - Lunglei,Rural,Total,Marginal workers_Seeking/available for work_Females,1890.0,DDW-1500B-03ST.xlsx,03ST
B0303ST,15,286,District - Lunglei,Rural,Illiterate,Marginal workers_Seeking/available for work_Females,367.0,DDW-1500B-03ST.xlsx,03ST
B0303ST,15,286,District - Lunglei,Rural,Literate,Marginal workers_Seeking/available for work_Females,1523.0,DDW-1500B-03ST.xlsx,03ST
B0303ST,15,286,District - Lunglei,Rural,Literate but below matric/secondary,Marginal workers_Seeking/available for work_Females,1091.0,DDW-1500B-03ST.xlsx,03ST
B0303ST,15,286,District - Lunglei,Rural,Matric/secondary but below graduate,Marginal workers_Seeking/available for work_Females,341.0,DDW-1500B-03ST.xlsx,03ST
B0303ST,15,286,District - Lunglei,Rural,Technical diploma or certificate not equal to degree,Marginal workers_Seeking/available for work_Females,3.0,DDW-1500B-03ST.xlsx,03ST
B0303ST,15,286,District - Lunglei,Rural,Graduate and above other than technical degree,Marginal workers_Seeking/available for work_Females,42.0,DDW-1500B-03ST.xlsx,03ST
B0303ST,15,286,District - Lunglei,Rural,Technical degree or diploma equal to degree or post-graduate degree,Marginal workers_Seeking/available for work_Females,1.0,DDW-1500B-03ST.xlsx,03ST
B0303ST,15,286,District - Lunglei,Urban,Total,Marginal workers_Seeking/available for work_Females,1026.0,DDW-1500B-03ST.xlsx,03ST
B0303ST,15,286,District - Lunglei,Urban,Illiterate,Marginal workers_Seeking/available for work_Females,12.0,DDW-1500B-03ST.xlsx,03ST
B0303ST,15,286,District - Lunglei,Urban,Literate,Marginal workers_Seeking/available for work_Females,1014.0,DDW-1500B-03ST.xlsx,03ST
B0303ST,15,286,District - Lunglei,Urban,Literate but below matric/secondary,Marginal workers_Seeking/available for work_Females,611.0,DDW-1500B-03ST.xlsx,03ST
B0303ST,15,286,District - Lunglei,Urban,Matric/secondary but below graduate,Marginal workers_Seeking/available for work_Females,323.0,DDW-1500B-03ST.xlsx,03ST
B0303ST,15,286,District - Lunglei,Urban,Technical diploma or certificate not equal to degree,Marginal workers_Seeking/available for work_Females,6.0,DDW-1500B-03ST.xlsx,03ST
B0303ST,15,286,District - Lunglei,Urban,Graduate and above other than technical degree,Marginal workers_Seeking/available for work_Females,53.0,DDW-1500B-03ST.xlsx,03ST
B0303ST,15,286,District - Lunglei,Urban,Technical degree or diploma equal to degree or post-graduate degree,Marginal workers_Seeking/available for work_Females,3.0,DDW-1500B-03ST.xlsx,03ST
B0303ST,15,287,District - Lawngtlai,Total,Total,Marginal workers_Seeking/available for work_Females,1203.0,DDW-1500B-03ST.xlsx,03ST
B0303ST,15,287,District - Lawngtlai,Total,Illiterate,Marginal workers_Seeking/available for work_Females,822.0,DDW-1500B-03ST.xlsx,03ST
B0303ST,15,287,District - Lawngtlai,Total,Literate,Marginal workers_Seeking/available for work_Females,381.0,DDW-1500B-03ST.xlsx,03ST
B0303ST,15,287,District - Lawngtlai,Total,Literate but below matric/secondary,Marginal workers_Seeking/available for work_Females,200.0,DDW-1500B-03ST.xlsx,03ST
B0303ST,15,287,District - Lawngtlai,Total,Matric/secondary but below graduate,Marginal workers_Seeking/available for work_Females,108.0,DDW-1500B-03ST.xlsx,03ST
B0303ST,15,287,District - Lawngtlai,Total,Technical diploma or certificate not equal to degree,Marginal workers_Seeking/available for work_Females,0.0,DDW-1500B-03ST.xlsx,03ST
B0303ST,15,287,District - Lawngtlai,Total,Graduate and above other than technical degree,Marginal workers_Seeking/available for work_Females,14.0,DDW-1500B-03ST.xlsx,03ST
B0303ST,15,287,District - Lawngtlai,Total,Technical degree or diploma equal to degree or post-graduate degree,Marginal workers_Seeking/available for work_Females,0.0,DDW-1500B-03ST.xlsx,03ST
B0303ST,15,287,District - Lawngtlai,Rural,Total,Marginal workers_Seeking/available for work_Females,1104.0,DDW-1500B-03ST.xlsx,03ST
B0303ST,15,287,District - Lawngtlai,Rural,Illiterate,Marginal workers_Seeking/available for work_Females,818.0,DDW-1500B-03ST.xlsx,03ST
B0303ST,15,287,District - Lawngtlai,Rural,Literate,Marginal workers_Seeking/available for work_Females,286.0,DDW-1500B-03ST.xlsx,03ST
B0303ST,15,287,District - Lawngtlai,Rural,Literate but below matric/secondary,Marginal workers_Seeking/available for work_Females,152.0,DDW-1500B-03ST.xlsx,03ST
B0303ST,15,287,District - Lawngtlai,Rural,Matric/secondary but below graduate,Marginal workers_Seeking/available for work_Females,69.0,DDW-1500B-03ST.xlsx,03ST
B0303ST,15,287,District - Lawngtlai,Rural,Technical diploma or certificate not equal to degree,Marginal workers_Seeking/available for work_Females,0.0,DDW-1500B-03ST.xlsx,03ST
B0303ST,15,287,District - Lawngtlai,Rural,Graduate and above other than technical degree,Marginal workers_Seeking/available for work_Females,9.0,DDW-1500B-03ST.xlsx,03ST
B0303ST,15,287,District - Lawngtlai,Rural,Technical degree or diploma equal to degree or post-graduate degree,Marginal workers_Seeking/available for work_Females,0.0,DDW-1500B-03ST.xlsx,03ST
B0303ST,15,287,District - Lawngtlai,Urban,Total,Marginal workers_Seeking/available for work_Females,99.0,DDW-1500B-03ST.xlsx,03ST
B0303ST,15,287,District - Lawngtlai,Urban,Illiterate,Marginal workers_Seeking/available for work_Females,4.0,DDW-1500B-03ST.xlsx,03ST
B0303ST,15,287,District - Lawngtlai,Urban,Literate,Marginal workers_Seeking/available for work_Females,95.0,DDW-1500B-03ST.xlsx,03ST
B0303ST,15,287,District - Lawngtlai,Urban,Literate but below matric/secondary,Marginal workers_Seeking/available for work_Females,48.0,DDW-1500B-03ST.xlsx,03ST
B0303ST,15,287,District - Lawngtlai,Urban,Matric/secondary but below graduate,Marginal workers_Seeking/available for work_Females,39.0,DDW-1500B-03ST.xlsx,03ST
B0303ST,15,287,District - Lawngtlai,Urban,Technical diploma or certificate not equal to degree,Marginal workers_Seeking/available for work_Females,0.0,DDW-1500B-03ST.xlsx,03ST
B0303ST,15,287,District - Lawngtlai,Urban,Graduate and above other than technical degree,Marginal workers_Seeking/available for work_Females,5.0,DDW-1500B-03ST.xlsx,03ST
B0303ST,15,287,District - Lawngtlai,Urban,Technical degree or diploma equal to degree or post-graduate degree,Marginal workers_Seeking/available for work_Females,0.0,DDW-1500B-03ST.xlsx,03ST
B0303ST,15,288,District - Saiha,Total,Total,Marginal workers_Seeking/available for work_Females,424.0,DDW-1500B-03ST.xlsx,03ST
B0303ST,15,288,District - Saiha,Total,Illiterate,Marginal workers_Seeking/available for work_Females,23.0,DDW-1500B-03ST.xlsx,03ST
B0303ST,15,288,District - Saiha,Total,Literate,Marginal workers_Seeking/available for work_Females,401.0,DDW-1500B-03ST.xlsx,03ST
B0303ST,15,288,District - Saiha,Total,Literate but below matric/secondary,Marginal workers_Seeking/available for work_Females,239.0,DDW-1500B-03ST.xlsx,03ST
B0303ST,15,288,District - Saiha,Total,Matric/secondary but below graduate,Marginal workers_Seeking/available for work_Females,131.0,DDW-1500B-03ST.xlsx,03ST
B0303ST,15,288,District - Saiha,Total,Technical diploma or certificate not equal to degree,Marginal workers_Seeking/available for work_Females,0.0,DDW-1500B-03ST.xlsx,03ST
B0303ST,15,288,District - Saiha,Total,Graduate and above other than technical degree,Marginal workers_Seeking/available for work_Females,25.0,DDW-1500B-03ST.xlsx,03ST
B0303ST,15,288,District - Saiha,Total,Technical degree or diploma equal to degree or post-graduate degree,Marginal workers_Seeking/available for work_Females,1.0,DDW-1500B-03ST.xlsx,03ST
B0303ST,15,288,District - Saiha,Rural,Total,Marginal workers_Seeking/available for work_Females,129.0,DDW-1500B-03ST.xlsx,03ST
B0303ST,15,288,District - Saiha,Rural,Illiterate,Marginal workers_Seeking/available for work_Females,13.0,DDW-1500B-03ST.xlsx,03ST
B0303ST,15,288,District - Saiha,Rural,Literate,Marginal workers_Seeking/available for work_Females,116.0,DDW-1500B-03ST.xlsx,03ST
B0303ST,15,288,District - Saiha,Rural,Literate but below matric/secondary,Marginal workers_Seeking/available for work_Females,74.0,DDW-1500B-03ST.xlsx,03ST
B0303ST,15,288,District - Saiha,Rural,Matric/secondary but below graduate,Marginal workers_Seeking/available for work_Females,34.0,DDW-1500B-03ST.xlsx,03ST
B0303ST,15,288,District - Saiha,Rural,Technical diploma or certificate not equal to degree,Marginal workers_Seeking/available for work_Females,0.0,DDW-1500B-03ST.xlsx,03ST
B0303ST,15,288,District - Saiha,Rural,Graduate and above other than technical degree,Marginal workers_Seeking/available for work_Females,5.0,DDW-1500B-03ST.xlsx,03ST
B0303ST,15,288,District - Saiha,Rural,Technical degree or diploma equal to degree or post-graduate degree,Marginal workers_Seeking/available for work_Females,0.0,DDW-1500B-03ST.xlsx,03ST
B0303ST,15,288,District - Saiha,Urban,Total,Marginal workers_Seeking/available for work_Females,295.0,DDW-1500B-03ST.xlsx,03ST
B0303ST,15,288,District - Saiha,Urban,Illiterate,Marginal workers_Seeking/available for work_Females,10.0,DDW-1500B-03ST.xlsx,03ST
B0303ST,15,288,District - Saiha,Urban,Literate,Marginal workers_Seeking/available for work_Females,285.0,DDW-1500B-03ST.xlsx,03ST
B0303ST,15,288,District - Saiha,Urban,Literate but below matric/secondary,Marginal workers_Seeking/available for work_Females,165.0,DDW-1500B-03ST.xlsx,03ST
B0303ST,15,288,District - Saiha,Urban,Matric/secondary but below graduate,Marginal workers_Seeking/available for work_Females,97.0,DDW-1500B-03ST.xlsx,03ST
B0303ST,15,288,District - Saiha,Urban,Technical diploma or certificate not equal to degree,Marginal workers_Seeking/available for work_Females,0.0,DDW-1500B-03ST.xlsx,03ST
B0303ST,15,288,District - Saiha,Urban,Graduate and above other than technical degree,Marginal workers_Seeking/available for work_Females,20.0,DDW-1500B-03ST.xlsx,03ST
B0303ST,15,288,District - Saiha,Urban,Technical degree or diploma equal to degree or post-graduate degree,Marginal workers_Seeking/available for work_Females,1.0,DDW-1500B-03ST.xlsx,03ST
B0303ST,15,000,State - MIZORAM,Total,Total,Non-workers_Total_Persons,582636.0,DDW-1500B-03ST.xlsx,03ST
B0303ST,15,000,State - MIZORAM,Total,Illiterate,Non-workers_Total_Persons,193051.0,DDW-1500B-03ST.xlsx,03ST
B0303ST,15,000,State - MIZORAM,Total,Literate,Non-workers_Total_Persons,389585.0,DDW-1500B-03ST.xlsx,03ST
B0303ST,15,000,State - MIZORAM,Total,Literate but below matric/secondary,Non-workers_Total_Persons,298439.0,DDW-1500B-03ST.xlsx,03ST
B0303ST,15,000,State - MIZORAM,Total,Matric/secondary but below graduate,Non-workers_Total_Persons,74157.0,DDW-1500B-03ST.xlsx,03ST
B0303ST,15,000,State - MIZORAM,Total,Technical diploma or certificate not equal to degree,Non-workers_Total_Persons,463.0,DDW-1500B-03ST.xlsx,03ST
B0303ST,15,000,State - MIZORAM,Total,Graduate and above other than technical degree,Non-workers_Total_Persons,10102.0,DDW-1500B-03ST.xlsx,03ST
B0303ST,15,000,State - MIZORAM,Total,Technical degree or diploma equal to degree or post-graduate degree,Non-workers_Total_Persons,1387.0,DDW-1500B-03ST.xlsx,03ST
B0303ST,15,000,State - MIZORAM,Rural,Total,Non-workers_Total_Persons,264845.0,DDW-1500B-03ST.xlsx,03ST
B0303ST,15,000,State - MIZORAM,Rural,Illiterate,Non-workers_Total_Persons,116260.0,DDW-1500B-03ST.xlsx,03ST
B0303ST,15,000,State - MIZORAM,Rural,Literate,Non-workers_Total_Persons,148585.0,DDW-1500B-03ST.xlsx,03ST
B0303ST,15,000,State - MIZORAM,Rural,Literate but below matric/secondary,Non-workers_Total_Persons,129368.0,DDW-1500B-03ST.xlsx,03ST
B0303ST,15,000,State - MIZORAM,Rural,Matric/secondary but below graduate,Non-workers_Total_Persons,15310.0,DDW-1500B-03ST.xlsx,03ST
B0303ST,15,000,State - MIZORAM,Rural,Technical diploma or certificate not equal to degree,Non-workers_Total_Persons,53.0,DDW-1500B-03ST.xlsx,03ST
B0303ST,15,000,State - MIZORAM,Rural,Graduate and above other than technical degree,Non-workers_Total_Persons,1411.0,DDW-1500B-03ST.xlsx,03ST
B0303ST,15,000,State - MIZORAM,Rural,Technical degree or diploma equal to degree or post-graduate degree,Non-workers_Total_Persons,160.0,DDW-1500B-03ST.xlsx,03ST
B0303ST,15,000,State - MIZORAM,Urban,Total,Non-workers_Total_Persons,317791.0,DDW-1500B-03ST.xlsx,03ST
B0303ST,15,000,State - MIZORAM,Urban,Illiterate,Non-workers_Total_Persons,76791.0,DDW-1500B-03ST.xlsx,03ST
B0303ST,15,000,State - MIZORAM,Urban,Literate,Non-workers_Total_Persons,241000.0,DDW-1500B-03ST.xlsx,03ST
B0303ST,15,000,State - MIZORAM,Urban,Literate but below matric/secondary,Non-workers_Total_Persons,169071.0,DDW-1500B-03ST.xlsx,03ST
B0303ST,15,000,State - MIZORAM,Urban,Matric/secondary but below graduate,Non-workers_Total_Persons,58847.0,DDW-1500B-03ST.xlsx,03ST
B0303ST,15,000,State - MIZORAM,Urban,Technical diploma or certificate not equal to degree,Non-workers_Total_Persons,410.0,DDW-1500B-03ST.xlsx,03ST
B0303ST,15,000,State - MIZORAM,Urban,Graduate and above other than technical degree,Non-workers_Total_Persons,8691.0,DDW-1500B-03ST.xlsx,03ST
B0303ST,15,000,State - MIZORAM,Urban,Technical degree or diploma equal to degree or post-graduate degree,Non-workers_Total_Persons,1227.0,DDW-1500B-03ST.xlsx,03ST
B0303ST,15,281,District - Mamit,Total,Total,Non-workers_Total_Persons,45101.0,DDW-1500B-03ST.xlsx,03ST
B0303ST,15,281,District - Mamit,Total,Illiterate,Non-workers_Total_Persons,18060.0,DDW-1500B-03ST.xlsx,03ST
B0303ST,15,281,District - Mamit,Total,Literate,Non-workers_Total_Persons,27041.0,DDW-1500B-03ST.xlsx,03ST
B0303ST,15,281,District - Mamit,Total,Literate but below matric/secondary,Non-workers_Total_Persons,23345.0,DDW-1500B-03ST.xlsx,03ST
B0303ST,15,281,District - Mamit,Total,Matric/secondary but below graduate,Non-workers_Total_Persons,3007.0,DDW-1500B-03ST.xlsx,03ST
B0303ST,15,281,District - Mamit,Total,Technical diploma or certificate not equal to degree,Non-workers_Total_Persons,7.0,DDW-1500B-03ST.xlsx,03ST
B0303ST,15,281,District - Mamit,Total,Graduate and above other than technical degree,Non-workers_Total_Persons,273.0,DDW-1500B-03ST.xlsx,03ST
B0303ST,15,281,District - Mamit,Total,Technical degree or diploma equal to degree or post-graduate degree,Non-workers_Total_Persons,31.0,DDW-1500B-03ST.xlsx,03ST
B0303ST,15,281,District - Mamit,Rural,Total,Non-workers_Total_Persons,36809.0,DDW-1500B-03ST.xlsx,03ST
B0303ST,15,281,District - Mamit,Rural,Illiterate,Non-workers_Total_Persons,15734.0,DDW-1500B-03ST.xlsx,03ST
B0303ST,15,281,District - Mamit,Rural,Literate,Non-workers_Total_Persons,21075.0,DDW-1500B-03ST.xlsx,03ST
B0303ST,15,281,District - Mamit,Rural,Literate but below matric/secondary,Non-workers_Total_Persons,18545.0,DDW-1500B-03ST.xlsx,03ST
B0303ST,15,281,District - Mamit,Rural,Matric/secondary but below graduate,Non-workers_Total_Persons,2047.0,DDW-1500B-03ST.xlsx,03ST
B0303ST,15,281,District - Mamit,Rural,Technical diploma or certificate not equal to degree,Non-workers_Total_Persons,6.0,DDW-1500B-03ST.xlsx,03ST
B0303ST,15,281,District - Mamit,Rural,Graduate and above other than technical degree,Non-workers_Total_Persons,165.0,DDW-1500B-03ST.xlsx,03ST
B0303ST,15,281,District - Mamit,Rural,Technical degree or diploma equal to degree or post-graduate degree,Non-workers_Total_Persons,20.0,DDW-1500B-03ST.xlsx,03ST
B0303ST,15,281,District - Mamit,Urban,Total,Non-workers_Total_Persons,8292.0,DDW-1500B-03ST.xlsx,03ST
B0303ST,15,281,District - Mamit,Urban,Illiterate,Non-workers_Total_Persons,2326.0,DDW-1500B-03ST.xlsx,03ST
B0303ST,15,281,District - Mamit,Urban,Literate,Non-workers_Total_Persons,5966.0,DDW-1500B-03ST.xlsx,03ST
B0303ST,15,281,District - Mamit,Urban,Literate but below matric/secondary,Non-workers_Total_Persons,4800.0,DDW-1500B-03ST.xlsx,03ST
B0303ST,15,281,District - Mamit,Urban,Matric/secondary but below graduate,Non-workers_Total_Persons,960.0,DDW-1500B-03ST.xlsx,03ST
B0303ST,15,281,District - Mamit,Urban,Technical diploma or certificate not equal to degree,Non-workers_Total_Persons,1.0,DDW-1500B-03ST.xlsx,03ST
B0303ST,15,281,District - Mamit,Urban,Graduate and above other than technical degree,Non-workers_Total_Persons,108.0,DDW-1500B-03ST.xlsx,03ST
B0303ST,15,281,District - Mamit,Urban,Technical degree or diploma equal to degree or post-graduate degree,Non-workers_Total_Persons,11.0,DDW-1500B-03ST.xlsx,03ST
B0303ST,15,282,District - Kolasib,Total,Total,Non-workers_Total_Persons,41942.0,DDW-1500B-03ST.xlsx,03ST
B0303ST,15,282,District - Kolasib,Total,Illiterate,Non-workers_Total_Persons,12713.0,DDW-1500B-03ST.xlsx,03ST
B0303ST,15,282,District - Kolasib,Total,Literate,Non-workers_Total_Persons,29229.0,DDW-1500B-03ST.xlsx,03ST
B0303ST,15,282,District - Kolasib,Total,Literate but below matric/secondary,Non-workers_Total_Persons,23956.0,DDW-1500B-03ST.xlsx,03ST
B0303ST,15,282,District - Kolasib,Total,Matric/secondary but below graduate,Non-workers_Total_Persons,4280.0,DDW-1500B-03ST.xlsx,03ST
B0303ST,15,282,District - Kolasib,Total,Technical diploma or certificate not equal to degree,Non-workers_Total_Persons,13.0,DDW-1500B-03ST.xlsx,03ST
B0303ST,15,282,District - Kolasib,Total,Graduate and above other than technical degree,Non-workers_Total_Persons,453.0,DDW-1500B-03ST.xlsx,03ST
B0303ST,15,282,District - Kolasib,Total,Technical degree or diploma equal to degree or post-graduate degree,Non-workers_Total_Persons,52.0,DDW-1500B-03ST.xlsx,03ST
B0303ST,15,282,District - Kolasib,Rural,Total,Non-workers_Total_Persons,16895.0,DDW-1500B-03ST.xlsx,03ST
B0303ST,15,282,District - Kolasib,Rural,Illiterate,Non-workers_Total_Persons,6212.0,DDW-1500B-03ST.xlsx,03ST
B0303ST,15,282,District - Kolasib,Rural,Literate,Non-workers_Total_Persons,10683.0,DDW-1500B-03ST.xlsx,03ST
B0303ST,15,282,District - Kolasib,Rural,Literate but below matric/secondary,Non-workers_Total_Persons,9363.0,DDW-1500B-03ST.xlsx,03ST
B0303ST,15,282,District - Kolasib,Rural,Matric/secondary but below graduate,Non-workers_Total_Persons,1002.0,DDW-1500B-03ST.xlsx,03ST
B0303ST,15,282,District - Kolasib,Rural,Technical diploma or certificate not equal to degree,Non-workers_Total_Persons,5.0,DDW-1500B-03ST.xlsx,03ST
B0303ST,15,282,District - Kolasib,Rural,Graduate and above other than technical degree,Non-workers_Total_Persons,69.0,DDW-1500B-03ST.xlsx,03ST
B0303ST,15,282,District - Kolasib,Rural,Technical degree or diploma equal to degree or post-graduate degree,Non-workers_Total_Persons,6.0,DDW-1500B-03ST.xlsx,03ST
B0303ST,15,282,District - Kolasib,Urban,Total,Non-workers_Total_Persons,25047.0,DDW-1500B-03ST.xlsx,03ST
B0303ST,15,282,District - Kolasib,Urban,Illiterate,Non-workers_Total_Persons,6501.0,DDW-1500B-03ST.xlsx,03ST
B0303ST,15,282,District - Kolasib,Urban,Literate,Non-workers_Total_Persons,18546.0,DDW-1500B-03ST.xlsx,03ST
B0303ST,15,282,District - Kolasib,Urban,Literate but below matric/secondary,Non-workers_Total_Persons,14593.0,DDW-1500B-03ST.xlsx,03ST
B0303ST,15,282,District - Kolasib,Urban,Matric/secondary but below graduate,Non-workers_Total_Persons,3278.0,DDW-1500B-03ST.xlsx,03ST
B0303ST,15,282,District - Kolasib,Urban,Technical diploma or certificate not equal to degree,Non-workers_Total_Persons,8.0,DDW-1500B-03ST.xlsx,03ST
B0303ST,15,282,District - Kolasib,Urban,Graduate and above other than technical degree,Non-workers_Total_Persons,384.0,DDW-1500B-03ST.xlsx,03ST
B0303ST,15,282,District - Kolasib,Urban,Technical degree or diploma equal to degree or post-graduate degree,Non-workers_Total_Persons,46.0,DDW-1500B-03ST.xlsx,03ST
B0303ST,15,283,District - Aizawl,Total,Total,Non-workers_Total_Persons,213061.0,DDW-1500B-03ST.xlsx,03ST
B0303ST,15,283,District - Aizawl,Total,Illiterate,Non-workers_Total_Persons,53441.0,DDW-1500B-03ST.xlsx,03ST
B0303ST,15,283,District - Aizawl,Total,Literate,Non-workers_Total_Persons,159620.0,DDW-1500B-03ST.xlsx,03ST
B0303ST,15,283,District - Aizawl,Total,Literate but below matric/secondary,Non-workers_Total_Persons,111941.0,DDW-1500B-03ST.xlsx,03ST
B0303ST,15,283,District - Aizawl,Total,Matric/secondary but below graduate,Non-workers_Total_Persons,38684.0,DDW-1500B-03ST.xlsx,03ST
B0303ST,15,283,District - Aizawl,Total,Technical diploma or certificate not equal to degree,Non-workers_Total_Persons,244.0,DDW-1500B-03ST.xlsx,03ST
B0303ST,15,283,District - Aizawl,Total,Graduate and above other than technical degree,Non-workers_Total_Persons,6011.0,DDW-1500B-03ST.xlsx,03ST
B0303ST,15,283,District - Aizawl,Total,Technical degree or diploma equal to degree or post-graduate degree,Non-workers_Total_Persons,921.0,DDW-1500B-03ST.xlsx,03ST
B0303ST,15,283,District - Aizawl,Rural,Total,Non-workers_Total_Persons,40345.0,DDW-1500B-03ST.xlsx,03ST
B0303ST,15,283,District - Aizawl,Rural,Illiterate,Non-workers_Total_Persons,14266.0,DDW-1500B-03ST.xlsx,03ST
B0303ST,15,283,District - Aizawl,Rural,Literate,Non-workers_Total_Persons,26079.0,DDW-1500B-03ST.xlsx,03ST
B0303ST,15,283,District - Aizawl,Rural,Literate but below matric/secondary,Non-workers_Total_Persons,22512.0,DDW-1500B-03ST.xlsx,03ST
B0303ST,15,283,District - Aizawl,Rural,Matric/secondary but below graduate,Non-workers_Total_Persons,2905.0,DDW-1500B-03ST.xlsx,03ST
B0303ST,15,283,District - Aizawl,Rural,Technical diploma or certificate not equal to degree,Non-workers_Total_Persons,7.0,DDW-1500B-03ST.xlsx,03ST
B0303ST,15,283,District - Aizawl,Rural,Graduate and above other than technical degree,Non-workers_Total_Persons,267.0,DDW-1500B-03ST.xlsx,03ST
B0303ST,15,283,District - Aizawl,Rural,Technical degree or diploma equal to degree or post-graduate degree,Non-workers_Total_Persons,32.0,DDW-1500B-03ST.xlsx,03ST
B0303ST,15,283,District - Aizawl,Urban,Total,Non-workers_Total_Persons,172716.0,DDW-1500B-03ST.xlsx,03ST
B0303ST,15,283,District - Aizawl,Urban,Illiterate,Non-workers_Total_Persons,39175.0,DDW-1500B-03ST.xlsx,03ST
B0303ST,15,283,District - Aizawl,Urban,Literate,Non-workers_Total_Persons,133541.0,DDW-1500B-03ST.xlsx,03ST
B0303ST,15,283,District - Aizawl,Urban,Literate but below matric/secondary,Non-workers_Total_Persons,89429.0,DDW-1500B-03ST.xlsx,03ST
B0303ST,15,283,District - Aizawl,Urban,Matric/secondary but below graduate,Non-workers_Total_Persons,35779.0,DDW-1500B-03ST.xlsx,03ST
B0303ST,15,283,District - Aizawl,Urban,Technical diploma or certificate not equal to degree,Non-workers_Total_Persons,237.0,DDW-1500B-03ST.xlsx,03ST
B0303ST,15,283,District - Aizawl,Urban,Graduate and above other than technical degree,Non-workers_Total_Persons,5744.0,DDW-1500B-03ST.xlsx,03ST
B0303ST,15,283,District - Aizawl,Urban,Technical degree or diploma equal to degree or post-graduate degree,Non-workers_Total_Persons,889.0,DDW-1500B-03ST.xlsx,03ST
B0303ST,15,284,District - Champhai,Total,Total,Non-workers_Total_Persons,64411.0,DDW-1500B-03ST.xlsx,03ST
B0303ST,15,284,District - Champhai,Total,Illiterate,Non-workers_Total_Persons,22604.0,DDW-1500B-03ST.xlsx,03ST
B0303ST,15,284,District - Champhai,Total,Literate,Non-workers_Total_Persons,41807.0,DDW-1500B-03ST.xlsx,03ST
B0303ST,15,284,District - Champhai,Total,Literate but below matric/secondary,Non-workers_Total_Persons,34750.0,DDW-1500B-03ST.xlsx,03ST
B0303ST,15,284,District - Champhai,Total,Matric/secondary but below graduate,Non-workers_Total_Persons,5689.0,DDW-1500B-03ST.xlsx,03ST
B0303ST,15,284,District - Champhai,Total,Technical diploma or certificate not equal to degree,Non-workers_Total_Persons,25.0,DDW-1500B-03ST.xlsx,03ST
B0303ST,15,284,District - Champhai,Total,Graduate and above other than technical degree,Non-workers_Total_Persons,686.0,DDW-1500B-03ST.xlsx,03ST
B0303ST,15,284,District - Champhai,Total,Technical degree or diploma equal to degree or post-graduate degree,Non-workers_Total_Persons,77.0,DDW-1500B-03ST.xlsx,03ST
B0303ST,15,284,District - Champhai,Rural,Total,Non-workers_Total_Persons,37508.0,DDW-1500B-03ST.xlsx,03ST
B0303ST,15,284,District - Champhai,Rural,Illiterate,Non-workers_Total_Persons,14420.0,DDW-1500B-03ST.xlsx,03ST
B0303ST,15,284,District - Champhai,Rural,Literate,Non-workers_Total_Persons,23088.0,DDW-1500B-03ST.xlsx,03ST
B0303ST,15,284,District - Champhai,Rural,Literate but below matric/secondary,Non-workers_Total_Persons,20190.0,DDW-1500B-03ST.xlsx,03ST
B0303ST,15,284,District - Champhai,Rural,Matric/secondary but below graduate,Non-workers_Total_Persons,2271.0,DDW-1500B-03ST.xlsx,03ST
B0303ST,15,284,District - Champhai,Rural,Technical diploma or certificate not equal to degree,Non-workers_Total_Persons,9.0,DDW-1500B-03ST.xlsx,03ST
B0303ST,15,284,District - Champhai,Rural,Graduate and above other than technical degree,Non-workers_Total_Persons,254.0,DDW-1500B-03ST.xlsx,03ST
B0303ST,15,284,District - Champhai,Rural,Technical degree or diploma equal to degree or post-graduate degree,Non-workers_Total_Persons,32.0,DDW-1500B-03ST.xlsx,03ST
B0303ST,15,284,District - Champhai,Urban,Total,Non-workers_Total_Persons,26903.0,DDW-1500B-03ST.xlsx,03ST
B0303ST,15,284,District - Champhai,Urban,Illiterate,Non-workers_Total_Persons,8184.0,DDW-1500B-03ST.xlsx,03ST
B0303ST,15,284,District - Champhai,Urban,Literate,Non-workers_Total_Persons,18719.0,DDW-1500B-03ST.xlsx,03ST
B0303ST,15,284,District - Champhai,Urban,Literate but below matric/secondary,Non-workers_Total_Persons,14560.0,DDW-1500B-03ST.xlsx,03ST
B0303ST,15,284,District - Champhai,Urban,Matric/secondary but below graduate,Non-workers_Total_Persons,3418.0,DDW-1500B-03ST.xlsx,03ST
B0303ST,15,284,District - Champhai,Urban,Technical diploma or certificate not equal to degree,Non-workers_Total_Persons,16.0,DDW-1500B-03ST.xlsx,03ST
B0303ST,15,284,District - Champhai,Urban,Graduate and above other than technical degree,Non-workers_Total_Persons,432.0,DDW-1500B-03ST.xlsx,03ST
B0303ST,15,284,District - Champhai,Urban,Technical degree or diploma equal to degree or post-graduate degree,Non-workers_Total_Persons,45.0,DDW-1500B-03ST.xlsx,03ST
B0303ST,15,285,District - Serchhip,Total,Total,Non-workers_Total_Persons,31815.0,DDW-1500B-03ST.xlsx,03ST
B0303ST,15,285,District - Serchhip,Total,Illiterate,Non-workers_Total_Persons,9765.0,DDW-1500B-03ST.xlsx,03ST
B0303ST,15,285,District - Serchhip,Total,Literate,Non-workers_Total_Persons,22050.0,DDW-1500B-03ST.xlsx,03ST
B0303ST,15,285,District - Serchhip,Total,Literate but below matric/secondary,Non-workers_Total_Persons,17408.0,DDW-1500B-03ST.xlsx,03ST
B0303ST,15,285,District - Serchhip,Total,Matric/secondary but below graduate,Non-workers_Total_Persons,3864.0,DDW-1500B-03ST.xlsx,03ST
B0303ST,15,285,District - Serchhip,Total,Technical diploma or certificate not equal to degree,Non-workers_Total_Persons,13.0,DDW-1500B-03ST.xlsx,03ST
B0303ST,15,285,District - Serchhip,Total,Graduate and above other than technical degree,Non-workers_Total_Persons,454.0,DDW-1500B-03ST.xlsx,03ST
B0303ST,15,285,District - Serchhip,Total,Technical degree or diploma equal to degree or post-graduate degree,Non-workers_Total_Persons,69.0,DDW-1500B-03ST.xlsx,03ST
B0303ST,15,285,District - Serchhip,Rural,Total,Non-workers_Total_Persons,15080.0,DDW-1500B-03ST.xlsx,03ST
B0303ST,15,285,District - Serchhip,Rural,Illiterate,Non-workers_Total_Persons,5445.0,DDW-1500B-03ST.xlsx,03ST
B0303ST,15,285,District - Serchhip,Rural,Literate,Non-workers_Total_Persons,9635.0,DDW-1500B-03ST.xlsx,03ST
B0303ST,15,285,District - Serchhip,Rural,Literate but below matric/secondary,Non-workers_Total_Persons,8091.0,DDW-1500B-03ST.xlsx,03ST
B0303ST,15,285,District - Serchhip,Rural,Matric/secondary but below graduate,Non-workers_Total_Persons,1316.0,DDW-1500B-03ST.xlsx,03ST
B0303ST,15,285,District - Serchhip,Rural,Technical diploma or certificate not equal to degree,Non-workers_Total_Persons,7.0,DDW-1500B-03ST.xlsx,03ST
B0303ST,15,285,District - Serchhip,Rural,Graduate and above other than technical degree,Non-workers_Total_Persons,128.0,DDW-1500B-03ST.xlsx,03ST
B0303ST,15,285,District - Serchhip,Rural,Technical degree or diploma equal to degree or post-graduate degree,Non-workers_Total_Persons,10.0,DDW-1500B-03ST.xlsx,03ST
B0303ST,15,285,District - Serchhip,Urban,Total,Non-workers_Total_Persons,16735.0,DDW-1500B-03ST.xlsx,03ST
B0303ST,15,285,District - Serchhip,Urban,Illiterate,Non-workers_Total_Persons,4320.0,DDW-1500B-03ST.xlsx,03ST
B0303ST,15,285,District - Serchhip,Urban,Literate,Non-workers_Total_Persons,12415.0,DDW-1500B-03ST.xlsx,03ST
B0303ST,15,285,District - Serchhip,Urban,Literate but below matric/secondary,Non-workers_Total_Persons,9317.0,DDW-1500B-03ST.xlsx,03ST
B0303ST,15,285,District - Serchhip,Urban,Matric/secondary but below graduate,Non-workers_Total_Persons,2548.0,DDW-1500B-03ST.xlsx,03ST
B0303ST,15,285,District - Serchhip,Urban,Technical diploma or certificate not equal to degree,Non-workers_Total_Persons,6.0,DDW-1500B-03ST.xlsx,03ST
B0303ST,15,285,District - Serchhip,Urban,Graduate and above other than technical degree,Non-workers_Total_Persons,326.0,DDW-1500B-03ST.xlsx,03ST
B0303ST,15,285,District - Serchhip,Urban,Technical degree or diploma equal to degree or post-graduate degree,Non-workers_Total_Persons,59.0,DDW-1500B-03ST.xlsx,03ST
B0303ST,15,286,District - Lunglei,Total,Total,Non-workers_Total_Persons,80255.0,DDW-1500B-03ST.xlsx,03ST
B0303ST,15,286,District - Lunglei,Total,Illiterate,Non-workers_Total_Persons,29781.0,DDW-1500B-03ST.xlsx,03ST
B0303ST,15,286,District - Lunglei,Total,Literate,Non-workers_Total_Persons,50474.0,DDW-1500B-03ST.xlsx,03ST
B0303ST,15,286,District - Lunglei,Total,Literate but below matric/secondary,Non-workers_Total_Persons,40011.0,DDW-1500B-03ST.xlsx,03ST
B0303ST,15,286,District - Lunglei,Total,Matric/secondary but below graduate,Non-workers_Total_Persons,8501.0,DDW-1500B-03ST.xlsx,03ST
B0303ST,15,286,District - Lunglei,Total,Technical diploma or certificate not equal to degree,Non-workers_Total_Persons,127.0,DDW-1500B-03ST.xlsx,03ST
B0303ST,15,286,District - Lunglei,Total,Graduate and above other than technical degree,Non-workers_Total_Persons,1096.0,DDW-1500B-03ST.xlsx,03ST
B0303ST,15,286,District - Lunglei,Total,Technical degree or diploma equal to degree or post-graduate degree,Non-workers_Total_Persons,119.0,DDW-1500B-03ST.xlsx,03ST
B0303ST,15,286,District - Lunglei,Rural,Total,Non-workers_Total_Persons,42066.0,DDW-1500B-03ST.xlsx,03ST
B0303ST,15,286,District - Lunglei,Rural,Illiterate,Non-workers_Total_Persons,21232.0,DDW-1500B-03ST.xlsx,03ST
B0303ST,15,286,District - Lunglei,Rural,Literate,Non-workers_Total_Persons,20834.0,DDW-1500B-03ST.xlsx,03ST
B0303ST,15,286,District - Lunglei,Rural,Literate but below matric/secondary,Non-workers_Total_Persons,18872.0,DDW-1500B-03ST.xlsx,03ST
B0303ST,15,286,District - Lunglei,Rural,Matric/secondary but below graduate,Non-workers_Total_Persons,1539.0,DDW-1500B-03ST.xlsx,03ST
B0303ST,15,286,District - Lunglei,Rural,Technical diploma or certificate not equal to degree,Non-workers_Total_Persons,9.0,DDW-1500B-03ST.xlsx,03ST
B0303ST,15,286,District - Lunglei,Rural,Graduate and above other than technical degree,Non-workers_Total_Persons,123.0,DDW-1500B-03ST.xlsx,03ST
B0303ST,15,286,District - Lunglei,Rural,Technical degree or diploma equal to degree or post-graduate degree,Non-workers_Total_Persons,6.0,DDW-1500B-03ST.xlsx,03ST
B0303ST,15,286,District - Lunglei,Urban,Total,Non-workers_Total_Persons,38189.0,DDW-1500B-03ST.xlsx,03ST
B0303ST,15,286,District - Lunglei,Urban,Illiterate,Non-workers_Total_Persons,8549.0,DDW-1500B-03ST.xlsx,03ST
B0303ST,15,286,District - Lunglei,Urban,Literate,Non-workers_Total_Persons,29640.0,DDW-1500B-03ST.xlsx,03ST
B0303ST,15,286,District - Lunglei,Urban,Literate but below matric/secondary,Non-workers_Total_Persons,21139.0,DDW-1500B-03ST.xlsx,03ST
B0303ST,15,286,District - Lunglei,Urban,Matric/secondary but below graduate,Non-workers_Total_Persons,6962.0,DDW-1500B-03ST.xlsx,03ST
B0303ST,15,286,District - Lunglei,Urban,Technical diploma or certificate not equal to degree,Non-workers_Total_Persons,118.0,DDW-1500B-03ST.xlsx,03ST
B0303ST,15,286,District - Lunglei,Urban,Graduate and above other than technical degree,Non-workers_Total_Persons,973.0,DDW-1500B-03ST.xlsx,03ST
B0303ST,15,286,District - Lunglei,Urban,Technical degree or diploma equal to degree or post-graduate degree,Non-workers_Total_Persons,113.0,DDW-1500B-03ST.xlsx,03ST
B0303ST,15,287,District - Lawngtlai,Total,Total,Non-workers_Total_Persons,69772.0,DDW-1500B-03ST.xlsx,03ST
B0303ST,15,287,District - Lawngtlai,Total,Illiterate,Non-workers_Total_Persons,34660.0,DDW-1500B-03ST.xlsx,03ST
B0303ST,15,287,District - Lawngtlai,Total,Literate,Non-workers_Total_Persons,35112.0,DDW-1500B-03ST.xlsx,03ST
B0303ST,15,287,District - Lawngtlai,Total,Literate but below matric/secondary,Non-workers_Total_Persons,28460.0,DDW-1500B-03ST.xlsx,03ST
B0303ST,15,287,District - Lawngtlai,Total,Matric/secondary but below graduate,Non-workers_Total_Persons,5313.0,DDW-1500B-03ST.xlsx,03ST
B0303ST,15,287,District - Lawngtlai,Total,Technical diploma or certificate not equal to degree,Non-workers_Total_Persons,10.0,DDW-1500B-03ST.xlsx,03ST
B0303ST,15,287,District - Lawngtlai,Total,Graduate and above other than technical degree,Non-workers_Total_Persons,619.0,DDW-1500B-03ST.xlsx,03ST
B0303ST,15,287,District - Lawngtlai,Total,Technical degree or diploma equal to degree or post-graduate degree,Non-workers_Total_Persons,77.0,DDW-1500B-03ST.xlsx,03ST
B0303ST,15,287,District - Lawngtlai,Rural,Total,Non-workers_Total_Persons,56228.0,DDW-1500B-03ST.xlsx,03ST
B0303ST,15,287,District - Lawngtlai,Rural,Illiterate,Non-workers_Total_Persons,31180.0,DDW-1500B-03ST.xlsx,03ST
B0303ST,15,287,District - Lawngtlai,Rural,Literate,Non-workers_Total_Persons,25048.0,DDW-1500B-03ST.xlsx,03ST
B0303ST,15,287,District - Lawngtlai,Rural,Literate but below matric/secondary,Non-workers_Total_Persons,21480.0,DDW-1500B-03ST.xlsx,03ST
B0303ST,15,287,District - Lawngtlai,Rural,Matric/secondary but below graduate,Non-workers_Total_Persons,2732.0,DDW-1500B-03ST.xlsx,03ST
B0303ST,15,287,District - Lawngtlai,Rural,Technical diploma or certificate not equal to degree,Non-workers_Total_Persons,4.0,DDW-1500B-03ST.xlsx,03ST
B0303ST,15,287,District - Lawngtlai,Rural,Graduate and above other than technical degree,Non-workers_Total_Persons,275.0,DDW-1500B-03ST.xlsx,03ST
B0303ST,15,287,District - Lawngtlai,Rural,Technical degree or diploma equal to degree or post-graduate degree,Non-workers_Total_Persons,40.0,DDW-1500B-03ST.xlsx,03ST
B0303ST,15,287,District - Lawngtlai,Urban,Total,Non-workers_Total_Persons,13544.0,DDW-1500B-03ST.xlsx,03ST
B0303ST,15,287,District - Lawngtlai,Urban,Illiterate,Non-workers_Total_Persons,3480.0,DDW-1500B-03ST.xlsx,03ST
B0303ST,15,287,District - Lawngtlai,Urban,Literate,Non-workers_Total_Persons,10064.0,DDW-1500B-03ST.xlsx,03ST
B0303ST,15,287,District - Lawngtlai,Urban,Literate but below matric/secondary,Non-workers_Total_Persons,6980.0,DDW-1500B-03ST.xlsx,03ST
B0303ST,15,287,District - Lawngtlai,Urban,Matric/secondary but below graduate,Non-workers_Total_Persons,2581.0,DDW-1500B-03ST.xlsx,03ST
B0303ST,15,287,District - Lawngtlai,Urban,Technical diploma or certificate not equal to degree,Non-workers_Total_Persons,6.0,DDW-1500B-03ST.xlsx,03ST
B0303ST,15,287,District - Lawngtlai,Urban,Graduate and above other than technical degree,Non-workers_Total_Persons,344.0,DDW-1500B-03ST.xlsx,03ST
B0303ST,15,287,District - Lawngtlai,Urban,Technical degree or diploma equal to degree or post-graduate degree,Non-workers_Total_Persons,37.0,DDW-1500B-03ST.xlsx,03ST
B0303ST,15,288,District - Saiha,Total,Total,Non-workers_Total_Persons,36279.0,DDW-1500B-03ST.xlsx,03ST
B0303ST,15,288,District - Saiha,Total,Illiterate,Non-workers_Total_Persons,12027.0,DDW-1500B-03ST.xlsx,03ST
B0303ST,15,288,District - Saiha,Total,Literate,Non-workers_Total_Persons,24252.0,DDW-1500B-03ST.xlsx,03ST
B0303ST,15,288,District - Saiha,Total,Literate but below matric/secondary,Non-workers_Total_Persons,18568.0,DDW-1500B-03ST.xlsx,03ST
B0303ST,15,288,District - Saiha,Total,Matric/secondary but below graduate,Non-workers_Total_Persons,4819.0,DDW-1500B-03ST.xlsx,03ST
B0303ST,15,288,District - Saiha,Total,Technical diploma or certificate not equal to degree,Non-workers_Total_Persons,24.0,DDW-1500B-03ST.xlsx,03ST
B0303ST,15,288,District - Saiha,Total,Graduate and above other than technical degree,Non-workers_Total_Persons,510.0,DDW-1500B-03ST.xlsx,03ST
B0303ST,15,288,District - Saiha,Total,Technical degree or diploma equal to degree or post-graduate degree,Non-workers_Total_Persons,41.0,DDW-1500B-03ST.xlsx,03ST
B0303ST,15,288,District - Saiha,Rural,Total,Non-workers_Total_Persons,19914.0,DDW-1500B-03ST.xlsx,03ST
B0303ST,15,288,District - Saiha,Rural,Illiterate,Non-workers_Total_Persons,7771.0,DDW-1500B-03ST.xlsx,03ST
B0303ST,15,288,District - Saiha,Rural,Literate,Non-workers_Total_Persons,12143.0,DDW-1500B-03ST.xlsx,03ST
B0303ST,15,288,District - Saiha,Rural,Literate but below matric/secondary,Non-workers_Total_Persons,10315.0,DDW-1500B-03ST.xlsx,03ST
B0303ST,15,288,District - Saiha,Rural,Matric/secondary but below graduate,Non-workers_Total_Persons,1498.0,DDW-1500B-03ST.xlsx,03ST
B0303ST,15,288,District - Saiha,Rural,Technical diploma or certificate not equal to degree,Non-workers_Total_Persons,6.0,DDW-1500B-03ST.xlsx,03ST
B0303ST,15,288,District - Saiha,Rural,Graduate and above other than technical degree,Non-workers_Total_Persons,130.0,DDW-1500B-03ST.xlsx,03ST
B0303ST,15,288,District - Saiha,Rural,Technical degree or diploma equal to degree or post-graduate degree,Non-workers_Total_Persons,14.0,DDW-1500B-03ST.xlsx,03ST
B0303ST,15,288,District - Saiha,Urban,Total,Non-workers_Total_Persons,16365.0,DDW-1500B-03ST.xlsx,03ST
B0303ST,15,288,District - Saiha,Urban,Illiterate,Non-workers_Total_Persons,4256.0,DDW-1500B-03ST.xlsx,03ST
B0303ST,15,288,District - Saiha,Urban,Literate,Non-workers_Total_Persons,12109.0,DDW-1500B-03ST.xlsx,03ST
B0303ST,15,288,District - Saiha,Urban,Literate but below matric/secondary,Non-workers_Total_Persons,8253.0,DDW-1500B-03ST.xlsx,03ST
B0303ST,15,288,District - Saiha,Urban,Matric/secondary but below graduate,Non-workers_Total_Persons,3321.0,DDW-1500B-03ST.xlsx,03ST
B0303ST,15,288,District - Saiha,Urban,Technical diploma or certificate not equal to degree,Non-workers_Total_Persons,18.0,DDW-1500B-03ST.xlsx,03ST
B0303ST,15,288,District - Saiha,Urban,Graduate and above other than technical degree,Non-workers_Total_Persons,380.0,DDW-1500B-03ST.xlsx,03ST
B0303ST,15,288,District - Saiha,Urban,Technical degree or diploma equal to degree or post-graduate degree,Non-workers_Total_Persons,27.0,DDW-1500B-03ST.xlsx,03ST
B0303ST,15,000,State - MIZORAM,Total,Total,Non-workers_Total_Males,252639.0,DDW-1500B-03ST.xlsx,03ST
B0303ST,15,000,State - MIZORAM,Total,Illiterate,Non-workers_Total_Males,91123.0,DDW-1500B-03ST.xlsx,03ST
B0303ST,15,000,State - MIZORAM,Total,Literate,Non-workers_Total_Males,161516.0,DDW-1500B-03ST.xlsx,03ST
B0303ST,15,000,State - MIZORAM,Total,Literate but below matric/secondary,Non-workers_Total_Males,123899.0,DDW-1500B-03ST.xlsx,03ST
B0303ST,15,000,State - MIZORAM,Total,Matric/secondary but below graduate,Non-workers_Total_Males,30487.0,DDW-1500B-03ST.xlsx,03ST
B0303ST,15,000,State - MIZORAM,Total,Technical diploma or certificate not equal to degree,Non-workers_Total_Males,193.0,DDW-1500B-03ST.xlsx,03ST
B0303ST,15,000,State - MIZORAM,Total,Graduate and above other than technical degree,Non-workers_Total_Males,4466.0,DDW-1500B-03ST.xlsx,03ST
B0303ST,15,000,State - MIZORAM,Total,Technical degree or diploma equal to degree or post-graduate degree,Non-workers_Total_Males,881.0,DDW-1500B-03ST.xlsx,03ST
B0303ST,15,000,State - MIZORAM,Rural,Total,Non-workers_Total_Males,120332.0,DDW-1500B-03ST.xlsx,03ST
B0303ST,15,000,State - MIZORAM,Rural,Illiterate,Non-workers_Total_Males,53435.0,DDW-1500B-03ST.xlsx,03ST
B0303ST,15,000,State - MIZORAM,Rural,Literate,Non-workers_Total_Males,66897.0,DDW-1500B-03ST.xlsx,03ST
B0303ST,15,000,State - MIZORAM,Rural,Literate but below matric/secondary,Non-workers_Total_Males,58157.0,DDW-1500B-03ST.xlsx,03ST
B0303ST,15,000,State - MIZORAM,Rural,Matric/secondary but below graduate,Non-workers_Total_Males,7107.0,DDW-1500B-03ST.xlsx,03ST
B0303ST,15,000,State - MIZORAM,Rural,Technical diploma or certificate not equal to degree,Non-workers_Total_Males,27.0,DDW-1500B-03ST.xlsx,03ST
B0303ST,15,000,State - MIZORAM,Rural,Graduate and above other than technical degree,Non-workers_Total_Males,716.0,DDW-1500B-03ST.xlsx,03ST
B0303ST,15,000,State - MIZORAM,Rural,Technical degree or diploma equal to degree or post-graduate degree,Non-workers_Total_Males,116.0,DDW-1500B-03ST.xlsx,03ST
B0303ST,15,000,State - MIZORAM,Urban,Total,Non-workers_Total_Males,132307.0,DDW-1500B-03ST.xlsx,03ST
B0303ST,15,000,State - MIZORAM,Urban,Illiterate,Non-workers_Total_Males,37688.0,DDW-1500B-03ST.xlsx,03ST
B0303ST,15,000,State - MIZORAM,Urban,Literate,Non-workers_Total_Males,94619.0,DDW-1500B-03ST.xlsx,03ST
B0303ST,15,000,State - MIZORAM,Urban,Literate but below matric/secondary,Non-workers_Total_Males,65742.0,DDW-1500B-03ST.xlsx,03ST
B0303ST,15,000,State - MIZORAM,Urban,Matric/secondary but below graduate,Non-workers_Total_Males,23380.0,DDW-1500B-03ST.xlsx,03ST
B0303ST,15,000,State - MIZORAM,Urban,Technical diploma or certificate not equal to degree,Non-workers_Total_Males,166.0,DDW-1500B-03ST.xlsx,03ST
B0303ST,15,000,State - MIZORAM,Urban,Graduate and above other than technical degree,Non-workers_Total_Males,3750.0,DDW-1500B-03ST.xlsx,03ST
B0303ST,15,000,State - MIZORAM,Urban,Technical degree or diploma equal to degree or post-graduate degree,Non-workers_Total_Males,765.0,DDW-1500B-03ST.xlsx,03ST
B0303ST,15,281,District - Mamit,Total,Total,Non-workers_Total_Males,19963.0,DDW-1500B-03ST.xlsx,03ST
B0303ST,15,281,District - Mamit,Total,Illiterate,Non-workers_Total_Males,8227.0,DDW-1500B-03ST.xlsx,03ST
B0303ST,15,281,District - Mamit,Total,Literate,Non-workers_Total_Males,11736.0,DDW-1500B-03ST.xlsx,03ST
B0303ST,15,281,District - Mamit,Total,Literate but below matric/secondary,Non-workers_Total_Males,10189.0,DDW-1500B-03ST.xlsx,03ST
B0303ST,15,281,District - Mamit,Total,Matric/secondary but below graduate,Non-workers_Total_Males,1305.0,DDW-1500B-03ST.xlsx,03ST
B0303ST,15,281,District - Mamit,Total,Technical diploma or certificate not equal to degree,Non-workers_Total_Males,2.0,DDW-1500B-03ST.xlsx,03ST
B0303ST,15,281,District - Mamit,Total,Graduate and above other than technical degree,Non-workers_Total_Males,117.0,DDW-1500B-03ST.xlsx,03ST
B0303ST,15,281,District - Mamit,Total,Technical degree or diploma equal to degree or post-graduate degree,Non-workers_Total_Males,22.0,DDW-1500B-03ST.xlsx,03ST
B0303ST,15,281,District - Mamit,Rural,Total,Non-workers_Total_Males,16560.0,DDW-1500B-03ST.xlsx,03ST
B0303ST,15,281,District - Mamit,Rural,Illiterate,Non-workers_Total_Males,7085.0,DDW-1500B-03ST.xlsx,03ST
B0303ST,15,281,District - Mamit,Rural,Literate,Non-workers_Total_Males,9475.0,DDW-1500B-03ST.xlsx,03ST
B0303ST,15,281,District - Mamit,Rural,Literate but below matric/secondary,Non-workers_Total_Males,8352.0,DDW-1500B-03ST.xlsx,03ST
B0303ST,15,281,District - Mamit,Rural,Matric/secondary but below graduate,Non-workers_Total_Males,941.0,DDW-1500B-03ST.xlsx,03ST
B0303ST,15,281,District - Mamit,Rural,Technical diploma or certificate not equal to degree,Non-workers_Total_Males,2.0,DDW-1500B-03ST.xlsx,03ST
B0303ST,15,281,District - Mamit,Rural,Graduate and above other than technical degree,Non-workers_Total_Males,83.0,DDW-1500B-03ST.xlsx,03ST
B0303ST,15,281,District - Mamit,Rural,Technical degree or diploma equal to degree or post-graduate degree,Non-workers_Total_Males,18.0,DDW-1500B-03ST.xlsx,03ST
B0303ST,15,281,District - Mamit,Urban,Total,Non-workers_Total_Males,3403.0,DDW-1500B-03ST.xlsx,03ST
B0303ST,15,281,District - Mamit,Urban,Illiterate,Non-workers_Total_Males,1142.0,DDW-1500B-03ST.xlsx,03ST
B0303ST,15,281,District - Mamit,Urban,Literate,Non-workers_Total_Males,2261.0,DDW-1500B-03ST.xlsx,03ST
B0303ST,15,281,District - Mamit,Urban,Literate but below matric/secondary,Non-workers_Total_Males,1837.0,DDW-1500B-03ST.xlsx,03ST
B0303ST,15,281,District - Mamit,Urban,Matric/secondary but below graduate,Non-workers_Total_Males,364.0,DDW-1500B-03ST.xlsx,03ST
B0303ST,15,281,District - Mamit,Urban,Technical diploma or certificate not equal to degree,Non-workers_Total_Males,0.0,DDW-1500B-03ST.xlsx,03ST
B0303ST,15,281,District - Mamit,Urban,Graduate and above other than technical degree,Non-workers_Total_Males,34.0,DDW-1500B-03ST.xlsx,03ST
B0303ST,15,281,District - Mamit,Urban,Technical degree or diploma equal to degree or post-graduate degree,Non-workers_Total_Males,4.0,DDW-1500B-03ST.xlsx,03ST
B0303ST,15,282,District - Kolasib,Total,Total,Non-workers_Total_Males,17867.0,DDW-1500B-03ST.xlsx,03ST
B0303ST,15,282,District - Kolasib,Total,Illiterate,Non-workers_Total_Males,6159.0,DDW-1500B-03ST.xlsx,03ST
B0303ST,15,282,District - Kolasib,Total,Literate,Non-workers_Total_Males,11708.0,DDW-1500B-03ST.xlsx,03ST
B0303ST,15,282,District - Kolasib,Total,Literate but below matric/secondary,Non-workers_Total_Males,9623.0,DDW-1500B-03ST.xlsx,03ST
B0303ST,15,282,District - Kolasib,Total,Matric/secondary but below graduate,Non-workers_Total_Males,1663.0,DDW-1500B-03ST.xlsx,03ST
B0303ST,15,282,District - Kolasib,Total,Technical diploma or certificate not equal to degree,Non-workers_Total_Males,4.0,DDW-1500B-03ST.xlsx,03ST
B0303ST,15,282,District - Kolasib,Total,Graduate and above other than technical degree,Non-workers_Total_Males,214.0,DDW-1500B-03ST.xlsx,03ST
B0303ST,15,282,District - Kolasib,Total,Technical degree or diploma equal to degree or post-graduate degree,Non-workers_Total_Males,41.0,DDW-1500B-03ST.xlsx,03ST
B0303ST,15,282,District - Kolasib,Rural,Total,Non-workers_Total_Males,7448.0,DDW-1500B-03ST.xlsx,03ST
B0303ST,15,282,District - Kolasib,Rural,Illiterate,Non-workers_Total_Males,2999.0,DDW-1500B-03ST.xlsx,03ST
B0303ST,15,282,District - Kolasib,Rural,Literate,Non-workers_Total_Males,4449.0,DDW-1500B-03ST.xlsx,03ST
B0303ST,15,282,District - Kolasib,Rural,Literate but below matric/secondary,Non-workers_Total_Males,3902.0,DDW-1500B-03ST.xlsx,03ST
B0303ST,15,282,District - Kolasib,Rural,Matric/secondary but below graduate,Non-workers_Total_Males,407.0,DDW-1500B-03ST.xlsx,03ST
B0303ST,15,282,District - Kolasib,Rural,Technical diploma or certificate not equal to degree,Non-workers_Total_Males,3.0,DDW-1500B-03ST.xlsx,03ST
B0303ST,15,282,District - Kolasib,Rural,Graduate and above other than technical degree,Non-workers_Total_Males,40.0,DDW-1500B-03ST.xlsx,03ST
B0303ST,15,282,District - Kolasib,Rural,Technical degree or diploma equal to degree or post-graduate degree,Non-workers_Total_Males,4.0,DDW-1500B-03ST.xlsx,03ST
B0303ST,15,282,District - Kolasib,Urban,Total,Non-workers_Total_Males,10419.0,DDW-1500B-03ST.xlsx,03ST
B0303ST,15,282,District - Kolasib,Urban,Illiterate,Non-workers_Total_Males,3160.0,DDW-1500B-03ST.xlsx,03ST
B0303ST,15,282,District - Kolasib,Urban,Literate,Non-workers_Total_Males,7259.0,DDW-1500B-03ST.xlsx,03ST
B0303ST,15,282,District - Kolasib,Urban,Literate but below matric/secondary,Non-workers_Total_Males,5721.0,DDW-1500B-03ST.xlsx,03ST
B0303ST,15,282,District - Kolasib,Urban,Matric/secondary but below graduate,Non-workers_Total_Males,1256.0,DDW-1500B-03ST.xlsx,03ST
B0303ST,15,282,District - Kolasib,Urban,Technical diploma or certificate not equal to degree,Non-workers_Total_Males,1.0,DDW-1500B-03ST.xlsx,03ST
B0303ST,15,282,District - Kolasib,Urban,Graduate and above other than technical degree,Non-workers_Total_Males,174.0,DDW-1500B-03ST.xlsx,03ST
B0303ST,15,282,District - Kolasib,Urban,Technical degree or diploma equal to degree or post-graduate degree,Non-workers_Total_Males,37.0,DDW-1500B-03ST.xlsx,03ST
B0303ST,15,283,District - Aizawl,Total,Total,Non-workers_Total_Males,89314.0,DDW-1500B-03ST.xlsx,03ST
B0303ST,15,283,District - Aizawl,Total,Illiterate,Non-workers_Total_Males,26332.0,DDW-1500B-03ST.xlsx,03ST
B0303ST,15,283,District - Aizawl,Total,Literate,Non-workers_Total_Males,62982.0,DDW-1500B-03ST.xlsx,03ST
B0303ST,15,283,District - Aizawl,Total,Literate but below matric/secondary,Non-workers_Total_Males,43742.0,DDW-1500B-03ST.xlsx,03ST
B0303ST,15,283,District - Aizawl,Total,Matric/secondary but below graduate,Non-workers_Total_Males,15447.0,DDW-1500B-03ST.xlsx,03ST
B0303ST,15,283,District - Aizawl,Total,Technical diploma or certificate not equal to degree,Non-workers_Total_Males,110.0,DDW-1500B-03ST.xlsx,03ST
B0303ST,15,283,District - Aizawl,Total,Graduate and above other than technical degree,Non-workers_Total_Males,2541.0,DDW-1500B-03ST.xlsx,03ST
B0303ST,15,283,District - Aizawl,Total,Technical degree or diploma equal to degree or post-graduate degree,Non-workers_Total_Males,569.0,DDW-1500B-03ST.xlsx,03ST
B0303ST,15,283,District - Aizawl,Rural,Total,Non-workers_Total_Males,18070.0,DDW-1500B-03ST.xlsx,03ST
B0303ST,15,283,District - Aizawl,Rural,Illiterate,Non-workers_Total_Males,7084.0,DDW-1500B-03ST.xlsx,03ST
B0303ST,15,283,District - Aizawl,Rural,Literate,Non-workers_Total_Males,10986.0,DDW-1500B-03ST.xlsx,03ST
B0303ST,15,283,District - Aizawl,Rural,Literate but below matric/secondary,Non-workers_Total_Males,9455.0,DDW-1500B-03ST.xlsx,03ST
B0303ST,15,283,District - Aizawl,Rural,Matric/secondary but below graduate,Non-workers_Total_Males,1253.0,DDW-1500B-03ST.xlsx,03ST
B0303ST,15,283,District - Aizawl,Rural,Technical diploma or certificate not equal to degree,Non-workers_Total_Males,3.0,DDW-1500B-03ST.xlsx,03ST
B0303ST,15,283,District - Aizawl,Rural,Graduate and above other than technical degree,Non-workers_Total_Males,126.0,DDW-1500B-03ST.xlsx,03ST
B0303ST,15,283,District - Aizawl,Rural,Technical degree or diploma equal to degree or post-graduate degree,Non-workers_Total_Males,24.0,DDW-1500B-03ST.xlsx,03ST
B0303ST,15,283,District - Aizawl,Urban,Total,Non-workers_Total_Males,71244.0,DDW-1500B-03ST.xlsx,03ST
B0303ST,15,283,District - Aizawl,Urban,Illiterate,Non-workers_Total_Males,19248.0,DDW-1500B-03ST.xlsx,03ST
B0303ST,15,283,District - Aizawl,Urban,Literate,Non-workers_Total_Males,51996.0,DDW-1500B-03ST.xlsx,03ST
B0303ST,15,283,District - Aizawl,Urban,Literate but below matric/secondary,Non-workers_Total_Males,34287.0,DDW-1500B-03ST.xlsx,03ST
B0303ST,15,283,District - Aizawl,Urban,Matric/secondary but below graduate,Non-workers_Total_Males,14194.0,DDW-1500B-03ST.xlsx,03ST
B0303ST,15,283,District - Aizawl,Urban,Technical diploma or certificate not equal to degree,Non-workers_Total_Males,107.0,DDW-1500B-03ST.xlsx,03ST
B0303ST,15,283,District - Aizawl,Urban,Graduate and above other than technical degree,Non-workers_Total_Males,2415.0,DDW-1500B-03ST.xlsx,03ST
B0303ST,15,283,District - Aizawl,Urban,Technical degree or diploma equal to degree or post-graduate degree,Non-workers_Total_Males,545.0,DDW-1500B-03ST.xlsx,03ST
B0303ST,15,284,District - Champhai,Total,Total,Non-workers_Total_Males,28806.0,DDW-1500B-03ST.xlsx,03ST
B0303ST,15,284,District - Champhai,Total,Illiterate,Non-workers_Total_Males,11033.0,DDW-1500B-03ST.xlsx,03ST
B0303ST,15,284,District - Champhai,Total,Literate,Non-workers_Total_Males,17773.0,DDW-1500B-03ST.xlsx,03ST
B0303ST,15,284,District - Champhai,Total,Literate but below matric/secondary,Non-workers_Total_Males,14884.0,DDW-1500B-03ST.xlsx,03ST
B0303ST,15,284,District - Champhai,Total,Matric/secondary but below graduate,Non-workers_Total_Males,2369.0,DDW-1500B-03ST.xlsx,03ST
B0303ST,15,284,District - Champhai,Total,Technical diploma or certificate not equal to degree,Non-workers_Total_Males,8.0,DDW-1500B-03ST.xlsx,03ST
B0303ST,15,284,District - Champhai,Total,Graduate and above other than technical degree,Non-workers_Total_Males,298.0,DDW-1500B-03ST.xlsx,03ST
B0303ST,15,284,District - Champhai,Total,Technical degree or diploma equal to degree or post-graduate degree,Non-workers_Total_Males,46.0,DDW-1500B-03ST.xlsx,03ST
B0303ST,15,284,District - Champhai,Rural,Total,Non-workers_Total_Males,17328.0,DDW-1500B-03ST.xlsx,03ST
B0303ST,15,284,District - Champhai,Rural,Illiterate,Non-workers_Total_Males,7056.0,DDW-1500B-03ST.xlsx,03ST
B0303ST,15,284,District - Champhai,Rural,Literate,Non-workers_Total_Males,10272.0,DDW-1500B-03ST.xlsx,03ST
B0303ST,15,284,District - Champhai,Rural,Literate but below matric/secondary,Non-workers_Total_Males,8992.0,DDW-1500B-03ST.xlsx,03ST
B0303ST,15,284,District - Champhai,Rural,Matric/secondary but below graduate,Non-workers_Total_Males,1047.0,DDW-1500B-03ST.xlsx,03ST
B0303ST,15,284,District - Champhai,Rural,Technical diploma or certificate not equal to degree,Non-workers_Total_Males,5.0,DDW-1500B-03ST.xlsx,03ST
B0303ST,15,284,District - Champhai,Rural,Graduate and above other than technical degree,Non-workers_Total_Males,116.0,DDW-1500B-03ST.xlsx,03ST
B0303ST,15,284,District - Champhai,Rural,Technical degree or diploma equal to degree or post-graduate degree,Non-workers_Total_Males,19.0,DDW-1500B-03ST.xlsx,03ST
B0303ST,15,284,District - Champhai,Urban,Total,Non-workers_Total_Males,11478.0,DDW-1500B-03ST.xlsx,03ST
B0303ST,15,284,District - Champhai,Urban,Illiterate,Non-workers_Total_Males,3977.0,DDW-1500B-03ST.xlsx,03ST
B0303ST,15,284,District - Champhai,Urban,Literate,Non-workers_Total_Males,7501.0,DDW-1500B-03ST.xlsx,03ST
B0303ST,15,284,District - Champhai,Urban,Literate but below matric/secondary,Non-workers_Total_Males,5892.0,DDW-1500B-03ST.xlsx,03ST
B0303ST,15,284,District - Champhai,Urban,Matric/secondary but below graduate,Non-workers_Total_Males,1322.0,DDW-1500B-03ST.xlsx,03ST
B0303ST,15,284,District - Champhai,Urban,Technical diploma or certificate not equal to degree,Non-workers_Total_Males,3.0,DDW-1500B-03ST.xlsx,03ST
B0303ST,15,284,District - Champhai,Urban,Graduate and above other than technical degree,Non-workers_Total_Males,182.0,DDW-1500B-03ST.xlsx,03ST
B0303ST,15,284,District - Champhai,Urban,Technical degree or diploma equal to degree or post-graduate degree,Non-workers_Total_Males,27.0,DDW-1500B-03ST.xlsx,03ST
B0303ST,15,285,District - Serchhip,Total,Total,Non-workers_Total_Males,14266.0,DDW-1500B-03ST.xlsx,03ST
B0303ST,15,285,District - Serchhip,Total,Illiterate,Non-workers_Total_Males,4909.0,DDW-1500B-03ST.xlsx,03ST
B0303ST,15,285,District - Serchhip,Total,Literate,Non-workers_Total_Males,9357.0,DDW-1500B-03ST.xlsx,03ST
B0303ST,15,285,District - Serchhip,Total,Literate but below matric/secondary,Non-workers_Total_Males,7401.0,DDW-1500B-03ST.xlsx,03ST
B0303ST,15,285,District - Serchhip,Total,Matric/secondary but below graduate,Non-workers_Total_Males,1607.0,DDW-1500B-03ST.xlsx,03ST
B0303ST,15,285,District - Serchhip,Total,Technical diploma or certificate not equal to degree,Non-workers_Total_Males,6.0,DDW-1500B-03ST.xlsx,03ST
B0303ST,15,285,District - Serchhip,Total,Graduate and above other than technical degree,Non-workers_Total_Males,215.0,DDW-1500B-03ST.xlsx,03ST
B0303ST,15,285,District - Serchhip,Total,Technical degree or diploma equal to degree or post-graduate degree,Non-workers_Total_Males,44.0,DDW-1500B-03ST.xlsx,03ST
B0303ST,15,285,District - Serchhip,Rural,Total,Non-workers_Total_Males,7068.0,DDW-1500B-03ST.xlsx,03ST
B0303ST,15,285,District - Serchhip,Rural,Illiterate,Non-workers_Total_Males,2737.0,DDW-1500B-03ST.xlsx,03ST
B0303ST,15,285,District - Serchhip,Rural,Literate,Non-workers_Total_Males,4331.0,DDW-1500B-03ST.xlsx,03ST
B0303ST,15,285,District - Serchhip,Rural,Literate but below matric/secondary,Non-workers_Total_Males,3649.0,DDW-1500B-03ST.xlsx,03ST
B0303ST,15,285,District - Serchhip,Rural,Matric/secondary but below graduate,Non-workers_Total_Males,581.0,DDW-1500B-03ST.xlsx,03ST
B0303ST,15,285,District - Serchhip,Rural,Technical diploma or certificate not equal to degree,Non-workers_Total_Males,3.0,DDW-1500B-03ST.xlsx,03ST
B0303ST,15,285,District - Serchhip,Rural,Graduate and above other than technical degree,Non-workers_Total_Males,63.0,DDW-1500B-03ST.xlsx,03ST
B0303ST,15,285,District - Serchhip,Rural,Technical degree or diploma equal to degree or post-graduate degree,Non-workers_Total_Males,8.0,DDW-1500B-03ST.xlsx,03ST
B0303ST,15,285,District - Serchhip,Urban,Total,Non-workers_Total_Males,7198.0,DDW-1500B-03ST.xlsx,03ST
B0303ST,15,285,District - Serchhip,Urban,Illiterate,Non-workers_Total_Males,2172.0,DDW-1500B-03ST.xlsx,03ST
B0303ST,15,285,District - Serchhip,Urban,Literate,Non-workers_Total_Males,5026.0,DDW-1500B-03ST.xlsx,03ST
B0303ST,15,285,District - Serchhip,Urban,Literate but below matric/secondary,Non-workers_Total_Males,3752.0,DDW-1500B-03ST.xlsx,03ST
B0303ST,15,285,District - Serchhip,Urban,Matric/secondary but below graduate,Non-workers_Total_Males,1026.0,DDW-1500B-03ST.xlsx,03ST
B0303ST,15,285,District - Serchhip,Urban,Technical diploma or certificate not equal to degree,Non-workers_Total_Males,3.0,DDW-1500B-03ST.xlsx,03ST
B0303ST,15,285,District - Serchhip,Urban,Graduate and above other than technical degree,Non-workers_Total_Males,152.0,DDW-1500B-03ST.xlsx,03ST
B0303ST,15,285,District - Serchhip,Urban,Technical degree or diploma equal to degree or post-graduate degree,Non-workers_Total_Males,36.0,DDW-1500B-03ST.xlsx,03ST
B0303ST,15,286,District - Lunglei,Total,Total,Non-workers_Total_Males,35463.0,DDW-1500B-03ST.xlsx,03ST
B0303ST,15,286,District - Lunglei,Total,Illiterate,Non-workers_Total_Males,13967.0,DDW-1500B-03ST.xlsx,03ST
B0303ST,15,286,District - Lunglei,Total,Literate,Non-workers_Total_Males,21496.0,DDW-1500B-03ST.xlsx,03ST
B0303ST,15,286,District - Lunglei,Total,Literate but below matric/secondary,Non-workers_Total_Males,17019.0,DDW-1500B-03ST.xlsx,03ST
B0303ST,15,286,District - Lunglei,Total,Matric/secondary but below graduate,Non-workers_Total_Males,3662.0,DDW-1500B-03ST.xlsx,03ST
B0303ST,15,286,District - Lunglei,Total,Technical diploma or certificate not equal to degree,Non-workers_Total_Males,42.0,DDW-1500B-03ST.xlsx,03ST
B0303ST,15,286,District - Lunglei,Total,Graduate and above other than technical degree,Non-workers_Total_Males,501.0,DDW-1500B-03ST.xlsx,03ST
B0303ST,15,286,District - Lunglei,Total,Technical degree or diploma equal to degree or post-graduate degree,Non-workers_Total_Males,76.0,DDW-1500B-03ST.xlsx,03ST
B0303ST,15,286,District - Lunglei,Rural,Total,Non-workers_Total_Males,19797.0,DDW-1500B-03ST.xlsx,03ST
B0303ST,15,286,District - Lunglei,Rural,Illiterate,Non-workers_Total_Males,9738.0,DDW-1500B-03ST.xlsx,03ST
B0303ST,15,286,District - Lunglei,Rural,Literate,Non-workers_Total_Males,10059.0,DDW-1500B-03ST.xlsx,03ST
B0303ST,15,286,District - Lunglei,Rural,Literate but below matric/secondary,Non-workers_Total_Males,9100.0,DDW-1500B-03ST.xlsx,03ST
B0303ST,15,286,District - Lunglei,Rural,Matric/secondary but below graduate,Non-workers_Total_Males,777.0,DDW-1500B-03ST.xlsx,03ST
B0303ST,15,286,District - Lunglei,Rural,Technical diploma or certificate not equal to degree,Non-workers_Total_Males,5.0,DDW-1500B-03ST.xlsx,03ST
B0303ST,15,286,District - Lunglei,Rural,Graduate and above other than technical degree,Non-workers_Total_Males,67.0,DDW-1500B-03ST.xlsx,03ST
B0303ST,15,286,District - Lunglei,Rural,Technical degree or diploma equal to degree or post-graduate degree,Non-workers_Total_Males,3.0,DDW-1500B-03ST.xlsx,03ST
B0303ST,15,286,District - Lunglei,Urban,Total,Non-workers_Total_Males,15666.0,DDW-1500B-03ST.xlsx,03ST
B0303ST,15,286,District - Lunglei,Urban,Illiterate,Non-workers_Total_Males,4229.0,DDW-1500B-03ST.xlsx,03ST
B0303ST,15,286,District - Lunglei,Urban,Literate,Non-workers_Total_Males,11437.0,DDW-1500B-03ST.xlsx,03ST
B0303ST,15,286,District - Lunglei,Urban,Literate but below matric/secondary,Non-workers_Total_Males,7919.0,DDW-1500B-03ST.xlsx,03ST
B0303ST,15,286,District - Lunglei,Urban,Matric/secondary but below graduate,Non-workers_Total_Males,2885.0,DDW-1500B-03ST.xlsx,03ST
B0303ST,15,286,District - Lunglei,Urban,Technical diploma or certificate not equal to degree,Non-workers_Total_Males,37.0,DDW-1500B-03ST.xlsx,03ST
B0303ST,15,286,District - Lunglei,Urban,Graduate and above other than technical degree,Non-workers_Total_Males,434.0,DDW-1500B-03ST.xlsx,03ST
B0303ST,15,286,District - Lunglei,Urban,Technical degree or diploma equal to degree or post-graduate degree,Non-workers_Total_Males,73.0,DDW-1500B-03ST.xlsx,03ST
B0303ST,15,287,District - Lawngtlai,Total,Total,Non-workers_Total_Males,30948.0,DDW-1500B-03ST.xlsx,03ST
B0303ST,15,287,District - Lawngtlai,Total,Illiterate,Non-workers_Total_Males,14786.0,DDW-1500B-03ST.xlsx,03ST
B0303ST,15,287,District - Lawngtlai,Total,Literate,Non-workers_Total_Males,16162.0,DDW-1500B-03ST.xlsx,03ST
B0303ST,15,287,District - Lawngtlai,Total,Literate but below matric/secondary,Non-workers_Total_Males,13169.0,DDW-1500B-03ST.xlsx,03ST
B0303ST,15,287,District - Lawngtlai,Total,Matric/secondary but below graduate,Non-workers_Total_Males,2406.0,DDW-1500B-03ST.xlsx,03ST
B0303ST,15,287,District - Lawngtlai,Total,Technical diploma or certificate not equal to degree,Non-workers_Total_Males,4.0,DDW-1500B-03ST.xlsx,03ST
B0303ST,15,287,District - Lawngtlai,Total,Graduate and above other than technical degree,Non-workers_Total_Males,310.0,DDW-1500B-03ST.xlsx,03ST
B0303ST,15,287,District - Lawngtlai,Total,Technical degree or diploma equal to degree or post-graduate degree,Non-workers_Total_Males,56.0,DDW-1500B-03ST.xlsx,03ST
B0303ST,15,287,District - Lawngtlai,Rural,Total,Non-workers_Total_Males,25243.0,DDW-1500B-03ST.xlsx,03ST
B0303ST,15,287,District - Lawngtlai,Rural,Illiterate,Non-workers_Total_Males,13140.0,DDW-1500B-03ST.xlsx,03ST
B0303ST,15,287,District - Lawngtlai,Rural,Literate,Non-workers_Total_Males,12103.0,DDW-1500B-03ST.xlsx,03ST
B0303ST,15,287,District - Lawngtlai,Rural,Literate but below matric/secondary,Non-workers_Total_Males,10366.0,DDW-1500B-03ST.xlsx,03ST
B0303ST,15,287,District - Lawngtlai,Rural,Matric/secondary but below graduate,Non-workers_Total_Males,1373.0,DDW-1500B-03ST.xlsx,03ST
B0303ST,15,287,District - Lawngtlai,Rural,Technical diploma or certificate not equal to degree,Non-workers_Total_Males,2.0,DDW-1500B-03ST.xlsx,03ST
B0303ST,15,287,District - Lawngtlai,Rural,Graduate and above other than technical degree,Non-workers_Total_Males,144.0,DDW-1500B-03ST.xlsx,03ST
B0303ST,15,287,District - Lawngtlai,Rural,Technical degree or diploma equal to degree or post-graduate degree,Non-workers_Total_Males,31.0,DDW-1500B-03ST.xlsx,03ST
B0303ST,15,287,District - Lawngtlai,Urban,Total,Non-workers_Total_Males,5705.0,DDW-1500B-03ST.xlsx,03ST
B0303ST,15,287,District - Lawngtlai,Urban,Illiterate,Non-workers_Total_Males,1646.0,DDW-1500B-03ST.xlsx,03ST
B0303ST,15,287,District - Lawngtlai,Urban,Literate,Non-workers_Total_Males,4059.0,DDW-1500B-03ST.xlsx,03ST
B0303ST,15,287,District - Lawngtlai,Urban,Literate but below matric/secondary,Non-workers_Total_Males,2803.0,DDW-1500B-03ST.xlsx,03ST
B0303ST,15,287,District - Lawngtlai,Urban,Matric/secondary but below graduate,Non-workers_Total_Males,1033.0,DDW-1500B-03ST.xlsx,03ST
B0303ST,15,287,District - Lawngtlai,Urban,Technical diploma or certificate not equal to degree,Non-workers_Total_Males,2.0,DDW-1500B-03ST.xlsx,03ST
B0303ST,15,287,District - Lawngtlai,Urban,Graduate and above other than technical degree,Non-workers_Total_Males,166.0,DDW-1500B-03ST.xlsx,03ST
B0303ST,15,287,District - Lawngtlai,Urban,Technical degree or diploma equal to degree or post-graduate degree,Non-workers_Total_Males,25.0,DDW-1500B-03ST.xlsx,03ST
B0303ST,15,288,District - Saiha,Total,Total,Non-workers_Total_Males,16012.0,DDW-1500B-03ST.xlsx,03ST
B0303ST,15,288,District - Saiha,Total,Illiterate,Non-workers_Total_Males,5710.0,DDW-1500B-03ST.xlsx,03ST
B0303ST,15,288,District - Saiha,Total,Literate,Non-workers_Total_Males,10302.0,DDW-1500B-03ST.xlsx,03ST
B0303ST,15,288,District - Saiha,Total,Literate but below matric/secondary,Non-workers_Total_Males,7872.0,DDW-1500B-03ST.xlsx,03ST
B0303ST,15,288,District - Saiha,Total,Matric/secondary but below graduate,Non-workers_Total_Males,2028.0,DDW-1500B-03ST.xlsx,03ST
B0303ST,15,288,District - Saiha,Total,Technical diploma or certificate not equal to degree,Non-workers_Total_Males,17.0,DDW-1500B-03ST.xlsx,03ST
B0303ST,15,288,District - Saiha,Total,Graduate and above other than technical degree,Non-workers_Total_Males,270.0,DDW-1500B-03ST.xlsx,03ST
B0303ST,15,288,District - Saiha,Total,Technical degree or diploma equal to degree or post-graduate degree,Non-workers_Total_Males,27.0,DDW-1500B-03ST.xlsx,03ST
B0303ST,15,288,District - Saiha,Rural,Total,Non-workers_Total_Males,8818.0,DDW-1500B-03ST.xlsx,03ST
B0303ST,15,288,District - Saiha,Rural,Illiterate,Non-workers_Total_Males,3596.0,DDW-1500B-03ST.xlsx,03ST
B0303ST,15,288,District - Saiha,Rural,Literate,Non-workers_Total_Males,5222.0,DDW-1500B-03ST.xlsx,03ST
B0303ST,15,288,District - Saiha,Rural,Literate but below matric/secondary,Non-workers_Total_Males,4341.0,DDW-1500B-03ST.xlsx,03ST
B0303ST,15,288,District - Saiha,Rural,Matric/secondary but below graduate,Non-workers_Total_Males,728.0,DDW-1500B-03ST.xlsx,03ST
B0303ST,15,288,District - Saiha,Rural,Technical diploma or certificate not equal to degree,Non-workers_Total_Males,4.0,DDW-1500B-03ST.xlsx,03ST
B0303ST,15,288,District - Saiha,Rural,Graduate and above other than technical degree,Non-workers_Total_Males,77.0,DDW-1500B-03ST.xlsx,03ST
B0303ST,15,288,District - Saiha,Rural,Technical degree or diploma equal to degree or post-graduate degree,Non-workers_Total_Males,9.0,DDW-1500B-03ST.xlsx,03ST
B0303ST,15,288,District - Saiha,Urban,Total,Non-workers_Total_Males,7194.0,DDW-1500B-03ST.xlsx,03ST
B0303ST,15,288,District - Saiha,Urban,Illiterate,Non-workers_Total_Males,2114.0,DDW-1500B-03ST.xlsx,03ST
B0303ST,15,288,District - Saiha,Urban,Literate,Non-workers_Total_Males,5080.0,DDW-1500B-03ST.xlsx,03ST
B0303ST,15,288,District - Saiha,Urban,Literate but below matric/secondary,Non-workers_Total_Males,3531.0,DDW-1500B-03ST.xlsx,03ST
B0303ST,15,288,District - Saiha,Urban,Matric/secondary but below graduate,Non-workers_Total_Males,1300.0,DDW-1500B-03ST.xlsx,03ST
B0303ST,15,288,District - Saiha,Urban,Technical diploma or certificate not equal to degree,Non-workers_Total_Males,13.0,DDW-1500B-03ST.xlsx,03ST
B0303ST,15,288,District - Saiha,Urban,Graduate and above other than technical degree,Non-workers_Total_Males,193.0,DDW-1500B-03ST.xlsx,03ST
B0303ST,15,288,District - Saiha,Urban,Technical degree or diploma equal to degree or post-graduate degree,Non-workers_Total_Males,18.0,DDW-1500B-03ST.xlsx,03ST
B0303ST,15,000,State - MIZORAM,Total,Total,Non-workers_Total_Females,329997.0,DDW-1500B-03ST.xlsx,03ST
B0303ST,15,000,State - MIZORAM,Total,Illiterate,Non-workers_Total_Females,101928.0,DDW-1500B-03ST.xlsx,03ST
B0303ST,15,000,State - MIZORAM,Total,Literate,Non-workers_Total_Females,228069.0,DDW-1500B-03ST.xlsx,03ST
B0303ST,15,000,State - MIZORAM,Total,Literate but below matric/secondary,Non-workers_Total_Females,174540.0,DDW-1500B-03ST.xlsx,03ST
B0303ST,15,000,State - MIZORAM,Total,Matric/secondary but below graduate,Non-workers_Total_Females,43670.0,DDW-1500B-03ST.xlsx,03ST
B0303ST,15,000,State - MIZORAM,Total,Technical diploma or certificate not equal to degree,Non-workers_Total_Females,270.0,DDW-1500B-03ST.xlsx,03ST
B0303ST,15,000,State - MIZORAM,Total,Graduate and above other than technical degree,Non-workers_Total_Females,5636.0,DDW-1500B-03ST.xlsx,03ST
B0303ST,15,000,State - MIZORAM,Total,Technical degree or diploma equal to degree or post-graduate degree,Non-workers_Total_Females,506.0,DDW-1500B-03ST.xlsx,03ST
B0303ST,15,000,State - MIZORAM,Rural,Total,Non-workers_Total_Females,144513.0,DDW-1500B-03ST.xlsx,03ST
B0303ST,15,000,State - MIZORAM,Rural,Illiterate,Non-workers_Total_Females,62825.0,DDW-1500B-03ST.xlsx,03ST
B0303ST,15,000,State - MIZORAM,Rural,Literate,Non-workers_Total_Females,81688.0,DDW-1500B-03ST.xlsx,03ST
B0303ST,15,000,State - MIZORAM,Rural,Literate but below matric/secondary,Non-workers_Total_Females,71211.0,DDW-1500B-03ST.xlsx,03ST
B0303ST,15,000,State - MIZORAM,Rural,Matric/secondary but below graduate,Non-workers_Total_Females,8203.0,DDW-1500B-03ST.xlsx,03ST
B0303ST,15,000,State - MIZORAM,Rural,Technical diploma or certificate not equal to degree,Non-workers_Total_Females,26.0,DDW-1500B-03ST.xlsx,03ST
B0303ST,15,000,State - MIZORAM,Rural,Graduate and above other than technical degree,Non-workers_Total_Females,695.0,DDW-1500B-03ST.xlsx,03ST
B0303ST,15,000,State - MIZORAM,Rural,Technical degree or diploma equal to degree or post-graduate degree,Non-workers_Total_Females,44.0,DDW-1500B-03ST.xlsx,03ST
B0303ST,15,000,State - MIZORAM,Urban,Total,Non-workers_Total_Females,185484.0,DDW-1500B-03ST.xlsx,03ST
B0303ST,15,000,State - MIZORAM,Urban,Illiterate,Non-workers_Total_Females,39103.0,DDW-1500B-03ST.xlsx,03ST
B0303ST,15,000,State - MIZORAM,Urban,Literate,Non-workers_Total_Females,146381.0,DDW-1500B-03ST.xlsx,03ST
B0303ST,15,000,State - MIZORAM,Urban,Literate but below matric/secondary,Non-workers_Total_Females,103329.0,DDW-1500B-03ST.xlsx,03ST
B0303ST,15,000,State - MIZORAM,Urban,Matric/secondary but below graduate,Non-workers_Total_Females,35467.0,DDW-1500B-03ST.xlsx,03ST
B0303ST,15,000,State - MIZORAM,Urban,Technical diploma or certificate not equal to degree,Non-workers_Total_Females,244.0,DDW-1500B-03ST.xlsx,03ST
B0303ST,15,000,State - MIZORAM,Urban,Graduate and above other than technical degree,Non-workers_Total_Females,4941.0,DDW-1500B-03ST.xlsx,03ST
B0303ST,15,000,State - MIZORAM,Urban,Technical degree or diploma equal to degree or post-graduate degree,Non-workers_Total_Females,462.0,DDW-1500B-03ST.xlsx,03ST
B0303ST,15,281,District - Mamit,Total,Total,Non-workers_Total_Females,25138.0,DDW-1500B-03ST.xlsx,03ST
B0303ST,15,281,District - Mamit,Total,Illiterate,Non-workers_Total_Females,9833.0,DDW-1500B-03ST.xlsx,03ST
B0303ST,15,281,District - Mamit,Total,Literate,Non-workers_Total_Females,15305.0,DDW-1500B-03ST.xlsx,03ST
B0303ST,15,281,District - Mamit,Total,Literate but below matric/secondary,Non-workers_Total_Females,13156.0,DDW-1500B-03ST.xlsx,03ST
B0303ST,15,281,District - Mamit,Total,Matric/secondary but below graduate,Non-workers_Total_Females,1702.0,DDW-1500B-03ST.xlsx,03ST
B0303ST,15,281,District - Mamit,Total,Technical diploma or certificate not equal to degree,Non-workers_Total_Females,5.0,DDW-1500B-03ST.xlsx,03ST
B0303ST,15,281,District - Mamit,Total,Graduate and above other than technical degree,Non-workers_Total_Females,156.0,DDW-1500B-03ST.xlsx,03ST
B0303ST,15,281,District - Mamit,Total,Technical degree or diploma equal to degree or post-graduate degree,Non-workers_Total_Females,9.0,DDW-1500B-03ST.xlsx,03ST
B0303ST,15,281,District - Mamit,Rural,Total,Non-workers_Total_Females,20249.0,DDW-1500B-03ST.xlsx,03ST
B0303ST,15,281,District - Mamit,Rural,Illiterate,Non-workers_Total_Females,8649.0,DDW-1500B-03ST.xlsx,03ST
B0303ST,15,281,District - Mamit,Rural,Literate,Non-workers_Total_Females,11600.0,DDW-1500B-03ST.xlsx,03ST
B0303ST,15,281,District - Mamit,Rural,Literate but below matric/secondary,Non-workers_Total_Females,10193.0,DDW-1500B-03ST.xlsx,03ST
B0303ST,15,281,District - Mamit,Rural,Matric/secondary but below graduate,Non-workers_Total_Females,1106.0,DDW-1500B-03ST.xlsx,03ST
B0303ST,15,281,District - Mamit,Rural,Technical diploma or certificate not equal to degree,Non-workers_Total_Females,4.0,DDW-1500B-03ST.xlsx,03ST
B0303ST,15,281,District - Mamit,Rural,Graduate and above other than technical degree,Non-workers_Total_Females,82.0,DDW-1500B-03ST.xlsx,03ST
B0303ST,15,281,District - Mamit,Rural,Technical degree or diploma equal to degree or post-graduate degree,Non-workers_Total_Females,2.0,DDW-1500B-03ST.xlsx,03ST
B0303ST,15,281,District - Mamit,Urban,Total,Non-workers_Total_Females,4889.0,DDW-1500B-03ST.xlsx,03ST
B0303ST,15,281,District - Mamit,Urban,Illiterate,Non-workers_Total_Females,1184.0,DDW-1500B-03ST.xlsx,03ST
B0303ST,15,281,District - Mamit,Urban,Literate,Non-workers_Total_Females,3705.0,DDW-1500B-03ST.xlsx,03ST
B0303ST,15,281,District - Mamit,Urban,Literate but below matric/secondary,Non-workers_Total_Females,2963.0,DDW-1500B-03ST.xlsx,03ST
B0303ST,15,281,District - Mamit,Urban,Matric/secondary but below graduate,Non-workers_Total_Females,596.0,DDW-1500B-03ST.xlsx,03ST
B0303ST,15,281,District - Mamit,Urban,Technical diploma or certificate not equal to degree,Non-workers_Total_Females,1.0,DDW-1500B-03ST.xlsx,03ST
B0303ST,15,281,District - Mamit,Urban,Graduate and above other than technical degree,Non-workers_Total_Females,74.0,DDW-1500B-03ST.xlsx,03ST
B0303ST,15,281,District - Mamit,Urban,Technical degree or diploma equal to degree or post-graduate degree,Non-workers_Total_Females,7.0,DDW-1500B-03ST.xlsx,03ST
B0303ST,15,282,District - Kolasib,Total,Total,Non-workers_Total_Females,24075.0,DDW-1500B-03ST.xlsx,03ST
B0303ST,15,282,District - Kolasib,Total,Illiterate,Non-workers_Total_Females,6554.0,DDW-1500B-03ST.xlsx,03ST
B0303ST,15,282,District - Kolasib,Total,Literate,Non-workers_Total_Females,17521.0,DDW-1500B-03ST.xlsx,03ST
B0303ST,15,282,District - Kolasib,Total,Literate but below matric/secondary,Non-workers_Total_Females,14333.0,DDW-1500B-03ST.xlsx,03ST
B0303ST,15,282,District - Kolasib,Total,Matric/secondary but below graduate,Non-workers_Total_Females,2617.0,DDW-1500B-03ST.xlsx,03ST
B0303ST,15,282,District - Kolasib,Total,Technical diploma or certificate not equal to degree,Non-workers_Total_Females,9.0,DDW-1500B-03ST.xlsx,03ST
B0303ST,15,282,District - Kolasib,Total,Graduate and above other than technical degree,Non-workers_Total_Females,239.0,DDW-1500B-03ST.xlsx,03ST
B0303ST,15,282,District - Kolasib,Total,Technical degree or diploma equal to degree or post-graduate degree,Non-workers_Total_Females,11.0,DDW-1500B-03ST.xlsx,03ST
B0303ST,15,282,District - Kolasib,Rural,Total,Non-workers_Total_Females,9447.0,DDW-1500B-03ST.xlsx,03ST
B0303ST,15,282,District - Kolasib,Rural,Illiterate,Non-workers_Total_Females,3213.0,DDW-1500B-03ST.xlsx,03ST
B0303ST,15,282,District - Kolasib,Rural,Literate,Non-workers_Total_Females,6234.0,DDW-1500B-03ST.xlsx,03ST
B0303ST,15,282,District - Kolasib,Rural,Literate but below matric/secondary,Non-workers_Total_Females,5461.0,DDW-1500B-03ST.xlsx,03ST
B0303ST,15,282,District - Kolasib,Rural,Matric/secondary but below graduate,Non-workers_Total_Females,595.0,DDW-1500B-03ST.xlsx,03ST
B0303ST,15,282,District - Kolasib,Rural,Technical diploma or certificate not equal to degree,Non-workers_Total_Females,2.0,DDW-1500B-03ST.xlsx,03ST
B0303ST,15,282,District - Kolasib,Rural,Graduate and above other than technical degree,Non-workers_Total_Females,29.0,DDW-1500B-03ST.xlsx,03ST
B0303ST,15,282,District - Kolasib,Rural,Technical degree or diploma equal to degree or post-graduate degree,Non-workers_Total_Females,2.0,DDW-1500B-03ST.xlsx,03ST
B0303ST,15,282,District - Kolasib,Urban,Total,Non-workers_Total_Females,14628.0,DDW-1500B-03ST.xlsx,03ST
B0303ST,15,282,District - Kolasib,Urban,Illiterate,Non-workers_Total_Females,3341.0,DDW-1500B-03ST.xlsx,03ST
B0303ST,15,282,District - Kolasib,Urban,Literate,Non-workers_Total_Females,11287.0,DDW-1500B-03ST.xlsx,03ST
B0303ST,15,282,District - Kolasib,Urban,Literate but below matric/secondary,Non-workers_Total_Females,8872.0,DDW-1500B-03ST.xlsx,03ST
B0303ST,15,282,District - Kolasib,Urban,Matric/secondary but below graduate,Non-workers_Total_Females,2022.0,DDW-1500B-03ST.xlsx,03ST
B0303ST,15,282,District - Kolasib,Urban,Technical diploma or certificate not equal to degree,Non-workers_Total_Females,7.0,DDW-1500B-03ST.xlsx,03ST
B0303ST,15,282,District - Kolasib,Urban,Graduate and above other than technical degree,Non-workers_Total_Females,210.0,DDW-1500B-03ST.xlsx,03ST
B0303ST,15,282,District - Kolasib,Urban,Technical degree or diploma equal to degree or post-graduate degree,Non-workers_Total_Females,9.0,DDW-1500B-03ST.xlsx,03ST
B0303ST,15,283,District - Aizawl,Total,Total,Non-workers_Total_Females,123747.0,DDW-1500B-03ST.xlsx,03ST
B0303ST,15,283,District - Aizawl,Total,Illiterate,Non-workers_Total_Females,27109.0,DDW-1500B-03ST.xlsx,03ST
B0303ST,15,283,District - Aizawl,Total,Literate,Non-workers_Total_Females,96638.0,DDW-1500B-03ST.xlsx,03ST
B0303ST,15,283,District - Aizawl,Total,Literate but below matric/secondary,Non-workers_Total_Females,68199.0,DDW-1500B-03ST.xlsx,03ST
B0303ST,15,283,District - Aizawl,Total,Matric/secondary but below graduate,Non-workers_Total_Females,23237.0,DDW-1500B-03ST.xlsx,03ST
B0303ST,15,283,District - Aizawl,Total,Technical diploma or certificate not equal to degree,Non-workers_Total_Females,134.0,DDW-1500B-03ST.xlsx,03ST
B0303ST,15,283,District - Aizawl,Total,Graduate and above other than technical degree,Non-workers_Total_Females,3470.0,DDW-1500B-03ST.xlsx,03ST
B0303ST,15,283,District - Aizawl,Total,Technical degree or diploma equal to degree or post-graduate degree,Non-workers_Total_Females,352.0,DDW-1500B-03ST.xlsx,03ST
B0303ST,15,283,District - Aizawl,Rural,Total,Non-workers_Total_Females,22275.0,DDW-1500B-03ST.xlsx,03ST
B0303ST,15,283,District - Aizawl,Rural,Illiterate,Non-workers_Total_Females,7182.0,DDW-1500B-03ST.xlsx,03ST
B0303ST,15,283,District - Aizawl,Rural,Literate,Non-workers_Total_Females,15093.0,DDW-1500B-03ST.xlsx,03ST
B0303ST,15,283,District - Aizawl,Rural,Literate but below matric/secondary,Non-workers_Total_Females,13057.0,DDW-1500B-03ST.xlsx,03ST
B0303ST,15,283,District - Aizawl,Rural,Matric/secondary but below graduate,Non-workers_Total_Females,1652.0,DDW-1500B-03ST.xlsx,03ST
B0303ST,15,283,District - Aizawl,Rural,Technical diploma or certificate not equal to degree,Non-workers_Total_Females,4.0,DDW-1500B-03ST.xlsx,03ST
B0303ST,15,283,District - Aizawl,Rural,Graduate and above other than technical degree,Non-workers_Total_Females,141.0,DDW-1500B-03ST.xlsx,03ST
B0303ST,15,283,District - Aizawl,Rural,Technical degree or diploma equal to degree or post-graduate degree,Non-workers_Total_Females,8.0,DDW-1500B-03ST.xlsx,03ST
B0303ST,15,283,District - Aizawl,Urban,Total,Non-workers_Total_Females,101472.0,DDW-1500B-03ST.xlsx,03ST
B0303ST,15,283,District - Aizawl,Urban,Illiterate,Non-workers_Total_Females,19927.0,DDW-1500B-03ST.xlsx,03ST
B0303ST,15,283,District - Aizawl,Urban,Literate,Non-workers_Total_Females,81545.0,DDW-1500B-03ST.xlsx,03ST
B0303ST,15,283,District - Aizawl,Urban,Literate but below matric/secondary,Non-workers_Total_Females,55142.0,DDW-1500B-03ST.xlsx,03ST
B0303ST,15,283,District - Aizawl,Urban,Matric/secondary but below graduate,Non-workers_Total_Females,21585.0,DDW-1500B-03ST.xlsx,03ST
B0303ST,15,283,District - Aizawl,Urban,Technical diploma or certificate not equal to degree,Non-workers_Total_Females,130.0,DDW-1500B-03ST.xlsx,03ST
B0303ST,15,283,District - Aizawl,Urban,Graduate and above other than technical degree,Non-workers_Total_Females,3329.0,DDW-1500B-03ST.xlsx,03ST
B0303ST,15,283,District - Aizawl,Urban,Technical degree or diploma equal to degree or post-graduate degree,Non-workers_Total_Females,344.0,DDW-1500B-03ST.xlsx,03ST
B0303ST,15,284,District - Champhai,Total,Total,Non-workers_Total_Females,35605.0,DDW-1500B-03ST.xlsx,03ST
B0303ST,15,284,District - Champhai,Total,Illiterate,Non-workers_Total_Females,11571.0,DDW-1500B-03ST.xlsx,03ST
B0303ST,15,284,District - Champhai,Total,Literate,Non-workers_Total_Females,24034.0,DDW-1500B-03ST.xlsx,03ST
B0303ST,15,284,District - Champhai,Total,Literate but below matric/secondary,Non-workers_Total_Females,19866.0,DDW-1500B-03ST.xlsx,03ST
B0303ST,15,284,District - Champhai,Total,Matric/secondary but below graduate,Non-workers_Total_Females,3320.0,DDW-1500B-03ST.xlsx,03ST
B0303ST,15,284,District - Champhai,Total,Technical diploma or certificate not equal to degree,Non-workers_Total_Females,17.0,DDW-1500B-03ST.xlsx,03ST
B0303ST,15,284,District - Champhai,Total,Graduate and above other than technical degree,Non-workers_Total_Females,388.0,DDW-1500B-03ST.xlsx,03ST
B0303ST,15,284,District - Champhai,Total,Technical degree or diploma equal to degree or post-graduate degree,Non-workers_Total_Females,31.0,DDW-1500B-03ST.xlsx,03ST
B0303ST,15,284,District - Champhai,Rural,Total,Non-workers_Total_Females,20180.0,DDW-1500B-03ST.xlsx,03ST
B0303ST,15,284,District - Champhai,Rural,Illiterate,Non-workers_Total_Females,7364.0,DDW-1500B-03ST.xlsx,03ST
B0303ST,15,284,District - Champhai,Rural,Literate,Non-workers_Total_Females,12816.0,DDW-1500B-03ST.xlsx,03ST
B0303ST,15,284,District - Champhai,Rural,Literate but below matric/secondary,Non-workers_Total_Females,11198.0,DDW-1500B-03ST.xlsx,03ST
B0303ST,15,284,District - Champhai,Rural,Matric/secondary but below graduate,Non-workers_Total_Females,1224.0,DDW-1500B-03ST.xlsx,03ST
B0303ST,15,284,District - Champhai,Rural,Technical diploma or certificate not equal to degree,Non-workers_Total_Females,4.0,DDW-1500B-03ST.xlsx,03ST
B0303ST,15,284,District - Champhai,Rural,Graduate and above other than technical degree,Non-workers_Total_Females,138.0,DDW-1500B-03ST.xlsx,03ST
B0303ST,15,284,District - Champhai,Rural,Technical degree or diploma equal to degree or post-graduate degree,Non-workers_Total_Females,13.0,DDW-1500B-03ST.xlsx,03ST
B0303ST,15,284,District - Champhai,Urban,Total,Non-workers_Total_Females,15425.0,DDW-1500B-03ST.xlsx,03ST
B0303ST,15,284,District - Champhai,Urban,Illiterate,Non-workers_Total_Females,4207.0,DDW-1500B-03ST.xlsx,03ST
B0303ST,15,284,District - Champhai,Urban,Literate,Non-workers_Total_Females,11218.0,DDW-1500B-03ST.xlsx,03ST
B0303ST,15,284,District - Champhai,Urban,Literate but below matric/secondary,Non-workers_Total_Females,8668.0,DDW-1500B-03ST.xlsx,03ST
B0303ST,15,284,District - Champhai,Urban,Matric/secondary but below graduate,Non-workers_Total_Females,2096.0,DDW-1500B-03ST.xlsx,03ST
B0303ST,15,284,District - Champhai,Urban,Technical diploma or certificate not equal to degree,Non-workers_Total_Females,13.0,DDW-1500B-03ST.xlsx,03ST
B0303ST,15,284,District - Champhai,Urban,Graduate and above other than technical degree,Non-workers_Total_Females,250.0,DDW-1500B-03ST.xlsx,03ST
B0303ST,15,284,District - Champhai,Urban,Technical degree or diploma equal to degree or post-graduate degree,Non-workers_Total_Females,18.0,DDW-1500B-03ST.xlsx,03ST
B0303ST,15,285,District - Serchhip,Total,Total,Non-workers_Total_Females,17549.0,DDW-1500B-03ST.xlsx,03ST
B0303ST,15,285,District - Serchhip,Total,Illiterate,Non-workers_Total_Females,4856.0,DDW-1500B-03ST.xlsx,03ST
B0303ST,15,285,District - Serchhip,Total,Literate,Non-workers_Total_Females,12693.0,DDW-1500B-03ST.xlsx,03ST
B0303ST,15,285,District - Serchhip,Total,Literate but below matric/secondary,Non-workers_Total_Females,10007.0,DDW-1500B-03ST.xlsx,03ST
B0303ST,15,285,District - Serchhip,Total,Matric/secondary but below graduate,Non-workers_Total_Females,2257.0,DDW-1500B-03ST.xlsx,03ST
B0303ST,15,285,District - Serchhip,Total,Technical diploma or certificate not equal to degree,Non-workers_Total_Females,7.0,DDW-1500B-03ST.xlsx,03ST
B0303ST,15,285,District - Serchhip,Total,Graduate and above other than technical degree,Non-workers_Total_Females,239.0,DDW-1500B-03ST.xlsx,03ST
B0303ST,15,285,District - Serchhip,Total,Technical degree or diploma equal to degree or post-graduate degree,Non-workers_Total_Females,25.0,DDW-1500B-03ST.xlsx,03ST
B0303ST,15,285,District - Serchhip,Rural,Total,Non-workers_Total_Females,8012.0,DDW-1500B-03ST.xlsx,03ST
B0303ST,15,285,District - Serchhip,Rural,Illiterate,Non-workers_Total_Females,2708.0,DDW-1500B-03ST.xlsx,03ST
B0303ST,15,285,District - Serchhip,Rural,Literate,Non-workers_Total_Females,5304.0,DDW-1500B-03ST.xlsx,03ST
B0303ST,15,285,District - Serchhip,Rural,Literate but below matric/secondary,Non-workers_Total_Females,4442.0,DDW-1500B-03ST.xlsx,03ST
B0303ST,15,285,District - Serchhip,Rural,Matric/secondary but below graduate,Non-workers_Total_Females,735.0,DDW-1500B-03ST.xlsx,03ST
B0303ST,15,285,District - Serchhip,Rural,Technical diploma or certificate not equal to degree,Non-workers_Total_Females,4.0,DDW-1500B-03ST.xlsx,03ST
B0303ST,15,285,District - Serchhip,Rural,Graduate and above other than technical degree,Non-workers_Total_Females,65.0,DDW-1500B-03ST.xlsx,03ST
B0303ST,15,285,District - Serchhip,Rural,Technical degree or diploma equal to degree or post-graduate degree,Non-workers_Total_Females,2.0,DDW-1500B-03ST.xlsx,03ST
B0303ST,15,285,District - Serchhip,Urban,Total,Non-workers_Total_Females,9537.0,DDW-1500B-03ST.xlsx,03ST
B0303ST,15,285,District - Serchhip,Urban,Illiterate,Non-workers_Total_Females,2148.0,DDW-1500B-03ST.xlsx,03ST
B0303ST,15,285,District - Serchhip,Urban,Literate,Non-workers_Total_Females,7389.0,DDW-1500B-03ST.xlsx,03ST
B0303ST,15,285,District - Serchhip,Urban,Literate but below matric/secondary,Non-workers_Total_Females,5565.0,DDW-1500B-03ST.xlsx,03ST
B0303ST,15,285,District - Serchhip,Urban,Matric/secondary but below graduate,Non-workers_Total_Females,1522.0,DDW-1500B-03ST.xlsx,03ST
B0303ST,15,285,District - Serchhip,Urban,Technical diploma or certificate not equal to degree,Non-workers_Total_Females,3.0,DDW-1500B-03ST.xlsx,03ST
B0303ST,15,285,District - Serchhip,Urban,Graduate and above other than technical degree,Non-workers_Total_Females,174.0,DDW-1500B-03ST.xlsx,03ST
B0303ST,15,285,District - Serchhip,Urban,Technical degree or diploma equal to degree or post-graduate degree,Non-workers_Total_Females,23.0,DDW-1500B-03ST.xlsx,03ST
B0303ST,15,286,District - Lunglei,Total,Total,Non-workers_Total_Females,44792.0,DDW-1500B-03ST.xlsx,03ST
B0303ST,15,286,District - Lunglei,Total,Illiterate,Non-workers_Total_Females,15814.0,DDW-1500B-03ST.xlsx,03ST
B0303ST,15,286,District - Lunglei,Total,Literate,Non-workers_Total_Females,28978.0,DDW-1500B-03ST.xlsx,03ST
B0303ST,15,286,District - Lunglei,Total,Literate but below matric/secondary,Non-workers_Total_Females,22992.0,DDW-1500B-03ST.xlsx,03ST
B0303ST,15,286,District - Lunglei,Total,Matric/secondary but below graduate,Non-workers_Total_Females,4839.0,DDW-1500B-03ST.xlsx,03ST
B0303ST,15,286,District - Lunglei,Total,Technical diploma or certificate not equal to degree,Non-workers_Total_Females,85.0,DDW-1500B-03ST.xlsx,03ST
B0303ST,15,286,District - Lunglei,Total,Graduate and above other than technical degree,Non-workers_Total_Females,595.0,DDW-1500B-03ST.xlsx,03ST
B0303ST,15,286,District - Lunglei,Total,Technical degree or diploma equal to degree or post-graduate degree,Non-workers_Total_Females,43.0,DDW-1500B-03ST.xlsx,03ST
B0303ST,15,286,District - Lunglei,Rural,Total,Non-workers_Total_Females,22269.0,DDW-1500B-03ST.xlsx,03ST
B0303ST,15,286,District - Lunglei,Rural,Illiterate,Non-workers_Total_Females,11494.0,DDW-1500B-03ST.xlsx,03ST
B0303ST,15,286,District - Lunglei,Rural,Literate,Non-workers_Total_Females,10775.0,DDW-1500B-03ST.xlsx,03ST
B0303ST,15,286,District - Lunglei,Rural,Literate but below matric/secondary,Non-workers_Total_Females,9772.0,DDW-1500B-03ST.xlsx,03ST
B0303ST,15,286,District - Lunglei,Rural,Matric/secondary but below graduate,Non-workers_Total_Females,762.0,DDW-1500B-03ST.xlsx,03ST
B0303ST,15,286,District - Lunglei,Rural,Technical diploma or certificate not equal to degree,Non-workers_Total_Females,4.0,DDW-1500B-03ST.xlsx,03ST
B0303ST,15,286,District - Lunglei,Rural,Graduate and above other than technical degree,Non-workers_Total_Females,56.0,DDW-1500B-03ST.xlsx,03ST
B0303ST,15,286,District - Lunglei,Rural,Technical degree or diploma equal to degree or post-graduate degree,Non-workers_Total_Females,3.0,DDW-1500B-03ST.xlsx,03ST
B0303ST,15,286,District - Lunglei,Urban,Total,Non-workers_Total_Females,22523.0,DDW-1500B-03ST.xlsx,03ST
B0303ST,15,286,District - Lunglei,Urban,Illiterate,Non-workers_Total_Females,4320.0,DDW-1500B-03ST.xlsx,03ST
B0303ST,15,286,District - Lunglei,Urban,Literate,Non-workers_Total_Females,18203.0,DDW-1500B-03ST.xlsx,03ST
B0303ST,15,286,District - Lunglei,Urban,Literate but below matric/secondary,Non-workers_Total_Females,13220.0,DDW-1500B-03ST.xlsx,03ST
B0303ST,15,286,District - Lunglei,Urban,Matric/secondary but below graduate,Non-workers_Total_Females,4077.0,DDW-1500B-03ST.xlsx,03ST
B0303ST,15,286,District - Lunglei,Urban,Technical diploma or certificate not equal to degree,Non-workers_Total_Females,81.0,DDW-1500B-03ST.xlsx,03ST
B0303ST,15,286,District - Lunglei,Urban,Graduate and above other than technical degree,Non-workers_Total_Females,539.0,DDW-1500B-03ST.xlsx,03ST
B0303ST,15,286,District - Lunglei,Urban,Technical degree or diploma equal to degree or post-graduate degree,Non-workers_Total_Females,40.0,DDW-1500B-03ST.xlsx,03ST
B0303ST,15,287,District - Lawngtlai,Total,Total,Non-workers_Total_Females,38824.0,DDW-1500B-03ST.xlsx,03ST
B0303ST,15,287,District - Lawngtlai,Total,Illiterate,Non-workers_Total_Females,19874.0,DDW-1500B-03ST.xlsx,03ST
B0303ST,15,287,District - Lawngtlai,Total,Literate,Non-workers_Total_Females,18950.0,DDW-1500B-03ST.xlsx,03ST
B0303ST,15,287,District - Lawngtlai,Total,Literate but below matric/secondary,Non-workers_Total_Females,15291.0,DDW-1500B-03ST.xlsx,03ST
B0303ST,15,287,District - Lawngtlai,Total,Matric/secondary but below graduate,Non-workers_Total_Females,2907.0,DDW-1500B-03ST.xlsx,03ST
B0303ST,15,287,District - Lawngtlai,Total,Technical diploma or certificate not equal to degree,Non-workers_Total_Females,6.0,DDW-1500B-03ST.xlsx,03ST
B0303ST,15,287,District - Lawngtlai,Total,Graduate and above other than technical degree,Non-workers_Total_Females,309.0,DDW-1500B-03ST.xlsx,03ST
B0303ST,15,287,District - Lawngtlai,Total,Technical degree or diploma equal to degree or post-graduate degree,Non-workers_Total_Females,21.0,DDW-1500B-03ST.xlsx,03ST
B0303ST,15,287,District - Lawngtlai,Rural,Total,Non-workers_Total_Females,30985.0,DDW-1500B-03ST.xlsx,03ST
B0303ST,15,287,District - Lawngtlai,Rural,Illiterate,Non-workers_Total_Females,18040.0,DDW-1500B-03ST.xlsx,03ST
B0303ST,15,287,District - Lawngtlai,Rural,Literate,Non-workers_Total_Females,12945.0,DDW-1500B-03ST.xlsx,03ST
B0303ST,15,287,District - Lawngtlai,Rural,Literate but below matric/secondary,Non-workers_Total_Females,11114.0,DDW-1500B-03ST.xlsx,03ST
B0303ST,15,287,District - Lawngtlai,Rural,Matric/secondary but below graduate,Non-workers_Total_Females,1359.0,DDW-1500B-03ST.xlsx,03ST
B0303ST,15,287,District - Lawngtlai,Rural,Technical diploma or certificate not equal to degree,Non-workers_Total_Females,2.0,DDW-1500B-03ST.xlsx,03ST
B0303ST,15,287,District - Lawngtlai,Rural,Graduate and above other than technical degree,Non-workers_Total_Females,131.0,DDW-1500B-03ST.xlsx,03ST
B0303ST,15,287,District - Lawngtlai,Rural,Technical degree or diploma equal to degree or post-graduate degree,Non-workers_Total_Females,9.0,DDW-1500B-03ST.xlsx,03ST
B0303ST,15,287,District - Lawngtlai,Urban,Total,Non-workers_Total_Females,7839.0,DDW-1500B-03ST.xlsx,03ST
B0303ST,15,287,District - Lawngtlai,Urban,Illiterate,Non-workers_Total_Females,1834.0,DDW-1500B-03ST.xlsx,03ST
B0303ST,15,287,District - Lawngtlai,Urban,Literate,Non-workers_Total_Females,6005.0,DDW-1500B-03ST.xlsx,03ST
B0303ST,15,287,District - Lawngtlai,Urban,Literate but below matric/secondary,Non-workers_Total_Females,4177.0,DDW-1500B-03ST.xlsx,03ST
B0303ST,15,287,District - Lawngtlai,Urban,Matric/secondary but below graduate,Non-workers_Total_Females,1548.0,DDW-1500B-03ST.xlsx,03ST
B0303ST,15,287,District - Lawngtlai,Urban,Technical diploma or certificate not equal to degree,Non-workers_Total_Females,4.0,DDW-1500B-03ST.xlsx,03ST
B0303ST,15,287,District - Lawngtlai,Urban,Graduate and above other than technical degree,Non-workers_Total_Females,178.0,DDW-1500B-03ST.xlsx,03ST
B0303ST,15,287,District - Lawngtlai,Urban,Technical degree or diploma equal to degree or post-graduate degree,Non-workers_Total_Females,12.0,DDW-1500B-03ST.xlsx,03ST
B0303ST,15,288,District - Saiha,Total,Total,Non-workers_Total_Females,20267.0,DDW-1500B-03ST.xlsx,03ST
B0303ST,15,288,District - Saiha,Total,Illiterate,Non-workers_Total_Females,6317.0,DDW-1500B-03ST.xlsx,03ST
B0303ST,15,288,District - Saiha,Total,Literate,Non-workers_Total_Females,13950.0,DDW-1500B-03ST.xlsx,03ST
B0303ST,15,288,District - Saiha,Total,Literate but below matric/secondary,Non-workers_Total_Females,10696.0,DDW-1500B-03ST.xlsx,03ST
B0303ST,15,288,District - Saiha,Total,Matric/secondary but below graduate,Non-workers_Total_Females,2791.0,DDW-1500B-03ST.xlsx,03ST
B0303ST,15,288,District - Saiha,Total,Technical diploma or certificate not equal to degree,Non-workers_Total_Females,7.0,DDW-1500B-03ST.xlsx,03ST
B0303ST,15,288,District - Saiha,Total,Graduate and above other than technical degree,Non-workers_Total_Females,240.0,DDW-1500B-03ST.xlsx,03ST
B0303ST,15,288,District - Saiha,Total,Technical degree or diploma equal to degree or post-graduate degree,Non-workers_Total_Females,14.0,DDW-1500B-03ST.xlsx,03ST
B0303ST,15,288,District - Saiha,Rural,Total,Non-workers_Total_Females,11096.0,DDW-1500B-03ST.xlsx,03ST
B0303ST,15,288,District - Saiha,Rural,Illiterate,Non-workers_Total_Females,4175.0,DDW-1500B-03ST.xlsx,03ST
B0303ST,15,288,District - Saiha,Rural,Literate,Non-workers_Total_Females,6921.0,DDW-1500B-03ST.xlsx,03ST
B0303ST,15,288,District - Saiha,Rural,Literate but below matric/secondary,Non-workers_Total_Females,5974.0,DDW-1500B-03ST.xlsx,03ST
B0303ST,15,288,District - Saiha,Rural,Matric/secondary but below graduate,Non-workers_Total_Females,770.0,DDW-1500B-03ST.xlsx,03ST
B0303ST,15,288,District - Saiha,Rural,Technical diploma or certificate not equal to degree,Non-workers_Total_Females,2.0,DDW-1500B-03ST.xlsx,03ST
B0303ST,15,288,District - Saiha,Rural,Graduate and above other than technical degree,Non-workers_Total_Females,53.0,DDW-1500B-03ST.xlsx,03ST
B0303ST,15,288,District - Saiha,Rural,Technical degree or diploma equal to degree or post-graduate degree,Non-workers_Total_Females,5.0,DDW-1500B-03ST.xlsx,03ST
B0303ST,15,288,District - Saiha,Urban,Total,Non-workers_Total_Females,9171.0,DDW-1500B-03ST.xlsx,03ST
B0303ST,15,288,District - Saiha,Urban,Illiterate,Non-workers_Total_Females,2142.0,DDW-1500B-03ST.xlsx,03ST
B0303ST,15,288,District - Saiha,Urban,Literate,Non-workers_Total_Females,7029.0,DDW-1500B-03ST.xlsx,03ST
B0303ST,15,288,District - Saiha,Urban,Literate but below matric/secondary,Non-workers_Total_Females,4722.0,DDW-1500B-03ST.xlsx,03ST
B0303ST,15,288,District - Saiha,Urban,Matric/secondary but below graduate,Non-workers_Total_Females,2021.0,DDW-1500B-03ST.xlsx,03ST
B0303ST,15,288,District - Saiha,Urban,Technical diploma or certificate not equal to degree,Non-workers_Total_Females,5.0,DDW-1500B-03ST.xlsx,03ST
B0303ST,15,288,District - Saiha,Urban,Graduate and above other than technical degree,Non-workers_Total_Females,187.0,DDW-1500B-03ST.xlsx,03ST
B0303ST,15,288,District - Saiha,Urban,Technical degree or diploma equal to degree or post-graduate degree,Non-workers_Total_Females,9.0,DDW-1500B-03ST.xlsx,03ST
B0303ST,15,000,State - MIZORAM,Total,Total,Non-workers_Seeking/availabe for work_Persons,50722.0,DDW-1500B-03ST.xlsx,03ST
B0303ST,15,000,State - MIZORAM,Total,Illiterate,Non-workers_Seeking/availabe for work_Persons,1849.0,DDW-1500B-03ST.xlsx,03ST
B0303ST,15,000,State - MIZORAM,Total,Literate,Non-workers_Seeking/availabe for work_Persons,48873.0,DDW-1500B-03ST.xlsx,03ST
B0303ST,15,000,State - MIZORAM,Total,Literate but below matric/secondary,Non-workers_Seeking/availabe for work_Persons,22474.0,DDW-1500B-03ST.xlsx,03ST
B0303ST,15,000,State - MIZORAM,Total,Matric/secondary but below graduate,Non-workers_Seeking/availabe for work_Persons,20261.0,DDW-1500B-03ST.xlsx,03ST
B0303ST,15,000,State - MIZORAM,Total,Technical diploma or certificate not equal to degree,Non-workers_Seeking/availabe for work_Persons,219.0,DDW-1500B-03ST.xlsx,03ST
B0303ST,15,000,State - MIZORAM,Total,Graduate and above other than technical degree,Non-workers_Seeking/availabe for work_Persons,4800.0,DDW-1500B-03ST.xlsx,03ST
B0303ST,15,000,State - MIZORAM,Total,Technical degree or diploma equal to degree or post-graduate degree,Non-workers_Seeking/availabe for work_Persons,586.0,DDW-1500B-03ST.xlsx,03ST
B0303ST,15,000,State - MIZORAM,Rural,Total,Non-workers_Seeking/availabe for work_Persons,13217.0,DDW-1500B-03ST.xlsx,03ST
B0303ST,15,000,State - MIZORAM,Rural,Illiterate,Non-workers_Seeking/availabe for work_Persons,1177.0,DDW-1500B-03ST.xlsx,03ST
B0303ST,15,000,State - MIZORAM,Rural,Literate,Non-workers_Seeking/availabe for work_Persons,12040.0,DDW-1500B-03ST.xlsx,03ST
B0303ST,15,000,State - MIZORAM,Rural,Literate but below matric/secondary,Non-workers_Seeking/availabe for work_Persons,6957.0,DDW-1500B-03ST.xlsx,03ST
B0303ST,15,000,State - MIZORAM,Rural,Matric/secondary but below graduate,Non-workers_Seeking/availabe for work_Persons,4143.0,DDW-1500B-03ST.xlsx,03ST
B0303ST,15,000,State - MIZORAM,Rural,Technical diploma or certificate not equal to degree,Non-workers_Seeking/availabe for work_Persons,19.0,DDW-1500B-03ST.xlsx,03ST
B0303ST,15,000,State - MIZORAM,Rural,Graduate and above other than technical degree,Non-workers_Seeking/availabe for work_Persons,689.0,DDW-1500B-03ST.xlsx,03ST
B0303ST,15,000,State - MIZORAM,Rural,Technical degree or diploma equal to degree or post-graduate degree,Non-workers_Seeking/availabe for work_Persons,71.0,DDW-1500B-03ST.xlsx,03ST
B0303ST,15,000,State - MIZORAM,Urban,Total,Non-workers_Seeking/availabe for work_Persons,37505.0,DDW-1500B-03ST.xlsx,03ST
B0303ST,15,000,State - MIZORAM,Urban,Illiterate,Non-workers_Seeking/availabe for work_Persons,672.0,DDW-1500B-03ST.xlsx,03ST
B0303ST,15,000,State - MIZORAM,Urban,Literate,Non-workers_Seeking/availabe for work_Persons,36833.0,DDW-1500B-03ST.xlsx,03ST
B0303ST,15,000,State - MIZORAM,Urban,Literate but below matric/secondary,Non-workers_Seeking/availabe for work_Persons,15517.0,DDW-1500B-03ST.xlsx,03ST
B0303ST,15,000,State - MIZORAM,Urban,Matric/secondary but below graduate,Non-workers_Seeking/availabe for work_Persons,16118.0,DDW-1500B-03ST.xlsx,03ST
B0303ST,15,000,State - MIZORAM,Urban,Technical diploma or certificate not equal to degree,Non-workers_Seeking/availabe for work_Persons,200.0,DDW-1500B-03ST.xlsx,03ST
B0303ST,15,000,State - MIZORAM,Urban,Graduate and above other than technical degree,Non-workers_Seeking/availabe for work_Persons,4111.0,DDW-1500B-03ST.xlsx,03ST
B0303ST,15,000,State - MIZORAM,Urban,Technical degree or diploma equal to degree or post-graduate degree,Non-workers_Seeking/availabe for work_Persons,515.0,DDW-1500B-03ST.xlsx,03ST
B0303ST,15,281,District - Mamit,Total,Total,Non-workers_Seeking/availabe for work_Persons,1378.0,DDW-1500B-03ST.xlsx,03ST
B0303ST,15,281,District - Mamit,Total,Illiterate,Non-workers_Seeking/availabe for work_Persons,44.0,DDW-1500B-03ST.xlsx,03ST
B0303ST,15,281,District - Mamit,Total,Literate,Non-workers_Seeking/availabe for work_Persons,1334.0,DDW-1500B-03ST.xlsx,03ST
B0303ST,15,281,District - Mamit,Total,Literate but below matric/secondary,Non-workers_Seeking/availabe for work_Persons,615.0,DDW-1500B-03ST.xlsx,03ST
B0303ST,15,281,District - Mamit,Total,Matric/secondary but below graduate,Non-workers_Seeking/availabe for work_Persons,575.0,DDW-1500B-03ST.xlsx,03ST
B0303ST,15,281,District - Mamit,Total,Technical diploma or certificate not equal to degree,Non-workers_Seeking/availabe for work_Persons,1.0,DDW-1500B-03ST.xlsx,03ST
B0303ST,15,281,District - Mamit,Total,Graduate and above other than technical degree,Non-workers_Seeking/availabe for work_Persons,114.0,DDW-1500B-03ST.xlsx,03ST
B0303ST,15,281,District - Mamit,Total,Technical degree or diploma equal to degree or post-graduate degree,Non-workers_Seeking/availabe for work_Persons,11.0,DDW-1500B-03ST.xlsx,03ST
B0303ST,15,281,District - Mamit,Rural,Total,Non-workers_Seeking/availabe for work_Persons,884.0,DDW-1500B-03ST.xlsx,03ST
B0303ST,15,281,District - Mamit,Rural,Illiterate,Non-workers_Seeking/availabe for work_Persons,39.0,DDW-1500B-03ST.xlsx,03ST
B0303ST,15,281,District - Mamit,Rural,Literate,Non-workers_Seeking/availabe for work_Persons,845.0,DDW-1500B-03ST.xlsx,03ST
B0303ST,15,281,District - Mamit,Rural,Literate but below matric/secondary,Non-workers_Seeking/availabe for work_Persons,401.0,DDW-1500B-03ST.xlsx,03ST
B0303ST,15,281,District - Mamit,Rural,Matric/secondary but below graduate,Non-workers_Seeking/availabe for work_Persons,359.0,DDW-1500B-03ST.xlsx,03ST
B0303ST,15,281,District - Mamit,Rural,Technical diploma or certificate not equal to degree,Non-workers_Seeking/availabe for work_Persons,1.0,DDW-1500B-03ST.xlsx,03ST
B0303ST,15,281,District - Mamit,Rural,Graduate and above other than technical degree,Non-workers_Seeking/availabe for work_Persons,69.0,DDW-1500B-03ST.xlsx,03ST
B0303ST,15,281,District - Mamit,Rural,Technical degree or diploma equal to degree or post-graduate degree,Non-workers_Seeking/availabe for work_Persons,7.0,DDW-1500B-03ST.xlsx,03ST
B0303ST,15,281,District - Mamit,Urban,Total,Non-workers_Seeking/availabe for work_Persons,494.0,DDW-1500B-03ST.xlsx,03ST
B0303ST,15,281,District - Mamit,Urban,Illiterate,Non-workers_Seeking/availabe for work_Persons,5.0,DDW-1500B-03ST.xlsx,03ST
B0303ST,15,281,District - Mamit,Urban,Literate,Non-workers_Seeking/availabe for work_Persons,489.0,DDW-1500B-03ST.xlsx,03ST
B0303ST,15,281,District - Mamit,Urban,Literate but below matric/secondary,Non-workers_Seeking/availabe for work_Persons,214.0,DDW-1500B-03ST.xlsx,03ST
B0303ST,15,281,District - Mamit,Urban,Matric/secondary but below graduate,Non-workers_Seeking/availabe for work_Persons,216.0,DDW-1500B-03ST.xlsx,03ST
B0303ST,15,281,District - Mamit,Urban,Technical diploma or certificate not equal to degree,Non-workers_Seeking/availabe for work_Persons,0.0,DDW-1500B-03ST.xlsx,03ST
B0303ST,15,281,District - Mamit,Urban,Graduate and above other than technical degree,Non-workers_Seeking/availabe for work_Persons,45.0,DDW-1500B-03ST.xlsx,03ST
B0303ST,15,281,District - Mamit,Urban,Technical degree or diploma equal to degree or post-graduate degree,Non-workers_Seeking/availabe for work_Persons,4.0,DDW-1500B-03ST.xlsx,03ST
B0303ST,15,282,District - Kolasib,Total,Total,Non-workers_Seeking/availabe for work_Persons,3513.0,DDW-1500B-03ST.xlsx,03ST
B0303ST,15,282,District - Kolasib,Total,Illiterate,Non-workers_Seeking/availabe for work_Persons,126.0,DDW-1500B-03ST.xlsx,03ST
B0303ST,15,282,District - Kolasib,Total,Literate,Non-workers_Seeking/availabe for work_Persons,3387.0,DDW-1500B-03ST.xlsx,03ST
B0303ST,15,282,District - Kolasib,Total,Literate but below matric/secondary,Non-workers_Seeking/availabe for work_Persons,1869.0,DDW-1500B-03ST.xlsx,03ST
B0303ST,15,282,District - Kolasib,Total,Matric/secondary but below graduate,Non-workers_Seeking/availabe for work_Persons,1184.0,DDW-1500B-03ST.xlsx,03ST
B0303ST,15,282,District - Kolasib,Total,Technical diploma or certificate not equal to degree,Non-workers_Seeking/availabe for work_Persons,7.0,DDW-1500B-03ST.xlsx,03ST
B0303ST,15,282,District - Kolasib,Total,Graduate and above other than technical degree,Non-workers_Seeking/availabe for work_Persons,242.0,DDW-1500B-03ST.xlsx,03ST
B0303ST,15,282,District - Kolasib,Total,Technical degree or diploma equal to degree or post-graduate degree,Non-workers_Seeking/availabe for work_Persons,28.0,DDW-1500B-03ST.xlsx,03ST
B0303ST,15,282,District - Kolasib,Rural,Total,Non-workers_Seeking/availabe for work_Persons,454.0,DDW-1500B-03ST.xlsx,03ST
B0303ST,15,282,District - Kolasib,Rural,Illiterate,Non-workers_Seeking/availabe for work_Persons,31.0,DDW-1500B-03ST.xlsx,03ST
B0303ST,15,282,District - Kolasib,Rural,Literate,Non-workers_Seeking/availabe for work_Persons,423.0,DDW-1500B-03ST.xlsx,03ST
B0303ST,15,282,District - Kolasib,Rural,Literate but below matric/secondary,Non-workers_Seeking/availabe for work_Persons,198.0,DDW-1500B-03ST.xlsx,03ST
B0303ST,15,282,District - Kolasib,Rural,Matric/secondary but below graduate,Non-workers_Seeking/availabe for work_Persons,176.0,DDW-1500B-03ST.xlsx,03ST
B0303ST,15,282,District - Kolasib,Rural,Technical diploma or certificate not equal to degree,Non-workers_Seeking/availabe for work_Persons,1.0,DDW-1500B-03ST.xlsx,03ST
B0303ST,15,282,District - Kolasib,Rural,Graduate and above other than technical degree,Non-workers_Seeking/availabe for work_Persons,32.0,DDW-1500B-03ST.xlsx,03ST
B0303ST,15,282,District - Kolasib,Rural,Technical degree or diploma equal to degree or post-graduate degree,Non-workers_Seeking/availabe for work_Persons,4.0,DDW-1500B-03ST.xlsx,03ST
B0303ST,15,282,District - Kolasib,Urban,Total,Non-workers_Seeking/availabe for work_Persons,3059.0,DDW-1500B-03ST.xlsx,03ST
B0303ST,15,282,District - Kolasib,Urban,Illiterate,Non-workers_Seeking/availabe for work_Persons,95.0,DDW-1500B-03ST.xlsx,03ST
B0303ST,15,282,District - Kolasib,Urban,Literate,Non-workers_Seeking/availabe for work_Persons,2964.0,DDW-1500B-03ST.xlsx,03ST
B0303ST,15,282,District - Kolasib,Urban,Literate but below matric/secondary,Non-workers_Seeking/availabe for work_Persons,1671.0,DDW-1500B-03ST.xlsx,03ST
B0303ST,15,282,District - Kolasib,Urban,Matric/secondary but below graduate,Non-workers_Seeking/availabe for work_Persons,1008.0,DDW-1500B-03ST.xlsx,03ST
B0303ST,15,282,District - Kolasib,Urban,Technical diploma or certificate not equal to degree,Non-workers_Seeking/availabe for work_Persons,6.0,DDW-1500B-03ST.xlsx,03ST
B0303ST,15,282,District - Kolasib,Urban,Graduate and above other than technical degree,Non-workers_Seeking/availabe for work_Persons,210.0,DDW-1500B-03ST.xlsx,03ST
B0303ST,15,282,District - Kolasib,Urban,Technical degree or diploma equal to degree or post-graduate degree,Non-workers_Seeking/availabe for work_Persons,24.0,DDW-1500B-03ST.xlsx,03ST
B0303ST,15,283,District - Aizawl,Total,Total,Non-workers_Seeking/availabe for work_Persons,21191.0,DDW-1500B-03ST.xlsx,03ST
B0303ST,15,283,District - Aizawl,Total,Illiterate,Non-workers_Seeking/availabe for work_Persons,462.0,DDW-1500B-03ST.xlsx,03ST
B0303ST,15,283,District - Aizawl,Total,Literate,Non-workers_Seeking/availabe for work_Persons,20729.0,DDW-1500B-03ST.xlsx,03ST
B0303ST,15,283,District - Aizawl,Total,Literate but below matric/secondary,Non-workers_Seeking/availabe for work_Persons,8272.0,DDW-1500B-03ST.xlsx,03ST
B0303ST,15,283,District - Aizawl,Total,Matric/secondary but below graduate,Non-workers_Seeking/availabe for work_Persons,9241.0,DDW-1500B-03ST.xlsx,03ST
B0303ST,15,283,District - Aizawl,Total,Technical diploma or certificate not equal to degree,Non-workers_Seeking/availabe for work_Persons,82.0,DDW-1500B-03ST.xlsx,03ST
B0303ST,15,283,District - Aizawl,Total,Graduate and above other than technical degree,Non-workers_Seeking/availabe for work_Persons,2603.0,DDW-1500B-03ST.xlsx,03ST
B0303ST,15,283,District - Aizawl,Total,Technical degree or diploma equal to degree or post-graduate degree,Non-workers_Seeking/availabe for work_Persons,357.0,DDW-1500B-03ST.xlsx,03ST
B0303ST,15,283,District - Aizawl,Rural,Total,Non-workers_Seeking/availabe for work_Persons,3557.0,DDW-1500B-03ST.xlsx,03ST
B0303ST,15,283,District - Aizawl,Rural,Illiterate,Non-workers_Seeking/availabe for work_Persons,205.0,DDW-1500B-03ST.xlsx,03ST
B0303ST,15,283,District - Aizawl,Rural,Literate,Non-workers_Seeking/availabe for work_Persons,3352.0,DDW-1500B-03ST.xlsx,03ST
B0303ST,15,283,District - Aizawl,Rural,Literate but below matric/secondary,Non-workers_Seeking/availabe for work_Persons,2193.0,DDW-1500B-03ST.xlsx,03ST
B0303ST,15,283,District - Aizawl,Rural,Matric/secondary but below graduate,Non-workers_Seeking/availabe for work_Persons,985.0,DDW-1500B-03ST.xlsx,03ST
B0303ST,15,283,District - Aizawl,Rural,Technical diploma or certificate not equal to degree,Non-workers_Seeking/availabe for work_Persons,3.0,DDW-1500B-03ST.xlsx,03ST
B0303ST,15,283,District - Aizawl,Rural,Graduate and above other than technical degree,Non-workers_Seeking/availabe for work_Persons,131.0,DDW-1500B-03ST.xlsx,03ST
B0303ST,15,283,District - Aizawl,Rural,Technical degree or diploma equal to degree or post-graduate degree,Non-workers_Seeking/availabe for work_Persons,14.0,DDW-1500B-03ST.xlsx,03ST
B0303ST,15,283,District - Aizawl,Urban,Total,Non-workers_Seeking/availabe for work_Persons,17634.0,DDW-1500B-03ST.xlsx,03ST
B0303ST,15,283,District - Aizawl,Urban,Illiterate,Non-workers_Seeking/availabe for work_Persons,257.0,DDW-1500B-03ST.xlsx,03ST
B0303ST,15,283,District - Aizawl,Urban,Literate,Non-workers_Seeking/availabe for work_Persons,17377.0,DDW-1500B-03ST.xlsx,03ST
B0303ST,15,283,District - Aizawl,Urban,Literate but below matric/secondary,Non-workers_Seeking/availabe for work_Persons,6079.0,DDW-1500B-03ST.xlsx,03ST
B0303ST,15,283,District - Aizawl,Urban,Matric/secondary but below graduate,Non-workers_Seeking/availabe for work_Persons,8256.0,DDW-1500B-03ST.xlsx,03ST
B0303ST,15,283,District - Aizawl,Urban,Technical diploma or certificate not equal to degree,Non-workers_Seeking/availabe for work_Persons,79.0,DDW-1500B-03ST.xlsx,03ST
B0303ST,15,283,District - Aizawl,Urban,Graduate and above other than technical degree,Non-workers_Seeking/availabe for work_Persons,2472.0,DDW-1500B-03ST.xlsx,03ST
B0303ST,15,283,District - Aizawl,Urban,Technical degree or diploma equal to degree or post-graduate degree,Non-workers_Seeking/availabe for work_Persons,343.0,DDW-1500B-03ST.xlsx,03ST
B0303ST,15,284,District - Champhai,Total,Total,Non-workers_Seeking/availabe for work_Persons,3953.0,DDW-1500B-03ST.xlsx,03ST
B0303ST,15,284,District - Champhai,Total,Illiterate,Non-workers_Seeking/availabe for work_Persons,102.0,DDW-1500B-03ST.xlsx,03ST
B0303ST,15,284,District - Champhai,Total,Literate,Non-workers_Seeking/availabe for work_Persons,3851.0,DDW-1500B-03ST.xlsx,03ST
B0303ST,15,284,District - Champhai,Total,Literate but below matric/secondary,Non-workers_Seeking/availabe for work_Persons,2092.0,DDW-1500B-03ST.xlsx,03ST
B0303ST,15,284,District - Champhai,Total,Matric/secondary but below graduate,Non-workers_Seeking/availabe for work_Persons,1372.0,DDW-1500B-03ST.xlsx,03ST
B0303ST,15,284,District - Champhai,Total,Technical diploma or certificate not equal to degree,Non-workers_Seeking/availabe for work_Persons,8.0,DDW-1500B-03ST.xlsx,03ST
B0303ST,15,284,District - Champhai,Total,Graduate and above other than technical degree,Non-workers_Seeking/availabe for work_Persons,299.0,DDW-1500B-03ST.xlsx,03ST
B0303ST,15,284,District - Champhai,Total,Technical degree or diploma equal to degree or post-graduate degree,Non-workers_Seeking/availabe for work_Persons,30.0,DDW-1500B-03ST.xlsx,03ST
B0303ST,15,284,District - Champhai,Rural,Total,Non-workers_Seeking/availabe for work_Persons,2037.0,DDW-1500B-03ST.xlsx,03ST
B0303ST,15,284,District - Champhai,Rural,Illiterate,Non-workers_Seeking/availabe for work_Persons,71.0,DDW-1500B-03ST.xlsx,03ST
B0303ST,15,284,District - Champhai,Rural,Literate,Non-workers_Seeking/availabe for work_Persons,1966.0,DDW-1500B-03ST.xlsx,03ST
B0303ST,15,284,District - Champhai,Rural,Literate but below matric/secondary,Non-workers_Seeking/availabe for work_Persons,1197.0,DDW-1500B-03ST.xlsx,03ST
B0303ST,15,284,District - Champhai,Rural,Matric/secondary but below graduate,Non-workers_Seeking/availabe for work_Persons,626.0,DDW-1500B-03ST.xlsx,03ST
B0303ST,15,284,District - Champhai,Rural,Technical diploma or certificate not equal to degree,Non-workers_Seeking/availabe for work_Persons,4.0,DDW-1500B-03ST.xlsx,03ST
B0303ST,15,284,District - Champhai,Rural,Graduate and above other than technical degree,Non-workers_Seeking/availabe for work_Persons,105.0,DDW-1500B-03ST.xlsx,03ST
B0303ST,15,284,District - Champhai,Rural,Technical degree or diploma equal to degree or post-graduate degree,Non-workers_Seeking/availabe for work_Persons,9.0,DDW-1500B-03ST.xlsx,03ST
B0303ST,15,284,District - Champhai,Urban,Total,Non-workers_Seeking/availabe for work_Persons,1916.0,DDW-1500B-03ST.xlsx,03ST
B0303ST,15,284,District - Champhai,Urban,Illiterate,Non-workers_Seeking/availabe for work_Persons,31.0,DDW-1500B-03ST.xlsx,03ST
B0303ST,15,284,District - Champhai,Urban,Literate,Non-workers_Seeking/availabe for work_Persons,1885.0,DDW-1500B-03ST.xlsx,03ST
B0303ST,15,284,District - Champhai,Urban,Literate but below matric/secondary,Non-workers_Seeking/availabe for work_Persons,895.0,DDW-1500B-03ST.xlsx,03ST
B0303ST,15,284,District - Champhai,Urban,Matric/secondary but below graduate,Non-workers_Seeking/availabe for work_Persons,746.0,DDW-1500B-03ST.xlsx,03ST
B0303ST,15,284,District - Champhai,Urban,Technical diploma or certificate not equal to degree,Non-workers_Seeking/availabe for work_Persons,4.0,DDW-1500B-03ST.xlsx,03ST
B0303ST,15,284,District - Champhai,Urban,Graduate and above other than technical degree,Non-workers_Seeking/availabe for work_Persons,194.0,DDW-1500B-03ST.xlsx,03ST
B0303ST,15,284,District - Champhai,Urban,Technical degree or diploma equal to degree or post-graduate degree,Non-workers_Seeking/availabe for work_Persons,21.0,DDW-1500B-03ST.xlsx,03ST
B0303ST,15,285,District - Serchhip,Total,Total,Non-workers_Seeking/availabe for work_Persons,2836.0,DDW-1500B-03ST.xlsx,03ST
B0303ST,15,285,District - Serchhip,Total,Illiterate,Non-workers_Seeking/availabe for work_Persons,39.0,DDW-1500B-03ST.xlsx,03ST
B0303ST,15,285,District - Serchhip,Total,Literate,Non-workers_Seeking/availabe for work_Persons,2797.0,DDW-1500B-03ST.xlsx,03ST
B0303ST,15,285,District - Serchhip,Total,Literate but below matric/secondary,Non-workers_Seeking/availabe for work_Persons,1321.0,DDW-1500B-03ST.xlsx,03ST
B0303ST,15,285,District - Serchhip,Total,Matric/secondary but below graduate,Non-workers_Seeking/availabe for work_Persons,1123.0,DDW-1500B-03ST.xlsx,03ST
B0303ST,15,285,District - Serchhip,Total,Technical diploma or certificate not equal to degree,Non-workers_Seeking/availabe for work_Persons,6.0,DDW-1500B-03ST.xlsx,03ST
B0303ST,15,285,District - Serchhip,Total,Graduate and above other than technical degree,Non-workers_Seeking/availabe for work_Persons,272.0,DDW-1500B-03ST.xlsx,03ST
B0303ST,15,285,District - Serchhip,Total,Technical degree or diploma equal to degree or post-graduate degree,Non-workers_Seeking/availabe for work_Persons,40.0,DDW-1500B-03ST.xlsx,03ST
B0303ST,15,285,District - Serchhip,Rural,Total,Non-workers_Seeking/availabe for work_Persons,1189.0,DDW-1500B-03ST.xlsx,03ST
B0303ST,15,285,District - Serchhip,Rural,Illiterate,Non-workers_Seeking/availabe for work_Persons,26.0,DDW-1500B-03ST.xlsx,03ST
B0303ST,15,285,District - Serchhip,Rural,Literate,Non-workers_Seeking/availabe for work_Persons,1163.0,DDW-1500B-03ST.xlsx,03ST
B0303ST,15,285,District - Serchhip,Rural,Literate but below matric/secondary,Non-workers_Seeking/availabe for work_Persons,656.0,DDW-1500B-03ST.xlsx,03ST
B0303ST,15,285,District - Serchhip,Rural,Matric/secondary but below graduate,Non-workers_Seeking/availabe for work_Persons,416.0,DDW-1500B-03ST.xlsx,03ST
B0303ST,15,285,District - Serchhip,Rural,Technical diploma or certificate not equal to degree,Non-workers_Seeking/availabe for work_Persons,3.0,DDW-1500B-03ST.xlsx,03ST
B0303ST,15,285,District - Serchhip,Rural,Graduate and above other than technical degree,Non-workers_Seeking/availabe for work_Persons,72.0,DDW-1500B-03ST.xlsx,03ST
B0303ST,15,285,District - Serchhip,Rural,Technical degree or diploma equal to degree or post-graduate degree,Non-workers_Seeking/availabe for work_Persons,6.0,DDW-1500B-03ST.xlsx,03ST
B0303ST,15,285,District - Serchhip,Urban,Total,Non-workers_Seeking/availabe for work_Persons,1647.0,DDW-1500B-03ST.xlsx,03ST
B0303ST,15,285,District - Serchhip,Urban,Illiterate,Non-workers_Seeking/availabe for work_Persons,13.0,DDW-1500B-03ST.xlsx,03ST
B0303ST,15,285,District - Serchhip,Urban,Literate,Non-workers_Seeking/availabe for work_Persons,1634.0,DDW-1500B-03ST.xlsx,03ST
B0303ST,15,285,District - Serchhip,Urban,Literate but below matric/secondary,Non-workers_Seeking/availabe for work_Persons,665.0,DDW-1500B-03ST.xlsx,03ST
B0303ST,15,285,District - Serchhip,Urban,Matric/secondary but below graduate,Non-workers_Seeking/availabe for work_Persons,707.0,DDW-1500B-03ST.xlsx,03ST
B0303ST,15,285,District - Serchhip,Urban,Technical diploma or certificate not equal to degree,Non-workers_Seeking/availabe for work_Persons,3.0,DDW-1500B-03ST.xlsx,03ST
B0303ST,15,285,District - Serchhip,Urban,Graduate and above other than technical degree,Non-workers_Seeking/availabe for work_Persons,200.0,DDW-1500B-03ST.xlsx,03ST
B0303ST,15,285,District - Serchhip,Urban,Technical degree or diploma equal to degree or post-graduate degree,Non-workers_Seeking/availabe for work_Persons,34.0,DDW-1500B-03ST.xlsx,03ST
B0303ST,15,286,District - Lunglei,Total,Total,Non-workers_Seeking/availabe for work_Persons,12143.0,DDW-1500B-03ST.xlsx,03ST
B0303ST,15,286,District - Lunglei,Total,Illiterate,Non-workers_Seeking/availabe for work_Persons,395.0,DDW-1500B-03ST.xlsx,03ST
B0303ST,15,286,District - Lunglei,Total,Literate,Non-workers_Seeking/availabe for work_Persons,11748.0,DDW-1500B-03ST.xlsx,03ST
B0303ST,15,286,District - Lunglei,Total,Literate but below matric/secondary,Non-workers_Seeking/availabe for work_Persons,6217.0,DDW-1500B-03ST.xlsx,03ST
B0303ST,15,286,District - Lunglei,Total,Matric/secondary but below graduate,Non-workers_Seeking/availabe for work_Persons,4501.0,DDW-1500B-03ST.xlsx,03ST
B0303ST,15,286,District - Lunglei,Total,Technical diploma or certificate not equal to degree,Non-workers_Seeking/availabe for work_Persons,107.0,DDW-1500B-03ST.xlsx,03ST
B0303ST,15,286,District - Lunglei,Total,Graduate and above other than technical degree,Non-workers_Seeking/availabe for work_Persons,720.0,DDW-1500B-03ST.xlsx,03ST
B0303ST,15,286,District - Lunglei,Total,Technical degree or diploma equal to degree or post-graduate degree,Non-workers_Seeking/availabe for work_Persons,73.0,DDW-1500B-03ST.xlsx,03ST
B0303ST,15,286,District - Lunglei,Rural,Total,Non-workers_Seeking/availabe for work_Persons,2272.0,DDW-1500B-03ST.xlsx,03ST
B0303ST,15,286,District - Lunglei,Rural,Illiterate,Non-workers_Seeking/availabe for work_Persons,190.0,DDW-1500B-03ST.xlsx,03ST
B0303ST,15,286,District - Lunglei,Rural,Literate,Non-workers_Seeking/availabe for work_Persons,2082.0,DDW-1500B-03ST.xlsx,03ST
B0303ST,15,286,District - Lunglei,Rural,Literate but below matric/secondary,Non-workers_Seeking/availabe for work_Persons,1277.0,DDW-1500B-03ST.xlsx,03ST
B0303ST,15,286,District - Lunglei,Rural,Matric/secondary but below graduate,Non-workers_Seeking/availabe for work_Persons,686.0,DDW-1500B-03ST.xlsx,03ST
B0303ST,15,286,District - Lunglei,Rural,Technical diploma or certificate not equal to degree,Non-workers_Seeking/availabe for work_Persons,4.0,DDW-1500B-03ST.xlsx,03ST
B0303ST,15,286,District - Lunglei,Rural,Graduate and above other than technical degree,Non-workers_Seeking/availabe for work_Persons,81.0,DDW-1500B-03ST.xlsx,03ST
B0303ST,15,286,District - Lunglei,Rural,Technical degree or diploma equal to degree or post-graduate degree,Non-workers_Seeking/availabe for work_Persons,3.0,DDW-1500B-03ST.xlsx,03ST
B0303ST,15,286,District - Lunglei,Urban,Total,Non-workers_Seeking/availabe for work_Persons,9871.0,DDW-1500B-03ST.xlsx,03ST
B0303ST,15,286,District - Lunglei,Urban,Illiterate,Non-workers_Seeking/availabe for work_Persons,205.0,DDW-1500B-03ST.xlsx,03ST
B0303ST,15,286,District - Lunglei,Urban,Literate,Non-workers_Seeking/availabe for work_Persons,9666.0,DDW-1500B-03ST.xlsx,03ST
B0303ST,15,286,District - Lunglei,Urban,Literate but below matric/secondary,Non-workers_Seeking/availabe for work_Persons,4940.0,DDW-1500B-03ST.xlsx,03ST
B0303ST,15,286,District - Lunglei,Urban,Matric/secondary but below graduate,Non-workers_Seeking/availabe for work_Persons,3815.0,DDW-1500B-03ST.xlsx,03ST
B0303ST,15,286,District - Lunglei,Urban,Technical diploma or certificate not equal to degree,Non-workers_Seeking/availabe for work_Persons,103.0,DDW-1500B-03ST.xlsx,03ST
B0303ST,15,286,District - Lunglei,Urban,Graduate and above other than technical degree,Non-workers_Seeking/availabe for work_Persons,639.0,DDW-1500B-03ST.xlsx,03ST
B0303ST,15,286,District - Lunglei,Urban,Technical degree or diploma equal to degree or post-graduate degree,Non-workers_Seeking/availabe for work_Persons,70.0,DDW-1500B-03ST.xlsx,03ST
B0303ST,15,287,District - Lawngtlai,Total,Total,Non-workers_Seeking/availabe for work_Persons,3677.0,DDW-1500B-03ST.xlsx,03ST
B0303ST,15,287,District - Lawngtlai,Total,Illiterate,Non-workers_Seeking/availabe for work_Persons,634.0,DDW-1500B-03ST.xlsx,03ST
B0303ST,15,287,District - Lawngtlai,Total,Literate,Non-workers_Seeking/availabe for work_Persons,3043.0,DDW-1500B-03ST.xlsx,03ST
B0303ST,15,287,District - Lawngtlai,Total,Literate but below matric/secondary,Non-workers_Seeking/availabe for work_Persons,1342.0,DDW-1500B-03ST.xlsx,03ST
B0303ST,15,287,District - Lawngtlai,Total,Matric/secondary but below graduate,Non-workers_Seeking/availabe for work_Persons,1283.0,DDW-1500B-03ST.xlsx,03ST
B0303ST,15,287,District - Lawngtlai,Total,Technical diploma or certificate not equal to degree,Non-workers_Seeking/availabe for work_Persons,3.0,DDW-1500B-03ST.xlsx,03ST
B0303ST,15,287,District - Lawngtlai,Total,Graduate and above other than technical degree,Non-workers_Seeking/availabe for work_Persons,335.0,DDW-1500B-03ST.xlsx,03ST
B0303ST,15,287,District - Lawngtlai,Total,Technical degree or diploma equal to degree or post-graduate degree,Non-workers_Seeking/availabe for work_Persons,33.0,DDW-1500B-03ST.xlsx,03ST
B0303ST,15,287,District - Lawngtlai,Rural,Total,Non-workers_Seeking/availabe for work_Persons,2042.0,DDW-1500B-03ST.xlsx,03ST
B0303ST,15,287,District - Lawngtlai,Rural,Illiterate,Non-workers_Seeking/availabe for work_Persons,582.0,DDW-1500B-03ST.xlsx,03ST
B0303ST,15,287,District - Lawngtlai,Rural,Literate,Non-workers_Seeking/availabe for work_Persons,1460.0,DDW-1500B-03ST.xlsx,03ST
B0303ST,15,287,District - Lawngtlai,Rural,Literate but below matric/secondary,Non-workers_Seeking/availabe for work_Persons,708.0,DDW-1500B-03ST.xlsx,03ST
B0303ST,15,287,District - Lawngtlai,Rural,Matric/secondary but below graduate,Non-workers_Seeking/availabe for work_Persons,543.0,DDW-1500B-03ST.xlsx,03ST
B0303ST,15,287,District - Lawngtlai,Rural,Technical diploma or certificate not equal to degree,Non-workers_Seeking/availabe for work_Persons,2.0,DDW-1500B-03ST.xlsx,03ST
B0303ST,15,287,District - Lawngtlai,Rural,Graduate and above other than technical degree,Non-workers_Seeking/availabe for work_Persons,151.0,DDW-1500B-03ST.xlsx,03ST
B0303ST,15,287,District - Lawngtlai,Rural,Technical degree or diploma equal to degree or post-graduate degree,Non-workers_Seeking/availabe for work_Persons,21.0,DDW-1500B-03ST.xlsx,03ST
B0303ST,15,287,District - Lawngtlai,Urban,Total,Non-workers_Seeking/availabe for work_Persons,1635.0,DDW-1500B-03ST.xlsx,03ST
B0303ST,15,287,District - Lawngtlai,Urban,Illiterate,Non-workers_Seeking/availabe for work_Persons,52.0,DDW-1500B-03ST.xlsx,03ST
B0303ST,15,287,District - Lawngtlai,Urban,Literate,Non-workers_Seeking/availabe for work_Persons,1583.0,DDW-1500B-03ST.xlsx,03ST
B0303ST,15,287,District - Lawngtlai,Urban,Literate but below matric/secondary,Non-workers_Seeking/availabe for work_Persons,634.0,DDW-1500B-03ST.xlsx,03ST
B0303ST,15,287,District - Lawngtlai,Urban,Matric/secondary but below graduate,Non-workers_Seeking/availabe for work_Persons,740.0,DDW-1500B-03ST.xlsx,03ST
B0303ST,15,287,District - Lawngtlai,Urban,Technical diploma or certificate not equal to degree,Non-workers_Seeking/availabe for work_Persons,1.0,DDW-1500B-03ST.xlsx,03ST
B0303ST,15,287,District - Lawngtlai,Urban,Graduate and above other than technical degree,Non-workers_Seeking/availabe for work_Persons,184.0,DDW-1500B-03ST.xlsx,03ST
B0303ST,15,287,District - Lawngtlai,Urban,Technical degree or diploma equal to degree or post-graduate degree,Non-workers_Seeking/availabe for work_Persons,12.0,DDW-1500B-03ST.xlsx,03ST
B0303ST,15,288,District - Saiha,Total,Total,Non-workers_Seeking/availabe for work_Persons,2031.0,DDW-1500B-03ST.xlsx,03ST
B0303ST,15,288,District - Saiha,Total,Illiterate,Non-workers_Seeking/availabe for work_Persons,47.0,DDW-1500B-03ST.xlsx,03ST
B0303ST,15,288,District - Saiha,Total,Literate,Non-workers_Seeking/availabe for work_Persons,1984.0,DDW-1500B-03ST.xlsx,03ST
B0303ST,15,288,District - Saiha,Total,Literate but below matric/secondary,Non-workers_Seeking/availabe for work_Persons,746.0,DDW-1500B-03ST.xlsx,03ST
B0303ST,15,288,District - Saiha,Total,Matric/secondary but below graduate,Non-workers_Seeking/availabe for work_Persons,982.0,DDW-1500B-03ST.xlsx,03ST
B0303ST,15,288,District - Saiha,Total,Technical diploma or certificate not equal to degree,Non-workers_Seeking/availabe for work_Persons,5.0,DDW-1500B-03ST.xlsx,03ST
B0303ST,15,288,District - Saiha,Total,Graduate and above other than technical degree,Non-workers_Seeking/availabe for work_Persons,215.0,DDW-1500B-03ST.xlsx,03ST
B0303ST,15,288,District - Saiha,Total,Technical degree or diploma equal to degree or post-graduate degree,Non-workers_Seeking/availabe for work_Persons,14.0,DDW-1500B-03ST.xlsx,03ST
B0303ST,15,288,District - Saiha,Rural,Total,Non-workers_Seeking/availabe for work_Persons,782.0,DDW-1500B-03ST.xlsx,03ST
B0303ST,15,288,District - Saiha,Rural,Illiterate,Non-workers_Seeking/availabe for work_Persons,33.0,DDW-1500B-03ST.xlsx,03ST
B0303ST,15,288,District - Saiha,Rural,Literate,Non-workers_Seeking/availabe for work_Persons,749.0,DDW-1500B-03ST.xlsx,03ST
B0303ST,15,288,District - Saiha,Rural,Literate but below matric/secondary,Non-workers_Seeking/availabe for work_Persons,327.0,DDW-1500B-03ST.xlsx,03ST
B0303ST,15,288,District - Saiha,Rural,Matric/secondary but below graduate,Non-workers_Seeking/availabe for work_Persons,352.0,DDW-1500B-03ST.xlsx,03ST
B0303ST,15,288,District - Saiha,Rural,Technical diploma or certificate not equal to degree,Non-workers_Seeking/availabe for work_Persons,1.0,DDW-1500B-03ST.xlsx,03ST
B0303ST,15,288,District - Saiha,Rural,Graduate and above other than technical degree,Non-workers_Seeking/availabe for work_Persons,48.0,DDW-1500B-03ST.xlsx,03ST
B0303ST,15,288,District - Saiha,Rural,Technical degree or diploma equal to degree or post-graduate degree,Non-workers_Seeking/availabe for work_Persons,7.0,DDW-1500B-03ST.xlsx,03ST
B0303ST,15,288,District - Saiha,Urban,Total,Non-workers_Seeking/availabe for work_Persons,1249.0,DDW-1500B-03ST.xlsx,03ST
B0303ST,15,288,District - Saiha,Urban,Illiterate,Non-workers_Seeking/availabe for work_Persons,14.0,DDW-1500B-03ST.xlsx,03ST
B0303ST,15,288,District - Saiha,Urban,Literate,Non-workers_Seeking/availabe for work_Persons,1235.0,DDW-1500B-03ST.xlsx,03ST
B0303ST,15,288,District - Saiha,Urban,Literate but below matric/secondary,Non-workers_Seeking/availabe for work_Persons,419.0,DDW-1500B-03ST.xlsx,03ST
B0303ST,15,288,District - Saiha,Urban,Matric/secondary but below graduate,Non-workers_Seeking/availabe for work_Persons,630.0,DDW-1500B-03ST.xlsx,03ST
B0303ST,15,288,District - Saiha,Urban,Technical diploma or certificate not equal to degree,Non-workers_Seeking/availabe for work_Persons,4.0,DDW-1500B-03ST.xlsx,03ST
B0303ST,15,288,District - Saiha,Urban,Graduate and above other than technical degree,Non-workers_Seeking/availabe for work_Persons,167.0,DDW-1500B-03ST.xlsx,03ST
B0303ST,15,288,District - Saiha,Urban,Technical degree or diploma equal to degree or post-graduate degree,Non-workers_Seeking/availabe for work_Persons,7.0,DDW-1500B-03ST.xlsx,03ST
B0303ST,15,000,State - MIZORAM,Total,Total,Non-workers_Seeking/availabe for work_Males,21329.0,DDW-1500B-03ST.xlsx,03ST
B0303ST,15,000,State - MIZORAM,Total,Illiterate,Non-workers_Seeking/availabe for work_Males,605.0,DDW-1500B-03ST.xlsx,03ST
B0303ST,15,000,State - MIZORAM,Total,Literate,Non-workers_Seeking/availabe for work_Males,20724.0,DDW-1500B-03ST.xlsx,03ST
B0303ST,15,000,State - MIZORAM,Total,Literate but below matric/secondary,Non-workers_Seeking/availabe for work_Males,8834.0,DDW-1500B-03ST.xlsx,03ST
B0303ST,15,000,State - MIZORAM,Total,Matric/secondary but below graduate,Non-workers_Seeking/availabe for work_Males,9079.0,DDW-1500B-03ST.xlsx,03ST
B0303ST,15,000,State - MIZORAM,Total,Technical diploma or certificate not equal to degree,Non-workers_Seeking/availabe for work_Males,78.0,DDW-1500B-03ST.xlsx,03ST
B0303ST,15,000,State - MIZORAM,Total,Graduate and above other than technical degree,Non-workers_Seeking/availabe for work_Males,2190.0,DDW-1500B-03ST.xlsx,03ST
B0303ST,15,000,State - MIZORAM,Total,Technical degree or diploma equal to degree or post-graduate degree,Non-workers_Seeking/availabe for work_Males,344.0,DDW-1500B-03ST.xlsx,03ST
B0303ST,15,000,State - MIZORAM,Rural,Total,Non-workers_Seeking/availabe for work_Males,5810.0,DDW-1500B-03ST.xlsx,03ST
B0303ST,15,000,State - MIZORAM,Rural,Illiterate,Non-workers_Seeking/availabe for work_Males,324.0,DDW-1500B-03ST.xlsx,03ST
B0303ST,15,000,State - MIZORAM,Rural,Literate,Non-workers_Seeking/availabe for work_Males,5486.0,DDW-1500B-03ST.xlsx,03ST
B0303ST,15,000,State - MIZORAM,Rural,Literate but below matric/secondary,Non-workers_Seeking/availabe for work_Males,2945.0,DDW-1500B-03ST.xlsx,03ST
B0303ST,15,000,State - MIZORAM,Rural,Matric/secondary but below graduate,Non-workers_Seeking/availabe for work_Males,2052.0,DDW-1500B-03ST.xlsx,03ST
B0303ST,15,000,State - MIZORAM,Rural,Technical diploma or certificate not equal to degree,Non-workers_Seeking/availabe for work_Males,11.0,DDW-1500B-03ST.xlsx,03ST
B0303ST,15,000,State - MIZORAM,Rural,Graduate and above other than technical degree,Non-workers_Seeking/availabe for work_Males,377.0,DDW-1500B-03ST.xlsx,03ST
B0303ST,15,000,State - MIZORAM,Rural,Technical degree or diploma equal to degree or post-graduate degree,Non-workers_Seeking/availabe for work_Males,47.0,DDW-1500B-03ST.xlsx,03ST
B0303ST,15,000,State - MIZORAM,Urban,Total,Non-workers_Seeking/availabe for work_Males,15519.0,DDW-1500B-03ST.xlsx,03ST
B0303ST,15,000,State - MIZORAM,Urban,Illiterate,Non-workers_Seeking/availabe for work_Males,281.0,DDW-1500B-03ST.xlsx,03ST
B0303ST,15,000,State - MIZORAM,Urban,Literate,Non-workers_Seeking/availabe for work_Males,15238.0,DDW-1500B-03ST.xlsx,03ST
B0303ST,15,000,State - MIZORAM,Urban,Literate but below matric/secondary,Non-workers_Seeking/availabe for work_Males,5889.0,DDW-1500B-03ST.xlsx,03ST
B0303ST,15,000,State - MIZORAM,Urban,Matric/secondary but below graduate,Non-workers_Seeking/availabe for work_Males,7027.0,DDW-1500B-03ST.xlsx,03ST
B0303ST,15,000,State - MIZORAM,Urban,Technical diploma or certificate not equal to degree,Non-workers_Seeking/availabe for work_Males,67.0,DDW-1500B-03ST.xlsx,03ST
B0303ST,15,000,State - MIZORAM,Urban,Graduate and above other than technical degree,Non-workers_Seeking/availabe for work_Males,1813.0,DDW-1500B-03ST.xlsx,03ST
B0303ST,15,000,State - MIZORAM,Urban,Technical degree or diploma equal to degree or post-graduate degree,Non-workers_Seeking/availabe for work_Males,297.0,DDW-1500B-03ST.xlsx,03ST
B0303ST,15,281,District - Mamit,Total,Total,Non-workers_Seeking/availabe for work_Males,585.0,DDW-1500B-03ST.xlsx,03ST
B0303ST,15,281,District - Mamit,Total,Illiterate,Non-workers_Seeking/availabe for work_Males,15.0,DDW-1500B-03ST.xlsx,03ST
B0303ST,15,281,District - Mamit,Total,Literate,Non-workers_Seeking/availabe for work_Males,570.0,DDW-1500B-03ST.xlsx,03ST
B0303ST,15,281,District - Mamit,Total,Literate but below matric/secondary,Non-workers_Seeking/availabe for work_Males,223.0,DDW-1500B-03ST.xlsx,03ST
B0303ST,15,281,District - Mamit,Total,Matric/secondary but below graduate,Non-workers_Seeking/availabe for work_Males,280.0,DDW-1500B-03ST.xlsx,03ST
B0303ST,15,281,District - Mamit,Total,Technical diploma or certificate not equal to degree,Non-workers_Seeking/availabe for work_Males,0.0,DDW-1500B-03ST.xlsx,03ST
B0303ST,15,281,District - Mamit,Total,Graduate and above other than technical degree,Non-workers_Seeking/availabe for work_Males,53.0,DDW-1500B-03ST.xlsx,03ST
B0303ST,15,281,District - Mamit,Total,Technical degree or diploma equal to degree or post-graduate degree,Non-workers_Seeking/availabe for work_Males,7.0,DDW-1500B-03ST.xlsx,03ST
B0303ST,15,281,District - Mamit,Rural,Total,Non-workers_Seeking/availabe for work_Males,399.0,DDW-1500B-03ST.xlsx,03ST
B0303ST,15,281,District - Mamit,Rural,Illiterate,Non-workers_Seeking/availabe for work_Males,15.0,DDW-1500B-03ST.xlsx,03ST
B0303ST,15,281,District - Mamit,Rural,Literate,Non-workers_Seeking/availabe for work_Males,384.0,DDW-1500B-03ST.xlsx,03ST
B0303ST,15,281,District - Mamit,Rural,Literate but below matric/secondary,Non-workers_Seeking/availabe for work_Males,158.0,DDW-1500B-03ST.xlsx,03ST
B0303ST,15,281,District - Mamit,Rural,Matric/secondary but below graduate,Non-workers_Seeking/availabe for work_Males,181.0,DDW-1500B-03ST.xlsx,03ST
B0303ST,15,281,District - Mamit,Rural,Technical diploma or certificate not equal to degree,Non-workers_Seeking/availabe for work_Males,0.0,DDW-1500B-03ST.xlsx,03ST
B0303ST,15,281,District - Mamit,Rural,Graduate and above other than technical degree,Non-workers_Seeking/availabe for work_Males,35.0,DDW-1500B-03ST.xlsx,03ST
B0303ST,15,281,District - Mamit,Rural,Technical degree or diploma equal to degree or post-graduate degree,Non-workers_Seeking/availabe for work_Males,5.0,DDW-1500B-03ST.xlsx,03ST
B0303ST,15,281,District - Mamit,Urban,Total,Non-workers_Seeking/availabe for work_Males,186.0,DDW-1500B-03ST.xlsx,03ST
B0303ST,15,281,District - Mamit,Urban,Illiterate,Non-workers_Seeking/availabe for work_Males,0.0,DDW-1500B-03ST.xlsx,03ST
B0303ST,15,281,District - Mamit,Urban,Literate,Non-workers_Seeking/availabe for work_Males,186.0,DDW-1500B-03ST.xlsx,03ST
B0303ST,15,281,District - Mamit,Urban,Literate but below matric/secondary,Non-workers_Seeking/availabe for work_Males,65.0,DDW-1500B-03ST.xlsx,03ST
B0303ST,15,281,District - Mamit,Urban,Matric/secondary but below graduate,Non-workers_Seeking/availabe for work_Males,99.0,DDW-1500B-03ST.xlsx,03ST
B0303ST,15,281,District - Mamit,Urban,Technical diploma or certificate not equal to degree,Non-workers_Seeking/availabe for work_Males,0.0,DDW-1500B-03ST.xlsx,03ST
B0303ST,15,281,District - Mamit,Urban,Graduate and above other than technical degree,Non-workers_Seeking/availabe for work_Males,18.0,DDW-1500B-03ST.xlsx,03ST
B0303ST,15,281,District - Mamit,Urban,Technical degree or diploma equal to degree or post-graduate degree,Non-workers_Seeking/availabe for work_Males,2.0,DDW-1500B-03ST.xlsx,03ST
B0303ST,15,282,District - Kolasib,Total,Total,Non-workers_Seeking/availabe for work_Males,1401.0,DDW-1500B-03ST.xlsx,03ST
B0303ST,15,282,District - Kolasib,Total,Illiterate,Non-workers_Seeking/availabe for work_Males,31.0,DDW-1500B-03ST.xlsx,03ST
B0303ST,15,282,District - Kolasib,Total,Literate,Non-workers_Seeking/availabe for work_Males,1370.0,DDW-1500B-03ST.xlsx,03ST
B0303ST,15,282,District - Kolasib,Total,Literate but below matric/secondary,Non-workers_Seeking/availabe for work_Males,691.0,DDW-1500B-03ST.xlsx,03ST
B0303ST,15,282,District - Kolasib,Total,Matric/secondary but below graduate,Non-workers_Seeking/availabe for work_Males,528.0,DDW-1500B-03ST.xlsx,03ST
B0303ST,15,282,District - Kolasib,Total,Technical diploma or certificate not equal to degree,Non-workers_Seeking/availabe for work_Males,2.0,DDW-1500B-03ST.xlsx,03ST
B0303ST,15,282,District - Kolasib,Total,Graduate and above other than technical degree,Non-workers_Seeking/availabe for work_Males,112.0,DDW-1500B-03ST.xlsx,03ST
B0303ST,15,282,District - Kolasib,Total,Technical degree or diploma equal to degree or post-graduate degree,Non-workers_Seeking/availabe for work_Males,21.0,DDW-1500B-03ST.xlsx,03ST
B0303ST,15,282,District - Kolasib,Rural,Total,Non-workers_Seeking/availabe for work_Males,203.0,DDW-1500B-03ST.xlsx,03ST
B0303ST,15,282,District - Kolasib,Rural,Illiterate,Non-workers_Seeking/availabe for work_Males,4.0,DDW-1500B-03ST.xlsx,03ST
B0303ST,15,282,District - Kolasib,Rural,Literate,Non-workers_Seeking/availabe for work_Males,199.0,DDW-1500B-03ST.xlsx,03ST
B0303ST,15,282,District - Kolasib,Rural,Literate but below matric/secondary,Non-workers_Seeking/availabe for work_Males,89.0,DDW-1500B-03ST.xlsx,03ST
B0303ST,15,282,District - Kolasib,Rural,Matric/secondary but below graduate,Non-workers_Seeking/availabe for work_Males,85.0,DDW-1500B-03ST.xlsx,03ST
B0303ST,15,282,District - Kolasib,Rural,Technical diploma or certificate not equal to degree,Non-workers_Seeking/availabe for work_Males,1.0,DDW-1500B-03ST.xlsx,03ST
B0303ST,15,282,District - Kolasib,Rural,Graduate and above other than technical degree,Non-workers_Seeking/availabe for work_Males,17.0,DDW-1500B-03ST.xlsx,03ST
B0303ST,15,282,District - Kolasib,Rural,Technical degree or diploma equal to degree or post-graduate degree,Non-workers_Seeking/availabe for work_Males,2.0,DDW-1500B-03ST.xlsx,03ST
B0303ST,15,282,District - Kolasib,Urban,Total,Non-workers_Seeking/availabe for work_Males,1198.0,DDW-1500B-03ST.xlsx,03ST
B0303ST,15,282,District - Kolasib,Urban,Illiterate,Non-workers_Seeking/availabe for work_Males,27.0,DDW-1500B-03ST.xlsx,03ST
B0303ST,15,282,District - Kolasib,Urban,Literate,Non-workers_Seeking/availabe for work_Males,1171.0,DDW-1500B-03ST.xlsx,03ST
B0303ST,15,282,District - Kolasib,Urban,Literate but below matric/secondary,Non-workers_Seeking/availabe for work_Males,602.0,DDW-1500B-03ST.xlsx,03ST
B0303ST,15,282,District - Kolasib,Urban,Matric/secondary but below graduate,Non-workers_Seeking/availabe for work_Males,443.0,DDW-1500B-03ST.xlsx,03ST
B0303ST,15,282,District - Kolasib,Urban,Technical diploma or certificate not equal to degree,Non-workers_Seeking/availabe for work_Males,1.0,DDW-1500B-03ST.xlsx,03ST
B0303ST,15,282,District - Kolasib,Urban,Graduate and above other than technical degree,Non-workers_Seeking/availabe for work_Males,95.0,DDW-1500B-03ST.xlsx,03ST
B0303ST,15,282,District - Kolasib,Urban,Technical degree or diploma equal to degree or post-graduate degree,Non-workers_Seeking/availabe for work_Males,19.0,DDW-1500B-03ST.xlsx,03ST
B0303ST,15,283,District - Aizawl,Total,Total,Non-workers_Seeking/availabe for work_Males,9355.0,DDW-1500B-03ST.xlsx,03ST
B0303ST,15,283,District - Aizawl,Total,Illiterate,Non-workers_Seeking/availabe for work_Males,225.0,DDW-1500B-03ST.xlsx,03ST
B0303ST,15,283,District - Aizawl,Total,Literate,Non-workers_Seeking/availabe for work_Males,9130.0,DDW-1500B-03ST.xlsx,03ST
B0303ST,15,283,District - Aizawl,Total,Literate but below matric/secondary,Non-workers_Seeking/availabe for work_Males,3500.0,DDW-1500B-03ST.xlsx,03ST
B0303ST,15,283,District - Aizawl,Total,Matric/secondary but below graduate,Non-workers_Seeking/availabe for work_Males,4168.0,DDW-1500B-03ST.xlsx,03ST
B0303ST,15,283,District - Aizawl,Total,Technical diploma or certificate not equal to degree,Non-workers_Seeking/availabe for work_Males,35.0,DDW-1500B-03ST.xlsx,03ST
B0303ST,15,283,District - Aizawl,Total,Graduate and above other than technical degree,Non-workers_Seeking/availabe for work_Males,1145.0,DDW-1500B-03ST.xlsx,03ST
B0303ST,15,283,District - Aizawl,Total,Technical degree or diploma equal to degree or post-graduate degree,Non-workers_Seeking/availabe for work_Males,195.0,DDW-1500B-03ST.xlsx,03ST
B0303ST,15,283,District - Aizawl,Rural,Total,Non-workers_Seeking/availabe for work_Males,1715.0,DDW-1500B-03ST.xlsx,03ST
B0303ST,15,283,District - Aizawl,Rural,Illiterate,Non-workers_Seeking/availabe for work_Males,104.0,DDW-1500B-03ST.xlsx,03ST
B0303ST,15,283,District - Aizawl,Rural,Literate,Non-workers_Seeking/availabe for work_Males,1611.0,DDW-1500B-03ST.xlsx,03ST
B0303ST,15,283,District - Aizawl,Rural,Literate but below matric/secondary,Non-workers_Seeking/availabe for work_Males,1024.0,DDW-1500B-03ST.xlsx,03ST
B0303ST,15,283,District - Aizawl,Rural,Matric/secondary but below graduate,Non-workers_Seeking/availabe for work_Males,489.0,DDW-1500B-03ST.xlsx,03ST
B0303ST,15,283,District - Aizawl,Rural,Technical diploma or certificate not equal to degree,Non-workers_Seeking/availabe for work_Males,1.0,DDW-1500B-03ST.xlsx,03ST
B0303ST,15,283,District - Aizawl,Rural,Graduate and above other than technical degree,Non-workers_Seeking/availabe for work_Males,74.0,DDW-1500B-03ST.xlsx,03ST
B0303ST,15,283,District - Aizawl,Rural,Technical degree or diploma equal to degree or post-graduate degree,Non-workers_Seeking/availabe for work_Males,9.0,DDW-1500B-03ST.xlsx,03ST
B0303ST,15,283,District - Aizawl,Urban,Total,Non-workers_Seeking/availabe for work_Males,7640.0,DDW-1500B-03ST.xlsx,03ST
B0303ST,15,283,District - Aizawl,Urban,Illiterate,Non-workers_Seeking/availabe for work_Males,121.0,DDW-1500B-03ST.xlsx,03ST
B0303ST,15,283,District - Aizawl,Urban,Literate,Non-workers_Seeking/availabe for work_Males,7519.0,DDW-1500B-03ST.xlsx,03ST
B0303ST,15,283,District - Aizawl,Urban,Literate but below matric/secondary,Non-workers_Seeking/availabe for work_Males,2476.0,DDW-1500B-03ST.xlsx,03ST
B0303ST,15,283,District - Aizawl,Urban,Matric/secondary but below graduate,Non-workers_Seeking/availabe for work_Males,3679.0,DDW-1500B-03ST.xlsx,03ST
B0303ST,15,283,District - Aizawl,Urban,Technical diploma or certificate not equal to degree,Non-workers_Seeking/availabe for work_Males,34.0,DDW-1500B-03ST.xlsx,03ST
B0303ST,15,283,District - Aizawl,Urban,Graduate and above other than technical degree,Non-workers_Seeking/availabe for work_Males,1071.0,DDW-1500B-03ST.xlsx,03ST
B0303ST,15,283,District - Aizawl,Urban,Technical degree or diploma equal to degree or post-graduate degree,Non-workers_Seeking/availabe for work_Males,186.0,DDW-1500B-03ST.xlsx,03ST
B0303ST,15,284,District - Champhai,Total,Total,Non-workers_Seeking/availabe for work_Males,1599.0,DDW-1500B-03ST.xlsx,03ST
B0303ST,15,284,District - Champhai,Total,Illiterate,Non-workers_Seeking/availabe for work_Males,37.0,DDW-1500B-03ST.xlsx,03ST
B0303ST,15,284,District - Champhai,Total,Literate,Non-workers_Seeking/availabe for work_Males,1562.0,DDW-1500B-03ST.xlsx,03ST
B0303ST,15,284,District - Champhai,Total,Literate but below matric/secondary,Non-workers_Seeking/availabe for work_Males,750.0,DDW-1500B-03ST.xlsx,03ST
B0303ST,15,284,District - Champhai,Total,Matric/secondary but below graduate,Non-workers_Seeking/availabe for work_Males,637.0,DDW-1500B-03ST.xlsx,03ST
B0303ST,15,284,District - Champhai,Total,Technical diploma or certificate not equal to degree,Non-workers_Seeking/availabe for work_Males,5.0,DDW-1500B-03ST.xlsx,03ST
B0303ST,15,284,District - Champhai,Total,Graduate and above other than technical degree,Non-workers_Seeking/availabe for work_Males,135.0,DDW-1500B-03ST.xlsx,03ST
B0303ST,15,284,District - Champhai,Total,Technical degree or diploma equal to degree or post-graduate degree,Non-workers_Seeking/availabe for work_Males,20.0,DDW-1500B-03ST.xlsx,03ST
B0303ST,15,284,District - Champhai,Rural,Total,Non-workers_Seeking/availabe for work_Males,843.0,DDW-1500B-03ST.xlsx,03ST
B0303ST,15,284,District - Champhai,Rural,Illiterate,Non-workers_Seeking/availabe for work_Males,25.0,DDW-1500B-03ST.xlsx,03ST
B0303ST,15,284,District - Champhai,Rural,Literate,Non-workers_Seeking/availabe for work_Males,818.0,DDW-1500B-03ST.xlsx,03ST
B0303ST,15,284,District - Champhai,Rural,Literate but below matric/secondary,Non-workers_Seeking/availabe for work_Males,437.0,DDW-1500B-03ST.xlsx,03ST
B0303ST,15,284,District - Champhai,Rural,Matric/secondary but below graduate,Non-workers_Seeking/availabe for work_Males,310.0,DDW-1500B-03ST.xlsx,03ST
B0303ST,15,284,District - Champhai,Rural,Technical diploma or certificate not equal to degree,Non-workers_Seeking/availabe for work_Males,4.0,DDW-1500B-03ST.xlsx,03ST
B0303ST,15,284,District - Champhai,Rural,Graduate and above other than technical degree,Non-workers_Seeking/availabe for work_Males,54.0,DDW-1500B-03ST.xlsx,03ST
B0303ST,15,284,District - Champhai,Rural,Technical degree or diploma equal to degree or post-graduate degree,Non-workers_Seeking/availabe for work_Males,6.0,DDW-1500B-03ST.xlsx,03ST
B0303ST,15,284,District - Champhai,Urban,Total,Non-workers_Seeking/availabe for work_Males,756.0,DDW-1500B-03ST.xlsx,03ST
B0303ST,15,284,District - Champhai,Urban,Illiterate,Non-workers_Seeking/availabe for work_Males,12.0,DDW-1500B-03ST.xlsx,03ST
B0303ST,15,284,District - Champhai,Urban,Literate,Non-workers_Seeking/availabe for work_Males,744.0,DDW-1500B-03ST.xlsx,03ST
B0303ST,15,284,District - Champhai,Urban,Literate but below matric/secondary,Non-workers_Seeking/availabe for work_Males,313.0,DDW-1500B-03ST.xlsx,03ST
B0303ST,15,284,District - Champhai,Urban,Matric/secondary but below graduate,Non-workers_Seeking/availabe for work_Males,327.0,DDW-1500B-03ST.xlsx,03ST
B0303ST,15,284,District - Champhai,Urban,Technical diploma or certificate not equal to degree,Non-workers_Seeking/availabe for work_Males,1.0,DDW-1500B-03ST.xlsx,03ST
B0303ST,15,284,District - Champhai,Urban,Graduate and above other than technical degree,Non-workers_Seeking/availabe for work_Males,81.0,DDW-1500B-03ST.xlsx,03ST
B0303ST,15,284,District - Champhai,Urban,Technical degree or diploma equal to degree or post-graduate degree,Non-workers_Seeking/availabe for work_Males,14.0,DDW-1500B-03ST.xlsx,03ST
B0303ST,15,285,District - Serchhip,Total,Total,Non-workers_Seeking/availabe for work_Males,1235.0,DDW-1500B-03ST.xlsx,03ST
B0303ST,15,285,District - Serchhip,Total,Illiterate,Non-workers_Seeking/availabe for work_Males,22.0,DDW-1500B-03ST.xlsx,03ST
B0303ST,15,285,District - Serchhip,Total,Literate,Non-workers_Seeking/availabe for work_Males,1213.0,DDW-1500B-03ST.xlsx,03ST
B0303ST,15,285,District - Serchhip,Total,Literate but below matric/secondary,Non-workers_Seeking/availabe for work_Males,557.0,DDW-1500B-03ST.xlsx,03ST
B0303ST,15,285,District - Serchhip,Total,Matric/secondary but below graduate,Non-workers_Seeking/availabe for work_Males,488.0,DDW-1500B-03ST.xlsx,03ST
B0303ST,15,285,District - Serchhip,Total,Technical diploma or certificate not equal to degree,Non-workers_Seeking/availabe for work_Males,3.0,DDW-1500B-03ST.xlsx,03ST
B0303ST,15,285,District - Serchhip,Total,Graduate and above other than technical degree,Non-workers_Seeking/availabe for work_Males,130.0,DDW-1500B-03ST.xlsx,03ST
B0303ST,15,285,District - Serchhip,Total,Technical degree or diploma equal to degree or post-graduate degree,Non-workers_Seeking/availabe for work_Males,25.0,DDW-1500B-03ST.xlsx,03ST
B0303ST,15,285,District - Serchhip,Rural,Total,Non-workers_Seeking/availabe for work_Males,564.0,DDW-1500B-03ST.xlsx,03ST
B0303ST,15,285,District - Serchhip,Rural,Illiterate,Non-workers_Seeking/availabe for work_Males,17.0,DDW-1500B-03ST.xlsx,03ST
B0303ST,15,285,District - Serchhip,Rural,Literate,Non-workers_Seeking/availabe for work_Males,547.0,DDW-1500B-03ST.xlsx,03ST
B0303ST,15,285,District - Serchhip,Rural,Literate but below matric/secondary,Non-workers_Seeking/availabe for work_Males,295.0,DDW-1500B-03ST.xlsx,03ST
B0303ST,15,285,District - Serchhip,Rural,Matric/secondary but below graduate,Non-workers_Seeking/availabe for work_Males,210.0,DDW-1500B-03ST.xlsx,03ST
B0303ST,15,285,District - Serchhip,Rural,Technical diploma or certificate not equal to degree,Non-workers_Seeking/availabe for work_Males,1.0,DDW-1500B-03ST.xlsx,03ST
B0303ST,15,285,District - Serchhip,Rural,Graduate and above other than technical degree,Non-workers_Seeking/availabe for work_Males,36.0,DDW-1500B-03ST.xlsx,03ST
B0303ST,15,285,District - Serchhip,Rural,Technical degree or diploma equal to degree or post-graduate degree,Non-workers_Seeking/availabe for work_Males,4.0,DDW-1500B-03ST.xlsx,03ST
B0303ST,15,285,District - Serchhip,Urban,Total,Non-workers_Seeking/availabe for work_Males,671.0,DDW-1500B-03ST.xlsx,03ST
B0303ST,15,285,District - Serchhip,Urban,Illiterate,Non-workers_Seeking/availabe for work_Males,5.0,DDW-1500B-03ST.xlsx,03ST
B0303ST,15,285,District - Serchhip,Urban,Literate,Non-workers_Seeking/availabe for work_Males,666.0,DDW-1500B-03ST.xlsx,03ST
B0303ST,15,285,District - Serchhip,Urban,Literate but below matric/secondary,Non-workers_Seeking/availabe for work_Males,262.0,DDW-1500B-03ST.xlsx,03ST
B0303ST,15,285,District - Serchhip,Urban,Matric/secondary but below graduate,Non-workers_Seeking/availabe for work_Males,278.0,DDW-1500B-03ST.xlsx,03ST
B0303ST,15,285,District - Serchhip,Urban,Technical diploma or certificate not equal to degree,Non-workers_Seeking/availabe for work_Males,2.0,DDW-1500B-03ST.xlsx,03ST
B0303ST,15,285,District - Serchhip,Urban,Graduate and above other than technical degree,Non-workers_Seeking/availabe for work_Males,94.0,DDW-1500B-03ST.xlsx,03ST
B0303ST,15,285,District - Serchhip,Urban,Technical degree or diploma equal to degree or post-graduate degree,Non-workers_Seeking/availabe for work_Males,21.0,DDW-1500B-03ST.xlsx,03ST
B0303ST,15,286,District - Lunglei,Total,Total,Non-workers_Seeking/availabe for work_Males,4845.0,DDW-1500B-03ST.xlsx,03ST
B0303ST,15,286,District - Lunglei,Total,Illiterate,Non-workers_Seeking/availabe for work_Males,147.0,DDW-1500B-03ST.xlsx,03ST
B0303ST,15,286,District - Lunglei,Total,Literate,Non-workers_Seeking/availabe for work_Males,4698.0,DDW-1500B-03ST.xlsx,03ST
B0303ST,15,286,District - Lunglei,Total,Literate but below matric/secondary,Non-workers_Seeking/availabe for work_Males,2249.0,DDW-1500B-03ST.xlsx,03ST
B0303ST,15,286,District - Lunglei,Total,Matric/secondary but below graduate,Non-workers_Seeking/availabe for work_Males,2006.0,DDW-1500B-03ST.xlsx,03ST
B0303ST,15,286,District - Lunglei,Total,Technical diploma or certificate not equal to degree,Non-workers_Seeking/availabe for work_Males,28.0,DDW-1500B-03ST.xlsx,03ST
B0303ST,15,286,District - Lunglei,Total,Graduate and above other than technical degree,Non-workers_Seeking/availabe for work_Males,332.0,DDW-1500B-03ST.xlsx,03ST
B0303ST,15,286,District - Lunglei,Total,Technical degree or diploma equal to degree or post-graduate degree,Non-workers_Seeking/availabe for work_Males,41.0,DDW-1500B-03ST.xlsx,03ST
B0303ST,15,286,District - Lunglei,Rural,Total,Non-workers_Seeking/availabe for work_Males,996.0,DDW-1500B-03ST.xlsx,03ST
B0303ST,15,286,District - Lunglei,Rural,Illiterate,Non-workers_Seeking/availabe for work_Males,54.0,DDW-1500B-03ST.xlsx,03ST
B0303ST,15,286,District - Lunglei,Rural,Literate,Non-workers_Seeking/availabe for work_Males,942.0,DDW-1500B-03ST.xlsx,03ST
B0303ST,15,286,District - Lunglei,Rural,Literate but below matric/secondary,Non-workers_Seeking/availabe for work_Males,549.0,DDW-1500B-03ST.xlsx,03ST
B0303ST,15,286,District - Lunglei,Rural,Matric/secondary but below graduate,Non-workers_Seeking/availabe for work_Males,334.0,DDW-1500B-03ST.xlsx,03ST
B0303ST,15,286,District - Lunglei,Rural,Technical diploma or certificate not equal to degree,Non-workers_Seeking/availabe for work_Males,2.0,DDW-1500B-03ST.xlsx,03ST
B0303ST,15,286,District - Lunglei,Rural,Graduate and above other than technical degree,Non-workers_Seeking/availabe for work_Males,47.0,DDW-1500B-03ST.xlsx,03ST
B0303ST,15,286,District - Lunglei,Rural,Technical degree or diploma equal to degree or post-graduate degree,Non-workers_Seeking/availabe for work_Males,1.0,DDW-1500B-03ST.xlsx,03ST
B0303ST,15,286,District - Lunglei,Urban,Total,Non-workers_Seeking/availabe for work_Males,3849.0,DDW-1500B-03ST.xlsx,03ST
B0303ST,15,286,District - Lunglei,Urban,Illiterate,Non-workers_Seeking/availabe for work_Males,93.0,DDW-1500B-03ST.xlsx,03ST
B0303ST,15,286,District - Lunglei,Urban,Literate,Non-workers_Seeking/availabe for work_Males,3756.0,DDW-1500B-03ST.xlsx,03ST
B0303ST,15,286,District - Lunglei,Urban,Literate but below matric/secondary,Non-workers_Seeking/availabe for work_Males,1700.0,DDW-1500B-03ST.xlsx,03ST
B0303ST,15,286,District - Lunglei,Urban,Matric/secondary but below graduate,Non-workers_Seeking/availabe for work_Males,1672.0,DDW-1500B-03ST.xlsx,03ST
B0303ST,15,286,District - Lunglei,Urban,Technical diploma or certificate not equal to degree,Non-workers_Seeking/availabe for work_Males,26.0,DDW-1500B-03ST.xlsx,03ST
B0303ST,15,286,District - Lunglei,Urban,Graduate and above other than technical degree,Non-workers_Seeking/availabe for work_Males,285.0,DDW-1500B-03ST.xlsx,03ST
B0303ST,15,286,District - Lunglei,Urban,Technical degree or diploma equal to degree or post-graduate degree,Non-workers_Seeking/availabe for work_Males,40.0,DDW-1500B-03ST.xlsx,03ST
B0303ST,15,287,District - Lawngtlai,Total,Total,Non-workers_Seeking/availabe for work_Males,1459.0,DDW-1500B-03ST.xlsx,03ST
B0303ST,15,287,District - Lawngtlai,Total,Illiterate,Non-workers_Seeking/availabe for work_Males,114.0,DDW-1500B-03ST.xlsx,03ST
B0303ST,15,287,District - Lawngtlai,Total,Literate,Non-workers_Seeking/availabe for work_Males,1345.0,DDW-1500B-03ST.xlsx,03ST
B0303ST,15,287,District - Lawngtlai,Total,Literate but below matric/secondary,Non-workers_Seeking/availabe for work_Males,545.0,DDW-1500B-03ST.xlsx,03ST
B0303ST,15,287,District - Lawngtlai,Total,Matric/secondary but below graduate,Non-workers_Seeking/availabe for work_Males,583.0,DDW-1500B-03ST.xlsx,03ST
B0303ST,15,287,District - Lawngtlai,Total,Technical diploma or certificate not equal to degree,Non-workers_Seeking/availabe for work_Males,1.0,DDW-1500B-03ST.xlsx,03ST
B0303ST,15,287,District - Lawngtlai,Total,Graduate and above other than technical degree,Non-workers_Seeking/availabe for work_Males,174.0,DDW-1500B-03ST.xlsx,03ST
B0303ST,15,287,District - Lawngtlai,Total,Technical degree or diploma equal to degree or post-graduate degree,Non-workers_Seeking/availabe for work_Males,24.0,DDW-1500B-03ST.xlsx,03ST
B0303ST,15,287,District - Lawngtlai,Rural,Total,Non-workers_Seeking/availabe for work_Males,751.0,DDW-1500B-03ST.xlsx,03ST
B0303ST,15,287,District - Lawngtlai,Rural,Illiterate,Non-workers_Seeking/availabe for work_Males,96.0,DDW-1500B-03ST.xlsx,03ST
B0303ST,15,287,District - Lawngtlai,Rural,Literate,Non-workers_Seeking/availabe for work_Males,655.0,DDW-1500B-03ST.xlsx,03ST
B0303ST,15,287,District - Lawngtlai,Rural,Literate but below matric/secondary,Non-workers_Seeking/availabe for work_Males,259.0,DDW-1500B-03ST.xlsx,03ST
B0303ST,15,287,District - Lawngtlai,Rural,Matric/secondary but below graduate,Non-workers_Seeking/availabe for work_Males,285.0,DDW-1500B-03ST.xlsx,03ST
B0303ST,15,287,District - Lawngtlai,Rural,Technical diploma or certificate not equal to degree,Non-workers_Seeking/availabe for work_Males,1.0,DDW-1500B-03ST.xlsx,03ST
B0303ST,15,287,District - Lawngtlai,Rural,Graduate and above other than technical degree,Non-workers_Seeking/availabe for work_Males,84.0,DDW-1500B-03ST.xlsx,03ST
B0303ST,15,287,District - Lawngtlai,Rural,Technical degree or diploma equal to degree or post-graduate degree,Non-workers_Seeking/availabe for work_Males,15.0,DDW-1500B-03ST.xlsx,03ST
B0303ST,15,287,District - Lawngtlai,Urban,Total,Non-workers_Seeking/availabe for work_Males,708.0,DDW-1500B-03ST.xlsx,03ST
B0303ST,15,287,District - Lawngtlai,Urban,Illiterate,Non-workers_Seeking/availabe for work_Males,18.0,DDW-1500B-03ST.xlsx,03ST
B0303ST,15,287,District - Lawngtlai,Urban,Literate,Non-workers_Seeking/availabe for work_Males,690.0,DDW-1500B-03ST.xlsx,03ST
B0303ST,15,287,District - Lawngtlai,Urban,Literate but below matric/secondary,Non-workers_Seeking/availabe for work_Males,286.0,DDW-1500B-03ST.xlsx,03ST
B0303ST,15,287,District - Lawngtlai,Urban,Matric/secondary but below graduate,Non-workers_Seeking/availabe for work_Males,298.0,DDW-1500B-03ST.xlsx,03ST
B0303ST,15,287,District - Lawngtlai,Urban,Technical diploma or certificate not equal to degree,Non-workers_Seeking/availabe for work_Males,0.0,DDW-1500B-03ST.xlsx,03ST
B0303ST,15,287,District - Lawngtlai,Urban,Graduate and above other than technical degree,Non-workers_Seeking/availabe for work_Males,90.0,DDW-1500B-03ST.xlsx,03ST
B0303ST,15,287,District - Lawngtlai,Urban,Technical degree or diploma equal to degree or post-graduate degree,Non-workers_Seeking/availabe for work_Males,9.0,DDW-1500B-03ST.xlsx,03ST
B0303ST,15,288,District - Saiha,Total,Total,Non-workers_Seeking/availabe for work_Males,850.0,DDW-1500B-03ST.xlsx,03ST
B0303ST,15,288,District - Saiha,Total,Illiterate,Non-workers_Seeking/availabe for work_Males,14.0,DDW-1500B-03ST.xlsx,03ST
B0303ST,15,288,District - Saiha,Total,Literate,Non-workers_Seeking/availabe for work_Males,836.0,DDW-1500B-03ST.xlsx,03ST
B0303ST,15,288,District - Saiha,Total,Literate but below matric/secondary,Non-workers_Seeking/availabe for work_Males,319.0,DDW-1500B-03ST.xlsx,03ST
B0303ST,15,288,District - Saiha,Total,Matric/secondary but below graduate,Non-workers_Seeking/availabe for work_Males,389.0,DDW-1500B-03ST.xlsx,03ST
B0303ST,15,288,District - Saiha,Total,Technical diploma or certificate not equal to degree,Non-workers_Seeking/availabe for work_Males,4.0,DDW-1500B-03ST.xlsx,03ST
B0303ST,15,288,District - Saiha,Total,Graduate and above other than technical degree,Non-workers_Seeking/availabe for work_Males,109.0,DDW-1500B-03ST.xlsx,03ST
B0303ST,15,288,District - Saiha,Total,Technical degree or diploma equal to degree or post-graduate degree,Non-workers_Seeking/availabe for work_Males,11.0,DDW-1500B-03ST.xlsx,03ST
B0303ST,15,288,District - Saiha,Rural,Total,Non-workers_Seeking/availabe for work_Males,339.0,DDW-1500B-03ST.xlsx,03ST
B0303ST,15,288,District - Saiha,Rural,Illiterate,Non-workers_Seeking/availabe for work_Males,9.0,DDW-1500B-03ST.xlsx,03ST
B0303ST,15,288,District - Saiha,Rural,Literate,Non-workers_Seeking/availabe for work_Males,330.0,DDW-1500B-03ST.xlsx,03ST
B0303ST,15,288,District - Saiha,Rural,Literate but below matric/secondary,Non-workers_Seeking/availabe for work_Males,134.0,DDW-1500B-03ST.xlsx,03ST
B0303ST,15,288,District - Saiha,Rural,Matric/secondary but below graduate,Non-workers_Seeking/availabe for work_Males,158.0,DDW-1500B-03ST.xlsx,03ST
B0303ST,15,288,District - Saiha,Rural,Technical diploma or certificate not equal to degree,Non-workers_Seeking/availabe for work_Males,1.0,DDW-1500B-03ST.xlsx,03ST
B0303ST,15,288,District - Saiha,Rural,Graduate and above other than technical degree,Non-workers_Seeking/availabe for work_Males,30.0,DDW-1500B-03ST.xlsx,03ST
B0303ST,15,288,District - Saiha,Rural,Technical degree or diploma equal to degree or post-graduate degree,Non-workers_Seeking/availabe for work_Males,5.0,DDW-1500B-03ST.xlsx,03ST
B0303ST,15,288,District - Saiha,Urban,Total,Non-workers_Seeking/availabe for work_Males,511.0,DDW-1500B-03ST.xlsx,03ST
B0303ST,15,288,District - Saiha,Urban,Illiterate,Non-workers_Seeking/availabe for work_Males,5.0,DDW-1500B-03ST.xlsx,03ST
B0303ST,15,288,District - Saiha,Urban,Literate,Non-workers_Seeking/availabe for work_Males,506.0,DDW-1500B-03ST.xlsx,03ST
B0303ST,15,288,District - Saiha,Urban,Literate but below matric/secondary,Non-workers_Seeking/availabe for work_Males,185.0,DDW-1500B-03ST.xlsx,03ST
B0303ST,15,288,District - Saiha,Urban,Matric/secondary but below graduate,Non-workers_Seeking/availabe for work_Males,231.0,DDW-1500B-03ST.xlsx,03ST
B0303ST,15,288,District - Saiha,Urban,Technical diploma or certificate not equal to degree,Non-workers_Seeking/availabe for work_Males,3.0,DDW-1500B-03ST.xlsx,03ST
B0303ST,15,288,District - Saiha,Urban,Graduate and above other than technical degree,Non-workers_Seeking/availabe for work_Males,79.0,DDW-1500B-03ST.xlsx,03ST
B0303ST,15,288,District - Saiha,Urban,Technical degree or diploma equal to degree or post-graduate degree,Non-workers_Seeking/availabe for work_Males,6.0,DDW-1500B-03ST.xlsx,03ST
B0303ST,15,000,State - MIZORAM,Total,Total,Non-workers_Seeking/availabe for work_Females,29393.0,DDW-1500B-03ST.xlsx,03ST
B0303ST,15,000,State - MIZORAM,Total,Illiterate,Non-workers_Seeking/availabe for work_Females,1244.0,DDW-1500B-03ST.xlsx,03ST
B0303ST,15,000,State - MIZORAM,Total,Literate,Non-workers_Seeking/availabe for work_Females,28149.0,DDW-1500B-03ST.xlsx,03ST
B0303ST,15,000,State - MIZORAM,Total,Literate but below matric/secondary,Non-workers_Seeking/availabe for work_Females,13640.0,DDW-1500B-03ST.xlsx,03ST
B0303ST,15,000,State - MIZORAM,Total,Matric/secondary but below graduate,Non-workers_Seeking/availabe for work_Females,11182.0,DDW-1500B-03ST.xlsx,03ST
B0303ST,15,000,State - MIZORAM,Total,Technical diploma or certificate not equal to degree,Non-workers_Seeking/availabe for work_Females,141.0,DDW-1500B-03ST.xlsx,03ST
B0303ST,15,000,State - MIZORAM,Total,Graduate and above other than technical degree,Non-workers_Seeking/availabe for work_Females,2610.0,DDW-1500B-03ST.xlsx,03ST
B0303ST,15,000,State - MIZORAM,Total,Technical degree or diploma equal to degree or post-graduate degree,Non-workers_Seeking/availabe for work_Females,242.0,DDW-1500B-03ST.xlsx,03ST
B0303ST,15,000,State - MIZORAM,Rural,Total,Non-workers_Seeking/availabe for work_Females,7407.0,DDW-1500B-03ST.xlsx,03ST
B0303ST,15,000,State - MIZORAM,Rural,Illiterate,Non-workers_Seeking/availabe for work_Females,853.0,DDW-1500B-03ST.xlsx,03ST
B0303ST,15,000,State - MIZORAM,Rural,Literate,Non-workers_Seeking/availabe for work_Females,6554.0,DDW-1500B-03ST.xlsx,03ST
B0303ST,15,000,State - MIZORAM,Rural,Literate but below matric/secondary,Non-workers_Seeking/availabe for work_Females,4012.0,DDW-1500B-03ST.xlsx,03ST
B0303ST,15,000,State - MIZORAM,Rural,Matric/secondary but below graduate,Non-workers_Seeking/availabe for work_Females,2091.0,DDW-1500B-03ST.xlsx,03ST
B0303ST,15,000,State - MIZORAM,Rural,Technical diploma or certificate not equal to degree,Non-workers_Seeking/availabe for work_Females,8.0,DDW-1500B-03ST.xlsx,03ST
B0303ST,15,000,State - MIZORAM,Rural,Graduate and above other than technical degree,Non-workers_Seeking/availabe for work_Females,312.0,DDW-1500B-03ST.xlsx,03ST
B0303ST,15,000,State - MIZORAM,Rural,Technical degree or diploma equal to degree or post-graduate degree,Non-workers_Seeking/availabe for work_Females,24.0,DDW-1500B-03ST.xlsx,03ST
B0303ST,15,000,State - MIZORAM,Urban,Total,Non-workers_Seeking/availabe for work_Females,21986.0,DDW-1500B-03ST.xlsx,03ST
B0303ST,15,000,State - MIZORAM,Urban,Illiterate,Non-workers_Seeking/availabe for work_Females,391.0,DDW-1500B-03ST.xlsx,03ST
B0303ST,15,000,State - MIZORAM,Urban,Literate,Non-workers_Seeking/availabe for work_Females,21595.0,DDW-1500B-03ST.xlsx,03ST
B0303ST,15,000,State - MIZORAM,Urban,Literate but below matric/secondary,Non-workers_Seeking/availabe for work_Females,9628.0,DDW-1500B-03ST.xlsx,03ST
B0303ST,15,000,State - MIZORAM,Urban,Matric/secondary but below graduate,Non-workers_Seeking/availabe for work_Females,9091.0,DDW-1500B-03ST.xlsx,03ST
B0303ST,15,000,State - MIZORAM,Urban,Technical diploma or certificate not equal to degree,Non-workers_Seeking/availabe for work_Females,133.0,DDW-1500B-03ST.xlsx,03ST
B0303ST,15,000,State - MIZORAM,Urban,Graduate and above other than technical degree,Non-workers_Seeking/availabe for work_Females,2298.0,DDW-1500B-03ST.xlsx,03ST
B0303ST,15,000,State - MIZORAM,Urban,Technical degree or diploma equal to degree or post-graduate degree,Non-workers_Seeking/availabe for work_Females,218.0,DDW-1500B-03ST.xlsx,03ST
B0303ST,15,281,District - Mamit,Total,Total,Non-workers_Seeking/availabe for work_Females,793.0,DDW-1500B-03ST.xlsx,03ST
B0303ST,15,281,District - Mamit,Total,Illiterate,Non-workers_Seeking/availabe for work_Females,29.0,DDW-1500B-03ST.xlsx,03ST
B0303ST,15,281,District - Mamit,Total,Literate,Non-workers_Seeking/availabe for work_Females,764.0,DDW-1500B-03ST.xlsx,03ST
B0303ST,15,281,District - Mamit,Total,Literate but below matric/secondary,Non-workers_Seeking/availabe for work_Females,392.0,DDW-1500B-03ST.xlsx,03ST
B0303ST,15,281,District - Mamit,Total,Matric/secondary but below graduate,Non-workers_Seeking/availabe for work_Females,295.0,DDW-1500B-03ST.xlsx,03ST
B0303ST,15,281,District - Mamit,Total,Technical diploma or certificate not equal to degree,Non-workers_Seeking/availabe for work_Females,1.0,DDW-1500B-03ST.xlsx,03ST
B0303ST,15,281,District - Mamit,Total,Graduate and above other than technical degree,Non-workers_Seeking/availabe for work_Females,61.0,DDW-1500B-03ST.xlsx,03ST
B0303ST,15,281,District - Mamit,Total,Technical degree or diploma equal to degree or post-graduate degree,Non-workers_Seeking/availabe for work_Females,4.0,DDW-1500B-03ST.xlsx,03ST
B0303ST,15,281,District - Mamit,Rural,Total,Non-workers_Seeking/availabe for work_Females,485.0,DDW-1500B-03ST.xlsx,03ST
B0303ST,15,281,District - Mamit,Rural,Illiterate,Non-workers_Seeking/availabe for work_Females,24.0,DDW-1500B-03ST.xlsx,03ST
B0303ST,15,281,District - Mamit,Rural,Literate,Non-workers_Seeking/availabe for work_Females,461.0,DDW-1500B-03ST.xlsx,03ST
B0303ST,15,281,District - Mamit,Rural,Literate but below matric/secondary,Non-workers_Seeking/availabe for work_Females,243.0,DDW-1500B-03ST.xlsx,03ST
B0303ST,15,281,District - Mamit,Rural,Matric/secondary but below graduate,Non-workers_Seeking/availabe for work_Females,178.0,DDW-1500B-03ST.xlsx,03ST
B0303ST,15,281,District - Mamit,Rural,Technical diploma or certificate not equal to degree,Non-workers_Seeking/availabe for work_Females,1.0,DDW-1500B-03ST.xlsx,03ST
B0303ST,15,281,District - Mamit,Rural,Graduate and above other than technical degree,Non-workers_Seeking/availabe for work_Females,34.0,DDW-1500B-03ST.xlsx,03ST
B0303ST,15,281,District - Mamit,Rural,Technical degree or diploma equal to degree or post-graduate degree,Non-workers_Seeking/availabe for work_Females,2.0,DDW-1500B-03ST.xlsx,03ST
B0303ST,15,281,District - Mamit,Urban,Total,Non-workers_Seeking/availabe for work_Females,308.0,DDW-1500B-03ST.xlsx,03ST
B0303ST,15,281,District - Mamit,Urban,Illiterate,Non-workers_Seeking/availabe for work_Females,5.0,DDW-1500B-03ST.xlsx,03ST
B0303ST,15,281,District - Mamit,Urban,Literate,Non-workers_Seeking/availabe for work_Females,303.0,DDW-1500B-03ST.xlsx,03ST
B0303ST,15,281,District - Mamit,Urban,Literate but below matric/secondary,Non-workers_Seeking/availabe for work_Females,149.0,DDW-1500B-03ST.xlsx,03ST
B0303ST,15,281,District - Mamit,Urban,Matric/secondary but below graduate,Non-workers_Seeking/availabe for work_Females,117.0,DDW-1500B-03ST.xlsx,03ST
B0303ST,15,281,District - Mamit,Urban,Technical diploma or certificate not equal to degree,Non-workers_Seeking/availabe for work_Females,0.0,DDW-1500B-03ST.xlsx,03ST
B0303ST,15,281,District - Mamit,Urban,Graduate and above other than technical degree,Non-workers_Seeking/availabe for work_Females,27.0,DDW-1500B-03ST.xlsx,03ST
B0303ST,15,281,District - Mamit,Urban,Technical degree or diploma equal to degree or post-graduate degree,Non-workers_Seeking/availabe for work_Females,2.0,DDW-1500B-03ST.xlsx,03ST
B0303ST,15,282,District - Kolasib,Total,Total,Non-workers_Seeking/availabe for work_Females,2112.0,DDW-1500B-03ST.xlsx,03ST
B0303ST,15,282,District - Kolasib,Total,Illiterate,Non-workers_Seeking/availabe for work_Females,95.0,DDW-1500B-03ST.xlsx,03ST
B0303ST,15,282,District - Kolasib,Total,Literate,Non-workers_Seeking/availabe for work_Females,2017.0,DDW-1500B-03ST.xlsx,03ST
B0303ST,15,282,District - Kolasib,Total,Literate but below matric/secondary,Non-workers_Seeking/availabe for work_Females,1178.0,DDW-1500B-03ST.xlsx,03ST
B0303ST,15,282,District - Kolasib,Total,Matric/secondary but below graduate,Non-workers_Seeking/availabe for work_Females,656.0,DDW-1500B-03ST.xlsx,03ST
B0303ST,15,282,District - Kolasib,Total,Technical diploma or certificate not equal to degree,Non-workers_Seeking/availabe for work_Females,5.0,DDW-1500B-03ST.xlsx,03ST
B0303ST,15,282,District - Kolasib,Total,Graduate and above other than technical degree,Non-workers_Seeking/availabe for work_Females,130.0,DDW-1500B-03ST.xlsx,03ST
B0303ST,15,282,District - Kolasib,Total,Technical degree or diploma equal to degree or post-graduate degree,Non-workers_Seeking/availabe for work_Females,7.0,DDW-1500B-03ST.xlsx,03ST
B0303ST,15,282,District - Kolasib,Rural,Total,Non-workers_Seeking/availabe for work_Females,251.0,DDW-1500B-03ST.xlsx,03ST
B0303ST,15,282,District - Kolasib,Rural,Illiterate,Non-workers_Seeking/availabe for work_Females,27.0,DDW-1500B-03ST.xlsx,03ST
B0303ST,15,282,District - Kolasib,Rural,Literate,Non-workers_Seeking/availabe for work_Females,224.0,DDW-1500B-03ST.xlsx,03ST
B0303ST,15,282,District - Kolasib,Rural,Literate but below matric/secondary,Non-workers_Seeking/availabe for work_Females,109.0,DDW-1500B-03ST.xlsx,03ST
B0303ST,15,282,District - Kolasib,Rural,Matric/secondary but below graduate,Non-workers_Seeking/availabe for work_Females,91.0,DDW-1500B-03ST.xlsx,03ST
B0303ST,15,282,District - Kolasib,Rural,Technical diploma or certificate not equal to degree,Non-workers_Seeking/availabe for work_Females,0.0,DDW-1500B-03ST.xlsx,03ST
B0303ST,15,282,District - Kolasib,Rural,Graduate and above other than technical degree,Non-workers_Seeking/availabe for work_Females,15.0,DDW-1500B-03ST.xlsx,03ST
B0303ST,15,282,District - Kolasib,Rural,Technical degree or diploma equal to degree or post-graduate degree,Non-workers_Seeking/availabe for work_Females,2.0,DDW-1500B-03ST.xlsx,03ST
B0303ST,15,282,District - Kolasib,Urban,Total,Non-workers_Seeking/availabe for work_Females,1861.0,DDW-1500B-03ST.xlsx,03ST
B0303ST,15,282,District - Kolasib,Urban,Illiterate,Non-workers_Seeking/availabe for work_Females,68.0,DDW-1500B-03ST.xlsx,03ST
B0303ST,15,282,District - Kolasib,Urban,Literate,Non-workers_Seeking/availabe for work_Females,1793.0,DDW-1500B-03ST.xlsx,03ST
B0303ST,15,282,District - Kolasib,Urban,Literate but below matric/secondary,Non-workers_Seeking/availabe for work_Females,1069.0,DDW-1500B-03ST.xlsx,03ST
B0303ST,15,282,District - Kolasib,Urban,Matric/secondary but below graduate,Non-workers_Seeking/availabe for work_Females,565.0,DDW-1500B-03ST.xlsx,03ST
B0303ST,15,282,District - Kolasib,Urban,Technical diploma or certificate not equal to degree,Non-workers_Seeking/availabe for work_Females,5.0,DDW-1500B-03ST.xlsx,03ST
B0303ST,15,282,District - Kolasib,Urban,Graduate and above other than technical degree,Non-workers_Seeking/availabe for work_Females,115.0,DDW-1500B-03ST.xlsx,03ST
B0303ST,15,282,District - Kolasib,Urban,Technical degree or diploma equal to degree or post-graduate degree,Non-workers_Seeking/availabe for work_Females,5.0,DDW-1500B-03ST.xlsx,03ST
B0303ST,15,283,District - Aizawl,Total,Total,Non-workers_Seeking/availabe for work_Females,11836.0,DDW-1500B-03ST.xlsx,03ST
B0303ST,15,283,District - Aizawl,Total,Illiterate,Non-workers_Seeking/availabe for work_Females,237.0,DDW-1500B-03ST.xlsx,03ST
B0303ST,15,283,District - Aizawl,Total,Literate,Non-workers_Seeking/availabe for work_Females,11599.0,DDW-1500B-03ST.xlsx,03ST
B0303ST,15,283,District - Aizawl,Total,Literate but below matric/secondary,Non-workers_Seeking/availabe for work_Females,4772.0,DDW-1500B-03ST.xlsx,03ST
B0303ST,15,283,District - Aizawl,Total,Matric/secondary but below graduate,Non-workers_Seeking/availabe for work_Females,5073.0,DDW-1500B-03ST.xlsx,03ST
B0303ST,15,283,District - Aizawl,Total,Technical diploma or certificate not equal to degree,Non-workers_Seeking/availabe for work_Females,47.0,DDW-1500B-03ST.xlsx,03ST
B0303ST,15,283,District - Aizawl,Total,Graduate and above other than technical degree,Non-workers_Seeking/availabe for work_Females,1458.0,DDW-1500B-03ST.xlsx,03ST
B0303ST,15,283,District - Aizawl,Total,Technical degree or diploma equal to degree or post-graduate degree,Non-workers_Seeking/availabe for work_Females,162.0,DDW-1500B-03ST.xlsx,03ST
B0303ST,15,283,District - Aizawl,Rural,Total,Non-workers_Seeking/availabe for work_Females,1842.0,DDW-1500B-03ST.xlsx,03ST
B0303ST,15,283,District - Aizawl,Rural,Illiterate,Non-workers_Seeking/availabe for work_Females,101.0,DDW-1500B-03ST.xlsx,03ST
B0303ST,15,283,District - Aizawl,Rural,Literate,Non-workers_Seeking/availabe for work_Females,1741.0,DDW-1500B-03ST.xlsx,03ST
B0303ST,15,283,District - Aizawl,Rural,Literate but below matric/secondary,Non-workers_Seeking/availabe for work_Females,1169.0,DDW-1500B-03ST.xlsx,03ST
B0303ST,15,283,District - Aizawl,Rural,Matric/secondary but below graduate,Non-workers_Seeking/availabe for work_Females,496.0,DDW-1500B-03ST.xlsx,03ST
B0303ST,15,283,District - Aizawl,Rural,Technical diploma or certificate not equal to degree,Non-workers_Seeking/availabe for work_Females,2.0,DDW-1500B-03ST.xlsx,03ST
B0303ST,15,283,District - Aizawl,Rural,Graduate and above other than technical degree,Non-workers_Seeking/availabe for work_Females,57.0,DDW-1500B-03ST.xlsx,03ST
B0303ST,15,283,District - Aizawl,Rural,Technical degree or diploma equal to degree or post-graduate degree,Non-workers_Seeking/availabe for work_Females,5.0,DDW-1500B-03ST.xlsx,03ST
B0303ST,15,283,District - Aizawl,Urban,Total,Non-workers_Seeking/availabe for work_Females,9994.0,DDW-1500B-03ST.xlsx,03ST
B0303ST,15,283,District - Aizawl,Urban,Illiterate,Non-workers_Seeking/availabe for work_Females,136.0,DDW-1500B-03ST.xlsx,03ST
B0303ST,15,283,District - Aizawl,Urban,Literate,Non-workers_Seeking/availabe for work_Females,9858.0,DDW-1500B-03ST.xlsx,03ST
B0303ST,15,283,District - Aizawl,Urban,Literate but below matric/secondary,Non-workers_Seeking/availabe for work_Females,3603.0,DDW-1500B-03ST.xlsx,03ST
B0303ST,15,283,District - Aizawl,Urban,Matric/secondary but below graduate,Non-workers_Seeking/availabe for work_Females,4577.0,DDW-1500B-03ST.xlsx,03ST
B0303ST,15,283,District - Aizawl,Urban,Technical diploma or certificate not equal to degree,Non-workers_Seeking/availabe for work_Females,45.0,DDW-1500B-03ST.xlsx,03ST
B0303ST,15,283,District - Aizawl,Urban,Graduate and above other than technical degree,Non-workers_Seeking/availabe for work_Females,1401.0,DDW-1500B-03ST.xlsx,03ST
B0303ST,15,283,District - Aizawl,Urban,Technical degree or diploma equal to degree or post-graduate degree,Non-workers_Seeking/availabe for work_Females,157.0,DDW-1500B-03ST.xlsx,03ST
B0303ST,15,284,District - Champhai,Total,Total,Non-workers_Seeking/availabe for work_Females,2354.0,DDW-1500B-03ST.xlsx,03ST
B0303ST,15,284,District - Champhai,Total,Illiterate,Non-workers_Seeking/availabe for work_Females,65.0,DDW-1500B-03ST.xlsx,03ST
B0303ST,15,284,District - Champhai,Total,Literate,Non-workers_Seeking/availabe for work_Females,2289.0,DDW-1500B-03ST.xlsx,03ST
B0303ST,15,284,District - Champhai,Total,Literate but below matric/secondary,Non-workers_Seeking/availabe for work_Females,1342.0,DDW-1500B-03ST.xlsx,03ST
B0303ST,15,284,District - Champhai,Total,Matric/secondary but below graduate,Non-workers_Seeking/availabe for work_Females,735.0,DDW-1500B-03ST.xlsx,03ST
B0303ST,15,284,District - Champhai,Total,Technical diploma or certificate not equal to degree,Non-workers_Seeking/availabe for work_Females,3.0,DDW-1500B-03ST.xlsx,03ST
B0303ST,15,284,District - Champhai,Total,Graduate and above other than technical degree,Non-workers_Seeking/availabe for work_Females,164.0,DDW-1500B-03ST.xlsx,03ST
B0303ST,15,284,District - Champhai,Total,Technical degree or diploma equal to degree or post-graduate degree,Non-workers_Seeking/availabe for work_Females,10.0,DDW-1500B-03ST.xlsx,03ST
B0303ST,15,284,District - Champhai,Rural,Total,Non-workers_Seeking/availabe for work_Females,1194.0,DDW-1500B-03ST.xlsx,03ST
B0303ST,15,284,District - Champhai,Rural,Illiterate,Non-workers_Seeking/availabe for work_Females,46.0,DDW-1500B-03ST.xlsx,03ST
B0303ST,15,284,District - Champhai,Rural,Literate,Non-workers_Seeking/availabe for work_Females,1148.0,DDW-1500B-03ST.xlsx,03ST
B0303ST,15,284,District - Champhai,Rural,Literate but below matric/secondary,Non-workers_Seeking/availabe for work_Females,760.0,DDW-1500B-03ST.xlsx,03ST
B0303ST,15,284,District - Champhai,Rural,Matric/secondary but below graduate,Non-workers_Seeking/availabe for work_Females,316.0,DDW-1500B-03ST.xlsx,03ST
B0303ST,15,284,District - Champhai,Rural,Technical diploma or certificate not equal to degree,Non-workers_Seeking/availabe for work_Females,0.0,DDW-1500B-03ST.xlsx,03ST
B0303ST,15,284,District - Champhai,Rural,Graduate and above other than technical degree,Non-workers_Seeking/availabe for work_Females,51.0,DDW-1500B-03ST.xlsx,03ST
B0303ST,15,284,District - Champhai,Rural,Technical degree or diploma equal to degree or post-graduate degree,Non-workers_Seeking/availabe for work_Females,3.0,DDW-1500B-03ST.xlsx,03ST
B0303ST,15,284,District - Champhai,Urban,Total,Non-workers_Seeking/availabe for work_Females,1160.0,DDW-1500B-03ST.xlsx,03ST
B0303ST,15,284,District - Champhai,Urban,Illiterate,Non-workers_Seeking/availabe for work_Females,19.0,DDW-1500B-03ST.xlsx,03ST
B0303ST,15,284,District - Champhai,Urban,Literate,Non-workers_Seeking/availabe for work_Females,1141.0,DDW-1500B-03ST.xlsx,03ST
B0303ST,15,284,District - Champhai,Urban,Literate but below matric/secondary,Non-workers_Seeking/availabe for work_Females,582.0,DDW-1500B-03ST.xlsx,03ST
B0303ST,15,284,District - Champhai,Urban,Matric/secondary but below graduate,Non-workers_Seeking/availabe for work_Females,419.0,DDW-1500B-03ST.xlsx,03ST
B0303ST,15,284,District - Champhai,Urban,Technical diploma or certificate not equal to degree,Non-workers_Seeking/availabe for work_Females,3.0,DDW-1500B-03ST.xlsx,03ST
B0303ST,15,284,District - Champhai,Urban,Graduate and above other than technical degree,Non-workers_Seeking/availabe for work_Females,113.0,DDW-1500B-03ST.xlsx,03ST
B0303ST,15,284,District - Champhai,Urban,Technical degree or diploma equal to degree or post-graduate degree,Non-workers_Seeking/availabe for work_Females,7.0,DDW-1500B-03ST.xlsx,03ST
B0303ST,15,285,District - Serchhip,Total,Total,Non-workers_Seeking/availabe for work_Females,1601.0,DDW-1500B-03ST.xlsx,03ST
B0303ST,15,285,District - Serchhip,Total,Illiterate,Non-workers_Seeking/availabe for work_Females,17.0,DDW-1500B-03ST.xlsx,03ST
B0303ST,15,285,District - Serchhip,Total,Literate,Non-workers_Seeking/availabe for work_Females,1584.0,DDW-1500B-03ST.xlsx,03ST
B0303ST,15,285,District - Serchhip,Total,Literate but below matric/secondary,Non-workers_Seeking/availabe for work_Females,764.0,DDW-1500B-03ST.xlsx,03ST
B0303ST,15,285,District - Serchhip,Total,Matric/secondary but below graduate,Non-workers_Seeking/availabe for work_Females,635.0,DDW-1500B-03ST.xlsx,03ST
B0303ST,15,285,District - Serchhip,Total,Technical diploma or certificate not equal to degree,Non-workers_Seeking/availabe for work_Females,3.0,DDW-1500B-03ST.xlsx,03ST
B0303ST,15,285,District - Serchhip,Total,Graduate and above other than technical degree,Non-workers_Seeking/availabe for work_Females,142.0,DDW-1500B-03ST.xlsx,03ST
B0303ST,15,285,District - Serchhip,Total,Technical degree or diploma equal to degree or post-graduate degree,Non-workers_Seeking/availabe for work_Females,15.0,DDW-1500B-03ST.xlsx,03ST
B0303ST,15,285,District - Serchhip,Rural,Total,Non-workers_Seeking/availabe for work_Females,625.0,DDW-1500B-03ST.xlsx,03ST
B0303ST,15,285,District - Serchhip,Rural,Illiterate,Non-workers_Seeking/availabe for work_Females,9.0,DDW-1500B-03ST.xlsx,03ST
B0303ST,15,285,District - Serchhip,Rural,Literate,Non-workers_Seeking/availabe for work_Females,616.0,DDW-1500B-03ST.xlsx,03ST
B0303ST,15,285,District - Serchhip,Rural,Literate but below matric/secondary,Non-workers_Seeking/availabe for work_Females,361.0,DDW-1500B-03ST.xlsx,03ST
B0303ST,15,285,District - Serchhip,Rural,Matric/secondary but below graduate,Non-workers_Seeking/availabe for work_Females,206.0,DDW-1500B-03ST.xlsx,03ST
B0303ST,15,285,District - Serchhip,Rural,Technical diploma or certificate not equal to degree,Non-workers_Seeking/availabe for work_Females,2.0,DDW-1500B-03ST.xlsx,03ST
B0303ST,15,285,District - Serchhip,Rural,Graduate and above other than technical degree,Non-workers_Seeking/availabe for work_Females,36.0,DDW-1500B-03ST.xlsx,03ST
B0303ST,15,285,District - Serchhip,Rural,Technical degree or diploma equal to degree or post-graduate degree,Non-workers_Seeking/availabe for work_Females,2.0,DDW-1500B-03ST.xlsx,03ST
B0303ST,15,285,District - Serchhip,Urban,Total,Non-workers_Seeking/availabe for work_Females,976.0,DDW-1500B-03ST.xlsx,03ST
B0303ST,15,285,District - Serchhip,Urban,Illiterate,Non-workers_Seeking/availabe for work_Females,8.0,DDW-1500B-03ST.xlsx,03ST
B0303ST,15,285,District - Serchhip,Urban,Literate,Non-workers_Seeking/availabe for work_Females,968.0,DDW-1500B-03ST.xlsx,03ST
B0303ST,15,285,District - Serchhip,Urban,Literate but below matric/secondary,Non-workers_Seeking/availabe for work_Females,403.0,DDW-1500B-03ST.xlsx,03ST
B0303ST,15,285,District - Serchhip,Urban,Matric/secondary but below graduate,Non-workers_Seeking/availabe for work_Females,429.0,DDW-1500B-03ST.xlsx,03ST
B0303ST,15,285,District - Serchhip,Urban,Technical diploma or certificate not equal to degree,Non-workers_Seeking/availabe for work_Females,1.0,DDW-1500B-03ST.xlsx,03ST
B0303ST,15,285,District - Serchhip,Urban,Graduate and above other than technical degree,Non-workers_Seeking/availabe for work_Females,106.0,DDW-1500B-03ST.xlsx,03ST
B0303ST,15,285,District - Serchhip,Urban,Technical degree or diploma equal to degree or post-graduate degree,Non-workers_Seeking/availabe for work_Females,13.0,DDW-1500B-03ST.xlsx,03ST
B0303ST,15,286,District - Lunglei,Total,Total,Non-workers_Seeking/availabe for work_Females,7298.0,DDW-1500B-03ST.xlsx,03ST
B0303ST,15,286,District - Lunglei,Total,Illiterate,Non-workers_Seeking/availabe for work_Females,248.0,DDW-1500B-03ST.xlsx,03ST
B0303ST,15,286,District - Lunglei,Total,Literate,Non-workers_Seeking/availabe for work_Females,7050.0,DDW-1500B-03ST.xlsx,03ST
B0303ST,15,286,District - Lunglei,Total,Literate but below matric/secondary,Non-workers_Seeking/availabe for work_Females,3968.0,DDW-1500B-03ST.xlsx,03ST
B0303ST,15,286,District - Lunglei,Total,Matric/secondary but below graduate,Non-workers_Seeking/availabe for work_Females,2495.0,DDW-1500B-03ST.xlsx,03ST
B0303ST,15,286,District - Lunglei,Total,Technical diploma or certificate not equal to degree,Non-workers_Seeking/availabe for work_Females,79.0,DDW-1500B-03ST.xlsx,03ST
B0303ST,15,286,District - Lunglei,Total,Graduate and above other than technical degree,Non-workers_Seeking/availabe for work_Females,388.0,DDW-1500B-03ST.xlsx,03ST
B0303ST,15,286,District - Lunglei,Total,Technical degree or diploma equal to degree or post-graduate degree,Non-workers_Seeking/availabe for work_Females,32.0,DDW-1500B-03ST.xlsx,03ST
B0303ST,15,286,District - Lunglei,Rural,Total,Non-workers_Seeking/availabe for work_Females,1276.0,DDW-1500B-03ST.xlsx,03ST
B0303ST,15,286,District - Lunglei,Rural,Illiterate,Non-workers_Seeking/availabe for work_Females,136.0,DDW-1500B-03ST.xlsx,03ST
B0303ST,15,286,District - Lunglei,Rural,Literate,Non-workers_Seeking/availabe for work_Females,1140.0,DDW-1500B-03ST.xlsx,03ST
B0303ST,15,286,District - Lunglei,Rural,Literate but below matric/secondary,Non-workers_Seeking/availabe for work_Females,728.0,DDW-1500B-03ST.xlsx,03ST
B0303ST,15,286,District - Lunglei,Rural,Matric/secondary but below graduate,Non-workers_Seeking/availabe for work_Females,352.0,DDW-1500B-03ST.xlsx,03ST
B0303ST,15,286,District - Lunglei,Rural,Technical diploma or certificate not equal to degree,Non-workers_Seeking/availabe for work_Females,2.0,DDW-1500B-03ST.xlsx,03ST
B0303ST,15,286,District - Lunglei,Rural,Graduate and above other than technical degree,Non-workers_Seeking/availabe for work_Females,34.0,DDW-1500B-03ST.xlsx,03ST
B0303ST,15,286,District - Lunglei,Rural,Technical degree or diploma equal to degree or post-graduate degree,Non-workers_Seeking/availabe for work_Females,2.0,DDW-1500B-03ST.xlsx,03ST
B0303ST,15,286,District - Lunglei,Urban,Total,Non-workers_Seeking/availabe for work_Females,6022.0,DDW-1500B-03ST.xlsx,03ST
B0303ST,15,286,District - Lunglei,Urban,Illiterate,Non-workers_Seeking/availabe for work_Females,112.0,DDW-1500B-03ST.xlsx,03ST
B0303ST,15,286,District - Lunglei,Urban,Literate,Non-workers_Seeking/availabe for work_Females,5910.0,DDW-1500B-03ST.xlsx,03ST
B0303ST,15,286,District - Lunglei,Urban,Literate but below matric/secondary,Non-workers_Seeking/availabe for work_Females,3240.0,DDW-1500B-03ST.xlsx,03ST
B0303ST,15,286,District - Lunglei,Urban,Matric/secondary but below graduate,Non-workers_Seeking/availabe for work_Females,2143.0,DDW-1500B-03ST.xlsx,03ST
B0303ST,15,286,District - Lunglei,Urban,Technical diploma or certificate not equal to degree,Non-workers_Seeking/availabe for work_Females,77.0,DDW-1500B-03ST.xlsx,03ST
B0303ST,15,286,District - Lunglei,Urban,Graduate and above other than technical degree,Non-workers_Seeking/availabe for work_Females,354.0,DDW-1500B-03ST.xlsx,03ST
B0303ST,15,286,District - Lunglei,Urban,Technical degree or diploma equal to degree or post-graduate degree,Non-workers_Seeking/availabe for work_Females,30.0,DDW-1500B-03ST.xlsx,03ST
B0303ST,15,287,District - Lawngtlai,Total,Total,Non-workers_Seeking/availabe for work_Females,2218.0,DDW-1500B-03ST.xlsx,03ST
B0303ST,15,287,District - Lawngtlai,Total,Illiterate,Non-workers_Seeking/availabe for work_Females,520.0,DDW-1500B-03ST.xlsx,03ST
B0303ST,15,287,District - Lawngtlai,Total,Literate,Non-workers_Seeking/availabe for work_Females,1698.0,DDW-1500B-03ST.xlsx,03ST
B0303ST,15,287,District - Lawngtlai,Total,Literate but below matric/secondary,Non-workers_Seeking/availabe for work_Females,797.0,DDW-1500B-03ST.xlsx,03ST
B0303ST,15,287,District - Lawngtlai,Total,Matric/secondary but below graduate,Non-workers_Seeking/availabe for work_Females,700.0,DDW-1500B-03ST.xlsx,03ST
B0303ST,15,287,District - Lawngtlai,Total,Technical diploma or certificate not equal to degree,Non-workers_Seeking/availabe for work_Females,2.0,DDW-1500B-03ST.xlsx,03ST
B0303ST,15,287,District - Lawngtlai,Total,Graduate and above other than technical degree,Non-workers_Seeking/availabe for work_Females,161.0,DDW-1500B-03ST.xlsx,03ST
B0303ST,15,287,District - Lawngtlai,Total,Technical degree or diploma equal to degree or post-graduate degree,Non-workers_Seeking/availabe for work_Females,9.0,DDW-1500B-03ST.xlsx,03ST
B0303ST,15,287,District - Lawngtlai,Rural,Total,Non-workers_Seeking/availabe for work_Females,1291.0,DDW-1500B-03ST.xlsx,03ST
B0303ST,15,287,District - Lawngtlai,Rural,Illiterate,Non-workers_Seeking/availabe for work_Females,486.0,DDW-1500B-03ST.xlsx,03ST
B0303ST,15,287,District - Lawngtlai,Rural,Literate,Non-workers_Seeking/availabe for work_Females,805.0,DDW-1500B-03ST.xlsx,03ST
B0303ST,15,287,District - Lawngtlai,Rural,Literate but below matric/secondary,Non-workers_Seeking/availabe for work_Females,449.0,DDW-1500B-03ST.xlsx,03ST
B0303ST,15,287,District - Lawngtlai,Rural,Matric/secondary but below graduate,Non-workers_Seeking/availabe for work_Females,258.0,DDW-1500B-03ST.xlsx,03ST
B0303ST,15,287,District - Lawngtlai,Rural,Technical diploma or certificate not equal to degree,Non-workers_Seeking/availabe for work_Females,1.0,DDW-1500B-03ST.xlsx,03ST
B0303ST,15,287,District - Lawngtlai,Rural,Graduate and above other than technical degree,Non-workers_Seeking/availabe for work_Females,67.0,DDW-1500B-03ST.xlsx,03ST
B0303ST,15,287,District - Lawngtlai,Rural,Technical degree or diploma equal to degree or post-graduate degree,Non-workers_Seeking/availabe for work_Females,6.0,DDW-1500B-03ST.xlsx,03ST
B0303ST,15,287,District - Lawngtlai,Urban,Total,Non-workers_Seeking/availabe for work_Females,927.0,DDW-1500B-03ST.xlsx,03ST
B0303ST,15,287,District - Lawngtlai,Urban,Illiterate,Non-workers_Seeking/availabe for work_Females,34.0,DDW-1500B-03ST.xlsx,03ST
B0303ST,15,287,District - Lawngtlai,Urban,Literate,Non-workers_Seeking/availabe for work_Females,893.0,DDW-1500B-03ST.xlsx,03ST
B0303ST,15,287,District - Lawngtlai,Urban,Literate but below matric/secondary,Non-workers_Seeking/availabe for work_Females,348.0,DDW-1500B-03ST.xlsx,03ST
B0303ST,15,287,District - Lawngtlai,Urban,Matric/secondary but below graduate,Non-workers_Seeking/availabe for work_Females,442.0,DDW-1500B-03ST.xlsx,03ST
B0303ST,15,287,District - Lawngtlai,Urban,Technical diploma or certificate not equal to degree,Non-workers_Seeking/availabe for work_Females,1.0,DDW-1500B-03ST.xlsx,03ST
B0303ST,15,287,District - Lawngtlai,Urban,Graduate and above other than technical degree,Non-workers_Seeking/availabe for work_Females,94.0,DDW-1500B-03ST.xlsx,03ST
B0303ST,15,287,District - Lawngtlai,Urban,Technical degree or diploma equal to degree or post-graduate degree,Non-workers_Seeking/availabe for work_Females,3.0,DDW-1500B-03ST.xlsx,03ST
B0303ST,15,288,District - Saiha,Total,Total,Non-workers_Seeking/availabe for work_Females,1181.0,DDW-1500B-03ST.xlsx,03ST
B0303ST,15,288,District - Saiha,Total,Illiterate,Non-workers_Seeking/availabe for work_Females,33.0,DDW-1500B-03ST.xlsx,03ST
B0303ST,15,288,District - Saiha,Total,Literate,Non-workers_Seeking/availabe for work_Females,1148.0,DDW-1500B-03ST.xlsx,03ST
B0303ST,15,288,District - Saiha,Total,Literate but below matric/secondary,Non-workers_Seeking/availabe for work_Females,427.0,DDW-1500B-03ST.xlsx,03ST
B0303ST,15,288,District - Saiha,Total,Matric/secondary but below graduate,Non-workers_Seeking/availabe for work_Females,593.0,DDW-1500B-03ST.xlsx,03ST
B0303ST,15,288,District - Saiha,Total,Technical diploma or certificate not equal to degree,Non-workers_Seeking/availabe for work_Females,1.0,DDW-1500B-03ST.xlsx,03ST
B0303ST,15,288,District - Saiha,Total,Graduate and above other than technical degree,Non-workers_Seeking/availabe for work_Females,106.0,DDW-1500B-03ST.xlsx,03ST
B0303ST,15,288,District - Saiha,Total,Technical degree or diploma equal to degree or post-graduate degree,Non-workers_Seeking/availabe for work_Females,3.0,DDW-1500B-03ST.xlsx,03ST
B0303ST,15,288,District - Saiha,Rural,Total,Non-workers_Seeking/availabe for work_Females,443.0,DDW-1500B-03ST.xlsx,03ST
B0303ST,15,288,District - Saiha,Rural,Illiterate,Non-workers_Seeking/availabe for work_Females,24.0,DDW-1500B-03ST.xlsx,03ST
B0303ST,15,288,District - Saiha,Rural,Literate,Non-workers_Seeking/availabe for work_Females,419.0,DDW-1500B-03ST.xlsx,03ST
B0303ST,15,288,District - Saiha,Rural,Literate but below matric/secondary,Non-workers_Seeking/availabe for work_Females,193.0,DDW-1500B-03ST.xlsx,03ST
B0303ST,15,288,District - Saiha,Rural,Matric/secondary but below graduate,Non-workers_Seeking/availabe for work_Females,194.0,DDW-1500B-03ST.xlsx,03ST
B0303ST,15,288,District - Saiha,Rural,Technical diploma or certificate not equal to degree,Non-workers_Seeking/availabe for work_Females,0.0,DDW-1500B-03ST.xlsx,03ST
B0303ST,15,288,District - Saiha,Rural,Graduate and above other than technical degree,Non-workers_Seeking/availabe for work_Females,18.0,DDW-1500B-03ST.xlsx,03ST
B0303ST,15,288,District - Saiha,Rural,Technical degree or diploma equal to degree or post-graduate degree,Non-workers_Seeking/availabe for work_Females,2.0,DDW-1500B-03ST.xlsx,03ST
B0303ST,15,288,District - Saiha,Urban,Total,Non-workers_Seeking/availabe for work_Females,738.0,DDW-1500B-03ST.xlsx,03ST
B0303ST,15,288,District - Saiha,Urban,Illiterate,Non-workers_Seeking/availabe for work_Females,9.0,DDW-1500B-03ST.xlsx,03ST
B0303ST,15,288,District - Saiha,Urban,Literate,Non-workers_Seeking/availabe for work_Females,729.0,DDW-1500B-03ST.xlsx,03ST
B0303ST,15,288,District - Saiha,Urban,Literate but below matric/secondary,Non-workers_Seeking/availabe for work_Females,234.0,DDW-1500B-03ST.xlsx,03ST
B0303ST,15,288,District - Saiha,Urban,Matric/secondary but below graduate,Non-workers_Seeking/availabe for work_Females,399.0,DDW-1500B-03ST.xlsx,03ST
B0303ST,15,288,District - Saiha,Urban,Technical diploma or certificate not equal to degree,Non-workers_Seeking/availabe for work_Females,1.0,DDW-1500B-03ST.xlsx,03ST
B0303ST,15,288,District - Saiha,Urban,Graduate and above other than technical degree,Non-workers_Seeking/availabe for work_Females,88.0,DDW-1500B-03ST.xlsx,03ST
B0303ST,15,288,District - Saiha,Urban,Technical degree or diploma equal to degree or post-graduate degree,Non-workers_Seeking/availabe for work_Females,1.0,DDW-1500B-03ST.xlsx,03ST
