table_name,state_code,district_code,area_name,total_rural_urban,age_group,metric,value,source_file,dataset_code
B0301ST,16,000,State - TRIPURA (16),Total,Total,Population_Persons,1166813,DDW-1600B-01ST-Census.xls,01ST
B0301ST,16,000,State - TRIPURA (16),Total,5-14,Population_Persons,265280,DDW-1600B-01ST-Census.xls,01ST
B0301ST,16,000,State - TRIPURA (16),Total,15-34,Population_Persons,431640,DDW-1600B-01ST-Census.xls,01ST
B0301ST,16,000,State - TRIPURA (16),Total,35-59,Population_Persons,266378,DDW-1600B-01ST-Census.xls,01ST
B0301ST,16,000,State - TRIPURA (16),Total,60+,Population_Persons,79173,DDW-1600B-01ST-Census.xls,01ST
B0301ST,16,000,State - TRIPURA (16),Total,Age not stated,Population_Persons,442,DDW-1600B-01ST-Census.xls,01ST
B0301ST,16,000,State - TRIPURA (16),Total,15-59,Population_Persons,698018,DDW-1600B-01ST-Census.xls,01ST
B0301ST,16,000,State - TRIPURA (16),Rural,Total,Population_Persons,1117566,DDW-1600B-01ST-Census.xls,01ST
B0301ST,16,000,State - TRIPURA (16),Rural,5-14,Population_Persons,255773,DDW-1600B-01ST-Census.xls,01ST
B0301ST,16,000,State - TRIPURA (16),Rural,15-34,Population_Persons,412239,DDW-1600B-01ST-Census.xls,01ST
B0301ST,16,000,State - TRIPURA (16),Rural,35-59,Population_Persons,251923,DDW-1600B-01ST-Census.xls,01ST
B0301ST,16,000,State - TRIPURA (16),Rural,60+,Population_Persons,76676,DDW-1600B-01ST-Census.xls,01ST
B0301ST,16,000,State - TRIPURA (16),Rural,Age not stated,Population_Persons,425,DDW-1600B-01ST-Census.xls,01ST
B0301ST,16,000,State - TRIPURA (16),Rural,15-59,Population_Persons,664162,DDW-1600B-01ST-Census.xls,01ST
B0301ST,16,000,State - TRIPURA (16),Urban,Total,Population_Persons,49247,DDW-1600B-01ST-Census.xls,01ST
B0301ST,16,000,State - TRIPURA (16),Urban,5-14,Population_Persons,9507,DDW-1600B-01ST-Census.xls,01ST
B0301ST,16,000,State - TRIPURA (16),Urban,15-34,Population_Persons,19401,DDW-1600B-01ST-Census.xls,01ST
B0301ST,16,000,State - TRIPURA (16),Urban,35-59,Population_Persons,14455,DDW-1600B-01ST-Census.xls,01ST
B0301ST,16,000,State - TRIPURA (16),Urban,60+,Population_Persons,2497,DDW-1600B-01ST-Census.xls,01ST
B0301ST,16,000,State - TRIPURA (16),Urban,Age not stated,Population_Persons,17,DDW-1600B-01ST-Census.xls,01ST
B0301ST,16,000,State - TRIPURA (16),Urban,15-59,Population_Persons,33856,DDW-1600B-01ST-Census.xls,01ST
B0301ST,16,289,District - West Tripura  (01),Total,Total,Population_Persons,431944,DDW-1600B-01ST-Census.xls,01ST
B0301ST,16,289,District - West Tripura  (01),Total,5-14,Population_Persons,85017,DDW-1600B-01ST-Census.xls,01ST
B0301ST,16,289,District - West Tripura  (01),Total,15-34,Population_Persons,165888,DDW-1600B-01ST-Census.xls,01ST
B0301ST,16,289,District - West Tripura  (01),Total,35-59,Population_Persons,109546,DDW-1600B-01ST-Census.xls,01ST
B0301ST,16,289,District - West Tripura  (01),Total,60+,Population_Persons,33704,DDW-1600B-01ST-Census.xls,01ST
B0301ST,16,289,District - West Tripura  (01),Total,Age not stated,Population_Persons,209,DDW-1600B-01ST-Census.xls,01ST
B0301ST,16,289,District - West Tripura  (01),Total,15-59,Population_Persons,275434,DDW-1600B-01ST-Census.xls,01ST
B0301ST,16,289,District - West Tripura  (01),Rural,Total,Population_Persons,402746,DDW-1600B-01ST-Census.xls,01ST
B0301ST,16,289,District - West Tripura  (01),Rural,5-14,Population_Persons,80199,DDW-1600B-01ST-Census.xls,01ST
B0301ST,16,289,District - West Tripura  (01),Rural,15-34,Population_Persons,154384,DDW-1600B-01ST-Census.xls,01ST
B0301ST,16,289,District - West Tripura  (01),Rural,35-59,Population_Persons,99882,DDW-1600B-01ST-Census.xls,01ST
B0301ST,16,289,District - West Tripura  (01),Rural,60+,Population_Persons,32082,DDW-1600B-01ST-Census.xls,01ST
B0301ST,16,289,District - West Tripura  (01),Rural,Age not stated,Population_Persons,200,DDW-1600B-01ST-Census.xls,01ST
B0301ST,16,289,District - West Tripura  (01),Rural,15-59,Population_Persons,254266,DDW-1600B-01ST-Census.xls,01ST
B0301ST,16,289,District - West Tripura  (01),Urban,Total,Population_Persons,29198,DDW-1600B-01ST-Census.xls,01ST
B0301ST,16,289,District - West Tripura  (01),Urban,5-14,Population_Persons,4818,DDW-1600B-01ST-Census.xls,01ST
B0301ST,16,289,District - West Tripura  (01),Urban,15-34,Population_Persons,11504,DDW-1600B-01ST-Census.xls,01ST
B0301ST,16,289,District - West Tripura  (01),Urban,35-59,Population_Persons,9664,DDW-1600B-01ST-Census.xls,01ST
B0301ST,16,289,District - West Tripura  (01),Urban,60+,Population_Persons,1622,DDW-1600B-01ST-Census.xls,01ST
B0301ST,16,289,District - West Tripura  (01),Urban,Age not stated,Population_Persons,9,DDW-1600B-01ST-Census.xls,01ST
B0301ST,16,289,District - West Tripura  (01),Urban,15-59,Population_Persons,21168,DDW-1600B-01ST-Census.xls,01ST
B0301ST,16,290,District - South Tripura  (02),Total,Total,Population_Persons,344835,DDW-1600B-01ST-Census.xls,01ST
B0301ST,16,290,District - South Tripura  (02),Total,5-14,Population_Persons,84258,DDW-1600B-01ST-Census.xls,01ST
B0301ST,16,290,District - South Tripura  (02),Total,15-34,Population_Persons,123825,DDW-1600B-01ST-Census.xls,01ST
B0301ST,16,290,District - South Tripura  (02),Total,35-59,Population_Persons,75842,DDW-1600B-01ST-Census.xls,01ST
B0301ST,16,290,District - South Tripura  (02),Total,60+,Population_Persons,22440,DDW-1600B-01ST-Census.xls,01ST
B0301ST,16,290,District - South Tripura  (02),Total,Age not stated,Population_Persons,114,DDW-1600B-01ST-Census.xls,01ST
B0301ST,16,290,District - South Tripura  (02),Total,15-59,Population_Persons,199667,DDW-1600B-01ST-Census.xls,01ST
B0301ST,16,290,District - South Tripura  (02),Rural,Total,Population_Persons,338926,DDW-1600B-01ST-Census.xls,01ST
B0301ST,16,290,District - South Tripura  (02),Rural,5-14,Population_Persons,82820,DDW-1600B-01ST-Census.xls,01ST
B0301ST,16,290,District - South Tripura  (02),Rural,15-34,Population_Persons,121549,DDW-1600B-01ST-Census.xls,01ST
B0301ST,16,290,District - South Tripura  (02),Rural,35-59,Population_Persons,74436,DDW-1600B-01ST-Census.xls,01ST
B0301ST,16,290,District - South Tripura  (02),Rural,60+,Population_Persons,22166,DDW-1600B-01ST-Census.xls,01ST
B0301ST,16,290,District - South Tripura  (02),Rural,Age not stated,Population_Persons,109,DDW-1600B-01ST-Census.xls,01ST
B0301ST,16,290,District - South Tripura  (02),Rural,15-59,Population_Persons,195985,DDW-1600B-01ST-Census.xls,01ST
B0301ST,16,290,District - South Tripura  (02),Urban,Total,Population_Persons,5909,DDW-1600B-01ST-Census.xls,01ST
B0301ST,16,290,District - South Tripura  (02),Urban,5-14,Population_Persons,1438,DDW-1600B-01ST-Census.xls,01ST
B0301ST,16,290,District - South Tripura  (02),Urban,15-34,Population_Persons,2276,DDW-1600B-01ST-Census.xls,01ST
B0301ST,16,290,District - South Tripura  (02),Urban,35-59,Population_Persons,1406,DDW-1600B-01ST-Census.xls,01ST
B0301ST,16,290,District - South Tripura  (02),Urban,60+,Population_Persons,274,DDW-1600B-01ST-Census.xls,01ST
B0301ST,16,290,District - South Tripura  (02),Urban,Age not stated,Population_Persons,5,DDW-1600B-01ST-Census.xls,01ST
B0301ST,16,290,District - South Tripura  (02),Urban,15-59,Population_Persons,3682,DDW-1600B-01ST-Census.xls,01ST
B0301ST,16,291,District - Dhalai (03),Total,Total,Population_Persons,210608,DDW-1600B-01ST-Census.xls,01ST
B0301ST,16,291,District - Dhalai (03),Total,5-14,Population_Persons,52894,DDW-1600B-01ST-Census.xls,01ST
B0301ST,16,291,District - Dhalai (03),Total,15-34,Population_Persons,75257,DDW-1600B-01ST-Census.xls,01ST
B0301ST,16,291,District - Dhalai (03),Total,35-59,Population_Persons,43823,DDW-1600B-01ST-Census.xls,01ST
B0301ST,16,291,District - Dhalai (03),Total,60+,Population_Persons,13063,DDW-1600B-01ST-Census.xls,01ST
B0301ST,16,291,District - Dhalai (03),Total,Age not stated,Population_Persons,60,DDW-1600B-01ST-Census.xls,01ST
B0301ST,16,291,District - Dhalai (03),Total,15-59,Population_Persons,119080,DDW-1600B-01ST-Census.xls,01ST
B0301ST,16,291,District - Dhalai (03),Rural,Total,Population_Persons,205637,DDW-1600B-01ST-Census.xls,01ST
B0301ST,16,291,District - Dhalai (03),Rural,5-14,Population_Persons,51854,DDW-1600B-01ST-Census.xls,01ST
B0301ST,16,291,District - Dhalai (03),Rural,15-34,Population_Persons,73233,DDW-1600B-01ST-Census.xls,01ST
B0301ST,16,291,District - Dhalai (03),Rural,35-59,Population_Persons,42580,DDW-1600B-01ST-Census.xls,01ST
B0301ST,16,291,District - Dhalai (03),Rural,60+,Population_Persons,12854,DDW-1600B-01ST-Census.xls,01ST
B0301ST,16,291,District - Dhalai (03),Rural,Age not stated,Population_Persons,60,DDW-1600B-01ST-Census.xls,01ST
B0301ST,16,291,District - Dhalai (03),Rural,15-59,Population_Persons,115813,DDW-1600B-01ST-Census.xls,01ST
B0301ST,16,291,District - Dhalai (03),Urban,Total,Population_Persons,4971,DDW-1600B-01ST-Census.xls,01ST
B0301ST,16,291,District - Dhalai (03),Urban,5-14,Population_Persons,1040,DDW-1600B-01ST-Census.xls,01ST
B0301ST,16,291,District - Dhalai (03),Urban,15-34,Population_Persons,2024,DDW-1600B-01ST-Census.xls,01ST
B0301ST,16,291,District - Dhalai (03),Urban,35-59,Population_Persons,1243,DDW-1600B-01ST-Census.xls,01ST
B0301ST,16,291,District - Dhalai (03),Urban,60+,Population_Persons,209,DDW-1600B-01ST-Census.xls,01ST
B0301ST,16,291,District - Dhalai (03),Urban,Age not stated,Population_Persons,0,DDW-1600B-01ST-Census.xls,01ST
B0301ST,16,291,District - Dhalai (03),Urban,15-59,Population_Persons,3267,DDW-1600B-01ST-Census.xls,01ST
B0301ST,16,292,District - North Tripura (04),Total,Total,Population_Persons,179426,DDW-1600B-01ST-Census.xls,01ST
B0301ST,16,292,District - North Tripura (04),Total,5-14,Population_Persons,43111,DDW-1600B-01ST-Census.xls,01ST
B0301ST,16,292,District - North Tripura (04),Total,15-34,Population_Persons,66670,DDW-1600B-01ST-Census.xls,01ST
B0301ST,16,292,District - North Tripura (04),Total,35-59,Population_Persons,37167,DDW-1600B-01ST-Census.xls,01ST
B0301ST,16,292,District - North Tripura (04),Total,60+,Population_Persons,9966,DDW-1600B-01ST-Census.xls,01ST
B0301ST,16,292,District - North Tripura (04),Total,Age not stated,Population_Persons,59,DDW-1600B-01ST-Census.xls,01ST
B0301ST,16,292,District - North Tripura (04),Total,15-59,Population_Persons,103837,DDW-1600B-01ST-Census.xls,01ST
B0301ST,16,292,District - North Tripura (04),Rural,Total,Population_Persons,170257,DDW-1600B-01ST-Census.xls,01ST
B0301ST,16,292,District - North Tripura (04),Rural,5-14,Population_Persons,40900,DDW-1600B-01ST-Census.xls,01ST
B0301ST,16,292,District - North Tripura (04),Rural,15-34,Population_Persons,63073,DDW-1600B-01ST-Census.xls,01ST
B0301ST,16,292,District - North Tripura (04),Rural,35-59,Population_Persons,35025,DDW-1600B-01ST-Census.xls,01ST
B0301ST,16,292,District - North Tripura (04),Rural,60+,Population_Persons,9574,DDW-1600B-01ST-Census.xls,01ST
B0301ST,16,292,District - North Tripura (04),Rural,Age not stated,Population_Persons,56,DDW-1600B-01ST-Census.xls,01ST
B0301ST,16,292,District - North Tripura (04),Rural,15-59,Population_Persons,98098,DDW-1600B-01ST-Census.xls,01ST
B0301ST,16,292,District - North Tripura (04),Urban,Total,Population_Persons,9169,DDW-1600B-01ST-Census.xls,01ST
B0301ST,16,292,District - North Tripura (04),Urban,5-14,Population_Persons,2211,DDW-1600B-01ST-Census.xls,01ST
B0301ST,16,292,District - North Tripura (04),Urban,15-34,Population_Persons,3597,DDW-1600B-01ST-Census.xls,01ST
B0301ST,16,292,District - North Tripura (04),Urban,35-59,Population_Persons,2142,DDW-1600B-01ST-Census.xls,01ST
B0301ST,16,292,District - North Tripura (04),Urban,60+,Population_Persons,392,DDW-1600B-01ST-Census.xls,01ST
B0301ST,16,292,District - North Tripura (04),Urban,Age not stated,Population_Persons,3,DDW-1600B-01ST-Census.xls,01ST
B0301ST,16,292,District - North Tripura (04),Urban,15-59,Population_Persons,5739,DDW-1600B-01ST-Census.xls,01ST
B0301ST,16,000,State - TRIPURA (16),Total,Total,Population_Males,588327,DDW-1600B-01ST-Census.xls,01ST
B0301ST,16,000,State - TRIPURA (16),Total,5-14,Population_Males,135785,DDW-1600B-01ST-Census.xls,01ST
B0301ST,16,000,State - TRIPURA (16),Total,15-34,Population_Males,212822,DDW-1600B-01ST-Census.xls,01ST
B0301ST,16,000,State - TRIPURA (16),Total,35-59,Population_Males,135995,DDW-1600B-01ST-Census.xls,01ST
B0301ST,16,000,State - TRIPURA (16),Total,60+,Population_Males,40380,DDW-1600B-01ST-Census.xls,01ST
B0301ST,16,000,State - TRIPURA (16),Total,Age not stated,Population_Males,238,DDW-1600B-01ST-Census.xls,01ST
B0301ST,16,000,State - TRIPURA (16),Total,15-59,Population_Males,348817,DDW-1600B-01ST-Census.xls,01ST
B0301ST,16,000,State - TRIPURA (16),Rural,Total,Population_Males,563908,DDW-1600B-01ST-Census.xls,01ST
B0301ST,16,000,State - TRIPURA (16),Rural,5-14,Population_Males,131104,DDW-1600B-01ST-Census.xls,01ST
B0301ST,16,000,State - TRIPURA (16),Rural,15-34,Population_Males,203491,DDW-1600B-01ST-Census.xls,01ST
B0301ST,16,000,State - TRIPURA (16),Rural,35-59,Population_Males,128588,DDW-1600B-01ST-Census.xls,01ST
B0301ST,16,000,State - TRIPURA (16),Rural,60+,Population_Males,39129,DDW-1600B-01ST-Census.xls,01ST
B0301ST,16,000,State - TRIPURA (16),Rural,Age not stated,Population_Males,229,DDW-1600B-01ST-Census.xls,01ST
B0301ST,16,000,State - TRIPURA (16),Rural,15-59,Population_Males,332079,DDW-1600B-01ST-Census.xls,01ST
B0301ST,16,000,State - TRIPURA (16),Urban,Total,Population_Males,24419,DDW-1600B-01ST-Census.xls,01ST
B0301ST,16,000,State - TRIPURA (16),Urban,5-14,Population_Males,4681,DDW-1600B-01ST-Census.xls,01ST
B0301ST,16,000,State - TRIPURA (16),Urban,15-34,Population_Males,9331,DDW-1600B-01ST-Census.xls,01ST
B0301ST,16,000,State - TRIPURA (16),Urban,35-59,Population_Males,7407,DDW-1600B-01ST-Census.xls,01ST
B0301ST,16,000,State - TRIPURA (16),Urban,60+,Population_Males,1251,DDW-1600B-01ST-Census.xls,01ST
B0301ST,16,000,State - TRIPURA (16),Urban,Age not stated,Population_Males,9,DDW-1600B-01ST-Census.xls,01ST
B0301ST,16,000,State - TRIPURA (16),Urban,15-59,Population_Males,16738,DDW-1600B-01ST-Census.xls,01ST
B0301ST,16,289,District - West Tripura  (01),Total,Total,Population_Males,217278,DDW-1600B-01ST-Census.xls,01ST
B0301ST,16,289,District - West Tripura  (01),Total,5-14,Population_Males,43388,DDW-1600B-01ST-Census.xls,01ST
B0301ST,16,289,District - West Tripura  (01),Total,15-34,Population_Males,82015,DDW-1600B-01ST-Census.xls,01ST
B0301ST,16,289,District - West Tripura  (01),Total,35-59,Population_Males,55546,DDW-1600B-01ST-Census.xls,01ST
B0301ST,16,289,District - West Tripura  (01),Total,60+,Population_Males,16905,DDW-1600B-01ST-Census.xls,01ST
B0301ST,16,289,District - West Tripura  (01),Total,Age not stated,Population_Males,115,DDW-1600B-01ST-Census.xls,01ST
B0301ST,16,289,District - West Tripura  (01),Total,15-59,Population_Males,137561,DDW-1600B-01ST-Census.xls,01ST
B0301ST,16,289,District - West Tripura  (01),Rural,Total,Population_Males,203063,DDW-1600B-01ST-Census.xls,01ST
B0301ST,16,289,District - West Tripura  (01),Rural,5-14,Population_Males,41063,DDW-1600B-01ST-Census.xls,01ST
B0301ST,16,289,District - West Tripura  (01),Rural,15-34,Population_Males,76632,DDW-1600B-01ST-Census.xls,01ST
B0301ST,16,289,District - West Tripura  (01),Rural,35-59,Population_Males,50652,DDW-1600B-01ST-Census.xls,01ST
B0301ST,16,289,District - West Tripura  (01),Rural,60+,Population_Males,16117,DDW-1600B-01ST-Census.xls,01ST
B0301ST,16,289,District - West Tripura  (01),Rural,Age not stated,Population_Males,109,DDW-1600B-01ST-Census.xls,01ST
B0301ST,16,289,District - West Tripura  (01),Rural,15-59,Population_Males,127284,DDW-1600B-01ST-Census.xls,01ST
B0301ST,16,289,District - West Tripura  (01),Urban,Total,Population_Males,14215,DDW-1600B-01ST-Census.xls,01ST
B0301ST,16,289,District - West Tripura  (01),Urban,5-14,Population_Males,2325,DDW-1600B-01ST-Census.xls,01ST
B0301ST,16,289,District - West Tripura  (01),Urban,15-34,Population_Males,5383,DDW-1600B-01ST-Census.xls,01ST
B0301ST,16,289,District - West Tripura  (01),Urban,35-59,Population_Males,4894,DDW-1600B-01ST-Census.xls,01ST
B0301ST,16,289,District - West Tripura  (01),Urban,60+,Population_Males,788,DDW-1600B-01ST-Census.xls,01ST
B0301ST,16,289,District - West Tripura  (01),Urban,Age not stated,Population_Males,6,DDW-1600B-01ST-Census.xls,01ST
B0301ST,16,289,District - West Tripura  (01),Urban,15-59,Population_Males,10277,DDW-1600B-01ST-Census.xls,01ST
B0301ST,16,290,District - South Tripura  (02),Total,Total,Population_Males,173174,DDW-1600B-01ST-Census.xls,01ST
B0301ST,16,290,District - South Tripura  (02),Total,5-14,Population_Males,43037,DDW-1600B-01ST-Census.xls,01ST
B0301ST,16,290,District - South Tripura  (02),Total,15-34,Population_Males,60658,DDW-1600B-01ST-Census.xls,01ST
B0301ST,16,290,District - South Tripura  (02),Total,35-59,Population_Males,38508,DDW-1600B-01ST-Census.xls,01ST
B0301ST,16,290,District - South Tripura  (02),Total,60+,Population_Males,11384,DDW-1600B-01ST-Census.xls,01ST
B0301ST,16,290,District - South Tripura  (02),Total,Age not stated,Population_Males,55,DDW-1600B-01ST-Census.xls,01ST
B0301ST,16,290,District - South Tripura  (02),Total,15-59,Population_Males,99166,DDW-1600B-01ST-Census.xls,01ST
B0301ST,16,290,District - South Tripura  (02),Rural,Total,Population_Males,170241,DDW-1600B-01ST-Census.xls,01ST
B0301ST,16,290,District - South Tripura  (02),Rural,5-14,Population_Males,42361,DDW-1600B-01ST-Census.xls,01ST
B0301ST,16,290,District - South Tripura  (02),Rural,15-34,Population_Males,59522,DDW-1600B-01ST-Census.xls,01ST
B0301ST,16,290,District - South Tripura  (02),Rural,35-59,Population_Males,37784,DDW-1600B-01ST-Census.xls,01ST
B0301ST,16,290,District - South Tripura  (02),Rural,60+,Population_Males,11245,DDW-1600B-01ST-Census.xls,01ST
B0301ST,16,290,District - South Tripura  (02),Rural,Age not stated,Population_Males,54,DDW-1600B-01ST-Census.xls,01ST
B0301ST,16,290,District - South Tripura  (02),Rural,15-59,Population_Males,97306,DDW-1600B-01ST-Census.xls,01ST
B0301ST,16,290,District - South Tripura  (02),Urban,Total,Population_Males,2933,DDW-1600B-01ST-Census.xls,01ST
B0301ST,16,290,District - South Tripura  (02),Urban,5-14,Population_Males,676,DDW-1600B-01ST-Census.xls,01ST
B0301ST,16,290,District - South Tripura  (02),Urban,15-34,Population_Males,1136,DDW-1600B-01ST-Census.xls,01ST
B0301ST,16,290,District - South Tripura  (02),Urban,35-59,Population_Males,724,DDW-1600B-01ST-Census.xls,01ST
B0301ST,16,290,District - South Tripura  (02),Urban,60+,Population_Males,139,DDW-1600B-01ST-Census.xls,01ST
B0301ST,16,290,District - South Tripura  (02),Urban,Age not stated,Population_Males,1,DDW-1600B-01ST-Census.xls,01ST
B0301ST,16,290,District - South Tripura  (02),Urban,15-59,Population_Males,1860,DDW-1600B-01ST-Census.xls,01ST
B0301ST,16,291,District - Dhalai (03),Total,Total,Population_Males,106759,DDW-1600B-01ST-Census.xls,01ST
B0301ST,16,291,District - Dhalai (03),Total,5-14,Population_Males,27275,DDW-1600B-01ST-Census.xls,01ST
B0301ST,16,291,District - Dhalai (03),Total,15-34,Population_Males,37113,DDW-1600B-01ST-Census.xls,01ST
B0301ST,16,291,District - Dhalai (03),Total,35-59,Population_Males,22656,DDW-1600B-01ST-Census.xls,01ST
B0301ST,16,291,District - Dhalai (03),Total,60+,Population_Males,6817,DDW-1600B-01ST-Census.xls,01ST
B0301ST,16,291,District - Dhalai (03),Total,Age not stated,Population_Males,37,DDW-1600B-01ST-Census.xls,01ST
B0301ST,16,291,District - Dhalai (03),Total,15-59,Population_Males,59769,DDW-1600B-01ST-Census.xls,01ST
B0301ST,16,291,District - Dhalai (03),Rural,Total,Population_Males,104247,DDW-1600B-01ST-Census.xls,01ST
B0301ST,16,291,District - Dhalai (03),Rural,5-14,Population_Males,26733,DDW-1600B-01ST-Census.xls,01ST
B0301ST,16,291,District - Dhalai (03),Rural,15-34,Population_Males,36138,DDW-1600B-01ST-Census.xls,01ST
B0301ST,16,291,District - Dhalai (03),Rural,35-59,Population_Males,22003,DDW-1600B-01ST-Census.xls,01ST
B0301ST,16,291,District - Dhalai (03),Rural,60+,Population_Males,6699,DDW-1600B-01ST-Census.xls,01ST
B0301ST,16,291,District - Dhalai (03),Rural,Age not stated,Population_Males,37,DDW-1600B-01ST-Census.xls,01ST
B0301ST,16,291,District - Dhalai (03),Rural,15-59,Population_Males,58141,DDW-1600B-01ST-Census.xls,01ST
B0301ST,16,291,District - Dhalai (03),Urban,Total,Population_Males,2512,DDW-1600B-01ST-Census.xls,01ST
B0301ST,16,291,District - Dhalai (03),Urban,5-14,Population_Males,542,DDW-1600B-01ST-Census.xls,01ST
B0301ST,16,291,District - Dhalai (03),Urban,15-34,Population_Males,975,DDW-1600B-01ST-Census.xls,01ST
B0301ST,16,291,District - Dhalai (03),Urban,35-59,Population_Males,653,DDW-1600B-01ST-Census.xls,01ST
B0301ST,16,291,District - Dhalai (03),Urban,60+,Population_Males,118,DDW-1600B-01ST-Census.xls,01ST
B0301ST,16,291,District - Dhalai (03),Urban,Age not stated,Population_Males,0,DDW-1600B-01ST-Census.xls,01ST
B0301ST,16,291,District - Dhalai (03),Urban,15-59,Population_Males,1628,DDW-1600B-01ST-Census.xls,01ST
B0301ST,16,292,District - North Tripura (04),Total,Total,Population_Males,91116,DDW-1600B-01ST-Census.xls,01ST
B0301ST,16,292,District - North Tripura (04),Total,5-14,Population_Males,22085,DDW-1600B-01ST-Census.xls,01ST
B0301ST,16,292,District - North Tripura (04),Total,15-34,Population_Males,33036,DDW-1600B-01ST-Census.xls,01ST
B0301ST,16,292,District - North Tripura (04),Total,35-59,Population_Males,19285,DDW-1600B-01ST-Census.xls,01ST
B0301ST,16,292,District - North Tripura (04),Total,60+,Population_Males,5274,DDW-1600B-01ST-Census.xls,01ST
B0301ST,16,292,District - North Tripura (04),Total,Age not stated,Population_Males,31,DDW-1600B-01ST-Census.xls,01ST
B0301ST,16,292,District - North Tripura (04),Total,15-59,Population_Males,52321,DDW-1600B-01ST-Census.xls,01ST
B0301ST,16,292,District - North Tripura (04),Rural,Total,Population_Males,86357,DDW-1600B-01ST-Census.xls,01ST
B0301ST,16,292,District - North Tripura (04),Rural,5-14,Population_Males,20947,DDW-1600B-01ST-Census.xls,01ST
B0301ST,16,292,District - North Tripura (04),Rural,15-34,Population_Males,31199,DDW-1600B-01ST-Census.xls,01ST
B0301ST,16,292,District - North Tripura (04),Rural,35-59,Population_Males,18149,DDW-1600B-01ST-Census.xls,01ST
B0301ST,16,292,District - North Tripura (04),Rural,60+,Population_Males,5068,DDW-1600B-01ST-Census.xls,01ST
B0301ST,16,292,District - North Tripura (04),Rural,Age not stated,Population_Males,29,DDW-1600B-01ST-Census.xls,01ST
B0301ST,16,292,District - North Tripura (04),Rural,15-59,Population_Males,49348,DDW-1600B-01ST-Census.xls,01ST
B0301ST,16,292,District - North Tripura (04),Urban,Total,Population_Males,4759,DDW-1600B-01ST-Census.xls,01ST
B0301ST,16,292,District - North Tripura (04),Urban,5-14,Population_Males,1138,DDW-1600B-01ST-Census.xls,01ST
B0301ST,16,292,District - North Tripura (04),Urban,15-34,Population_Males,1837,DDW-1600B-01ST-Census.xls,01ST
B0301ST,16,292,District - North Tripura (04),Urban,35-59,Population_Males,1136,DDW-1600B-01ST-Census.xls,01ST
B0301ST,16,292,District - North Tripura (04),Urban,60+,Population_Males,206,DDW-1600B-01ST-Census.xls,01ST
B0301ST,16,292,District - North Tripura (04),Urban,Age not stated,Population_Males,2,DDW-1600B-01ST-Census.xls,01ST
B0301ST,16,292,District - North Tripura (04),Urban,15-59,Population_Males,2973,DDW-1600B-01ST-Census.xls,01ST
B0301ST,16,000,State - TRIPURA (16),Total,Total,Population_Females,578486,DDW-1600B-01ST-Census.xls,01ST
B0301ST,16,000,State - TRIPURA (16),Total,5-14,Population_Females,129495,DDW-1600B-01ST-Census.xls,01ST
B0301ST,16,000,State - TRIPURA (16),Total,15-34,Population_Females,218818,DDW-1600B-01ST-Census.xls,01ST
B0301ST,16,000,State - TRIPURA (16),Total,35-59,Population_Females,130383,DDW-1600B-01ST-Census.xls,01ST
B0301ST,16,000,State - TRIPURA (16),Total,60+,Population_Females,38793,DDW-1600B-01ST-Census.xls,01ST
B0301ST,16,000,State - TRIPURA (16),Total,Age not stated,Population_Females,204,DDW-1600B-01ST-Census.xls,01ST
B0301ST,16,000,State - TRIPURA (16),Total,15-59,Population_Females,349201,DDW-1600B-01ST-Census.xls,01ST
B0301ST,16,000,State - TRIPURA (16),Rural,Total,Population_Females,553658,DDW-1600B-01ST-Census.xls,01ST
B0301ST,16,000,State - TRIPURA (16),Rural,5-14,Population_Females,124669,DDW-1600B-01ST-Census.xls,01ST
B0301ST,16,000,State - TRIPURA (16),Rural,15-34,Population_Females,208748,DDW-1600B-01ST-Census.xls,01ST
B0301ST,16,000,State - TRIPURA (16),Rural,35-59,Population_Females,123335,DDW-1600B-01ST-Census.xls,01ST
B0301ST,16,000,State - TRIPURA (16),Rural,60+,Population_Females,37547,DDW-1600B-01ST-Census.xls,01ST
B0301ST,16,000,State - TRIPURA (16),Rural,Age not stated,Population_Females,196,DDW-1600B-01ST-Census.xls,01ST
B0301ST,16,000,State - TRIPURA (16),Rural,15-59,Population_Females,332083,DDW-1600B-01ST-Census.xls,01ST
B0301ST,16,000,State - TRIPURA (16),Urban,Total,Population_Females,24828,DDW-1600B-01ST-Census.xls,01ST
B0301ST,16,000,State - TRIPURA (16),Urban,5-14,Population_Females,4826,DDW-1600B-01ST-Census.xls,01ST
B0301ST,16,000,State - TRIPURA (16),Urban,15-34,Population_Females,10070,DDW-1600B-01ST-Census.xls,01ST
B0301ST,16,000,State - TRIPURA (16),Urban,35-59,Population_Females,7048,DDW-1600B-01ST-Census.xls,01ST
B0301ST,16,000,State - TRIPURA (16),Urban,60+,Population_Females,1246,DDW-1600B-01ST-Census.xls,01ST
B0301ST,16,000,State - TRIPURA (16),Urban,Age not stated,Population_Females,8,DDW-1600B-01ST-Census.xls,01ST
B0301ST,16,000,State - TRIPURA (16),Urban,15-59,Population_Females,17118,DDW-1600B-01ST-Census.xls,01ST
B0301ST,16,289,District - West Tripura  (01),Total,Total,Population_Females,214666,DDW-1600B-01ST-Census.xls,01ST
B0301ST,16,289,District - West Tripura  (01),Total,5-14,Population_Females,41629,DDW-1600B-01ST-Census.xls,01ST
B0301ST,16,289,District - West Tripura  (01),Total,15-34,Population_Females,83873,DDW-1600B-01ST-Census.xls,01ST
B0301ST,16,289,District - West Tripura  (01),Total,35-59,Population_Females,54000,DDW-1600B-01ST-Census.xls,01ST
B0301ST,16,289,District - West Tripura  (01),Total,60+,Population_Females,16799,DDW-1600B-01ST-Census.xls,01ST
B0301ST,16,289,District - West Tripura  (01),Total,Age not stated,Population_Females,94,DDW-1600B-01ST-Census.xls,01ST
B0301ST,16,289,District - West Tripura  (01),Total,15-59,Population_Females,137873,DDW-1600B-01ST-Census.xls,01ST
B0301ST,16,289,District - West Tripura  (01),Rural,Total,Population_Females,199683,DDW-1600B-01ST-Census.xls,01ST
B0301ST,16,289,District - West Tripura  (01),Rural,5-14,Population_Females,39136,DDW-1600B-01ST-Census.xls,01ST
B0301ST,16,289,District - West Tripura  (01),Rural,15-34,Population_Females,77752,DDW-1600B-01ST-Census.xls,01ST
B0301ST,16,289,District - West Tripura  (01),Rural,35-59,Population_Females,49230,DDW-1600B-01ST-Census.xls,01ST
B0301ST,16,289,District - West Tripura  (01),Rural,60+,Population_Females,15965,DDW-1600B-01ST-Census.xls,01ST
B0301ST,16,289,District - West Tripura  (01),Rural,Age not stated,Population_Females,91,DDW-1600B-01ST-Census.xls,01ST
B0301ST,16,289,District - West Tripura  (01),Rural,15-59,Population_Females,126982,DDW-1600B-01ST-Census.xls,01ST
B0301ST,16,289,District - West Tripura  (01),Urban,Total,Population_Females,14983,DDW-1600B-01ST-Census.xls,01ST
B0301ST,16,289,District - West Tripura  (01),Urban,5-14,Population_Females,2493,DDW-1600B-01ST-Census.xls,01ST
B0301ST,16,289,District - West Tripura  (01),Urban,15-34,Population_Females,6121,DDW-1600B-01ST-Census.xls,01ST
B0301ST,16,289,District - West Tripura  (01),Urban,35-59,Population_Females,4770,DDW-1600B-01ST-Census.xls,01ST
B0301ST,16,289,District - West Tripura  (01),Urban,60+,Population_Females,834,DDW-1600B-01ST-Census.xls,01ST
B0301ST,16,289,District - West Tripura  (01),Urban,Age not stated,Population_Females,3,DDW-1600B-01ST-Census.xls,01ST
B0301ST,16,289,District - West Tripura  (01),Urban,15-59,Population_Females,10891,DDW-1600B-01ST-Census.xls,01ST
B0301ST,16,290,District - South Tripura  (02),Total,Total,Population_Females,171661,DDW-1600B-01ST-Census.xls,01ST
B0301ST,16,290,District - South Tripura  (02),Total,5-14,Population_Females,41221,DDW-1600B-01ST-Census.xls,01ST
B0301ST,16,290,District - South Tripura  (02),Total,15-34,Population_Females,63167,DDW-1600B-01ST-Census.xls,01ST
B0301ST,16,290,District - South Tripura  (02),Total,35-59,Population_Females,37334,DDW-1600B-01ST-Census.xls,01ST
B0301ST,16,290,District - South Tripura  (02),Total,60+,Population_Females,11056,DDW-1600B-01ST-Census.xls,01ST
B0301ST,16,290,District - South Tripura  (02),Total,Age not stated,Population_Females,59,DDW-1600B-01ST-Census.xls,01ST
B0301ST,16,290,District - South Tripura  (02),Total,15-59,Population_Females,100501,DDW-1600B-01ST-Census.xls,01ST
B0301ST,16,290,District - South Tripura  (02),Rural,Total,Population_Females,168685,DDW-1600B-01ST-Census.xls,01ST
B0301ST,16,290,District - South Tripura  (02),Rural,5-14,Population_Females,40459,DDW-1600B-01ST-Census.xls,01ST
B0301ST,16,290,District - South Tripura  (02),Rural,15-34,Population_Females,62027,DDW-1600B-01ST-Census.xls,01ST
B0301ST,16,290,District - South Tripura  (02),Rural,35-59,Population_Females,36652,DDW-1600B-01ST-Census.xls,01ST
B0301ST,16,290,District - South Tripura  (02),Rural,60+,Population_Females,10921,DDW-1600B-01ST-Census.xls,01ST
B0301ST,16,290,District - South Tripura  (02),Rural,Age not stated,Population_Females,55,DDW-1600B-01ST-Census.xls,01ST
B0301ST,16,290,District - South Tripura  (02),Rural,15-59,Population_Females,98679,DDW-1600B-01ST-Census.xls,01ST
B0301ST,16,290,District - South Tripura  (02),Urban,Total,Population_Females,2976,DDW-1600B-01ST-Census.xls,01ST
B0301ST,16,290,District - South Tripura  (02),Urban,5-14,Population_Females,762,DDW-1600B-01ST-Census.xls,01ST
B0301ST,16,290,District - South Tripura  (02),Urban,15-34,Population_Females,1140,DDW-1600B-01ST-Census.xls,01ST
B0301ST,16,290,District - South Tripura  (02),Urban,35-59,Population_Females,682,DDW-1600B-01ST-Census.xls,01ST
B0301ST,16,290,District - South Tripura  (02),Urban,60+,Population_Females,135,DDW-1600B-01ST-Census.xls,01ST
B0301ST,16,290,District - South Tripura  (02),Urban,Age not stated,Population_Females,4,DDW-1600B-01ST-Census.xls,01ST
B0301ST,16,290,District - South Tripura  (02),Urban,15-59,Population_Females,1822,DDW-1600B-01ST-Census.xls,01ST
B0301ST,16,291,District - Dhalai (03),Total,Total,Population_Females,103849,DDW-1600B-01ST-Census.xls,01ST
B0301ST,16,291,District - Dhalai (03),Total,5-14,Population_Females,25619,DDW-1600B-01ST-Census.xls,01ST
B0301ST,16,291,District - Dhalai (03),Total,15-34,Population_Females,38144,DDW-1600B-01ST-Census.xls,01ST
B0301ST,16,291,District - Dhalai (03),Total,35-59,Population_Females,21167,DDW-1600B-01ST-Census.xls,01ST
B0301ST,16,291,District - Dhalai (03),Total,60+,Population_Females,6246,DDW-1600B-01ST-Census.xls,01ST
B0301ST,16,291,District - Dhalai (03),Total,Age not stated,Population_Females,23,DDW-1600B-01ST-Census.xls,01ST
B0301ST,16,291,District - Dhalai (03),Total,15-59,Population_Females,59311,DDW-1600B-01ST-Census.xls,01ST
B0301ST,16,291,District - Dhalai (03),Rural,Total,Population_Females,101390,DDW-1600B-01ST-Census.xls,01ST
B0301ST,16,291,District - Dhalai (03),Rural,5-14,Population_Females,25121,DDW-1600B-01ST-Census.xls,01ST
B0301ST,16,291,District - Dhalai (03),Rural,15-34,Population_Females,37095,DDW-1600B-01ST-Census.xls,01ST
B0301ST,16,291,District - Dhalai (03),Rural,35-59,Population_Females,20577,DDW-1600B-01ST-Census.xls,01ST
B0301ST,16,291,District - Dhalai (03),Rural,60+,Population_Females,6155,DDW-1600B-01ST-Census.xls,01ST
B0301ST,16,291,District - Dhalai (03),Rural,Age not stated,Population_Females,23,DDW-1600B-01ST-Census.xls,01ST
B0301ST,16,291,District - Dhalai (03),Rural,15-59,Population_Females,57672,DDW-1600B-01ST-Census.xls,01ST
B0301ST,16,291,District - Dhalai (03),Urban,Total,Population_Females,2459,DDW-1600B-01ST-Census.xls,01ST
B0301ST,16,291,District - Dhalai (03),Urban,5-14,Population_Females,498,DDW-1600B-01ST-Census.xls,01ST
B0301ST,16,291,District - Dhalai (03),Urban,15-34,Population_Females,1049,DDW-1600B-01ST-Census.xls,01ST
B0301ST,16,291,District - Dhalai (03),Urban,35-59,Population_Females,590,DDW-1600B-01ST-Census.xls,01ST
B0301ST,16,291,District - Dhalai (03),Urban,60+,Population_Females,91,DDW-1600B-01ST-Census.xls,01ST
B0301ST,16,291,District - Dhalai (03),Urban,Age not stated,Population_Females,0,DDW-1600B-01ST-Census.xls,01ST
B0301ST,16,291,District - Dhalai (03),Urban,15-59,Population_Females,1639,DDW-1600B-01ST-Census.xls,01ST
B0301ST,16,292,District - North Tripura (04),Total,Total,Population_Females,88310,DDW-1600B-01ST-Census.xls,01ST
B0301ST,16,292,District - North Tripura (04),Total,5-14,Population_Females,21026,DDW-1600B-01ST-Census.xls,01ST
B0301ST,16,292,District - North Tripura (04),Total,15-34,Population_Females,33634,DDW-1600B-01ST-Census.xls,01ST
B0301ST,16,292,District - North Tripura (04),Total,35-59,Population_Females,17882,DDW-1600B-01ST-Census.xls,01ST
B0301ST,16,292,District - North Tripura (04),Total,60+,Population_Females,4692,DDW-1600B-01ST-Census.xls,01ST
B0301ST,16,292,District - North Tripura (04),Total,Age not stated,Population_Females,28,DDW-1600B-01ST-Census.xls,01ST
B0301ST,16,292,District - North Tripura (04),Total,15-59,Population_Females,51516,DDW-1600B-01ST-Census.xls,01ST
B0301ST,16,292,District - North Tripura (04),Rural,Total,Population_Females,83900,DDW-1600B-01ST-Census.xls,01ST
B0301ST,16,292,District - North Tripura (04),Rural,5-14,Population_Females,19953,DDW-1600B-01ST-Census.xls,01ST
B0301ST,16,292,District - North Tripura (04),Rural,15-34,Population_Females,31874,DDW-1600B-01ST-Census.xls,01ST
B0301ST,16,292,District - North Tripura (04),Rural,35-59,Population_Females,16876,DDW-1600B-01ST-Census.xls,01ST
B0301ST,16,292,District - North Tripura (04),Rural,60+,Population_Females,4506,DDW-1600B-01ST-Census.xls,01ST
B0301ST,16,292,District - North Tripura (04),Rural,Age not stated,Population_Females,27,DDW-1600B-01ST-Census.xls,01ST
B0301ST,16,292,District - North Tripura (04),Rural,15-59,Population_Females,48750,DDW-1600B-01ST-Census.xls,01ST
B0301ST,16,292,District - North Tripura (04),Urban,Total,Population_Females,4410,DDW-1600B-01ST-Census.xls,01ST
B0301ST,16,292,District - North Tripura (04),Urban,5-14,Population_Females,1073,DDW-1600B-01ST-Census.xls,01ST
B0301ST,16,292,District - North Tripura (04),Urban,15-34,Population_Females,1760,DDW-1600B-01ST-Census.xls,01ST
B0301ST,16,292,District - North Tripura (04),Urban,35-59,Population_Females,1006,DDW-1600B-01ST-Census.xls,01ST
B0301ST,16,292,District - North Tripura (04),Urban,60+,Population_Females,186,DDW-1600B-01ST-Census.xls,01ST
B0301ST,16,292,District - North Tripura (04),Urban,Age not stated,Population_Females,1,DDW-1600B-01ST-Census.xls,01ST
B0301ST,16,292,District - North Tripura (04),Urban,15-59,Population_Females,2766,DDW-1600B-01ST-Census.xls,01ST
B0301ST,16,000,State - TRIPURA (16),Total,Total,Main workers_Persons,329205,DDW-1600B-01ST-Census.xls,01ST
B0301ST,16,000,State - TRIPURA (16),Total,5-14,Main workers_Persons,2040,DDW-1600B-01ST-Census.xls,01ST
B0301ST,16,000,State - TRIPURA (16),Total,15-34,Main workers_Persons,141030,DDW-1600B-01ST-Census.xls,01ST
B0301ST,16,000,State - TRIPURA (16),Total,35-59,Main workers_Persons,156186,DDW-1600B-01ST-Census.xls,01ST
B0301ST,16,000,State - TRIPURA (16),Total,60+,Main workers_Persons,29857,DDW-1600B-01ST-Census.xls,01ST
B0301ST,16,000,State - TRIPURA (16),Total,Age not stated,Main workers_Persons,92,DDW-1600B-01ST-Census.xls,01ST
B0301ST,16,000,State - TRIPURA (16),Total,15-59,Main workers_Persons,297216,DDW-1600B-01ST-Census.xls,01ST
B0301ST,16,000,State - TRIPURA (16),Rural,Total,Main workers_Persons,313676,DDW-1600B-01ST-Census.xls,01ST
B0301ST,16,000,State - TRIPURA (16),Rural,5-14,Main workers_Persons,1966,DDW-1600B-01ST-Census.xls,01ST
B0301ST,16,000,State - TRIPURA (16),Rural,15-34,Main workers_Persons,135408,DDW-1600B-01ST-Census.xls,01ST
B0301ST,16,000,State - TRIPURA (16),Rural,35-59,Main workers_Persons,146920,DDW-1600B-01ST-Census.xls,01ST
B0301ST,16,000,State - TRIPURA (16),Rural,60+,Main workers_Persons,29293,DDW-1600B-01ST-Census.xls,01ST
B0301ST,16,000,State - TRIPURA (16),Rural,Age not stated,Main workers_Persons,89,DDW-1600B-01ST-Census.xls,01ST
B0301ST,16,000,State - TRIPURA (16),Rural,15-59,Main workers_Persons,282328,DDW-1600B-01ST-Census.xls,01ST
B0301ST,16,000,State - TRIPURA (16),Urban,Total,Main workers_Persons,15529,DDW-1600B-01ST-Census.xls,01ST
B0301ST,16,000,State - TRIPURA (16),Urban,5-14,Main workers_Persons,74,DDW-1600B-01ST-Census.xls,01ST
B0301ST,16,000,State - TRIPURA (16),Urban,15-34,Main workers_Persons,5622,DDW-1600B-01ST-Census.xls,01ST
B0301ST,16,000,State - TRIPURA (16),Urban,35-59,Main workers_Persons,9266,DDW-1600B-01ST-Census.xls,01ST
B0301ST,16,000,State - TRIPURA (16),Urban,60+,Main workers_Persons,564,DDW-1600B-01ST-Census.xls,01ST
B0301ST,16,000,State - TRIPURA (16),Urban,Age not stated,Main workers_Persons,3,DDW-1600B-01ST-Census.xls,01ST
B0301ST,16,000,State - TRIPURA (16),Urban,15-59,Main workers_Persons,14888,DDW-1600B-01ST-Census.xls,01ST
B0301ST,16,289,District - West Tripura  (01),Total,Total,Main workers_Persons,127290,DDW-1600B-01ST-Census.xls,01ST
B0301ST,16,289,District - West Tripura  (01),Total,5-14,Main workers_Persons,608,DDW-1600B-01ST-Census.xls,01ST
B0301ST,16,289,District - West Tripura  (01),Total,15-34,Main workers_Persons,49051,DDW-1600B-01ST-Census.xls,01ST
B0301ST,16,289,District - West Tripura  (01),Total,35-59,Main workers_Persons,64466,DDW-1600B-01ST-Census.xls,01ST
B0301ST,16,289,District - West Tripura  (01),Total,60+,Main workers_Persons,13113,DDW-1600B-01ST-Census.xls,01ST
B0301ST,16,289,District - West Tripura  (01),Total,Age not stated,Main workers_Persons,52,DDW-1600B-01ST-Census.xls,01ST
B0301ST,16,289,District - West Tripura  (01),Total,15-59,Main workers_Persons,113517,DDW-1600B-01ST-Census.xls,01ST
B0301ST,16,289,District - West Tripura  (01),Rural,Total,Main workers_Persons,117403,DDW-1600B-01ST-Census.xls,01ST
B0301ST,16,289,District - West Tripura  (01),Rural,5-14,Main workers_Persons,558,DDW-1600B-01ST-Census.xls,01ST
B0301ST,16,289,District - West Tripura  (01),Rural,15-34,Main workers_Persons,45787,DDW-1600B-01ST-Census.xls,01ST
B0301ST,16,289,District - West Tripura  (01),Rural,35-59,Main workers_Persons,58169,DDW-1600B-01ST-Census.xls,01ST
B0301ST,16,289,District - West Tripura  (01),Rural,60+,Main workers_Persons,12840,DDW-1600B-01ST-Census.xls,01ST
B0301ST,16,289,District - West Tripura  (01),Rural,Age not stated,Main workers_Persons,49,DDW-1600B-01ST-Census.xls,01ST
B0301ST,16,289,District - West Tripura  (01),Rural,15-59,Main workers_Persons,103956,DDW-1600B-01ST-Census.xls,01ST
B0301ST,16,289,District - West Tripura  (01),Urban,Total,Main workers_Persons,9887,DDW-1600B-01ST-Census.xls,01ST
B0301ST,16,289,District - West Tripura  (01),Urban,5-14,Main workers_Persons,50,DDW-1600B-01ST-Census.xls,01ST
B0301ST,16,289,District - West Tripura  (01),Urban,15-34,Main workers_Persons,3264,DDW-1600B-01ST-Census.xls,01ST
B0301ST,16,289,District - West Tripura  (01),Urban,35-59,Main workers_Persons,6297,DDW-1600B-01ST-Census.xls,01ST
B0301ST,16,289,District - West Tripura  (01),Urban,60+,Main workers_Persons,273,DDW-1600B-01ST-Census.xls,01ST
B0301ST,16,289,District - West Tripura  (01),Urban,Age not stated,Main workers_Persons,3,DDW-1600B-01ST-Census.xls,01ST
B0301ST,16,289,District - West Tripura  (01),Urban,15-59,Main workers_Persons,9561,DDW-1600B-01ST-Census.xls,01ST
B0301ST,16,290,District - South Tripura  (02),Total,Total,Main workers_Persons,99886,DDW-1600B-01ST-Census.xls,01ST
B0301ST,16,290,District - South Tripura  (02),Total,5-14,Main workers_Persons,551,DDW-1600B-01ST-Census.xls,01ST
B0301ST,16,290,District - South Tripura  (02),Total,15-34,Main workers_Persons,44471,DDW-1600B-01ST-Census.xls,01ST
B0301ST,16,290,District - South Tripura  (02),Total,35-59,Main workers_Persons,46495,DDW-1600B-01ST-Census.xls,01ST
B0301ST,16,290,District - South Tripura  (02),Total,60+,Main workers_Persons,8348,DDW-1600B-01ST-Census.xls,01ST
B0301ST,16,290,District - South Tripura  (02),Total,Age not stated,Main workers_Persons,21,DDW-1600B-01ST-Census.xls,01ST
B0301ST,16,290,District - South Tripura  (02),Total,15-59,Main workers_Persons,90966,DDW-1600B-01ST-Census.xls,01ST
B0301ST,16,290,District - South Tripura  (02),Rural,Total,Main workers_Persons,98110,DDW-1600B-01ST-Census.xls,01ST
B0301ST,16,290,District - South Tripura  (02),Rural,5-14,Main workers_Persons,540,DDW-1600B-01ST-Census.xls,01ST
B0301ST,16,290,District - South Tripura  (02),Rural,15-34,Main workers_Persons,43710,DDW-1600B-01ST-Census.xls,01ST
B0301ST,16,290,District - South Tripura  (02),Rural,35-59,Main workers_Persons,45578,DDW-1600B-01ST-Census.xls,01ST
B0301ST,16,290,District - South Tripura  (02),Rural,60+,Main workers_Persons,8261,DDW-1600B-01ST-Census.xls,01ST
B0301ST,16,290,District - South Tripura  (02),Rural,Age not stated,Main workers_Persons,21,DDW-1600B-01ST-Census.xls,01ST
B0301ST,16,290,District - South Tripura  (02),Rural,15-59,Main workers_Persons,89288,DDW-1600B-01ST-Census.xls,01ST
B0301ST,16,290,District - South Tripura  (02),Urban,Total,Main workers_Persons,1776,DDW-1600B-01ST-Census.xls,01ST
B0301ST,16,290,District - South Tripura  (02),Urban,5-14,Main workers_Persons,11,DDW-1600B-01ST-Census.xls,01ST
B0301ST,16,290,District - South Tripura  (02),Urban,15-34,Main workers_Persons,761,DDW-1600B-01ST-Census.xls,01ST
B0301ST,16,290,District - South Tripura  (02),Urban,35-59,Main workers_Persons,917,DDW-1600B-01ST-Census.xls,01ST
B0301ST,16,290,District - South Tripura  (02),Urban,60+,Main workers_Persons,87,DDW-1600B-01ST-Census.xls,01ST
B0301ST,16,290,District - South Tripura  (02),Urban,Age not stated,Main workers_Persons,0,DDW-1600B-01ST-Census.xls,01ST
B0301ST,16,290,District - South Tripura  (02),Urban,15-59,Main workers_Persons,1678,DDW-1600B-01ST-Census.xls,01ST
B0301ST,16,291,District - Dhalai (03),Total,Total,Main workers_Persons,55506,DDW-1600B-01ST-Census.xls,01ST
B0301ST,16,291,District - Dhalai (03),Total,5-14,Main workers_Persons,432,DDW-1600B-01ST-Census.xls,01ST
B0301ST,16,291,District - Dhalai (03),Total,15-34,Main workers_Persons,25050,DDW-1600B-01ST-Census.xls,01ST
B0301ST,16,291,District - Dhalai (03),Total,35-59,Main workers_Persons,24970,DDW-1600B-01ST-Census.xls,01ST
B0301ST,16,291,District - Dhalai (03),Total,60+,Main workers_Persons,5045,DDW-1600B-01ST-Census.xls,01ST
B0301ST,16,291,District - Dhalai (03),Total,Age not stated,Main workers_Persons,9,DDW-1600B-01ST-Census.xls,01ST
B0301ST,16,291,District - Dhalai (03),Total,15-59,Main workers_Persons,50020,DDW-1600B-01ST-Census.xls,01ST
B0301ST,16,291,District - Dhalai (03),Rural,Total,Main workers_Persons,54046,DDW-1600B-01ST-Census.xls,01ST
B0301ST,16,291,District - Dhalai (03),Rural,5-14,Main workers_Persons,429,DDW-1600B-01ST-Census.xls,01ST
B0301ST,16,291,District - Dhalai (03),Rural,15-34,Main workers_Persons,24478,DDW-1600B-01ST-Census.xls,01ST
B0301ST,16,291,District - Dhalai (03),Rural,35-59,Main workers_Persons,24174,DDW-1600B-01ST-Census.xls,01ST
B0301ST,16,291,District - Dhalai (03),Rural,60+,Main workers_Persons,4956,DDW-1600B-01ST-Census.xls,01ST
B0301ST,16,291,District - Dhalai (03),Rural,Age not stated,Main workers_Persons,9,DDW-1600B-01ST-Census.xls,01ST
B0301ST,16,291,District - Dhalai (03),Rural,15-59,Main workers_Persons,48652,DDW-1600B-01ST-Census.xls,01ST
B0301ST,16,291,District - Dhalai (03),Urban,Total,Main workers_Persons,1460,DDW-1600B-01ST-Census.xls,01ST
B0301ST,16,291,District - Dhalai (03),Urban,5-14,Main workers_Persons,3,DDW-1600B-01ST-Census.xls,01ST
B0301ST,16,291,District - Dhalai (03),Urban,15-34,Main workers_Persons,572,DDW-1600B-01ST-Census.xls,01ST
B0301ST,16,291,District - Dhalai (03),Urban,35-59,Main workers_Persons,796,DDW-1600B-01ST-Census.xls,01ST
B0301ST,16,291,District - Dhalai (03),Urban,60+,Main workers_Persons,89,DDW-1600B-01ST-Census.xls,01ST
B0301ST,16,291,District - Dhalai (03),Urban,Age not stated,Main workers_Persons,0,DDW-1600B-01ST-Census.xls,01ST
B0301ST,16,291,District - Dhalai (03),Urban,15-59,Main workers_Persons,1368,DDW-1600B-01ST-Census.xls,01ST
B0301ST,16,292,District - North Tripura (04),Total,Total,Main workers_Persons,46523,DDW-1600B-01ST-Census.xls,01ST
B0301ST,16,292,District - North Tripura (04),Total,5-14,Main workers_Persons,449,DDW-1600B-01ST-Census.xls,01ST
B0301ST,16,292,District - North Tripura (04),Total,15-34,Main workers_Persons,22458,DDW-1600B-01ST-Census.xls,01ST
B0301ST,16,292,District - North Tripura (04),Total,35-59,Main workers_Persons,20255,DDW-1600B-01ST-Census.xls,01ST
B0301ST,16,292,District - North Tripura (04),Total,60+,Main workers_Persons,3351,DDW-1600B-01ST-Census.xls,01ST
B0301ST,16,292,District - North Tripura (04),Total,Age not stated,Main workers_Persons,10,DDW-1600B-01ST-Census.xls,01ST
B0301ST,16,292,District - North Tripura (04),Total,15-59,Main workers_Persons,42713,DDW-1600B-01ST-Census.xls,01ST
B0301ST,16,292,District - North Tripura (04),Rural,Total,Main workers_Persons,44117,DDW-1600B-01ST-Census.xls,01ST
B0301ST,16,292,District - North Tripura (04),Rural,5-14,Main workers_Persons,439,DDW-1600B-01ST-Census.xls,01ST
B0301ST,16,292,District - North Tripura (04),Rural,15-34,Main workers_Persons,21433,DDW-1600B-01ST-Census.xls,01ST
B0301ST,16,292,District - North Tripura (04),Rural,35-59,Main workers_Persons,18999,DDW-1600B-01ST-Census.xls,01ST
B0301ST,16,292,District - North Tripura (04),Rural,60+,Main workers_Persons,3236,DDW-1600B-01ST-Census.xls,01ST
B0301ST,16,292,District - North Tripura (04),Rural,Age not stated,Main workers_Persons,10,DDW-1600B-01ST-Census.xls,01ST
B0301ST,16,292,District - North Tripura (04),Rural,15-59,Main workers_Persons,40432,DDW-1600B-01ST-Census.xls,01ST
B0301ST,16,292,District - North Tripura (04),Urban,Total,Main workers_Persons,2406,DDW-1600B-01ST-Census.xls,01ST
B0301ST,16,292,District - North Tripura (04),Urban,5-14,Main workers_Persons,10,DDW-1600B-01ST-Census.xls,01ST
B0301ST,16,292,District - North Tripura (04),Urban,15-34,Main workers_Persons,1025,DDW-1600B-01ST-Census.xls,01ST
B0301ST,16,292,District - North Tripura (04),Urban,35-59,Main workers_Persons,1256,DDW-1600B-01ST-Census.xls,01ST
B0301ST,16,292,District - North Tripura (04),Urban,60+,Main workers_Persons,115,DDW-1600B-01ST-Census.xls,01ST
B0301ST,16,292,District - North Tripura (04),Urban,Age not stated,Main workers_Persons,0,DDW-1600B-01ST-Census.xls,01ST
B0301ST,16,292,District - North Tripura (04),Urban,15-59,Main workers_Persons,2281,DDW-1600B-01ST-Census.xls,01ST
B0301ST,16,000,State - TRIPURA (16),Total,Total,Main workers_Males,246240,DDW-1600B-01ST-Census.xls,01ST
B0301ST,16,000,State - TRIPURA (16),Total,5-14,Main workers_Males,1217,DDW-1600B-01ST-Census.xls,01ST
B0301ST,16,000,State - TRIPURA (16),Total,15-34,Main workers_Males,104369,DDW-1600B-01ST-Census.xls,01ST
B0301ST,16,000,State - TRIPURA (16),Total,35-59,Main workers_Males,117121,DDW-1600B-01ST-Census.xls,01ST
B0301ST,16,000,State - TRIPURA (16),Total,60+,Main workers_Males,23467,DDW-1600B-01ST-Census.xls,01ST
B0301ST,16,000,State - TRIPURA (16),Total,Age not stated,Main workers_Males,66,DDW-1600B-01ST-Census.xls,01ST
B0301ST,16,000,State - TRIPURA (16),Total,15-59,Main workers_Males,221490,DDW-1600B-01ST-Census.xls,01ST
B0301ST,16,000,State - TRIPURA (16),Rural,Total,Main workers_Males,234980,DDW-1600B-01ST-Census.xls,01ST
B0301ST,16,000,State - TRIPURA (16),Rural,5-14,Main workers_Males,1184,DDW-1600B-01ST-Census.xls,01ST
B0301ST,16,000,State - TRIPURA (16),Rural,15-34,Main workers_Males,100294,DDW-1600B-01ST-Census.xls,01ST
B0301ST,16,000,State - TRIPURA (16),Rural,35-59,Main workers_Males,110392,DDW-1600B-01ST-Census.xls,01ST
B0301ST,16,000,State - TRIPURA (16),Rural,60+,Main workers_Males,23047,DDW-1600B-01ST-Census.xls,01ST
B0301ST,16,000,State - TRIPURA (16),Rural,Age not stated,Main workers_Males,63,DDW-1600B-01ST-Census.xls,01ST
B0301ST,16,000,State - TRIPURA (16),Rural,15-59,Main workers_Males,210686,DDW-1600B-01ST-Census.xls,01ST
B0301ST,16,000,State - TRIPURA (16),Urban,Total,Main workers_Males,11260,DDW-1600B-01ST-Census.xls,01ST
B0301ST,16,000,State - TRIPURA (16),Urban,5-14,Main workers_Males,33,DDW-1600B-01ST-Census.xls,01ST
B0301ST,16,000,State - TRIPURA (16),Urban,15-34,Main workers_Males,4075,DDW-1600B-01ST-Census.xls,01ST
B0301ST,16,000,State - TRIPURA (16),Urban,35-59,Main workers_Males,6729,DDW-1600B-01ST-Census.xls,01ST
B0301ST,16,000,State - TRIPURA (16),Urban,60+,Main workers_Males,420,DDW-1600B-01ST-Census.xls,01ST
B0301ST,16,000,State - TRIPURA (16),Urban,Age not stated,Main workers_Males,3,DDW-1600B-01ST-Census.xls,01ST
B0301ST,16,000,State - TRIPURA (16),Urban,15-59,Main workers_Males,10804,DDW-1600B-01ST-Census.xls,01ST
B0301ST,16,289,District - West Tripura  (01),Total,Total,Main workers_Males,95641,DDW-1600B-01ST-Census.xls,01ST
B0301ST,16,289,District - West Tripura  (01),Total,5-14,Main workers_Males,359,DDW-1600B-01ST-Census.xls,01ST
B0301ST,16,289,District - West Tripura  (01),Total,15-34,Main workers_Males,36659,DDW-1600B-01ST-Census.xls,01ST
B0301ST,16,289,District - West Tripura  (01),Total,35-59,Main workers_Males,48345,DDW-1600B-01ST-Census.xls,01ST
B0301ST,16,289,District - West Tripura  (01),Total,60+,Main workers_Males,10237,DDW-1600B-01ST-Census.xls,01ST
B0301ST,16,289,District - West Tripura  (01),Total,Age not stated,Main workers_Males,41,DDW-1600B-01ST-Census.xls,01ST
B0301ST,16,289,District - West Tripura  (01),Total,15-59,Main workers_Males,85004,DDW-1600B-01ST-Census.xls,01ST
B0301ST,16,289,District - West Tripura  (01),Rural,Total,Main workers_Males,88758,DDW-1600B-01ST-Census.xls,01ST
B0301ST,16,289,District - West Tripura  (01),Rural,5-14,Main workers_Males,340,DDW-1600B-01ST-Census.xls,01ST
B0301ST,16,289,District - West Tripura  (01),Rural,15-34,Main workers_Males,34440,DDW-1600B-01ST-Census.xls,01ST
B0301ST,16,289,District - West Tripura  (01),Rural,35-59,Main workers_Males,43900,DDW-1600B-01ST-Census.xls,01ST
B0301ST,16,289,District - West Tripura  (01),Rural,60+,Main workers_Males,10040,DDW-1600B-01ST-Census.xls,01ST
B0301ST,16,289,District - West Tripura  (01),Rural,Age not stated,Main workers_Males,38,DDW-1600B-01ST-Census.xls,01ST
B0301ST,16,289,District - West Tripura  (01),Rural,15-59,Main workers_Males,78340,DDW-1600B-01ST-Census.xls,01ST
B0301ST,16,289,District - West Tripura  (01),Urban,Total,Main workers_Males,6883,DDW-1600B-01ST-Census.xls,01ST
B0301ST,16,289,District - West Tripura  (01),Urban,5-14,Main workers_Males,19,DDW-1600B-01ST-Census.xls,01ST
B0301ST,16,289,District - West Tripura  (01),Urban,15-34,Main workers_Males,2219,DDW-1600B-01ST-Census.xls,01ST
B0301ST,16,289,District - West Tripura  (01),Urban,35-59,Main workers_Males,4445,DDW-1600B-01ST-Census.xls,01ST
B0301ST,16,289,District - West Tripura  (01),Urban,60+,Main workers_Males,197,DDW-1600B-01ST-Census.xls,01ST
B0301ST,16,289,District - West Tripura  (01),Urban,Age not stated,Main workers_Males,3,DDW-1600B-01ST-Census.xls,01ST
B0301ST,16,289,District - West Tripura  (01),Urban,15-59,Main workers_Males,6664,DDW-1600B-01ST-Census.xls,01ST
B0301ST,16,290,District - South Tripura  (02),Total,Total,Main workers_Males,73049,DDW-1600B-01ST-Census.xls,01ST
B0301ST,16,290,District - South Tripura  (02),Total,5-14,Main workers_Males,329,DDW-1600B-01ST-Census.xls,01ST
B0301ST,16,290,District - South Tripura  (02),Total,15-34,Main workers_Males,32293,DDW-1600B-01ST-Census.xls,01ST
B0301ST,16,290,District - South Tripura  (02),Total,35-59,Main workers_Males,34026,DDW-1600B-01ST-Census.xls,01ST
B0301ST,16,290,District - South Tripura  (02),Total,60+,Main workers_Males,6388,DDW-1600B-01ST-Census.xls,01ST
B0301ST,16,290,District - South Tripura  (02),Total,Age not stated,Main workers_Males,13,DDW-1600B-01ST-Census.xls,01ST
B0301ST,16,290,District - South Tripura  (02),Total,15-59,Main workers_Males,66319,DDW-1600B-01ST-Census.xls,01ST
B0301ST,16,290,District - South Tripura  (02),Rural,Total,Main workers_Males,71732,DDW-1600B-01ST-Census.xls,01ST
B0301ST,16,290,District - South Tripura  (02),Rural,5-14,Main workers_Males,323,DDW-1600B-01ST-Census.xls,01ST
B0301ST,16,290,District - South Tripura  (02),Rural,15-34,Main workers_Males,31703,DDW-1600B-01ST-Census.xls,01ST
B0301ST,16,290,District - South Tripura  (02),Rural,35-59,Main workers_Males,33361,DDW-1600B-01ST-Census.xls,01ST
B0301ST,16,290,District - South Tripura  (02),Rural,60+,Main workers_Males,6332,DDW-1600B-01ST-Census.xls,01ST
B0301ST,16,290,District - South Tripura  (02),Rural,Age not stated,Main workers_Males,13,DDW-1600B-01ST-Census.xls,01ST
B0301ST,16,290,District - South Tripura  (02),Rural,15-59,Main workers_Males,65064,DDW-1600B-01ST-Census.xls,01ST
B0301ST,16,290,District - South Tripura  (02),Urban,Total,Main workers_Males,1317,DDW-1600B-01ST-Census.xls,01ST
B0301ST,16,290,District - South Tripura  (02),Urban,5-14,Main workers_Males,6,DDW-1600B-01ST-Census.xls,01ST
B0301ST,16,290,District - South Tripura  (02),Urban,15-34,Main workers_Males,590,DDW-1600B-01ST-Census.xls,01ST
B0301ST,16,290,District - South Tripura  (02),Urban,35-59,Main workers_Males,665,DDW-1600B-01ST-Census.xls,01ST
B0301ST,16,290,District - South Tripura  (02),Urban,60+,Main workers_Males,56,DDW-1600B-01ST-Census.xls,01ST
B0301ST,16,290,District - South Tripura  (02),Urban,Age not stated,Main workers_Males,0,DDW-1600B-01ST-Census.xls,01ST
B0301ST,16,290,District - South Tripura  (02),Urban,15-59,Main workers_Males,1255,DDW-1600B-01ST-Census.xls,01ST
B0301ST,16,291,District - Dhalai (03),Total,Total,Main workers_Males,43587,DDW-1600B-01ST-Census.xls,01ST
B0301ST,16,291,District - Dhalai (03),Total,5-14,Main workers_Males,286,DDW-1600B-01ST-Census.xls,01ST
B0301ST,16,291,District - Dhalai (03),Total,15-34,Main workers_Males,19511,DDW-1600B-01ST-Census.xls,01ST
B0301ST,16,291,District - Dhalai (03),Total,35-59,Main workers_Males,19623,DDW-1600B-01ST-Census.xls,01ST
B0301ST,16,291,District - Dhalai (03),Total,60+,Main workers_Males,4161,DDW-1600B-01ST-Census.xls,01ST
B0301ST,16,291,District - Dhalai (03),Total,Age not stated,Main workers_Males,6,DDW-1600B-01ST-Census.xls,01ST
B0301ST,16,291,District - Dhalai (03),Total,15-59,Main workers_Males,39134,DDW-1600B-01ST-Census.xls,01ST
B0301ST,16,291,District - Dhalai (03),Rural,Total,Main workers_Males,42405,DDW-1600B-01ST-Census.xls,01ST
B0301ST,16,291,District - Dhalai (03),Rural,5-14,Main workers_Males,285,DDW-1600B-01ST-Census.xls,01ST
B0301ST,16,291,District - Dhalai (03),Rural,15-34,Main workers_Males,19030,DDW-1600B-01ST-Census.xls,01ST
B0301ST,16,291,District - Dhalai (03),Rural,35-59,Main workers_Males,18997,DDW-1600B-01ST-Census.xls,01ST
B0301ST,16,291,District - Dhalai (03),Rural,60+,Main workers_Males,4087,DDW-1600B-01ST-Census.xls,01ST
B0301ST,16,291,District - Dhalai (03),Rural,Age not stated,Main workers_Males,6,DDW-1600B-01ST-Census.xls,01ST
B0301ST,16,291,District - Dhalai (03),Rural,15-59,Main workers_Males,38027,DDW-1600B-01ST-Census.xls,01ST
B0301ST,16,291,District - Dhalai (03),Urban,Total,Main workers_Males,1182,DDW-1600B-01ST-Census.xls,01ST
B0301ST,16,291,District - Dhalai (03),Urban,5-14,Main workers_Males,1,DDW-1600B-01ST-Census.xls,01ST
B0301ST,16,291,District - Dhalai (03),Urban,15-34,Main workers_Males,481,DDW-1600B-01ST-Census.xls,01ST
B0301ST,16,291,District - Dhalai (03),Urban,35-59,Main workers_Males,626,DDW-1600B-01ST-Census.xls,01ST
B0301ST,16,291,District - Dhalai (03),Urban,60+,Main workers_Males,74,DDW-1600B-01ST-Census.xls,01ST
B0301ST,16,291,District - Dhalai (03),Urban,Age not stated,Main workers_Males,0,DDW-1600B-01ST-Census.xls,01ST
B0301ST,16,291,District - Dhalai (03),Urban,15-59,Main workers_Males,1107,DDW-1600B-01ST-Census.xls,01ST
B0301ST,16,292,District - North Tripura (04),Total,Total,Main workers_Males,33963,DDW-1600B-01ST-Census.xls,01ST
B0301ST,16,292,District - North Tripura (04),Total,5-14,Main workers_Males,243,DDW-1600B-01ST-Census.xls,01ST
B0301ST,16,292,District - North Tripura (04),Total,15-34,Main workers_Males,15906,DDW-1600B-01ST-Census.xls,01ST
B0301ST,16,292,District - North Tripura (04),Total,35-59,Main workers_Males,15127,DDW-1600B-01ST-Census.xls,01ST
B0301ST,16,292,District - North Tripura (04),Total,60+,Main workers_Males,2681,DDW-1600B-01ST-Census.xls,01ST
B0301ST,16,292,District - North Tripura (04),Total,Age not stated,Main workers_Males,6,DDW-1600B-01ST-Census.xls,01ST
B0301ST,16,292,District - North Tripura (04),Total,15-59,Main workers_Males,31033,DDW-1600B-01ST-Census.xls,01ST
B0301ST,16,292,District - North Tripura (04),Rural,Total,Main workers_Males,32085,DDW-1600B-01ST-Census.xls,01ST
B0301ST,16,292,District - North Tripura (04),Rural,5-14,Main workers_Males,236,DDW-1600B-01ST-Census.xls,01ST
B0301ST,16,292,District - North Tripura (04),Rural,15-34,Main workers_Males,15121,DDW-1600B-01ST-Census.xls,01ST
B0301ST,16,292,District - North Tripura (04),Rural,35-59,Main workers_Males,14134,DDW-1600B-01ST-Census.xls,01ST
B0301ST,16,292,District - North Tripura (04),Rural,60+,Main workers_Males,2588,DDW-1600B-01ST-Census.xls,01ST
B0301ST,16,292,District - North Tripura (04),Rural,Age not stated,Main workers_Males,6,DDW-1600B-01ST-Census.xls,01ST
B0301ST,16,292,District - North Tripura (04),Rural,15-59,Main workers_Males,29255,DDW-1600B-01ST-Census.xls,01ST
B0301ST,16,292,District - North Tripura (04),Urban,Total,Main workers_Males,1878,DDW-1600B-01ST-Census.xls,01ST
B0301ST,16,292,District - North Tripura (04),Urban,5-14,Main workers_Males,7,DDW-1600B-01ST-Census.xls,01ST
B0301ST,16,292,District - North Tripura (04),Urban,15-34,Main workers_Males,785,DDW-1600B-01ST-Census.xls,01ST
B0301ST,16,292,District - North Tripura (04),Urban,35-59,Main workers_Males,993,DDW-1600B-01ST-Census.xls,01ST
B0301ST,16,292,District - North Tripura (04),Urban,60+,Main workers_Males,93,DDW-1600B-01ST-Census.xls,01ST
B0301ST,16,292,District - North Tripura (04),Urban,Age not stated,Main workers_Males,0,DDW-1600B-01ST-Census.xls,01ST
B0301ST,16,292,District - North Tripura (04),Urban,15-59,Main workers_Males,1778,DDW-1600B-01ST-Census.xls,01ST
B0301ST,16,000,State - TRIPURA (16),Total,Total,Main workers_Females,82965,DDW-1600B-01ST-Census.xls,01ST
B0301ST,16,000,State - TRIPURA (16),Total,5-14,Main workers_Females,823,DDW-1600B-01ST-Census.xls,01ST
B0301ST,16,000,State - TRIPURA (16),Total,15-34,Main workers_Females,36661,DDW-1600B-01ST-Census.xls,01ST
B0301ST,16,000,State - TRIPURA (16),Total,35-59,Main workers_Females,39065,DDW-1600B-01ST-Census.xls,01ST
B0301ST,16,000,State - TRIPURA (16),Total,60+,Main workers_Females,6390,DDW-1600B-01ST-Census.xls,01ST
B0301ST,16,000,State - TRIPURA (16),Total,Age not stated,Main workers_Females,26,DDW-1600B-01ST-Census.xls,01ST
B0301ST,16,000,State - TRIPURA (16),Total,15-59,Main workers_Females,75726,DDW-1600B-01ST-Census.xls,01ST
B0301ST,16,000,State - TRIPURA (16),Rural,Total,Main workers_Females,78696,DDW-1600B-01ST-Census.xls,01ST
B0301ST,16,000,State - TRIPURA (16),Rural,5-14,Main workers_Females,782,DDW-1600B-01ST-Census.xls,01ST
B0301ST,16,000,State - TRIPURA (16),Rural,15-34,Main workers_Females,35114,DDW-1600B-01ST-Census.xls,01ST
B0301ST,16,000,State - TRIPURA (16),Rural,35-59,Main workers_Females,36528,DDW-1600B-01ST-Census.xls,01ST
B0301ST,16,000,State - TRIPURA (16),Rural,60+,Main workers_Females,6246,DDW-1600B-01ST-Census.xls,01ST
B0301ST,16,000,State - TRIPURA (16),Rural,Age not stated,Main workers_Females,26,DDW-1600B-01ST-Census.xls,01ST
B0301ST,16,000,State - TRIPURA (16),Rural,15-59,Main workers_Females,71642,DDW-1600B-01ST-Census.xls,01ST
B0301ST,16,000,State - TRIPURA (16),Urban,Total,Main workers_Females,4269,DDW-1600B-01ST-Census.xls,01ST
B0301ST,16,000,State - TRIPURA (16),Urban,5-14,Main workers_Females,41,DDW-1600B-01ST-Census.xls,01ST
B0301ST,16,000,State - TRIPURA (16),Urban,15-34,Main workers_Females,1547,DDW-1600B-01ST-Census.xls,01ST
B0301ST,16,000,State - TRIPURA (16),Urban,35-59,Main workers_Females,2537,DDW-1600B-01ST-Census.xls,01ST
B0301ST,16,000,State - TRIPURA (16),Urban,60+,Main workers_Females,144,DDW-1600B-01ST-Census.xls,01ST
B0301ST,16,000,State - TRIPURA (16),Urban,Age not stated,Main workers_Females,0,DDW-1600B-01ST-Census.xls,01ST
B0301ST,16,000,State - TRIPURA (16),Urban,15-59,Main workers_Females,4084,DDW-1600B-01ST-Census.xls,01ST
B0301ST,16,289,District - West Tripura  (01),Total,Total,Main workers_Females,31649,DDW-1600B-01ST-Census.xls,01ST
B0301ST,16,289,District - West Tripura  (01),Total,5-14,Main workers_Females,249,DDW-1600B-01ST-Census.xls,01ST
B0301ST,16,289,District - West Tripura  (01),Total,15-34,Main workers_Females,12392,DDW-1600B-01ST-Census.xls,01ST
B0301ST,16,289,District - West Tripura  (01),Total,35-59,Main workers_Females,16121,DDW-1600B-01ST-Census.xls,01ST
B0301ST,16,289,District - West Tripura  (01),Total,60+,Main workers_Females,2876,DDW-1600B-01ST-Census.xls,01ST
B0301ST,16,289,District - West Tripura  (01),Total,Age not stated,Main workers_Females,11,DDW-1600B-01ST-Census.xls,01ST
B0301ST,16,289,District - West Tripura  (01),Total,15-59,Main workers_Females,28513,DDW-1600B-01ST-Census.xls,01ST
B0301ST,16,289,District - West Tripura  (01),Rural,Total,Main workers_Females,28645,DDW-1600B-01ST-Census.xls,01ST
B0301ST,16,289,District - West Tripura  (01),Rural,5-14,Main workers_Females,218,DDW-1600B-01ST-Census.xls,01ST
B0301ST,16,289,District - West Tripura  (01),Rural,15-34,Main workers_Females,11347,DDW-1600B-01ST-Census.xls,01ST
B0301ST,16,289,District - West Tripura  (01),Rural,35-59,Main workers_Females,14269,DDW-1600B-01ST-Census.xls,01ST
B0301ST,16,289,District - West Tripura  (01),Rural,60+,Main workers_Females,2800,DDW-1600B-01ST-Census.xls,01ST
B0301ST,16,289,District - West Tripura  (01),Rural,Age not stated,Main workers_Females,11,DDW-1600B-01ST-Census.xls,01ST
B0301ST,16,289,District - West Tripura  (01),Rural,15-59,Main workers_Females,25616,DDW-1600B-01ST-Census.xls,01ST
B0301ST,16,289,District - West Tripura  (01),Urban,Total,Main workers_Females,3004,DDW-1600B-01ST-Census.xls,01ST
B0301ST,16,289,District - West Tripura  (01),Urban,5-14,Main workers_Females,31,DDW-1600B-01ST-Census.xls,01ST
B0301ST,16,289,District - West Tripura  (01),Urban,15-34,Main workers_Females,1045,DDW-1600B-01ST-Census.xls,01ST
B0301ST,16,289,District - West Tripura  (01),Urban,35-59,Main workers_Females,1852,DDW-1600B-01ST-Census.xls,01ST
B0301ST,16,289,District - West Tripura  (01),Urban,60+,Main workers_Females,76,DDW-1600B-01ST-Census.xls,01ST
B0301ST,16,289,District - West Tripura  (01),Urban,Age not stated,Main workers_Females,0,DDW-1600B-01ST-Census.xls,01ST
B0301ST,16,289,District - West Tripura  (01),Urban,15-59,Main workers_Females,2897,DDW-1600B-01ST-Census.xls,01ST
B0301ST,16,290,District - South Tripura  (02),Total,Total,Main workers_Females,26837,DDW-1600B-01ST-Census.xls,01ST
B0301ST,16,290,District - South Tripura  (02),Total,5-14,Main workers_Females,222,DDW-1600B-01ST-Census.xls,01ST
B0301ST,16,290,District - South Tripura  (02),Total,15-34,Main workers_Females,12178,DDW-1600B-01ST-Census.xls,01ST
B0301ST,16,290,District - South Tripura  (02),Total,35-59,Main workers_Females,12469,DDW-1600B-01ST-Census.xls,01ST
B0301ST,16,290,District - South Tripura  (02),Total,60+,Main workers_Females,1960,DDW-1600B-01ST-Census.xls,01ST
B0301ST,16,290,District - South Tripura  (02),Total,Age not stated,Main workers_Females,8,DDW-1600B-01ST-Census.xls,01ST
B0301ST,16,290,District - South Tripura  (02),Total,15-59,Main workers_Females,24647,DDW-1600B-01ST-Census.xls,01ST
B0301ST,16,290,District - South Tripura  (02),Rural,Total,Main workers_Females,26378,DDW-1600B-01ST-Census.xls,01ST
B0301ST,16,290,District - South Tripura  (02),Rural,5-14,Main workers_Females,217,DDW-1600B-01ST-Census.xls,01ST
B0301ST,16,290,District - South Tripura  (02),Rural,15-34,Main workers_Females,12007,DDW-1600B-01ST-Census.xls,01ST
B0301ST,16,290,District - South Tripura  (02),Rural,35-59,Main workers_Females,12217,DDW-1600B-01ST-Census.xls,01ST
B0301ST,16,290,District - South Tripura  (02),Rural,60+,Main workers_Females,1929,DDW-1600B-01ST-Census.xls,01ST
B0301ST,16,290,District - South Tripura  (02),Rural,Age not stated,Main workers_Females,8,DDW-1600B-01ST-Census.xls,01ST
B0301ST,16,290,District - South Tripura  (02),Rural,15-59,Main workers_Females,24224,DDW-1600B-01ST-Census.xls,01ST
B0301ST,16,290,District - South Tripura  (02),Urban,Total,Main workers_Females,459,DDW-1600B-01ST-Census.xls,01ST
B0301ST,16,290,District - South Tripura  (02),Urban,5-14,Main workers_Females,5,DDW-1600B-01ST-Census.xls,01ST
B0301ST,16,290,District - South Tripura  (02),Urban,15-34,Main workers_Females,171,DDW-1600B-01ST-Census.xls,01ST
B0301ST,16,290,District - South Tripura  (02),Urban,35-59,Main workers_Females,252,DDW-1600B-01ST-Census.xls,01ST
B0301ST,16,290,District - South Tripura  (02),Urban,60+,Main workers_Females,31,DDW-1600B-01ST-Census.xls,01ST
B0301ST,16,290,District - South Tripura  (02),Urban,Age not stated,Main workers_Females,0,DDW-1600B-01ST-Census.xls,01ST
B0301ST,16,290,District - South Tripura  (02),Urban,15-59,Main workers_Females,423,DDW-1600B-01ST-Census.xls,01ST
B0301ST,16,291,District - Dhalai (03),Total,Total,Main workers_Females,11919,DDW-1600B-01ST-Census.xls,01ST
B0301ST,16,291,District - Dhalai (03),Total,5-14,Main workers_Females,146,DDW-1600B-01ST-Census.xls,01ST
B0301ST,16,291,District - Dhalai (03),Total,15-34,Main workers_Females,5539,DDW-1600B-01ST-Census.xls,01ST
B0301ST,16,291,District - Dhalai (03),Total,35-59,Main workers_Females,5347,DDW-1600B-01ST-Census.xls,01ST
B0301ST,16,291,District - Dhalai (03),Total,60+,Main workers_Females,884,DDW-1600B-01ST-Census.xls,01ST
B0301ST,16,291,District - Dhalai (03),Total,Age not stated,Main workers_Females,3,DDW-1600B-01ST-Census.xls,01ST
B0301ST,16,291,District - Dhalai (03),Total,15-59,Main workers_Females,10886,DDW-1600B-01ST-Census.xls,01ST
B0301ST,16,291,District - Dhalai (03),Rural,Total,Main workers_Females,11641,DDW-1600B-01ST-Census.xls,01ST
B0301ST,16,291,District - Dhalai (03),Rural,5-14,Main workers_Females,144,DDW-1600B-01ST-Census.xls,01ST
B0301ST,16,291,District - Dhalai (03),Rural,15-34,Main workers_Females,5448,DDW-1600B-01ST-Census.xls,01ST
B0301ST,16,291,District - Dhalai (03),Rural,35-59,Main workers_Females,5177,DDW-1600B-01ST-Census.xls,01ST
B0301ST,16,291,District - Dhalai (03),Rural,60+,Main workers_Females,869,DDW-1600B-01ST-Census.xls,01ST
B0301ST,16,291,District - Dhalai (03),Rural,Age not stated,Main workers_Females,3,DDW-1600B-01ST-Census.xls,01ST
B0301ST,16,291,District - Dhalai (03),Rural,15-59,Main workers_Females,10625,DDW-1600B-01ST-Census.xls,01ST
B0301ST,16,291,District - Dhalai (03),Urban,Total,Main workers_Females,278,DDW-1600B-01ST-Census.xls,01ST
B0301ST,16,291,District - Dhalai (03),Urban,5-14,Main workers_Females,2,DDW-1600B-01ST-Census.xls,01ST
B0301ST,16,291,District - Dhalai (03),Urban,15-34,Main workers_Females,91,DDW-1600B-01ST-Census.xls,01ST
B0301ST,16,291,District - Dhalai (03),Urban,35-59,Main workers_Females,170,DDW-1600B-01ST-Census.xls,01ST
B0301ST,16,291,District - Dhalai (03),Urban,60+,Main workers_Females,15,DDW-1600B-01ST-Census.xls,01ST
B0301ST,16,291,District - Dhalai (03),Urban,Age not stated,Main workers_Females,0,DDW-1600B-01ST-Census.xls,01ST
B0301ST,16,291,District - Dhalai (03),Urban,15-59,Main workers_Females,261,DDW-1600B-01ST-Census.xls,01ST
B0301ST,16,292,District - North Tripura (04),Total,Total,Main workers_Females,12560,DDW-1600B-01ST-Census.xls,01ST
B0301ST,16,292,District - North Tripura (04),Total,5-14,Main workers_Females,206,DDW-1600B-01ST-Census.xls,01ST
B0301ST,16,292,District - North Tripura (04),Total,15-34,Main workers_Females,6552,DDW-1600B-01ST-Census.xls,01ST
B0301ST,16,292,District - North Tripura (04),Total,35-59,Main workers_Females,5128,DDW-1600B-01ST-Census.xls,01ST
B0301ST,16,292,District - North Tripura (04),Total,60+,Main workers_Females,670,DDW-1600B-01ST-Census.xls,01ST
B0301ST,16,292,District - North Tripura (04),Total,Age not stated,Main workers_Females,4,DDW-1600B-01ST-Census.xls,01ST
B0301ST,16,292,District - North Tripura (04),Total,15-59,Main workers_Females,11680,DDW-1600B-01ST-Census.xls,01ST
B0301ST,16,292,District - North Tripura (04),Rural,Total,Main workers_Females,12032,DDW-1600B-01ST-Census.xls,01ST
B0301ST,16,292,District - North Tripura (04),Rural,5-14,Main workers_Females,203,DDW-1600B-01ST-Census.xls,01ST
B0301ST,16,292,District - North Tripura (04),Rural,15-34,Main workers_Females,6312,DDW-1600B-01ST-Census.xls,01ST
B0301ST,16,292,District - North Tripura (04),Rural,35-59,Main workers_Females,4865,DDW-1600B-01ST-Census.xls,01ST
B0301ST,16,292,District - North Tripura (04),Rural,60+,Main workers_Females,648,DDW-1600B-01ST-Census.xls,01ST
B0301ST,16,292,District - North Tripura (04),Rural,Age not stated,Main workers_Females,4,DDW-1600B-01ST-Census.xls,01ST
B0301ST,16,292,District - North Tripura (04),Rural,15-59,Main workers_Females,11177,DDW-1600B-01ST-Census.xls,01ST
B0301ST,16,292,District - North Tripura (04),Urban,Total,Main workers_Females,528,DDW-1600B-01ST-Census.xls,01ST
B0301ST,16,292,District - North Tripura (04),Urban,5-14,Main workers_Females,3,DDW-1600B-01ST-Census.xls,01ST
B0301ST,16,292,District - North Tripura (04),Urban,15-34,Main workers_Females,240,DDW-1600B-01ST-Census.xls,01ST
B0301ST,16,292,District - North Tripura (04),Urban,35-59,Main workers_Females,263,DDW-1600B-01ST-Census.xls,01ST
B0301ST,16,292,District - North Tripura (04),Urban,60+,Main workers_Females,22,DDW-1600B-01ST-Census.xls,01ST
B0301ST,16,292,District - North Tripura (04),Urban,Age not stated,Main workers_Females,0,DDW-1600B-01ST-Census.xls,01ST
B0301ST,16,292,District - North Tripura (04),Urban,15-59,Main workers_Females,503,DDW-1600B-01ST-Census.xls,01ST
B0301ST,16,000,State - TRIPURA (16),Total,Total,Marginal workers_Worked for less than_3 months_Total_Persons,37895,DDW-1600B-01ST-Census.xls,01ST
B0301ST,16,000,State - TRIPURA (16),Total,5-14,Marginal workers_Worked for less than_3 months_Total_Persons,1645,DDW-1600B-01ST-Census.xls,01ST
B0301ST,16,000,State - TRIPURA (16),Total,15-34,Marginal workers_Worked for less than_3 months_Total_Persons,21735,DDW-1600B-01ST-Census.xls,01ST
B0301ST,16,000,State - TRIPURA (16),Total,35-59,Marginal workers_Worked for less than_3 months_Total_Persons,11202,DDW-1600B-01ST-Census.xls,01ST
B0301ST,16,000,State - TRIPURA (16),Total,60+,Marginal workers_Worked for less than_3 months_Total_Persons,3302,DDW-1600B-01ST-Census.xls,01ST
B0301ST,16,000,State - TRIPURA (16),Total,Age not stated,Marginal workers_Worked for less than_3 months_Total_Persons,11,DDW-1600B-01ST-Census.xls,01ST
B0301ST,16,000,State - TRIPURA (16),Total,15-59,Marginal workers_Worked for less than_3 months_Total_Persons,32937,DDW-1600B-01ST-Census.xls,01ST
B0301ST,16,000,State - TRIPURA (16),Rural,Total,Marginal workers_Worked for less than_3 months_Total_Persons,37454,DDW-1600B-01ST-Census.xls,01ST
B0301ST,16,000,State - TRIPURA (16),Rural,5-14,Marginal workers_Worked for less than_3 months_Total_Persons,1633,DDW-1600B-01ST-Census.xls,01ST
B0301ST,16,000,State - TRIPURA (16),Rural,15-34,Marginal workers_Worked for less than_3 months_Total_Persons,21488,DDW-1600B-01ST-Census.xls,01ST
B0301ST,16,000,State - TRIPURA (16),Rural,35-59,Marginal workers_Worked for less than_3 months_Total_Persons,11045,DDW-1600B-01ST-Census.xls,01ST
B0301ST,16,000,State - TRIPURA (16),Rural,60+,Marginal workers_Worked for less than_3 months_Total_Persons,3277,DDW-1600B-01ST-Census.xls,01ST
B0301ST,16,000,State - TRIPURA (16),Rural,Age not stated,Marginal workers_Worked for less than_3 months_Total_Persons,11,DDW-1600B-01ST-Census.xls,01ST
B0301ST,16,000,State - TRIPURA (16),Rural,15-59,Marginal workers_Worked for less than_3 months_Total_Persons,32533,DDW-1600B-01ST-Census.xls,01ST
B0301ST,16,000,State - TRIPURA (16),Urban,Total,Marginal workers_Worked for less than_3 months_Total_Persons,441,DDW-1600B-01ST-Census.xls,01ST
B0301ST,16,000,State - TRIPURA (16),Urban,5-14,Marginal workers_Worked for less than_3 months_Total_Persons,12,DDW-1600B-01ST-Census.xls,01ST
B0301ST,16,000,State - TRIPURA (16),Urban,15-34,Marginal workers_Worked for less than_3 months_Total_Persons,247,DDW-1600B-01ST-Census.xls,01ST
B0301ST,16,000,State - TRIPURA (16),Urban,35-59,Marginal workers_Worked for less than_3 months_Total_Persons,157,DDW-1600B-01ST-Census.xls,01ST
B0301ST,16,000,State - TRIPURA (16),Urban,60+,Marginal workers_Worked for less than_3 months_Total_Persons,25,DDW-1600B-01ST-Census.xls,01ST
B0301ST,16,000,State - TRIPURA (16),Urban,Age not stated,Marginal workers_Worked for less than_3 months_Total_Persons,0,DDW-1600B-01ST-Census.xls,01ST
B0301ST,16,000,State - TRIPURA (16),Urban,15-59,Marginal workers_Worked for less than_3 months_Total_Persons,404,DDW-1600B-01ST-Census.xls,01ST
B0301ST,16,289,District - West Tripura  (01),Total,Total,Marginal workers_Worked for less than_3 months_Total_Persons,14128,DDW-1600B-01ST-Census.xls,01ST
B0301ST,16,289,District - West Tripura  (01),Total,5-14,Marginal workers_Worked for less than_3 months_Total_Persons,409,DDW-1600B-01ST-Census.xls,01ST
B0301ST,16,289,District - West Tripura  (01),Total,15-34,Marginal workers_Worked for less than_3 months_Total_Persons,8110,DDW-1600B-01ST-Census.xls,01ST
B0301ST,16,289,District - West Tripura  (01),Total,35-59,Marginal workers_Worked for less than_3 months_Total_Persons,4221,DDW-1600B-01ST-Census.xls,01ST
B0301ST,16,289,District - West Tripura  (01),Total,60+,Marginal workers_Worked for less than_3 months_Total_Persons,1382,DDW-1600B-01ST-Census.xls,01ST
B0301ST,16,289,District - West Tripura  (01),Total,Age not stated,Marginal workers_Worked for less than_3 months_Total_Persons,6,DDW-1600B-01ST-Census.xls,01ST
B0301ST,16,289,District - West Tripura  (01),Total,15-59,Marginal workers_Worked for less than_3 months_Total_Persons,12331,DDW-1600B-01ST-Census.xls,01ST
B0301ST,16,289,District - West Tripura  (01),Rural,Total,Marginal workers_Worked for less than_3 months_Total_Persons,13942,DDW-1600B-01ST-Census.xls,01ST
B0301ST,16,289,District - West Tripura  (01),Rural,5-14,Marginal workers_Worked for less than_3 months_Total_Persons,404,DDW-1600B-01ST-Census.xls,01ST
B0301ST,16,289,District - West Tripura  (01),Rural,15-34,Marginal workers_Worked for less than_3 months_Total_Persons,8010,DDW-1600B-01ST-Census.xls,01ST
B0301ST,16,289,District - West Tripura  (01),Rural,35-59,Marginal workers_Worked for less than_3 months_Total_Persons,4153,DDW-1600B-01ST-Census.xls,01ST
B0301ST,16,289,District - West Tripura  (01),Rural,60+,Marginal workers_Worked for less than_3 months_Total_Persons,1369,DDW-1600B-01ST-Census.xls,01ST
B0301ST,16,289,District - West Tripura  (01),Rural,Age not stated,Marginal workers_Worked for less than_3 months_Total_Persons,6,DDW-1600B-01ST-Census.xls,01ST
B0301ST,16,289,District - West Tripura  (01),Rural,15-59,Marginal workers_Worked for less than_3 months_Total_Persons,12163,DDW-1600B-01ST-Census.xls,01ST
B0301ST,16,289,District - West Tripura  (01),Urban,Total,Marginal workers_Worked for less than_3 months_Total_Persons,186,DDW-1600B-01ST-Census.xls,01ST
B0301ST,16,289,District - West Tripura  (01),Urban,5-14,Marginal workers_Worked for less than_3 months_Total_Persons,5,DDW-1600B-01ST-Census.xls,01ST
B0301ST,16,289,District - West Tripura  (01),Urban,15-34,Marginal workers_Worked for less than_3 months_Total_Persons,100,DDW-1600B-01ST-Census.xls,01ST
B0301ST,16,289,District - West Tripura  (01),Urban,35-59,Marginal workers_Worked for less than_3 months_Total_Persons,68,DDW-1600B-01ST-Census.xls,01ST
B0301ST,16,289,District - West Tripura  (01),Urban,60+,Marginal workers_Worked for less than_3 months_Total_Persons,13,DDW-1600B-01ST-Census.xls,01ST
B0301ST,16,289,District - West Tripura  (01),Urban,Age not stated,Marginal workers_Worked for less than_3 months_Total_Persons,0,DDW-1600B-01ST-Census.xls,01ST
B0301ST,16,289,District - West Tripura  (01),Urban,15-59,Marginal workers_Worked for less than_3 months_Total_Persons,168,DDW-1600B-01ST-Census.xls,01ST
B0301ST,16,290,District - South Tripura  (02),Total,Total,Marginal workers_Worked for less than_3 months_Total_Persons,13320,DDW-1600B-01ST-Census.xls,01ST
B0301ST,16,290,District - South Tripura  (02),Total,5-14,Marginal workers_Worked for less than_3 months_Total_Persons,686,DDW-1600B-01ST-Census.xls,01ST
B0301ST,16,290,District - South Tripura  (02),Total,15-34,Marginal workers_Worked for less than_3 months_Total_Persons,7567,DDW-1600B-01ST-Census.xls,01ST
B0301ST,16,290,District - South Tripura  (02),Total,35-59,Marginal workers_Worked for less than_3 months_Total_Persons,4025,DDW-1600B-01ST-Census.xls,01ST
B0301ST,16,290,District - South Tripura  (02),Total,60+,Marginal workers_Worked for less than_3 months_Total_Persons,1039,DDW-1600B-01ST-Census.xls,01ST
B0301ST,16,290,District - South Tripura  (02),Total,Age not stated,Marginal workers_Worked for less than_3 months_Total_Persons,3,DDW-1600B-01ST-Census.xls,01ST
B0301ST,16,290,District - South Tripura  (02),Total,15-59,Marginal workers_Worked for less than_3 months_Total_Persons,11592,DDW-1600B-01ST-Census.xls,01ST
B0301ST,16,290,District - South Tripura  (02),Rural,Total,Marginal workers_Worked for less than_3 months_Total_Persons,13216,DDW-1600B-01ST-Census.xls,01ST
B0301ST,16,290,District - South Tripura  (02),Rural,5-14,Marginal workers_Worked for less than_3 months_Total_Persons,686,DDW-1600B-01ST-Census.xls,01ST
B0301ST,16,290,District - South Tripura  (02),Rural,15-34,Marginal workers_Worked for less than_3 months_Total_Persons,7506,DDW-1600B-01ST-Census.xls,01ST
B0301ST,16,290,District - South Tripura  (02),Rural,35-59,Marginal workers_Worked for less than_3 months_Total_Persons,3985,DDW-1600B-01ST-Census.xls,01ST
B0301ST,16,290,District - South Tripura  (02),Rural,60+,Marginal workers_Worked for less than_3 months_Total_Persons,1036,DDW-1600B-01ST-Census.xls,01ST
B0301ST,16,290,District - South Tripura  (02),Rural,Age not stated,Marginal workers_Worked for less than_3 months_Total_Persons,3,DDW-1600B-01ST-Census.xls,01ST
B0301ST,16,290,District - South Tripura  (02),Rural,15-59,Marginal workers_Worked for less than_3 months_Total_Persons,11491,DDW-1600B-01ST-Census.xls,01ST
B0301ST,16,290,District - South Tripura  (02),Urban,Total,Marginal workers_Worked for less than_3 months_Total_Persons,104,DDW-1600B-01ST-Census.xls,01ST
B0301ST,16,290,District - South Tripura  (02),Urban,5-14,Marginal workers_Worked for less than_3 months_Total_Persons,0,DDW-1600B-01ST-Census.xls,01ST
B0301ST,16,290,District - South Tripura  (02),Urban,15-34,Marginal workers_Worked for less than_3 months_Total_Persons,61,DDW-1600B-01ST-Census.xls,01ST
B0301ST,16,290,District - South Tripura  (02),Urban,35-59,Marginal workers_Worked for less than_3 months_Total_Persons,40,DDW-1600B-01ST-Census.xls,01ST
B0301ST,16,290,District - South Tripura  (02),Urban,60+,Marginal workers_Worked for less than_3 months_Total_Persons,3,DDW-1600B-01ST-Census.xls,01ST
B0301ST,16,290,District - South Tripura  (02),Urban,Age not stated,Marginal workers_Worked for less than_3 months_Total_Persons,0,DDW-1600B-01ST-Census.xls,01ST
B0301ST,16,290,District - South Tripura  (02),Urban,15-59,Marginal workers_Worked for less than_3 months_Total_Persons,101,DDW-1600B-01ST-Census.xls,01ST
B0301ST,16,291,District - Dhalai (03),Total,Total,Marginal workers_Worked for less than_3 months_Total_Persons,6606,DDW-1600B-01ST-Census.xls,01ST
B0301ST,16,291,District - Dhalai (03),Total,5-14,Marginal workers_Worked for less than_3 months_Total_Persons,269,DDW-1600B-01ST-Census.xls,01ST
B0301ST,16,291,District - Dhalai (03),Total,15-34,Marginal workers_Worked for less than_3 months_Total_Persons,3791,DDW-1600B-01ST-Census.xls,01ST
B0301ST,16,291,District - Dhalai (03),Total,35-59,Marginal workers_Worked for less than_3 months_Total_Persons,1972,DDW-1600B-01ST-Census.xls,01ST
B0301ST,16,291,District - Dhalai (03),Total,60+,Marginal workers_Worked for less than_3 months_Total_Persons,574,DDW-1600B-01ST-Census.xls,01ST
B0301ST,16,291,District - Dhalai (03),Total,Age not stated,Marginal workers_Worked for less than_3 months_Total_Persons,0,DDW-1600B-01ST-Census.xls,01ST
B0301ST,16,291,District - Dhalai (03),Total,15-59,Marginal workers_Worked for less than_3 months_Total_Persons,5763,DDW-1600B-01ST-Census.xls,01ST
B0301ST,16,291,District - Dhalai (03),Rural,Total,Marginal workers_Worked for less than_3 months_Total_Persons,6592,DDW-1600B-01ST-Census.xls,01ST
B0301ST,16,291,District - Dhalai (03),Rural,5-14,Marginal workers_Worked for less than_3 months_Total_Persons,268,DDW-1600B-01ST-Census.xls,01ST
B0301ST,16,291,District - Dhalai (03),Rural,15-34,Marginal workers_Worked for less than_3 months_Total_Persons,3784,DDW-1600B-01ST-Census.xls,01ST
B0301ST,16,291,District - Dhalai (03),Rural,35-59,Marginal workers_Worked for less than_3 months_Total_Persons,1968,DDW-1600B-01ST-Census.xls,01ST
B0301ST,16,291,District - Dhalai (03),Rural,60+,Marginal workers_Worked for less than_3 months_Total_Persons,572,DDW-1600B-01ST-Census.xls,01ST
B0301ST,16,291,District - Dhalai (03),Rural,Age not stated,Marginal workers_Worked for less than_3 months_Total_Persons,0,DDW-1600B-01ST-Census.xls,01ST
B0301ST,16,291,District - Dhalai (03),Rural,15-59,Marginal workers_Worked for less than_3 months_Total_Persons,5752,DDW-1600B-01ST-Census.xls,01ST
B0301ST,16,291,District - Dhalai (03),Urban,Total,Marginal workers_Worked for less than_3 months_Total_Persons,14,DDW-1600B-01ST-Census.xls,01ST
B0301ST,16,291,District - Dhalai (03),Urban,5-14,Marginal workers_Worked for less than_3 months_Total_Persons,1,DDW-1600B-01ST-Census.xls,01ST
B0301ST,16,291,District - Dhalai (03),Urban,15-34,Marginal workers_Worked for less than_3 months_Total_Persons,7,DDW-1600B-01ST-Census.xls,01ST
B0301ST,16,291,District - Dhalai (03),Urban,35-59,Marginal workers_Worked for less than_3 months_Total_Persons,4,DDW-1600B-01ST-Census.xls,01ST
B0301ST,16,291,District - Dhalai (03),Urban,60+,Marginal workers_Worked for less than_3 months_Total_Persons,2,DDW-1600B-01ST-Census.xls,01ST
B0301ST,16,291,District - Dhalai (03),Urban,Age not stated,Marginal workers_Worked for less than_3 months_Total_Persons,0,DDW-1600B-01ST-Census.xls,01ST
B0301ST,16,291,District - Dhalai (03),Urban,15-59,Marginal workers_Worked for less than_3 months_Total_Persons,11,DDW-1600B-01ST-Census.xls,01ST
B0301ST,16,292,District - North Tripura (04),Total,Total,Marginal workers_Worked for less than_3 months_Total_Persons,3841,DDW-1600B-01ST-Census.xls,01ST
B0301ST,16,292,District - North Tripura (04),Total,5-14,Marginal workers_Worked for less than_3 months_Total_Persons,281,DDW-1600B-01ST-Census.xls,01ST
B0301ST,16,292,District - North Tripura (04),Total,15-34,Marginal workers_Worked for less than_3 months_Total_Persons,2267,DDW-1600B-01ST-Census.xls,01ST
B0301ST,16,292,District - North Tripura (04),Total,35-59,Marginal workers_Worked for less than_3 months_Total_Persons,984,DDW-1600B-01ST-Census.xls,01ST
B0301ST,16,292,District - North Tripura (04),Total,60+,Marginal workers_Worked for less than_3 months_Total_Persons,307,DDW-1600B-01ST-Census.xls,01ST
B0301ST,16,292,District - North Tripura (04),Total,Age not stated,Marginal workers_Worked for less than_3 months_Total_Persons,2,DDW-1600B-01ST-Census.xls,01ST
B0301ST,16,292,District - North Tripura (04),Total,15-59,Marginal workers_Worked for less than_3 months_Total_Persons,3251,DDW-1600B-01ST-Census.xls,01ST
B0301ST,16,292,District - North Tripura (04),Rural,Total,Marginal workers_Worked for less than_3 months_Total_Persons,3704,DDW-1600B-01ST-Census.xls,01ST
B0301ST,16,292,District - North Tripura (04),Rural,5-14,Marginal workers_Worked for less than_3 months_Total_Persons,275,DDW-1600B-01ST-Census.xls,01ST
B0301ST,16,292,District - North Tripura (04),Rural,15-34,Marginal workers_Worked for less than_3 months_Total_Persons,2188,DDW-1600B-01ST-Census.xls,01ST
B0301ST,16,292,District - North Tripura (04),Rural,35-59,Marginal workers_Worked for less than_3 months_Total_Persons,939,DDW-1600B-01ST-Census.xls,01ST
B0301ST,16,292,District - North Tripura (04),Rural,60+,Marginal workers_Worked for less than_3 months_Total_Persons,300,DDW-1600B-01ST-Census.xls,01ST
B0301ST,16,292,District - North Tripura (04),Rural,Age not stated,Marginal workers_Worked for less than_3 months_Total_Persons,2,DDW-1600B-01ST-Census.xls,01ST
B0301ST,16,292,District - North Tripura (04),Rural,15-59,Marginal workers_Worked for less than_3 months_Total_Persons,3127,DDW-1600B-01ST-Census.xls,01ST
B0301ST,16,292,District - North Tripura (04),Urban,Total,Marginal workers_Worked for less than_3 months_Total_Persons,137,DDW-1600B-01ST-Census.xls,01ST
B0301ST,16,292,District - North Tripura (04),Urban,5-14,Marginal workers_Worked for less than_3 months_Total_Persons,6,DDW-1600B-01ST-Census.xls,01ST
B0301ST,16,292,District - North Tripura (04),Urban,15-34,Marginal workers_Worked for less than_3 months_Total_Persons,79,DDW-1600B-01ST-Census.xls,01ST
B0301ST,16,292,District - North Tripura (04),Urban,35-59,Marginal workers_Worked for less than_3 months_Total_Persons,45,DDW-1600B-01ST-Census.xls,01ST
B0301ST,16,292,District - North Tripura (04),Urban,60+,Marginal workers_Worked for less than_3 months_Total_Persons,7,DDW-1600B-01ST-Census.xls,01ST
B0301ST,16,292,District - North Tripura (04),Urban,Age not stated,Marginal workers_Worked for less than_3 months_Total_Persons,0,DDW-1600B-01ST-Census.xls,01ST
B0301ST,16,292,District - North Tripura (04),Urban,15-59,Marginal workers_Worked for less than_3 months_Total_Persons,124,DDW-1600B-01ST-Census.xls,01ST
B0301ST,16,000,State - TRIPURA (16),Total,Total,Marginal workers_Worked for less than_3 months_Total_Males,11024,DDW-1600B-01ST-Census.xls,01ST
B0301ST,16,000,State - TRIPURA (16),Total,5-14,Marginal workers_Worked for less than_3 months_Total_Males,758,DDW-1600B-01ST-Census.xls,01ST
B0301ST,16,000,State - TRIPURA (16),Total,15-34,Marginal workers_Worked for less than_3 months_Total_Males,6952,DDW-1600B-01ST-Census.xls,01ST
B0301ST,16,000,State - TRIPURA (16),Total,35-59,Marginal workers_Worked for less than_3 months_Total_Males,2002,DDW-1600B-01ST-Census.xls,01ST
B0301ST,16,000,State - TRIPURA (16),Total,60+,Marginal workers_Worked for less than_3 months_Total_Males,1309,DDW-1600B-01ST-Census.xls,01ST
B0301ST,16,000,State - TRIPURA (16),Total,Age not stated,Marginal workers_Worked for less than_3 months_Total_Males,3,DDW-1600B-01ST-Census.xls,01ST
B0301ST,16,000,State - TRIPURA (16),Total,15-59,Marginal workers_Worked for less than_3 months_Total_Males,8954,DDW-1600B-01ST-Census.xls,01ST
B0301ST,16,000,State - TRIPURA (16),Rural,Total,Marginal workers_Worked for less than_3 months_Total_Males,10882,DDW-1600B-01ST-Census.xls,01ST
B0301ST,16,000,State - TRIPURA (16),Rural,5-14,Marginal workers_Worked for less than_3 months_Total_Males,753,DDW-1600B-01ST-Census.xls,01ST
B0301ST,16,000,State - TRIPURA (16),Rural,15-34,Marginal workers_Worked for less than_3 months_Total_Males,6866,DDW-1600B-01ST-Census.xls,01ST
B0301ST,16,000,State - TRIPURA (16),Rural,35-59,Marginal workers_Worked for less than_3 months_Total_Males,1966,DDW-1600B-01ST-Census.xls,01ST
B0301ST,16,000,State - TRIPURA (16),Rural,60+,Marginal workers_Worked for less than_3 months_Total_Males,1294,DDW-1600B-01ST-Census.xls,01ST
B0301ST,16,000,State - TRIPURA (16),Rural,Age not stated,Marginal workers_Worked for less than_3 months_Total_Males,3,DDW-1600B-01ST-Census.xls,01ST
B0301ST,16,000,State - TRIPURA (16),Rural,15-59,Marginal workers_Worked for less than_3 months_Total_Males,8832,DDW-1600B-01ST-Census.xls,01ST
B0301ST,16,000,State - TRIPURA (16),Urban,Total,Marginal workers_Worked for less than_3 months_Total_Males,142,DDW-1600B-01ST-Census.xls,01ST
B0301ST,16,000,State - TRIPURA (16),Urban,5-14,Marginal workers_Worked for less than_3 months_Total_Males,5,DDW-1600B-01ST-Census.xls,01ST
B0301ST,16,000,State - TRIPURA (16),Urban,15-34,Marginal workers_Worked for less than_3 months_Total_Males,86,DDW-1600B-01ST-Census.xls,01ST
B0301ST,16,000,State - TRIPURA (16),Urban,35-59,Marginal workers_Worked for less than_3 months_Total_Males,36,DDW-1600B-01ST-Census.xls,01ST
B0301ST,16,000,State - TRIPURA (16),Urban,60+,Marginal workers_Worked for less than_3 months_Total_Males,15,DDW-1600B-01ST-Census.xls,01ST
B0301ST,16,000,State - TRIPURA (16),Urban,Age not stated,Marginal workers_Worked for less than_3 months_Total_Males,0,DDW-1600B-01ST-Census.xls,01ST
B0301ST,16,000,State - TRIPURA (16),Urban,15-59,Marginal workers_Worked for less than_3 months_Total_Males,122,DDW-1600B-01ST-Census.xls,01ST
B0301ST,16,289,District - West Tripura  (01),Total,Total,Marginal workers_Worked for less than_3 months_Total_Males,4331,DDW-1600B-01ST-Census.xls,01ST
B0301ST,16,289,District - West Tripura  (01),Total,5-14,Marginal workers_Worked for less than_3 months_Total_Males,190,DDW-1600B-01ST-Census.xls,01ST
B0301ST,16,289,District - West Tripura  (01),Total,15-34,Marginal workers_Worked for less than_3 months_Total_Males,2797,DDW-1600B-01ST-Census.xls,01ST
B0301ST,16,289,District - West Tripura  (01),Total,35-59,Marginal workers_Worked for less than_3 months_Total_Males,803,DDW-1600B-01ST-Census.xls,01ST
B0301ST,16,289,District - West Tripura  (01),Total,60+,Marginal workers_Worked for less than_3 months_Total_Males,539,DDW-1600B-01ST-Census.xls,01ST
B0301ST,16,289,District - West Tripura  (01),Total,Age not stated,Marginal workers_Worked for less than_3 months_Total_Males,2,DDW-1600B-01ST-Census.xls,01ST
B0301ST,16,289,District - West Tripura  (01),Total,15-59,Marginal workers_Worked for less than_3 months_Total_Males,3600,DDW-1600B-01ST-Census.xls,01ST
B0301ST,16,289,District - West Tripura  (01),Rural,Total,Marginal workers_Worked for less than_3 months_Total_Males,4274,DDW-1600B-01ST-Census.xls,01ST
B0301ST,16,289,District - West Tripura  (01),Rural,5-14,Marginal workers_Worked for less than_3 months_Total_Males,187,DDW-1600B-01ST-Census.xls,01ST
B0301ST,16,289,District - West Tripura  (01),Rural,15-34,Marginal workers_Worked for less than_3 months_Total_Males,2761,DDW-1600B-01ST-Census.xls,01ST
B0301ST,16,289,District - West Tripura  (01),Rural,35-59,Marginal workers_Worked for less than_3 months_Total_Males,791,DDW-1600B-01ST-Census.xls,01ST
B0301ST,16,289,District - West Tripura  (01),Rural,60+,Marginal workers_Worked for less than_3 months_Total_Males,533,DDW-1600B-01ST-Census.xls,01ST
B0301ST,16,289,District - West Tripura  (01),Rural,Age not stated,Marginal workers_Worked for less than_3 months_Total_Males,2,DDW-1600B-01ST-Census.xls,01ST
B0301ST,16,289,District - West Tripura  (01),Rural,15-59,Marginal workers_Worked for less than_3 months_Total_Males,3552,DDW-1600B-01ST-Census.xls,01ST
B0301ST,16,289,District - West Tripura  (01),Urban,Total,Marginal workers_Worked for less than_3 months_Total_Males,57,DDW-1600B-01ST-Census.xls,01ST
B0301ST,16,289,District - West Tripura  (01),Urban,5-14,Marginal workers_Worked for less than_3 months_Total_Males,3,DDW-1600B-01ST-Census.xls,01ST
B0301ST,16,289,District - West Tripura  (01),Urban,15-34,Marginal workers_Worked for less than_3 months_Total_Males,36,DDW-1600B-01ST-Census.xls,01ST
B0301ST,16,289,District - West Tripura  (01),Urban,35-59,Marginal workers_Worked for less than_3 months_Total_Males,12,DDW-1600B-01ST-Census.xls,01ST
B0301ST,16,289,District - West Tripura  (01),Urban,60+,Marginal workers_Worked for less than_3 months_Total_Males,6,DDW-1600B-01ST-Census.xls,01ST
B0301ST,16,289,District - West Tripura  (01),Urban,Age not stated,Marginal workers_Worked for less than_3 months_Total_Males,0,DDW-1600B-01ST-Census.xls,01ST
B0301ST,16,289,District - West Tripura  (01),Urban,15-59,Marginal workers_Worked for less than_3 months_Total_Males,48,DDW-1600B-01ST-Census.xls,01ST
B0301ST,16,290,District - South Tripura  (02),Total,Total,Marginal workers_Worked for less than_3 months_Total_Males,3568,DDW-1600B-01ST-Census.xls,01ST
B0301ST,16,290,District - South Tripura  (02),Total,5-14,Marginal workers_Worked for less than_3 months_Total_Males,313,DDW-1600B-01ST-Census.xls,01ST
B0301ST,16,290,District - South Tripura  (02),Total,15-34,Marginal workers_Worked for less than_3 months_Total_Males,2248,DDW-1600B-01ST-Census.xls,01ST
B0301ST,16,290,District - South Tripura  (02),Total,35-59,Marginal workers_Worked for less than_3 months_Total_Males,602,DDW-1600B-01ST-Census.xls,01ST
B0301ST,16,290,District - South Tripura  (02),Total,60+,Marginal workers_Worked for less than_3 months_Total_Males,405,DDW-1600B-01ST-Census.xls,01ST
B0301ST,16,290,District - South Tripura  (02),Total,Age not stated,Marginal workers_Worked for less than_3 months_Total_Males,0,DDW-1600B-01ST-Census.xls,01ST
B0301ST,16,290,District - South Tripura  (02),Total,15-59,Marginal workers_Worked for less than_3 months_Total_Males,2850,DDW-1600B-01ST-Census.xls,01ST
B0301ST,16,290,District - South Tripura  (02),Rural,Total,Marginal workers_Worked for less than_3 months_Total_Males,3552,DDW-1600B-01ST-Census.xls,01ST
B0301ST,16,290,District - South Tripura  (02),Rural,5-14,Marginal workers_Worked for less than_3 months_Total_Males,313,DDW-1600B-01ST-Census.xls,01ST
B0301ST,16,290,District - South Tripura  (02),Rural,15-34,Marginal workers_Worked for less than_3 months_Total_Males,2236,DDW-1600B-01ST-Census.xls,01ST
B0301ST,16,290,District - South Tripura  (02),Rural,35-59,Marginal workers_Worked for less than_3 months_Total_Males,601,DDW-1600B-01ST-Census.xls,01ST
B0301ST,16,290,District - South Tripura  (02),Rural,60+,Marginal workers_Worked for less than_3 months_Total_Males,402,DDW-1600B-01ST-Census.xls,01ST
B0301ST,16,290,District - South Tripura  (02),Rural,Age not stated,Marginal workers_Worked for less than_3 months_Total_Males,0,DDW-1600B-01ST-Census.xls,01ST
B0301ST,16,290,District - South Tripura  (02),Rural,15-59,Marginal workers_Worked for less than_3 months_Total_Males,2837,DDW-1600B-01ST-Census.xls,01ST
B0301ST,16,290,District - South Tripura  (02),Urban,Total,Marginal workers_Worked for less than_3 months_Total_Males,16,DDW-1600B-01ST-Census.xls,01ST
B0301ST,16,290,District - South Tripura  (02),Urban,5-14,Marginal workers_Worked for less than_3 months_Total_Males,0,DDW-1600B-01ST-Census.xls,01ST
B0301ST,16,290,District - South Tripura  (02),Urban,15-34,Marginal workers_Worked for less than_3 months_Total_Males,12,DDW-1600B-01ST-Census.xls,01ST
B0301ST,16,290,District - South Tripura  (02),Urban,35-59,Marginal workers_Worked for less than_3 months_Total_Males,1,DDW-1600B-01ST-Census.xls,01ST
B0301ST,16,290,District - South Tripura  (02),Urban,60+,Marginal workers_Worked for less than_3 months_Total_Males,3,DDW-1600B-01ST-Census.xls,01ST
B0301ST,16,290,District - South Tripura  (02),Urban,Age not stated,Marginal workers_Worked for less than_3 months_Total_Males,0,DDW-1600B-01ST-Census.xls,01ST
B0301ST,16,290,District - South Tripura  (02),Urban,15-59,Marginal workers_Worked for less than_3 months_Total_Males,13,DDW-1600B-01ST-Census.xls,01ST
B0301ST,16,291,District - Dhalai (03),Total,Total,Marginal workers_Worked for less than_3 months_Total_Males,1743,DDW-1600B-01ST-Census.xls,01ST
B0301ST,16,291,District - Dhalai (03),Total,5-14,Marginal workers_Worked for less than_3 months_Total_Males,122,DDW-1600B-01ST-Census.xls,01ST
B0301ST,16,291,District - Dhalai (03),Total,15-34,Marginal workers_Worked for less than_3 months_Total_Males,1085,DDW-1600B-01ST-Census.xls,01ST
B0301ST,16,291,District - Dhalai (03),Total,35-59,Marginal workers_Worked for less than_3 months_Total_Males,317,DDW-1600B-01ST-Census.xls,01ST
B0301ST,16,291,District - Dhalai (03),Total,60+,Marginal workers_Worked for less than_3 months_Total_Males,219,DDW-1600B-01ST-Census.xls,01ST
B0301ST,16,291,District - Dhalai (03),Total,Age not stated,Marginal workers_Worked for less than_3 months_Total_Males,0,DDW-1600B-01ST-Census.xls,01ST
B0301ST,16,291,District - Dhalai (03),Total,15-59,Marginal workers_Worked for less than_3 months_Total_Males,1402,DDW-1600B-01ST-Census.xls,01ST
B0301ST,16,291,District - Dhalai (03),Rural,Total,Marginal workers_Worked for less than_3 months_Total_Males,1740,DDW-1600B-01ST-Census.xls,01ST
B0301ST,16,291,District - Dhalai (03),Rural,5-14,Marginal workers_Worked for less than_3 months_Total_Males,122,DDW-1600B-01ST-Census.xls,01ST
B0301ST,16,291,District - Dhalai (03),Rural,15-34,Marginal workers_Worked for less than_3 months_Total_Males,1083,DDW-1600B-01ST-Census.xls,01ST
B0301ST,16,291,District - Dhalai (03),Rural,35-59,Marginal workers_Worked for less than_3 months_Total_Males,317,DDW-1600B-01ST-Census.xls,01ST
B0301ST,16,291,District - Dhalai (03),Rural,60+,Marginal workers_Worked for less than_3 months_Total_Males,218,DDW-1600B-01ST-Census.xls,01ST
B0301ST,16,291,District - Dhalai (03),Rural,Age not stated,Marginal workers_Worked for less than_3 months_Total_Males,0,DDW-1600B-01ST-Census.xls,01ST
B0301ST,16,291,District - Dhalai (03),Rural,15-59,Marginal workers_Worked for less than_3 months_Total_Males,1400,DDW-1600B-01ST-Census.xls,01ST
B0301ST,16,291,District - Dhalai (03),Urban,Total,Marginal workers_Worked for less than_3 months_Total_Males,3,DDW-1600B-01ST-Census.xls,01ST
B0301ST,16,291,District - Dhalai (03),Urban,5-14,Marginal workers_Worked for less than_3 months_Total_Males,0,DDW-1600B-01ST-Census.xls,01ST
B0301ST,16,291,District - Dhalai (03),Urban,15-34,Marginal workers_Worked for less than_3 months_Total_Males,2,DDW-1600B-01ST-Census.xls,01ST
B0301ST,16,291,District - Dhalai (03),Urban,35-59,Marginal workers_Worked for less than_3 months_Total_Males,0,DDW-1600B-01ST-Census.xls,01ST
B0301ST,16,291,District - Dhalai (03),Urban,60+,Marginal workers_Worked for less than_3 months_Total_Males,1,DDW-1600B-01ST-Census.xls,01ST
B0301ST,16,291,District - Dhalai (03),Urban,Age not stated,Marginal workers_Worked for less than_3 months_Total_Males,0,DDW-1600B-01ST-Census.xls,01ST
B0301ST,16,291,District - Dhalai (03),Urban,15-59,Marginal workers_Worked for less than_3 months_Total_Males,2,DDW-1600B-01ST-Census.xls,01ST
B0301ST,16,292,District - North Tripura (04),Total,Total,Marginal workers_Worked for less than_3 months_Total_Males,1382,DDW-1600B-01ST-Census.xls,01ST
B0301ST,16,292,District - North Tripura (04),Total,5-14,Marginal workers_Worked for less than_3 months_Total_Males,133,DDW-1600B-01ST-Census.xls,01ST
B0301ST,16,292,District - North Tripura (04),Total,15-34,Marginal workers_Worked for less than_3 months_Total_Males,822,DDW-1600B-01ST-Census.xls,01ST
B0301ST,16,292,District - North Tripura (04),Total,35-59,Marginal workers_Worked for less than_3 months_Total_Males,280,DDW-1600B-01ST-Census.xls,01ST
B0301ST,16,292,District - North Tripura (04),Total,60+,Marginal workers_Worked for less than_3 months_Total_Males,146,DDW-1600B-01ST-Census.xls,01ST
B0301ST,16,292,District - North Tripura (04),Total,Age not stated,Marginal workers_Worked for less than_3 months_Total_Males,1,DDW-1600B-01ST-Census.xls,01ST
B0301ST,16,292,District - North Tripura (04),Total,15-59,Marginal workers_Worked for less than_3 months_Total_Males,1102,DDW-1600B-01ST-Census.xls,01ST
B0301ST,16,292,District - North Tripura (04),Rural,Total,Marginal workers_Worked for less than_3 months_Total_Males,1316,DDW-1600B-01ST-Census.xls,01ST
B0301ST,16,292,District - North Tripura (04),Rural,5-14,Marginal workers_Worked for less than_3 months_Total_Males,131,DDW-1600B-01ST-Census.xls,01ST
B0301ST,16,292,District - North Tripura (04),Rural,15-34,Marginal workers_Worked for less than_3 months_Total_Males,786,DDW-1600B-01ST-Census.xls,01ST
B0301ST,16,292,District - North Tripura (04),Rural,35-59,Marginal workers_Worked for less than_3 months_Total_Males,257,DDW-1600B-01ST-Census.xls,01ST
B0301ST,16,292,District - North Tripura (04),Rural,60+,Marginal workers_Worked for less than_3 months_Total_Males,141,DDW-1600B-01ST-Census.xls,01ST
B0301ST,16,292,District - North Tripura (04),Rural,Age not stated,Marginal workers_Worked for less than_3 months_Total_Males,1,DDW-1600B-01ST-Census.xls,01ST
B0301ST,16,292,District - North Tripura (04),Rural,15-59,Marginal workers_Worked for less than_3 months_Total_Males,1043,DDW-1600B-01ST-Census.xls,01ST
B0301ST,16,292,District - North Tripura (04),Urban,Total,Marginal workers_Worked for less than_3 months_Total_Males,66,DDW-1600B-01ST-Census.xls,01ST
B0301ST,16,292,District - North Tripura (04),Urban,5-14,Marginal workers_Worked for less than_3 months_Total_Males,2,DDW-1600B-01ST-Census.xls,01ST
B0301ST,16,292,District - North Tripura (04),Urban,15-34,Marginal workers_Worked for less than_3 months_Total_Males,36,DDW-1600B-01ST-Census.xls,01ST
B0301ST,16,292,District - North Tripura (04),Urban,35-59,Marginal workers_Worked for less than_3 months_Total_Males,23,DDW-1600B-01ST-Census.xls,01ST
B0301ST,16,292,District - North Tripura (04),Urban,60+,Marginal workers_Worked for less than_3 months_Total_Males,5,DDW-1600B-01ST-Census.xls,01ST
B0301ST,16,292,District - North Tripura (04),Urban,Age not stated,Marginal workers_Worked for less than_3 months_Total_Males,0,DDW-1600B-01ST-Census.xls,01ST
B0301ST,16,292,District - North Tripura (04),Urban,15-59,Marginal workers_Worked for less than_3 months_Total_Males,59,DDW-1600B-01ST-Census.xls,01ST
B0301ST,16,000,State - TRIPURA (16),Total,Total,Marginal workers_Worked for less than_3 months_Total_Females,26871,DDW-1600B-01ST-Census.xls,01ST
B0301ST,16,000,State - TRIPURA (16),Total,5-14,Marginal workers_Worked for less than_3 months_Total_Females,887,DDW-1600B-01ST-Census.xls,01ST
B0301ST,16,000,State - TRIPURA (16),Total,15-34,Marginal workers_Worked for less than_3 months_Total_Females,14783,DDW-1600B-01ST-Census.xls,01ST
B0301ST,16,000,State - TRIPURA (16),Total,35-59,Marginal workers_Worked for less than_3 months_Total_Females,9200,DDW-1600B-01ST-Census.xls,01ST
B0301ST,16,000,State - TRIPURA (16),Total,60+,Marginal workers_Worked for less than_3 months_Total_Females,1993,DDW-1600B-01ST-Census.xls,01ST
B0301ST,16,000,State - TRIPURA (16),Total,Age not stated,Marginal workers_Worked for less than_3 months_Total_Females,8,DDW-1600B-01ST-Census.xls,01ST
B0301ST,16,000,State - TRIPURA (16),Total,15-59,Marginal workers_Worked for less than_3 months_Total_Females,23983,DDW-1600B-01ST-Census.xls,01ST
B0301ST,16,000,State - TRIPURA (16),Rural,Total,Marginal workers_Worked for less than_3 months_Total_Females,26572,DDW-1600B-01ST-Census.xls,01ST
B0301ST,16,000,State - TRIPURA (16),Rural,5-14,Marginal workers_Worked for less than_3 months_Total_Females,880,DDW-1600B-01ST-Census.xls,01ST
B0301ST,16,000,State - TRIPURA (16),Rural,15-34,Marginal workers_Worked for less than_3 months_Total_Females,14622,DDW-1600B-01ST-Census.xls,01ST
B0301ST,16,000,State - TRIPURA (16),Rural,35-59,Marginal workers_Worked for less than_3 months_Total_Females,9079,DDW-1600B-01ST-Census.xls,01ST
B0301ST,16,000,State - TRIPURA (16),Rural,60+,Marginal workers_Worked for less than_3 months_Total_Females,1983,DDW-1600B-01ST-Census.xls,01ST
B0301ST,16,000,State - TRIPURA (16),Rural,Age not stated,Marginal workers_Worked for less than_3 months_Total_Females,8,DDW-1600B-01ST-Census.xls,01ST
B0301ST,16,000,State - TRIPURA (16),Rural,15-59,Marginal workers_Worked for less than_3 months_Total_Females,23701,DDW-1600B-01ST-Census.xls,01ST
B0301ST,16,000,State - TRIPURA (16),Urban,Total,Marginal workers_Worked for less than_3 months_Total_Females,299,DDW-1600B-01ST-Census.xls,01ST
B0301ST,16,000,State - TRIPURA (16),Urban,5-14,Marginal workers_Worked for less than_3 months_Total_Females,7,DDW-1600B-01ST-Census.xls,01ST
B0301ST,16,000,State - TRIPURA (16),Urban,15-34,Marginal workers_Worked for less than_3 months_Total_Females,161,DDW-1600B-01ST-Census.xls,01ST
B0301ST,16,000,State - TRIPURA (16),Urban,35-59,Marginal workers_Worked for less than_3 months_Total_Females,121,DDW-1600B-01ST-Census.xls,01ST
B0301ST,16,000,State - TRIPURA (16),Urban,60+,Marginal workers_Worked for less than_3 months_Total_Females,10,DDW-1600B-01ST-Census.xls,01ST
B0301ST,16,000,State - TRIPURA (16),Urban,Age not stated,Marginal workers_Worked for less than_3 months_Total_Females,0,DDW-1600B-01ST-Census.xls,01ST
B0301ST,16,000,State - TRIPURA (16),Urban,15-59,Marginal workers_Worked for less than_3 months_Total_Females,282,DDW-1600B-01ST-Census.xls,01ST
B0301ST,16,289,District - West Tripura  (01),Total,Total,Marginal workers_Worked for less than_3 months_Total_Females,9797,DDW-1600B-01ST-Census.xls,01ST
B0301ST,16,289,District - West Tripura  (01),Total,5-14,Marginal workers_Worked for less than_3 months_Total_Females,219,DDW-1600B-01ST-Census.xls,01ST
B0301ST,16,289,District - West Tripura  (01),Total,15-34,Marginal workers_Worked for less than_3 months_Total_Females,5313,DDW-1600B-01ST-Census.xls,01ST
B0301ST,16,289,District - West Tripura  (01),Total,35-59,Marginal workers_Worked for less than_3 months_Total_Females,3418,DDW-1600B-01ST-Census.xls,01ST
B0301ST,16,289,District - West Tripura  (01),Total,60+,Marginal workers_Worked for less than_3 months_Total_Females,843,DDW-1600B-01ST-Census.xls,01ST
B0301ST,16,289,District - West Tripura  (01),Total,Age not stated,Marginal workers_Worked for less than_3 months_Total_Females,4,DDW-1600B-01ST-Census.xls,01ST
B0301ST,16,289,District - West Tripura  (01),Total,15-59,Marginal workers_Worked for less than_3 months_Total_Females,8731,DDW-1600B-01ST-Census.xls,01ST
B0301ST,16,289,District - West Tripura  (01),Rural,Total,Marginal workers_Worked for less than_3 months_Total_Females,9668,DDW-1600B-01ST-Census.xls,01ST
B0301ST,16,289,District - West Tripura  (01),Rural,5-14,Marginal workers_Worked for less than_3 months_Total_Females,217,DDW-1600B-01ST-Census.xls,01ST
B0301ST,16,289,District - West Tripura  (01),Rural,15-34,Marginal workers_Worked for less than_3 months_Total_Females,5249,DDW-1600B-01ST-Census.xls,01ST
B0301ST,16,289,District - West Tripura  (01),Rural,35-59,Marginal workers_Worked for less than_3 months_Total_Females,3362,DDW-1600B-01ST-Census.xls,01ST
B0301ST,16,289,District - West Tripura  (01),Rural,60+,Marginal workers_Worked for less than_3 months_Total_Females,836,DDW-1600B-01ST-Census.xls,01ST
B0301ST,16,289,District - West Tripura  (01),Rural,Age not stated,Marginal workers_Worked for less than_3 months_Total_Females,4,DDW-1600B-01ST-Census.xls,01ST
B0301ST,16,289,District - West Tripura  (01),Rural,15-59,Marginal workers_Worked for less than_3 months_Total_Females,8611,DDW-1600B-01ST-Census.xls,01ST
B0301ST,16,289,District - West Tripura  (01),Urban,Total,Marginal workers_Worked for less than_3 months_Total_Females,129,DDW-1600B-01ST-Census.xls,01ST
B0301ST,16,289,District - West Tripura  (01),Urban,5-14,Marginal workers_Worked for less than_3 months_Total_Females,2,DDW-1600B-01ST-Census.xls,01ST
B0301ST,16,289,District - West Tripura  (01),Urban,15-34,Marginal workers_Worked for less than_3 months_Total_Females,64,DDW-1600B-01ST-Census.xls,01ST
B0301ST,16,289,District - West Tripura  (01),Urban,35-59,Marginal workers_Worked for less than_3 months_Total_Females,56,DDW-1600B-01ST-Census.xls,01ST
B0301ST,16,289,District - West Tripura  (01),Urban,60+,Marginal workers_Worked for less than_3 months_Total_Females,7,DDW-1600B-01ST-Census.xls,01ST
B0301ST,16,289,District - West Tripura  (01),Urban,Age not stated,Marginal workers_Worked for less than_3 months_Total_Females,0,DDW-1600B-01ST-Census.xls,01ST
B0301ST,16,289,District - West Tripura  (01),Urban,15-59,Marginal workers_Worked for less than_3 months_Total_Females,120,DDW-1600B-01ST-Census.xls,01ST
B0301ST,16,290,District - South Tripura  (02),Total,Total,Marginal workers_Worked for less than_3 months_Total_Females,9752,DDW-1600B-01ST-Census.xls,01ST
B0301ST,16,290,District - South Tripura  (02),Total,5-14,Marginal workers_Worked for less than_3 months_Total_Females,373,DDW-1600B-01ST-Census.xls,01ST
B0301ST,16,290,District - South Tripura  (02),Total,15-34,Marginal workers_Worked for less than_3 months_Total_Females,5319,DDW-1600B-01ST-Census.xls,01ST
B0301ST,16,290,District - South Tripura  (02),Total,35-59,Marginal workers_Worked for less than_3 months_Total_Females,3423,DDW-1600B-01ST-Census.xls,01ST
B0301ST,16,290,District - South Tripura  (02),Total,60+,Marginal workers_Worked for less than_3 months_Total_Females,634,DDW-1600B-01ST-Census.xls,01ST
B0301ST,16,290,District - South Tripura  (02),Total,Age not stated,Marginal workers_Worked for less than_3 months_Total_Females,3,DDW-1600B-01ST-Census.xls,01ST
B0301ST,16,290,District - South Tripura  (02),Total,15-59,Marginal workers_Worked for less than_3 months_Total_Females,8742,DDW-1600B-01ST-Census.xls,01ST
B0301ST,16,290,District - South Tripura  (02),Rural,Total,Marginal workers_Worked for less than_3 months_Total_Females,9664,DDW-1600B-01ST-Census.xls,01ST
B0301ST,16,290,District - South Tripura  (02),Rural,5-14,Marginal workers_Worked for less than_3 months_Total_Females,373,DDW-1600B-01ST-Census.xls,01ST
B0301ST,16,290,District - South Tripura  (02),Rural,15-34,Marginal workers_Worked for less than_3 months_Total_Females,5270,DDW-1600B-01ST-Census.xls,01ST
B0301ST,16,290,District - South Tripura  (02),Rural,35-59,Marginal workers_Worked for less than_3 months_Total_Females,3384,DDW-1600B-01ST-Census.xls,01ST
B0301ST,16,290,District - South Tripura  (02),Rural,60+,Marginal workers_Worked for less than_3 months_Total_Females,634,DDW-1600B-01ST-Census.xls,01ST
B0301ST,16,290,District - South Tripura  (02),Rural,Age not stated,Marginal workers_Worked for less than_3 months_Total_Females,3,DDW-1600B-01ST-Census.xls,01ST
B0301ST,16,290,District - South Tripura  (02),Rural,15-59,Marginal workers_Worked for less than_3 months_Total_Females,8654,DDW-1600B-01ST-Census.xls,01ST
B0301ST,16,290,District - South Tripura  (02),Urban,Total,Marginal workers_Worked for less than_3 months_Total_Females,88,DDW-1600B-01ST-Census.xls,01ST
B0301ST,16,290,District - South Tripura  (02),Urban,5-14,Marginal workers_Worked for less than_3 months_Total_Females,0,DDW-1600B-01ST-Census.xls,01ST
B0301ST,16,290,District - South Tripura  (02),Urban,15-34,Marginal workers_Worked for less than_3 months_Total_Females,49,DDW-1600B-01ST-Census.xls,01ST
B0301ST,16,290,District - South Tripura  (02),Urban,35-59,Marginal workers_Worked for less than_3 months_Total_Females,39,DDW-1600B-01ST-Census.xls,01ST
B0301ST,16,290,District - South Tripura  (02),Urban,60+,Marginal workers_Worked for less than_3 months_Total_Females,0,DDW-1600B-01ST-Census.xls,01ST
B0301ST,16,290,District - South Tripura  (02),Urban,Age not stated,Marginal workers_Worked for less than_3 months_Total_Females,0,DDW-1600B-01ST-Census.xls,01ST
B0301ST,16,290,District - South Tripura  (02),Urban,15-59,Marginal workers_Worked for less than_3 months_Total_Females,88,DDW-1600B-01ST-Census.xls,01ST
B0301ST,16,291,District - Dhalai (03),Total,Total,Marginal workers_Worked for less than_3 months_Total_Females,4863,DDW-1600B-01ST-Census.xls,01ST
B0301ST,16,291,District - Dhalai (03),Total,5-14,Marginal workers_Worked for less than_3 months_Total_Females,147,DDW-1600B-01ST-Census.xls,01ST
B0301ST,16,291,District - Dhalai (03),Total,15-34,Marginal workers_Worked for less than_3 months_Total_Females,2706,DDW-1600B-01ST-Census.xls,01ST
B0301ST,16,291,District - Dhalai (03),Total,35-59,Marginal workers_Worked for less than_3 months_Total_Females,1655,DDW-1600B-01ST-Census.xls,01ST
B0301ST,16,291,District - Dhalai (03),Total,60+,Marginal workers_Worked for less than_3 months_Total_Females,355,DDW-1600B-01ST-Census.xls,01ST
B0301ST,16,291,District - Dhalai (03),Total,Age not stated,Marginal workers_Worked for less than_3 months_Total_Females,0,DDW-1600B-01ST-Census.xls,01ST
B0301ST,16,291,District - Dhalai (03),Total,15-59,Marginal workers_Worked for less than_3 months_Total_Females,4361,DDW-1600B-01ST-Census.xls,01ST
B0301ST,16,291,District - Dhalai (03),Rural,Total,Marginal workers_Worked for less than_3 months_Total_Females,4852,DDW-1600B-01ST-Census.xls,01ST
B0301ST,16,291,District - Dhalai (03),Rural,5-14,Marginal workers_Worked for less than_3 months_Total_Females,146,DDW-1600B-01ST-Census.xls,01ST
B0301ST,16,291,District - Dhalai (03),Rural,15-34,Marginal workers_Worked for less than_3 months_Total_Females,2701,DDW-1600B-01ST-Census.xls,01ST
B0301ST,16,291,District - Dhalai (03),Rural,35-59,Marginal workers_Worked for less than_3 months_Total_Females,1651,DDW-1600B-01ST-Census.xls,01ST
B0301ST,16,291,District - Dhalai (03),Rural,60+,Marginal workers_Worked for less than_3 months_Total_Females,354,DDW-1600B-01ST-Census.xls,01ST
B0301ST,16,291,District - Dhalai (03),Rural,Age not stated,Marginal workers_Worked for less than_3 months_Total_Females,0,DDW-1600B-01ST-Census.xls,01ST
B0301ST,16,291,District - Dhalai (03),Rural,15-59,Marginal workers_Worked for less than_3 months_Total_Females,4352,DDW-1600B-01ST-Census.xls,01ST
B0301ST,16,291,District - Dhalai (03),Urban,Total,Marginal workers_Worked for less than_3 months_Total_Females,11,DDW-1600B-01ST-Census.xls,01ST
B0301ST,16,291,District - Dhalai (03),Urban,5-14,Marginal workers_Worked for less than_3 months_Total_Females,1,DDW-1600B-01ST-Census.xls,01ST
B0301ST,16,291,District - Dhalai (03),Urban,15-34,Marginal workers_Worked for less than_3 months_Total_Females,5,DDW-1600B-01ST-Census.xls,01ST
B0301ST,16,291,District - Dhalai (03),Urban,35-59,Marginal workers_Worked for less than_3 months_Total_Females,4,DDW-1600B-01ST-Census.xls,01ST
B0301ST,16,291,District - Dhalai (03),Urban,60+,Marginal workers_Worked for less than_3 months_Total_Females,1,DDW-1600B-01ST-Census.xls,01ST
B0301ST,16,291,District - Dhalai (03),Urban,Age not stated,Marginal workers_Worked for less than_3 months_Total_Females,0,DDW-1600B-01ST-Census.xls,01ST
B0301ST,16,291,District - Dhalai (03),Urban,15-59,Marginal workers_Worked for less than_3 months_Total_Females,9,DDW-1600B-01ST-Census.xls,01ST
B0301ST,16,292,District - North Tripura (04),Total,Total,Marginal workers_Worked for less than_3 months_Total_Females,2459,DDW-1600B-01ST-Census.xls,01ST
B0301ST,16,292,District - North Tripura (04),Total,5-14,Marginal workers_Worked for less than_3 months_Total_Females,148,DDW-1600B-01ST-Census.xls,01ST
B0301ST,16,292,District - North Tripura (04),Total,15-34,Marginal workers_Worked for less than_3 months_Total_Females,1445,DDW-1600B-01ST-Census.xls,01ST
B0301ST,16,292,District - North Tripura (04),Total,35-59,Marginal workers_Worked for less than_3 months_Total_Females,704,DDW-1600B-01ST-Census.xls,01ST
B0301ST,16,292,District - North Tripura (04),Total,60+,Marginal workers_Worked for less than_3 months_Total_Females,161,DDW-1600B-01ST-Census.xls,01ST
B0301ST,16,292,District - North Tripura (04),Total,Age not stated,Marginal workers_Worked for less than_3 months_Total_Females,1,DDW-1600B-01ST-Census.xls,01ST
B0301ST,16,292,District - North Tripura (04),Total,15-59,Marginal workers_Worked for less than_3 months_Total_Females,2149,DDW-1600B-01ST-Census.xls,01ST
B0301ST,16,292,District - North Tripura (04),Rural,Total,Marginal workers_Worked for less than_3 months_Total_Females,2388,DDW-1600B-01ST-Census.xls,01ST
B0301ST,16,292,District - North Tripura (04),Rural,5-14,Marginal workers_Worked for less than_3 months_Total_Females,144,DDW-1600B-01ST-Census.xls,01ST
B0301ST,16,292,District - North Tripura (04),Rural,15-34,Marginal workers_Worked for less than_3 months_Total_Females,1402,DDW-1600B-01ST-Census.xls,01ST
B0301ST,16,292,District - North Tripura (04),Rural,35-59,Marginal workers_Worked for less than_3 months_Total_Females,682,DDW-1600B-01ST-Census.xls,01ST
B0301ST,16,292,District - North Tripura (04),Rural,60+,Marginal workers_Worked for less than_3 months_Total_Females,159,DDW-1600B-01ST-Census.xls,01ST
B0301ST,16,292,District - North Tripura (04),Rural,Age not stated,Marginal workers_Worked for less than_3 months_Total_Females,1,DDW-1600B-01ST-Census.xls,01ST
B0301ST,16,292,District - North Tripura (04),Rural,15-59,Marginal workers_Worked for less than_3 months_Total_Females,2084,DDW-1600B-01ST-Census.xls,01ST
B0301ST,16,292,District - North Tripura (04),Urban,Total,Marginal workers_Worked for less than_3 months_Total_Females,71,DDW-1600B-01ST-Census.xls,01ST
B0301ST,16,292,District - North Tripura (04),Urban,5-14,Marginal workers_Worked for less than_3 months_Total_Females,4,DDW-1600B-01ST-Census.xls,01ST
B0301ST,16,292,District - North Tripura (04),Urban,15-34,Marginal workers_Worked for less than_3 months_Total_Females,43,DDW-1600B-01ST-Census.xls,01ST
B0301ST,16,292,District - North Tripura (04),Urban,35-59,Marginal workers_Worked for less than_3 months_Total_Females,22,DDW-1600B-01ST-Census.xls,01ST
B0301ST,16,292,District - North Tripura (04),Urban,60+,Marginal workers_Worked for less than_3 months_Total_Females,2,DDW-1600B-01ST-Census.xls,01ST
B0301ST,16,292,District - North Tripura (04),Urban,Age not stated,Marginal workers_Worked for less than_3 months_Total_Females,0,DDW-1600B-01ST-Census.xls,01ST
B0301ST,16,292,District - North Tripura (04),Urban,15-59,Marginal workers_Worked for less than_3 months_Total_Females,65,DDW-1600B-01ST-Census.xls,01ST
B0301ST,16,000,State - TRIPURA (16),Total,Total,Marginal workers_Worked for 3 to 6 months_Total_Persons,143492,DDW-1600B-01ST-Census.xls,01ST
B0301ST,16,000,State - TRIPURA (16),Total,5-14,Marginal workers_Worked for 3 to 6 months_Total_Persons,3143,DDW-1600B-01ST-Census.xls,01ST
B0301ST,16,000,State - TRIPURA (16),Total,15-34,Marginal workers_Worked for 3 to 6 months_Total_Persons,80428,DDW-1600B-01ST-Census.xls,01ST
B0301ST,16,000,State - TRIPURA (16),Total,35-59,Marginal workers_Worked for 3 to 6 months_Total_Persons,49706,DDW-1600B-01ST-Census.xls,01ST
B0301ST,16,000,State - TRIPURA (16),Total,60+,Marginal workers_Worked for 3 to 6 months_Total_Persons,10177,DDW-1600B-01ST-Census.xls,01ST
B0301ST,16,000,State - TRIPURA (16),Total,Age not stated,Marginal workers_Worked for 3 to 6 months_Total_Persons,38,DDW-1600B-01ST-Census.xls,01ST
B0301ST,16,000,State - TRIPURA (16),Total,15-59,Marginal workers_Worked for 3 to 6 months_Total_Persons,130134,DDW-1600B-01ST-Census.xls,01ST
B0301ST,16,000,State - TRIPURA (16),Rural,Total,Marginal workers_Worked for 3 to 6 months_Total_Persons,141556,DDW-1600B-01ST-Census.xls,01ST
B0301ST,16,000,State - TRIPURA (16),Rural,5-14,Marginal workers_Worked for 3 to 6 months_Total_Persons,3074,DDW-1600B-01ST-Census.xls,01ST
B0301ST,16,000,State - TRIPURA (16),Rural,15-34,Marginal workers_Worked for 3 to 6 months_Total_Persons,79356,DDW-1600B-01ST-Census.xls,01ST
B0301ST,16,000,State - TRIPURA (16),Rural,35-59,Marginal workers_Worked for 3 to 6 months_Total_Persons,49025,DDW-1600B-01ST-Census.xls,01ST
B0301ST,16,000,State - TRIPURA (16),Rural,60+,Marginal workers_Worked for 3 to 6 months_Total_Persons,10065,DDW-1600B-01ST-Census.xls,01ST
B0301ST,16,000,State - TRIPURA (16),Rural,Age not stated,Marginal workers_Worked for 3 to 6 months_Total_Persons,36,DDW-1600B-01ST-Census.xls,01ST
B0301ST,16,000,State - TRIPURA (16),Rural,15-59,Marginal workers_Worked for 3 to 6 months_Total_Persons,128381,DDW-1600B-01ST-Census.xls,01ST
B0301ST,16,000,State - TRIPURA (16),Urban,Total,Marginal workers_Worked for 3 to 6 months_Total_Persons,1936,DDW-1600B-01ST-Census.xls,01ST
B0301ST,16,000,State - TRIPURA (16),Urban,5-14,Marginal workers_Worked for 3 to 6 months_Total_Persons,69,DDW-1600B-01ST-Census.xls,01ST
B0301ST,16,000,State - TRIPURA (16),Urban,15-34,Marginal workers_Worked for 3 to 6 months_Total_Persons,1072,DDW-1600B-01ST-Census.xls,01ST
B0301ST,16,000,State - TRIPURA (16),Urban,35-59,Marginal workers_Worked for 3 to 6 months_Total_Persons,681,DDW-1600B-01ST-Census.xls,01ST
B0301ST,16,000,State - TRIPURA (16),Urban,60+,Marginal workers_Worked for 3 to 6 months_Total_Persons,112,DDW-1600B-01ST-Census.xls,01ST
B0301ST,16,000,State - TRIPURA (16),Urban,Age not stated,Marginal workers_Worked for 3 to 6 months_Total_Persons,2,DDW-1600B-01ST-Census.xls,01ST
B0301ST,16,000,State - TRIPURA (16),Urban,15-59,Marginal workers_Worked for 3 to 6 months_Total_Persons,1753,DDW-1600B-01ST-Census.xls,01ST
B0301ST,16,289,District - West Tripura  (01),Total,Total,Marginal workers_Worked for 3 to 6 months_Total_Persons,57394,DDW-1600B-01ST-Census.xls,01ST
B0301ST,16,289,District - West Tripura  (01),Total,5-14,Marginal workers_Worked for 3 to 6 months_Total_Persons,972,DDW-1600B-01ST-Census.xls,01ST
B0301ST,16,289,District - West Tripura  (01),Total,15-34,Marginal workers_Worked for 3 to 6 months_Total_Persons,30162,DDW-1600B-01ST-Census.xls,01ST
B0301ST,16,289,District - West Tripura  (01),Total,35-59,Marginal workers_Worked for 3 to 6 months_Total_Persons,21356,DDW-1600B-01ST-Census.xls,01ST
B0301ST,16,289,District - West Tripura  (01),Total,60+,Marginal workers_Worked for 3 to 6 months_Total_Persons,4882,DDW-1600B-01ST-Census.xls,01ST
B0301ST,16,289,District - West Tripura  (01),Total,Age not stated,Marginal workers_Worked for 3 to 6 months_Total_Persons,22,DDW-1600B-01ST-Census.xls,01ST
B0301ST,16,289,District - West Tripura  (01),Total,15-59,Marginal workers_Worked for 3 to 6 months_Total_Persons,51518,DDW-1600B-01ST-Census.xls,01ST
B0301ST,16,289,District - West Tripura  (01),Rural,Total,Marginal workers_Worked for 3 to 6 months_Total_Persons,56479,DDW-1600B-01ST-Census.xls,01ST
B0301ST,16,289,District - West Tripura  (01),Rural,5-14,Marginal workers_Worked for 3 to 6 months_Total_Persons,931,DDW-1600B-01ST-Census.xls,01ST
B0301ST,16,289,District - West Tripura  (01),Rural,15-34,Marginal workers_Worked for 3 to 6 months_Total_Persons,29670,DDW-1600B-01ST-Census.xls,01ST
B0301ST,16,289,District - West Tripura  (01),Rural,35-59,Marginal workers_Worked for 3 to 6 months_Total_Persons,21029,DDW-1600B-01ST-Census.xls,01ST
B0301ST,16,289,District - West Tripura  (01),Rural,60+,Marginal workers_Worked for 3 to 6 months_Total_Persons,4829,DDW-1600B-01ST-Census.xls,01ST
B0301ST,16,289,District - West Tripura  (01),Rural,Age not stated,Marginal workers_Worked for 3 to 6 months_Total_Persons,20,DDW-1600B-01ST-Census.xls,01ST
B0301ST,16,289,District - West Tripura  (01),Rural,15-59,Marginal workers_Worked for 3 to 6 months_Total_Persons,50699,DDW-1600B-01ST-Census.xls,01ST
B0301ST,16,289,District - West Tripura  (01),Urban,Total,Marginal workers_Worked for 3 to 6 months_Total_Persons,915,DDW-1600B-01ST-Census.xls,01ST
B0301ST,16,289,District - West Tripura  (01),Urban,5-14,Marginal workers_Worked for 3 to 6 months_Total_Persons,41,DDW-1600B-01ST-Census.xls,01ST
B0301ST,16,289,District - West Tripura  (01),Urban,15-34,Marginal workers_Worked for 3 to 6 months_Total_Persons,492,DDW-1600B-01ST-Census.xls,01ST
B0301ST,16,289,District - West Tripura  (01),Urban,35-59,Marginal workers_Worked for 3 to 6 months_Total_Persons,327,DDW-1600B-01ST-Census.xls,01ST
B0301ST,16,289,District - West Tripura  (01),Urban,60+,Marginal workers_Worked for 3 to 6 months_Total_Persons,53,DDW-1600B-01ST-Census.xls,01ST
B0301ST,16,289,District - West Tripura  (01),Urban,Age not stated,Marginal workers_Worked for 3 to 6 months_Total_Persons,2,DDW-1600B-01ST-Census.xls,01ST
B0301ST,16,289,District - West Tripura  (01),Urban,15-59,Marginal workers_Worked for 3 to 6 months_Total_Persons,819,DDW-1600B-01ST-Census.xls,01ST
B0301ST,16,290,District - South Tripura  (02),Total,Total,Marginal workers_Worked for 3 to 6 months_Total_Persons,40921,DDW-1600B-01ST-Census.xls,01ST
B0301ST,16,290,District - South Tripura  (02),Total,5-14,Marginal workers_Worked for 3 to 6 months_Total_Persons,835,DDW-1600B-01ST-Census.xls,01ST
B0301ST,16,290,District - South Tripura  (02),Total,15-34,Marginal workers_Worked for 3 to 6 months_Total_Persons,23642,DDW-1600B-01ST-Census.xls,01ST
B0301ST,16,290,District - South Tripura  (02),Total,35-59,Marginal workers_Worked for 3 to 6 months_Total_Persons,13926,DDW-1600B-01ST-Census.xls,01ST
B0301ST,16,290,District - South Tripura  (02),Total,60+,Marginal workers_Worked for 3 to 6 months_Total_Persons,2507,DDW-1600B-01ST-Census.xls,01ST
B0301ST,16,290,District - South Tripura  (02),Total,Age not stated,Marginal workers_Worked for 3 to 6 months_Total_Persons,11,DDW-1600B-01ST-Census.xls,01ST
B0301ST,16,290,District - South Tripura  (02),Total,15-59,Marginal workers_Worked for 3 to 6 months_Total_Persons,37568,DDW-1600B-01ST-Census.xls,01ST
B0301ST,16,290,District - South Tripura  (02),Rural,Total,Marginal workers_Worked for 3 to 6 months_Total_Persons,40519,DDW-1600B-01ST-Census.xls,01ST
B0301ST,16,290,District - South Tripura  (02),Rural,5-14,Marginal workers_Worked for 3 to 6 months_Total_Persons,828,DDW-1600B-01ST-Census.xls,01ST
B0301ST,16,290,District - South Tripura  (02),Rural,15-34,Marginal workers_Worked for 3 to 6 months_Total_Persons,23402,DDW-1600B-01ST-Census.xls,01ST
B0301ST,16,290,District - South Tripura  (02),Rural,35-59,Marginal workers_Worked for 3 to 6 months_Total_Persons,13796,DDW-1600B-01ST-Census.xls,01ST
B0301ST,16,290,District - South Tripura  (02),Rural,60+,Marginal workers_Worked for 3 to 6 months_Total_Persons,2482,DDW-1600B-01ST-Census.xls,01ST
B0301ST,16,290,District - South Tripura  (02),Rural,Age not stated,Marginal workers_Worked for 3 to 6 months_Total_Persons,11,DDW-1600B-01ST-Census.xls,01ST
B0301ST,16,290,District - South Tripura  (02),Rural,15-59,Marginal workers_Worked for 3 to 6 months_Total_Persons,37198,DDW-1600B-01ST-Census.xls,01ST
B0301ST,16,290,District - South Tripura  (02),Urban,Total,Marginal workers_Worked for 3 to 6 months_Total_Persons,402,DDW-1600B-01ST-Census.xls,01ST
B0301ST,16,290,District - South Tripura  (02),Urban,5-14,Marginal workers_Worked for 3 to 6 months_Total_Persons,7,DDW-1600B-01ST-Census.xls,01ST
B0301ST,16,290,District - South Tripura  (02),Urban,15-34,Marginal workers_Worked for 3 to 6 months_Total_Persons,240,DDW-1600B-01ST-Census.xls,01ST
B0301ST,16,290,District - South Tripura  (02),Urban,35-59,Marginal workers_Worked for 3 to 6 months_Total_Persons,130,DDW-1600B-01ST-Census.xls,01ST
B0301ST,16,290,District - South Tripura  (02),Urban,60+,Marginal workers_Worked for 3 to 6 months_Total_Persons,25,DDW-1600B-01ST-Census.xls,01ST
B0301ST,16,290,District - South Tripura  (02),Urban,Age not stated,Marginal workers_Worked for 3 to 6 months_Total_Persons,0,DDW-1600B-01ST-Census.xls,01ST
B0301ST,16,290,District - South Tripura  (02),Urban,15-59,Marginal workers_Worked for 3 to 6 months_Total_Persons,370,DDW-1600B-01ST-Census.xls,01ST
B0301ST,16,291,District - Dhalai (03),Total,Total,Marginal workers_Worked for 3 to 6 months_Total_Persons,26148,DDW-1600B-01ST-Census.xls,01ST
B0301ST,16,291,District - Dhalai (03),Total,5-14,Marginal workers_Worked for 3 to 6 months_Total_Persons,691,DDW-1600B-01ST-Census.xls,01ST
B0301ST,16,291,District - Dhalai (03),Total,15-34,Marginal workers_Worked for 3 to 6 months_Total_Persons,15179,DDW-1600B-01ST-Census.xls,01ST
B0301ST,16,291,District - Dhalai (03),Total,35-59,Marginal workers_Worked for 3 to 6 months_Total_Persons,8549,DDW-1600B-01ST-Census.xls,01ST
B0301ST,16,291,District - Dhalai (03),Total,60+,Marginal workers_Worked for 3 to 6 months_Total_Persons,1728,DDW-1600B-01ST-Census.xls,01ST
B0301ST,16,291,District - Dhalai (03),Total,Age not stated,Marginal workers_Worked for 3 to 6 months_Total_Persons,1,DDW-1600B-01ST-Census.xls,01ST
B0301ST,16,291,District - Dhalai (03),Total,15-59,Marginal workers_Worked for 3 to 6 months_Total_Persons,23728,DDW-1600B-01ST-Census.xls,01ST
B0301ST,16,291,District - Dhalai (03),Rural,Total,Marginal workers_Worked for 3 to 6 months_Total_Persons,26034,DDW-1600B-01ST-Census.xls,01ST
B0301ST,16,291,District - Dhalai (03),Rural,5-14,Marginal workers_Worked for 3 to 6 months_Total_Persons,681,DDW-1600B-01ST-Census.xls,01ST
B0301ST,16,291,District - Dhalai (03),Rural,15-34,Marginal workers_Worked for 3 to 6 months_Total_Persons,15113,DDW-1600B-01ST-Census.xls,01ST
B0301ST,16,291,District - Dhalai (03),Rural,35-59,Marginal workers_Worked for 3 to 6 months_Total_Persons,8515,DDW-1600B-01ST-Census.xls,01ST
B0301ST,16,291,District - Dhalai (03),Rural,60+,Marginal workers_Worked for 3 to 6 months_Total_Persons,1724,DDW-1600B-01ST-Census.xls,01ST
B0301ST,16,291,District - Dhalai (03),Rural,Age not stated,Marginal workers_Worked for 3 to 6 months_Total_Persons,1,DDW-1600B-01ST-Census.xls,01ST
B0301ST,16,291,District - Dhalai (03),Rural,15-59,Marginal workers_Worked for 3 to 6 months_Total_Persons,23628,DDW-1600B-01ST-Census.xls,01ST
B0301ST,16,291,District - Dhalai (03),Urban,Total,Marginal workers_Worked for 3 to 6 months_Total_Persons,114,DDW-1600B-01ST-Census.xls,01ST
B0301ST,16,291,District - Dhalai (03),Urban,5-14,Marginal workers_Worked for 3 to 6 months_Total_Persons,10,DDW-1600B-01ST-Census.xls,01ST
B0301ST,16,291,District - Dhalai (03),Urban,15-34,Marginal workers_Worked for 3 to 6 months_Total_Persons,66,DDW-1600B-01ST-Census.xls,01ST
B0301ST,16,291,District - Dhalai (03),Urban,35-59,Marginal workers_Worked for 3 to 6 months_Total_Persons,34,DDW-1600B-01ST-Census.xls,01ST
B0301ST,16,291,District - Dhalai (03),Urban,60+,Marginal workers_Worked for 3 to 6 months_Total_Persons,4,DDW-1600B-01ST-Census.xls,01ST
B0301ST,16,291,District - Dhalai (03),Urban,Age not stated,Marginal workers_Worked for 3 to 6 months_Total_Persons,0,DDW-1600B-01ST-Census.xls,01ST
B0301ST,16,291,District - Dhalai (03),Urban,15-59,Marginal workers_Worked for 3 to 6 months_Total_Persons,100,DDW-1600B-01ST-Census.xls,01ST
B0301ST,16,292,District - North Tripura (04),Total,Total,Marginal workers_Worked for 3 to 6 months_Total_Persons,19029,DDW-1600B-01ST-Census.xls,01ST
B0301ST,16,292,District - North Tripura (04),Total,5-14,Marginal workers_Worked for 3 to 6 months_Total_Persons,645,DDW-1600B-01ST-Census.xls,01ST
B0301ST,16,292,District - North Tripura (04),Total,15-34,Marginal workers_Worked for 3 to 6 months_Total_Persons,11445,DDW-1600B-01ST-Census.xls,01ST
B0301ST,16,292,District - North Tripura (04),Total,35-59,Marginal workers_Worked for 3 to 6 months_Total_Persons,5875,DDW-1600B-01ST-Census.xls,01ST
B0301ST,16,292,District - North Tripura (04),Total,60+,Marginal workers_Worked for 3 to 6 months_Total_Persons,1060,DDW-1600B-01ST-Census.xls,01ST
B0301ST,16,292,District - North Tripura (04),Total,Age not stated,Marginal workers_Worked for 3 to 6 months_Total_Persons,4,DDW-1600B-01ST-Census.xls,01ST
B0301ST,16,292,District - North Tripura (04),Total,15-59,Marginal workers_Worked for 3 to 6 months_Total_Persons,17320,DDW-1600B-01ST-Census.xls,01ST
B0301ST,16,292,District - North Tripura (04),Rural,Total,Marginal workers_Worked for 3 to 6 months_Total_Persons,18524,DDW-1600B-01ST-Census.xls,01ST
B0301ST,16,292,District - North Tripura (04),Rural,5-14,Marginal workers_Worked for 3 to 6 months_Total_Persons,634,DDW-1600B-01ST-Census.xls,01ST
B0301ST,16,292,District - North Tripura (04),Rural,15-34,Marginal workers_Worked for 3 to 6 months_Total_Persons,11171,DDW-1600B-01ST-Census.xls,01ST
B0301ST,16,292,District - North Tripura (04),Rural,35-59,Marginal workers_Worked for 3 to 6 months_Total_Persons,5685,DDW-1600B-01ST-Census.xls,01ST
B0301ST,16,292,District - North Tripura (04),Rural,60+,Marginal workers_Worked for 3 to 6 months_Total_Persons,1030,DDW-1600B-01ST-Census.xls,01ST
B0301ST,16,292,District - North Tripura (04),Rural,Age not stated,Marginal workers_Worked for 3 to 6 months_Total_Persons,4,DDW-1600B-01ST-Census.xls,01ST
B0301ST,16,292,District - North Tripura (04),Rural,15-59,Marginal workers_Worked for 3 to 6 months_Total_Persons,16856,DDW-1600B-01ST-Census.xls,01ST
B0301ST,16,292,District - North Tripura (04),Urban,Total,Marginal workers_Worked for 3 to 6 months_Total_Persons,505,DDW-1600B-01ST-Census.xls,01ST
B0301ST,16,292,District - North Tripura (04),Urban,5-14,Marginal workers_Worked for 3 to 6 months_Total_Persons,11,DDW-1600B-01ST-Census.xls,01ST
B0301ST,16,292,District - North Tripura (04),Urban,15-34,Marginal workers_Worked for 3 to 6 months_Total_Persons,274,DDW-1600B-01ST-Census.xls,01ST
B0301ST,16,292,District - North Tripura (04),Urban,35-59,Marginal workers_Worked for 3 to 6 months_Total_Persons,190,DDW-1600B-01ST-Census.xls,01ST
B0301ST,16,292,District - North Tripura (04),Urban,60+,Marginal workers_Worked for 3 to 6 months_Total_Persons,30,DDW-1600B-01ST-Census.xls,01ST
B0301ST,16,292,District - North Tripura (04),Urban,Age not stated,Marginal workers_Worked for 3 to 6 months_Total_Persons,0,DDW-1600B-01ST-Census.xls,01ST
B0301ST,16,292,District - North Tripura (04),Urban,15-59,Marginal workers_Worked for 3 to 6 months_Total_Persons,464,DDW-1600B-01ST-Census.xls,01ST
B0301ST,16,000,State - TRIPURA (16),Total,Total,Marginal workers_Worked for 3 to 6 months_Total_Males,44665,DDW-1600B-01ST-Census.xls,01ST
B0301ST,16,000,State - TRIPURA (16),Total,5-14,Marginal workers_Worked for 3 to 6 months_Total_Males,1442,DDW-1600B-01ST-Census.xls,01ST
B0301ST,16,000,State - TRIPURA (16),Total,15-34,Marginal workers_Worked for 3 to 6 months_Total_Males,27993,DDW-1600B-01ST-Census.xls,01ST
B0301ST,16,000,State - TRIPURA (16),Total,35-59,Marginal workers_Worked for 3 to 6 months_Total_Males,11448,DDW-1600B-01ST-Census.xls,01ST
B0301ST,16,000,State - TRIPURA (16),Total,60+,Marginal workers_Worked for 3 to 6 months_Total_Males,3772,DDW-1600B-01ST-Census.xls,01ST
B0301ST,16,000,State - TRIPURA (16),Total,Age not stated,Marginal workers_Worked for 3 to 6 months_Total_Males,10,DDW-1600B-01ST-Census.xls,01ST
B0301ST,16,000,State - TRIPURA (16),Total,15-59,Marginal workers_Worked for 3 to 6 months_Total_Males,39441,DDW-1600B-01ST-Census.xls,01ST
B0301ST,16,000,State - TRIPURA (16),Rural,Total,Marginal workers_Worked for 3 to 6 months_Total_Males,43835,DDW-1600B-01ST-Census.xls,01ST
B0301ST,16,000,State - TRIPURA (16),Rural,5-14,Marginal workers_Worked for 3 to 6 months_Total_Males,1409,DDW-1600B-01ST-Census.xls,01ST
B0301ST,16,000,State - TRIPURA (16),Rural,15-34,Marginal workers_Worked for 3 to 6 months_Total_Males,27477,DDW-1600B-01ST-Census.xls,01ST
B0301ST,16,000,State - TRIPURA (16),Rural,35-59,Marginal workers_Worked for 3 to 6 months_Total_Males,11227,DDW-1600B-01ST-Census.xls,01ST
B0301ST,16,000,State - TRIPURA (16),Rural,60+,Marginal workers_Worked for 3 to 6 months_Total_Males,3713,DDW-1600B-01ST-Census.xls,01ST
B0301ST,16,000,State - TRIPURA (16),Rural,Age not stated,Marginal workers_Worked for 3 to 6 months_Total_Males,9,DDW-1600B-01ST-Census.xls,01ST
B0301ST,16,000,State - TRIPURA (16),Rural,15-59,Marginal workers_Worked for 3 to 6 months_Total_Males,38704,DDW-1600B-01ST-Census.xls,01ST
B0301ST,16,000,State - TRIPURA (16),Urban,Total,Marginal workers_Worked for 3 to 6 months_Total_Males,830,DDW-1600B-01ST-Census.xls,01ST
B0301ST,16,000,State - TRIPURA (16),Urban,5-14,Marginal workers_Worked for 3 to 6 months_Total_Males,33,DDW-1600B-01ST-Census.xls,01ST
B0301ST,16,000,State - TRIPURA (16),Urban,15-34,Marginal workers_Worked for 3 to 6 months_Total_Males,516,DDW-1600B-01ST-Census.xls,01ST
B0301ST,16,000,State - TRIPURA (16),Urban,35-59,Marginal workers_Worked for 3 to 6 months_Total_Males,221,DDW-1600B-01ST-Census.xls,01ST
B0301ST,16,000,State - TRIPURA (16),Urban,60+,Marginal workers_Worked for 3 to 6 months_Total_Males,59,DDW-1600B-01ST-Census.xls,01ST
B0301ST,16,000,State - TRIPURA (16),Urban,Age not stated,Marginal workers_Worked for 3 to 6 months_Total_Males,1,DDW-1600B-01ST-Census.xls,01ST
B0301ST,16,000,State - TRIPURA (16),Urban,15-59,Marginal workers_Worked for 3 to 6 months_Total_Males,737,DDW-1600B-01ST-Census.xls,01ST
B0301ST,16,289,District - West Tripura  (01),Total,Total,Marginal workers_Worked for 3 to 6 months_Total_Males,17430,DDW-1600B-01ST-Census.xls,01ST
B0301ST,16,289,District - West Tripura  (01),Total,5-14,Marginal workers_Worked for 3 to 6 months_Total_Males,478,DDW-1600B-01ST-Census.xls,01ST
B0301ST,16,289,District - West Tripura  (01),Total,15-34,Marginal workers_Worked for 3 to 6 months_Total_Males,10657,DDW-1600B-01ST-Census.xls,01ST
B0301ST,16,289,District - West Tripura  (01),Total,35-59,Marginal workers_Worked for 3 to 6 months_Total_Males,4623,DDW-1600B-01ST-Census.xls,01ST
B0301ST,16,289,District - West Tripura  (01),Total,60+,Marginal workers_Worked for 3 to 6 months_Total_Males,1666,DDW-1600B-01ST-Census.xls,01ST
B0301ST,16,289,District - West Tripura  (01),Total,Age not stated,Marginal workers_Worked for 3 to 6 months_Total_Males,6,DDW-1600B-01ST-Census.xls,01ST
B0301ST,16,289,District - West Tripura  (01),Total,15-59,Marginal workers_Worked for 3 to 6 months_Total_Males,15280,DDW-1600B-01ST-Census.xls,01ST
B0301ST,16,289,District - West Tripura  (01),Rural,Total,Marginal workers_Worked for 3 to 6 months_Total_Males,17000,DDW-1600B-01ST-Census.xls,01ST
B0301ST,16,289,District - West Tripura  (01),Rural,5-14,Marginal workers_Worked for 3 to 6 months_Total_Males,459,DDW-1600B-01ST-Census.xls,01ST
B0301ST,16,289,District - West Tripura  (01),Rural,15-34,Marginal workers_Worked for 3 to 6 months_Total_Males,10395,DDW-1600B-01ST-Census.xls,01ST
B0301ST,16,289,District - West Tripura  (01),Rural,35-59,Marginal workers_Worked for 3 to 6 months_Total_Males,4507,DDW-1600B-01ST-Census.xls,01ST
B0301ST,16,289,District - West Tripura  (01),Rural,60+,Marginal workers_Worked for 3 to 6 months_Total_Males,1634,DDW-1600B-01ST-Census.xls,01ST
B0301ST,16,289,District - West Tripura  (01),Rural,Age not stated,Marginal workers_Worked for 3 to 6 months_Total_Males,5,DDW-1600B-01ST-Census.xls,01ST
B0301ST,16,289,District - West Tripura  (01),Rural,15-59,Marginal workers_Worked for 3 to 6 months_Total_Males,14902,DDW-1600B-01ST-Census.xls,01ST
B0301ST,16,289,District - West Tripura  (01),Urban,Total,Marginal workers_Worked for 3 to 6 months_Total_Males,430,DDW-1600B-01ST-Census.xls,01ST
B0301ST,16,289,District - West Tripura  (01),Urban,5-14,Marginal workers_Worked for 3 to 6 months_Total_Males,19,DDW-1600B-01ST-Census.xls,01ST
B0301ST,16,289,District - West Tripura  (01),Urban,15-34,Marginal workers_Worked for 3 to 6 months_Total_Males,262,DDW-1600B-01ST-Census.xls,01ST
B0301ST,16,289,District - West Tripura  (01),Urban,35-59,Marginal workers_Worked for 3 to 6 months_Total_Males,116,DDW-1600B-01ST-Census.xls,01ST
B0301ST,16,289,District - West Tripura  (01),Urban,60+,Marginal workers_Worked for 3 to 6 months_Total_Males,32,DDW-1600B-01ST-Census.xls,01ST
B0301ST,16,289,District - West Tripura  (01),Urban,Age not stated,Marginal workers_Worked for 3 to 6 months_Total_Males,1,DDW-1600B-01ST-Census.xls,01ST
B0301ST,16,289,District - West Tripura  (01),Urban,15-59,Marginal workers_Worked for 3 to 6 months_Total_Males,378,DDW-1600B-01ST-Census.xls,01ST
B0301ST,16,290,District - South Tripura  (02),Total,Total,Marginal workers_Worked for 3 to 6 months_Total_Males,12002,DDW-1600B-01ST-Census.xls,01ST
B0301ST,16,290,District - South Tripura  (02),Total,5-14,Marginal workers_Worked for 3 to 6 months_Total_Males,355,DDW-1600B-01ST-Census.xls,01ST
B0301ST,16,290,District - South Tripura  (02),Total,15-34,Marginal workers_Worked for 3 to 6 months_Total_Males,7810,DDW-1600B-01ST-Census.xls,01ST
B0301ST,16,290,District - South Tripura  (02),Total,35-59,Marginal workers_Worked for 3 to 6 months_Total_Males,2887,DDW-1600B-01ST-Census.xls,01ST
B0301ST,16,290,District - South Tripura  (02),Total,60+,Marginal workers_Worked for 3 to 6 months_Total_Males,947,DDW-1600B-01ST-Census.xls,01ST
B0301ST,16,290,District - South Tripura  (02),Total,Age not stated,Marginal workers_Worked for 3 to 6 months_Total_Males,3,DDW-1600B-01ST-Census.xls,01ST
B0301ST,16,290,District - South Tripura  (02),Total,15-59,Marginal workers_Worked for 3 to 6 months_Total_Males,10697,DDW-1600B-01ST-Census.xls,01ST
B0301ST,16,290,District - South Tripura  (02),Rural,Total,Marginal workers_Worked for 3 to 6 months_Total_Males,11895,DDW-1600B-01ST-Census.xls,01ST
B0301ST,16,290,District - South Tripura  (02),Rural,5-14,Marginal workers_Worked for 3 to 6 months_Total_Males,352,DDW-1600B-01ST-Census.xls,01ST
B0301ST,16,290,District - South Tripura  (02),Rural,15-34,Marginal workers_Worked for 3 to 6 months_Total_Males,7734,DDW-1600B-01ST-Census.xls,01ST
B0301ST,16,290,District - South Tripura  (02),Rural,35-59,Marginal workers_Worked for 3 to 6 months_Total_Males,2868,DDW-1600B-01ST-Census.xls,01ST
B0301ST,16,290,District - South Tripura  (02),Rural,60+,Marginal workers_Worked for 3 to 6 months_Total_Males,938,DDW-1600B-01ST-Census.xls,01ST
B0301ST,16,290,District - South Tripura  (02),Rural,Age not stated,Marginal workers_Worked for 3 to 6 months_Total_Males,3,DDW-1600B-01ST-Census.xls,01ST
B0301ST,16,290,District - South Tripura  (02),Rural,15-59,Marginal workers_Worked for 3 to 6 months_Total_Males,10602,DDW-1600B-01ST-Census.xls,01ST
B0301ST,16,290,District - South Tripura  (02),Urban,Total,Marginal workers_Worked for 3 to 6 months_Total_Males,107,DDW-1600B-01ST-Census.xls,01ST
B0301ST,16,290,District - South Tripura  (02),Urban,5-14,Marginal workers_Worked for 3 to 6 months_Total_Males,3,DDW-1600B-01ST-Census.xls,01ST
B0301ST,16,290,District - South Tripura  (02),Urban,15-34,Marginal workers_Worked for 3 to 6 months_Total_Males,76,DDW-1600B-01ST-Census.xls,01ST
B0301ST,16,290,District - South Tripura  (02),Urban,35-59,Marginal workers_Worked for 3 to 6 months_Total_Males,19,DDW-1600B-01ST-Census.xls,01ST
B0301ST,16,290,District - South Tripura  (02),Urban,60+,Marginal workers_Worked for 3 to 6 months_Total_Males,9,DDW-1600B-01ST-Census.xls,01ST
B0301ST,16,290,District - South Tripura  (02),Urban,Age not stated,Marginal workers_Worked for 3 to 6 months_Total_Males,0,DDW-1600B-01ST-Census.xls,01ST
B0301ST,16,290,District - South Tripura  (02),Urban,15-59,Marginal workers_Worked for 3 to 6 months_Total_Males,95,DDW-1600B-01ST-Census.xls,01ST
B0301ST,16,291,District - Dhalai (03),Total,Total,Marginal workers_Worked for 3 to 6 months_Total_Males,8432,DDW-1600B-01ST-Census.xls,01ST
B0301ST,16,291,District - Dhalai (03),Total,5-14,Marginal workers_Worked for 3 to 6 months_Total_Males,295,DDW-1600B-01ST-Census.xls,01ST
B0301ST,16,291,District - Dhalai (03),Total,15-34,Marginal workers_Worked for 3 to 6 months_Total_Males,5195,DDW-1600B-01ST-Census.xls,01ST
B0301ST,16,291,District - Dhalai (03),Total,35-59,Marginal workers_Worked for 3 to 6 months_Total_Males,2242,DDW-1600B-01ST-Census.xls,01ST
B0301ST,16,291,District - Dhalai (03),Total,60+,Marginal workers_Worked for 3 to 6 months_Total_Males,700,DDW-1600B-01ST-Census.xls,01ST
B0301ST,16,291,District - Dhalai (03),Total,Age not stated,Marginal workers_Worked for 3 to 6 months_Total_Males,0,DDW-1600B-01ST-Census.xls,01ST
B0301ST,16,291,District - Dhalai (03),Total,15-59,Marginal workers_Worked for 3 to 6 months_Total_Males,7437,DDW-1600B-01ST-Census.xls,01ST
B0301ST,16,291,District - Dhalai (03),Rural,Total,Marginal workers_Worked for 3 to 6 months_Total_Males,8389,DDW-1600B-01ST-Census.xls,01ST
B0301ST,16,291,District - Dhalai (03),Rural,5-14,Marginal workers_Worked for 3 to 6 months_Total_Males,291,DDW-1600B-01ST-Census.xls,01ST
B0301ST,16,291,District - Dhalai (03),Rural,15-34,Marginal workers_Worked for 3 to 6 months_Total_Males,5165,DDW-1600B-01ST-Census.xls,01ST
B0301ST,16,291,District - Dhalai (03),Rural,35-59,Marginal workers_Worked for 3 to 6 months_Total_Males,2235,DDW-1600B-01ST-Census.xls,01ST
B0301ST,16,291,District - Dhalai (03),Rural,60+,Marginal workers_Worked for 3 to 6 months_Total_Males,698,DDW-1600B-01ST-Census.xls,01ST
B0301ST,16,291,District - Dhalai (03),Rural,Age not stated,Marginal workers_Worked for 3 to 6 months_Total_Males,0,DDW-1600B-01ST-Census.xls,01ST
B0301ST,16,291,District - Dhalai (03),Rural,15-59,Marginal workers_Worked for 3 to 6 months_Total_Males,7400,DDW-1600B-01ST-Census.xls,01ST
B0301ST,16,291,District - Dhalai (03),Urban,Total,Marginal workers_Worked for 3 to 6 months_Total_Males,43,DDW-1600B-01ST-Census.xls,01ST
B0301ST,16,291,District - Dhalai (03),Urban,5-14,Marginal workers_Worked for 3 to 6 months_Total_Males,4,DDW-1600B-01ST-Census.xls,01ST
B0301ST,16,291,District - Dhalai (03),Urban,15-34,Marginal workers_Worked for 3 to 6 months_Total_Males,30,DDW-1600B-01ST-Census.xls,01ST
B0301ST,16,291,District - Dhalai (03),Urban,35-59,Marginal workers_Worked for 3 to 6 months_Total_Males,7,DDW-1600B-01ST-Census.xls,01ST
B0301ST,16,291,District - Dhalai (03),Urban,60+,Marginal workers_Worked for 3 to 6 months_Total_Males,2,DDW-1600B-01ST-Census.xls,01ST
B0301ST,16,291,District - Dhalai (03),Urban,Age not stated,Marginal workers_Worked for 3 to 6 months_Total_Males,0,DDW-1600B-01ST-Census.xls,01ST
B0301ST,16,291,District - Dhalai (03),Urban,15-59,Marginal workers_Worked for 3 to 6 months_Total_Males,37,DDW-1600B-01ST-Census.xls,01ST
B0301ST,16,292,District - North Tripura (04),Total,Total,Marginal workers_Worked for 3 to 6 months_Total_Males,6801,DDW-1600B-01ST-Census.xls,01ST
B0301ST,16,292,District - North Tripura (04),Total,5-14,Marginal workers_Worked for 3 to 6 months_Total_Males,314,DDW-1600B-01ST-Census.xls,01ST
B0301ST,16,292,District - North Tripura (04),Total,15-34,Marginal workers_Worked for 3 to 6 months_Total_Males,4331,DDW-1600B-01ST-Census.xls,01ST
B0301ST,16,292,District - North Tripura (04),Total,35-59,Marginal workers_Worked for 3 to 6 months_Total_Males,1696,DDW-1600B-01ST-Census.xls,01ST
B0301ST,16,292,District - North Tripura (04),Total,60+,Marginal workers_Worked for 3 to 6 months_Total_Males,459,DDW-1600B-01ST-Census.xls,01ST
B0301ST,16,292,District - North Tripura (04),Total,Age not stated,Marginal workers_Worked for 3 to 6 months_Total_Males,1,DDW-1600B-01ST-Census.xls,01ST
B0301ST,16,292,District - North Tripura (04),Total,15-59,Marginal workers_Worked for 3 to 6 months_Total_Males,6027,DDW-1600B-01ST-Census.xls,01ST
B0301ST,16,292,District - North Tripura (04),Rural,Total,Marginal workers_Worked for 3 to 6 months_Total_Males,6551,DDW-1600B-01ST-Census.xls,01ST
B0301ST,16,292,District - North Tripura (04),Rural,5-14,Marginal workers_Worked for 3 to 6 months_Total_Males,307,DDW-1600B-01ST-Census.xls,01ST
B0301ST,16,292,District - North Tripura (04),Rural,15-34,Marginal workers_Worked for 3 to 6 months_Total_Males,4183,DDW-1600B-01ST-Census.xls,01ST
B0301ST,16,292,District - North Tripura (04),Rural,35-59,Marginal workers_Worked for 3 to 6 months_Total_Males,1617,DDW-1600B-01ST-Census.xls,01ST
B0301ST,16,292,District - North Tripura (04),Rural,60+,Marginal workers_Worked for 3 to 6 months_Total_Males,443,DDW-1600B-01ST-Census.xls,01ST
B0301ST,16,292,District - North Tripura (04),Rural,Age not stated,Marginal workers_Worked for 3 to 6 months_Total_Males,1,DDW-1600B-01ST-Census.xls,01ST
B0301ST,16,292,District - North Tripura (04),Rural,15-59,Marginal workers_Worked for 3 to 6 months_Total_Males,5800,DDW-1600B-01ST-Census.xls,01ST
B0301ST,16,292,District - North Tripura (04),Urban,Total,Marginal workers_Worked for 3 to 6 months_Total_Males,250,DDW-1600B-01ST-Census.xls,01ST
B0301ST,16,292,District - North Tripura (04),Urban,5-14,Marginal workers_Worked for 3 to 6 months_Total_Males,7,DDW-1600B-01ST-Census.xls,01ST
B0301ST,16,292,District - North Tripura (04),Urban,15-34,Marginal workers_Worked for 3 to 6 months_Total_Males,148,DDW-1600B-01ST-Census.xls,01ST
B0301ST,16,292,District - North Tripura (04),Urban,35-59,Marginal workers_Worked for 3 to 6 months_Total_Males,79,DDW-1600B-01ST-Census.xls,01ST
B0301ST,16,292,District - North Tripura (04),Urban,60+,Marginal workers_Worked for 3 to 6 months_Total_Males,16,DDW-1600B-01ST-Census.xls,01ST
B0301ST,16,292,District - North Tripura (04),Urban,Age not stated,Marginal workers_Worked for 3 to 6 months_Total_Males,0,DDW-1600B-01ST-Census.xls,01ST
B0301ST,16,292,District - North Tripura (04),Urban,15-59,Marginal workers_Worked for 3 to 6 months_Total_Males,227,DDW-1600B-01ST-Census.xls,01ST
B0301ST,16,000,State - TRIPURA (16),Total,Total,Marginal workers_Worked for 3 to 6 months_Total_Females,98827,DDW-1600B-01ST-Census.xls,01ST
B0301ST,16,000,State - TRIPURA (16),Total,5-14,Marginal workers_Worked for 3 to 6 months_Total_Females,1701,DDW-1600B-01ST-Census.xls,01ST
B0301ST,16,000,State - TRIPURA (16),Total,15-34,Marginal workers_Worked for 3 to 6 months_Total_Females,52435,DDW-1600B-01ST-Census.xls,01ST
B0301ST,16,000,State - TRIPURA (16),Total,35-59,Marginal workers_Worked for 3 to 6 months_Total_Females,38258,DDW-1600B-01ST-Census.xls,01ST
B0301ST,16,000,State - TRIPURA (16),Total,60+,Marginal workers_Worked for 3 to 6 months_Total_Females,6405,DDW-1600B-01ST-Census.xls,01ST
B0301ST,16,000,State - TRIPURA (16),Total,Age not stated,Marginal workers_Worked for 3 to 6 months_Total_Females,28,DDW-1600B-01ST-Census.xls,01ST
B0301ST,16,000,State - TRIPURA (16),Total,15-59,Marginal workers_Worked for 3 to 6 months_Total_Females,90693,DDW-1600B-01ST-Census.xls,01ST
B0301ST,16,000,State - TRIPURA (16),Rural,Total,Marginal workers_Worked for 3 to 6 months_Total_Females,97721,DDW-1600B-01ST-Census.xls,01ST
B0301ST,16,000,State - TRIPURA (16),Rural,5-14,Marginal workers_Worked for 3 to 6 months_Total_Females,1665,DDW-1600B-01ST-Census.xls,01ST
B0301ST,16,000,State - TRIPURA (16),Rural,15-34,Marginal workers_Worked for 3 to 6 months_Total_Females,51879,DDW-1600B-01ST-Census.xls,01ST
B0301ST,16,000,State - TRIPURA (16),Rural,35-59,Marginal workers_Worked for 3 to 6 months_Total_Females,37798,DDW-1600B-01ST-Census.xls,01ST
B0301ST,16,000,State - TRIPURA (16),Rural,60+,Marginal workers_Worked for 3 to 6 months_Total_Females,6352,DDW-1600B-01ST-Census.xls,01ST
B0301ST,16,000,State - TRIPURA (16),Rural,Age not stated,Marginal workers_Worked for 3 to 6 months_Total_Females,27,DDW-1600B-01ST-Census.xls,01ST
B0301ST,16,000,State - TRIPURA (16),Rural,15-59,Marginal workers_Worked for 3 to 6 months_Total_Females,89677,DDW-1600B-01ST-Census.xls,01ST
B0301ST,16,000,State - TRIPURA (16),Urban,Total,Marginal workers_Worked for 3 to 6 months_Total_Females,1106,DDW-1600B-01ST-Census.xls,01ST
B0301ST,16,000,State - TRIPURA (16),Urban,5-14,Marginal workers_Worked for 3 to 6 months_Total_Females,36,DDW-1600B-01ST-Census.xls,01ST
B0301ST,16,000,State - TRIPURA (16),Urban,15-34,Marginal workers_Worked for 3 to 6 months_Total_Females,556,DDW-1600B-01ST-Census.xls,01ST
B0301ST,16,000,State - TRIPURA (16),Urban,35-59,Marginal workers_Worked for 3 to 6 months_Total_Females,460,DDW-1600B-01ST-Census.xls,01ST
B0301ST,16,000,State - TRIPURA (16),Urban,60+,Marginal workers_Worked for 3 to 6 months_Total_Females,53,DDW-1600B-01ST-Census.xls,01ST
B0301ST,16,000,State - TRIPURA (16),Urban,Age not stated,Marginal workers_Worked for 3 to 6 months_Total_Females,1,DDW-1600B-01ST-Census.xls,01ST
B0301ST,16,000,State - TRIPURA (16),Urban,15-59,Marginal workers_Worked for 3 to 6 months_Total_Females,1016,DDW-1600B-01ST-Census.xls,01ST
B0301ST,16,289,District - West Tripura  (01),Total,Total,Marginal workers_Worked for 3 to 6 months_Total_Females,39964,DDW-1600B-01ST-Census.xls,01ST
B0301ST,16,289,District - West Tripura  (01),Total,5-14,Marginal workers_Worked for 3 to 6 months_Total_Females,494,DDW-1600B-01ST-Census.xls,01ST
B0301ST,16,289,District - West Tripura  (01),Total,15-34,Marginal workers_Worked for 3 to 6 months_Total_Females,19505,DDW-1600B-01ST-Census.xls,01ST
B0301ST,16,289,District - West Tripura  (01),Total,35-59,Marginal workers_Worked for 3 to 6 months_Total_Females,16733,DDW-1600B-01ST-Census.xls,01ST
B0301ST,16,289,District - West Tripura  (01),Total,60+,Marginal workers_Worked for 3 to 6 months_Total_Females,3216,DDW-1600B-01ST-Census.xls,01ST
B0301ST,16,289,District - West Tripura  (01),Total,Age not stated,Marginal workers_Worked for 3 to 6 months_Total_Females,16,DDW-1600B-01ST-Census.xls,01ST
B0301ST,16,289,District - West Tripura  (01),Total,15-59,Marginal workers_Worked for 3 to 6 months_Total_Females,36238,DDW-1600B-01ST-Census.xls,01ST
B0301ST,16,289,District - West Tripura  (01),Rural,Total,Marginal workers_Worked for 3 to 6 months_Total_Females,39479,DDW-1600B-01ST-Census.xls,01ST
B0301ST,16,289,District - West Tripura  (01),Rural,5-14,Marginal workers_Worked for 3 to 6 months_Total_Females,472,DDW-1600B-01ST-Census.xls,01ST
B0301ST,16,289,District - West Tripura  (01),Rural,15-34,Marginal workers_Worked for 3 to 6 months_Total_Females,19275,DDW-1600B-01ST-Census.xls,01ST
B0301ST,16,289,District - West Tripura  (01),Rural,35-59,Marginal workers_Worked for 3 to 6 months_Total_Females,16522,DDW-1600B-01ST-Census.xls,01ST
B0301ST,16,289,District - West Tripura  (01),Rural,60+,Marginal workers_Worked for 3 to 6 months_Total_Females,3195,DDW-1600B-01ST-Census.xls,01ST
B0301ST,16,289,District - West Tripura  (01),Rural,Age not stated,Marginal workers_Worked for 3 to 6 months_Total_Females,15,DDW-1600B-01ST-Census.xls,01ST
B0301ST,16,289,District - West Tripura  (01),Rural,15-59,Marginal workers_Worked for 3 to 6 months_Total_Females,35797,DDW-1600B-01ST-Census.xls,01ST
B0301ST,16,289,District - West Tripura  (01),Urban,Total,Marginal workers_Worked for 3 to 6 months_Total_Females,485,DDW-1600B-01ST-Census.xls,01ST
B0301ST,16,289,District - West Tripura  (01),Urban,5-14,Marginal workers_Worked for 3 to 6 months_Total_Females,22,DDW-1600B-01ST-Census.xls,01ST
B0301ST,16,289,District - West Tripura  (01),Urban,15-34,Marginal workers_Worked for 3 to 6 months_Total_Females,230,DDW-1600B-01ST-Census.xls,01ST
B0301ST,16,289,District - West Tripura  (01),Urban,35-59,Marginal workers_Worked for 3 to 6 months_Total_Females,211,DDW-1600B-01ST-Census.xls,01ST
B0301ST,16,289,District - West Tripura  (01),Urban,60+,Marginal workers_Worked for 3 to 6 months_Total_Females,21,DDW-1600B-01ST-Census.xls,01ST
B0301ST,16,289,District - West Tripura  (01),Urban,Age not stated,Marginal workers_Worked for 3 to 6 months_Total_Females,1,DDW-1600B-01ST-Census.xls,01ST
B0301ST,16,289,District - West Tripura  (01),Urban,15-59,Marginal workers_Worked for 3 to 6 months_Total_Females,441,DDW-1600B-01ST-Census.xls,01ST
B0301ST,16,290,District - South Tripura  (02),Total,Total,Marginal workers_Worked for 3 to 6 months_Total_Females,28919,DDW-1600B-01ST-Census.xls,01ST
B0301ST,16,290,District - South Tripura  (02),Total,5-14,Marginal workers_Worked for 3 to 6 months_Total_Females,480,DDW-1600B-01ST-Census.xls,01ST
B0301ST,16,290,District - South Tripura  (02),Total,15-34,Marginal workers_Worked for 3 to 6 months_Total_Females,15832,DDW-1600B-01ST-Census.xls,01ST
B0301ST,16,290,District - South Tripura  (02),Total,35-59,Marginal workers_Worked for 3 to 6 months_Total_Females,11039,DDW-1600B-01ST-Census.xls,01ST
B0301ST,16,290,District - South Tripura  (02),Total,60+,Marginal workers_Worked for 3 to 6 months_Total_Females,1560,DDW-1600B-01ST-Census.xls,01ST
B0301ST,16,290,District - South Tripura  (02),Total,Age not stated,Marginal workers_Worked for 3 to 6 months_Total_Females,8,DDW-1600B-01ST-Census.xls,01ST
B0301ST,16,290,District - South Tripura  (02),Total,15-59,Marginal workers_Worked for 3 to 6 months_Total_Females,26871,DDW-1600B-01ST-Census.xls,01ST
B0301ST,16,290,District - South Tripura  (02),Rural,Total,Marginal workers_Worked for 3 to 6 months_Total_Females,28624,DDW-1600B-01ST-Census.xls,01ST
B0301ST,16,290,District - South Tripura  (02),Rural,5-14,Marginal workers_Worked for 3 to 6 months_Total_Females,476,DDW-1600B-01ST-Census.xls,01ST
B0301ST,16,290,District - South Tripura  (02),Rural,15-34,Marginal workers_Worked for 3 to 6 months_Total_Females,15668,DDW-1600B-01ST-Census.xls,01ST
B0301ST,16,290,District - South Tripura  (02),Rural,35-59,Marginal workers_Worked for 3 to 6 months_Total_Females,10928,DDW-1600B-01ST-Census.xls,01ST
B0301ST,16,290,District - South Tripura  (02),Rural,60+,Marginal workers_Worked for 3 to 6 months_Total_Females,1544,DDW-1600B-01ST-Census.xls,01ST
B0301ST,16,290,District - South Tripura  (02),Rural,Age not stated,Marginal workers_Worked for 3 to 6 months_Total_Females,8,DDW-1600B-01ST-Census.xls,01ST
B0301ST,16,290,District - South Tripura  (02),Rural,15-59,Marginal workers_Worked for 3 to 6 months_Total_Females,26596,DDW-1600B-01ST-Census.xls,01ST
B0301ST,16,290,District - South Tripura  (02),Urban,Total,Marginal workers_Worked for 3 to 6 months_Total_Females,295,DDW-1600B-01ST-Census.xls,01ST
B0301ST,16,290,District - South Tripura  (02),Urban,5-14,Marginal workers_Worked for 3 to 6 months_Total_Females,4,DDW-1600B-01ST-Census.xls,01ST
B0301ST,16,290,District - South Tripura  (02),Urban,15-34,Marginal workers_Worked for 3 to 6 months_Total_Females,164,DDW-1600B-01ST-Census.xls,01ST
B0301ST,16,290,District - South Tripura  (02),Urban,35-59,Marginal workers_Worked for 3 to 6 months_Total_Females,111,DDW-1600B-01ST-Census.xls,01ST
B0301ST,16,290,District - South Tripura  (02),Urban,60+,Marginal workers_Worked for 3 to 6 months_Total_Females,16,DDW-1600B-01ST-Census.xls,01ST
B0301ST,16,290,District - South Tripura  (02),Urban,Age not stated,Marginal workers_Worked for 3 to 6 months_Total_Females,0,DDW-1600B-01ST-Census.xls,01ST
B0301ST,16,290,District - South Tripura  (02),Urban,15-59,Marginal workers_Worked for 3 to 6 months_Total_Females,275,DDW-1600B-01ST-Census.xls,01ST
B0301ST,16,291,District - Dhalai (03),Total,Total,Marginal workers_Worked for 3 to 6 months_Total_Females,17716,DDW-1600B-01ST-Census.xls,01ST
B0301ST,16,291,District - Dhalai (03),Total,5-14,Marginal workers_Worked for 3 to 6 months_Total_Females,396,DDW-1600B-01ST-Census.xls,01ST
B0301ST,16,291,District - Dhalai (03),Total,15-34,Marginal workers_Worked for 3 to 6 months_Total_Females,9984,DDW-1600B-01ST-Census.xls,01ST
B0301ST,16,291,District - Dhalai (03),Total,35-59,Marginal workers_Worked for 3 to 6 months_Total_Females,6307,DDW-1600B-01ST-Census.xls,01ST
B0301ST,16,291,District - Dhalai (03),Total,60+,Marginal workers_Worked for 3 to 6 months_Total_Females,1028,DDW-1600B-01ST-Census.xls,01ST
B0301ST,16,291,District - Dhalai (03),Total,Age not stated,Marginal workers_Worked for 3 to 6 months_Total_Females,1,DDW-1600B-01ST-Census.xls,01ST
B0301ST,16,291,District - Dhalai (03),Total,15-59,Marginal workers_Worked for 3 to 6 months_Total_Females,16291,DDW-1600B-01ST-Census.xls,01ST
B0301ST,16,291,District - Dhalai (03),Rural,Total,Marginal workers_Worked for 3 to 6 months_Total_Females,17645,DDW-1600B-01ST-Census.xls,01ST
B0301ST,16,291,District - Dhalai (03),Rural,5-14,Marginal workers_Worked for 3 to 6 months_Total_Females,390,DDW-1600B-01ST-Census.xls,01ST
B0301ST,16,291,District - Dhalai (03),Rural,15-34,Marginal workers_Worked for 3 to 6 months_Total_Females,9948,DDW-1600B-01ST-Census.xls,01ST
B0301ST,16,291,District - Dhalai (03),Rural,35-59,Marginal workers_Worked for 3 to 6 months_Total_Females,6280,DDW-1600B-01ST-Census.xls,01ST
B0301ST,16,291,District - Dhalai (03),Rural,60+,Marginal workers_Worked for 3 to 6 months_Total_Females,1026,DDW-1600B-01ST-Census.xls,01ST
B0301ST,16,291,District - Dhalai (03),Rural,Age not stated,Marginal workers_Worked for 3 to 6 months_Total_Females,1,DDW-1600B-01ST-Census.xls,01ST
B0301ST,16,291,District - Dhalai (03),Rural,15-59,Marginal workers_Worked for 3 to 6 months_Total_Females,16228,DDW-1600B-01ST-Census.xls,01ST
B0301ST,16,291,District - Dhalai (03),Urban,Total,Marginal workers_Worked for 3 to 6 months_Total_Females,71,DDW-1600B-01ST-Census.xls,01ST
B0301ST,16,291,District - Dhalai (03),Urban,5-14,Marginal workers_Worked for 3 to 6 months_Total_Females,6,DDW-1600B-01ST-Census.xls,01ST
B0301ST,16,291,District - Dhalai (03),Urban,15-34,Marginal workers_Worked for 3 to 6 months_Total_Females,36,DDW-1600B-01ST-Census.xls,01ST
B0301ST,16,291,District - Dhalai (03),Urban,35-59,Marginal workers_Worked for 3 to 6 months_Total_Females,27,DDW-1600B-01ST-Census.xls,01ST
B0301ST,16,291,District - Dhalai (03),Urban,60+,Marginal workers_Worked for 3 to 6 months_Total_Females,2,DDW-1600B-01ST-Census.xls,01ST
B0301ST,16,291,District - Dhalai (03),Urban,Age not stated,Marginal workers_Worked for 3 to 6 months_Total_Females,0,DDW-1600B-01ST-Census.xls,01ST
B0301ST,16,291,District - Dhalai (03),Urban,15-59,Marginal workers_Worked for 3 to 6 months_Total_Females,63,DDW-1600B-01ST-Census.xls,01ST
B0301ST,16,292,District - North Tripura (04),Total,Total,Marginal workers_Worked for 3 to 6 months_Total_Females,12228,DDW-1600B-01ST-Census.xls,01ST
B0301ST,16,292,District - North Tripura (04),Total,5-14,Marginal workers_Worked for 3 to 6 months_Total_Females,331,DDW-1600B-01ST-Census.xls,01ST
B0301ST,16,292,District - North Tripura (04),Total,15-34,Marginal workers_Worked for 3 to 6 months_Total_Females,7114,DDW-1600B-01ST-Census.xls,01ST
B0301ST,16,292,District - North Tripura (04),Total,35-59,Marginal workers_Worked for 3 to 6 months_Total_Females,4179,DDW-1600B-01ST-Census.xls,01ST
B0301ST,16,292,District - North Tripura (04),Total,60+,Marginal workers_Worked for 3 to 6 months_Total_Females,601,DDW-1600B-01ST-Census.xls,01ST
B0301ST,16,292,District - North Tripura (04),Total,Age not stated,Marginal workers_Worked for 3 to 6 months_Total_Females,3,DDW-1600B-01ST-Census.xls,01ST
B0301ST,16,292,District - North Tripura (04),Total,15-59,Marginal workers_Worked for 3 to 6 months_Total_Females,11293,DDW-1600B-01ST-Census.xls,01ST
B0301ST,16,292,District - North Tripura (04),Rural,Total,Marginal workers_Worked for 3 to 6 months_Total_Females,11973,DDW-1600B-01ST-Census.xls,01ST
B0301ST,16,292,District - North Tripura (04),Rural,5-14,Marginal workers_Worked for 3 to 6 months_Total_Females,327,DDW-1600B-01ST-Census.xls,01ST
B0301ST,16,292,District - North Tripura (04),Rural,15-34,Marginal workers_Worked for 3 to 6 months_Total_Females,6988,DDW-1600B-01ST-Census.xls,01ST
B0301ST,16,292,District - North Tripura (04),Rural,35-59,Marginal workers_Worked for 3 to 6 months_Total_Females,4068,DDW-1600B-01ST-Census.xls,01ST
B0301ST,16,292,District - North Tripura (04),Rural,60+,Marginal workers_Worked for 3 to 6 months_Total_Females,587,DDW-1600B-01ST-Census.xls,01ST
B0301ST,16,292,District - North Tripura (04),Rural,Age not stated,Marginal workers_Worked for 3 to 6 months_Total_Females,3,DDW-1600B-01ST-Census.xls,01ST
B0301ST,16,292,District - North Tripura (04),Rural,15-59,Marginal workers_Worked for 3 to 6 months_Total_Females,11056,DDW-1600B-01ST-Census.xls,01ST
B0301ST,16,292,District - North Tripura (04),Urban,Total,Marginal workers_Worked for 3 to 6 months_Total_Females,255,DDW-1600B-01ST-Census.xls,01ST
B0301ST,16,292,District - North Tripura (04),Urban,5-14,Marginal workers_Worked for 3 to 6 months_Total_Females,4,DDW-1600B-01ST-Census.xls,01ST
B0301ST,16,292,District - North Tripura (04),Urban,15-34,Marginal workers_Worked for 3 to 6 months_Total_Females,126,DDW-1600B-01ST-Census.xls,01ST
B0301ST,16,292,District - North Tripura (04),Urban,35-59,Marginal workers_Worked for 3 to 6 months_Total_Females,111,DDW-1600B-01ST-Census.xls,01ST
B0301ST,16,292,District - North Tripura (04),Urban,60+,Marginal workers_Worked for 3 to 6 months_Total_Females,14,DDW-1600B-01ST-Census.xls,01ST
B0301ST,16,292,District - North Tripura (04),Urban,Age not stated,Marginal workers_Worked for 3 to 6 months_Total_Females,0,DDW-1600B-01ST-Census.xls,01ST
B0301ST,16,292,District - North Tripura (04),Urban,15-59,Marginal workers_Worked for 3 to 6 months_Total_Females,237,DDW-1600B-01ST-Census.xls,01ST
B0301ST,16,000,State - TRIPURA (16),Total,Total,Marginal workers_Seeking/available for work_Persons,122850,DDW-1600B-01ST-Census.xls,01ST
B0301ST,16,000,State - TRIPURA (16),Total,5-14,Marginal workers_Seeking/available for work_Persons,2343,DDW-1600B-01ST-Census.xls,01ST
B0301ST,16,000,State - TRIPURA (16),Total,15-34,Marginal workers_Seeking/available for work_Persons,74998,DDW-1600B-01ST-Census.xls,01ST
B0301ST,16,000,State - TRIPURA (16),Total,35-59,Marginal workers_Seeking/available for work_Persons,39607,DDW-1600B-01ST-Census.xls,01ST
B0301ST,16,000,State - TRIPURA (16),Total,60+,Marginal workers_Seeking/available for work_Persons,5877,DDW-1600B-01ST-Census.xls,01ST
B0301ST,16,000,State - TRIPURA (16),Total,Age not stated,Marginal workers_Seeking/available for work_Persons,25,DDW-1600B-01ST-Census.xls,01ST
B0301ST,16,000,State - TRIPURA (16),Total,15-59,Marginal workers_Seeking/available for work_Persons,114605,DDW-1600B-01ST-Census.xls,01ST
B0301ST,16,000,State - TRIPURA (16),Rural,Total,Marginal workers_Seeking/available for work_Persons,121195,DDW-1600B-01ST-Census.xls,01ST
B0301ST,16,000,State - TRIPURA (16),Rural,5-14,Marginal workers_Seeking/available for work_Persons,2308,DDW-1600B-01ST-Census.xls,01ST
B0301ST,16,000,State - TRIPURA (16),Rural,15-34,Marginal workers_Seeking/available for work_Persons,73982,DDW-1600B-01ST-Census.xls,01ST
B0301ST,16,000,State - TRIPURA (16),Rural,35-59,Marginal workers_Seeking/available for work_Persons,39059,DDW-1600B-01ST-Census.xls,01ST
B0301ST,16,000,State - TRIPURA (16),Rural,60+,Marginal workers_Seeking/available for work_Persons,5821,DDW-1600B-01ST-Census.xls,01ST
B0301ST,16,000,State - TRIPURA (16),Rural,Age not stated,Marginal workers_Seeking/available for work_Persons,25,DDW-1600B-01ST-Census.xls,01ST
B0301ST,16,000,State - TRIPURA (16),Rural,15-59,Marginal workers_Seeking/available for work_Persons,113041,DDW-1600B-01ST-Census.xls,01ST
B0301ST,16,000,State - TRIPURA (16),Urban,Total,Marginal workers_Seeking/available for work_Persons,1655,DDW-1600B-01ST-Census.xls,01ST
B0301ST,16,000,State - TRIPURA (16),Urban,5-14,Marginal workers_Seeking/available for work_Persons,35,DDW-1600B-01ST-Census.xls,01ST
B0301ST,16,000,State - TRIPURA (16),Urban,15-34,Marginal workers_Seeking/available for work_Persons,1016,DDW-1600B-01ST-Census.xls,01ST
B0301ST,16,000,State - TRIPURA (16),Urban,35-59,Marginal workers_Seeking/available for work_Persons,548,DDW-1600B-01ST-Census.xls,01ST
B0301ST,16,000,State - TRIPURA (16),Urban,60+,Marginal workers_Seeking/available for work_Persons,56,DDW-1600B-01ST-Census.xls,01ST
B0301ST,16,000,State - TRIPURA (16),Urban,Age not stated,Marginal workers_Seeking/available for work_Persons,0,DDW-1600B-01ST-Census.xls,01ST
B0301ST,16,000,State - TRIPURA (16),Urban,15-59,Marginal workers_Seeking/available for work_Persons,1564,DDW-1600B-01ST-Census.xls,01ST
B0301ST,16,289,District - West Tripura  (01),Total,Total,Marginal workers_Seeking/available for work_Persons,48947,DDW-1600B-01ST-Census.xls,01ST
B0301ST,16,289,District - West Tripura  (01),Total,5-14,Marginal workers_Seeking/available for work_Persons,655,DDW-1600B-01ST-Census.xls,01ST
B0301ST,16,289,District - West Tripura  (01),Total,15-34,Marginal workers_Seeking/available for work_Persons,28372,DDW-1600B-01ST-Census.xls,01ST
B0301ST,16,289,District - West Tripura  (01),Total,35-59,Marginal workers_Seeking/available for work_Persons,17046,DDW-1600B-01ST-Census.xls,01ST
B0301ST,16,289,District - West Tripura  (01),Total,60+,Marginal workers_Seeking/available for work_Persons,2861,DDW-1600B-01ST-Census.xls,01ST
B0301ST,16,289,District - West Tripura  (01),Total,Age not stated,Marginal workers_Seeking/available for work_Persons,13,DDW-1600B-01ST-Census.xls,01ST
B0301ST,16,289,District - West Tripura  (01),Total,15-59,Marginal workers_Seeking/available for work_Persons,45418,DDW-1600B-01ST-Census.xls,01ST
B0301ST,16,289,District - West Tripura  (01),Rural,Total,Marginal workers_Seeking/available for work_Persons,48102,DDW-1600B-01ST-Census.xls,01ST
B0301ST,16,289,District - West Tripura  (01),Rural,5-14,Marginal workers_Seeking/available for work_Persons,639,DDW-1600B-01ST-Census.xls,01ST
B0301ST,16,289,District - West Tripura  (01),Rural,15-34,Marginal workers_Seeking/available for work_Persons,27858,DDW-1600B-01ST-Census.xls,01ST
B0301ST,16,289,District - West Tripura  (01),Rural,35-59,Marginal workers_Seeking/available for work_Persons,16766,DDW-1600B-01ST-Census.xls,01ST
B0301ST,16,289,District - West Tripura  (01),Rural,60+,Marginal workers_Seeking/available for work_Persons,2826,DDW-1600B-01ST-Census.xls,01ST
B0301ST,16,289,District - West Tripura  (01),Rural,Age not stated,Marginal workers_Seeking/available for work_Persons,13,DDW-1600B-01ST-Census.xls,01ST
B0301ST,16,289,District - West Tripura  (01),Rural,15-59,Marginal workers_Seeking/available for work_Persons,44624,DDW-1600B-01ST-Census.xls,01ST
B0301ST,16,289,District - West Tripura  (01),Urban,Total,Marginal workers_Seeking/available for work_Persons,845,DDW-1600B-01ST-Census.xls,01ST
B0301ST,16,289,District - West Tripura  (01),Urban,5-14,Marginal workers_Seeking/available for work_Persons,16,DDW-1600B-01ST-Census.xls,01ST
B0301ST,16,289,District - West Tripura  (01),Urban,15-34,Marginal workers_Seeking/available for work_Persons,514,DDW-1600B-01ST-Census.xls,01ST
B0301ST,16,289,District - West Tripura  (01),Urban,35-59,Marginal workers_Seeking/available for work_Persons,280,DDW-1600B-01ST-Census.xls,01ST
B0301ST,16,289,District - West Tripura  (01),Urban,60+,Marginal workers_Seeking/available for work_Persons,35,DDW-1600B-01ST-Census.xls,01ST
B0301ST,16,289,District - West Tripura  (01),Urban,Age not stated,Marginal workers_Seeking/available for work_Persons,0,DDW-1600B-01ST-Census.xls,01ST
B0301ST,16,289,District - West Tripura  (01),Urban,15-59,Marginal workers_Seeking/available for work_Persons,794,DDW-1600B-01ST-Census.xls,01ST
B0301ST,16,290,District - South Tripura  (02),Total,Total,Marginal workers_Seeking/available for work_Persons,35527,DDW-1600B-01ST-Census.xls,01ST
B0301ST,16,290,District - South Tripura  (02),Total,5-14,Marginal workers_Seeking/available for work_Persons,763,DDW-1600B-01ST-Census.xls,01ST
B0301ST,16,290,District - South Tripura  (02),Total,15-34,Marginal workers_Seeking/available for work_Persons,22379,DDW-1600B-01ST-Census.xls,01ST
B0301ST,16,290,District - South Tripura  (02),Total,35-59,Marginal workers_Seeking/available for work_Persons,11002,DDW-1600B-01ST-Census.xls,01ST
B0301ST,16,290,District - South Tripura  (02),Total,60+,Marginal workers_Seeking/available for work_Persons,1377,DDW-1600B-01ST-Census.xls,01ST
B0301ST,16,290,District - South Tripura  (02),Total,Age not stated,Marginal workers_Seeking/available for work_Persons,6,DDW-1600B-01ST-Census.xls,01ST
B0301ST,16,290,District - South Tripura  (02),Total,15-59,Marginal workers_Seeking/available for work_Persons,33381,DDW-1600B-01ST-Census.xls,01ST
B0301ST,16,290,District - South Tripura  (02),Rural,Total,Marginal workers_Seeking/available for work_Persons,35216,DDW-1600B-01ST-Census.xls,01ST
B0301ST,16,290,District - South Tripura  (02),Rural,5-14,Marginal workers_Seeking/available for work_Persons,758,DDW-1600B-01ST-Census.xls,01ST
B0301ST,16,290,District - South Tripura  (02),Rural,15-34,Marginal workers_Seeking/available for work_Persons,22184,DDW-1600B-01ST-Census.xls,01ST
B0301ST,16,290,District - South Tripura  (02),Rural,35-59,Marginal workers_Seeking/available for work_Persons,10899,DDW-1600B-01ST-Census.xls,01ST
B0301ST,16,290,District - South Tripura  (02),Rural,60+,Marginal workers_Seeking/available for work_Persons,1369,DDW-1600B-01ST-Census.xls,01ST
B0301ST,16,290,District - South Tripura  (02),Rural,Age not stated,Marginal workers_Seeking/available for work_Persons,6,DDW-1600B-01ST-Census.xls,01ST
B0301ST,16,290,District - South Tripura  (02),Rural,15-59,Marginal workers_Seeking/available for work_Persons,33083,DDW-1600B-01ST-Census.xls,01ST
B0301ST,16,290,District - South Tripura  (02),Urban,Total,Marginal workers_Seeking/available for work_Persons,311,DDW-1600B-01ST-Census.xls,01ST
B0301ST,16,290,District - South Tripura  (02),Urban,5-14,Marginal workers_Seeking/available for work_Persons,5,DDW-1600B-01ST-Census.xls,01ST
B0301ST,16,290,District - South Tripura  (02),Urban,15-34,Marginal workers_Seeking/available for work_Persons,195,DDW-1600B-01ST-Census.xls,01ST
B0301ST,16,290,District - South Tripura  (02),Urban,35-59,Marginal workers_Seeking/available for work_Persons,103,DDW-1600B-01ST-Census.xls,01ST
B0301ST,16,290,District - South Tripura  (02),Urban,60+,Marginal workers_Seeking/available for work_Persons,8,DDW-1600B-01ST-Census.xls,01ST
B0301ST,16,290,District - South Tripura  (02),Urban,Age not stated,Marginal workers_Seeking/available for work_Persons,0,DDW-1600B-01ST-Census.xls,01ST
B0301ST,16,290,District - South Tripura  (02),Urban,15-59,Marginal workers_Seeking/available for work_Persons,298,DDW-1600B-01ST-Census.xls,01ST
B0301ST,16,291,District - Dhalai (03),Total,Total,Marginal workers_Seeking/available for work_Persons,22540,DDW-1600B-01ST-Census.xls,01ST
B0301ST,16,291,District - Dhalai (03),Total,5-14,Marginal workers_Seeking/available for work_Persons,493,DDW-1600B-01ST-Census.xls,01ST
B0301ST,16,291,District - Dhalai (03),Total,15-34,Marginal workers_Seeking/available for work_Persons,14125,DDW-1600B-01ST-Census.xls,01ST
B0301ST,16,291,District - Dhalai (03),Total,35-59,Marginal workers_Seeking/available for work_Persons,6890,DDW-1600B-01ST-Census.xls,01ST
B0301ST,16,291,District - Dhalai (03),Total,60+,Marginal workers_Seeking/available for work_Persons,1031,DDW-1600B-01ST-Census.xls,01ST
B0301ST,16,291,District - Dhalai (03),Total,Age not stated,Marginal workers_Seeking/available for work_Persons,1,DDW-1600B-01ST-Census.xls,01ST
B0301ST,16,291,District - Dhalai (03),Total,15-59,Marginal workers_Seeking/available for work_Persons,21015,DDW-1600B-01ST-Census.xls,01ST
B0301ST,16,291,District - Dhalai (03),Rural,Total,Marginal workers_Seeking/available for work_Persons,22476,DDW-1600B-01ST-Census.xls,01ST
B0301ST,16,291,District - Dhalai (03),Rural,5-14,Marginal workers_Seeking/available for work_Persons,490,DDW-1600B-01ST-Census.xls,01ST
B0301ST,16,291,District - Dhalai (03),Rural,15-34,Marginal workers_Seeking/available for work_Persons,14079,DDW-1600B-01ST-Census.xls,01ST
B0301ST,16,291,District - Dhalai (03),Rural,35-59,Marginal workers_Seeking/available for work_Persons,6875,DDW-1600B-01ST-Census.xls,01ST
B0301ST,16,291,District - Dhalai (03),Rural,60+,Marginal workers_Seeking/available for work_Persons,1031,DDW-1600B-01ST-Census.xls,01ST
B0301ST,16,291,District - Dhalai (03),Rural,Age not stated,Marginal workers_Seeking/available for work_Persons,1,DDW-1600B-01ST-Census.xls,01ST
B0301ST,16,291,District - Dhalai (03),Rural,15-59,Marginal workers_Seeking/available for work_Persons,20954,DDW-1600B-01ST-Census.xls,01ST
B0301ST,16,291,District - Dhalai (03),Urban,Total,Marginal workers_Seeking/available for work_Persons,64,DDW-1600B-01ST-Census.xls,01ST
B0301ST,16,291,District - Dhalai (03),Urban,5-14,Marginal workers_Seeking/available for work_Persons,3,DDW-1600B-01ST-Census.xls,01ST
B0301ST,16,291,District - Dhalai (03),Urban,15-34,Marginal workers_Seeking/available for work_Persons,46,DDW-1600B-01ST-Census.xls,01ST
B0301ST,16,291,District - Dhalai (03),Urban,35-59,Marginal workers_Seeking/available for work_Persons,15,DDW-1600B-01ST-Census.xls,01ST
B0301ST,16,291,District - Dhalai (03),Urban,60+,Marginal workers_Seeking/available for work_Persons,0,DDW-1600B-01ST-Census.xls,01ST
B0301ST,16,291,District - Dhalai (03),Urban,Age not stated,Marginal workers_Seeking/available for work_Persons,0,DDW-1600B-01ST-Census.xls,01ST
B0301ST,16,291,District - Dhalai (03),Urban,15-59,Marginal workers_Seeking/available for work_Persons,61,DDW-1600B-01ST-Census.xls,01ST
B0301ST,16,292,District - North Tripura (04),Total,Total,Marginal workers_Seeking/available for work_Persons,15836,DDW-1600B-01ST-Census.xls,01ST
B0301ST,16,292,District - North Tripura (04),Total,5-14,Marginal workers_Seeking/available for work_Persons,432,DDW-1600B-01ST-Census.xls,01ST
B0301ST,16,292,District - North Tripura (04),Total,15-34,Marginal workers_Seeking/available for work_Persons,10122,DDW-1600B-01ST-Census.xls,01ST
B0301ST,16,292,District - North Tripura (04),Total,35-59,Marginal workers_Seeking/available for work_Persons,4669,DDW-1600B-01ST-Census.xls,01ST
B0301ST,16,292,District - North Tripura (04),Total,60+,Marginal workers_Seeking/available for work_Persons,608,DDW-1600B-01ST-Census.xls,01ST
B0301ST,16,292,District - North Tripura (04),Total,Age not stated,Marginal workers_Seeking/available for work_Persons,5,DDW-1600B-01ST-Census.xls,01ST
B0301ST,16,292,District - North Tripura (04),Total,15-59,Marginal workers_Seeking/available for work_Persons,14791,DDW-1600B-01ST-Census.xls,01ST
B0301ST,16,292,District - North Tripura (04),Rural,Total,Marginal workers_Seeking/available for work_Persons,15401,DDW-1600B-01ST-Census.xls,01ST
B0301ST,16,292,District - North Tripura (04),Rural,5-14,Marginal workers_Seeking/available for work_Persons,421,DDW-1600B-01ST-Census.xls,01ST
B0301ST,16,292,District - North Tripura (04),Rural,15-34,Marginal workers_Seeking/available for work_Persons,9861,DDW-1600B-01ST-Census.xls,01ST
B0301ST,16,292,District - North Tripura (04),Rural,35-59,Marginal workers_Seeking/available for work_Persons,4519,DDW-1600B-01ST-Census.xls,01ST
B0301ST,16,292,District - North Tripura (04),Rural,60+,Marginal workers_Seeking/available for work_Persons,595,DDW-1600B-01ST-Census.xls,01ST
B0301ST,16,292,District - North Tripura (04),Rural,Age not stated,Marginal workers_Seeking/available for work_Persons,5,DDW-1600B-01ST-Census.xls,01ST
B0301ST,16,292,District - North Tripura (04),Rural,15-59,Marginal workers_Seeking/available for work_Persons,14380,DDW-1600B-01ST-Census.xls,01ST
B0301ST,16,292,District - North Tripura (04),Urban,Total,Marginal workers_Seeking/available for work_Persons,435,DDW-1600B-01ST-Census.xls,01ST
B0301ST,16,292,District - North Tripura (04),Urban,5-14,Marginal workers_Seeking/available for work_Persons,11,DDW-1600B-01ST-Census.xls,01ST
B0301ST,16,292,District - North Tripura (04),Urban,15-34,Marginal workers_Seeking/available for work_Persons,261,DDW-1600B-01ST-Census.xls,01ST
B0301ST,16,292,District - North Tripura (04),Urban,35-59,Marginal workers_Seeking/available for work_Persons,150,DDW-1600B-01ST-Census.xls,01ST
B0301ST,16,292,District - North Tripura (04),Urban,60+,Marginal workers_Seeking/available for work_Persons,13,DDW-1600B-01ST-Census.xls,01ST
B0301ST,16,292,District - North Tripura (04),Urban,Age not stated,Marginal workers_Seeking/available for work_Persons,0,DDW-1600B-01ST-Census.xls,01ST
B0301ST,16,292,District - North Tripura (04),Urban,15-59,Marginal workers_Seeking/available for work_Persons,411,DDW-1600B-01ST-Census.xls,01ST
B0301ST,16,000,State - TRIPURA (16),Total,Total,Marginal workers_Seeking/available for work_Males,42565,DDW-1600B-01ST-Census.xls,01ST
B0301ST,16,000,State - TRIPURA (16),Total,5-14,Marginal workers_Seeking/available for work_Males,1112,DDW-1600B-01ST-Census.xls,01ST
B0301ST,16,000,State - TRIPURA (16),Total,15-34,Marginal workers_Seeking/available for work_Males,28659,DDW-1600B-01ST-Census.xls,01ST
B0301ST,16,000,State - TRIPURA (16),Total,35-59,Marginal workers_Seeking/available for work_Males,10471,DDW-1600B-01ST-Census.xls,01ST
B0301ST,16,000,State - TRIPURA (16),Total,60+,Marginal workers_Seeking/available for work_Males,2314,DDW-1600B-01ST-Census.xls,01ST
B0301ST,16,000,State - TRIPURA (16),Total,Age not stated,Marginal workers_Seeking/available for work_Males,9,DDW-1600B-01ST-Census.xls,01ST
B0301ST,16,000,State - TRIPURA (16),Total,15-59,Marginal workers_Seeking/available for work_Males,39130,DDW-1600B-01ST-Census.xls,01ST
B0301ST,16,000,State - TRIPURA (16),Rural,Total,Marginal workers_Seeking/available for work_Males,41844,DDW-1600B-01ST-Census.xls,01ST
B0301ST,16,000,State - TRIPURA (16),Rural,5-14,Marginal workers_Seeking/available for work_Males,1098,DDW-1600B-01ST-Census.xls,01ST
B0301ST,16,000,State - TRIPURA (16),Rural,15-34,Marginal workers_Seeking/available for work_Males,28169,DDW-1600B-01ST-Census.xls,01ST
B0301ST,16,000,State - TRIPURA (16),Rural,35-59,Marginal workers_Seeking/available for work_Males,10287,DDW-1600B-01ST-Census.xls,01ST
B0301ST,16,000,State - TRIPURA (16),Rural,60+,Marginal workers_Seeking/available for work_Males,2281,DDW-1600B-01ST-Census.xls,01ST
B0301ST,16,000,State - TRIPURA (16),Rural,Age not stated,Marginal workers_Seeking/available for work_Males,9,DDW-1600B-01ST-Census.xls,01ST
B0301ST,16,000,State - TRIPURA (16),Rural,15-59,Marginal workers_Seeking/available for work_Males,38456,DDW-1600B-01ST-Census.xls,01ST
B0301ST,16,000,State - TRIPURA (16),Urban,Total,Marginal workers_Seeking/available for work_Males,721,DDW-1600B-01ST-Census.xls,01ST
B0301ST,16,000,State - TRIPURA (16),Urban,5-14,Marginal workers_Seeking/available for work_Males,14,DDW-1600B-01ST-Census.xls,01ST
B0301ST,16,000,State - TRIPURA (16),Urban,15-34,Marginal workers_Seeking/available for work_Males,490,DDW-1600B-01ST-Census.xls,01ST
B0301ST,16,000,State - TRIPURA (16),Urban,35-59,Marginal workers_Seeking/available for work_Males,184,DDW-1600B-01ST-Census.xls,01ST
B0301ST,16,000,State - TRIPURA (16),Urban,60+,Marginal workers_Seeking/available for work_Males,33,DDW-1600B-01ST-Census.xls,01ST
B0301ST,16,000,State - TRIPURA (16),Urban,Age not stated,Marginal workers_Seeking/available for work_Males,0,DDW-1600B-01ST-Census.xls,01ST
B0301ST,16,000,State - TRIPURA (16),Urban,15-59,Marginal workers_Seeking/available for work_Males,674,DDW-1600B-01ST-Census.xls,01ST
B0301ST,16,289,District - West Tripura  (01),Total,Total,Marginal workers_Seeking/available for work_Males,16637,DDW-1600B-01ST-Census.xls,01ST
B0301ST,16,289,District - West Tripura  (01),Total,5-14,Marginal workers_Seeking/available for work_Males,348,DDW-1600B-01ST-Census.xls,01ST
B0301ST,16,289,District - West Tripura  (01),Total,15-34,Marginal workers_Seeking/available for work_Males,11015,DDW-1600B-01ST-Census.xls,01ST
B0301ST,16,289,District - West Tripura  (01),Total,35-59,Marginal workers_Seeking/available for work_Males,4200,DDW-1600B-01ST-Census.xls,01ST
B0301ST,16,289,District - West Tripura  (01),Total,60+,Marginal workers_Seeking/available for work_Males,1069,DDW-1600B-01ST-Census.xls,01ST
B0301ST,16,289,District - West Tripura  (01),Total,Age not stated,Marginal workers_Seeking/available for work_Males,5,DDW-1600B-01ST-Census.xls,01ST
B0301ST,16,289,District - West Tripura  (01),Total,15-59,Marginal workers_Seeking/available for work_Males,15215,DDW-1600B-01ST-Census.xls,01ST
B0301ST,16,289,District - West Tripura  (01),Rural,Total,Marginal workers_Seeking/available for work_Males,16263,DDW-1600B-01ST-Census.xls,01ST
B0301ST,16,289,District - West Tripura  (01),Rural,5-14,Marginal workers_Seeking/available for work_Males,342,DDW-1600B-01ST-Census.xls,01ST
B0301ST,16,289,District - West Tripura  (01),Rural,15-34,Marginal workers_Seeking/available for work_Males,10759,DDW-1600B-01ST-Census.xls,01ST
B0301ST,16,289,District - West Tripura  (01),Rural,35-59,Marginal workers_Seeking/available for work_Males,4106,DDW-1600B-01ST-Census.xls,01ST
B0301ST,16,289,District - West Tripura  (01),Rural,60+,Marginal workers_Seeking/available for work_Males,1051,DDW-1600B-01ST-Census.xls,01ST
B0301ST,16,289,District - West Tripura  (01),Rural,Age not stated,Marginal workers_Seeking/available for work_Males,5,DDW-1600B-01ST-Census.xls,01ST
B0301ST,16,289,District - West Tripura  (01),Rural,15-59,Marginal workers_Seeking/available for work_Males,14865,DDW-1600B-01ST-Census.xls,01ST
B0301ST,16,289,District - West Tripura  (01),Urban,Total,Marginal workers_Seeking/available for work_Males,374,DDW-1600B-01ST-Census.xls,01ST
B0301ST,16,289,District - West Tripura  (01),Urban,5-14,Marginal workers_Seeking/available for work_Males,6,DDW-1600B-01ST-Census.xls,01ST
B0301ST,16,289,District - West Tripura  (01),Urban,15-34,Marginal workers_Seeking/available for work_Males,256,DDW-1600B-01ST-Census.xls,01ST
B0301ST,16,289,District - West Tripura  (01),Urban,35-59,Marginal workers_Seeking/available for work_Males,94,DDW-1600B-01ST-Census.xls,01ST
B0301ST,16,289,District - West Tripura  (01),Urban,60+,Marginal workers_Seeking/available for work_Males,18,DDW-1600B-01ST-Census.xls,01ST
B0301ST,16,289,District - West Tripura  (01),Urban,Age not stated,Marginal workers_Seeking/available for work_Males,0,DDW-1600B-01ST-Census.xls,01ST
B0301ST,16,289,District - West Tripura  (01),Urban,15-59,Marginal workers_Seeking/available for work_Males,350,DDW-1600B-01ST-Census.xls,01ST
B0301ST,16,290,District - South Tripura  (02),Total,Total,Marginal workers_Seeking/available for work_Males,11710,DDW-1600B-01ST-Census.xls,01ST
B0301ST,16,290,District - South Tripura  (02),Total,5-14,Marginal workers_Seeking/available for work_Males,348,DDW-1600B-01ST-Census.xls,01ST
B0301ST,16,290,District - South Tripura  (02),Total,15-34,Marginal workers_Seeking/available for work_Males,8133,DDW-1600B-01ST-Census.xls,01ST
B0301ST,16,290,District - South Tripura  (02),Total,35-59,Marginal workers_Seeking/available for work_Males,2687,DDW-1600B-01ST-Census.xls,01ST
B0301ST,16,290,District - South Tripura  (02),Total,60+,Marginal workers_Seeking/available for work_Males,540,DDW-1600B-01ST-Census.xls,01ST
B0301ST,16,290,District - South Tripura  (02),Total,Age not stated,Marginal workers_Seeking/available for work_Males,2,DDW-1600B-01ST-Census.xls,01ST
B0301ST,16,290,District - South Tripura  (02),Total,15-59,Marginal workers_Seeking/available for work_Males,10820,DDW-1600B-01ST-Census.xls,01ST
B0301ST,16,290,District - South Tripura  (02),Rural,Total,Marginal workers_Seeking/available for work_Males,11610,DDW-1600B-01ST-Census.xls,01ST
B0301ST,16,290,District - South Tripura  (02),Rural,5-14,Marginal workers_Seeking/available for work_Males,345,DDW-1600B-01ST-Census.xls,01ST
B0301ST,16,290,District - South Tripura  (02),Rural,15-34,Marginal workers_Seeking/available for work_Males,8059,DDW-1600B-01ST-Census.xls,01ST
B0301ST,16,290,District - South Tripura  (02),Rural,35-59,Marginal workers_Seeking/available for work_Males,2669,DDW-1600B-01ST-Census.xls,01ST
B0301ST,16,290,District - South Tripura  (02),Rural,60+,Marginal workers_Seeking/available for work_Males,535,DDW-1600B-01ST-Census.xls,01ST
B0301ST,16,290,District - South Tripura  (02),Rural,Age not stated,Marginal workers_Seeking/available for work_Males,2,DDW-1600B-01ST-Census.xls,01ST
B0301ST,16,290,District - South Tripura  (02),Rural,15-59,Marginal workers_Seeking/available for work_Males,10728,DDW-1600B-01ST-Census.xls,01ST
B0301ST,16,290,District - South Tripura  (02),Urban,Total,Marginal workers_Seeking/available for work_Males,100,DDW-1600B-01ST-Census.xls,01ST
B0301ST,16,290,District - South Tripura  (02),Urban,5-14,Marginal workers_Seeking/available for work_Males,3,DDW-1600B-01ST-Census.xls,01ST
B0301ST,16,290,District - South Tripura  (02),Urban,15-34,Marginal workers_Seeking/available for work_Males,74,DDW-1600B-01ST-Census.xls,01ST
B0301ST,16,290,District - South Tripura  (02),Urban,35-59,Marginal workers_Seeking/available for work_Males,18,DDW-1600B-01ST-Census.xls,01ST
B0301ST,16,290,District - South Tripura  (02),Urban,60+,Marginal workers_Seeking/available for work_Males,5,DDW-1600B-01ST-Census.xls,01ST
B0301ST,16,290,District - South Tripura  (02),Urban,Age not stated,Marginal workers_Seeking/available for work_Males,0,DDW-1600B-01ST-Census.xls,01ST
B0301ST,16,290,District - South Tripura  (02),Urban,15-59,Marginal workers_Seeking/available for work_Males,92,DDW-1600B-01ST-Census.xls,01ST
B0301ST,16,291,District - Dhalai (03),Total,Total,Marginal workers_Seeking/available for work_Males,7985,DDW-1600B-01ST-Census.xls,01ST
B0301ST,16,291,District - Dhalai (03),Total,5-14,Marginal workers_Seeking/available for work_Males,209,DDW-1600B-01ST-Census.xls,01ST
B0301ST,16,291,District - Dhalai (03),Total,15-34,Marginal workers_Seeking/available for work_Males,5315,DDW-1600B-01ST-Census.xls,01ST
B0301ST,16,291,District - Dhalai (03),Total,35-59,Marginal workers_Seeking/available for work_Males,2040,DDW-1600B-01ST-Census.xls,01ST
B0301ST,16,291,District - Dhalai (03),Total,60+,Marginal workers_Seeking/available for work_Males,421,DDW-1600B-01ST-Census.xls,01ST
B0301ST,16,291,District - Dhalai (03),Total,Age not stated,Marginal workers_Seeking/available for work_Males,0,DDW-1600B-01ST-Census.xls,01ST
B0301ST,16,291,District - Dhalai (03),Total,15-59,Marginal workers_Seeking/available for work_Males,7355,DDW-1600B-01ST-Census.xls,01ST
B0301ST,16,291,District - Dhalai (03),Rural,Total,Marginal workers_Seeking/available for work_Males,7966,DDW-1600B-01ST-Census.xls,01ST
B0301ST,16,291,District - Dhalai (03),Rural,5-14,Marginal workers_Seeking/available for work_Males,209,DDW-1600B-01ST-Census.xls,01ST
B0301ST,16,291,District - Dhalai (03),Rural,15-34,Marginal workers_Seeking/available for work_Males,5300,DDW-1600B-01ST-Census.xls,01ST
B0301ST,16,291,District - Dhalai (03),Rural,35-59,Marginal workers_Seeking/available for work_Males,2036,DDW-1600B-01ST-Census.xls,01ST
B0301ST,16,291,District - Dhalai (03),Rural,60+,Marginal workers_Seeking/available for work_Males,421,DDW-1600B-01ST-Census.xls,01ST
B0301ST,16,291,District - Dhalai (03),Rural,Age not stated,Marginal workers_Seeking/available for work_Males,0,DDW-1600B-01ST-Census.xls,01ST
B0301ST,16,291,District - Dhalai (03),Rural,15-59,Marginal workers_Seeking/available for work_Males,7336,DDW-1600B-01ST-Census.xls,01ST
B0301ST,16,291,District - Dhalai (03),Urban,Total,Marginal workers_Seeking/available for work_Males,19,DDW-1600B-01ST-Census.xls,01ST
B0301ST,16,291,District - Dhalai (03),Urban,5-14,Marginal workers_Seeking/available for work_Males,0,DDW-1600B-01ST-Census.xls,01ST
B0301ST,16,291,District - Dhalai (03),Urban,15-34,Marginal workers_Seeking/available for work_Males,15,DDW-1600B-01ST-Census.xls,01ST
B0301ST,16,291,District - Dhalai (03),Urban,35-59,Marginal workers_Seeking/available for work_Males,4,DDW-1600B-01ST-Census.xls,01ST
B0301ST,16,291,District - Dhalai (03),Urban,60+,Marginal workers_Seeking/available for work_Males,0,DDW-1600B-01ST-Census.xls,01ST
B0301ST,16,291,District - Dhalai (03),Urban,Age not stated,Marginal workers_Seeking/available for work_Males,0,DDW-1600B-01ST-Census.xls,01ST
B0301ST,16,291,District - Dhalai (03),Urban,15-59,Marginal workers_Seeking/available for work_Males,19,DDW-1600B-01ST-Census.xls,01ST
B0301ST,16,292,District - North Tripura (04),Total,Total,Marginal workers_Seeking/available for work_Males,6233,DDW-1600B-01ST-Census.xls,01ST
B0301ST,16,292,District - North Tripura (04),Total,5-14,Marginal workers_Seeking/available for work_Males,207,DDW-1600B-01ST-Census.xls,01ST
B0301ST,16,292,District - North Tripura (04),Total,15-34,Marginal workers_Seeking/available for work_Males,4196,DDW-1600B-01ST-Census.xls,01ST
B0301ST,16,292,District - North Tripura (04),Total,35-59,Marginal workers_Seeking/available for work_Males,1544,DDW-1600B-01ST-Census.xls,01ST
B0301ST,16,292,District - North Tripura (04),Total,60+,Marginal workers_Seeking/available for work_Males,284,DDW-1600B-01ST-Census.xls,01ST
B0301ST,16,292,District - North Tripura (04),Total,Age not stated,Marginal workers_Seeking/available for work_Males,2,DDW-1600B-01ST-Census.xls,01ST
B0301ST,16,292,District - North Tripura (04),Total,15-59,Marginal workers_Seeking/available for work_Males,5740,DDW-1600B-01ST-Census.xls,01ST
B0301ST,16,292,District - North Tripura (04),Rural,Total,Marginal workers_Seeking/available for work_Males,6005,DDW-1600B-01ST-Census.xls,01ST
B0301ST,16,292,District - North Tripura (04),Rural,5-14,Marginal workers_Seeking/available for work_Males,202,DDW-1600B-01ST-Census.xls,01ST
B0301ST,16,292,District - North Tripura (04),Rural,15-34,Marginal workers_Seeking/available for work_Males,4051,DDW-1600B-01ST-Census.xls,01ST
B0301ST,16,292,District - North Tripura (04),Rural,35-59,Marginal workers_Seeking/available for work_Males,1476,DDW-1600B-01ST-Census.xls,01ST
B0301ST,16,292,District - North Tripura (04),Rural,60+,Marginal workers_Seeking/available for work_Males,274,DDW-1600B-01ST-Census.xls,01ST
B0301ST,16,292,District - North Tripura (04),Rural,Age not stated,Marginal workers_Seeking/available for work_Males,2,DDW-1600B-01ST-Census.xls,01ST
B0301ST,16,292,District - North Tripura (04),Rural,15-59,Marginal workers_Seeking/available for work_Males,5527,DDW-1600B-01ST-Census.xls,01ST
B0301ST,16,292,District - North Tripura (04),Urban,Total,Marginal workers_Seeking/available for work_Males,228,DDW-1600B-01ST-Census.xls,01ST
B0301ST,16,292,District - North Tripura (04),Urban,5-14,Marginal workers_Seeking/available for work_Males,5,DDW-1600B-01ST-Census.xls,01ST
B0301ST,16,292,District - North Tripura (04),Urban,15-34,Marginal workers_Seeking/available for work_Males,145,DDW-1600B-01ST-Census.xls,01ST
B0301ST,16,292,District - North Tripura (04),Urban,35-59,Marginal workers_Seeking/available for work_Males,68,DDW-1600B-01ST-Census.xls,01ST
B0301ST,16,292,District - North Tripura (04),Urban,60+,Marginal workers_Seeking/available for work_Males,10,DDW-1600B-01ST-Census.xls,01ST
B0301ST,16,292,District - North Tripura (04),Urban,Age not stated,Marginal workers_Seeking/available for work_Males,0,DDW-1600B-01ST-Census.xls,01ST
B0301ST,16,292,District - North Tripura (04),Urban,15-59,Marginal workers_Seeking/available for work_Males,213,DDW-1600B-01ST-Census.xls,01ST
B0301ST,16,000,State - TRIPURA (16),Total,Total,Marginal workers_Seeking/available for work_Females,80285,DDW-1600B-01ST-Census.xls,01ST
B0301ST,16,000,State - TRIPURA (16),Total,5-14,Marginal workers_Seeking/available for work_Females,1231,DDW-1600B-01ST-Census.xls,01ST
B0301ST,16,000,State - TRIPURA (16),Total,15-34,Marginal workers_Seeking/available for work_Females,46339,DDW-1600B-01ST-Census.xls,01ST
B0301ST,16,000,State - TRIPURA (16),Total,35-59,Marginal workers_Seeking/available for work_Females,29136,DDW-1600B-01ST-Census.xls,01ST
B0301ST,16,000,State - TRIPURA (16),Total,60+,Marginal workers_Seeking/available for work_Females,3563,DDW-1600B-01ST-Census.xls,01ST
B0301ST,16,000,State - TRIPURA (16),Total,Age not stated,Marginal workers_Seeking/available for work_Females,16,DDW-1600B-01ST-Census.xls,01ST
B0301ST,16,000,State - TRIPURA (16),Total,15-59,Marginal workers_Seeking/available for work_Females,75475,DDW-1600B-01ST-Census.xls,01ST
B0301ST,16,000,State - TRIPURA (16),Rural,Total,Marginal workers_Seeking/available for work_Females,79351,DDW-1600B-01ST-Census.xls,01ST
B0301ST,16,000,State - TRIPURA (16),Rural,5-14,Marginal workers_Seeking/available for work_Females,1210,DDW-1600B-01ST-Census.xls,01ST
B0301ST,16,000,State - TRIPURA (16),Rural,15-34,Marginal workers_Seeking/available for work_Females,45813,DDW-1600B-01ST-Census.xls,01ST
B0301ST,16,000,State - TRIPURA (16),Rural,35-59,Marginal workers_Seeking/available for work_Females,28772,DDW-1600B-01ST-Census.xls,01ST
B0301ST,16,000,State - TRIPURA (16),Rural,60+,Marginal workers_Seeking/available for work_Females,3540,DDW-1600B-01ST-Census.xls,01ST
B0301ST,16,000,State - TRIPURA (16),Rural,Age not stated,Marginal workers_Seeking/available for work_Females,16,DDW-1600B-01ST-Census.xls,01ST
B0301ST,16,000,State - TRIPURA (16),Rural,15-59,Marginal workers_Seeking/available for work_Females,74585,DDW-1600B-01ST-Census.xls,01ST
B0301ST,16,000,State - TRIPURA (16),Urban,Total,Marginal workers_Seeking/available for work_Females,934,DDW-1600B-01ST-Census.xls,01ST
B0301ST,16,000,State - TRIPURA (16),Urban,5-14,Marginal workers_Seeking/available for work_Females,21,DDW-1600B-01ST-Census.xls,01ST
B0301ST,16,000,State - TRIPURA (16),Urban,15-34,Marginal workers_Seeking/available for work_Females,526,DDW-1600B-01ST-Census.xls,01ST
B0301ST,16,000,State - TRIPURA (16),Urban,35-59,Marginal workers_Seeking/available for work_Females,364,DDW-1600B-01ST-Census.xls,01ST
B0301ST,16,000,State - TRIPURA (16),Urban,60+,Marginal workers_Seeking/available for work_Females,23,DDW-1600B-01ST-Census.xls,01ST
B0301ST,16,000,State - TRIPURA (16),Urban,Age not stated,Marginal workers_Seeking/available for work_Females,0,DDW-1600B-01ST-Census.xls,01ST
B0301ST,16,000,State - TRIPURA (16),Urban,15-59,Marginal workers_Seeking/available for work_Females,890,DDW-1600B-01ST-Census.xls,01ST
B0301ST,16,289,District - West Tripura  (01),Total,Total,Marginal workers_Seeking/available for work_Females,32310,DDW-1600B-01ST-Census.xls,01ST
B0301ST,16,289,District - West Tripura  (01),Total,5-14,Marginal workers_Seeking/available for work_Females,307,DDW-1600B-01ST-Census.xls,01ST
B0301ST,16,289,District - West Tripura  (01),Total,15-34,Marginal workers_Seeking/available for work_Females,17357,DDW-1600B-01ST-Census.xls,01ST
B0301ST,16,289,District - West Tripura  (01),Total,35-59,Marginal workers_Seeking/available for work_Females,12846,DDW-1600B-01ST-Census.xls,01ST
B0301ST,16,289,District - West Tripura  (01),Total,60+,Marginal workers_Seeking/available for work_Females,1792,DDW-1600B-01ST-Census.xls,01ST
B0301ST,16,289,District - West Tripura  (01),Total,Age not stated,Marginal workers_Seeking/available for work_Females,8,DDW-1600B-01ST-Census.xls,01ST
B0301ST,16,289,District - West Tripura  (01),Total,15-59,Marginal workers_Seeking/available for work_Females,30203,DDW-1600B-01ST-Census.xls,01ST
B0301ST,16,289,District - West Tripura  (01),Rural,Total,Marginal workers_Seeking/available for work_Females,31839,DDW-1600B-01ST-Census.xls,01ST
B0301ST,16,289,District - West Tripura  (01),Rural,5-14,Marginal workers_Seeking/available for work_Females,297,DDW-1600B-01ST-Census.xls,01ST
B0301ST,16,289,District - West Tripura  (01),Rural,15-34,Marginal workers_Seeking/available for work_Females,17099,DDW-1600B-01ST-Census.xls,01ST
B0301ST,16,289,District - West Tripura  (01),Rural,35-59,Marginal workers_Seeking/available for work_Females,12660,DDW-1600B-01ST-Census.xls,01ST
B0301ST,16,289,District - West Tripura  (01),Rural,60+,Marginal workers_Seeking/available for work_Females,1775,DDW-1600B-01ST-Census.xls,01ST
B0301ST,16,289,District - West Tripura  (01),Rural,Age not stated,Marginal workers_Seeking/available for work_Females,8,DDW-1600B-01ST-Census.xls,01ST
B0301ST,16,289,District - West Tripura  (01),Rural,15-59,Marginal workers_Seeking/available for work_Females,29759,DDW-1600B-01ST-Census.xls,01ST
B0301ST,16,289,District - West Tripura  (01),Urban,Total,Marginal workers_Seeking/available for work_Females,471,DDW-1600B-01ST-Census.xls,01ST
B0301ST,16,289,District - West Tripura  (01),Urban,5-14,Marginal workers_Seeking/available for work_Females,10,DDW-1600B-01ST-Census.xls,01ST
B0301ST,16,289,District - West Tripura  (01),Urban,15-34,Marginal workers_Seeking/available for work_Females,258,DDW-1600B-01ST-Census.xls,01ST
B0301ST,16,289,District - West Tripura  (01),Urban,35-59,Marginal workers_Seeking/available for work_Females,186,DDW-1600B-01ST-Census.xls,01ST
B0301ST,16,289,District - West Tripura  (01),Urban,60+,Marginal workers_Seeking/available for work_Females,17,DDW-1600B-01ST-Census.xls,01ST
B0301ST,16,289,District - West Tripura  (01),Urban,Age not stated,Marginal workers_Seeking/available for work_Females,0,DDW-1600B-01ST-Census.xls,01ST
B0301ST,16,289,District - West Tripura  (01),Urban,15-59,Marginal workers_Seeking/available for work_Females,444,DDW-1600B-01ST-Census.xls,01ST
B0301ST,16,290,District - South Tripura  (02),Total,Total,Marginal workers_Seeking/available for work_Females,23817,DDW-1600B-01ST-Census.xls,01ST
B0301ST,16,290,District - South Tripura  (02),Total,5-14,Marginal workers_Seeking/available for work_Females,415,DDW-1600B-01ST-Census.xls,01ST
B0301ST,16,290,District - South Tripura  (02),Total,15-34,Marginal workers_Seeking/available for work_Females,14246,DDW-1600B-01ST-Census.xls,01ST
B0301ST,16,290,District - South Tripura  (02),Total,35-59,Marginal workers_Seeking/available for work_Females,8315,DDW-1600B-01ST-Census.xls,01ST
B0301ST,16,290,District - South Tripura  (02),Total,60+,Marginal workers_Seeking/available for work_Females,837,DDW-1600B-01ST-Census.xls,01ST
B0301ST,16,290,District - South Tripura  (02),Total,Age not stated,Marginal workers_Seeking/available for work_Females,4,DDW-1600B-01ST-Census.xls,01ST
B0301ST,16,290,District - South Tripura  (02),Total,15-59,Marginal workers_Seeking/available for work_Females,22561,DDW-1600B-01ST-Census.xls,01ST
B0301ST,16,290,District - South Tripura  (02),Rural,Total,Marginal workers_Seeking/available for work_Females,23606,DDW-1600B-01ST-Census.xls,01ST
B0301ST,16,290,District - South Tripura  (02),Rural,5-14,Marginal workers_Seeking/available for work_Females,413,DDW-1600B-01ST-Census.xls,01ST
B0301ST,16,290,District - South Tripura  (02),Rural,15-34,Marginal workers_Seeking/available for work_Females,14125,DDW-1600B-01ST-Census.xls,01ST
B0301ST,16,290,District - South Tripura  (02),Rural,35-59,Marginal workers_Seeking/available for work_Females,8230,DDW-1600B-01ST-Census.xls,01ST
B0301ST,16,290,District - South Tripura  (02),Rural,60+,Marginal workers_Seeking/available for work_Females,834,DDW-1600B-01ST-Census.xls,01ST
B0301ST,16,290,District - South Tripura  (02),Rural,Age not stated,Marginal workers_Seeking/available for work_Females,4,DDW-1600B-01ST-Census.xls,01ST
B0301ST,16,290,District - South Tripura  (02),Rural,15-59,Marginal workers_Seeking/available for work_Females,22355,DDW-1600B-01ST-Census.xls,01ST
B0301ST,16,290,District - South Tripura  (02),Urban,Total,Marginal workers_Seeking/available for work_Females,211,DDW-1600B-01ST-Census.xls,01ST
B0301ST,16,290,District - South Tripura  (02),Urban,5-14,Marginal workers_Seeking/available for work_Females,2,DDW-1600B-01ST-Census.xls,01ST
B0301ST,16,290,District - South Tripura  (02),Urban,15-34,Marginal workers_Seeking/available for work_Females,121,DDW-1600B-01ST-Census.xls,01ST
B0301ST,16,290,District - South Tripura  (02),Urban,35-59,Marginal workers_Seeking/available for work_Females,85,DDW-1600B-01ST-Census.xls,01ST
B0301ST,16,290,District - South Tripura  (02),Urban,60+,Marginal workers_Seeking/available for work_Females,3,DDW-1600B-01ST-Census.xls,01ST
B0301ST,16,290,District - South Tripura  (02),Urban,Age not stated,Marginal workers_Seeking/available for work_Females,0,DDW-1600B-01ST-Census.xls,01ST
B0301ST,16,290,District - South Tripura  (02),Urban,15-59,Marginal workers_Seeking/available for work_Females,206,DDW-1600B-01ST-Census.xls,01ST
B0301ST,16,291,District - Dhalai (03),Total,Total,Marginal workers_Seeking/available for work_Females,14555,DDW-1600B-01ST-Census.xls,01ST
B0301ST,16,291,District - Dhalai (03),Total,5-14,Marginal workers_Seeking/available for work_Females,284,DDW-1600B-01ST-Census.xls,01ST
B0301ST,16,291,District - Dhalai (03),Total,15-34,Marginal workers_Seeking/available for work_Females,8810,DDW-1600B-01ST-Census.xls,01ST
B0301ST,16,291,District - Dhalai (03),Total,35-59,Marginal workers_Seeking/available for work_Females,4850,DDW-1600B-01ST-Census.xls,01ST
B0301ST,16,291,District - Dhalai (03),Total,60+,Marginal workers_Seeking/available for work_Females,610,DDW-1600B-01ST-Census.xls,01ST
B0301ST,16,291,District - Dhalai (03),Total,Age not stated,Marginal workers_Seeking/available for work_Females,1,DDW-1600B-01ST-Census.xls,01ST
B0301ST,16,291,District - Dhalai (03),Total,15-59,Marginal workers_Seeking/available for work_Females,13660,DDW-1600B-01ST-Census.xls,01ST
B0301ST,16,291,District - Dhalai (03),Rural,Total,Marginal workers_Seeking/available for work_Females,14510,DDW-1600B-01ST-Census.xls,01ST
B0301ST,16,291,District - Dhalai (03),Rural,5-14,Marginal workers_Seeking/available for work_Females,281,DDW-1600B-01ST-Census.xls,01ST
B0301ST,16,291,District - Dhalai (03),Rural,15-34,Marginal workers_Seeking/available for work_Females,8779,DDW-1600B-01ST-Census.xls,01ST
B0301ST,16,291,District - Dhalai (03),Rural,35-59,Marginal workers_Seeking/available for work_Females,4839,DDW-1600B-01ST-Census.xls,01ST
B0301ST,16,291,District - Dhalai (03),Rural,60+,Marginal workers_Seeking/available for work_Females,610,DDW-1600B-01ST-Census.xls,01ST
B0301ST,16,291,District - Dhalai (03),Rural,Age not stated,Marginal workers_Seeking/available for work_Females,1,DDW-1600B-01ST-Census.xls,01ST
B0301ST,16,291,District - Dhalai (03),Rural,15-59,Marginal workers_Seeking/available for work_Females,13618,DDW-1600B-01ST-Census.xls,01ST
B0301ST,16,291,District - Dhalai (03),Urban,Total,Marginal workers_Seeking/available for work_Females,45,DDW-1600B-01ST-Census.xls,01ST
B0301ST,16,291,District - Dhalai (03),Urban,5-14,Marginal workers_Seeking/available for work_Females,3,DDW-1600B-01ST-Census.xls,01ST
B0301ST,16,291,District - Dhalai (03),Urban,15-34,Marginal workers_Seeking/available for work_Females,31,DDW-1600B-01ST-Census.xls,01ST
B0301ST,16,291,District - Dhalai (03),Urban,35-59,Marginal workers_Seeking/available for work_Females,11,DDW-1600B-01ST-Census.xls,01ST
B0301ST,16,291,District - Dhalai (03),Urban,60+,Marginal workers_Seeking/available for work_Females,0,DDW-1600B-01ST-Census.xls,01ST
B0301ST,16,291,District - Dhalai (03),Urban,Age not stated,Marginal workers_Seeking/available for work_Females,0,DDW-1600B-01ST-Census.xls,01ST
B0301ST,16,291,District - Dhalai (03),Urban,15-59,Marginal workers_Seeking/available for work_Females,42,DDW-1600B-01ST-Census.xls,01ST
B0301ST,16,292,District - North Tripura (04),Total,Total,Marginal workers_Seeking/available for work_Females,9603,DDW-1600B-01ST-Census.xls,01ST
B0301ST,16,292,District - North Tripura (04),Total,5-14,Marginal workers_Seeking/available for work_Females,225,DDW-1600B-01ST-Census.xls,01ST
B0301ST,16,292,District - North Tripura (04),Total,15-34,Marginal workers_Seeking/available for work_Females,5926,DDW-1600B-01ST-Census.xls,01ST
B0301ST,16,292,District - North Tripura (04),Total,35-59,Marginal workers_Seeking/available for work_Females,3125,DDW-1600B-01ST-Census.xls,01ST
B0301ST,16,292,District - North Tripura (04),Total,60+,Marginal workers_Seeking/available for work_Females,324,DDW-1600B-01ST-Census.xls,01ST
B0301ST,16,292,District - North Tripura (04),Total,Age not stated,Marginal workers_Seeking/available for work_Females,3,DDW-1600B-01ST-Census.xls,01ST
B0301ST,16,292,District - North Tripura (04),Total,15-59,Marginal workers_Seeking/available for work_Females,9051,DDW-1600B-01ST-Census.xls,01ST
B0301ST,16,292,District - North Tripura (04),Rural,Total,Marginal workers_Seeking/available for work_Females,9396,DDW-1600B-01ST-Census.xls,01ST
B0301ST,16,292,District - North Tripura (04),Rural,5-14,Marginal workers_Seeking/available for work_Females,219,DDW-1600B-01ST-Census.xls,01ST
B0301ST,16,292,District - North Tripura (04),Rural,15-34,Marginal workers_Seeking/available for work_Females,5810,DDW-1600B-01ST-Census.xls,01ST
B0301ST,16,292,District - North Tripura (04),Rural,35-59,Marginal workers_Seeking/available for work_Females,3043,DDW-1600B-01ST-Census.xls,01ST
B0301ST,16,292,District - North Tripura (04),Rural,60+,Marginal workers_Seeking/available for work_Females,321,DDW-1600B-01ST-Census.xls,01ST
B0301ST,16,292,District - North Tripura (04),Rural,Age not stated,Marginal workers_Seeking/available for work_Females,3,DDW-1600B-01ST-Census.xls,01ST
B0301ST,16,292,District - North Tripura (04),Rural,15-59,Marginal workers_Seeking/available for work_Females,8853,DDW-1600B-01ST-Census.xls,01ST
B0301ST,16,292,District - North Tripura (04),Urban,Total,Marginal workers_Seeking/available for work_Females,207,DDW-1600B-01ST-Census.xls,01ST
B0301ST,16,292,District - North Tripura (04),Urban,5-14,Marginal workers_Seeking/available for work_Females,6,DDW-1600B-01ST-Census.xls,01ST
B0301ST,16,292,District - North Tripura (04),Urban,15-34,Marginal workers_Seeking/available for work_Females,116,DDW-1600B-01ST-Census.xls,01ST
B0301ST,16,292,District - North Tripura (04),Urban,35-59,Marginal workers_Seeking/available for work_Females,82,DDW-1600B-01ST-Census.xls,01ST
B0301ST,16,292,District - North Tripura (04),Urban,60+,Marginal workers_Seeking/available for work_Females,3,DDW-1600B-01ST-Census.xls,01ST
B0301ST,16,292,District - North Tripura (04),Urban,Age not stated,Marginal workers_Seeking/available for work_Females,0,DDW-1600B-01ST-Census.xls,01ST
B0301ST,16,292,District - North Tripura (04),Urban,15-59,Marginal workers_Seeking/available for work_Females,198,DDW-1600B-01ST-Census.xls,01ST
B0301ST,16,000,State - TRIPURA (16),Total,Total,Non-workers_Total_Persons,656221,DDW-1600B-01ST-Census.xls,01ST
B0301ST,16,000,State - TRIPURA (16),Total,5-14,Non-workers_Total_Persons,258452,DDW-1600B-01ST-Census.xls,01ST
B0301ST,16,000,State - TRIPURA (16),Total,15-34,Non-workers_Total_Persons,188447,DDW-1600B-01ST-Census.xls,01ST
B0301ST,16,000,State - TRIPURA (16),Total,35-59,Non-workers_Total_Persons,49284,DDW-1600B-01ST-Census.xls,01ST
B0301ST,16,000,State - TRIPURA (16),Total,60+,Non-workers_Total_Persons,35837,DDW-1600B-01ST-Census.xls,01ST
B0301ST,16,000,State - TRIPURA (16),Total,Age not stated,Non-workers_Total_Persons,301,DDW-1600B-01ST-Census.xls,01ST
B0301ST,16,000,State - TRIPURA (16),Total,15-59,Non-workers_Total_Persons,237731,DDW-1600B-01ST-Census.xls,01ST
B0301ST,16,000,State - TRIPURA (16),Rural,Total,Non-workers_Total_Persons,624880,DDW-1600B-01ST-Census.xls,01ST
B0301ST,16,000,State - TRIPURA (16),Rural,5-14,Non-workers_Total_Persons,249100,DDW-1600B-01ST-Census.xls,01ST
B0301ST,16,000,State - TRIPURA (16),Rural,15-34,Non-workers_Total_Persons,175987,DDW-1600B-01ST-Census.xls,01ST
B0301ST,16,000,State - TRIPURA (16),Rural,35-59,Non-workers_Total_Persons,44933,DDW-1600B-01ST-Census.xls,01ST
B0301ST,16,000,State - TRIPURA (16),Rural,60+,Non-workers_Total_Persons,34041,DDW-1600B-01ST-Census.xls,01ST
B0301ST,16,000,State - TRIPURA (16),Rural,Age not stated,Non-workers_Total_Persons,289,DDW-1600B-01ST-Census.xls,01ST
B0301ST,16,000,State - TRIPURA (16),Rural,15-59,Non-workers_Total_Persons,220920,DDW-1600B-01ST-Census.xls,01ST
B0301ST,16,000,State - TRIPURA (16),Urban,Total,Non-workers_Total_Persons,31341,DDW-1600B-01ST-Census.xls,01ST
B0301ST,16,000,State - TRIPURA (16),Urban,5-14,Non-workers_Total_Persons,9352,DDW-1600B-01ST-Census.xls,01ST
B0301ST,16,000,State - TRIPURA (16),Urban,15-34,Non-workers_Total_Persons,12460,DDW-1600B-01ST-Census.xls,01ST
B0301ST,16,000,State - TRIPURA (16),Urban,35-59,Non-workers_Total_Persons,4351,DDW-1600B-01ST-Census.xls,01ST
B0301ST,16,000,State - TRIPURA (16),Urban,60+,Non-workers_Total_Persons,1796,DDW-1600B-01ST-Census.xls,01ST
B0301ST,16,000,State - TRIPURA (16),Urban,Age not stated,Non-workers_Total_Persons,12,DDW-1600B-01ST-Census.xls,01ST
B0301ST,16,000,State - TRIPURA (16),Urban,15-59,Non-workers_Total_Persons,16811,DDW-1600B-01ST-Census.xls,01ST
B0301ST,16,289,District - West Tripura  (01),Total,Total,Non-workers_Total_Persons,233132,DDW-1600B-01ST-Census.xls,01ST
B0301ST,16,289,District - West Tripura  (01),Total,5-14,Non-workers_Total_Persons,83028,DDW-1600B-01ST-Census.xls,01ST
B0301ST,16,289,District - West Tripura  (01),Total,15-34,Non-workers_Total_Persons,78565,DDW-1600B-01ST-Census.xls,01ST
B0301ST,16,289,District - West Tripura  (01),Total,35-59,Non-workers_Total_Persons,19503,DDW-1600B-01ST-Census.xls,01ST
B0301ST,16,289,District - West Tripura  (01),Total,60+,Non-workers_Total_Persons,14327,DDW-1600B-01ST-Census.xls,01ST
B0301ST,16,289,District - West Tripura  (01),Total,Age not stated,Non-workers_Total_Persons,129,DDW-1600B-01ST-Census.xls,01ST
B0301ST,16,289,District - West Tripura  (01),Total,15-59,Non-workers_Total_Persons,98068,DDW-1600B-01ST-Census.xls,01ST
B0301ST,16,289,District - West Tripura  (01),Rural,Total,Non-workers_Total_Persons,214922,DDW-1600B-01ST-Census.xls,01ST
B0301ST,16,289,District - West Tripura  (01),Rural,5-14,Non-workers_Total_Persons,78306,DDW-1600B-01ST-Census.xls,01ST
B0301ST,16,289,District - West Tripura  (01),Rural,15-34,Non-workers_Total_Persons,70917,DDW-1600B-01ST-Census.xls,01ST
B0301ST,16,289,District - West Tripura  (01),Rural,35-59,Non-workers_Total_Persons,16531,DDW-1600B-01ST-Census.xls,01ST
B0301ST,16,289,District - West Tripura  (01),Rural,60+,Non-workers_Total_Persons,13044,DDW-1600B-01ST-Census.xls,01ST
B0301ST,16,289,District - West Tripura  (01),Rural,Age not stated,Non-workers_Total_Persons,125,DDW-1600B-01ST-Census.xls,01ST
B0301ST,16,289,District - West Tripura  (01),Rural,15-59,Non-workers_Total_Persons,87448,DDW-1600B-01ST-Census.xls,01ST
B0301ST,16,289,District - West Tripura  (01),Urban,Total,Non-workers_Total_Persons,18210,DDW-1600B-01ST-Census.xls,01ST
B0301ST,16,289,District - West Tripura  (01),Urban,5-14,Non-workers_Total_Persons,4722,DDW-1600B-01ST-Census.xls,01ST
B0301ST,16,289,District - West Tripura  (01),Urban,15-34,Non-workers_Total_Persons,7648,DDW-1600B-01ST-Census.xls,01ST
B0301ST,16,289,District - West Tripura  (01),Urban,35-59,Non-workers_Total_Persons,2972,DDW-1600B-01ST-Census.xls,01ST
B0301ST,16,289,District - West Tripura  (01),Urban,60+,Non-workers_Total_Persons,1283,DDW-1600B-01ST-Census.xls,01ST
B0301ST,16,289,District - West Tripura  (01),Urban,Age not stated,Non-workers_Total_Persons,4,DDW-1600B-01ST-Census.xls,01ST
B0301ST,16,289,District - West Tripura  (01),Urban,15-59,Non-workers_Total_Persons,10620,DDW-1600B-01ST-Census.xls,01ST
B0301ST,16,290,District - South Tripura  (02),Total,Total,Non-workers_Total_Persons,190708,DDW-1600B-01ST-Census.xls,01ST
B0301ST,16,290,District - South Tripura  (02),Total,5-14,Non-workers_Total_Persons,82186,DDW-1600B-01ST-Census.xls,01ST
B0301ST,16,290,District - South Tripura  (02),Total,15-34,Non-workers_Total_Persons,48145,DDW-1600B-01ST-Census.xls,01ST
B0301ST,16,290,District - South Tripura  (02),Total,35-59,Non-workers_Total_Persons,11396,DDW-1600B-01ST-Census.xls,01ST
B0301ST,16,290,District - South Tripura  (02),Total,60+,Non-workers_Total_Persons,10546,DDW-1600B-01ST-Census.xls,01ST
B0301ST,16,290,District - South Tripura  (02),Total,Age not stated,Non-workers_Total_Persons,79,DDW-1600B-01ST-Census.xls,01ST
B0301ST,16,290,District - South Tripura  (02),Total,15-59,Non-workers_Total_Persons,59541,DDW-1600B-01ST-Census.xls,01ST
B0301ST,16,290,District - South Tripura  (02),Rural,Total,Non-workers_Total_Persons,187081,DDW-1600B-01ST-Census.xls,01ST
B0301ST,16,290,District - South Tripura  (02),Rural,5-14,Non-workers_Total_Persons,80766,DDW-1600B-01ST-Census.xls,01ST
B0301ST,16,290,District - South Tripura  (02),Rural,15-34,Non-workers_Total_Persons,46931,DDW-1600B-01ST-Census.xls,01ST
B0301ST,16,290,District - South Tripura  (02),Rural,35-59,Non-workers_Total_Persons,11077,DDW-1600B-01ST-Census.xls,01ST
B0301ST,16,290,District - South Tripura  (02),Rural,60+,Non-workers_Total_Persons,10387,DDW-1600B-01ST-Census.xls,01ST
B0301ST,16,290,District - South Tripura  (02),Rural,Age not stated,Non-workers_Total_Persons,74,DDW-1600B-01ST-Census.xls,01ST
B0301ST,16,290,District - South Tripura  (02),Rural,15-59,Non-workers_Total_Persons,58008,DDW-1600B-01ST-Census.xls,01ST
B0301ST,16,290,District - South Tripura  (02),Urban,Total,Non-workers_Total_Persons,3627,DDW-1600B-01ST-Census.xls,01ST
B0301ST,16,290,District - South Tripura  (02),Urban,5-14,Non-workers_Total_Persons,1420,DDW-1600B-01ST-Census.xls,01ST
B0301ST,16,290,District - South Tripura  (02),Urban,15-34,Non-workers_Total_Persons,1214,DDW-1600B-01ST-Census.xls,01ST
B0301ST,16,290,District - South Tripura  (02),Urban,35-59,Non-workers_Total_Persons,319,DDW-1600B-01ST-Census.xls,01ST
B0301ST,16,290,District - South Tripura  (02),Urban,60+,Non-workers_Total_Persons,159,DDW-1600B-01ST-Census.xls,01ST
B0301ST,16,290,District - South Tripura  (02),Urban,Age not stated,Non-workers_Total_Persons,5,DDW-1600B-01ST-Census.xls,01ST
B0301ST,16,290,District - South Tripura  (02),Urban,15-59,Non-workers_Total_Persons,1533,DDW-1600B-01ST-Census.xls,01ST
B0301ST,16,291,District - Dhalai (03),Total,Total,Non-workers_Total_Persons,122348,DDW-1600B-01ST-Census.xls,01ST
B0301ST,16,291,District - Dhalai (03),Total,5-14,Non-workers_Total_Persons,51502,DDW-1600B-01ST-Census.xls,01ST
B0301ST,16,291,District - Dhalai (03),Total,15-34,Non-workers_Total_Persons,31237,DDW-1600B-01ST-Census.xls,01ST
B0301ST,16,291,District - Dhalai (03),Total,35-59,Non-workers_Total_Persons,8332,DDW-1600B-01ST-Census.xls,01ST
B0301ST,16,291,District - Dhalai (03),Total,60+,Non-workers_Total_Persons,5716,DDW-1600B-01ST-Census.xls,01ST
B0301ST,16,291,District - Dhalai (03),Total,Age not stated,Non-workers_Total_Persons,50,DDW-1600B-01ST-Census.xls,01ST
B0301ST,16,291,District - Dhalai (03),Total,15-59,Non-workers_Total_Persons,39569,DDW-1600B-01ST-Census.xls,01ST
B0301ST,16,291,District - Dhalai (03),Rural,Total,Non-workers_Total_Persons,118965,DDW-1600B-01ST-Census.xls,01ST
B0301ST,16,291,District - Dhalai (03),Rural,5-14,Non-workers_Total_Persons,50476,DDW-1600B-01ST-Census.xls,01ST
B0301ST,16,291,District - Dhalai (03),Rural,15-34,Non-workers_Total_Persons,29858,DDW-1600B-01ST-Census.xls,01ST
B0301ST,16,291,District - Dhalai (03),Rural,35-59,Non-workers_Total_Persons,7923,DDW-1600B-01ST-Census.xls,01ST
B0301ST,16,291,District - Dhalai (03),Rural,60+,Non-workers_Total_Persons,5602,DDW-1600B-01ST-Census.xls,01ST
B0301ST,16,291,District - Dhalai (03),Rural,Age not stated,Non-workers_Total_Persons,50,DDW-1600B-01ST-Census.xls,01ST
B0301ST,16,291,District - Dhalai (03),Rural,15-59,Non-workers_Total_Persons,37781,DDW-1600B-01ST-Census.xls,01ST
B0301ST,16,291,District - Dhalai (03),Urban,Total,Non-workers_Total_Persons,3383,DDW-1600B-01ST-Census.xls,01ST
B0301ST,16,291,District - Dhalai (03),Urban,5-14,Non-workers_Total_Persons,1026,DDW-1600B-01ST-Census.xls,01ST
B0301ST,16,291,District - Dhalai (03),Urban,15-34,Non-workers_Total_Persons,1379,DDW-1600B-01ST-Census.xls,01ST
B0301ST,16,291,District - Dhalai (03),Urban,35-59,Non-workers_Total_Persons,409,DDW-1600B-01ST-Census.xls,01ST
B0301ST,16,291,District - Dhalai (03),Urban,60+,Non-workers_Total_Persons,114,DDW-1600B-01ST-Census.xls,01ST
B0301ST,16,291,District - Dhalai (03),Urban,Age not stated,Non-workers_Total_Persons,0,DDW-1600B-01ST-Census.xls,01ST
B0301ST,16,291,District - Dhalai (03),Urban,15-59,Non-workers_Total_Persons,1788,DDW-1600B-01ST-Census.xls,01ST
B0301ST,16,292,District - North Tripura (04),Total,Total,Non-workers_Total_Persons,110033,DDW-1600B-01ST-Census.xls,01ST
B0301ST,16,292,District - North Tripura (04),Total,5-14,Non-workers_Total_Persons,41736,DDW-1600B-01ST-Census.xls,01ST
B0301ST,16,292,District - North Tripura (04),Total,15-34,Non-workers_Total_Persons,30500,DDW-1600B-01ST-Census.xls,01ST
B0301ST,16,292,District - North Tripura (04),Total,35-59,Non-workers_Total_Persons,10053,DDW-1600B-01ST-Census.xls,01ST
B0301ST,16,292,District - North Tripura (04),Total,60+,Non-workers_Total_Persons,5248,DDW-1600B-01ST-Census.xls,01ST
B0301ST,16,292,District - North Tripura (04),Total,Age not stated,Non-workers_Total_Persons,43,DDW-1600B-01ST-Census.xls,01ST
B0301ST,16,292,District - North Tripura (04),Total,15-59,Non-workers_Total_Persons,40553,DDW-1600B-01ST-Census.xls,01ST
B0301ST,16,292,District - North Tripura (04),Rural,Total,Non-workers_Total_Persons,103912,DDW-1600B-01ST-Census.xls,01ST
B0301ST,16,292,District - North Tripura (04),Rural,5-14,Non-workers_Total_Persons,39552,DDW-1600B-01ST-Census.xls,01ST
B0301ST,16,292,District - North Tripura (04),Rural,15-34,Non-workers_Total_Persons,28281,DDW-1600B-01ST-Census.xls,01ST
B0301ST,16,292,District - North Tripura (04),Rural,35-59,Non-workers_Total_Persons,9402,DDW-1600B-01ST-Census.xls,01ST
B0301ST,16,292,District - North Tripura (04),Rural,60+,Non-workers_Total_Persons,5008,DDW-1600B-01ST-Census.xls,01ST
B0301ST,16,292,District - North Tripura (04),Rural,Age not stated,Non-workers_Total_Persons,40,DDW-1600B-01ST-Census.xls,01ST
B0301ST,16,292,District - North Tripura (04),Rural,15-59,Non-workers_Total_Persons,37683,DDW-1600B-01ST-Census.xls,01ST
B0301ST,16,292,District - North Tripura (04),Urban,Total,Non-workers_Total_Persons,6121,DDW-1600B-01ST-Census.xls,01ST
B0301ST,16,292,District - North Tripura (04),Urban,5-14,Non-workers_Total_Persons,2184,DDW-1600B-01ST-Census.xls,01ST
B0301ST,16,292,District - North Tripura (04),Urban,15-34,Non-workers_Total_Persons,2219,DDW-1600B-01ST-Census.xls,01ST
B0301ST,16,292,District - North Tripura (04),Urban,35-59,Non-workers_Total_Persons,651,DDW-1600B-01ST-Census.xls,01ST
B0301ST,16,292,District - North Tripura (04),Urban,60+,Non-workers_Total_Persons,240,DDW-1600B-01ST-Census.xls,01ST
B0301ST,16,292,District - North Tripura (04),Urban,Age not stated,Non-workers_Total_Persons,3,DDW-1600B-01ST-Census.xls,01ST
B0301ST,16,292,District - North Tripura (04),Urban,15-59,Non-workers_Total_Persons,2870,DDW-1600B-01ST-Census.xls,01ST
B0301ST,16,000,State - TRIPURA (16),Total,Total,Non-workers_Total_Males,286398,DDW-1600B-01ST-Census.xls,01ST
B0301ST,16,000,State - TRIPURA (16),Total,5-14,Non-workers_Total_Males,132368,DDW-1600B-01ST-Census.xls,01ST
B0301ST,16,000,State - TRIPURA (16),Total,15-34,Non-workers_Total_Males,73508,DDW-1600B-01ST-Census.xls,01ST
B0301ST,16,000,State - TRIPURA (16),Total,35-59,Non-workers_Total_Males,5424,DDW-1600B-01ST-Census.xls,01ST
B0301ST,16,000,State - TRIPURA (16),Total,60+,Non-workers_Total_Males,11832,DDW-1600B-01ST-Census.xls,01ST
B0301ST,16,000,State - TRIPURA (16),Total,Age not stated,Non-workers_Total_Males,159,DDW-1600B-01ST-Census.xls,01ST
B0301ST,16,000,State - TRIPURA (16),Total,15-59,Non-workers_Total_Males,78932,DDW-1600B-01ST-Census.xls,01ST
B0301ST,16,000,State - TRIPURA (16),Rural,Total,Non-workers_Total_Males,274211,DDW-1600B-01ST-Census.xls,01ST
B0301ST,16,000,State - TRIPURA (16),Rural,5-14,Non-workers_Total_Males,127758,DDW-1600B-01ST-Census.xls,01ST
B0301ST,16,000,State - TRIPURA (16),Rural,15-34,Non-workers_Total_Males,68854,DDW-1600B-01ST-Census.xls,01ST
B0301ST,16,000,State - TRIPURA (16),Rural,35-59,Non-workers_Total_Males,5003,DDW-1600B-01ST-Census.xls,01ST
B0301ST,16,000,State - TRIPURA (16),Rural,60+,Non-workers_Total_Males,11075,DDW-1600B-01ST-Census.xls,01ST
B0301ST,16,000,State - TRIPURA (16),Rural,Age not stated,Non-workers_Total_Males,154,DDW-1600B-01ST-Census.xls,01ST
B0301ST,16,000,State - TRIPURA (16),Rural,15-59,Non-workers_Total_Males,73857,DDW-1600B-01ST-Census.xls,01ST
B0301ST,16,000,State - TRIPURA (16),Urban,Total,Non-workers_Total_Males,12187,DDW-1600B-01ST-Census.xls,01ST
B0301ST,16,000,State - TRIPURA (16),Urban,5-14,Non-workers_Total_Males,4610,DDW-1600B-01ST-Census.xls,01ST
B0301ST,16,000,State - TRIPURA (16),Urban,15-34,Non-workers_Total_Males,4654,DDW-1600B-01ST-Census.xls,01ST
B0301ST,16,000,State - TRIPURA (16),Urban,35-59,Non-workers_Total_Males,421,DDW-1600B-01ST-Census.xls,01ST
B0301ST,16,000,State - TRIPURA (16),Urban,60+,Non-workers_Total_Males,757,DDW-1600B-01ST-Census.xls,01ST
B0301ST,16,000,State - TRIPURA (16),Urban,Age not stated,Non-workers_Total_Males,5,DDW-1600B-01ST-Census.xls,01ST
B0301ST,16,000,State - TRIPURA (16),Urban,15-59,Non-workers_Total_Males,5075,DDW-1600B-01ST-Census.xls,01ST
B0301ST,16,289,District - West Tripura  (01),Total,Total,Non-workers_Total_Males,99876,DDW-1600B-01ST-Census.xls,01ST
B0301ST,16,289,District - West Tripura  (01),Total,5-14,Non-workers_Total_Males,42361,DDW-1600B-01ST-Census.xls,01ST
B0301ST,16,289,District - West Tripura  (01),Total,15-34,Non-workers_Total_Males,31902,DDW-1600B-01ST-Census.xls,01ST
B0301ST,16,289,District - West Tripura  (01),Total,35-59,Non-workers_Total_Males,1775,DDW-1600B-01ST-Census.xls,01ST
B0301ST,16,289,District - West Tripura  (01),Total,60+,Non-workers_Total_Males,4463,DDW-1600B-01ST-Census.xls,01ST
B0301ST,16,289,District - West Tripura  (01),Total,Age not stated,Non-workers_Total_Males,66,DDW-1600B-01ST-Census.xls,01ST
B0301ST,16,289,District - West Tripura  (01),Total,15-59,Non-workers_Total_Males,33677,DDW-1600B-01ST-Census.xls,01ST
B0301ST,16,289,District - West Tripura  (01),Rural,Total,Non-workers_Total_Males,93031,DDW-1600B-01ST-Census.xls,01ST
B0301ST,16,289,District - West Tripura  (01),Rural,5-14,Non-workers_Total_Males,40077,DDW-1600B-01ST-Census.xls,01ST
B0301ST,16,289,District - West Tripura  (01),Rural,15-34,Non-workers_Total_Males,29036,DDW-1600B-01ST-Census.xls,01ST
B0301ST,16,289,District - West Tripura  (01),Rural,35-59,Non-workers_Total_Males,1454,DDW-1600B-01ST-Census.xls,01ST
B0301ST,16,289,District - West Tripura  (01),Rural,60+,Non-workers_Total_Males,3910,DDW-1600B-01ST-Census.xls,01ST
B0301ST,16,289,District - West Tripura  (01),Rural,Age not stated,Non-workers_Total_Males,64,DDW-1600B-01ST-Census.xls,01ST
B0301ST,16,289,District - West Tripura  (01),Rural,15-59,Non-workers_Total_Males,30490,DDW-1600B-01ST-Census.xls,01ST
B0301ST,16,289,District - West Tripura  (01),Urban,Total,Non-workers_Total_Males,6845,DDW-1600B-01ST-Census.xls,01ST
B0301ST,16,289,District - West Tripura  (01),Urban,5-14,Non-workers_Total_Males,2284,DDW-1600B-01ST-Census.xls,01ST
B0301ST,16,289,District - West Tripura  (01),Urban,15-34,Non-workers_Total_Males,2866,DDW-1600B-01ST-Census.xls,01ST
B0301ST,16,289,District - West Tripura  (01),Urban,35-59,Non-workers_Total_Males,321,DDW-1600B-01ST-Census.xls,01ST
B0301ST,16,289,District - West Tripura  (01),Urban,60+,Non-workers_Total_Males,553,DDW-1600B-01ST-Census.xls,01ST
B0301ST,16,289,District - West Tripura  (01),Urban,Age not stated,Non-workers_Total_Males,2,DDW-1600B-01ST-Census.xls,01ST
B0301ST,16,289,District - West Tripura  (01),Urban,15-59,Non-workers_Total_Males,3187,DDW-1600B-01ST-Census.xls,01ST
B0301ST,16,290,District - South Tripura  (02),Total,Total,Non-workers_Total_Males,84555,DDW-1600B-01ST-Census.xls,01ST
B0301ST,16,290,District - South Tripura  (02),Total,5-14,Non-workers_Total_Males,42040,DDW-1600B-01ST-Census.xls,01ST
B0301ST,16,290,District - South Tripura  (02),Total,15-34,Non-workers_Total_Males,18307,DDW-1600B-01ST-Census.xls,01ST
B0301ST,16,290,District - South Tripura  (02),Total,35-59,Non-workers_Total_Males,993,DDW-1600B-01ST-Census.xls,01ST
B0301ST,16,290,District - South Tripura  (02),Total,60+,Non-workers_Total_Males,3644,DDW-1600B-01ST-Census.xls,01ST
B0301ST,16,290,District - South Tripura  (02),Total,Age not stated,Non-workers_Total_Males,39,DDW-1600B-01ST-Census.xls,01ST
B0301ST,16,290,District - South Tripura  (02),Total,15-59,Non-workers_Total_Males,19300,DDW-1600B-01ST-Census.xls,01ST
B0301ST,16,290,District - South Tripura  (02),Rural,Total,Non-workers_Total_Males,83062,DDW-1600B-01ST-Census.xls,01ST
B0301ST,16,290,District - South Tripura  (02),Rural,5-14,Non-workers_Total_Males,41373,DDW-1600B-01ST-Census.xls,01ST
B0301ST,16,290,District - South Tripura  (02),Rural,15-34,Non-workers_Total_Males,17849,DDW-1600B-01ST-Census.xls,01ST
B0301ST,16,290,District - South Tripura  (02),Rural,35-59,Non-workers_Total_Males,954,DDW-1600B-01ST-Census.xls,01ST
B0301ST,16,290,District - South Tripura  (02),Rural,60+,Non-workers_Total_Males,3573,DDW-1600B-01ST-Census.xls,01ST
B0301ST,16,290,District - South Tripura  (02),Rural,Age not stated,Non-workers_Total_Males,38,DDW-1600B-01ST-Census.xls,01ST
B0301ST,16,290,District - South Tripura  (02),Rural,15-59,Non-workers_Total_Males,18803,DDW-1600B-01ST-Census.xls,01ST
B0301ST,16,290,District - South Tripura  (02),Urban,Total,Non-workers_Total_Males,1493,DDW-1600B-01ST-Census.xls,01ST
B0301ST,16,290,District - South Tripura  (02),Urban,5-14,Non-workers_Total_Males,667,DDW-1600B-01ST-Census.xls,01ST
B0301ST,16,290,District - South Tripura  (02),Urban,15-34,Non-workers_Total_Males,458,DDW-1600B-01ST-Census.xls,01ST
B0301ST,16,290,District - South Tripura  (02),Urban,35-59,Non-workers_Total_Males,39,DDW-1600B-01ST-Census.xls,01ST
B0301ST,16,290,District - South Tripura  (02),Urban,60+,Non-workers_Total_Males,71,DDW-1600B-01ST-Census.xls,01ST
B0301ST,16,290,District - South Tripura  (02),Urban,Age not stated,Non-workers_Total_Males,1,DDW-1600B-01ST-Census.xls,01ST
B0301ST,16,290,District - South Tripura  (02),Urban,15-59,Non-workers_Total_Males,497,DDW-1600B-01ST-Census.xls,01ST
B0301ST,16,291,District - Dhalai (03),Total,Total,Non-workers_Total_Males,52997,DDW-1600B-01ST-Census.xls,01ST
B0301ST,16,291,District - Dhalai (03),Total,5-14,Non-workers_Total_Males,26572,DDW-1600B-01ST-Census.xls,01ST
B0301ST,16,291,District - Dhalai (03),Total,15-34,Non-workers_Total_Males,11322,DDW-1600B-01ST-Census.xls,01ST
B0301ST,16,291,District - Dhalai (03),Total,35-59,Non-workers_Total_Males,474,DDW-1600B-01ST-Census.xls,01ST
B0301ST,16,291,District - Dhalai (03),Total,60+,Non-workers_Total_Males,1737,DDW-1600B-01ST-Census.xls,01ST
B0301ST,16,291,District - Dhalai (03),Total,Age not stated,Non-workers_Total_Males,31,DDW-1600B-01ST-Census.xls,01ST
B0301ST,16,291,District - Dhalai (03),Total,15-59,Non-workers_Total_Males,11796,DDW-1600B-01ST-Census.xls,01ST
B0301ST,16,291,District - Dhalai (03),Rural,Total,Non-workers_Total_Males,51713,DDW-1600B-01ST-Census.xls,01ST
B0301ST,16,291,District - Dhalai (03),Rural,5-14,Non-workers_Total_Males,26035,DDW-1600B-01ST-Census.xls,01ST
B0301ST,16,291,District - Dhalai (03),Rural,15-34,Non-workers_Total_Males,10860,DDW-1600B-01ST-Census.xls,01ST
B0301ST,16,291,District - Dhalai (03),Rural,35-59,Non-workers_Total_Males,454,DDW-1600B-01ST-Census.xls,01ST
B0301ST,16,291,District - Dhalai (03),Rural,60+,Non-workers_Total_Males,1696,DDW-1600B-01ST-Census.xls,01ST
B0301ST,16,291,District - Dhalai (03),Rural,Age not stated,Non-workers_Total_Males,31,DDW-1600B-01ST-Census.xls,01ST
B0301ST,16,291,District - Dhalai (03),Rural,15-59,Non-workers_Total_Males,11314,DDW-1600B-01ST-Census.xls,01ST
B0301ST,16,291,District - Dhalai (03),Urban,Total,Non-workers_Total_Males,1284,DDW-1600B-01ST-Census.xls,01ST
B0301ST,16,291,District - Dhalai (03),Urban,5-14,Non-workers_Total_Males,537,DDW-1600B-01ST-Census.xls,01ST
B0301ST,16,291,District - Dhalai (03),Urban,15-34,Non-workers_Total_Males,462,DDW-1600B-01ST-Census.xls,01ST
B0301ST,16,291,District - Dhalai (03),Urban,35-59,Non-workers_Total_Males,20,DDW-1600B-01ST-Census.xls,01ST
B0301ST,16,291,District - Dhalai (03),Urban,60+,Non-workers_Total_Males,41,DDW-1600B-01ST-Census.xls,01ST
B0301ST,16,291,District - Dhalai (03),Urban,Age not stated,Non-workers_Total_Males,0,DDW-1600B-01ST-Census.xls,01ST
B0301ST,16,291,District - Dhalai (03),Urban,15-59,Non-workers_Total_Males,482,DDW-1600B-01ST-Census.xls,01ST
B0301ST,16,292,District - North Tripura (04),Total,Total,Non-workers_Total_Males,48970,DDW-1600B-01ST-Census.xls,01ST
B0301ST,16,292,District - North Tripura (04),Total,5-14,Non-workers_Total_Males,21395,DDW-1600B-01ST-Census.xls,01ST
B0301ST,16,292,District - North Tripura (04),Total,15-34,Non-workers_Total_Males,11977,DDW-1600B-01ST-Census.xls,01ST
B0301ST,16,292,District - North Tripura (04),Total,35-59,Non-workers_Total_Males,2182,DDW-1600B-01ST-Census.xls,01ST
B0301ST,16,292,District - North Tripura (04),Total,60+,Non-workers_Total_Males,1988,DDW-1600B-01ST-Census.xls,01ST
B0301ST,16,292,District - North Tripura (04),Total,Age not stated,Non-workers_Total_Males,23,DDW-1600B-01ST-Census.xls,01ST
B0301ST,16,292,District - North Tripura (04),Total,15-59,Non-workers_Total_Males,14159,DDW-1600B-01ST-Census.xls,01ST
B0301ST,16,292,District - North Tripura (04),Rural,Total,Non-workers_Total_Males,46405,DDW-1600B-01ST-Census.xls,01ST
B0301ST,16,292,District - North Tripura (04),Rural,5-14,Non-workers_Total_Males,20273,DDW-1600B-01ST-Census.xls,01ST
B0301ST,16,292,District - North Tripura (04),Rural,15-34,Non-workers_Total_Males,11109,DDW-1600B-01ST-Census.xls,01ST
B0301ST,16,292,District - North Tripura (04),Rural,35-59,Non-workers_Total_Males,2141,DDW-1600B-01ST-Census.xls,01ST
B0301ST,16,292,District - North Tripura (04),Rural,60+,Non-workers_Total_Males,1896,DDW-1600B-01ST-Census.xls,01ST
B0301ST,16,292,District - North Tripura (04),Rural,Age not stated,Non-workers_Total_Males,21,DDW-1600B-01ST-Census.xls,01ST
B0301ST,16,292,District - North Tripura (04),Rural,15-59,Non-workers_Total_Males,13250,DDW-1600B-01ST-Census.xls,01ST
B0301ST,16,292,District - North Tripura (04),Urban,Total,Non-workers_Total_Males,2565,DDW-1600B-01ST-Census.xls,01ST
B0301ST,16,292,District - North Tripura (04),Urban,5-14,Non-workers_Total_Males,1122,DDW-1600B-01ST-Census.xls,01ST
B0301ST,16,292,District - North Tripura (04),Urban,15-34,Non-workers_Total_Males,868,DDW-1600B-01ST-Census.xls,01ST
B0301ST,16,292,District - North Tripura (04),Urban,35-59,Non-workers_Total_Males,41,DDW-1600B-01ST-Census.xls,01ST
B0301ST,16,292,District - North Tripura (04),Urban,60+,Non-workers_Total_Males,92,DDW-1600B-01ST-Census.xls,01ST
B0301ST,16,292,District - North Tripura (04),Urban,Age not stated,Non-workers_Total_Males,2,DDW-1600B-01ST-Census.xls,01ST
B0301ST,16,292,District - North Tripura (04),Urban,15-59,Non-workers_Total_Males,909,DDW-1600B-01ST-Census.xls,01ST
B0301ST,16,000,State - TRIPURA (16),Total,Total,Non-workers_Total_Females,369823,DDW-1600B-01ST-Census.xls,01ST
B0301ST,16,000,State - TRIPURA (16),Total,5-14,Non-workers_Total_Females,126084,DDW-1600B-01ST-Census.xls,01ST
B0301ST,16,000,State - TRIPURA (16),Total,15-34,Non-workers_Total_Females,114939,DDW-1600B-01ST-Census.xls,01ST
B0301ST,16,000,State - TRIPURA (16),Total,35-59,Non-workers_Total_Females,43860,DDW-1600B-01ST-Census.xls,01ST
B0301ST,16,000,State - TRIPURA (16),Total,60+,Non-workers_Total_Females,24005,DDW-1600B-01ST-Census.xls,01ST
B0301ST,16,000,State - TRIPURA (16),Total,Age not stated,Non-workers_Total_Females,142,DDW-1600B-01ST-Census.xls,01ST
B0301ST,16,000,State - TRIPURA (16),Total,15-59,Non-workers_Total_Females,158799,DDW-1600B-01ST-Census.xls,01ST
B0301ST,16,000,State - TRIPURA (16),Rural,Total,Non-workers_Total_Females,350669,DDW-1600B-01ST-Census.xls,01ST
B0301ST,16,000,State - TRIPURA (16),Rural,5-14,Non-workers_Total_Females,121342,DDW-1600B-01ST-Census.xls,01ST
B0301ST,16,000,State - TRIPURA (16),Rural,15-34,Non-workers_Total_Females,107133,DDW-1600B-01ST-Census.xls,01ST
B0301ST,16,000,State - TRIPURA (16),Rural,35-59,Non-workers_Total_Females,39930,DDW-1600B-01ST-Census.xls,01ST
B0301ST,16,000,State - TRIPURA (16),Rural,60+,Non-workers_Total_Females,22966,DDW-1600B-01ST-Census.xls,01ST
B0301ST,16,000,State - TRIPURA (16),Rural,Age not stated,Non-workers_Total_Females,135,DDW-1600B-01ST-Census.xls,01ST
B0301ST,16,000,State - TRIPURA (16),Rural,15-59,Non-workers_Total_Females,147063,DDW-1600B-01ST-Census.xls,01ST
B0301ST,16,000,State - TRIPURA (16),Urban,Total,Non-workers_Total_Females,19154,DDW-1600B-01ST-Census.xls,01ST
B0301ST,16,000,State - TRIPURA (16),Urban,5-14,Non-workers_Total_Females,4742,DDW-1600B-01ST-Census.xls,01ST
B0301ST,16,000,State - TRIPURA (16),Urban,15-34,Non-workers_Total_Females,7806,DDW-1600B-01ST-Census.xls,01ST
B0301ST,16,000,State - TRIPURA (16),Urban,35-59,Non-workers_Total_Females,3930,DDW-1600B-01ST-Census.xls,01ST
B0301ST,16,000,State - TRIPURA (16),Urban,60+,Non-workers_Total_Females,1039,DDW-1600B-01ST-Census.xls,01ST
B0301ST,16,000,State - TRIPURA (16),Urban,Age not stated,Non-workers_Total_Females,7,DDW-1600B-01ST-Census.xls,01ST
B0301ST,16,000,State - TRIPURA (16),Urban,15-59,Non-workers_Total_Females,11736,DDW-1600B-01ST-Census.xls,01ST
B0301ST,16,289,District - West Tripura  (01),Total,Total,Non-workers_Total_Females,133256,DDW-1600B-01ST-Census.xls,01ST
B0301ST,16,289,District - West Tripura  (01),Total,5-14,Non-workers_Total_Females,40667,DDW-1600B-01ST-Census.xls,01ST
B0301ST,16,289,District - West Tripura  (01),Total,15-34,Non-workers_Total_Females,46663,DDW-1600B-01ST-Census.xls,01ST
B0301ST,16,289,District - West Tripura  (01),Total,35-59,Non-workers_Total_Females,17728,DDW-1600B-01ST-Census.xls,01ST
B0301ST,16,289,District - West Tripura  (01),Total,60+,Non-workers_Total_Females,9864,DDW-1600B-01ST-Census.xls,01ST
B0301ST,16,289,District - West Tripura  (01),Total,Age not stated,Non-workers_Total_Females,63,DDW-1600B-01ST-Census.xls,01ST
B0301ST,16,289,District - West Tripura  (01),Total,15-59,Non-workers_Total_Females,64391,DDW-1600B-01ST-Census.xls,01ST
B0301ST,16,289,District - West Tripura  (01),Rural,Total,Non-workers_Total_Females,121891,DDW-1600B-01ST-Census.xls,01ST
B0301ST,16,289,District - West Tripura  (01),Rural,5-14,Non-workers_Total_Females,38229,DDW-1600B-01ST-Census.xls,01ST
B0301ST,16,289,District - West Tripura  (01),Rural,15-34,Non-workers_Total_Females,41881,DDW-1600B-01ST-Census.xls,01ST
B0301ST,16,289,District - West Tripura  (01),Rural,35-59,Non-workers_Total_Females,15077,DDW-1600B-01ST-Census.xls,01ST
B0301ST,16,289,District - West Tripura  (01),Rural,60+,Non-workers_Total_Females,9134,DDW-1600B-01ST-Census.xls,01ST
B0301ST,16,289,District - West Tripura  (01),Rural,Age not stated,Non-workers_Total_Females,61,DDW-1600B-01ST-Census.xls,01ST
B0301ST,16,289,District - West Tripura  (01),Rural,15-59,Non-workers_Total_Females,56958,DDW-1600B-01ST-Census.xls,01ST
B0301ST,16,289,District - West Tripura  (01),Urban,Total,Non-workers_Total_Females,11365,DDW-1600B-01ST-Census.xls,01ST
B0301ST,16,289,District - West Tripura  (01),Urban,5-14,Non-workers_Total_Females,2438,DDW-1600B-01ST-Census.xls,01ST
B0301ST,16,289,District - West Tripura  (01),Urban,15-34,Non-workers_Total_Females,4782,DDW-1600B-01ST-Census.xls,01ST
B0301ST,16,289,District - West Tripura  (01),Urban,35-59,Non-workers_Total_Females,2651,DDW-1600B-01ST-Census.xls,01ST
B0301ST,16,289,District - West Tripura  (01),Urban,60+,Non-workers_Total_Females,730,DDW-1600B-01ST-Census.xls,01ST
B0301ST,16,289,District - West Tripura  (01),Urban,Age not stated,Non-workers_Total_Females,2,DDW-1600B-01ST-Census.xls,01ST
B0301ST,16,289,District - West Tripura  (01),Urban,15-59,Non-workers_Total_Females,7433,DDW-1600B-01ST-Census.xls,01ST
B0301ST,16,290,District - South Tripura  (02),Total,Total,Non-workers_Total_Females,106153,DDW-1600B-01ST-Census.xls,01ST
B0301ST,16,290,District - South Tripura  (02),Total,5-14,Non-workers_Total_Females,40146,DDW-1600B-01ST-Census.xls,01ST
B0301ST,16,290,District - South Tripura  (02),Total,15-34,Non-workers_Total_Females,29838,DDW-1600B-01ST-Census.xls,01ST
B0301ST,16,290,District - South Tripura  (02),Total,35-59,Non-workers_Total_Females,10403,DDW-1600B-01ST-Census.xls,01ST
B0301ST,16,290,District - South Tripura  (02),Total,60+,Non-workers_Total_Females,6902,DDW-1600B-01ST-Census.xls,01ST
B0301ST,16,290,District - South Tripura  (02),Total,Age not stated,Non-workers_Total_Females,40,DDW-1600B-01ST-Census.xls,01ST
B0301ST,16,290,District - South Tripura  (02),Total,15-59,Non-workers_Total_Females,40241,DDW-1600B-01ST-Census.xls,01ST
B0301ST,16,290,District - South Tripura  (02),Rural,Total,Non-workers_Total_Females,104019,DDW-1600B-01ST-Census.xls,01ST
B0301ST,16,290,District - South Tripura  (02),Rural,5-14,Non-workers_Total_Females,39393,DDW-1600B-01ST-Census.xls,01ST
B0301ST,16,290,District - South Tripura  (02),Rural,15-34,Non-workers_Total_Females,29082,DDW-1600B-01ST-Census.xls,01ST
B0301ST,16,290,District - South Tripura  (02),Rural,35-59,Non-workers_Total_Females,10123,DDW-1600B-01ST-Census.xls,01ST
B0301ST,16,290,District - South Tripura  (02),Rural,60+,Non-workers_Total_Females,6814,DDW-1600B-01ST-Census.xls,01ST
B0301ST,16,290,District - South Tripura  (02),Rural,Age not stated,Non-workers_Total_Females,36,DDW-1600B-01ST-Census.xls,01ST
B0301ST,16,290,District - South Tripura  (02),Rural,15-59,Non-workers_Total_Females,39205,DDW-1600B-01ST-Census.xls,01ST
B0301ST,16,290,District - South Tripura  (02),Urban,Total,Non-workers_Total_Females,2134,DDW-1600B-01ST-Census.xls,01ST
B0301ST,16,290,District - South Tripura  (02),Urban,5-14,Non-workers_Total_Females,753,DDW-1600B-01ST-Census.xls,01ST
B0301ST,16,290,District - South Tripura  (02),Urban,15-34,Non-workers_Total_Females,756,DDW-1600B-01ST-Census.xls,01ST
B0301ST,16,290,District - South Tripura  (02),Urban,35-59,Non-workers_Total_Females,280,DDW-1600B-01ST-Census.xls,01ST
B0301ST,16,290,District - South Tripura  (02),Urban,60+,Non-workers_Total_Females,88,DDW-1600B-01ST-Census.xls,01ST
B0301ST,16,290,District - South Tripura  (02),Urban,Age not stated,Non-workers_Total_Females,4,DDW-1600B-01ST-Census.xls,01ST
B0301ST,16,290,District - South Tripura  (02),Urban,15-59,Non-workers_Total_Females,1036,DDW-1600B-01ST-Census.xls,01ST
B0301ST,16,291,District - Dhalai (03),Total,Total,Non-workers_Total_Females,69351,DDW-1600B-01ST-Census.xls,01ST
B0301ST,16,291,District - Dhalai (03),Total,5-14,Non-workers_Total_Females,24930,DDW-1600B-01ST-Census.xls,01ST
B0301ST,16,291,District - Dhalai (03),Total,15-34,Non-workers_Total_Females,19915,DDW-1600B-01ST-Census.xls,01ST
B0301ST,16,291,District - Dhalai (03),Total,35-59,Non-workers_Total_Females,7858,DDW-1600B-01ST-Census.xls,01ST
B0301ST,16,291,District - Dhalai (03),Total,60+,Non-workers_Total_Females,3979,DDW-1600B-01ST-Census.xls,01ST
B0301ST,16,291,District - Dhalai (03),Total,Age not stated,Non-workers_Total_Females,19,DDW-1600B-01ST-Census.xls,01ST
B0301ST,16,291,District - Dhalai (03),Total,15-59,Non-workers_Total_Females,27773,DDW-1600B-01ST-Census.xls,01ST
B0301ST,16,291,District - Dhalai (03),Rural,Total,Non-workers_Total_Females,67252,DDW-1600B-01ST-Census.xls,01ST
B0301ST,16,291,District - Dhalai (03),Rural,5-14,Non-workers_Total_Females,24441,DDW-1600B-01ST-Census.xls,01ST
B0301ST,16,291,District - Dhalai (03),Rural,15-34,Non-workers_Total_Females,18998,DDW-1600B-01ST-Census.xls,01ST
B0301ST,16,291,District - Dhalai (03),Rural,35-59,Non-workers_Total_Females,7469,DDW-1600B-01ST-Census.xls,01ST
B0301ST,16,291,District - Dhalai (03),Rural,60+,Non-workers_Total_Females,3906,DDW-1600B-01ST-Census.xls,01ST
B0301ST,16,291,District - Dhalai (03),Rural,Age not stated,Non-workers_Total_Females,19,DDW-1600B-01ST-Census.xls,01ST
B0301ST,16,291,District - Dhalai (03),Rural,15-59,Non-workers_Total_Females,26467,DDW-1600B-01ST-Census.xls,01ST
B0301ST,16,291,District - Dhalai (03),Urban,Total,Non-workers_Total_Females,2099,DDW-1600B-01ST-Census.xls,01ST
B0301ST,16,291,District - Dhalai (03),Urban,5-14,Non-workers_Total_Females,489,DDW-1600B-01ST-Census.xls,01ST
B0301ST,16,291,District - Dhalai (03),Urban,15-34,Non-workers_Total_Females,917,DDW-1600B-01ST-Census.xls,01ST
B0301ST,16,291,District - Dhalai (03),Urban,35-59,Non-workers_Total_Females,389,DDW-1600B-01ST-Census.xls,01ST
B0301ST,16,291,District - Dhalai (03),Urban,60+,Non-workers_Total_Females,73,DDW-1600B-01ST-Census.xls,01ST
B0301ST,16,291,District - Dhalai (03),Urban,Age not stated,Non-workers_Total_Females,0,DDW-1600B-01ST-Census.xls,01ST
B0301ST,16,291,District - Dhalai (03),Urban,15-59,Non-workers_Total_Females,1306,DDW-1600B-01ST-Census.xls,01ST
B0301ST,16,292,District - North Tripura (04),Total,Total,Non-workers_Total_Females,61063,DDW-1600B-01ST-Census.xls,01ST
B0301ST,16,292,District - North Tripura (04),Total,5-14,Non-workers_Total_Females,20341,DDW-1600B-01ST-Census.xls,01ST
B0301ST,16,292,District - North Tripura (04),Total,15-34,Non-workers_Total_Females,18523,DDW-1600B-01ST-Census.xls,01ST
B0301ST,16,292,District - North Tripura (04),Total,35-59,Non-workers_Total_Females,7871,DDW-1600B-01ST-Census.xls,01ST
B0301ST,16,292,District - North Tripura (04),Total,60+,Non-workers_Total_Females,3260,DDW-1600B-01ST-Census.xls,01ST
B0301ST,16,292,District - North Tripura (04),Total,Age not stated,Non-workers_Total_Females,20,DDW-1600B-01ST-Census.xls,01ST
B0301ST,16,292,District - North Tripura (04),Total,15-59,Non-workers_Total_Females,26394,DDW-1600B-01ST-Census.xls,01ST
B0301ST,16,292,District - North Tripura (04),Rural,Total,Non-workers_Total_Females,57507,DDW-1600B-01ST-Census.xls,01ST
B0301ST,16,292,District - North Tripura (04),Rural,5-14,Non-workers_Total_Females,19279,DDW-1600B-01ST-Census.xls,01ST
B0301ST,16,292,District - North Tripura (04),Rural,15-34,Non-workers_Total_Females,17172,DDW-1600B-01ST-Census.xls,01ST
B0301ST,16,292,District - North Tripura (04),Rural,35-59,Non-workers_Total_Females,7261,DDW-1600B-01ST-Census.xls,01ST
B0301ST,16,292,District - North Tripura (04),Rural,60+,Non-workers_Total_Females,3112,DDW-1600B-01ST-Census.xls,01ST
B0301ST,16,292,District - North Tripura (04),Rural,Age not stated,Non-workers_Total_Females,19,DDW-1600B-01ST-Census.xls,01ST
B0301ST,16,292,District - North Tripura (04),Rural,15-59,Non-workers_Total_Females,24433,DDW-1600B-01ST-Census.xls,01ST
B0301ST,16,292,District - North Tripura (04),Urban,Total,Non-workers_Total_Females,3556,DDW-1600B-01ST-Census.xls,01ST
B0301ST,16,292,District - North Tripura (04),Urban,5-14,Non-workers_Total_Females,1062,DDW-1600B-01ST-Census.xls,01ST
B0301ST,16,292,District - North Tripura (04),Urban,15-34,Non-workers_Total_Females,1351,DDW-1600B-01ST-Census.xls,01ST
B0301ST,16,292,District - North Tripura (04),Urban,35-59,Non-workers_Total_Females,610,DDW-1600B-01ST-Census.xls,01ST
B0301ST,16,292,District - North Tripura (04),Urban,60+,Non-workers_Total_Females,148,DDW-1600B-01ST-Census.xls,01ST
B0301ST,16,292,District - North Tripura (04),Urban,Age not stated,Non-workers_Total_Females,1,DDW-1600B-01ST-Census.xls,01ST
B0301ST,16,292,District - North Tripura (04),Urban,15-59,Non-workers_Total_Females,1961,DDW-1600B-01ST-Census.xls,01ST
B0301ST,16,000,State - TRIPURA (16),Total,Total,Non-workers_Seeking/availabe for work_Persons,107436,DDW-1600B-01ST-Census.xls,01ST
B0301ST,16,000,State - TRIPURA (16),Total,5-14,Non-workers_Seeking/availabe for work_Persons,7544,DDW-1600B-01ST-Census.xls,01ST
B0301ST,16,000,State - TRIPURA (16),Total,15-34,Non-workers_Seeking/availabe for work_Persons,79036,DDW-1600B-01ST-Census.xls,01ST
B0301ST,16,000,State - TRIPURA (16),Total,35-59,Non-workers_Seeking/availabe for work_Persons,18156,DDW-1600B-01ST-Census.xls,01ST
B0301ST,16,000,State - TRIPURA (16),Total,60+,Non-workers_Seeking/availabe for work_Persons,2684,DDW-1600B-01ST-Census.xls,01ST
B0301ST,16,000,State - TRIPURA (16),Total,Age not stated,Non-workers_Seeking/availabe for work_Persons,16,DDW-1600B-01ST-Census.xls,01ST
B0301ST,16,000,State - TRIPURA (16),Total,15-59,Non-workers_Seeking/availabe for work_Persons,97192,DDW-1600B-01ST-Census.xls,01ST
B0301ST,16,000,State - TRIPURA (16),Rural,Total,Non-workers_Seeking/availabe for work_Persons,99144,DDW-1600B-01ST-Census.xls,01ST
B0301ST,16,000,State - TRIPURA (16),Rural,5-14,Non-workers_Seeking/availabe for work_Persons,7264,DDW-1600B-01ST-Census.xls,01ST
B0301ST,16,000,State - TRIPURA (16),Rural,15-34,Non-workers_Seeking/availabe for work_Persons,72687,DDW-1600B-01ST-Census.xls,01ST
B0301ST,16,000,State - TRIPURA (16),Rural,35-59,Non-workers_Seeking/availabe for work_Persons,16579,DDW-1600B-01ST-Census.xls,01ST
B0301ST,16,000,State - TRIPURA (16),Rural,60+,Non-workers_Seeking/availabe for work_Persons,2599,DDW-1600B-01ST-Census.xls,01ST
B0301ST,16,000,State - TRIPURA (16),Rural,Age not stated,Non-workers_Seeking/availabe for work_Persons,15,DDW-1600B-01ST-Census.xls,01ST
B0301ST,16,000,State - TRIPURA (16),Rural,15-59,Non-workers_Seeking/availabe for work_Persons,89266,DDW-1600B-01ST-Census.xls,01ST
B0301ST,16,000,State - TRIPURA (16),Urban,Total,Non-workers_Seeking/availabe for work_Persons,8292,DDW-1600B-01ST-Census.xls,01ST
B0301ST,16,000,State - TRIPURA (16),Urban,5-14,Non-workers_Seeking/availabe for work_Persons,280,DDW-1600B-01ST-Census.xls,01ST
B0301ST,16,000,State - TRIPURA (16),Urban,15-34,Non-workers_Seeking/availabe for work_Persons,6349,DDW-1600B-01ST-Census.xls,01ST
B0301ST,16,000,State - TRIPURA (16),Urban,35-59,Non-workers_Seeking/availabe for work_Persons,1577,DDW-1600B-01ST-Census.xls,01ST
B0301ST,16,000,State - TRIPURA (16),Urban,60+,Non-workers_Seeking/availabe for work_Persons,85,DDW-1600B-01ST-Census.xls,01ST
B0301ST,16,000,State - TRIPURA (16),Urban,Age not stated,Non-workers_Seeking/availabe for work_Persons,1,DDW-1600B-01ST-Census.xls,01ST
B0301ST,16,000,State - TRIPURA (16),Urban,15-59,Non-workers_Seeking/availabe for work_Persons,7926,DDW-1600B-01ST-Census.xls,01ST
B0301ST,16,289,District - West Tripura  (01),Total,Total,Non-workers_Seeking/availabe for work_Persons,44423,DDW-1600B-01ST-Census.xls,01ST
B0301ST,16,289,District - West Tripura  (01),Total,5-14,Non-workers_Seeking/availabe for work_Persons,2212,DDW-1600B-01ST-Census.xls,01ST
B0301ST,16,289,District - West Tripura  (01),Total,15-34,Non-workers_Seeking/availabe for work_Persons,34244,DDW-1600B-01ST-Census.xls,01ST
B0301ST,16,289,District - West Tripura  (01),Total,35-59,Non-workers_Seeking/availabe for work_Persons,6931,DDW-1600B-01ST-Census.xls,01ST
B0301ST,16,289,District - West Tripura  (01),Total,60+,Non-workers_Seeking/availabe for work_Persons,1027,DDW-1600B-01ST-Census.xls,01ST
B0301ST,16,289,District - West Tripura  (01),Total,Age not stated,Non-workers_Seeking/availabe for work_Persons,9,DDW-1600B-01ST-Census.xls,01ST
B0301ST,16,289,District - West Tripura  (01),Total,15-59,Non-workers_Seeking/availabe for work_Persons,41175,DDW-1600B-01ST-Census.xls,01ST
B0301ST,16,289,District - West Tripura  (01),Rural,Total,Non-workers_Seeking/availabe for work_Persons,38833,DDW-1600B-01ST-Census.xls,01ST
B0301ST,16,289,District - West Tripura  (01),Rural,5-14,Non-workers_Seeking/availabe for work_Persons,2060,DDW-1600B-01ST-Census.xls,01ST
B0301ST,16,289,District - West Tripura  (01),Rural,15-34,Non-workers_Seeking/availabe for work_Persons,29994,DDW-1600B-01ST-Census.xls,01ST
B0301ST,16,289,District - West Tripura  (01),Rural,35-59,Non-workers_Seeking/availabe for work_Persons,5808,DDW-1600B-01ST-Census.xls,01ST
B0301ST,16,289,District - West Tripura  (01),Rural,60+,Non-workers_Seeking/availabe for work_Persons,963,DDW-1600B-01ST-Census.xls,01ST
B0301ST,16,289,District - West Tripura  (01),Rural,Age not stated,Non-workers_Seeking/availabe for work_Persons,8,DDW-1600B-01ST-Census.xls,01ST
B0301ST,16,289,District - West Tripura  (01),Rural,15-59,Non-workers_Seeking/availabe for work_Persons,35802,DDW-1600B-01ST-Census.xls,01ST
B0301ST,16,289,District - West Tripura  (01),Urban,Total,Non-workers_Seeking/availabe for work_Persons,5590,DDW-1600B-01ST-Census.xls,01ST
B0301ST,16,289,District - West Tripura  (01),Urban,5-14,Non-workers_Seeking/availabe for work_Persons,152,DDW-1600B-01ST-Census.xls,01ST
B0301ST,16,289,District - West Tripura  (01),Urban,15-34,Non-workers_Seeking/availabe for work_Persons,4250,DDW-1600B-01ST-Census.xls,01ST
B0301ST,16,289,District - West Tripura  (01),Urban,35-59,Non-workers_Seeking/availabe for work_Persons,1123,DDW-1600B-01ST-Census.xls,01ST
B0301ST,16,289,District - West Tripura  (01),Urban,60+,Non-workers_Seeking/availabe for work_Persons,64,DDW-1600B-01ST-Census.xls,01ST
B0301ST,16,289,District - West Tripura  (01),Urban,Age not stated,Non-workers_Seeking/availabe for work_Persons,1,DDW-1600B-01ST-Census.xls,01ST
B0301ST,16,289,District - West Tripura  (01),Urban,15-59,Non-workers_Seeking/availabe for work_Persons,5373,DDW-1600B-01ST-Census.xls,01ST
B0301ST,16,290,District - South Tripura  (02),Total,Total,Non-workers_Seeking/availabe for work_Persons,25140,DDW-1600B-01ST-Census.xls,01ST
B0301ST,16,290,District - South Tripura  (02),Total,5-14,Non-workers_Seeking/availabe for work_Persons,2163,DDW-1600B-01ST-Census.xls,01ST
B0301ST,16,290,District - South Tripura  (02),Total,15-34,Non-workers_Seeking/availabe for work_Persons,18480,DDW-1600B-01ST-Census.xls,01ST
B0301ST,16,290,District - South Tripura  (02),Total,35-59,Non-workers_Seeking/availabe for work_Persons,3918,DDW-1600B-01ST-Census.xls,01ST
B0301ST,16,290,District - South Tripura  (02),Total,60+,Non-workers_Seeking/availabe for work_Persons,576,DDW-1600B-01ST-Census.xls,01ST
B0301ST,16,290,District - South Tripura  (02),Total,Age not stated,Non-workers_Seeking/availabe for work_Persons,3,DDW-1600B-01ST-Census.xls,01ST
B0301ST,16,290,District - South Tripura  (02),Total,15-59,Non-workers_Seeking/availabe for work_Persons,22398,DDW-1600B-01ST-Census.xls,01ST
B0301ST,16,290,District - South Tripura  (02),Rural,Total,Non-workers_Seeking/availabe for work_Persons,24370,DDW-1600B-01ST-Census.xls,01ST
B0301ST,16,290,District - South Tripura  (02),Rural,5-14,Non-workers_Seeking/availabe for work_Persons,2101,DDW-1600B-01ST-Census.xls,01ST
B0301ST,16,290,District - South Tripura  (02),Rural,15-34,Non-workers_Seeking/availabe for work_Persons,17908,DDW-1600B-01ST-Census.xls,01ST
B0301ST,16,290,District - South Tripura  (02),Rural,35-59,Non-workers_Seeking/availabe for work_Persons,3787,DDW-1600B-01ST-Census.xls,01ST
B0301ST,16,290,District - South Tripura  (02),Rural,60+,Non-workers_Seeking/availabe for work_Persons,571,DDW-1600B-01ST-Census.xls,01ST
B0301ST,16,290,District - South Tripura  (02),Rural,Age not stated,Non-workers_Seeking/availabe for work_Persons,3,DDW-1600B-01ST-Census.xls,01ST
B0301ST,16,290,District - South Tripura  (02),Rural,15-59,Non-workers_Seeking/availabe for work_Persons,21695,DDW-1600B-01ST-Census.xls,01ST
B0301ST,16,290,District - South Tripura  (02),Urban,Total,Non-workers_Seeking/availabe for work_Persons,770,DDW-1600B-01ST-Census.xls,01ST
B0301ST,16,290,District - South Tripura  (02),Urban,5-14,Non-workers_Seeking/availabe for work_Persons,62,DDW-1600B-01ST-Census.xls,01ST
B0301ST,16,290,District - South Tripura  (02),Urban,15-34,Non-workers_Seeking/availabe for work_Persons,572,DDW-1600B-01ST-Census.xls,01ST
B0301ST,16,290,District - South Tripura  (02),Urban,35-59,Non-workers_Seeking/availabe for work_Persons,131,DDW-1600B-01ST-Census.xls,01ST
B0301ST,16,290,District - South Tripura  (02),Urban,60+,Non-workers_Seeking/availabe for work_Persons,5,DDW-1600B-01ST-Census.xls,01ST
B0301ST,16,290,District - South Tripura  (02),Urban,Age not stated,Non-workers_Seeking/availabe for work_Persons,0,DDW-1600B-01ST-Census.xls,01ST
B0301ST,16,290,District - South Tripura  (02),Urban,15-59,Non-workers_Seeking/availabe for work_Persons,703,DDW-1600B-01ST-Census.xls,01ST
B0301ST,16,291,District - Dhalai (03),Total,Total,Non-workers_Seeking/availabe for work_Persons,17513,DDW-1600B-01ST-Census.xls,01ST
B0301ST,16,291,District - Dhalai (03),Total,5-14,Non-workers_Seeking/availabe for work_Persons,1239,DDW-1600B-01ST-Census.xls,01ST
B0301ST,16,291,District - Dhalai (03),Total,15-34,Non-workers_Seeking/availabe for work_Persons,12877,DDW-1600B-01ST-Census.xls,01ST
B0301ST,16,291,District - Dhalai (03),Total,35-59,Non-workers_Seeking/availabe for work_Persons,2980,DDW-1600B-01ST-Census.xls,01ST
B0301ST,16,291,District - Dhalai (03),Total,60+,Non-workers_Seeking/availabe for work_Persons,415,DDW-1600B-01ST-Census.xls,01ST
B0301ST,16,291,District - Dhalai (03),Total,Age not stated,Non-workers_Seeking/availabe for work_Persons,2,DDW-1600B-01ST-Census.xls,01ST
B0301ST,16,291,District - Dhalai (03),Total,15-59,Non-workers_Seeking/availabe for work_Persons,15857,DDW-1600B-01ST-Census.xls,01ST
B0301ST,16,291,District - Dhalai (03),Rural,Total,Non-workers_Seeking/availabe for work_Persons,16967,DDW-1600B-01ST-Census.xls,01ST
B0301ST,16,291,District - Dhalai (03),Rural,5-14,Non-workers_Seeking/availabe for work_Persons,1224,DDW-1600B-01ST-Census.xls,01ST
B0301ST,16,291,District - Dhalai (03),Rural,15-34,Non-workers_Seeking/availabe for work_Persons,12444,DDW-1600B-01ST-Census.xls,01ST
B0301ST,16,291,District - Dhalai (03),Rural,35-59,Non-workers_Seeking/availabe for work_Persons,2887,DDW-1600B-01ST-Census.xls,01ST
B0301ST,16,291,District - Dhalai (03),Rural,60+,Non-workers_Seeking/availabe for work_Persons,410,DDW-1600B-01ST-Census.xls,01ST
B0301ST,16,291,District - Dhalai (03),Rural,Age not stated,Non-workers_Seeking/availabe for work_Persons,2,DDW-1600B-01ST-Census.xls,01ST
B0301ST,16,291,District - Dhalai (03),Rural,15-59,Non-workers_Seeking/availabe for work_Persons,15331,DDW-1600B-01ST-Census.xls,01ST
B0301ST,16,291,District - Dhalai (03),Urban,Total,Non-workers_Seeking/availabe for work_Persons,546,DDW-1600B-01ST-Census.xls,01ST
B0301ST,16,291,District - Dhalai (03),Urban,5-14,Non-workers_Seeking/availabe for work_Persons,15,DDW-1600B-01ST-Census.xls,01ST
B0301ST,16,291,District - Dhalai (03),Urban,15-34,Non-workers_Seeking/availabe for work_Persons,433,DDW-1600B-01ST-Census.xls,01ST
B0301ST,16,291,District - Dhalai (03),Urban,35-59,Non-workers_Seeking/availabe for work_Persons,93,DDW-1600B-01ST-Census.xls,01ST
B0301ST,16,291,District - Dhalai (03),Urban,60+,Non-workers_Seeking/availabe for work_Persons,5,DDW-1600B-01ST-Census.xls,01ST
B0301ST,16,291,District - Dhalai (03),Urban,Age not stated,Non-workers_Seeking/availabe for work_Persons,0,DDW-1600B-01ST-Census.xls,01ST
B0301ST,16,291,District - Dhalai (03),Urban,15-59,Non-workers_Seeking/availabe for work_Persons,526,DDW-1600B-01ST-Census.xls,01ST
B0301ST,16,292,District - North Tripura (04),Total,Total,Non-workers_Seeking/availabe for work_Persons,20360,DDW-1600B-01ST-Census.xls,01ST
B0301ST,16,292,District - North Tripura (04),Total,5-14,Non-workers_Seeking/availabe for work_Persons,1930,DDW-1600B-01ST-Census.xls,01ST
B0301ST,16,292,District - North Tripura (04),Total,15-34,Non-workers_Seeking/availabe for work_Persons,13435,DDW-1600B-01ST-Census.xls,01ST
B0301ST,16,292,District - North Tripura (04),Total,35-59,Non-workers_Seeking/availabe for work_Persons,4327,DDW-1600B-01ST-Census.xls,01ST
B0301ST,16,292,District - North Tripura (04),Total,60+,Non-workers_Seeking/availabe for work_Persons,666,DDW-1600B-01ST-Census.xls,01ST
B0301ST,16,292,District - North Tripura (04),Total,Age not stated,Non-workers_Seeking/availabe for work_Persons,2,DDW-1600B-01ST-Census.xls,01ST
B0301ST,16,292,District - North Tripura (04),Total,15-59,Non-workers_Seeking/availabe for work_Persons,17762,DDW-1600B-01ST-Census.xls,01ST
B0301ST,16,292,District - North Tripura (04),Rural,Total,Non-workers_Seeking/availabe for work_Persons,18974,DDW-1600B-01ST-Census.xls,01ST
B0301ST,16,292,District - North Tripura (04),Rural,5-14,Non-workers_Seeking/availabe for work_Persons,1879,DDW-1600B-01ST-Census.xls,01ST
B0301ST,16,292,District - North Tripura (04),Rural,15-34,Non-workers_Seeking/availabe for work_Persons,12341,DDW-1600B-01ST-Census.xls,01ST
B0301ST,16,292,District - North Tripura (04),Rural,35-59,Non-workers_Seeking/availabe for work_Persons,4097,DDW-1600B-01ST-Census.xls,01ST
B0301ST,16,292,District - North Tripura (04),Rural,60+,Non-workers_Seeking/availabe for work_Persons,655,DDW-1600B-01ST-Census.xls,01ST
B0301ST,16,292,District - North Tripura (04),Rural,Age not stated,Non-workers_Seeking/availabe for work_Persons,2,DDW-1600B-01ST-Census.xls,01ST
B0301ST,16,292,District - North Tripura (04),Rural,15-59,Non-workers_Seeking/availabe for work_Persons,16438,DDW-1600B-01ST-Census.xls,01ST
B0301ST,16,292,District - North Tripura (04),Urban,Total,Non-workers_Seeking/availabe for work_Persons,1386,DDW-1600B-01ST-Census.xls,01ST
B0301ST,16,292,District - North Tripura (04),Urban,5-14,Non-workers_Seeking/availabe for work_Persons,51,DDW-1600B-01ST-Census.xls,01ST
B0301ST,16,292,District - North Tripura (04),Urban,15-34,Non-workers_Seeking/availabe for work_Persons,1094,DDW-1600B-01ST-Census.xls,01ST
B0301ST,16,292,District - North Tripura (04),Urban,35-59,Non-workers_Seeking/availabe for work_Persons,230,DDW-1600B-01ST-Census.xls,01ST
B0301ST,16,292,District - North Tripura (04),Urban,60+,Non-workers_Seeking/availabe for work_Persons,11,DDW-1600B-01ST-Census.xls,01ST
B0301ST,16,292,District - North Tripura (04),Urban,Age not stated,Non-workers_Seeking/availabe for work_Persons,0,DDW-1600B-01ST-Census.xls,01ST
B0301ST,16,292,District - North Tripura (04),Urban,15-59,Non-workers_Seeking/availabe for work_Persons,1324,DDW-1600B-01ST-Census.xls,01ST
B0301ST,16,000,State - TRIPURA (16),Total,Total,Non-workers_Seeking/availabe for work_Males,35980,DDW-1600B-01ST-Census.xls,01ST
B0301ST,16,000,State - TRIPURA (16),Total,5-14,Non-workers_Seeking/availabe for work_Males,3734,DDW-1600B-01ST-Census.xls,01ST
B0301ST,16,000,State - TRIPURA (16),Total,15-34,Non-workers_Seeking/availabe for work_Males,28880,DDW-1600B-01ST-Census.xls,01ST
B0301ST,16,000,State - TRIPURA (16),Total,35-59,Non-workers_Seeking/availabe for work_Males,2606,DDW-1600B-01ST-Census.xls,01ST
B0301ST,16,000,State - TRIPURA (16),Total,60+,Non-workers_Seeking/availabe for work_Males,759,DDW-1600B-01ST-Census.xls,01ST
B0301ST,16,000,State - TRIPURA (16),Total,Age not stated,Non-workers_Seeking/availabe for work_Males,1,DDW-1600B-01ST-Census.xls,01ST
B0301ST,16,000,State - TRIPURA (16),Total,15-59,Non-workers_Seeking/availabe for work_Males,31486,DDW-1600B-01ST-Census.xls,01ST
B0301ST,16,000,State - TRIPURA (16),Rural,Total,Non-workers_Seeking/availabe for work_Males,33377,DDW-1600B-01ST-Census.xls,01ST
B0301ST,16,000,State - TRIPURA (16),Rural,5-14,Non-workers_Seeking/availabe for work_Males,3612,DDW-1600B-01ST-Census.xls,01ST
B0301ST,16,000,State - TRIPURA (16),Rural,15-34,Non-workers_Seeking/availabe for work_Males,26599,DDW-1600B-01ST-Census.xls,01ST
B0301ST,16,000,State - TRIPURA (16),Rural,35-59,Non-workers_Seeking/availabe for work_Males,2438,DDW-1600B-01ST-Census.xls,01ST
B0301ST,16,000,State - TRIPURA (16),Rural,60+,Non-workers_Seeking/availabe for work_Males,728,DDW-1600B-01ST-Census.xls,01ST
B0301ST,16,000,State - TRIPURA (16),Rural,Age not stated,Non-workers_Seeking/availabe for work_Males,0,DDW-1600B-01ST-Census.xls,01ST
B0301ST,16,000,State - TRIPURA (16),Rural,15-59,Non-workers_Seeking/availabe for work_Males,29037,DDW-1600B-01ST-Census.xls,01ST
B0301ST,16,000,State - TRIPURA (16),Urban,Total,Non-workers_Seeking/availabe for work_Males,2603,DDW-1600B-01ST-Census.xls,01ST
B0301ST,16,000,State - TRIPURA (16),Urban,5-14,Non-workers_Seeking/availabe for work_Males,122,DDW-1600B-01ST-Census.xls,01ST
B0301ST,16,000,State - TRIPURA (16),Urban,15-34,Non-workers_Seeking/availabe for work_Males,2281,DDW-1600B-01ST-Census.xls,01ST
B0301ST,16,000,State - TRIPURA (16),Urban,35-59,Non-workers_Seeking/availabe for work_Males,168,DDW-1600B-01ST-Census.xls,01ST
B0301ST,16,000,State - TRIPURA (16),Urban,60+,Non-workers_Seeking/availabe for work_Males,31,DDW-1600B-01ST-Census.xls,01ST
B0301ST,16,000,State - TRIPURA (16),Urban,Age not stated,Non-workers_Seeking/availabe for work_Males,1,DDW-1600B-01ST-Census.xls,01ST
B0301ST,16,000,State - TRIPURA (16),Urban,15-59,Non-workers_Seeking/availabe for work_Males,2449,DDW-1600B-01ST-Census.xls,01ST
B0301ST,16,289,District - West Tripura  (01),Total,Total,Non-workers_Seeking/availabe for work_Males,15559,DDW-1600B-01ST-Census.xls,01ST
B0301ST,16,289,District - West Tripura  (01),Total,5-14,Non-workers_Seeking/availabe for work_Males,1104,DDW-1600B-01ST-Census.xls,01ST
B0301ST,16,289,District - West Tripura  (01),Total,15-34,Non-workers_Seeking/availabe for work_Males,13489,DDW-1600B-01ST-Census.xls,01ST
B0301ST,16,289,District - West Tripura  (01),Total,35-59,Non-workers_Seeking/availabe for work_Males,711,DDW-1600B-01ST-Census.xls,01ST
B0301ST,16,289,District - West Tripura  (01),Total,60+,Non-workers_Seeking/availabe for work_Males,254,DDW-1600B-01ST-Census.xls,01ST
B0301ST,16,289,District - West Tripura  (01),Total,Age not stated,Non-workers_Seeking/availabe for work_Males,1,DDW-1600B-01ST-Census.xls,01ST
B0301ST,16,289,District - West Tripura  (01),Total,15-59,Non-workers_Seeking/availabe for work_Males,14200,DDW-1600B-01ST-Census.xls,01ST
B0301ST,16,289,District - West Tripura  (01),Rural,Total,Non-workers_Seeking/availabe for work_Males,13771,DDW-1600B-01ST-Census.xls,01ST
B0301ST,16,289,District - West Tripura  (01),Rural,5-14,Non-workers_Seeking/availabe for work_Males,1034,DDW-1600B-01ST-Census.xls,01ST
B0301ST,16,289,District - West Tripura  (01),Rural,15-34,Non-workers_Seeking/availabe for work_Males,11928,DDW-1600B-01ST-Census.xls,01ST
B0301ST,16,289,District - West Tripura  (01),Rural,35-59,Non-workers_Seeking/availabe for work_Males,581,DDW-1600B-01ST-Census.xls,01ST
B0301ST,16,289,District - West Tripura  (01),Rural,60+,Non-workers_Seeking/availabe for work_Males,228,DDW-1600B-01ST-Census.xls,01ST
B0301ST,16,289,District - West Tripura  (01),Rural,Age not stated,Non-workers_Seeking/availabe for work_Males,0,DDW-1600B-01ST-Census.xls,01ST
B0301ST,16,289,District - West Tripura  (01),Rural,15-59,Non-workers_Seeking/availabe for work_Males,12509,DDW-1600B-01ST-Census.xls,01ST
B0301ST,16,289,District - West Tripura  (01),Urban,Total,Non-workers_Seeking/availabe for work_Males,1788,DDW-1600B-01ST-Census.xls,01ST
B0301ST,16,289,District - West Tripura  (01),Urban,5-14,Non-workers_Seeking/availabe for work_Males,70,DDW-1600B-01ST-Census.xls,01ST
B0301ST,16,289,District - West Tripura  (01),Urban,15-34,Non-workers_Seeking/availabe for work_Males,1561,DDW-1600B-01ST-Census.xls,01ST
B0301ST,16,289,District - West Tripura  (01),Urban,35-59,Non-workers_Seeking/availabe for work_Males,130,DDW-1600B-01ST-Census.xls,01ST
B0301ST,16,289,District - West Tripura  (01),Urban,60+,Non-workers_Seeking/availabe for work_Males,26,DDW-1600B-01ST-Census.xls,01ST
B0301ST,16,289,District - West Tripura  (01),Urban,Age not stated,Non-workers_Seeking/availabe for work_Males,1,DDW-1600B-01ST-Census.xls,01ST
B0301ST,16,289,District - West Tripura  (01),Urban,15-59,Non-workers_Seeking/availabe for work_Males,1691,DDW-1600B-01ST-Census.xls,01ST
B0301ST,16,290,District - South Tripura  (02),Total,Total,Non-workers_Seeking/availabe for work_Males,7592,DDW-1600B-01ST-Census.xls,01ST
B0301ST,16,290,District - South Tripura  (02),Total,5-14,Non-workers_Seeking/availabe for work_Males,1057,DDW-1600B-01ST-Census.xls,01ST
B0301ST,16,290,District - South Tripura  (02),Total,15-34,Non-workers_Seeking/availabe for work_Males,6077,DDW-1600B-01ST-Census.xls,01ST
B0301ST,16,290,District - South Tripura  (02),Total,35-59,Non-workers_Seeking/availabe for work_Males,332,DDW-1600B-01ST-Census.xls,01ST
B0301ST,16,290,District - South Tripura  (02),Total,60+,Non-workers_Seeking/availabe for work_Males,126,DDW-1600B-01ST-Census.xls,01ST
B0301ST,16,290,District - South Tripura  (02),Total,Age not stated,Non-workers_Seeking/availabe for work_Males,0,DDW-1600B-01ST-Census.xls,01ST
B0301ST,16,290,District - South Tripura  (02),Total,15-59,Non-workers_Seeking/availabe for work_Males,6409,DDW-1600B-01ST-Census.xls,01ST
B0301ST,16,290,District - South Tripura  (02),Rural,Total,Non-workers_Seeking/availabe for work_Males,7362,DDW-1600B-01ST-Census.xls,01ST
B0301ST,16,290,District - South Tripura  (02),Rural,5-14,Non-workers_Seeking/availabe for work_Males,1029,DDW-1600B-01ST-Census.xls,01ST
B0301ST,16,290,District - South Tripura  (02),Rural,15-34,Non-workers_Seeking/availabe for work_Males,5890,DDW-1600B-01ST-Census.xls,01ST
B0301ST,16,290,District - South Tripura  (02),Rural,35-59,Non-workers_Seeking/availabe for work_Males,319,DDW-1600B-01ST-Census.xls,01ST
B0301ST,16,290,District - South Tripura  (02),Rural,60+,Non-workers_Seeking/availabe for work_Males,124,DDW-1600B-01ST-Census.xls,01ST
B0301ST,16,290,District - South Tripura  (02),Rural,Age not stated,Non-workers_Seeking/availabe for work_Males,0,DDW-1600B-01ST-Census.xls,01ST
B0301ST,16,290,District - South Tripura  (02),Rural,15-59,Non-workers_Seeking/availabe for work_Males,6209,DDW-1600B-01ST-Census.xls,01ST
B0301ST,16,290,District - South Tripura  (02),Urban,Total,Non-workers_Seeking/availabe for work_Males,230,DDW-1600B-01ST-Census.xls,01ST
B0301ST,16,290,District - South Tripura  (02),Urban,5-14,Non-workers_Seeking/availabe for work_Males,28,DDW-1600B-01ST-Census.xls,01ST
B0301ST,16,290,District - South Tripura  (02),Urban,15-34,Non-workers_Seeking/availabe for work_Males,187,DDW-1600B-01ST-Census.xls,01ST
B0301ST,16,290,District - South Tripura  (02),Urban,35-59,Non-workers_Seeking/availabe for work_Males,13,DDW-1600B-01ST-Census.xls,01ST
B0301ST,16,290,District - South Tripura  (02),Urban,60+,Non-workers_Seeking/availabe for work_Males,2,DDW-1600B-01ST-Census.xls,01ST
B0301ST,16,290,District - South Tripura  (02),Urban,Age not stated,Non-workers_Seeking/availabe for work_Males,0,DDW-1600B-01ST-Census.xls,01ST
B0301ST,16,290,District - South Tripura  (02),Urban,15-59,Non-workers_Seeking/availabe for work_Males,200,DDW-1600B-01ST-Census.xls,01ST
B0301ST,16,291,District - Dhalai (03),Total,Total,Non-workers_Seeking/availabe for work_Males,4954,DDW-1600B-01ST-Census.xls,01ST
B0301ST,16,291,District - Dhalai (03),Total,5-14,Non-workers_Seeking/availabe for work_Males,588,DDW-1600B-01ST-Census.xls,01ST
B0301ST,16,291,District - Dhalai (03),Total,15-34,Non-workers_Seeking/availabe for work_Males,4128,DDW-1600B-01ST-Census.xls,01ST
B0301ST,16,291,District - Dhalai (03),Total,35-59,Non-workers_Seeking/availabe for work_Males,167,DDW-1600B-01ST-Census.xls,01ST
B0301ST,16,291,District - Dhalai (03),Total,60+,Non-workers_Seeking/availabe for work_Males,71,DDW-1600B-01ST-Census.xls,01ST
B0301ST,16,291,District - Dhalai (03),Total,Age not stated,Non-workers_Seeking/availabe for work_Males,0,DDW-1600B-01ST-Census.xls,01ST
B0301ST,16,291,District - Dhalai (03),Total,15-59,Non-workers_Seeking/availabe for work_Males,4295,DDW-1600B-01ST-Census.xls,01ST
B0301ST,16,291,District - Dhalai (03),Rural,Total,Non-workers_Seeking/availabe for work_Males,4787,DDW-1600B-01ST-Census.xls,01ST
B0301ST,16,291,District - Dhalai (03),Rural,5-14,Non-workers_Seeking/availabe for work_Males,580,DDW-1600B-01ST-Census.xls,01ST
B0301ST,16,291,District - Dhalai (03),Rural,15-34,Non-workers_Seeking/availabe for work_Males,3979,DDW-1600B-01ST-Census.xls,01ST
B0301ST,16,291,District - Dhalai (03),Rural,35-59,Non-workers_Seeking/availabe for work_Males,159,DDW-1600B-01ST-Census.xls,01ST
B0301ST,16,291,District - Dhalai (03),Rural,60+,Non-workers_Seeking/availabe for work_Males,69,DDW-1600B-01ST-Census.xls,01ST
B0301ST,16,291,District - Dhalai (03),Rural,Age not stated,Non-workers_Seeking/availabe for work_Males,0,DDW-1600B-01ST-Census.xls,01ST
B0301ST,16,291,District - Dhalai (03),Rural,15-59,Non-workers_Seeking/availabe for work_Males,4138,DDW-1600B-01ST-Census.xls,01ST
B0301ST,16,291,District - Dhalai (03),Urban,Total,Non-workers_Seeking/availabe for work_Males,167,DDW-1600B-01ST-Census.xls,01ST
B0301ST,16,291,District - Dhalai (03),Urban,5-14,Non-workers_Seeking/availabe for work_Males,8,DDW-1600B-01ST-Census.xls,01ST
B0301ST,16,291,District - Dhalai (03),Urban,15-34,Non-workers_Seeking/availabe for work_Males,149,DDW-1600B-01ST-Census.xls,01ST
B0301ST,16,291,District - Dhalai (03),Urban,35-59,Non-workers_Seeking/availabe for work_Males,8,DDW-1600B-01ST-Census.xls,01ST
B0301ST,16,291,District - Dhalai (03),Urban,60+,Non-workers_Seeking/availabe for work_Males,2,DDW-1600B-01ST-Census.xls,01ST
B0301ST,16,291,District - Dhalai (03),Urban,Age not stated,Non-workers_Seeking/availabe for work_Males,0,DDW-1600B-01ST-Census.xls,01ST
B0301ST,16,291,District - Dhalai (03),Urban,15-59,Non-workers_Seeking/availabe for work_Males,157,DDW-1600B-01ST-Census.xls,01ST
B0301ST,16,292,District - North Tripura (04),Total,Total,Non-workers_Seeking/availabe for work_Males,7875,DDW-1600B-01ST-Census.xls,01ST
B0301ST,16,292,District - North Tripura (04),Total,5-14,Non-workers_Seeking/availabe for work_Males,985,DDW-1600B-01ST-Census.xls,01ST
B0301ST,16,292,District - North Tripura (04),Total,15-34,Non-workers_Seeking/availabe for work_Males,5186,DDW-1600B-01ST-Census.xls,01ST
B0301ST,16,292,District - North Tripura (04),Total,35-59,Non-workers_Seeking/availabe for work_Males,1396,DDW-1600B-01ST-Census.xls,01ST
B0301ST,16,292,District - North Tripura (04),Total,60+,Non-workers_Seeking/availabe for work_Males,308,DDW-1600B-01ST-Census.xls,01ST
B0301ST,16,292,District - North Tripura (04),Total,Age not stated,Non-workers_Seeking/availabe for work_Males,0,DDW-1600B-01ST-Census.xls,01ST
B0301ST,16,292,District - North Tripura (04),Total,15-59,Non-workers_Seeking/availabe for work_Males,6582,DDW-1600B-01ST-Census.xls,01ST
B0301ST,16,292,District - North Tripura (04),Rural,Total,Non-workers_Seeking/availabe for work_Males,7457,DDW-1600B-01ST-Census.xls,01ST
B0301ST,16,292,District - North Tripura (04),Rural,5-14,Non-workers_Seeking/availabe for work_Males,969,DDW-1600B-01ST-Census.xls,01ST
B0301ST,16,292,District - North Tripura (04),Rural,15-34,Non-workers_Seeking/availabe for work_Males,4802,DDW-1600B-01ST-Census.xls,01ST
B0301ST,16,292,District - North Tripura (04),Rural,35-59,Non-workers_Seeking/availabe for work_Males,1379,DDW-1600B-01ST-Census.xls,01ST
B0301ST,16,292,District - North Tripura (04),Rural,60+,Non-workers_Seeking/availabe for work_Males,307,DDW-1600B-01ST-Census.xls,01ST
B0301ST,16,292,District - North Tripura (04),Rural,Age not stated,Non-workers_Seeking/availabe for work_Males,0,DDW-1600B-01ST-Census.xls,01ST
B0301ST,16,292,District - North Tripura (04),Rural,15-59,Non-workers_Seeking/availabe for work_Males,6181,DDW-1600B-01ST-Census.xls,01ST
B0301ST,16,292,District - North Tripura (04),Urban,Total,Non-workers_Seeking/availabe for work_Males,418,DDW-1600B-01ST-Census.xls,01ST
B0301ST,16,292,District - North Tripura (04),Urban,5-14,Non-workers_Seeking/availabe for work_Males,16,DDW-1600B-01ST-Census.xls,01ST
B0301ST,16,292,District - North Tripura (04),Urban,15-34,Non-workers_Seeking/availabe for work_Males,384,DDW-1600B-01ST-Census.xls,01ST
B0301ST,16,292,District - North Tripura (04),Urban,35-59,Non-workers_Seeking/availabe for work_Males,17,DDW-1600B-01ST-Census.xls,01ST
B0301ST,16,292,District - North Tripura (04),Urban,60+,Non-workers_Seeking/availabe for work_Males,1,DDW-1600B-01ST-Census.xls,01ST
B0301ST,16,292,District - North Tripura (04),Urban,Age not stated,Non-workers_Seeking/availabe for work_Males,0,DDW-1600B-01ST-Census.xls,01ST
B0301ST,16,292,District - North Tripura (04),Urban,15-59,Non-workers_Seeking/availabe for work_Males,401,DDW-1600B-01ST-Census.xls,01ST
B0301ST,16,000,State - TRIPURA (16),Total,Total,Non-workers_Seeking/availabe for work_Females,71456,DDW-1600B-01ST-Census.xls,01ST
B0301ST,16,000,State - TRIPURA (16),Total,5-14,Non-workers_Seeking/availabe for work_Females,3810,DDW-1600B-01ST-Census.xls,01ST
B0301ST,16,000,State - TRIPURA (16),Total,15-34,Non-workers_Seeking/availabe for work_Females,50156,DDW-1600B-01ST-Census.xls,01ST
B0301ST,16,000,State - TRIPURA (16),Total,35-59,Non-workers_Seeking/availabe for work_Females,15550,DDW-1600B-01ST-Census.xls,01ST
B0301ST,16,000,State - TRIPURA (16),Total,60+,Non-workers_Seeking/availabe for work_Females,1925,DDW-1600B-01ST-Census.xls,01ST
B0301ST,16,000,State - TRIPURA (16),Total,Age not stated,Non-workers_Seeking/availabe for work_Females,15,DDW-1600B-01ST-Census.xls,01ST
B0301ST,16,000,State - TRIPURA (16),Total,15-59,Non-workers_Seeking/availabe for work_Females,65706,DDW-1600B-01ST-Census.xls,01ST
B0301ST,16,000,State - TRIPURA (16),Rural,Total,Non-workers_Seeking/availabe for work_Females,65767,DDW-1600B-01ST-Census.xls,01ST
B0301ST,16,000,State - TRIPURA (16),Rural,5-14,Non-workers_Seeking/availabe for work_Females,3652,DDW-1600B-01ST-Census.xls,01ST
B0301ST,16,000,State - TRIPURA (16),Rural,15-34,Non-workers_Seeking/availabe for work_Females,46088,DDW-1600B-01ST-Census.xls,01ST
B0301ST,16,000,State - TRIPURA (16),Rural,35-59,Non-workers_Seeking/availabe for work_Females,14141,DDW-1600B-01ST-Census.xls,01ST
B0301ST,16,000,State - TRIPURA (16),Rural,60+,Non-workers_Seeking/availabe for work_Females,1871,DDW-1600B-01ST-Census.xls,01ST
B0301ST,16,000,State - TRIPURA (16),Rural,Age not stated,Non-workers_Seeking/availabe for work_Females,15,DDW-1600B-01ST-Census.xls,01ST
B0301ST,16,000,State - TRIPURA (16),Rural,15-59,Non-workers_Seeking/availabe for work_Females,60229,DDW-1600B-01ST-Census.xls,01ST
B0301ST,16,000,State - TRIPURA (16),Urban,Total,Non-workers_Seeking/availabe for work_Females,5689,DDW-1600B-01ST-Census.xls,01ST
B0301ST,16,000,State - TRIPURA (16),Urban,5-14,Non-workers_Seeking/availabe for work_Females,158,DDW-1600B-01ST-Census.xls,01ST
B0301ST,16,000,State - TRIPURA (16),Urban,15-34,Non-workers_Seeking/availabe for work_Females,4068,DDW-1600B-01ST-Census.xls,01ST
B0301ST,16,000,State - TRIPURA (16),Urban,35-59,Non-workers_Seeking/availabe for work_Females,1409,DDW-1600B-01ST-Census.xls,01ST
B0301ST,16,000,State - TRIPURA (16),Urban,60+,Non-workers_Seeking/availabe for work_Females,54,DDW-1600B-01ST-Census.xls,01ST
B0301ST,16,000,State - TRIPURA (16),Urban,Age not stated,Non-workers_Seeking/availabe for work_Females,0,DDW-1600B-01ST-Census.xls,01ST
B0301ST,16,000,State - TRIPURA (16),Urban,15-59,Non-workers_Seeking/availabe for work_Females,5477,DDW-1600B-01ST-Census.xls,01ST
B0301ST,16,289,District - West Tripura  (01),Total,Total,Non-workers_Seeking/availabe for work_Females,28864,DDW-1600B-01ST-Census.xls,01ST
B0301ST,16,289,District - West Tripura  (01),Total,5-14,Non-workers_Seeking/availabe for work_Females,1108,DDW-1600B-01ST-Census.xls,01ST
B0301ST,16,289,District - West Tripura  (01),Total,15-34,Non-workers_Seeking/availabe for work_Females,20755,DDW-1600B-01ST-Census.xls,01ST
B0301ST,16,289,District - West Tripura  (01),Total,35-59,Non-workers_Seeking/availabe for work_Females,6220,DDW-1600B-01ST-Census.xls,01ST
B0301ST,16,289,District - West Tripura  (01),Total,60+,Non-workers_Seeking/availabe for work_Females,773,DDW-1600B-01ST-Census.xls,01ST
B0301ST,16,289,District - West Tripura  (01),Total,Age not stated,Non-workers_Seeking/availabe for work_Females,8,DDW-1600B-01ST-Census.xls,01ST
B0301ST,16,289,District - West Tripura  (01),Total,15-59,Non-workers_Seeking/availabe for work_Females,26975,DDW-1600B-01ST-Census.xls,01ST
B0301ST,16,289,District - West Tripura  (01),Rural,Total,Non-workers_Seeking/availabe for work_Females,25062,DDW-1600B-01ST-Census.xls,01ST
B0301ST,16,289,District - West Tripura  (01),Rural,5-14,Non-workers_Seeking/availabe for work_Females,1026,DDW-1600B-01ST-Census.xls,01ST
B0301ST,16,289,District - West Tripura  (01),Rural,15-34,Non-workers_Seeking/availabe for work_Females,18066,DDW-1600B-01ST-Census.xls,01ST
B0301ST,16,289,District - West Tripura  (01),Rural,35-59,Non-workers_Seeking/availabe for work_Females,5227,DDW-1600B-01ST-Census.xls,01ST
B0301ST,16,289,District - West Tripura  (01),Rural,60+,Non-workers_Seeking/availabe for work_Females,735,DDW-1600B-01ST-Census.xls,01ST
B0301ST,16,289,District - West Tripura  (01),Rural,Age not stated,Non-workers_Seeking/availabe for work_Females,8,DDW-1600B-01ST-Census.xls,01ST
B0301ST,16,289,District - West Tripura  (01),Rural,15-59,Non-workers_Seeking/availabe for work_Females,23293,DDW-1600B-01ST-Census.xls,01ST
B0301ST,16,289,District - West Tripura  (01),Urban,Total,Non-workers_Seeking/availabe for work_Females,3802,DDW-1600B-01ST-Census.xls,01ST
B0301ST,16,289,District - West Tripura  (01),Urban,5-14,Non-workers_Seeking/availabe for work_Females,82,DDW-1600B-01ST-Census.xls,01ST
B0301ST,16,289,District - West Tripura  (01),Urban,15-34,Non-workers_Seeking/availabe for work_Females,2689,DDW-1600B-01ST-Census.xls,01ST
B0301ST,16,289,District - West Tripura  (01),Urban,35-59,Non-workers_Seeking/availabe for work_Females,993,DDW-1600B-01ST-Census.xls,01ST
B0301ST,16,289,District - West Tripura  (01),Urban,60+,Non-workers_Seeking/availabe for work_Females,38,DDW-1600B-01ST-Census.xls,01ST
B0301ST,16,289,District - West Tripura  (01),Urban,Age not stated,Non-workers_Seeking/availabe for work_Females,0,DDW-1600B-01ST-Census.xls,01ST
B0301ST,16,289,District - West Tripura  (01),Urban,15-59,Non-workers_Seeking/availabe for work_Females,3682,DDW-1600B-01ST-Census.xls,01ST
B0301ST,16,290,District - South Tripura  (02),Total,Total,Non-workers_Seeking/availabe for work_Females,17548,DDW-1600B-01ST-Census.xls,01ST
B0301ST,16,290,District - South Tripura  (02),Total,5-14,Non-workers_Seeking/availabe for work_Females,1106,DDW-1600B-01ST-Census.xls,01ST
B0301ST,16,290,District - South Tripura  (02),Total,15-34,Non-workers_Seeking/availabe for work_Females,12403,DDW-1600B-01ST-Census.xls,01ST
B0301ST,16,290,District - South Tripura  (02),Total,35-59,Non-workers_Seeking/availabe for work_Females,3586,DDW-1600B-01ST-Census.xls,01ST
B0301ST,16,290,District - South Tripura  (02),Total,60+,Non-workers_Seeking/availabe for work_Females,450,DDW-1600B-01ST-Census.xls,01ST
B0301ST,16,290,District - South Tripura  (02),Total,Age not stated,Non-workers_Seeking/availabe for work_Females,3,DDW-1600B-01ST-Census.xls,01ST
B0301ST,16,290,District - South Tripura  (02),Total,15-59,Non-workers_Seeking/availabe for work_Females,15989,DDW-1600B-01ST-Census.xls,01ST
B0301ST,16,290,District - South Tripura  (02),Rural,Total,Non-workers_Seeking/availabe for work_Females,17008,DDW-1600B-01ST-Census.xls,01ST
B0301ST,16,290,District - South Tripura  (02),Rural,5-14,Non-workers_Seeking/availabe for work_Females,1072,DDW-1600B-01ST-Census.xls,01ST
B0301ST,16,290,District - South Tripura  (02),Rural,15-34,Non-workers_Seeking/availabe for work_Females,12018,DDW-1600B-01ST-Census.xls,01ST
B0301ST,16,290,District - South Tripura  (02),Rural,35-59,Non-workers_Seeking/availabe for work_Females,3468,DDW-1600B-01ST-Census.xls,01ST
B0301ST,16,290,District - South Tripura  (02),Rural,60+,Non-workers_Seeking/availabe for work_Females,447,DDW-1600B-01ST-Census.xls,01ST
B0301ST,16,290,District - South Tripura  (02),Rural,Age not stated,Non-workers_Seeking/availabe for work_Females,3,DDW-1600B-01ST-Census.xls,01ST
B0301ST,16,290,District - South Tripura  (02),Rural,15-59,Non-workers_Seeking/availabe for work_Females,15486,DDW-1600B-01ST-Census.xls,01ST
B0301ST,16,290,District - South Tripura  (02),Urban,Total,Non-workers_Seeking/availabe for work_Females,540,DDW-1600B-01ST-Census.xls,01ST
B0301ST,16,290,District - South Tripura  (02),Urban,5-14,Non-workers_Seeking/availabe for work_Females,34,DDW-1600B-01ST-Census.xls,01ST
B0301ST,16,290,District - South Tripura  (02),Urban,15-34,Non-workers_Seeking/availabe for work_Females,385,DDW-1600B-01ST-Census.xls,01ST
B0301ST,16,290,District - South Tripura  (02),Urban,35-59,Non-workers_Seeking/availabe for work_Females,118,DDW-1600B-01ST-Census.xls,01ST
B0301ST,16,290,District - South Tripura  (02),Urban,60+,Non-workers_Seeking/availabe for work_Females,3,DDW-1600B-01ST-Census.xls,01ST
B0301ST,16,290,District - South Tripura  (02),Urban,Age not stated,Non-workers_Seeking/availabe for work_Females,0,DDW-1600B-01ST-Census.xls,01ST
B0301ST,16,290,District - South Tripura  (02),Urban,15-59,Non-workers_Seeking/availabe for work_Females,503,DDW-1600B-01ST-Census.xls,01ST
B0301ST,16,291,District - Dhalai (03),Total,Total,Non-workers_Seeking/availabe for work_Females,12559,DDW-1600B-01ST-Census.xls,01ST
B0301ST,16,291,District - Dhalai (03),Total,5-14,Non-workers_Seeking/availabe for work_Females,651,DDW-1600B-01ST-Census.xls,01ST
B0301ST,16,291,District - Dhalai (03),Total,15-34,Non-workers_Seeking/availabe for work_Females,8749,DDW-1600B-01ST-Census.xls,01ST
B0301ST,16,291,District - Dhalai (03),Total,35-59,Non-workers_Seeking/availabe for work_Females,2813,DDW-1600B-01ST-Census.xls,01ST
B0301ST,16,291,District - Dhalai (03),Total,60+,Non-workers_Seeking/availabe for work_Females,344,DDW-1600B-01ST-Census.xls,01ST
B0301ST,16,291,District - Dhalai (03),Total,Age not stated,Non-workers_Seeking/availabe for work_Females,2,DDW-1600B-01ST-Census.xls,01ST
B0301ST,16,291,District - Dhalai (03),Total,15-59,Non-workers_Seeking/availabe for work_Females,11562,DDW-1600B-01ST-Census.xls,01ST
B0301ST,16,291,District - Dhalai (03),Rural,Total,Non-workers_Seeking/availabe for work_Females,12180,DDW-1600B-01ST-Census.xls,01ST
B0301ST,16,291,District - Dhalai (03),Rural,5-14,Non-workers_Seeking/availabe for work_Females,644,DDW-1600B-01ST-Census.xls,01ST
B0301ST,16,291,District - Dhalai (03),Rural,15-34,Non-workers_Seeking/availabe for work_Females,8465,DDW-1600B-01ST-Census.xls,01ST
B0301ST,16,291,District - Dhalai (03),Rural,35-59,Non-workers_Seeking/availabe for work_Females,2728,DDW-1600B-01ST-Census.xls,01ST
B0301ST,16,291,District - Dhalai (03),Rural,60+,Non-workers_Seeking/availabe for work_Females,341,DDW-1600B-01ST-Census.xls,01ST
B0301ST,16,291,District - Dhalai (03),Rural,Age not stated,Non-workers_Seeking/availabe for work_Females,2,DDW-1600B-01ST-Census.xls,01ST
B0301ST,16,291,District - Dhalai (03),Rural,15-59,Non-workers_Seeking/availabe for work_Females,11193,DDW-1600B-01ST-Census.xls,01ST
B0301ST,16,291,District - Dhalai (03),Urban,Total,Non-workers_Seeking/availabe for work_Females,379,DDW-1600B-01ST-Census.xls,01ST
B0301ST,16,291,District - Dhalai (03),Urban,5-14,Non-workers_Seeking/availabe for work_Females,7,DDW-1600B-01ST-Census.xls,01ST
B0301ST,16,291,District - Dhalai (03),Urban,15-34,Non-workers_Seeking/availabe for work_Females,284,DDW-1600B-01ST-Census.xls,01ST
B0301ST,16,291,District - Dhalai (03),Urban,35-59,Non-workers_Seeking/availabe for work_Females,85,DDW-1600B-01ST-Census.xls,01ST
B0301ST,16,291,District - Dhalai (03),Urban,60+,Non-workers_Seeking/availabe for work_Females,3,DDW-1600B-01ST-Census.xls,01ST
B0301ST,16,291,District - Dhalai (03),Urban,Age not stated,Non-workers_Seeking/availabe for work_Females,0,DDW-1600B-01ST-Census.xls,01ST
B0301ST,16,291,District - Dhalai (03),Urban,15-59,Non-workers_Seeking/availabe for work_Females,369,DDW-1600B-01ST-Census.xls,01ST
B0301ST,16,292,District - North Tripura (04),Total,Total,Non-workers_Seeking/availabe for work_Females,12485,DDW-1600B-01ST-Census.xls,01ST
B0301ST,16,292,District - North Tripura (04),Total,5-14,Non-workers_Seeking/availabe for work_Females,945,DDW-1600B-01ST-Census.xls,01ST
B0301ST,16,292,District - North Tripura (04),Total,15-34,Non-workers_Seeking/availabe for work_Females,8249,DDW-1600B-01ST-Census.xls,01ST
B0301ST,16,292,District - North Tripura (04),Total,35-59,Non-workers_Seeking/availabe for work_Females,2931,DDW-1600B-01ST-Census.xls,01ST
B0301ST,16,292,District - North Tripura (04),Total,60+,Non-workers_Seeking/availabe for work_Females,358,DDW-1600B-01ST-Census.xls,01ST
B0301ST,16,292,District - North Tripura (04),Total,Age not stated,Non-workers_Seeking/availabe for work_Females,2,DDW-1600B-01ST-Census.xls,01ST
B0301ST,16,292,District - North Tripura (04),Total,15-59,Non-workers_Seeking/availabe for work_Females,11180,DDW-1600B-01ST-Census.xls,01ST
B0301ST,16,292,District - North Tripura (04),Rural,Total,Non-workers_Seeking/availabe for work_Females,11517,DDW-1600B-01ST-Census.xls,01ST
B0301ST,16,292,District - North Tripura (04),Rural,5-14,Non-workers_Seeking/availabe for work_Females,910,DDW-1600B-01ST-Census.xls,01ST
B0301ST,16,292,District - North Tripura (04),Rural,15-34,Non-workers_Seeking/availabe for work_Females,7539,DDW-1600B-01ST-Census.xls,01ST
B0301ST,16,292,District - North Tripura (04),Rural,35-59,Non-workers_Seeking/availabe for work_Females,2718,DDW-1600B-01ST-Census.xls,01ST
B0301ST,16,292,District - North Tripura (04),Rural,60+,Non-workers_Seeking/availabe for work_Females,348,DDW-1600B-01ST-Census.xls,01ST
B0301ST,16,292,District - North Tripura (04),Rural,Age not stated,Non-workers_Seeking/availabe for work_Females,2,DDW-1600B-01ST-Census.xls,01ST
B0301ST,16,292,District - North Tripura (04),Rural,15-59,Non-workers_Seeking/availabe for work_Females,10257,DDW-1600B-01ST-Census.xls,01ST
B0301ST,16,292,District - North Tripura (04),Urban,Total,Non-workers_Seeking/availabe for work_Females,968,DDW-1600B-01ST-Census.xls,01ST
B0301ST,16,292,District - North Tripura (04),Urban,5-14,Non-workers_Seeking/availabe for work_Females,35,DDW-1600B-01ST-Census.xls,01ST
B0301ST,16,292,District - North Tripura (04),Urban,15-34,Non-workers_Seeking/availabe for work_Females,710,DDW-1600B-01ST-Census.xls,01ST
B0301ST,16,292,District - North Tripura (04),Urban,35-59,Non-workers_Seeking/availabe for work_Females,213,DDW-1600B-01ST-Census.xls,01ST
B0301ST,16,292,District - North Tripura (04),Urban,60+,Non-workers_Seeking/availabe for work_Females,10,DDW-1600B-01ST-Census.xls,01ST
B0301ST,16,292,District - North Tripura (04),Urban,Age not stated,Non-workers_Seeking/availabe for work_Females,0,DDW-1600B-01ST-Census.xls,01ST
B0301ST,16,292,District - North Tripura (04),Urban,15-59,Non-workers_Seeking/availabe for work_Females,923,DDW-1600B-01ST-Census.xls,01ST
