table_name,state_code,district_code,area_name,total_rural_urban,age_group,metric,value,source_file,dataset_code
B0301ST,02,000,State - HIMACHAL PRADESH (02),Total,Total,Population_Persons,392126,DDW-0200B-01ST-Census.xls,01ST
B0301ST,02,000,State - HIMACHAL PRADESH (02),Total,5-14,Population_Persons,75569,DDW-0200B-01ST-Census.xls,01ST
B0301ST,02,000,State - HIMACHAL PRADESH (02),Total,15-34,Population_Persons,139382,DDW-0200B-01ST-Census.xls,01ST
B0301ST,02,000,State - HIMACHAL PRADESH (02),Total,35-59,Population_Persons,104590,DDW-0200B-01ST-Census.xls,01ST
B0301ST,02,000,State - HIMACHAL PRADESH (02),Total,60+,Population_Persons,38258,DDW-0200B-01ST-Census.xls,01ST
B0301ST,02,000,State - HIMACHAL PRADESH (02),Total,Age not stated,Population_Persons,743,DDW-0200B-01ST-Census.xls,01ST
B0301ST,02,000,State - HIMACHAL PRADESH (02),Total,15-59,Population_Persons,243972,DDW-0200B-01ST-Census.xls,01ST
B0301ST,02,000,State - HIMACHAL PRADESH (02),Rural,Total,Population_Persons,374392,DDW-0200B-01ST-Census.xls,01ST
B0301ST,02,000,State - HIMACHAL PRADESH (02),Rural,5-14,Population_Persons,72640,DDW-0200B-01ST-Census.xls,01ST
B0301ST,02,000,State - HIMACHAL PRADESH (02),Rural,15-34,Population_Persons,132174,DDW-0200B-01ST-Census.xls,01ST
B0301ST,02,000,State - HIMACHAL PRADESH (02),Rural,35-59,Population_Persons,99301,DDW-0200B-01ST-Census.xls,01ST
B0301ST,02,000,State - HIMACHAL PRADESH (02),Rural,60+,Population_Persons,36978,DDW-0200B-01ST-Census.xls,01ST
B0301ST,02,000,State - HIMACHAL PRADESH (02),Rural,Age not stated,Population_Persons,725,DDW-0200B-01ST-Census.xls,01ST
B0301ST,02,000,State - HIMACHAL PRADESH (02),Rural,15-59,Population_Persons,231475,DDW-0200B-01ST-Census.xls,01ST
B0301ST,02,000,State - HIMACHAL PRADESH (02),Urban,Total,Population_Persons,17734,DDW-0200B-01ST-Census.xls,01ST
B0301ST,02,000,State - HIMACHAL PRADESH (02),Urban,5-14,Population_Persons,2929,DDW-0200B-01ST-Census.xls,01ST
B0301ST,02,000,State - HIMACHAL PRADESH (02),Urban,15-34,Population_Persons,7208,DDW-0200B-01ST-Census.xls,01ST
B0301ST,02,000,State - HIMACHAL PRADESH (02),Urban,35-59,Population_Persons,5289,DDW-0200B-01ST-Census.xls,01ST
B0301ST,02,000,State - HIMACHAL PRADESH (02),Urban,60+,Population_Persons,1280,DDW-0200B-01ST-Census.xls,01ST
B0301ST,02,000,State - HIMACHAL PRADESH (02),Urban,Age not stated,Population_Persons,18,DDW-0200B-01ST-Census.xls,01ST
B0301ST,02,000,State - HIMACHAL PRADESH (02),Urban,15-59,Population_Persons,12497,DDW-0200B-01ST-Census.xls,01ST
B0301ST,02,023,District - Chamba (01),Total,Total,Population_Persons,135500,DDW-0200B-01ST-Census.xls,01ST
B0301ST,02,023,District - Chamba (01),Total,5-14,Population_Persons,29163,DDW-0200B-01ST-Census.xls,01ST
B0301ST,02,023,District - Chamba (01),Total,15-34,Population_Persons,48838,DDW-0200B-01ST-Census.xls,01ST
B0301ST,02,023,District - Chamba (01),Total,35-59,Population_Persons,33549,DDW-0200B-01ST-Census.xls,01ST
B0301ST,02,023,District - Chamba (01),Total,60+,Population_Persons,11225,DDW-0200B-01ST-Census.xls,01ST
B0301ST,02,023,District - Chamba (01),Total,Age not stated,Population_Persons,124,DDW-0200B-01ST-Census.xls,01ST
B0301ST,02,023,District - Chamba (01),Total,15-59,Population_Persons,82387,DDW-0200B-01ST-Census.xls,01ST
B0301ST,02,023,District - Chamba (01),Rural,Total,Population_Persons,132907,DDW-0200B-01ST-Census.xls,01ST
B0301ST,02,023,District - Chamba (01),Rural,5-14,Population_Persons,28701,DDW-0200B-01ST-Census.xls,01ST
B0301ST,02,023,District - Chamba (01),Rural,15-34,Population_Persons,47857,DDW-0200B-01ST-Census.xls,01ST
B0301ST,02,023,District - Chamba (01),Rural,35-59,Population_Persons,32749,DDW-0200B-01ST-Census.xls,01ST
B0301ST,02,023,District - Chamba (01),Rural,60+,Population_Persons,11050,DDW-0200B-01ST-Census.xls,01ST
B0301ST,02,023,District - Chamba (01),Rural,Age not stated,Population_Persons,124,DDW-0200B-01ST-Census.xls,01ST
B0301ST,02,023,District - Chamba (01),Rural,15-59,Population_Persons,80606,DDW-0200B-01ST-Census.xls,01ST
B0301ST,02,023,District - Chamba (01),Urban,Total,Population_Persons,2593,DDW-0200B-01ST-Census.xls,01ST
B0301ST,02,023,District - Chamba (01),Urban,5-14,Population_Persons,462,DDW-0200B-01ST-Census.xls,01ST
B0301ST,02,023,District - Chamba (01),Urban,15-34,Population_Persons,981,DDW-0200B-01ST-Census.xls,01ST
B0301ST,02,023,District - Chamba (01),Urban,35-59,Population_Persons,800,DDW-0200B-01ST-Census.xls,01ST
B0301ST,02,023,District - Chamba (01),Urban,60+,Population_Persons,175,DDW-0200B-01ST-Census.xls,01ST
B0301ST,02,023,District - Chamba (01),Urban,Age not stated,Population_Persons,0,DDW-0200B-01ST-Census.xls,01ST
B0301ST,02,023,District - Chamba (01),Urban,15-59,Population_Persons,1781,DDW-0200B-01ST-Census.xls,01ST
B0301ST,02,024,District - Kangra (02),Total,Total,Population_Persons,84564,DDW-0200B-01ST-Census.xls,01ST
B0301ST,02,024,District - Kangra (02),Total,5-14,Population_Persons,15615,DDW-0200B-01ST-Census.xls,01ST
B0301ST,02,024,District - Kangra (02),Total,15-34,Population_Persons,30786,DDW-0200B-01ST-Census.xls,01ST
B0301ST,02,024,District - Kangra (02),Total,35-59,Population_Persons,22317,DDW-0200B-01ST-Census.xls,01ST
B0301ST,02,024,District - Kangra (02),Total,60+,Population_Persons,8314,DDW-0200B-01ST-Census.xls,01ST
B0301ST,02,024,District - Kangra (02),Total,Age not stated,Population_Persons,234,DDW-0200B-01ST-Census.xls,01ST
B0301ST,02,024,District - Kangra (02),Total,15-59,Population_Persons,53103,DDW-0200B-01ST-Census.xls,01ST
B0301ST,02,024,District - Kangra (02),Rural,Total,Population_Persons,80234,DDW-0200B-01ST-Census.xls,01ST
B0301ST,02,024,District - Kangra (02),Rural,5-14,Population_Persons,14921,DDW-0200B-01ST-Census.xls,01ST
B0301ST,02,024,District - Kangra (02),Rural,15-34,Population_Persons,29028,DDW-0200B-01ST-Census.xls,01ST
B0301ST,02,024,District - Kangra (02),Rural,35-59,Population_Persons,21088,DDW-0200B-01ST-Census.xls,01ST
B0301ST,02,024,District - Kangra (02),Rural,60+,Population_Persons,7984,DDW-0200B-01ST-Census.xls,01ST
B0301ST,02,024,District - Kangra (02),Rural,Age not stated,Population_Persons,227,DDW-0200B-01ST-Census.xls,01ST
B0301ST,02,024,District - Kangra (02),Rural,15-59,Population_Persons,50116,DDW-0200B-01ST-Census.xls,01ST
B0301ST,02,024,District - Kangra (02),Urban,Total,Population_Persons,4330,DDW-0200B-01ST-Census.xls,01ST
B0301ST,02,024,District - Kangra (02),Urban,5-14,Population_Persons,694,DDW-0200B-01ST-Census.xls,01ST
B0301ST,02,024,District - Kangra (02),Urban,15-34,Population_Persons,1758,DDW-0200B-01ST-Census.xls,01ST
B0301ST,02,024,District - Kangra (02),Urban,35-59,Population_Persons,1229,DDW-0200B-01ST-Census.xls,01ST
B0301ST,02,024,District - Kangra (02),Urban,60+,Population_Persons,330,DDW-0200B-01ST-Census.xls,01ST
B0301ST,02,024,District - Kangra (02),Urban,Age not stated,Population_Persons,7,DDW-0200B-01ST-Census.xls,01ST
B0301ST,02,024,District - Kangra (02),Urban,15-59,Population_Persons,2987,DDW-0200B-01ST-Census.xls,01ST
B0301ST,02,025,District - Lahul & Spiti (03),Total,Total,Population_Persons,25707,DDW-0200B-01ST-Census.xls,01ST
B0301ST,02,025,District - Lahul & Spiti (03),Total,5-14,Population_Persons,4401,DDW-0200B-01ST-Census.xls,01ST
B0301ST,02,025,District - Lahul & Spiti (03),Total,15-34,Population_Persons,8672,DDW-0200B-01ST-Census.xls,01ST
B0301ST,02,025,District - Lahul & Spiti (03),Total,35-59,Population_Persons,7631,DDW-0200B-01ST-Census.xls,01ST
B0301ST,02,025,District - Lahul & Spiti (03),Total,60+,Population_Persons,3025,DDW-0200B-01ST-Census.xls,01ST
B0301ST,02,025,District - Lahul & Spiti (03),Total,Age not stated,Population_Persons,196,DDW-0200B-01ST-Census.xls,01ST
B0301ST,02,025,District - Lahul & Spiti (03),Total,15-59,Population_Persons,16303,DDW-0200B-01ST-Census.xls,01ST
B0301ST,02,025,District - Lahul & Spiti (03),Rural,Total,Population_Persons,25707,DDW-0200B-01ST-Census.xls,01ST
B0301ST,02,025,District - Lahul & Spiti (03),Rural,5-14,Population_Persons,4401,DDW-0200B-01ST-Census.xls,01ST
B0301ST,02,025,District - Lahul & Spiti (03),Rural,15-34,Population_Persons,8672,DDW-0200B-01ST-Census.xls,01ST
B0301ST,02,025,District - Lahul & Spiti (03),Rural,35-59,Population_Persons,7631,DDW-0200B-01ST-Census.xls,01ST
B0301ST,02,025,District - Lahul & Spiti (03),Rural,60+,Population_Persons,3025,DDW-0200B-01ST-Census.xls,01ST
B0301ST,02,025,District - Lahul & Spiti (03),Rural,Age not stated,Population_Persons,196,DDW-0200B-01ST-Census.xls,01ST
B0301ST,02,025,District - Lahul & Spiti (03),Rural,15-59,Population_Persons,16303,DDW-0200B-01ST-Census.xls,01ST
B0301ST,02,025,District - Lahul & Spiti (03),Urban,Total,Population_Persons,0,DDW-0200B-01ST-Census.xls,01ST
B0301ST,02,025,District - Lahul & Spiti (03),Urban,5-14,Population_Persons,0,DDW-0200B-01ST-Census.xls,01ST
B0301ST,02,025,District - Lahul & Spiti (03),Urban,15-34,Population_Persons,0,DDW-0200B-01ST-Census.xls,01ST
B0301ST,02,025,District - Lahul & Spiti (03),Urban,35-59,Population_Persons,0,DDW-0200B-01ST-Census.xls,01ST
B0301ST,02,025,District - Lahul & Spiti (03),Urban,60+,Population_Persons,0,DDW-0200B-01ST-Census.xls,01ST
B0301ST,02,025,District - Lahul & Spiti (03),Urban,Age not stated,Population_Persons,0,DDW-0200B-01ST-Census.xls,01ST
B0301ST,02,025,District - Lahul & Spiti (03),Urban,15-59,Population_Persons,0,DDW-0200B-01ST-Census.xls,01ST
B0301ST,02,026,District - Kullu (04),Total,Total,Population_Persons,16822,DDW-0200B-01ST-Census.xls,01ST
B0301ST,02,026,District - Kullu (04),Total,5-14,Population_Persons,2648,DDW-0200B-01ST-Census.xls,01ST
B0301ST,02,026,District - Kullu (04),Total,15-34,Population_Persons,5897,DDW-0200B-01ST-Census.xls,01ST
B0301ST,02,026,District - Kullu (04),Total,35-59,Population_Persons,5201,DDW-0200B-01ST-Census.xls,01ST
B0301ST,02,026,District - Kullu (04),Total,60+,Population_Persons,2088,DDW-0200B-01ST-Census.xls,01ST
B0301ST,02,026,District - Kullu (04),Total,Age not stated,Population_Persons,18,DDW-0200B-01ST-Census.xls,01ST
B0301ST,02,026,District - Kullu (04),Total,15-59,Population_Persons,11098,DDW-0200B-01ST-Census.xls,01ST
B0301ST,02,026,District - Kullu (04),Rural,Total,Population_Persons,12463,DDW-0200B-01ST-Census.xls,01ST
B0301ST,02,026,District - Kullu (04),Rural,5-14,Population_Persons,2019,DDW-0200B-01ST-Census.xls,01ST
B0301ST,02,026,District - Kullu (04),Rural,15-34,Population_Persons,4410,DDW-0200B-01ST-Census.xls,01ST
B0301ST,02,026,District - Kullu (04),Rural,35-59,Population_Persons,3672,DDW-0200B-01ST-Census.xls,01ST
B0301ST,02,026,District - Kullu (04),Rural,60+,Population_Persons,1569,DDW-0200B-01ST-Census.xls,01ST
B0301ST,02,026,District - Kullu (04),Rural,Age not stated,Population_Persons,15,DDW-0200B-01ST-Census.xls,01ST
B0301ST,02,026,District - Kullu (04),Rural,15-59,Population_Persons,8082,DDW-0200B-01ST-Census.xls,01ST
B0301ST,02,026,District - Kullu (04),Urban,Total,Population_Persons,4359,DDW-0200B-01ST-Census.xls,01ST
B0301ST,02,026,District - Kullu (04),Urban,5-14,Population_Persons,629,DDW-0200B-01ST-Census.xls,01ST
B0301ST,02,026,District - Kullu (04),Urban,15-34,Population_Persons,1487,DDW-0200B-01ST-Census.xls,01ST
B0301ST,02,026,District - Kullu (04),Urban,35-59,Population_Persons,1529,DDW-0200B-01ST-Census.xls,01ST
B0301ST,02,026,District - Kullu (04),Urban,60+,Population_Persons,519,DDW-0200B-01ST-Census.xls,01ST
B0301ST,02,026,District - Kullu (04),Urban,Age not stated,Population_Persons,3,DDW-0200B-01ST-Census.xls,01ST
B0301ST,02,026,District - Kullu (04),Urban,15-59,Population_Persons,3016,DDW-0200B-01ST-Census.xls,01ST
B0301ST,02,027,District - Mandi (05),Total,Total,Population_Persons,12787,DDW-0200B-01ST-Census.xls,01ST
B0301ST,02,027,District - Mandi (05),Total,5-14,Population_Persons,2536,DDW-0200B-01ST-Census.xls,01ST
B0301ST,02,027,District - Mandi (05),Total,15-34,Population_Persons,4519,DDW-0200B-01ST-Census.xls,01ST
B0301ST,02,027,District - Mandi (05),Total,35-59,Population_Persons,3271,DDW-0200B-01ST-Census.xls,01ST
B0301ST,02,027,District - Mandi (05),Total,60+,Population_Persons,1161,DDW-0200B-01ST-Census.xls,01ST
B0301ST,02,027,District - Mandi (05),Total,Age not stated,Population_Persons,33,DDW-0200B-01ST-Census.xls,01ST
B0301ST,02,027,District - Mandi (05),Total,15-59,Population_Persons,7790,DDW-0200B-01ST-Census.xls,01ST
B0301ST,02,027,District - Mandi (05),Rural,Total,Population_Persons,12359,DDW-0200B-01ST-Census.xls,01ST
B0301ST,02,027,District - Mandi (05),Rural,5-14,Population_Persons,2461,DDW-0200B-01ST-Census.xls,01ST
B0301ST,02,027,District - Mandi (05),Rural,15-34,Population_Persons,4349,DDW-0200B-01ST-Census.xls,01ST
B0301ST,02,027,District - Mandi (05),Rural,35-59,Population_Persons,3127,DDW-0200B-01ST-Census.xls,01ST
B0301ST,02,027,District - Mandi (05),Rural,60+,Population_Persons,1144,DDW-0200B-01ST-Census.xls,01ST
B0301ST,02,027,District - Mandi (05),Rural,Age not stated,Population_Persons,33,DDW-0200B-01ST-Census.xls,01ST
B0301ST,02,027,District - Mandi (05),Rural,15-59,Population_Persons,7476,DDW-0200B-01ST-Census.xls,01ST
B0301ST,02,027,District - Mandi (05),Urban,Total,Population_Persons,428,DDW-0200B-01ST-Census.xls,01ST
B0301ST,02,027,District - Mandi (05),Urban,5-14,Population_Persons,75,DDW-0200B-01ST-Census.xls,01ST
B0301ST,02,027,District - Mandi (05),Urban,15-34,Population_Persons,170,DDW-0200B-01ST-Census.xls,01ST
B0301ST,02,027,District - Mandi (05),Urban,35-59,Population_Persons,144,DDW-0200B-01ST-Census.xls,01ST
B0301ST,02,027,District - Mandi (05),Urban,60+,Population_Persons,17,DDW-0200B-01ST-Census.xls,01ST
B0301ST,02,027,District - Mandi (05),Urban,Age not stated,Population_Persons,0,DDW-0200B-01ST-Census.xls,01ST
B0301ST,02,027,District - Mandi (05),Urban,15-59,Population_Persons,314,DDW-0200B-01ST-Census.xls,01ST
B0301ST,02,028,District - Hamirpur (06),Total,Total,Population_Persons,3044,DDW-0200B-01ST-Census.xls,01ST
B0301ST,02,028,District - Hamirpur (06),Total,5-14,Population_Persons,587,DDW-0200B-01ST-Census.xls,01ST
B0301ST,02,028,District - Hamirpur (06),Total,15-34,Population_Persons,1124,DDW-0200B-01ST-Census.xls,01ST
B0301ST,02,028,District - Hamirpur (06),Total,35-59,Population_Persons,793,DDW-0200B-01ST-Census.xls,01ST
B0301ST,02,028,District - Hamirpur (06),Total,60+,Population_Persons,283,DDW-0200B-01ST-Census.xls,01ST
B0301ST,02,028,District - Hamirpur (06),Total,Age not stated,Population_Persons,3,DDW-0200B-01ST-Census.xls,01ST
B0301ST,02,028,District - Hamirpur (06),Total,15-59,Population_Persons,1917,DDW-0200B-01ST-Census.xls,01ST
B0301ST,02,028,District - Hamirpur (06),Rural,Total,Population_Persons,2801,DDW-0200B-01ST-Census.xls,01ST
B0301ST,02,028,District - Hamirpur (06),Rural,5-14,Population_Persons,524,DDW-0200B-01ST-Census.xls,01ST
B0301ST,02,028,District - Hamirpur (06),Rural,15-34,Population_Persons,1014,DDW-0200B-01ST-Census.xls,01ST
B0301ST,02,028,District - Hamirpur (06),Rural,35-59,Population_Persons,747,DDW-0200B-01ST-Census.xls,01ST
B0301ST,02,028,District - Hamirpur (06),Rural,60+,Population_Persons,276,DDW-0200B-01ST-Census.xls,01ST
B0301ST,02,028,District - Hamirpur (06),Rural,Age not stated,Population_Persons,2,DDW-0200B-01ST-Census.xls,01ST
B0301ST,02,028,District - Hamirpur (06),Rural,15-59,Population_Persons,1761,DDW-0200B-01ST-Census.xls,01ST
B0301ST,02,028,District - Hamirpur (06),Urban,Total,Population_Persons,243,DDW-0200B-01ST-Census.xls,01ST
B0301ST,02,028,District - Hamirpur (06),Urban,5-14,Population_Persons,63,DDW-0200B-01ST-Census.xls,01ST
B0301ST,02,028,District - Hamirpur (06),Urban,15-34,Population_Persons,110,DDW-0200B-01ST-Census.xls,01ST
B0301ST,02,028,District - Hamirpur (06),Urban,35-59,Population_Persons,46,DDW-0200B-01ST-Census.xls,01ST
B0301ST,02,028,District - Hamirpur (06),Urban,60+,Population_Persons,7,DDW-0200B-01ST-Census.xls,01ST
B0301ST,02,028,District - Hamirpur (06),Urban,Age not stated,Population_Persons,1,DDW-0200B-01ST-Census.xls,01ST
B0301ST,02,028,District - Hamirpur (06),Urban,15-59,Population_Persons,156,DDW-0200B-01ST-Census.xls,01ST
B0301ST,02,029,District - Una (07),Total,Total,Population_Persons,8601,DDW-0200B-01ST-Census.xls,01ST
B0301ST,02,029,District - Una (07),Total,5-14,Population_Persons,1738,DDW-0200B-01ST-Census.xls,01ST
B0301ST,02,029,District - Una (07),Total,15-34,Population_Persons,3095,DDW-0200B-01ST-Census.xls,01ST
B0301ST,02,029,District - Una (07),Total,35-59,Population_Persons,2214,DDW-0200B-01ST-Census.xls,01ST
B0301ST,02,029,District - Una (07),Total,60+,Population_Persons,815,DDW-0200B-01ST-Census.xls,01ST
B0301ST,02,029,District - Una (07),Total,Age not stated,Population_Persons,8,DDW-0200B-01ST-Census.xls,01ST
B0301ST,02,029,District - Una (07),Total,15-59,Population_Persons,5309,DDW-0200B-01ST-Census.xls,01ST
B0301ST,02,029,District - Una (07),Rural,Total,Population_Persons,8452,DDW-0200B-01ST-Census.xls,01ST
B0301ST,02,029,District - Una (07),Rural,5-14,Population_Persons,1713,DDW-0200B-01ST-Census.xls,01ST
B0301ST,02,029,District - Una (07),Rural,15-34,Population_Persons,3035,DDW-0200B-01ST-Census.xls,01ST
B0301ST,02,029,District - Una (07),Rural,35-59,Population_Persons,2170,DDW-0200B-01ST-Census.xls,01ST
B0301ST,02,029,District - Una (07),Rural,60+,Population_Persons,806,DDW-0200B-01ST-Census.xls,01ST
B0301ST,02,029,District - Una (07),Rural,Age not stated,Population_Persons,8,DDW-0200B-01ST-Census.xls,01ST
B0301ST,02,029,District - Una (07),Rural,15-59,Population_Persons,5205,DDW-0200B-01ST-Census.xls,01ST
B0301ST,02,029,District - Una (07),Urban,Total,Population_Persons,149,DDW-0200B-01ST-Census.xls,01ST
B0301ST,02,029,District - Una (07),Urban,5-14,Population_Persons,25,DDW-0200B-01ST-Census.xls,01ST
B0301ST,02,029,District - Una (07),Urban,15-34,Population_Persons,60,DDW-0200B-01ST-Census.xls,01ST
B0301ST,02,029,District - Una (07),Urban,35-59,Population_Persons,44,DDW-0200B-01ST-Census.xls,01ST
B0301ST,02,029,District - Una (07),Urban,60+,Population_Persons,9,DDW-0200B-01ST-Census.xls,01ST
B0301ST,02,029,District - Una (07),Urban,Age not stated,Population_Persons,0,DDW-0200B-01ST-Census.xls,01ST
B0301ST,02,029,District - Una (07),Urban,15-59,Population_Persons,104,DDW-0200B-01ST-Census.xls,01ST
B0301ST,02,030,District - Bilaspur (08),Total,Total,Population_Persons,10693,DDW-0200B-01ST-Census.xls,01ST
B0301ST,02,030,District - Bilaspur (08),Total,5-14,Population_Persons,1867,DDW-0200B-01ST-Census.xls,01ST
B0301ST,02,030,District - Bilaspur (08),Total,15-34,Population_Persons,3856,DDW-0200B-01ST-Census.xls,01ST
B0301ST,02,030,District - Bilaspur (08),Total,35-59,Population_Persons,2836,DDW-0200B-01ST-Census.xls,01ST
B0301ST,02,030,District - Bilaspur (08),Total,60+,Population_Persons,1216,DDW-0200B-01ST-Census.xls,01ST
B0301ST,02,030,District - Bilaspur (08),Total,Age not stated,Population_Persons,6,DDW-0200B-01ST-Census.xls,01ST
B0301ST,02,030,District - Bilaspur (08),Total,15-59,Population_Persons,6692,DDW-0200B-01ST-Census.xls,01ST
B0301ST,02,030,District - Bilaspur (08),Rural,Total,Population_Persons,10334,DDW-0200B-01ST-Census.xls,01ST
B0301ST,02,030,District - Bilaspur (08),Rural,5-14,Population_Persons,1789,DDW-0200B-01ST-Census.xls,01ST
B0301ST,02,030,District - Bilaspur (08),Rural,15-34,Population_Persons,3742,DDW-0200B-01ST-Census.xls,01ST
B0301ST,02,030,District - Bilaspur (08),Rural,35-59,Population_Persons,2718,DDW-0200B-01ST-Census.xls,01ST
B0301ST,02,030,District - Bilaspur (08),Rural,60+,Population_Persons,1190,DDW-0200B-01ST-Census.xls,01ST
B0301ST,02,030,District - Bilaspur (08),Rural,Age not stated,Population_Persons,5,DDW-0200B-01ST-Census.xls,01ST
B0301ST,02,030,District - Bilaspur (08),Rural,15-59,Population_Persons,6460,DDW-0200B-01ST-Census.xls,01ST
B0301ST,02,030,District - Bilaspur (08),Urban,Total,Population_Persons,359,DDW-0200B-01ST-Census.xls,01ST
B0301ST,02,030,District - Bilaspur (08),Urban,5-14,Population_Persons,78,DDW-0200B-01ST-Census.xls,01ST
B0301ST,02,030,District - Bilaspur (08),Urban,15-34,Population_Persons,114,DDW-0200B-01ST-Census.xls,01ST
B0301ST,02,030,District - Bilaspur (08),Urban,35-59,Population_Persons,118,DDW-0200B-01ST-Census.xls,01ST
B0301ST,02,030,District - Bilaspur (08),Urban,60+,Population_Persons,26,DDW-0200B-01ST-Census.xls,01ST
B0301ST,02,030,District - Bilaspur (08),Urban,Age not stated,Population_Persons,1,DDW-0200B-01ST-Census.xls,01ST
B0301ST,02,030,District - Bilaspur (08),Urban,15-59,Population_Persons,232,DDW-0200B-01ST-Census.xls,01ST
B0301ST,02,031,District - Solan (09),Total,Total,Population_Persons,25645,DDW-0200B-01ST-Census.xls,01ST
B0301ST,02,031,District - Solan (09),Total,5-14,Population_Persons,4954,DDW-0200B-01ST-Census.xls,01ST
B0301ST,02,031,District - Solan (09),Total,15-34,Population_Persons,9222,DDW-0200B-01ST-Census.xls,01ST
B0301ST,02,031,District - Solan (09),Total,35-59,Population_Persons,6584,DDW-0200B-01ST-Census.xls,01ST
B0301ST,02,031,District - Solan (09),Total,60+,Population_Persons,2354,DDW-0200B-01ST-Census.xls,01ST
B0301ST,02,031,District - Solan (09),Total,Age not stated,Population_Persons,49,DDW-0200B-01ST-Census.xls,01ST
B0301ST,02,031,District - Solan (09),Total,15-59,Population_Persons,15806,DDW-0200B-01ST-Census.xls,01ST
B0301ST,02,031,District - Solan (09),Rural,Total,Population_Persons,24075,DDW-0200B-01ST-Census.xls,01ST
B0301ST,02,031,District - Solan (09),Rural,5-14,Population_Persons,4642,DDW-0200B-01ST-Census.xls,01ST
B0301ST,02,031,District - Solan (09),Rural,15-34,Population_Persons,8522,DDW-0200B-01ST-Census.xls,01ST
B0301ST,02,031,District - Solan (09),Rural,35-59,Population_Persons,6220,DDW-0200B-01ST-Census.xls,01ST
B0301ST,02,031,District - Solan (09),Rural,60+,Population_Persons,2281,DDW-0200B-01ST-Census.xls,01ST
B0301ST,02,031,District - Solan (09),Rural,Age not stated,Population_Persons,45,DDW-0200B-01ST-Census.xls,01ST
B0301ST,02,031,District - Solan (09),Rural,15-59,Population_Persons,14742,DDW-0200B-01ST-Census.xls,01ST
B0301ST,02,031,District - Solan (09),Urban,Total,Population_Persons,1570,DDW-0200B-01ST-Census.xls,01ST
B0301ST,02,031,District - Solan (09),Urban,5-14,Population_Persons,312,DDW-0200B-01ST-Census.xls,01ST
B0301ST,02,031,District - Solan (09),Urban,15-34,Population_Persons,700,DDW-0200B-01ST-Census.xls,01ST
B0301ST,02,031,District - Solan (09),Urban,35-59,Population_Persons,364,DDW-0200B-01ST-Census.xls,01ST
B0301ST,02,031,District - Solan (09),Urban,60+,Population_Persons,73,DDW-0200B-01ST-Census.xls,01ST
B0301ST,02,031,District - Solan (09),Urban,Age not stated,Population_Persons,4,DDW-0200B-01ST-Census.xls,01ST
B0301ST,02,031,District - Solan (09),Urban,15-59,Population_Persons,1064,DDW-0200B-01ST-Census.xls,01ST
B0301ST,02,032,District - Sirmaur (10),Total,Total,Population_Persons,11262,DDW-0200B-01ST-Census.xls,01ST
B0301ST,02,032,District - Sirmaur (10),Total,5-14,Population_Persons,2629,DDW-0200B-01ST-Census.xls,01ST
B0301ST,02,032,District - Sirmaur (10),Total,15-34,Population_Persons,3921,DDW-0200B-01ST-Census.xls,01ST
B0301ST,02,032,District - Sirmaur (10),Total,35-59,Population_Persons,2470,DDW-0200B-01ST-Census.xls,01ST
B0301ST,02,032,District - Sirmaur (10),Total,60+,Population_Persons,863,DDW-0200B-01ST-Census.xls,01ST
B0301ST,02,032,District - Sirmaur (10),Total,Age not stated,Population_Persons,9,DDW-0200B-01ST-Census.xls,01ST
B0301ST,02,032,District - Sirmaur (10),Total,15-59,Population_Persons,6391,DDW-0200B-01ST-Census.xls,01ST
B0301ST,02,032,District - Sirmaur (10),Rural,Total,Population_Persons,10915,DDW-0200B-01ST-Census.xls,01ST
B0301ST,02,032,District - Sirmaur (10),Rural,5-14,Population_Persons,2563,DDW-0200B-01ST-Census.xls,01ST
B0301ST,02,032,District - Sirmaur (10),Rural,15-34,Population_Persons,3773,DDW-0200B-01ST-Census.xls,01ST
B0301ST,02,032,District - Sirmaur (10),Rural,35-59,Population_Persons,2378,DDW-0200B-01ST-Census.xls,01ST
B0301ST,02,032,District - Sirmaur (10),Rural,60+,Population_Persons,849,DDW-0200B-01ST-Census.xls,01ST
B0301ST,02,032,District - Sirmaur (10),Rural,Age not stated,Population_Persons,9,DDW-0200B-01ST-Census.xls,01ST
B0301ST,02,032,District - Sirmaur (10),Rural,15-59,Population_Persons,6151,DDW-0200B-01ST-Census.xls,01ST
B0301ST,02,032,District - Sirmaur (10),Urban,Total,Population_Persons,347,DDW-0200B-01ST-Census.xls,01ST
B0301ST,02,032,District - Sirmaur (10),Urban,5-14,Population_Persons,66,DDW-0200B-01ST-Census.xls,01ST
B0301ST,02,032,District - Sirmaur (10),Urban,15-34,Population_Persons,148,DDW-0200B-01ST-Census.xls,01ST
B0301ST,02,032,District - Sirmaur (10),Urban,35-59,Population_Persons,92,DDW-0200B-01ST-Census.xls,01ST
B0301ST,02,032,District - Sirmaur (10),Urban,60+,Population_Persons,14,DDW-0200B-01ST-Census.xls,01ST
B0301ST,02,032,District - Sirmaur (10),Urban,Age not stated,Population_Persons,0,DDW-0200B-01ST-Census.xls,01ST
B0301ST,02,032,District - Sirmaur (10),Urban,15-59,Population_Persons,240,DDW-0200B-01ST-Census.xls,01ST
B0301ST,02,033,District - Shimla (11),Total,Total,Population_Persons,8755,DDW-0200B-01ST-Census.xls,01ST
B0301ST,02,033,District - Shimla (11),Total,5-14,Population_Persons,1884,DDW-0200B-01ST-Census.xls,01ST
B0301ST,02,033,District - Shimla (11),Total,15-34,Population_Persons,3642,DDW-0200B-01ST-Census.xls,01ST
B0301ST,02,033,District - Shimla (11),Total,35-59,Population_Persons,2104,DDW-0200B-01ST-Census.xls,01ST
B0301ST,02,033,District - Shimla (11),Total,60+,Population_Persons,424,DDW-0200B-01ST-Census.xls,01ST
B0301ST,02,033,District - Shimla (11),Total,Age not stated,Population_Persons,3,DDW-0200B-01ST-Census.xls,01ST
B0301ST,02,033,District - Shimla (11),Total,15-59,Population_Persons,5746,DDW-0200B-01ST-Census.xls,01ST
B0301ST,02,033,District - Shimla (11),Rural,Total,Population_Persons,5399,DDW-0200B-01ST-Census.xls,01ST
B0301ST,02,033,District - Shimla (11),Rural,5-14,Population_Persons,1359,DDW-0200B-01ST-Census.xls,01ST
B0301ST,02,033,District - Shimla (11),Rural,15-34,Population_Persons,1962,DDW-0200B-01ST-Census.xls,01ST
B0301ST,02,033,District - Shimla (11),Rural,35-59,Population_Persons,1181,DDW-0200B-01ST-Census.xls,01ST
B0301ST,02,033,District - Shimla (11),Rural,60+,Population_Persons,314,DDW-0200B-01ST-Census.xls,01ST
B0301ST,02,033,District - Shimla (11),Rural,Age not stated,Population_Persons,1,DDW-0200B-01ST-Census.xls,01ST
B0301ST,02,033,District - Shimla (11),Rural,15-59,Population_Persons,3143,DDW-0200B-01ST-Census.xls,01ST
B0301ST,02,033,District - Shimla (11),Urban,Total,Population_Persons,3356,DDW-0200B-01ST-Census.xls,01ST
B0301ST,02,033,District - Shimla (11),Urban,5-14,Population_Persons,525,DDW-0200B-01ST-Census.xls,01ST
B0301ST,02,033,District - Shimla (11),Urban,15-34,Population_Persons,1680,DDW-0200B-01ST-Census.xls,01ST
B0301ST,02,033,District - Shimla (11),Urban,35-59,Population_Persons,923,DDW-0200B-01ST-Census.xls,01ST
B0301ST,02,033,District - Shimla (11),Urban,60+,Population_Persons,110,DDW-0200B-01ST-Census.xls,01ST
B0301ST,02,033,District - Shimla (11),Urban,Age not stated,Population_Persons,2,DDW-0200B-01ST-Census.xls,01ST
B0301ST,02,033,District - Shimla (11),Urban,15-59,Population_Persons,2603,DDW-0200B-01ST-Census.xls,01ST
B0301ST,02,034,District - Kinnaur (12),Total,Total,Population_Persons,48746,DDW-0200B-01ST-Census.xls,01ST
B0301ST,02,034,District - Kinnaur (12),Total,5-14,Population_Persons,7547,DDW-0200B-01ST-Census.xls,01ST
B0301ST,02,034,District - Kinnaur (12),Total,15-34,Population_Persons,15810,DDW-0200B-01ST-Census.xls,01ST
B0301ST,02,034,District - Kinnaur (12),Total,35-59,Population_Persons,15620,DDW-0200B-01ST-Census.xls,01ST
B0301ST,02,034,District - Kinnaur (12),Total,60+,Population_Persons,6490,DDW-0200B-01ST-Census.xls,01ST
B0301ST,02,034,District - Kinnaur (12),Total,Age not stated,Population_Persons,60,DDW-0200B-01ST-Census.xls,01ST
B0301ST,02,034,District - Kinnaur (12),Total,15-59,Population_Persons,31430,DDW-0200B-01ST-Census.xls,01ST
B0301ST,02,034,District - Kinnaur (12),Rural,Total,Population_Persons,48746,DDW-0200B-01ST-Census.xls,01ST
B0301ST,02,034,District - Kinnaur (12),Rural,5-14,Population_Persons,7547,DDW-0200B-01ST-Census.xls,01ST
B0301ST,02,034,District - Kinnaur (12),Rural,15-34,Population_Persons,15810,DDW-0200B-01ST-Census.xls,01ST
B0301ST,02,034,District - Kinnaur (12),Rural,35-59,Population_Persons,15620,DDW-0200B-01ST-Census.xls,01ST
B0301ST,02,034,District - Kinnaur (12),Rural,60+,Population_Persons,6490,DDW-0200B-01ST-Census.xls,01ST
B0301ST,02,034,District - Kinnaur (12),Rural,Age not stated,Population_Persons,60,DDW-0200B-01ST-Census.xls,01ST
B0301ST,02,034,District - Kinnaur (12),Rural,15-59,Population_Persons,31430,DDW-0200B-01ST-Census.xls,01ST
B0301ST,02,034,District - Kinnaur (12),Urban,Total,Population_Persons,0,DDW-0200B-01ST-Census.xls,01ST
B0301ST,02,034,District - Kinnaur (12),Urban,5-14,Population_Persons,0,DDW-0200B-01ST-Census.xls,01ST
B0301ST,02,034,District - Kinnaur (12),Urban,15-34,Population_Persons,0,DDW-0200B-01ST-Census.xls,01ST
B0301ST,02,034,District - Kinnaur (12),Urban,35-59,Population_Persons,0,DDW-0200B-01ST-Census.xls,01ST
B0301ST,02,034,District - Kinnaur (12),Urban,60+,Population_Persons,0,DDW-0200B-01ST-Census.xls,01ST
B0301ST,02,034,District - Kinnaur (12),Urban,Age not stated,Population_Persons,0,DDW-0200B-01ST-Census.xls,01ST
B0301ST,02,034,District - Kinnaur (12),Urban,15-59,Population_Persons,0,DDW-0200B-01ST-Census.xls,01ST
B0301ST,02,000,State - HIMACHAL PRADESH (02),Total,Total,Population_Males,196118,DDW-0200B-01ST-Census.xls,01ST
B0301ST,02,000,State - HIMACHAL PRADESH (02),Total,5-14,Population_Males,39197,DDW-0200B-01ST-Census.xls,01ST
B0301ST,02,000,State - HIMACHAL PRADESH (02),Total,15-34,Population_Males,68909,DDW-0200B-01ST-Census.xls,01ST
B0301ST,02,000,State - HIMACHAL PRADESH (02),Total,35-59,Population_Males,51856,DDW-0200B-01ST-Census.xls,01ST
B0301ST,02,000,State - HIMACHAL PRADESH (02),Total,60+,Population_Males,18378,DDW-0200B-01ST-Census.xls,01ST
B0301ST,02,000,State - HIMACHAL PRADESH (02),Total,Age not stated,Population_Males,378,DDW-0200B-01ST-Census.xls,01ST
B0301ST,02,000,State - HIMACHAL PRADESH (02),Total,15-59,Population_Males,120765,DDW-0200B-01ST-Census.xls,01ST
B0301ST,02,000,State - HIMACHAL PRADESH (02),Rural,Total,Population_Males,186896,DDW-0200B-01ST-Census.xls,01ST
B0301ST,02,000,State - HIMACHAL PRADESH (02),Rural,5-14,Population_Males,37548,DDW-0200B-01ST-Census.xls,01ST
B0301ST,02,000,State - HIMACHAL PRADESH (02),Rural,15-34,Population_Males,65301,DDW-0200B-01ST-Census.xls,01ST
B0301ST,02,000,State - HIMACHAL PRADESH (02),Rural,35-59,Population_Males,49075,DDW-0200B-01ST-Census.xls,01ST
B0301ST,02,000,State - HIMACHAL PRADESH (02),Rural,60+,Population_Males,17755,DDW-0200B-01ST-Census.xls,01ST
B0301ST,02,000,State - HIMACHAL PRADESH (02),Rural,Age not stated,Population_Males,365,DDW-0200B-01ST-Census.xls,01ST
B0301ST,02,000,State - HIMACHAL PRADESH (02),Rural,15-59,Population_Males,114376,DDW-0200B-01ST-Census.xls,01ST
B0301ST,02,000,State - HIMACHAL PRADESH (02),Urban,Total,Population_Males,9222,DDW-0200B-01ST-Census.xls,01ST
B0301ST,02,000,State - HIMACHAL PRADESH (02),Urban,5-14,Population_Males,1649,DDW-0200B-01ST-Census.xls,01ST
B0301ST,02,000,State - HIMACHAL PRADESH (02),Urban,15-34,Population_Males,3608,DDW-0200B-01ST-Census.xls,01ST
B0301ST,02,000,State - HIMACHAL PRADESH (02),Urban,35-59,Population_Males,2781,DDW-0200B-01ST-Census.xls,01ST
B0301ST,02,000,State - HIMACHAL PRADESH (02),Urban,60+,Population_Males,623,DDW-0200B-01ST-Census.xls,01ST
B0301ST,02,000,State - HIMACHAL PRADESH (02),Urban,Age not stated,Population_Males,13,DDW-0200B-01ST-Census.xls,01ST
B0301ST,02,000,State - HIMACHAL PRADESH (02),Urban,15-59,Population_Males,6389,DDW-0200B-01ST-Census.xls,01ST
B0301ST,02,023,District - Chamba (01),Total,Total,Population_Males,67900,DDW-0200B-01ST-Census.xls,01ST
B0301ST,02,023,District - Chamba (01),Total,5-14,Population_Males,15087,DDW-0200B-01ST-Census.xls,01ST
B0301ST,02,023,District - Chamba (01),Total,15-34,Population_Males,24238,DDW-0200B-01ST-Census.xls,01ST
B0301ST,02,023,District - Chamba (01),Total,35-59,Population_Males,16647,DDW-0200B-01ST-Census.xls,01ST
B0301ST,02,023,District - Chamba (01),Total,60+,Population_Males,5392,DDW-0200B-01ST-Census.xls,01ST
B0301ST,02,023,District - Chamba (01),Total,Age not stated,Population_Males,65,DDW-0200B-01ST-Census.xls,01ST
B0301ST,02,023,District - Chamba (01),Total,15-59,Population_Males,40885,DDW-0200B-01ST-Census.xls,01ST
B0301ST,02,023,District - Chamba (01),Rural,Total,Population_Males,66589,DDW-0200B-01ST-Census.xls,01ST
B0301ST,02,023,District - Chamba (01),Rural,5-14,Population_Males,14829,DDW-0200B-01ST-Census.xls,01ST
B0301ST,02,023,District - Chamba (01),Rural,15-34,Population_Males,23769,DDW-0200B-01ST-Census.xls,01ST
B0301ST,02,023,District - Chamba (01),Rural,35-59,Population_Males,16231,DDW-0200B-01ST-Census.xls,01ST
B0301ST,02,023,District - Chamba (01),Rural,60+,Population_Males,5309,DDW-0200B-01ST-Census.xls,01ST
B0301ST,02,023,District - Chamba (01),Rural,Age not stated,Population_Males,65,DDW-0200B-01ST-Census.xls,01ST
B0301ST,02,023,District - Chamba (01),Rural,15-59,Population_Males,40000,DDW-0200B-01ST-Census.xls,01ST
B0301ST,02,023,District - Chamba (01),Urban,Total,Population_Males,1311,DDW-0200B-01ST-Census.xls,01ST
B0301ST,02,023,District - Chamba (01),Urban,5-14,Population_Males,258,DDW-0200B-01ST-Census.xls,01ST
B0301ST,02,023,District - Chamba (01),Urban,15-34,Population_Males,469,DDW-0200B-01ST-Census.xls,01ST
B0301ST,02,023,District - Chamba (01),Urban,35-59,Population_Males,416,DDW-0200B-01ST-Census.xls,01ST
B0301ST,02,023,District - Chamba (01),Urban,60+,Population_Males,83,DDW-0200B-01ST-Census.xls,01ST
B0301ST,02,023,District - Chamba (01),Urban,Age not stated,Population_Males,0,DDW-0200B-01ST-Census.xls,01ST
B0301ST,02,023,District - Chamba (01),Urban,15-59,Population_Males,885,DDW-0200B-01ST-Census.xls,01ST
B0301ST,02,024,District - Kangra (02),Total,Total,Population_Males,41745,DDW-0200B-01ST-Census.xls,01ST
B0301ST,02,024,District - Kangra (02),Total,5-14,Population_Males,8170,DDW-0200B-01ST-Census.xls,01ST
B0301ST,02,024,District - Kangra (02),Total,15-34,Population_Males,14708,DDW-0200B-01ST-Census.xls,01ST
B0301ST,02,024,District - Kangra (02),Total,35-59,Population_Males,10804,DDW-0200B-01ST-Census.xls,01ST
B0301ST,02,024,District - Kangra (02),Total,60+,Population_Males,4114,DDW-0200B-01ST-Census.xls,01ST
B0301ST,02,024,District - Kangra (02),Total,Age not stated,Population_Males,114,DDW-0200B-01ST-Census.xls,01ST
B0301ST,02,024,District - Kangra (02),Total,15-59,Population_Males,25512,DDW-0200B-01ST-Census.xls,01ST
B0301ST,02,024,District - Kangra (02),Rural,Total,Population_Males,39498,DDW-0200B-01ST-Census.xls,01ST
B0301ST,02,024,District - Kangra (02),Rural,5-14,Population_Males,7807,DDW-0200B-01ST-Census.xls,01ST
B0301ST,02,024,District - Kangra (02),Rural,15-34,Population_Males,13806,DDW-0200B-01ST-Census.xls,01ST
B0301ST,02,024,District - Kangra (02),Rural,35-59,Population_Males,10159,DDW-0200B-01ST-Census.xls,01ST
B0301ST,02,024,District - Kangra (02),Rural,60+,Population_Males,3956,DDW-0200B-01ST-Census.xls,01ST
B0301ST,02,024,District - Kangra (02),Rural,Age not stated,Population_Males,110,DDW-0200B-01ST-Census.xls,01ST
B0301ST,02,024,District - Kangra (02),Rural,15-59,Population_Males,23965,DDW-0200B-01ST-Census.xls,01ST
B0301ST,02,024,District - Kangra (02),Urban,Total,Population_Males,2247,DDW-0200B-01ST-Census.xls,01ST
B0301ST,02,024,District - Kangra (02),Urban,5-14,Population_Males,363,DDW-0200B-01ST-Census.xls,01ST
B0301ST,02,024,District - Kangra (02),Urban,15-34,Population_Males,902,DDW-0200B-01ST-Census.xls,01ST
B0301ST,02,024,District - Kangra (02),Urban,35-59,Population_Males,645,DDW-0200B-01ST-Census.xls,01ST
B0301ST,02,024,District - Kangra (02),Urban,60+,Population_Males,158,DDW-0200B-01ST-Census.xls,01ST
B0301ST,02,024,District - Kangra (02),Urban,Age not stated,Population_Males,4,DDW-0200B-01ST-Census.xls,01ST
B0301ST,02,024,District - Kangra (02),Urban,15-59,Population_Males,1547,DDW-0200B-01ST-Census.xls,01ST
B0301ST,02,025,District - Lahul & Spiti (03),Total,Total,Population_Males,12748,DDW-0200B-01ST-Census.xls,01ST
B0301ST,02,025,District - Lahul & Spiti (03),Total,5-14,Population_Males,2196,DDW-0200B-01ST-Census.xls,01ST
B0301ST,02,025,District - Lahul & Spiti (03),Total,15-34,Population_Males,4338,DDW-0200B-01ST-Census.xls,01ST
B0301ST,02,025,District - Lahul & Spiti (03),Total,35-59,Population_Males,3838,DDW-0200B-01ST-Census.xls,01ST
B0301ST,02,025,District - Lahul & Spiti (03),Total,60+,Population_Males,1394,DDW-0200B-01ST-Census.xls,01ST
B0301ST,02,025,District - Lahul & Spiti (03),Total,Age not stated,Population_Males,98,DDW-0200B-01ST-Census.xls,01ST
B0301ST,02,025,District - Lahul & Spiti (03),Total,15-59,Population_Males,8176,DDW-0200B-01ST-Census.xls,01ST
B0301ST,02,025,District - Lahul & Spiti (03),Rural,Total,Population_Males,12748,DDW-0200B-01ST-Census.xls,01ST
B0301ST,02,025,District - Lahul & Spiti (03),Rural,5-14,Population_Males,2196,DDW-0200B-01ST-Census.xls,01ST
B0301ST,02,025,District - Lahul & Spiti (03),Rural,15-34,Population_Males,4338,DDW-0200B-01ST-Census.xls,01ST
B0301ST,02,025,District - Lahul & Spiti (03),Rural,35-59,Population_Males,3838,DDW-0200B-01ST-Census.xls,01ST
B0301ST,02,025,District - Lahul & Spiti (03),Rural,60+,Population_Males,1394,DDW-0200B-01ST-Census.xls,01ST
B0301ST,02,025,District - Lahul & Spiti (03),Rural,Age not stated,Population_Males,98,DDW-0200B-01ST-Census.xls,01ST
B0301ST,02,025,District - Lahul & Spiti (03),Rural,15-59,Population_Males,8176,DDW-0200B-01ST-Census.xls,01ST
B0301ST,02,025,District - Lahul & Spiti (03),Urban,Total,Population_Males,0,DDW-0200B-01ST-Census.xls,01ST
B0301ST,02,025,District - Lahul & Spiti (03),Urban,5-14,Population_Males,0,DDW-0200B-01ST-Census.xls,01ST
B0301ST,02,025,District - Lahul & Spiti (03),Urban,15-34,Population_Males,0,DDW-0200B-01ST-Census.xls,01ST
B0301ST,02,025,District - Lahul & Spiti (03),Urban,35-59,Population_Males,0,DDW-0200B-01ST-Census.xls,01ST
B0301ST,02,025,District - Lahul & Spiti (03),Urban,60+,Population_Males,0,DDW-0200B-01ST-Census.xls,01ST
B0301ST,02,025,District - Lahul & Spiti (03),Urban,Age not stated,Population_Males,0,DDW-0200B-01ST-Census.xls,01ST
B0301ST,02,025,District - Lahul & Spiti (03),Urban,15-59,Population_Males,0,DDW-0200B-01ST-Census.xls,01ST
B0301ST,02,026,District - Kullu (04),Total,Total,Population_Males,8493,DDW-0200B-01ST-Census.xls,01ST
B0301ST,02,026,District - Kullu (04),Total,5-14,Population_Males,1438,DDW-0200B-01ST-Census.xls,01ST
B0301ST,02,026,District - Kullu (04),Total,15-34,Population_Males,2960,DDW-0200B-01ST-Census.xls,01ST
B0301ST,02,026,District - Kullu (04),Total,35-59,Population_Males,2518,DDW-0200B-01ST-Census.xls,01ST
B0301ST,02,026,District - Kullu (04),Total,60+,Population_Males,1059,DDW-0200B-01ST-Census.xls,01ST
B0301ST,02,026,District - Kullu (04),Total,Age not stated,Population_Males,11,DDW-0200B-01ST-Census.xls,01ST
B0301ST,02,026,District - Kullu (04),Total,15-59,Population_Males,5478,DDW-0200B-01ST-Census.xls,01ST
B0301ST,02,026,District - Kullu (04),Rural,Total,Population_Males,6320,DDW-0200B-01ST-Census.xls,01ST
B0301ST,02,026,District - Kullu (04),Rural,5-14,Population_Males,1082,DDW-0200B-01ST-Census.xls,01ST
B0301ST,02,026,District - Kullu (04),Rural,15-34,Population_Males,2233,DDW-0200B-01ST-Census.xls,01ST
B0301ST,02,026,District - Kullu (04),Rural,35-59,Population_Males,1788,DDW-0200B-01ST-Census.xls,01ST
B0301ST,02,026,District - Kullu (04),Rural,60+,Population_Males,798,DDW-0200B-01ST-Census.xls,01ST
B0301ST,02,026,District - Kullu (04),Rural,Age not stated,Population_Males,9,DDW-0200B-01ST-Census.xls,01ST
B0301ST,02,026,District - Kullu (04),Rural,15-59,Population_Males,4021,DDW-0200B-01ST-Census.xls,01ST
B0301ST,02,026,District - Kullu (04),Urban,Total,Population_Males,2173,DDW-0200B-01ST-Census.xls,01ST
B0301ST,02,026,District - Kullu (04),Urban,5-14,Population_Males,356,DDW-0200B-01ST-Census.xls,01ST
B0301ST,02,026,District - Kullu (04),Urban,15-34,Population_Males,727,DDW-0200B-01ST-Census.xls,01ST
B0301ST,02,026,District - Kullu (04),Urban,35-59,Population_Males,730,DDW-0200B-01ST-Census.xls,01ST
B0301ST,02,026,District - Kullu (04),Urban,60+,Population_Males,261,DDW-0200B-01ST-Census.xls,01ST
B0301ST,02,026,District - Kullu (04),Urban,Age not stated,Population_Males,2,DDW-0200B-01ST-Census.xls,01ST
B0301ST,02,026,District - Kullu (04),Urban,15-59,Population_Males,1457,DDW-0200B-01ST-Census.xls,01ST
B0301ST,02,027,District - Mandi (05),Total,Total,Population_Males,6345,DDW-0200B-01ST-Census.xls,01ST
B0301ST,02,027,District - Mandi (05),Total,5-14,Population_Males,1319,DDW-0200B-01ST-Census.xls,01ST
B0301ST,02,027,District - Mandi (05),Total,15-34,Population_Males,2184,DDW-0200B-01ST-Census.xls,01ST
B0301ST,02,027,District - Mandi (05),Total,35-59,Population_Males,1597,DDW-0200B-01ST-Census.xls,01ST
B0301ST,02,027,District - Mandi (05),Total,60+,Population_Males,553,DDW-0200B-01ST-Census.xls,01ST
B0301ST,02,027,District - Mandi (05),Total,Age not stated,Population_Males,20,DDW-0200B-01ST-Census.xls,01ST
B0301ST,02,027,District - Mandi (05),Total,15-59,Population_Males,3781,DDW-0200B-01ST-Census.xls,01ST
B0301ST,02,027,District - Mandi (05),Rural,Total,Population_Males,6114,DDW-0200B-01ST-Census.xls,01ST
B0301ST,02,027,District - Mandi (05),Rural,5-14,Population_Males,1278,DDW-0200B-01ST-Census.xls,01ST
B0301ST,02,027,District - Mandi (05),Rural,15-34,Population_Males,2099,DDW-0200B-01ST-Census.xls,01ST
B0301ST,02,027,District - Mandi (05),Rural,35-59,Population_Males,1511,DDW-0200B-01ST-Census.xls,01ST
B0301ST,02,027,District - Mandi (05),Rural,60+,Population_Males,545,DDW-0200B-01ST-Census.xls,01ST
B0301ST,02,027,District - Mandi (05),Rural,Age not stated,Population_Males,20,DDW-0200B-01ST-Census.xls,01ST
B0301ST,02,027,District - Mandi (05),Rural,15-59,Population_Males,3610,DDW-0200B-01ST-Census.xls,01ST
B0301ST,02,027,District - Mandi (05),Urban,Total,Population_Males,231,DDW-0200B-01ST-Census.xls,01ST
B0301ST,02,027,District - Mandi (05),Urban,5-14,Population_Males,41,DDW-0200B-01ST-Census.xls,01ST
B0301ST,02,027,District - Mandi (05),Urban,15-34,Population_Males,85,DDW-0200B-01ST-Census.xls,01ST
B0301ST,02,027,District - Mandi (05),Urban,35-59,Population_Males,86,DDW-0200B-01ST-Census.xls,01ST
B0301ST,02,027,District - Mandi (05),Urban,60+,Population_Males,8,DDW-0200B-01ST-Census.xls,01ST
B0301ST,02,027,District - Mandi (05),Urban,Age not stated,Population_Males,0,DDW-0200B-01ST-Census.xls,01ST
B0301ST,02,027,District - Mandi (05),Urban,15-59,Population_Males,171,DDW-0200B-01ST-Census.xls,01ST
B0301ST,02,028,District - Hamirpur (06),Total,Total,Population_Males,1531,DDW-0200B-01ST-Census.xls,01ST
B0301ST,02,028,District - Hamirpur (06),Total,5-14,Population_Males,328,DDW-0200B-01ST-Census.xls,01ST
B0301ST,02,028,District - Hamirpur (06),Total,15-34,Population_Males,552,DDW-0200B-01ST-Census.xls,01ST
B0301ST,02,028,District - Hamirpur (06),Total,35-59,Population_Males,391,DDW-0200B-01ST-Census.xls,01ST
B0301ST,02,028,District - Hamirpur (06),Total,60+,Population_Males,122,DDW-0200B-01ST-Census.xls,01ST
B0301ST,02,028,District - Hamirpur (06),Total,Age not stated,Population_Males,3,DDW-0200B-01ST-Census.xls,01ST
B0301ST,02,028,District - Hamirpur (06),Total,15-59,Population_Males,943,DDW-0200B-01ST-Census.xls,01ST
B0301ST,02,028,District - Hamirpur (06),Rural,Total,Population_Males,1396,DDW-0200B-01ST-Census.xls,01ST
B0301ST,02,028,District - Hamirpur (06),Rural,5-14,Population_Males,280,DDW-0200B-01ST-Census.xls,01ST
B0301ST,02,028,District - Hamirpur (06),Rural,15-34,Population_Males,505,DDW-0200B-01ST-Census.xls,01ST
B0301ST,02,028,District - Hamirpur (06),Rural,35-59,Population_Males,365,DDW-0200B-01ST-Census.xls,01ST
B0301ST,02,028,District - Hamirpur (06),Rural,60+,Population_Males,118,DDW-0200B-01ST-Census.xls,01ST
B0301ST,02,028,District - Hamirpur (06),Rural,Age not stated,Population_Males,2,DDW-0200B-01ST-Census.xls,01ST
B0301ST,02,028,District - Hamirpur (06),Rural,15-59,Population_Males,870,DDW-0200B-01ST-Census.xls,01ST
B0301ST,02,028,District - Hamirpur (06),Urban,Total,Population_Males,135,DDW-0200B-01ST-Census.xls,01ST
B0301ST,02,028,District - Hamirpur (06),Urban,5-14,Population_Males,48,DDW-0200B-01ST-Census.xls,01ST
B0301ST,02,028,District - Hamirpur (06),Urban,15-34,Population_Males,47,DDW-0200B-01ST-Census.xls,01ST
B0301ST,02,028,District - Hamirpur (06),Urban,35-59,Population_Males,26,DDW-0200B-01ST-Census.xls,01ST
B0301ST,02,028,District - Hamirpur (06),Urban,60+,Population_Males,4,DDW-0200B-01ST-Census.xls,01ST
B0301ST,02,028,District - Hamirpur (06),Urban,Age not stated,Population_Males,1,DDW-0200B-01ST-Census.xls,01ST
B0301ST,02,028,District - Hamirpur (06),Urban,15-59,Population_Males,73,DDW-0200B-01ST-Census.xls,01ST
B0301ST,02,029,District - Una (07),Total,Total,Population_Males,4445,DDW-0200B-01ST-Census.xls,01ST
B0301ST,02,029,District - Una (07),Total,5-14,Population_Males,916,DDW-0200B-01ST-Census.xls,01ST
B0301ST,02,029,District - Una (07),Total,15-34,Population_Males,1574,DDW-0200B-01ST-Census.xls,01ST
B0301ST,02,029,District - Una (07),Total,35-59,Population_Males,1132,DDW-0200B-01ST-Census.xls,01ST
B0301ST,02,029,District - Una (07),Total,60+,Population_Males,415,DDW-0200B-01ST-Census.xls,01ST
B0301ST,02,029,District - Una (07),Total,Age not stated,Population_Males,3,DDW-0200B-01ST-Census.xls,01ST
B0301ST,02,029,District - Una (07),Total,15-59,Population_Males,2706,DDW-0200B-01ST-Census.xls,01ST
B0301ST,02,029,District - Una (07),Rural,Total,Population_Males,4366,DDW-0200B-01ST-Census.xls,01ST
B0301ST,02,029,District - Una (07),Rural,5-14,Population_Males,902,DDW-0200B-01ST-Census.xls,01ST
B0301ST,02,029,District - Una (07),Rural,15-34,Population_Males,1538,DDW-0200B-01ST-Census.xls,01ST
B0301ST,02,029,District - Una (07),Rural,35-59,Population_Males,1109,DDW-0200B-01ST-Census.xls,01ST
B0301ST,02,029,District - Una (07),Rural,60+,Population_Males,412,DDW-0200B-01ST-Census.xls,01ST
B0301ST,02,029,District - Una (07),Rural,Age not stated,Population_Males,3,DDW-0200B-01ST-Census.xls,01ST
B0301ST,02,029,District - Una (07),Rural,15-59,Population_Males,2647,DDW-0200B-01ST-Census.xls,01ST
B0301ST,02,029,District - Una (07),Urban,Total,Population_Males,79,DDW-0200B-01ST-Census.xls,01ST
B0301ST,02,029,District - Una (07),Urban,5-14,Population_Males,14,DDW-0200B-01ST-Census.xls,01ST
B0301ST,02,029,District - Una (07),Urban,15-34,Population_Males,36,DDW-0200B-01ST-Census.xls,01ST
B0301ST,02,029,District - Una (07),Urban,35-59,Population_Males,23,DDW-0200B-01ST-Census.xls,01ST
B0301ST,02,029,District - Una (07),Urban,60+,Population_Males,3,DDW-0200B-01ST-Census.xls,01ST
B0301ST,02,029,District - Una (07),Urban,Age not stated,Population_Males,0,DDW-0200B-01ST-Census.xls,01ST
B0301ST,02,029,District - Una (07),Urban,15-59,Population_Males,59,DDW-0200B-01ST-Census.xls,01ST
B0301ST,02,030,District - Bilaspur (08),Total,Total,Population_Males,5485,DDW-0200B-01ST-Census.xls,01ST
B0301ST,02,030,District - Bilaspur (08),Total,5-14,Population_Males,966,DDW-0200B-01ST-Census.xls,01ST
B0301ST,02,030,District - Bilaspur (08),Total,15-34,Population_Males,2039,DDW-0200B-01ST-Census.xls,01ST
B0301ST,02,030,District - Bilaspur (08),Total,35-59,Population_Males,1427,DDW-0200B-01ST-Census.xls,01ST
B0301ST,02,030,District - Bilaspur (08),Total,60+,Population_Males,580,DDW-0200B-01ST-Census.xls,01ST
B0301ST,02,030,District - Bilaspur (08),Total,Age not stated,Population_Males,4,DDW-0200B-01ST-Census.xls,01ST
B0301ST,02,030,District - Bilaspur (08),Total,15-59,Population_Males,3466,DDW-0200B-01ST-Census.xls,01ST
B0301ST,02,030,District - Bilaspur (08),Rural,Total,Population_Males,5290,DDW-0200B-01ST-Census.xls,01ST
B0301ST,02,030,District - Bilaspur (08),Rural,5-14,Population_Males,917,DDW-0200B-01ST-Census.xls,01ST
B0301ST,02,030,District - Bilaspur (08),Rural,15-34,Population_Males,1981,DDW-0200B-01ST-Census.xls,01ST
B0301ST,02,030,District - Bilaspur (08),Rural,35-59,Population_Males,1363,DDW-0200B-01ST-Census.xls,01ST
B0301ST,02,030,District - Bilaspur (08),Rural,60+,Population_Males,570,DDW-0200B-01ST-Census.xls,01ST
B0301ST,02,030,District - Bilaspur (08),Rural,Age not stated,Population_Males,4,DDW-0200B-01ST-Census.xls,01ST
B0301ST,02,030,District - Bilaspur (08),Rural,15-59,Population_Males,3344,DDW-0200B-01ST-Census.xls,01ST
B0301ST,02,030,District - Bilaspur (08),Urban,Total,Population_Males,195,DDW-0200B-01ST-Census.xls,01ST
B0301ST,02,030,District - Bilaspur (08),Urban,5-14,Population_Males,49,DDW-0200B-01ST-Census.xls,01ST
B0301ST,02,030,District - Bilaspur (08),Urban,15-34,Population_Males,58,DDW-0200B-01ST-Census.xls,01ST
B0301ST,02,030,District - Bilaspur (08),Urban,35-59,Population_Males,64,DDW-0200B-01ST-Census.xls,01ST
B0301ST,02,030,District - Bilaspur (08),Urban,60+,Population_Males,10,DDW-0200B-01ST-Census.xls,01ST
B0301ST,02,030,District - Bilaspur (08),Urban,Age not stated,Population_Males,0,DDW-0200B-01ST-Census.xls,01ST
B0301ST,02,030,District - Bilaspur (08),Urban,15-59,Population_Males,122,DDW-0200B-01ST-Census.xls,01ST
B0301ST,02,031,District - Solan (09),Total,Total,Population_Males,13351,DDW-0200B-01ST-Census.xls,01ST
B0301ST,02,031,District - Solan (09),Total,5-14,Population_Males,2639,DDW-0200B-01ST-Census.xls,01ST
B0301ST,02,031,District - Solan (09),Total,15-34,Population_Males,4745,DDW-0200B-01ST-Census.xls,01ST
B0301ST,02,031,District - Solan (09),Total,35-59,Population_Males,3426,DDW-0200B-01ST-Census.xls,01ST
B0301ST,02,031,District - Solan (09),Total,60+,Population_Males,1194,DDW-0200B-01ST-Census.xls,01ST
B0301ST,02,031,District - Solan (09),Total,Age not stated,Population_Males,27,DDW-0200B-01ST-Census.xls,01ST
B0301ST,02,031,District - Solan (09),Total,15-59,Population_Males,8171,DDW-0200B-01ST-Census.xls,01ST
B0301ST,02,031,District - Solan (09),Rural,Total,Population_Males,12469,DDW-0200B-01ST-Census.xls,01ST
B0301ST,02,031,District - Solan (09),Rural,5-14,Population_Males,2469,DDW-0200B-01ST-Census.xls,01ST
B0301ST,02,031,District - Solan (09),Rural,15-34,Population_Males,4340,DDW-0200B-01ST-Census.xls,01ST
B0301ST,02,031,District - Solan (09),Rural,35-59,Population_Males,3230,DDW-0200B-01ST-Census.xls,01ST
B0301ST,02,031,District - Solan (09),Rural,60+,Population_Males,1156,DDW-0200B-01ST-Census.xls,01ST
B0301ST,02,031,District - Solan (09),Rural,Age not stated,Population_Males,23,DDW-0200B-01ST-Census.xls,01ST
B0301ST,02,031,District - Solan (09),Rural,15-59,Population_Males,7570,DDW-0200B-01ST-Census.xls,01ST
B0301ST,02,031,District - Solan (09),Urban,Total,Population_Males,882,DDW-0200B-01ST-Census.xls,01ST
B0301ST,02,031,District - Solan (09),Urban,5-14,Population_Males,170,DDW-0200B-01ST-Census.xls,01ST
B0301ST,02,031,District - Solan (09),Urban,15-34,Population_Males,405,DDW-0200B-01ST-Census.xls,01ST
B0301ST,02,031,District - Solan (09),Urban,35-59,Population_Males,196,DDW-0200B-01ST-Census.xls,01ST
B0301ST,02,031,District - Solan (09),Urban,60+,Population_Males,38,DDW-0200B-01ST-Census.xls,01ST
B0301ST,02,031,District - Solan (09),Urban,Age not stated,Population_Males,4,DDW-0200B-01ST-Census.xls,01ST
B0301ST,02,031,District - Solan (09),Urban,15-59,Population_Males,601,DDW-0200B-01ST-Census.xls,01ST
B0301ST,02,032,District - Sirmaur (10),Total,Total,Population_Males,5912,DDW-0200B-01ST-Census.xls,01ST
B0301ST,02,032,District - Sirmaur (10),Total,5-14,Population_Males,1418,DDW-0200B-01ST-Census.xls,01ST
B0301ST,02,032,District - Sirmaur (10),Total,15-34,Population_Males,1998,DDW-0200B-01ST-Census.xls,01ST
B0301ST,02,032,District - Sirmaur (10),Total,35-59,Population_Males,1316,DDW-0200B-01ST-Census.xls,01ST
B0301ST,02,032,District - Sirmaur (10),Total,60+,Population_Males,453,DDW-0200B-01ST-Census.xls,01ST
B0301ST,02,032,District - Sirmaur (10),Total,Age not stated,Population_Males,7,DDW-0200B-01ST-Census.xls,01ST
B0301ST,02,032,District - Sirmaur (10),Total,15-59,Population_Males,3314,DDW-0200B-01ST-Census.xls,01ST
B0301ST,02,032,District - Sirmaur (10),Rural,Total,Population_Males,5702,DDW-0200B-01ST-Census.xls,01ST
B0301ST,02,032,District - Sirmaur (10),Rural,5-14,Population_Males,1377,DDW-0200B-01ST-Census.xls,01ST
B0301ST,02,032,District - Sirmaur (10),Rural,15-34,Population_Males,1909,DDW-0200B-01ST-Census.xls,01ST
B0301ST,02,032,District - Sirmaur (10),Rural,35-59,Population_Males,1258,DDW-0200B-01ST-Census.xls,01ST
B0301ST,02,032,District - Sirmaur (10),Rural,60+,Population_Males,451,DDW-0200B-01ST-Census.xls,01ST
B0301ST,02,032,District - Sirmaur (10),Rural,Age not stated,Population_Males,7,DDW-0200B-01ST-Census.xls,01ST
B0301ST,02,032,District - Sirmaur (10),Rural,15-59,Population_Males,3167,DDW-0200B-01ST-Census.xls,01ST
B0301ST,02,032,District - Sirmaur (10),Urban,Total,Population_Males,210,DDW-0200B-01ST-Census.xls,01ST
B0301ST,02,032,District - Sirmaur (10),Urban,5-14,Population_Males,41,DDW-0200B-01ST-Census.xls,01ST
B0301ST,02,032,District - Sirmaur (10),Urban,15-34,Population_Males,89,DDW-0200B-01ST-Census.xls,01ST
B0301ST,02,032,District - Sirmaur (10),Urban,35-59,Population_Males,58,DDW-0200B-01ST-Census.xls,01ST
B0301ST,02,032,District - Sirmaur (10),Urban,60+,Population_Males,2,DDW-0200B-01ST-Census.xls,01ST
B0301ST,02,032,District - Sirmaur (10),Urban,Age not stated,Population_Males,0,DDW-0200B-01ST-Census.xls,01ST
B0301ST,02,032,District - Sirmaur (10),Urban,15-59,Population_Males,147,DDW-0200B-01ST-Census.xls,01ST
B0301ST,02,033,District - Shimla (11),Total,Total,Population_Males,4554,DDW-0200B-01ST-Census.xls,01ST
B0301ST,02,033,District - Shimla (11),Total,5-14,Population_Males,1019,DDW-0200B-01ST-Census.xls,01ST
B0301ST,02,033,District - Shimla (11),Total,15-34,Population_Males,1785,DDW-0200B-01ST-Census.xls,01ST
B0301ST,02,033,District - Shimla (11),Total,35-59,Population_Males,1158,DDW-0200B-01ST-Census.xls,01ST
B0301ST,02,033,District - Shimla (11),Total,60+,Population_Males,232,DDW-0200B-01ST-Census.xls,01ST
B0301ST,02,033,District - Shimla (11),Total,Age not stated,Population_Males,2,DDW-0200B-01ST-Census.xls,01ST
B0301ST,02,033,District - Shimla (11),Total,15-59,Population_Males,2943,DDW-0200B-01ST-Census.xls,01ST
B0301ST,02,033,District - Shimla (11),Rural,Total,Population_Males,2795,DDW-0200B-01ST-Census.xls,01ST
B0301ST,02,033,District - Shimla (11),Rural,5-14,Population_Males,710,DDW-0200B-01ST-Census.xls,01ST
B0301ST,02,033,District - Shimla (11),Rural,15-34,Population_Males,995,DDW-0200B-01ST-Census.xls,01ST
B0301ST,02,033,District - Shimla (11),Rural,35-59,Population_Males,621,DDW-0200B-01ST-Census.xls,01ST
B0301ST,02,033,District - Shimla (11),Rural,60+,Population_Males,176,DDW-0200B-01ST-Census.xls,01ST
B0301ST,02,033,District - Shimla (11),Rural,Age not stated,Population_Males,0,DDW-0200B-01ST-Census.xls,01ST
B0301ST,02,033,District - Shimla (11),Rural,15-59,Population_Males,1616,DDW-0200B-01ST-Census.xls,01ST
B0301ST,02,033,District - Shimla (11),Urban,Total,Population_Males,1759,DDW-0200B-01ST-Census.xls,01ST
B0301ST,02,033,District - Shimla (11),Urban,5-14,Population_Males,309,DDW-0200B-01ST-Census.xls,01ST
B0301ST,02,033,District - Shimla (11),Urban,15-34,Population_Males,790,DDW-0200B-01ST-Census.xls,01ST
B0301ST,02,033,District - Shimla (11),Urban,35-59,Population_Males,537,DDW-0200B-01ST-Census.xls,01ST
B0301ST,02,033,District - Shimla (11),Urban,60+,Population_Males,56,DDW-0200B-01ST-Census.xls,01ST
B0301ST,02,033,District - Shimla (11),Urban,Age not stated,Population_Males,2,DDW-0200B-01ST-Census.xls,01ST
B0301ST,02,033,District - Shimla (11),Urban,15-59,Population_Males,1327,DDW-0200B-01ST-Census.xls,01ST
B0301ST,02,034,District - Kinnaur (12),Total,Total,Population_Males,23609,DDW-0200B-01ST-Census.xls,01ST
B0301ST,02,034,District - Kinnaur (12),Total,5-14,Population_Males,3701,DDW-0200B-01ST-Census.xls,01ST
B0301ST,02,034,District - Kinnaur (12),Total,15-34,Population_Males,7788,DDW-0200B-01ST-Census.xls,01ST
B0301ST,02,034,District - Kinnaur (12),Total,35-59,Population_Males,7602,DDW-0200B-01ST-Census.xls,01ST
B0301ST,02,034,District - Kinnaur (12),Total,60+,Population_Males,2870,DDW-0200B-01ST-Census.xls,01ST
B0301ST,02,034,District - Kinnaur (12),Total,Age not stated,Population_Males,24,DDW-0200B-01ST-Census.xls,01ST
B0301ST,02,034,District - Kinnaur (12),Total,15-59,Population_Males,15390,DDW-0200B-01ST-Census.xls,01ST
B0301ST,02,034,District - Kinnaur (12),Rural,Total,Population_Males,23609,DDW-0200B-01ST-Census.xls,01ST
B0301ST,02,034,District - Kinnaur (12),Rural,5-14,Population_Males,3701,DDW-0200B-01ST-Census.xls,01ST
B0301ST,02,034,District - Kinnaur (12),Rural,15-34,Population_Males,7788,DDW-0200B-01ST-Census.xls,01ST
B0301ST,02,034,District - Kinnaur (12),Rural,35-59,Population_Males,7602,DDW-0200B-01ST-Census.xls,01ST
B0301ST,02,034,District - Kinnaur (12),Rural,60+,Population_Males,2870,DDW-0200B-01ST-Census.xls,01ST
B0301ST,02,034,District - Kinnaur (12),Rural,Age not stated,Population_Males,24,DDW-0200B-01ST-Census.xls,01ST
B0301ST,02,034,District - Kinnaur (12),Rural,15-59,Population_Males,15390,DDW-0200B-01ST-Census.xls,01ST
B0301ST,02,034,District - Kinnaur (12),Urban,Total,Population_Males,0,DDW-0200B-01ST-Census.xls,01ST
B0301ST,02,034,District - Kinnaur (12),Urban,5-14,Population_Males,0,DDW-0200B-01ST-Census.xls,01ST
B0301ST,02,034,District - Kinnaur (12),Urban,15-34,Population_Males,0,DDW-0200B-01ST-Census.xls,01ST
B0301ST,02,034,District - Kinnaur (12),Urban,35-59,Population_Males,0,DDW-0200B-01ST-Census.xls,01ST
B0301ST,02,034,District - Kinnaur (12),Urban,60+,Population_Males,0,DDW-0200B-01ST-Census.xls,01ST
B0301ST,02,034,District - Kinnaur (12),Urban,Age not stated,Population_Males,0,DDW-0200B-01ST-Census.xls,01ST
B0301ST,02,034,District - Kinnaur (12),Urban,15-59,Population_Males,0,DDW-0200B-01ST-Census.xls,01ST
B0301ST,02,000,State - HIMACHAL PRADESH (02),Total,Total,Population_Females,196008,DDW-0200B-01ST-Census.xls,01ST
B0301ST,02,000,State - HIMACHAL PRADESH (02),Total,5-14,Population_Females,36372,DDW-0200B-01ST-Census.xls,01ST
B0301ST,02,000,State - HIMACHAL PRADESH (02),Total,15-34,Population_Females,70473,DDW-0200B-01ST-Census.xls,01ST
B0301ST,02,000,State - HIMACHAL PRADESH (02),Total,35-59,Population_Females,52734,DDW-0200B-01ST-Census.xls,01ST
B0301ST,02,000,State - HIMACHAL PRADESH (02),Total,60+,Population_Females,19880,DDW-0200B-01ST-Census.xls,01ST
B0301ST,02,000,State - HIMACHAL PRADESH (02),Total,Age not stated,Population_Females,365,DDW-0200B-01ST-Census.xls,01ST
B0301ST,02,000,State - HIMACHAL PRADESH (02),Total,15-59,Population_Females,123207,DDW-0200B-01ST-Census.xls,01ST
B0301ST,02,000,State - HIMACHAL PRADESH (02),Rural,Total,Population_Females,187496,DDW-0200B-01ST-Census.xls,01ST
B0301ST,02,000,State - HIMACHAL PRADESH (02),Rural,5-14,Population_Females,35092,DDW-0200B-01ST-Census.xls,01ST
B0301ST,02,000,State - HIMACHAL PRADESH (02),Rural,15-34,Population_Females,66873,DDW-0200B-01ST-Census.xls,01ST
B0301ST,02,000,State - HIMACHAL PRADESH (02),Rural,35-59,Population_Females,50226,DDW-0200B-01ST-Census.xls,01ST
B0301ST,02,000,State - HIMACHAL PRADESH (02),Rural,60+,Population_Females,19223,DDW-0200B-01ST-Census.xls,01ST
B0301ST,02,000,State - HIMACHAL PRADESH (02),Rural,Age not stated,Population_Females,360,DDW-0200B-01ST-Census.xls,01ST
B0301ST,02,000,State - HIMACHAL PRADESH (02),Rural,15-59,Population_Females,117099,DDW-0200B-01ST-Census.xls,01ST
B0301ST,02,000,State - HIMACHAL PRADESH (02),Urban,Total,Population_Females,8512,DDW-0200B-01ST-Census.xls,01ST
B0301ST,02,000,State - HIMACHAL PRADESH (02),Urban,5-14,Population_Females,1280,DDW-0200B-01ST-Census.xls,01ST
B0301ST,02,000,State - HIMACHAL PRADESH (02),Urban,15-34,Population_Females,3600,DDW-0200B-01ST-Census.xls,01ST
B0301ST,02,000,State - HIMACHAL PRADESH (02),Urban,35-59,Population_Females,2508,DDW-0200B-01ST-Census.xls,01ST
B0301ST,02,000,State - HIMACHAL PRADESH (02),Urban,60+,Population_Females,657,DDW-0200B-01ST-Census.xls,01ST
B0301ST,02,000,State - HIMACHAL PRADESH (02),Urban,Age not stated,Population_Females,5,DDW-0200B-01ST-Census.xls,01ST
B0301ST,02,000,State - HIMACHAL PRADESH (02),Urban,15-59,Population_Females,6108,DDW-0200B-01ST-Census.xls,01ST
B0301ST,02,023,District - Chamba (01),Total,Total,Population_Females,67600,DDW-0200B-01ST-Census.xls,01ST
B0301ST,02,023,District - Chamba (01),Total,5-14,Population_Females,14076,DDW-0200B-01ST-Census.xls,01ST
B0301ST,02,023,District - Chamba (01),Total,15-34,Population_Females,24600,DDW-0200B-01ST-Census.xls,01ST
B0301ST,02,023,District - Chamba (01),Total,35-59,Population_Females,16902,DDW-0200B-01ST-Census.xls,01ST
B0301ST,02,023,District - Chamba (01),Total,60+,Population_Females,5833,DDW-0200B-01ST-Census.xls,01ST
B0301ST,02,023,District - Chamba (01),Total,Age not stated,Population_Females,59,DDW-0200B-01ST-Census.xls,01ST
B0301ST,02,023,District - Chamba (01),Total,15-59,Population_Females,41502,DDW-0200B-01ST-Census.xls,01ST
B0301ST,02,023,District - Chamba (01),Rural,Total,Population_Females,66318,DDW-0200B-01ST-Census.xls,01ST
B0301ST,02,023,District - Chamba (01),Rural,5-14,Population_Females,13872,DDW-0200B-01ST-Census.xls,01ST
B0301ST,02,023,District - Chamba (01),Rural,15-34,Population_Females,24088,DDW-0200B-01ST-Census.xls,01ST
B0301ST,02,023,District - Chamba (01),Rural,35-59,Population_Females,16518,DDW-0200B-01ST-Census.xls,01ST
B0301ST,02,023,District - Chamba (01),Rural,60+,Population_Females,5741,DDW-0200B-01ST-Census.xls,01ST
B0301ST,02,023,District - Chamba (01),Rural,Age not stated,Population_Females,59,DDW-0200B-01ST-Census.xls,01ST
B0301ST,02,023,District - Chamba (01),Rural,15-59,Population_Females,40606,DDW-0200B-01ST-Census.xls,01ST
B0301ST,02,023,District - Chamba (01),Urban,Total,Population_Females,1282,DDW-0200B-01ST-Census.xls,01ST
B0301ST,02,023,District - Chamba (01),Urban,5-14,Population_Females,204,DDW-0200B-01ST-Census.xls,01ST
B0301ST,02,023,District - Chamba (01),Urban,15-34,Population_Females,512,DDW-0200B-01ST-Census.xls,01ST
B0301ST,02,023,District - Chamba (01),Urban,35-59,Population_Females,384,DDW-0200B-01ST-Census.xls,01ST
B0301ST,02,023,District - Chamba (01),Urban,60+,Population_Females,92,DDW-0200B-01ST-Census.xls,01ST
B0301ST,02,023,District - Chamba (01),Urban,Age not stated,Population_Females,0,DDW-0200B-01ST-Census.xls,01ST
B0301ST,02,023,District - Chamba (01),Urban,15-59,Population_Females,896,DDW-0200B-01ST-Census.xls,01ST
B0301ST,02,024,District - Kangra (02),Total,Total,Population_Females,42819,DDW-0200B-01ST-Census.xls,01ST
B0301ST,02,024,District - Kangra (02),Total,5-14,Population_Females,7445,DDW-0200B-01ST-Census.xls,01ST
B0301ST,02,024,District - Kangra (02),Total,15-34,Population_Females,16078,DDW-0200B-01ST-Census.xls,01ST
B0301ST,02,024,District - Kangra (02),Total,35-59,Population_Females,11513,DDW-0200B-01ST-Census.xls,01ST
B0301ST,02,024,District - Kangra (02),Total,60+,Population_Females,4200,DDW-0200B-01ST-Census.xls,01ST
B0301ST,02,024,District - Kangra (02),Total,Age not stated,Population_Females,120,DDW-0200B-01ST-Census.xls,01ST
B0301ST,02,024,District - Kangra (02),Total,15-59,Population_Females,27591,DDW-0200B-01ST-Census.xls,01ST
B0301ST,02,024,District - Kangra (02),Rural,Total,Population_Females,40736,DDW-0200B-01ST-Census.xls,01ST
B0301ST,02,024,District - Kangra (02),Rural,5-14,Population_Females,7114,DDW-0200B-01ST-Census.xls,01ST
B0301ST,02,024,District - Kangra (02),Rural,15-34,Population_Females,15222,DDW-0200B-01ST-Census.xls,01ST
B0301ST,02,024,District - Kangra (02),Rural,35-59,Population_Females,10929,DDW-0200B-01ST-Census.xls,01ST
B0301ST,02,024,District - Kangra (02),Rural,60+,Population_Females,4028,DDW-0200B-01ST-Census.xls,01ST
B0301ST,02,024,District - Kangra (02),Rural,Age not stated,Population_Females,117,DDW-0200B-01ST-Census.xls,01ST
B0301ST,02,024,District - Kangra (02),Rural,15-59,Population_Females,26151,DDW-0200B-01ST-Census.xls,01ST
B0301ST,02,024,District - Kangra (02),Urban,Total,Population_Females,2083,DDW-0200B-01ST-Census.xls,01ST
B0301ST,02,024,District - Kangra (02),Urban,5-14,Population_Females,331,DDW-0200B-01ST-Census.xls,01ST
B0301ST,02,024,District - Kangra (02),Urban,15-34,Population_Females,856,DDW-0200B-01ST-Census.xls,01ST
B0301ST,02,024,District - Kangra (02),Urban,35-59,Population_Females,584,DDW-0200B-01ST-Census.xls,01ST
B0301ST,02,024,District - Kangra (02),Urban,60+,Population_Females,172,DDW-0200B-01ST-Census.xls,01ST
B0301ST,02,024,District - Kangra (02),Urban,Age not stated,Population_Females,3,DDW-0200B-01ST-Census.xls,01ST
B0301ST,02,024,District - Kangra (02),Urban,15-59,Population_Females,1440,DDW-0200B-01ST-Census.xls,01ST
B0301ST,02,025,District - Lahul & Spiti (03),Total,Total,Population_Females,12959,DDW-0200B-01ST-Census.xls,01ST
B0301ST,02,025,District - Lahul & Spiti (03),Total,5-14,Population_Females,2205,DDW-0200B-01ST-Census.xls,01ST
B0301ST,02,025,District - Lahul & Spiti (03),Total,15-34,Population_Females,4334,DDW-0200B-01ST-Census.xls,01ST
B0301ST,02,025,District - Lahul & Spiti (03),Total,35-59,Population_Females,3793,DDW-0200B-01ST-Census.xls,01ST
B0301ST,02,025,District - Lahul & Spiti (03),Total,60+,Population_Females,1631,DDW-0200B-01ST-Census.xls,01ST
B0301ST,02,025,District - Lahul & Spiti (03),Total,Age not stated,Population_Females,98,DDW-0200B-01ST-Census.xls,01ST
B0301ST,02,025,District - Lahul & Spiti (03),Total,15-59,Population_Females,8127,DDW-0200B-01ST-Census.xls,01ST
B0301ST,02,025,District - Lahul & Spiti (03),Rural,Total,Population_Females,12959,DDW-0200B-01ST-Census.xls,01ST
B0301ST,02,025,District - Lahul & Spiti (03),Rural,5-14,Population_Females,2205,DDW-0200B-01ST-Census.xls,01ST
B0301ST,02,025,District - Lahul & Spiti (03),Rural,15-34,Population_Females,4334,DDW-0200B-01ST-Census.xls,01ST
B0301ST,02,025,District - Lahul & Spiti (03),Rural,35-59,Population_Females,3793,DDW-0200B-01ST-Census.xls,01ST
B0301ST,02,025,District - Lahul & Spiti (03),Rural,60+,Population_Females,1631,DDW-0200B-01ST-Census.xls,01ST
B0301ST,02,025,District - Lahul & Spiti (03),Rural,Age not stated,Population_Females,98,DDW-0200B-01ST-Census.xls,01ST
B0301ST,02,025,District - Lahul & Spiti (03),Rural,15-59,Population_Females,8127,DDW-0200B-01ST-Census.xls,01ST
B0301ST,02,025,District - Lahul & Spiti (03),Urban,Total,Population_Females,0,DDW-0200B-01ST-Census.xls,01ST
B0301ST,02,025,District - Lahul & Spiti (03),Urban,5-14,Population_Females,0,DDW-0200B-01ST-Census.xls,01ST
B0301ST,02,025,District - Lahul & Spiti (03),Urban,15-34,Population_Females,0,DDW-0200B-01ST-Census.xls,01ST
B0301ST,02,025,District - Lahul & Spiti (03),Urban,35-59,Population_Females,0,DDW-0200B-01ST-Census.xls,01ST
B0301ST,02,025,District - Lahul & Spiti (03),Urban,60+,Population_Females,0,DDW-0200B-01ST-Census.xls,01ST
B0301ST,02,025,District - Lahul & Spiti (03),Urban,Age not stated,Population_Females,0,DDW-0200B-01ST-Census.xls,01ST
B0301ST,02,025,District - Lahul & Spiti (03),Urban,15-59,Population_Females,0,DDW-0200B-01ST-Census.xls,01ST
B0301ST,02,026,District - Kullu (04),Total,Total,Population_Females,8329,DDW-0200B-01ST-Census.xls,01ST
B0301ST,02,026,District - Kullu (04),Total,5-14,Population_Females,1210,DDW-0200B-01ST-Census.xls,01ST
B0301ST,02,026,District - Kullu (04),Total,15-34,Population_Females,2937,DDW-0200B-01ST-Census.xls,01ST
B0301ST,02,026,District - Kullu (04),Total,35-59,Population_Females,2683,DDW-0200B-01ST-Census.xls,01ST
B0301ST,02,026,District - Kullu (04),Total,60+,Population_Females,1029,DDW-0200B-01ST-Census.xls,01ST
B0301ST,02,026,District - Kullu (04),Total,Age not stated,Population_Females,7,DDW-0200B-01ST-Census.xls,01ST
B0301ST,02,026,District - Kullu (04),Total,15-59,Population_Females,5620,DDW-0200B-01ST-Census.xls,01ST
B0301ST,02,026,District - Kullu (04),Rural,Total,Population_Females,6143,DDW-0200B-01ST-Census.xls,01ST
B0301ST,02,026,District - Kullu (04),Rural,5-14,Population_Females,937,DDW-0200B-01ST-Census.xls,01ST
B0301ST,02,026,District - Kullu (04),Rural,15-34,Population_Females,2177,DDW-0200B-01ST-Census.xls,01ST
B0301ST,02,026,District - Kullu (04),Rural,35-59,Population_Females,1884,DDW-0200B-01ST-Census.xls,01ST
B0301ST,02,026,District - Kullu (04),Rural,60+,Population_Females,771,DDW-0200B-01ST-Census.xls,01ST
B0301ST,02,026,District - Kullu (04),Rural,Age not stated,Population_Females,6,DDW-0200B-01ST-Census.xls,01ST
B0301ST,02,026,District - Kullu (04),Rural,15-59,Population_Females,4061,DDW-0200B-01ST-Census.xls,01ST
B0301ST,02,026,District - Kullu (04),Urban,Total,Population_Females,2186,DDW-0200B-01ST-Census.xls,01ST
B0301ST,02,026,District - Kullu (04),Urban,5-14,Population_Females,273,DDW-0200B-01ST-Census.xls,01ST
B0301ST,02,026,District - Kullu (04),Urban,15-34,Population_Females,760,DDW-0200B-01ST-Census.xls,01ST
B0301ST,02,026,District - Kullu (04),Urban,35-59,Population_Females,799,DDW-0200B-01ST-Census.xls,01ST
B0301ST,02,026,District - Kullu (04),Urban,60+,Population_Females,258,DDW-0200B-01ST-Census.xls,01ST
B0301ST,02,026,District - Kullu (04),Urban,Age not stated,Population_Females,1,DDW-0200B-01ST-Census.xls,01ST
B0301ST,02,026,District - Kullu (04),Urban,15-59,Population_Females,1559,DDW-0200B-01ST-Census.xls,01ST
B0301ST,02,027,District - Mandi (05),Total,Total,Population_Females,6442,DDW-0200B-01ST-Census.xls,01ST
B0301ST,02,027,District - Mandi (05),Total,5-14,Population_Females,1217,DDW-0200B-01ST-Census.xls,01ST
B0301ST,02,027,District - Mandi (05),Total,15-34,Population_Females,2335,DDW-0200B-01ST-Census.xls,01ST
B0301ST,02,027,District - Mandi (05),Total,35-59,Population_Females,1674,DDW-0200B-01ST-Census.xls,01ST
B0301ST,02,027,District - Mandi (05),Total,60+,Population_Females,608,DDW-0200B-01ST-Census.xls,01ST
B0301ST,02,027,District - Mandi (05),Total,Age not stated,Population_Females,13,DDW-0200B-01ST-Census.xls,01ST
B0301ST,02,027,District - Mandi (05),Total,15-59,Population_Females,4009,DDW-0200B-01ST-Census.xls,01ST
B0301ST,02,027,District - Mandi (05),Rural,Total,Population_Females,6245,DDW-0200B-01ST-Census.xls,01ST
B0301ST,02,027,District - Mandi (05),Rural,5-14,Population_Females,1183,DDW-0200B-01ST-Census.xls,01ST
B0301ST,02,027,District - Mandi (05),Rural,15-34,Population_Females,2250,DDW-0200B-01ST-Census.xls,01ST
B0301ST,02,027,District - Mandi (05),Rural,35-59,Population_Females,1616,DDW-0200B-01ST-Census.xls,01ST
B0301ST,02,027,District - Mandi (05),Rural,60+,Population_Females,599,DDW-0200B-01ST-Census.xls,01ST
B0301ST,02,027,District - Mandi (05),Rural,Age not stated,Population_Females,13,DDW-0200B-01ST-Census.xls,01ST
B0301ST,02,027,District - Mandi (05),Rural,15-59,Population_Females,3866,DDW-0200B-01ST-Census.xls,01ST
B0301ST,02,027,District - Mandi (05),Urban,Total,Population_Females,197,DDW-0200B-01ST-Census.xls,01ST
B0301ST,02,027,District - Mandi (05),Urban,5-14,Population_Females,34,DDW-0200B-01ST-Census.xls,01ST
B0301ST,02,027,District - Mandi (05),Urban,15-34,Population_Females,85,DDW-0200B-01ST-Census.xls,01ST
B0301ST,02,027,District - Mandi (05),Urban,35-59,Population_Females,58,DDW-0200B-01ST-Census.xls,01ST
B0301ST,02,027,District - Mandi (05),Urban,60+,Population_Females,9,DDW-0200B-01ST-Census.xls,01ST
B0301ST,02,027,District - Mandi (05),Urban,Age not stated,Population_Females,0,DDW-0200B-01ST-Census.xls,01ST
B0301ST,02,027,District - Mandi (05),Urban,15-59,Population_Females,143,DDW-0200B-01ST-Census.xls,01ST
B0301ST,02,028,District - Hamirpur (06),Total,Total,Population_Females,1513,DDW-0200B-01ST-Census.xls,01ST
B0301ST,02,028,District - Hamirpur (06),Total,5-14,Population_Females,259,DDW-0200B-01ST-Census.xls,01ST
B0301ST,02,028,District - Hamirpur (06),Total,15-34,Population_Females,572,DDW-0200B-01ST-Census.xls,01ST
B0301ST,02,028,District - Hamirpur (06),Total,35-59,Population_Females,402,DDW-0200B-01ST-Census.xls,01ST
B0301ST,02,028,District - Hamirpur (06),Total,60+,Population_Females,161,DDW-0200B-01ST-Census.xls,01ST
B0301ST,02,028,District - Hamirpur (06),Total,Age not stated,Population_Females,0,DDW-0200B-01ST-Census.xls,01ST
B0301ST,02,028,District - Hamirpur (06),Total,15-59,Population_Females,974,DDW-0200B-01ST-Census.xls,01ST
B0301ST,02,028,District - Hamirpur (06),Rural,Total,Population_Females,1405,DDW-0200B-01ST-Census.xls,01ST
B0301ST,02,028,District - Hamirpur (06),Rural,5-14,Population_Females,244,DDW-0200B-01ST-Census.xls,01ST
B0301ST,02,028,District - Hamirpur (06),Rural,15-34,Population_Females,509,DDW-0200B-01ST-Census.xls,01ST
B0301ST,02,028,District - Hamirpur (06),Rural,35-59,Population_Females,382,DDW-0200B-01ST-Census.xls,01ST
B0301ST,02,028,District - Hamirpur (06),Rural,60+,Population_Females,158,DDW-0200B-01ST-Census.xls,01ST
B0301ST,02,028,District - Hamirpur (06),Rural,Age not stated,Population_Females,0,DDW-0200B-01ST-Census.xls,01ST
B0301ST,02,028,District - Hamirpur (06),Rural,15-59,Population_Females,891,DDW-0200B-01ST-Census.xls,01ST
B0301ST,02,028,District - Hamirpur (06),Urban,Total,Population_Females,108,DDW-0200B-01ST-Census.xls,01ST
B0301ST,02,028,District - Hamirpur (06),Urban,5-14,Population_Females,15,DDW-0200B-01ST-Census.xls,01ST
B0301ST,02,028,District - Hamirpur (06),Urban,15-34,Population_Females,63,DDW-0200B-01ST-Census.xls,01ST
B0301ST,02,028,District - Hamirpur (06),Urban,35-59,Population_Females,20,DDW-0200B-01ST-Census.xls,01ST
B0301ST,02,028,District - Hamirpur (06),Urban,60+,Population_Females,3,DDW-0200B-01ST-Census.xls,01ST
B0301ST,02,028,District - Hamirpur (06),Urban,Age not stated,Population_Females,0,DDW-0200B-01ST-Census.xls,01ST
B0301ST,02,028,District - Hamirpur (06),Urban,15-59,Population_Females,83,DDW-0200B-01ST-Census.xls,01ST
B0301ST,02,029,District - Una (07),Total,Total,Population_Females,4156,DDW-0200B-01ST-Census.xls,01ST
B0301ST,02,029,District - Una (07),Total,5-14,Population_Females,822,DDW-0200B-01ST-Census.xls,01ST
B0301ST,02,029,District - Una (07),Total,15-34,Population_Females,1521,DDW-0200B-01ST-Census.xls,01ST
B0301ST,02,029,District - Una (07),Total,35-59,Population_Females,1082,DDW-0200B-01ST-Census.xls,01ST
B0301ST,02,029,District - Una (07),Total,60+,Population_Females,400,DDW-0200B-01ST-Census.xls,01ST
B0301ST,02,029,District - Una (07),Total,Age not stated,Population_Females,5,DDW-0200B-01ST-Census.xls,01ST
B0301ST,02,029,District - Una (07),Total,15-59,Population_Females,2603,DDW-0200B-01ST-Census.xls,01ST
B0301ST,02,029,District - Una (07),Rural,Total,Population_Females,4086,DDW-0200B-01ST-Census.xls,01ST
B0301ST,02,029,District - Una (07),Rural,5-14,Population_Females,811,DDW-0200B-01ST-Census.xls,01ST
B0301ST,02,029,District - Una (07),Rural,15-34,Population_Females,1497,DDW-0200B-01ST-Census.xls,01ST
B0301ST,02,029,District - Una (07),Rural,35-59,Population_Females,1061,DDW-0200B-01ST-Census.xls,01ST
B0301ST,02,029,District - Una (07),Rural,60+,Population_Females,394,DDW-0200B-01ST-Census.xls,01ST
B0301ST,02,029,District - Una (07),Rural,Age not stated,Population_Females,5,DDW-0200B-01ST-Census.xls,01ST
B0301ST,02,029,District - Una (07),Rural,15-59,Population_Females,2558,DDW-0200B-01ST-Census.xls,01ST
B0301ST,02,029,District - Una (07),Urban,Total,Population_Females,70,DDW-0200B-01ST-Census.xls,01ST
B0301ST,02,029,District - Una (07),Urban,5-14,Population_Females,11,DDW-0200B-01ST-Census.xls,01ST
B0301ST,02,029,District - Una (07),Urban,15-34,Population_Females,24,DDW-0200B-01ST-Census.xls,01ST
B0301ST,02,029,District - Una (07),Urban,35-59,Population_Females,21,DDW-0200B-01ST-Census.xls,01ST
B0301ST,02,029,District - Una (07),Urban,60+,Population_Females,6,DDW-0200B-01ST-Census.xls,01ST
B0301ST,02,029,District - Una (07),Urban,Age not stated,Population_Females,0,DDW-0200B-01ST-Census.xls,01ST
B0301ST,02,029,District - Una (07),Urban,15-59,Population_Females,45,DDW-0200B-01ST-Census.xls,01ST
B0301ST,02,030,District - Bilaspur (08),Total,Total,Population_Females,5208,DDW-0200B-01ST-Census.xls,01ST
B0301ST,02,030,District - Bilaspur (08),Total,5-14,Population_Females,901,DDW-0200B-01ST-Census.xls,01ST
B0301ST,02,030,District - Bilaspur (08),Total,15-34,Population_Females,1817,DDW-0200B-01ST-Census.xls,01ST
B0301ST,02,030,District - Bilaspur (08),Total,35-59,Population_Females,1409,DDW-0200B-01ST-Census.xls,01ST
B0301ST,02,030,District - Bilaspur (08),Total,60+,Population_Females,636,DDW-0200B-01ST-Census.xls,01ST
B0301ST,02,030,District - Bilaspur (08),Total,Age not stated,Population_Females,2,DDW-0200B-01ST-Census.xls,01ST
B0301ST,02,030,District - Bilaspur (08),Total,15-59,Population_Females,3226,DDW-0200B-01ST-Census.xls,01ST
B0301ST,02,030,District - Bilaspur (08),Rural,Total,Population_Females,5044,DDW-0200B-01ST-Census.xls,01ST
B0301ST,02,030,District - Bilaspur (08),Rural,5-14,Population_Females,872,DDW-0200B-01ST-Census.xls,01ST
B0301ST,02,030,District - Bilaspur (08),Rural,15-34,Population_Females,1761,DDW-0200B-01ST-Census.xls,01ST
B0301ST,02,030,District - Bilaspur (08),Rural,35-59,Population_Females,1355,DDW-0200B-01ST-Census.xls,01ST
B0301ST,02,030,District - Bilaspur (08),Rural,60+,Population_Females,620,DDW-0200B-01ST-Census.xls,01ST
B0301ST,02,030,District - Bilaspur (08),Rural,Age not stated,Population_Females,1,DDW-0200B-01ST-Census.xls,01ST
B0301ST,02,030,District - Bilaspur (08),Rural,15-59,Population_Females,3116,DDW-0200B-01ST-Census.xls,01ST
B0301ST,02,030,District - Bilaspur (08),Urban,Total,Population_Females,164,DDW-0200B-01ST-Census.xls,01ST
B0301ST,02,030,District - Bilaspur (08),Urban,5-14,Population_Females,29,DDW-0200B-01ST-Census.xls,01ST
B0301ST,02,030,District - Bilaspur (08),Urban,15-34,Population_Females,56,DDW-0200B-01ST-Census.xls,01ST
B0301ST,02,030,District - Bilaspur (08),Urban,35-59,Population_Females,54,DDW-0200B-01ST-Census.xls,01ST
B0301ST,02,030,District - Bilaspur (08),Urban,60+,Population_Females,16,DDW-0200B-01ST-Census.xls,01ST
B0301ST,02,030,District - Bilaspur (08),Urban,Age not stated,Population_Females,1,DDW-0200B-01ST-Census.xls,01ST
B0301ST,02,030,District - Bilaspur (08),Urban,15-59,Population_Females,110,DDW-0200B-01ST-Census.xls,01ST
B0301ST,02,031,District - Solan (09),Total,Total,Population_Females,12294,DDW-0200B-01ST-Census.xls,01ST
B0301ST,02,031,District - Solan (09),Total,5-14,Population_Females,2315,DDW-0200B-01ST-Census.xls,01ST
B0301ST,02,031,District - Solan (09),Total,15-34,Population_Females,4477,DDW-0200B-01ST-Census.xls,01ST
B0301ST,02,031,District - Solan (09),Total,35-59,Population_Females,3158,DDW-0200B-01ST-Census.xls,01ST
B0301ST,02,031,District - Solan (09),Total,60+,Population_Females,1160,DDW-0200B-01ST-Census.xls,01ST
B0301ST,02,031,District - Solan (09),Total,Age not stated,Population_Females,22,DDW-0200B-01ST-Census.xls,01ST
B0301ST,02,031,District - Solan (09),Total,15-59,Population_Females,7635,DDW-0200B-01ST-Census.xls,01ST
B0301ST,02,031,District - Solan (09),Rural,Total,Population_Females,11606,DDW-0200B-01ST-Census.xls,01ST
B0301ST,02,031,District - Solan (09),Rural,5-14,Population_Females,2173,DDW-0200B-01ST-Census.xls,01ST
B0301ST,02,031,District - Solan (09),Rural,15-34,Population_Females,4182,DDW-0200B-01ST-Census.xls,01ST
B0301ST,02,031,District - Solan (09),Rural,35-59,Population_Females,2990,DDW-0200B-01ST-Census.xls,01ST
B0301ST,02,031,District - Solan (09),Rural,60+,Population_Females,1125,DDW-0200B-01ST-Census.xls,01ST
B0301ST,02,031,District - Solan (09),Rural,Age not stated,Population_Females,22,DDW-0200B-01ST-Census.xls,01ST
B0301ST,02,031,District - Solan (09),Rural,15-59,Population_Females,7172,DDW-0200B-01ST-Census.xls,01ST
B0301ST,02,031,District - Solan (09),Urban,Total,Population_Females,688,DDW-0200B-01ST-Census.xls,01ST
B0301ST,02,031,District - Solan (09),Urban,5-14,Population_Females,142,DDW-0200B-01ST-Census.xls,01ST
B0301ST,02,031,District - Solan (09),Urban,15-34,Population_Females,295,DDW-0200B-01ST-Census.xls,01ST
B0301ST,02,031,District - Solan (09),Urban,35-59,Population_Females,168,DDW-0200B-01ST-Census.xls,01ST
B0301ST,02,031,District - Solan (09),Urban,60+,Population_Females,35,DDW-0200B-01ST-Census.xls,01ST
B0301ST,02,031,District - Solan (09),Urban,Age not stated,Population_Females,0,DDW-0200B-01ST-Census.xls,01ST
B0301ST,02,031,District - Solan (09),Urban,15-59,Population_Females,463,DDW-0200B-01ST-Census.xls,01ST
B0301ST,02,032,District - Sirmaur (10),Total,Total,Population_Females,5350,DDW-0200B-01ST-Census.xls,01ST
B0301ST,02,032,District - Sirmaur (10),Total,5-14,Population_Females,1211,DDW-0200B-01ST-Census.xls,01ST
B0301ST,02,032,District - Sirmaur (10),Total,15-34,Population_Females,1923,DDW-0200B-01ST-Census.xls,01ST
B0301ST,02,032,District - Sirmaur (10),Total,35-59,Population_Females,1154,DDW-0200B-01ST-Census.xls,01ST
B0301ST,02,032,District - Sirmaur (10),Total,60+,Population_Females,410,DDW-0200B-01ST-Census.xls,01ST
B0301ST,02,032,District - Sirmaur (10),Total,Age not stated,Population_Females,2,DDW-0200B-01ST-Census.xls,01ST
B0301ST,02,032,District - Sirmaur (10),Total,15-59,Population_Females,3077,DDW-0200B-01ST-Census.xls,01ST
B0301ST,02,032,District - Sirmaur (10),Rural,Total,Population_Females,5213,DDW-0200B-01ST-Census.xls,01ST
B0301ST,02,032,District - Sirmaur (10),Rural,5-14,Population_Females,1186,DDW-0200B-01ST-Census.xls,01ST
B0301ST,02,032,District - Sirmaur (10),Rural,15-34,Population_Females,1864,DDW-0200B-01ST-Census.xls,01ST
B0301ST,02,032,District - Sirmaur (10),Rural,35-59,Population_Females,1120,DDW-0200B-01ST-Census.xls,01ST
B0301ST,02,032,District - Sirmaur (10),Rural,60+,Population_Females,398,DDW-0200B-01ST-Census.xls,01ST
B0301ST,02,032,District - Sirmaur (10),Rural,Age not stated,Population_Females,2,DDW-0200B-01ST-Census.xls,01ST
B0301ST,02,032,District - Sirmaur (10),Rural,15-59,Population_Females,2984,DDW-0200B-01ST-Census.xls,01ST
B0301ST,02,032,District - Sirmaur (10),Urban,Total,Population_Females,137,DDW-0200B-01ST-Census.xls,01ST
B0301ST,02,032,District - Sirmaur (10),Urban,5-14,Population_Females,25,DDW-0200B-01ST-Census.xls,01ST
B0301ST,02,032,District - Sirmaur (10),Urban,15-34,Population_Females,59,DDW-0200B-01ST-Census.xls,01ST
B0301ST,02,032,District - Sirmaur (10),Urban,35-59,Population_Females,34,DDW-0200B-01ST-Census.xls,01ST
B0301ST,02,032,District - Sirmaur (10),Urban,60+,Population_Females,12,DDW-0200B-01ST-Census.xls,01ST
B0301ST,02,032,District - Sirmaur (10),Urban,Age not stated,Population_Females,0,DDW-0200B-01ST-Census.xls,01ST
B0301ST,02,032,District - Sirmaur (10),Urban,15-59,Population_Females,93,DDW-0200B-01ST-Census.xls,01ST
B0301ST,02,033,District - Shimla (11),Total,Total,Population_Females,4201,DDW-0200B-01ST-Census.xls,01ST
B0301ST,02,033,District - Shimla (11),Total,5-14,Population_Females,865,DDW-0200B-01ST-Census.xls,01ST
B0301ST,02,033,District - Shimla (11),Total,15-34,Population_Females,1857,DDW-0200B-01ST-Census.xls,01ST
B0301ST,02,033,District - Shimla (11),Total,35-59,Population_Females,946,DDW-0200B-01ST-Census.xls,01ST
B0301ST,02,033,District - Shimla (11),Total,60+,Population_Females,192,DDW-0200B-01ST-Census.xls,01ST
B0301ST,02,033,District - Shimla (11),Total,Age not stated,Population_Females,1,DDW-0200B-01ST-Census.xls,01ST
B0301ST,02,033,District - Shimla (11),Total,15-59,Population_Females,2803,DDW-0200B-01ST-Census.xls,01ST
B0301ST,02,033,District - Shimla (11),Rural,Total,Population_Females,2604,DDW-0200B-01ST-Census.xls,01ST
B0301ST,02,033,District - Shimla (11),Rural,5-14,Population_Females,649,DDW-0200B-01ST-Census.xls,01ST
B0301ST,02,033,District - Shimla (11),Rural,15-34,Population_Females,967,DDW-0200B-01ST-Census.xls,01ST
B0301ST,02,033,District - Shimla (11),Rural,35-59,Population_Females,560,DDW-0200B-01ST-Census.xls,01ST
B0301ST,02,033,District - Shimla (11),Rural,60+,Population_Females,138,DDW-0200B-01ST-Census.xls,01ST
B0301ST,02,033,District - Shimla (11),Rural,Age not stated,Population_Females,1,DDW-0200B-01ST-Census.xls,01ST
B0301ST,02,033,District - Shimla (11),Rural,15-59,Population_Females,1527,DDW-0200B-01ST-Census.xls,01ST
B0301ST,02,033,District - Shimla (11),Urban,Total,Population_Females,1597,DDW-0200B-01ST-Census.xls,01ST
B0301ST,02,033,District - Shimla (11),Urban,5-14,Population_Females,216,DDW-0200B-01ST-Census.xls,01ST
B0301ST,02,033,District - Shimla (11),Urban,15-34,Population_Females,890,DDW-0200B-01ST-Census.xls,01ST
B0301ST,02,033,District - Shimla (11),Urban,35-59,Population_Females,386,DDW-0200B-01ST-Census.xls,01ST
B0301ST,02,033,District - Shimla (11),Urban,60+,Population_Females,54,DDW-0200B-01ST-Census.xls,01ST
B0301ST,02,033,District - Shimla (11),Urban,Age not stated,Population_Females,0,DDW-0200B-01ST-Census.xls,01ST
B0301ST,02,033,District - Shimla (11),Urban,15-59,Population_Females,1276,DDW-0200B-01ST-Census.xls,01ST
B0301ST,02,034,District - Kinnaur (12),Total,Total,Population_Females,25137,DDW-0200B-01ST-Census.xls,01ST
B0301ST,02,034,District - Kinnaur (12),Total,5-14,Population_Females,3846,DDW-0200B-01ST-Census.xls,01ST
B0301ST,02,034,District - Kinnaur (12),Total,15-34,Population_Females,8022,DDW-0200B-01ST-Census.xls,01ST
B0301ST,02,034,District - Kinnaur (12),Total,35-59,Population_Females,8018,DDW-0200B-01ST-Census.xls,01ST
B0301ST,02,034,District - Kinnaur (12),Total,60+,Population_Females,3620,DDW-0200B-01ST-Census.xls,01ST
B0301ST,02,034,District - Kinnaur (12),Total,Age not stated,Population_Females,36,DDW-0200B-01ST-Census.xls,01ST
B0301ST,02,034,District - Kinnaur (12),Total,15-59,Population_Females,16040,DDW-0200B-01ST-Census.xls,01ST
B0301ST,02,034,District - Kinnaur (12),Rural,Total,Population_Females,25137,DDW-0200B-01ST-Census.xls,01ST
B0301ST,02,034,District - Kinnaur (12),Rural,5-14,Population_Females,3846,DDW-0200B-01ST-Census.xls,01ST
B0301ST,02,034,District - Kinnaur (12),Rural,15-34,Population_Females,8022,DDW-0200B-01ST-Census.xls,01ST
B0301ST,02,034,District - Kinnaur (12),Rural,35-59,Population_Females,8018,DDW-0200B-01ST-Census.xls,01ST
B0301ST,02,034,District - Kinnaur (12),Rural,60+,Population_Females,3620,DDW-0200B-01ST-Census.xls,01ST
B0301ST,02,034,District - Kinnaur (12),Rural,Age not stated,Population_Females,36,DDW-0200B-01ST-Census.xls,01ST
B0301ST,02,034,District - Kinnaur (12),Rural,15-59,Population_Females,16040,DDW-0200B-01ST-Census.xls,01ST
B0301ST,02,034,District - Kinnaur (12),Urban,Total,Population_Females,0,DDW-0200B-01ST-Census.xls,01ST
B0301ST,02,034,District - Kinnaur (12),Urban,5-14,Population_Females,0,DDW-0200B-01ST-Census.xls,01ST
B0301ST,02,034,District - Kinnaur (12),Urban,15-34,Population_Females,0,DDW-0200B-01ST-Census.xls,01ST
B0301ST,02,034,District - Kinnaur (12),Urban,35-59,Population_Females,0,DDW-0200B-01ST-Census.xls,01ST
B0301ST,02,034,District - Kinnaur (12),Urban,60+,Population_Females,0,DDW-0200B-01ST-Census.xls,01ST
B0301ST,02,034,District - Kinnaur (12),Urban,Age not stated,Population_Females,0,DDW-0200B-01ST-Census.xls,01ST
B0301ST,02,034,District - Kinnaur (12),Urban,15-59,Population_Females,0,DDW-0200B-01ST-Census.xls,01ST
B0301ST,02,000,State - HIMACHAL PRADESH (02),Total,Total,Main workers_Persons,112018,DDW-0200B-01ST-Census.xls,01ST
B0301ST,02,000,State - HIMACHAL PRADESH (02),Total,5-14,Main workers_Persons,1067,DDW-0200B-01ST-Census.xls,01ST
B0301ST,02,000,State - HIMACHAL PRADESH (02),Total,15-34,Main workers_Persons,42020,DDW-0200B-01ST-Census.xls,01ST
B0301ST,02,000,State - HIMACHAL PRADESH (02),Total,35-59,Main workers_Persons,56775,DDW-0200B-01ST-Census.xls,01ST
B0301ST,02,000,State - HIMACHAL PRADESH (02),Total,60+,Main workers_Persons,11924,DDW-0200B-01ST-Census.xls,01ST
B0301ST,02,000,State - HIMACHAL PRADESH (02),Total,Age not stated,Main workers_Persons,232,DDW-0200B-01ST-Census.xls,01ST
B0301ST,02,000,State - HIMACHAL PRADESH (02),Total,15-59,Main workers_Persons,98795,DDW-0200B-01ST-Census.xls,01ST
B0301ST,02,000,State - HIMACHAL PRADESH (02),Rural,Total,Main workers_Persons,106590,DDW-0200B-01ST-Census.xls,01ST
B0301ST,02,000,State - HIMACHAL PRADESH (02),Rural,5-14,Main workers_Persons,1017,DDW-0200B-01ST-Census.xls,01ST
B0301ST,02,000,State - HIMACHAL PRADESH (02),Rural,15-34,Main workers_Persons,40062,DDW-0200B-01ST-Census.xls,01ST
B0301ST,02,000,State - HIMACHAL PRADESH (02),Rural,35-59,Main workers_Persons,53611,DDW-0200B-01ST-Census.xls,01ST
B0301ST,02,000,State - HIMACHAL PRADESH (02),Rural,60+,Main workers_Persons,11676,DDW-0200B-01ST-Census.xls,01ST
B0301ST,02,000,State - HIMACHAL PRADESH (02),Rural,Age not stated,Main workers_Persons,224,DDW-0200B-01ST-Census.xls,01ST
B0301ST,02,000,State - HIMACHAL PRADESH (02),Rural,15-59,Main workers_Persons,93673,DDW-0200B-01ST-Census.xls,01ST
B0301ST,02,000,State - HIMACHAL PRADESH (02),Urban,Total,Main workers_Persons,5428,DDW-0200B-01ST-Census.xls,01ST
B0301ST,02,000,State - HIMACHAL PRADESH (02),Urban,5-14,Main workers_Persons,50,DDW-0200B-01ST-Census.xls,01ST
B0301ST,02,000,State - HIMACHAL PRADESH (02),Urban,15-34,Main workers_Persons,1958,DDW-0200B-01ST-Census.xls,01ST
B0301ST,02,000,State - HIMACHAL PRADESH (02),Urban,35-59,Main workers_Persons,3164,DDW-0200B-01ST-Census.xls,01ST
B0301ST,02,000,State - HIMACHAL PRADESH (02),Urban,60+,Main workers_Persons,248,DDW-0200B-01ST-Census.xls,01ST
B0301ST,02,000,State - HIMACHAL PRADESH (02),Urban,Age not stated,Main workers_Persons,8,DDW-0200B-01ST-Census.xls,01ST
B0301ST,02,000,State - HIMACHAL PRADESH (02),Urban,15-59,Main workers_Persons,5122,DDW-0200B-01ST-Census.xls,01ST
B0301ST,02,023,District - Chamba (01),Total,Total,Main workers_Persons,27087,DDW-0200B-01ST-Census.xls,01ST
B0301ST,02,023,District - Chamba (01),Total,5-14,Main workers_Persons,446,DDW-0200B-01ST-Census.xls,01ST
B0301ST,02,023,District - Chamba (01),Total,15-34,Main workers_Persons,10615,DDW-0200B-01ST-Census.xls,01ST
B0301ST,02,023,District - Chamba (01),Total,35-59,Main workers_Persons,14007,DDW-0200B-01ST-Census.xls,01ST
B0301ST,02,023,District - Chamba (01),Total,60+,Main workers_Persons,1998,DDW-0200B-01ST-Census.xls,01ST
B0301ST,02,023,District - Chamba (01),Total,Age not stated,Main workers_Persons,21,DDW-0200B-01ST-Census.xls,01ST
B0301ST,02,023,District - Chamba (01),Total,15-59,Main workers_Persons,24622,DDW-0200B-01ST-Census.xls,01ST
B0301ST,02,023,District - Chamba (01),Rural,Total,Main workers_Persons,26386,DDW-0200B-01ST-Census.xls,01ST
B0301ST,02,023,District - Chamba (01),Rural,5-14,Main workers_Persons,439,DDW-0200B-01ST-Census.xls,01ST
B0301ST,02,023,District - Chamba (01),Rural,15-34,Main workers_Persons,10394,DDW-0200B-01ST-Census.xls,01ST
B0301ST,02,023,District - Chamba (01),Rural,35-59,Main workers_Persons,13566,DDW-0200B-01ST-Census.xls,01ST
B0301ST,02,023,District - Chamba (01),Rural,60+,Main workers_Persons,1966,DDW-0200B-01ST-Census.xls,01ST
B0301ST,02,023,District - Chamba (01),Rural,Age not stated,Main workers_Persons,21,DDW-0200B-01ST-Census.xls,01ST
B0301ST,02,023,District - Chamba (01),Rural,15-59,Main workers_Persons,23960,DDW-0200B-01ST-Census.xls,01ST
B0301ST,02,023,District - Chamba (01),Urban,Total,Main workers_Persons,701,DDW-0200B-01ST-Census.xls,01ST
B0301ST,02,023,District - Chamba (01),Urban,5-14,Main workers_Persons,7,DDW-0200B-01ST-Census.xls,01ST
B0301ST,02,023,District - Chamba (01),Urban,15-34,Main workers_Persons,221,DDW-0200B-01ST-Census.xls,01ST
B0301ST,02,023,District - Chamba (01),Urban,35-59,Main workers_Persons,441,DDW-0200B-01ST-Census.xls,01ST
B0301ST,02,023,District - Chamba (01),Urban,60+,Main workers_Persons,32,DDW-0200B-01ST-Census.xls,01ST
B0301ST,02,023,District - Chamba (01),Urban,Age not stated,Main workers_Persons,0,DDW-0200B-01ST-Census.xls,01ST
B0301ST,02,023,District - Chamba (01),Urban,15-59,Main workers_Persons,662,DDW-0200B-01ST-Census.xls,01ST
B0301ST,02,024,District - Kangra (02),Total,Total,Main workers_Persons,17742,DDW-0200B-01ST-Census.xls,01ST
B0301ST,02,024,District - Kangra (02),Total,5-14,Main workers_Persons,114,DDW-0200B-01ST-Census.xls,01ST
B0301ST,02,024,District - Kangra (02),Total,15-34,Main workers_Persons,6893,DDW-0200B-01ST-Census.xls,01ST
B0301ST,02,024,District - Kangra (02),Total,35-59,Main workers_Persons,9099,DDW-0200B-01ST-Census.xls,01ST
B0301ST,02,024,District - Kangra (02),Total,60+,Main workers_Persons,1613,DDW-0200B-01ST-Census.xls,01ST
B0301ST,02,024,District - Kangra (02),Total,Age not stated,Main workers_Persons,23,DDW-0200B-01ST-Census.xls,01ST
B0301ST,02,024,District - Kangra (02),Total,15-59,Main workers_Persons,15992,DDW-0200B-01ST-Census.xls,01ST
B0301ST,02,024,District - Kangra (02),Rural,Total,Main workers_Persons,16572,DDW-0200B-01ST-Census.xls,01ST
B0301ST,02,024,District - Kangra (02),Rural,5-14,Main workers_Persons,105,DDW-0200B-01ST-Census.xls,01ST
B0301ST,02,024,District - Kangra (02),Rural,15-34,Main workers_Persons,6386,DDW-0200B-01ST-Census.xls,01ST
B0301ST,02,024,District - Kangra (02),Rural,35-59,Main workers_Persons,8500,DDW-0200B-01ST-Census.xls,01ST
B0301ST,02,024,District - Kangra (02),Rural,60+,Main workers_Persons,1560,DDW-0200B-01ST-Census.xls,01ST
B0301ST,02,024,District - Kangra (02),Rural,Age not stated,Main workers_Persons,21,DDW-0200B-01ST-Census.xls,01ST
B0301ST,02,024,District - Kangra (02),Rural,15-59,Main workers_Persons,14886,DDW-0200B-01ST-Census.xls,01ST
B0301ST,02,024,District - Kangra (02),Urban,Total,Main workers_Persons,1170,DDW-0200B-01ST-Census.xls,01ST
B0301ST,02,024,District - Kangra (02),Urban,5-14,Main workers_Persons,9,DDW-0200B-01ST-Census.xls,01ST
B0301ST,02,024,District - Kangra (02),Urban,15-34,Main workers_Persons,507,DDW-0200B-01ST-Census.xls,01ST
B0301ST,02,024,District - Kangra (02),Urban,35-59,Main workers_Persons,599,DDW-0200B-01ST-Census.xls,01ST
B0301ST,02,024,District - Kangra (02),Urban,60+,Main workers_Persons,53,DDW-0200B-01ST-Census.xls,01ST
B0301ST,02,024,District - Kangra (02),Urban,Age not stated,Main workers_Persons,2,DDW-0200B-01ST-Census.xls,01ST
B0301ST,02,024,District - Kangra (02),Urban,15-59,Main workers_Persons,1106,DDW-0200B-01ST-Census.xls,01ST
B0301ST,02,025,District - Lahul & Spiti (03),Total,Total,Main workers_Persons,11661,DDW-0200B-01ST-Census.xls,01ST
B0301ST,02,025,District - Lahul & Spiti (03),Total,5-14,Main workers_Persons,35,DDW-0200B-01ST-Census.xls,01ST
B0301ST,02,025,District - Lahul & Spiti (03),Total,15-34,Main workers_Persons,3690,DDW-0200B-01ST-Census.xls,01ST
B0301ST,02,025,District - Lahul & Spiti (03),Total,35-59,Main workers_Persons,6085,DDW-0200B-01ST-Census.xls,01ST
B0301ST,02,025,District - Lahul & Spiti (03),Total,60+,Main workers_Persons,1730,DDW-0200B-01ST-Census.xls,01ST
B0301ST,02,025,District - Lahul & Spiti (03),Total,Age not stated,Main workers_Persons,121,DDW-0200B-01ST-Census.xls,01ST
B0301ST,02,025,District - Lahul & Spiti (03),Total,15-59,Main workers_Persons,9775,DDW-0200B-01ST-Census.xls,01ST
B0301ST,02,025,District - Lahul & Spiti (03),Rural,Total,Main workers_Persons,11661,DDW-0200B-01ST-Census.xls,01ST
B0301ST,02,025,District - Lahul & Spiti (03),Rural,5-14,Main workers_Persons,35,DDW-0200B-01ST-Census.xls,01ST
B0301ST,02,025,District - Lahul & Spiti (03),Rural,15-34,Main workers_Persons,3690,DDW-0200B-01ST-Census.xls,01ST
B0301ST,02,025,District - Lahul & Spiti (03),Rural,35-59,Main workers_Persons,6085,DDW-0200B-01ST-Census.xls,01ST
B0301ST,02,025,District - Lahul & Spiti (03),Rural,60+,Main workers_Persons,1730,DDW-0200B-01ST-Census.xls,01ST
B0301ST,02,025,District - Lahul & Spiti (03),Rural,Age not stated,Main workers_Persons,121,DDW-0200B-01ST-Census.xls,01ST
B0301ST,02,025,District - Lahul & Spiti (03),Rural,15-59,Main workers_Persons,9775,DDW-0200B-01ST-Census.xls,01ST
B0301ST,02,025,District - Lahul & Spiti (03),Urban,Total,Main workers_Persons,0,DDW-0200B-01ST-Census.xls,01ST
B0301ST,02,025,District - Lahul & Spiti (03),Urban,5-14,Main workers_Persons,0,DDW-0200B-01ST-Census.xls,01ST
B0301ST,02,025,District - Lahul & Spiti (03),Urban,15-34,Main workers_Persons,0,DDW-0200B-01ST-Census.xls,01ST
B0301ST,02,025,District - Lahul & Spiti (03),Urban,35-59,Main workers_Persons,0,DDW-0200B-01ST-Census.xls,01ST
B0301ST,02,025,District - Lahul & Spiti (03),Urban,60+,Main workers_Persons,0,DDW-0200B-01ST-Census.xls,01ST
B0301ST,02,025,District - Lahul & Spiti (03),Urban,Age not stated,Main workers_Persons,0,DDW-0200B-01ST-Census.xls,01ST
B0301ST,02,025,District - Lahul & Spiti (03),Urban,15-59,Main workers_Persons,0,DDW-0200B-01ST-Census.xls,01ST
B0301ST,02,026,District - Kullu (04),Total,Total,Main workers_Persons,6426,DDW-0200B-01ST-Census.xls,01ST
B0301ST,02,026,District - Kullu (04),Total,5-14,Main workers_Persons,26,DDW-0200B-01ST-Census.xls,01ST
B0301ST,02,026,District - Kullu (04),Total,15-34,Main workers_Persons,2132,DDW-0200B-01ST-Census.xls,01ST
B0301ST,02,026,District - Kullu (04),Total,35-59,Main workers_Persons,3509,DDW-0200B-01ST-Census.xls,01ST
B0301ST,02,026,District - Kullu (04),Total,60+,Main workers_Persons,750,DDW-0200B-01ST-Census.xls,01ST
B0301ST,02,026,District - Kullu (04),Total,Age not stated,Main workers_Persons,9,DDW-0200B-01ST-Census.xls,01ST
B0301ST,02,026,District - Kullu (04),Total,15-59,Main workers_Persons,5641,DDW-0200B-01ST-Census.xls,01ST
B0301ST,02,026,District - Kullu (04),Rural,Total,Main workers_Persons,4929,DDW-0200B-01ST-Census.xls,01ST
B0301ST,02,026,District - Kullu (04),Rural,5-14,Main workers_Persons,23,DDW-0200B-01ST-Census.xls,01ST
B0301ST,02,026,District - Kullu (04),Rural,15-34,Main workers_Persons,1681,DDW-0200B-01ST-Census.xls,01ST
B0301ST,02,026,District - Kullu (04),Rural,35-59,Main workers_Persons,2557,DDW-0200B-01ST-Census.xls,01ST
B0301ST,02,026,District - Kullu (04),Rural,60+,Main workers_Persons,661,DDW-0200B-01ST-Census.xls,01ST
B0301ST,02,026,District - Kullu (04),Rural,Age not stated,Main workers_Persons,7,DDW-0200B-01ST-Census.xls,01ST
B0301ST,02,026,District - Kullu (04),Rural,15-59,Main workers_Persons,4238,DDW-0200B-01ST-Census.xls,01ST
B0301ST,02,026,District - Kullu (04),Urban,Total,Main workers_Persons,1497,DDW-0200B-01ST-Census.xls,01ST
B0301ST,02,026,District - Kullu (04),Urban,5-14,Main workers_Persons,3,DDW-0200B-01ST-Census.xls,01ST
B0301ST,02,026,District - Kullu (04),Urban,15-34,Main workers_Persons,451,DDW-0200B-01ST-Census.xls,01ST
B0301ST,02,026,District - Kullu (04),Urban,35-59,Main workers_Persons,952,DDW-0200B-01ST-Census.xls,01ST
B0301ST,02,026,District - Kullu (04),Urban,60+,Main workers_Persons,89,DDW-0200B-01ST-Census.xls,01ST
B0301ST,02,026,District - Kullu (04),Urban,Age not stated,Main workers_Persons,2,DDW-0200B-01ST-Census.xls,01ST
B0301ST,02,026,District - Kullu (04),Urban,15-59,Main workers_Persons,1403,DDW-0200B-01ST-Census.xls,01ST
B0301ST,02,027,District - Mandi (05),Total,Total,Main workers_Persons,3427,DDW-0200B-01ST-Census.xls,01ST
B0301ST,02,027,District - Mandi (05),Total,5-14,Main workers_Persons,35,DDW-0200B-01ST-Census.xls,01ST
B0301ST,02,027,District - Mandi (05),Total,15-34,Main workers_Persons,1471,DDW-0200B-01ST-Census.xls,01ST
B0301ST,02,027,District - Mandi (05),Total,35-59,Main workers_Persons,1660,DDW-0200B-01ST-Census.xls,01ST
B0301ST,02,027,District - Mandi (05),Total,60+,Main workers_Persons,251,DDW-0200B-01ST-Census.xls,01ST
B0301ST,02,027,District - Mandi (05),Total,Age not stated,Main workers_Persons,10,DDW-0200B-01ST-Census.xls,01ST
B0301ST,02,027,District - Mandi (05),Total,15-59,Main workers_Persons,3131,DDW-0200B-01ST-Census.xls,01ST
B0301ST,02,027,District - Mandi (05),Rural,Total,Main workers_Persons,3271,DDW-0200B-01ST-Census.xls,01ST
B0301ST,02,027,District - Mandi (05),Rural,5-14,Main workers_Persons,33,DDW-0200B-01ST-Census.xls,01ST
B0301ST,02,027,District - Mandi (05),Rural,15-34,Main workers_Persons,1428,DDW-0200B-01ST-Census.xls,01ST
B0301ST,02,027,District - Mandi (05),Rural,35-59,Main workers_Persons,1555,DDW-0200B-01ST-Census.xls,01ST
B0301ST,02,027,District - Mandi (05),Rural,60+,Main workers_Persons,245,DDW-0200B-01ST-Census.xls,01ST
B0301ST,02,027,District - Mandi (05),Rural,Age not stated,Main workers_Persons,10,DDW-0200B-01ST-Census.xls,01ST
B0301ST,02,027,District - Mandi (05),Rural,15-59,Main workers_Persons,2983,DDW-0200B-01ST-Census.xls,01ST
B0301ST,02,027,District - Mandi (05),Urban,Total,Main workers_Persons,156,DDW-0200B-01ST-Census.xls,01ST
B0301ST,02,027,District - Mandi (05),Urban,5-14,Main workers_Persons,2,DDW-0200B-01ST-Census.xls,01ST
B0301ST,02,027,District - Mandi (05),Urban,15-34,Main workers_Persons,43,DDW-0200B-01ST-Census.xls,01ST
B0301ST,02,027,District - Mandi (05),Urban,35-59,Main workers_Persons,105,DDW-0200B-01ST-Census.xls,01ST
B0301ST,02,027,District - Mandi (05),Urban,60+,Main workers_Persons,6,DDW-0200B-01ST-Census.xls,01ST
B0301ST,02,027,District - Mandi (05),Urban,Age not stated,Main workers_Persons,0,DDW-0200B-01ST-Census.xls,01ST
B0301ST,02,027,District - Mandi (05),Urban,15-59,Main workers_Persons,148,DDW-0200B-01ST-Census.xls,01ST
B0301ST,02,028,District - Hamirpur (06),Total,Total,Main workers_Persons,874,DDW-0200B-01ST-Census.xls,01ST
B0301ST,02,028,District - Hamirpur (06),Total,5-14,Main workers_Persons,5,DDW-0200B-01ST-Census.xls,01ST
B0301ST,02,028,District - Hamirpur (06),Total,15-34,Main workers_Persons,369,DDW-0200B-01ST-Census.xls,01ST
B0301ST,02,028,District - Hamirpur (06),Total,35-59,Main workers_Persons,419,DDW-0200B-01ST-Census.xls,01ST
B0301ST,02,028,District - Hamirpur (06),Total,60+,Main workers_Persons,81,DDW-0200B-01ST-Census.xls,01ST
B0301ST,02,028,District - Hamirpur (06),Total,Age not stated,Main workers_Persons,0,DDW-0200B-01ST-Census.xls,01ST
B0301ST,02,028,District - Hamirpur (06),Total,15-59,Main workers_Persons,788,DDW-0200B-01ST-Census.xls,01ST
B0301ST,02,028,District - Hamirpur (06),Rural,Total,Main workers_Persons,844,DDW-0200B-01ST-Census.xls,01ST
B0301ST,02,028,District - Hamirpur (06),Rural,5-14,Main workers_Persons,5,DDW-0200B-01ST-Census.xls,01ST
B0301ST,02,028,District - Hamirpur (06),Rural,15-34,Main workers_Persons,357,DDW-0200B-01ST-Census.xls,01ST
B0301ST,02,028,District - Hamirpur (06),Rural,35-59,Main workers_Persons,401,DDW-0200B-01ST-Census.xls,01ST
B0301ST,02,028,District - Hamirpur (06),Rural,60+,Main workers_Persons,81,DDW-0200B-01ST-Census.xls,01ST
B0301ST,02,028,District - Hamirpur (06),Rural,Age not stated,Main workers_Persons,0,DDW-0200B-01ST-Census.xls,01ST
B0301ST,02,028,District - Hamirpur (06),Rural,15-59,Main workers_Persons,758,DDW-0200B-01ST-Census.xls,01ST
B0301ST,02,028,District - Hamirpur (06),Urban,Total,Main workers_Persons,30,DDW-0200B-01ST-Census.xls,01ST
B0301ST,02,028,District - Hamirpur (06),Urban,5-14,Main workers_Persons,0,DDW-0200B-01ST-Census.xls,01ST
B0301ST,02,028,District - Hamirpur (06),Urban,15-34,Main workers_Persons,12,DDW-0200B-01ST-Census.xls,01ST
B0301ST,02,028,District - Hamirpur (06),Urban,35-59,Main workers_Persons,18,DDW-0200B-01ST-Census.xls,01ST
B0301ST,02,028,District - Hamirpur (06),Urban,60+,Main workers_Persons,0,DDW-0200B-01ST-Census.xls,01ST
B0301ST,02,028,District - Hamirpur (06),Urban,Age not stated,Main workers_Persons,0,DDW-0200B-01ST-Census.xls,01ST
B0301ST,02,028,District - Hamirpur (06),Urban,15-59,Main workers_Persons,30,DDW-0200B-01ST-Census.xls,01ST
B0301ST,02,029,District - Una (07),Total,Total,Main workers_Persons,2060,DDW-0200B-01ST-Census.xls,01ST
B0301ST,02,029,District - Una (07),Total,5-14,Main workers_Persons,8,DDW-0200B-01ST-Census.xls,01ST
B0301ST,02,029,District - Una (07),Total,15-34,Main workers_Persons,886,DDW-0200B-01ST-Census.xls,01ST
B0301ST,02,029,District - Una (07),Total,35-59,Main workers_Persons,1000,DDW-0200B-01ST-Census.xls,01ST
B0301ST,02,029,District - Una (07),Total,60+,Main workers_Persons,166,DDW-0200B-01ST-Census.xls,01ST
B0301ST,02,029,District - Una (07),Total,Age not stated,Main workers_Persons,0,DDW-0200B-01ST-Census.xls,01ST
B0301ST,02,029,District - Una (07),Total,15-59,Main workers_Persons,1886,DDW-0200B-01ST-Census.xls,01ST
B0301ST,02,029,District - Una (07),Rural,Total,Main workers_Persons,2017,DDW-0200B-01ST-Census.xls,01ST
B0301ST,02,029,District - Una (07),Rural,5-14,Main workers_Persons,8,DDW-0200B-01ST-Census.xls,01ST
B0301ST,02,029,District - Una (07),Rural,15-34,Main workers_Persons,867,DDW-0200B-01ST-Census.xls,01ST
B0301ST,02,029,District - Una (07),Rural,35-59,Main workers_Persons,976,DDW-0200B-01ST-Census.xls,01ST
B0301ST,02,029,District - Una (07),Rural,60+,Main workers_Persons,166,DDW-0200B-01ST-Census.xls,01ST
B0301ST,02,029,District - Una (07),Rural,Age not stated,Main workers_Persons,0,DDW-0200B-01ST-Census.xls,01ST
B0301ST,02,029,District - Una (07),Rural,15-59,Main workers_Persons,1843,DDW-0200B-01ST-Census.xls,01ST
B0301ST,02,029,District - Una (07),Urban,Total,Main workers_Persons,43,DDW-0200B-01ST-Census.xls,01ST
B0301ST,02,029,District - Una (07),Urban,5-14,Main workers_Persons,0,DDW-0200B-01ST-Census.xls,01ST
B0301ST,02,029,District - Una (07),Urban,15-34,Main workers_Persons,19,DDW-0200B-01ST-Census.xls,01ST
B0301ST,02,029,District - Una (07),Urban,35-59,Main workers_Persons,24,DDW-0200B-01ST-Census.xls,01ST
B0301ST,02,029,District - Una (07),Urban,60+,Main workers_Persons,0,DDW-0200B-01ST-Census.xls,01ST
B0301ST,02,029,District - Una (07),Urban,Age not stated,Main workers_Persons,0,DDW-0200B-01ST-Census.xls,01ST
B0301ST,02,029,District - Una (07),Urban,15-59,Main workers_Persons,43,DDW-0200B-01ST-Census.xls,01ST
B0301ST,02,030,District - Bilaspur (08),Total,Total,Main workers_Persons,2727,DDW-0200B-01ST-Census.xls,01ST
B0301ST,02,030,District - Bilaspur (08),Total,5-14,Main workers_Persons,20,DDW-0200B-01ST-Census.xls,01ST
B0301ST,02,030,District - Bilaspur (08),Total,15-34,Main workers_Persons,1129,DDW-0200B-01ST-Census.xls,01ST
B0301ST,02,030,District - Bilaspur (08),Total,35-59,Main workers_Persons,1311,DDW-0200B-01ST-Census.xls,01ST
B0301ST,02,030,District - Bilaspur (08),Total,60+,Main workers_Persons,267,DDW-0200B-01ST-Census.xls,01ST
B0301ST,02,030,District - Bilaspur (08),Total,Age not stated,Main workers_Persons,0,DDW-0200B-01ST-Census.xls,01ST
B0301ST,02,030,District - Bilaspur (08),Total,15-59,Main workers_Persons,2440,DDW-0200B-01ST-Census.xls,01ST
B0301ST,02,030,District - Bilaspur (08),Rural,Total,Main workers_Persons,2608,DDW-0200B-01ST-Census.xls,01ST
B0301ST,02,030,District - Bilaspur (08),Rural,5-14,Main workers_Persons,20,DDW-0200B-01ST-Census.xls,01ST
B0301ST,02,030,District - Bilaspur (08),Rural,15-34,Main workers_Persons,1098,DDW-0200B-01ST-Census.xls,01ST
B0301ST,02,030,District - Bilaspur (08),Rural,35-59,Main workers_Persons,1229,DDW-0200B-01ST-Census.xls,01ST
B0301ST,02,030,District - Bilaspur (08),Rural,60+,Main workers_Persons,261,DDW-0200B-01ST-Census.xls,01ST
B0301ST,02,030,District - Bilaspur (08),Rural,Age not stated,Main workers_Persons,0,DDW-0200B-01ST-Census.xls,01ST
B0301ST,02,030,District - Bilaspur (08),Rural,15-59,Main workers_Persons,2327,DDW-0200B-01ST-Census.xls,01ST
B0301ST,02,030,District - Bilaspur (08),Urban,Total,Main workers_Persons,119,DDW-0200B-01ST-Census.xls,01ST
B0301ST,02,030,District - Bilaspur (08),Urban,5-14,Main workers_Persons,0,DDW-0200B-01ST-Census.xls,01ST
B0301ST,02,030,District - Bilaspur (08),Urban,15-34,Main workers_Persons,31,DDW-0200B-01ST-Census.xls,01ST
B0301ST,02,030,District - Bilaspur (08),Urban,35-59,Main workers_Persons,82,DDW-0200B-01ST-Census.xls,01ST
B0301ST,02,030,District - Bilaspur (08),Urban,60+,Main workers_Persons,6,DDW-0200B-01ST-Census.xls,01ST
B0301ST,02,030,District - Bilaspur (08),Urban,Age not stated,Main workers_Persons,0,DDW-0200B-01ST-Census.xls,01ST
B0301ST,02,030,District - Bilaspur (08),Urban,15-59,Main workers_Persons,113,DDW-0200B-01ST-Census.xls,01ST
B0301ST,02,031,District - Solan (09),Total,Total,Main workers_Persons,8252,DDW-0200B-01ST-Census.xls,01ST
B0301ST,02,031,District - Solan (09),Total,5-14,Main workers_Persons,108,DDW-0200B-01ST-Census.xls,01ST
B0301ST,02,031,District - Solan (09),Total,15-34,Main workers_Persons,3674,DDW-0200B-01ST-Census.xls,01ST
B0301ST,02,031,District - Solan (09),Total,35-59,Main workers_Persons,3672,DDW-0200B-01ST-Census.xls,01ST
B0301ST,02,031,District - Solan (09),Total,60+,Main workers_Persons,781,DDW-0200B-01ST-Census.xls,01ST
B0301ST,02,031,District - Solan (09),Total,Age not stated,Main workers_Persons,17,DDW-0200B-01ST-Census.xls,01ST
B0301ST,02,031,District - Solan (09),Total,15-59,Main workers_Persons,7346,DDW-0200B-01ST-Census.xls,01ST
B0301ST,02,031,District - Solan (09),Rural,Total,Main workers_Persons,7665,DDW-0200B-01ST-Census.xls,01ST
B0301ST,02,031,District - Solan (09),Rural,5-14,Main workers_Persons,101,DDW-0200B-01ST-Census.xls,01ST
B0301ST,02,031,District - Solan (09),Rural,15-34,Main workers_Persons,3353,DDW-0200B-01ST-Census.xls,01ST
B0301ST,02,031,District - Solan (09),Rural,35-59,Main workers_Persons,3449,DDW-0200B-01ST-Census.xls,01ST
B0301ST,02,031,District - Solan (09),Rural,60+,Main workers_Persons,749,DDW-0200B-01ST-Census.xls,01ST
B0301ST,02,031,District - Solan (09),Rural,Age not stated,Main workers_Persons,13,DDW-0200B-01ST-Census.xls,01ST
B0301ST,02,031,District - Solan (09),Rural,15-59,Main workers_Persons,6802,DDW-0200B-01ST-Census.xls,01ST
B0301ST,02,031,District - Solan (09),Urban,Total,Main workers_Persons,587,DDW-0200B-01ST-Census.xls,01ST
B0301ST,02,031,District - Solan (09),Urban,5-14,Main workers_Persons,7,DDW-0200B-01ST-Census.xls,01ST
B0301ST,02,031,District - Solan (09),Urban,15-34,Main workers_Persons,321,DDW-0200B-01ST-Census.xls,01ST
B0301ST,02,031,District - Solan (09),Urban,35-59,Main workers_Persons,223,DDW-0200B-01ST-Census.xls,01ST
B0301ST,02,031,District - Solan (09),Urban,60+,Main workers_Persons,32,DDW-0200B-01ST-Census.xls,01ST
B0301ST,02,031,District - Solan (09),Urban,Age not stated,Main workers_Persons,4,DDW-0200B-01ST-Census.xls,01ST
B0301ST,02,031,District - Solan (09),Urban,15-59,Main workers_Persons,544,DDW-0200B-01ST-Census.xls,01ST
B0301ST,02,032,District - Sirmaur (10),Total,Total,Main workers_Persons,3045,DDW-0200B-01ST-Census.xls,01ST
B0301ST,02,032,District - Sirmaur (10),Total,5-14,Main workers_Persons,66,DDW-0200B-01ST-Census.xls,01ST
B0301ST,02,032,District - Sirmaur (10),Total,15-34,Main workers_Persons,1325,DDW-0200B-01ST-Census.xls,01ST
B0301ST,02,032,District - Sirmaur (10),Total,35-59,Main workers_Persons,1300,DDW-0200B-01ST-Census.xls,01ST
B0301ST,02,032,District - Sirmaur (10),Total,60+,Main workers_Persons,353,DDW-0200B-01ST-Census.xls,01ST
B0301ST,02,032,District - Sirmaur (10),Total,Age not stated,Main workers_Persons,1,DDW-0200B-01ST-Census.xls,01ST
B0301ST,02,032,District - Sirmaur (10),Total,15-59,Main workers_Persons,2625,DDW-0200B-01ST-Census.xls,01ST
B0301ST,02,032,District - Sirmaur (10),Rural,Total,Main workers_Persons,2966,DDW-0200B-01ST-Census.xls,01ST
B0301ST,02,032,District - Sirmaur (10),Rural,5-14,Main workers_Persons,66,DDW-0200B-01ST-Census.xls,01ST
B0301ST,02,032,District - Sirmaur (10),Rural,15-34,Main workers_Persons,1291,DDW-0200B-01ST-Census.xls,01ST
B0301ST,02,032,District - Sirmaur (10),Rural,35-59,Main workers_Persons,1256,DDW-0200B-01ST-Census.xls,01ST
B0301ST,02,032,District - Sirmaur (10),Rural,60+,Main workers_Persons,352,DDW-0200B-01ST-Census.xls,01ST
B0301ST,02,032,District - Sirmaur (10),Rural,Age not stated,Main workers_Persons,1,DDW-0200B-01ST-Census.xls,01ST
B0301ST,02,032,District - Sirmaur (10),Rural,15-59,Main workers_Persons,2547,DDW-0200B-01ST-Census.xls,01ST
B0301ST,02,032,District - Sirmaur (10),Urban,Total,Main workers_Persons,79,DDW-0200B-01ST-Census.xls,01ST
B0301ST,02,032,District - Sirmaur (10),Urban,5-14,Main workers_Persons,0,DDW-0200B-01ST-Census.xls,01ST
B0301ST,02,032,District - Sirmaur (10),Urban,15-34,Main workers_Persons,34,DDW-0200B-01ST-Census.xls,01ST
B0301ST,02,032,District - Sirmaur (10),Urban,35-59,Main workers_Persons,44,DDW-0200B-01ST-Census.xls,01ST
B0301ST,02,032,District - Sirmaur (10),Urban,60+,Main workers_Persons,1,DDW-0200B-01ST-Census.xls,01ST
B0301ST,02,032,District - Sirmaur (10),Urban,Age not stated,Main workers_Persons,0,DDW-0200B-01ST-Census.xls,01ST
B0301ST,02,032,District - Sirmaur (10),Urban,15-59,Main workers_Persons,78,DDW-0200B-01ST-Census.xls,01ST
B0301ST,02,033,District - Shimla (11),Total,Total,Main workers_Persons,2768,DDW-0200B-01ST-Census.xls,01ST
B0301ST,02,033,District - Shimla (11),Total,5-14,Main workers_Persons,67,DDW-0200B-01ST-Census.xls,01ST
B0301ST,02,033,District - Shimla (11),Total,15-34,Main workers_Persons,1127,DDW-0200B-01ST-Census.xls,01ST
B0301ST,02,033,District - Shimla (11),Total,35-59,Main workers_Persons,1429,DDW-0200B-01ST-Census.xls,01ST
B0301ST,02,033,District - Shimla (11),Total,60+,Main workers_Persons,145,DDW-0200B-01ST-Census.xls,01ST
B0301ST,02,033,District - Shimla (11),Total,Age not stated,Main workers_Persons,0,DDW-0200B-01ST-Census.xls,01ST
B0301ST,02,033,District - Shimla (11),Total,15-59,Main workers_Persons,2556,DDW-0200B-01ST-Census.xls,01ST
B0301ST,02,033,District - Shimla (11),Rural,Total,Main workers_Persons,1722,DDW-0200B-01ST-Census.xls,01ST
B0301ST,02,033,District - Shimla (11),Rural,5-14,Main workers_Persons,45,DDW-0200B-01ST-Census.xls,01ST
B0301ST,02,033,District - Shimla (11),Rural,15-34,Main workers_Persons,808,DDW-0200B-01ST-Census.xls,01ST
B0301ST,02,033,District - Shimla (11),Rural,35-59,Main workers_Persons,753,DDW-0200B-01ST-Census.xls,01ST
B0301ST,02,033,District - Shimla (11),Rural,60+,Main workers_Persons,116,DDW-0200B-01ST-Census.xls,01ST
B0301ST,02,033,District - Shimla (11),Rural,Age not stated,Main workers_Persons,0,DDW-0200B-01ST-Census.xls,01ST
B0301ST,02,033,District - Shimla (11),Rural,15-59,Main workers_Persons,1561,DDW-0200B-01ST-Census.xls,01ST
B0301ST,02,033,District - Shimla (11),Urban,Total,Main workers_Persons,1046,DDW-0200B-01ST-Census.xls,01ST
B0301ST,02,033,District - Shimla (11),Urban,5-14,Main workers_Persons,22,DDW-0200B-01ST-Census.xls,01ST
B0301ST,02,033,District - Shimla (11),Urban,15-34,Main workers_Persons,319,DDW-0200B-01ST-Census.xls,01ST
B0301ST,02,033,District - Shimla (11),Urban,35-59,Main workers_Persons,676,DDW-0200B-01ST-Census.xls,01ST
B0301ST,02,033,District - Shimla (11),Urban,60+,Main workers_Persons,29,DDW-0200B-01ST-Census.xls,01ST
B0301ST,02,033,District - Shimla (11),Urban,Age not stated,Main workers_Persons,0,DDW-0200B-01ST-Census.xls,01ST
B0301ST,02,033,District - Shimla (11),Urban,15-59,Main workers_Persons,995,DDW-0200B-01ST-Census.xls,01ST
B0301ST,02,034,District - Kinnaur (12),Total,Total,Main workers_Persons,25949,DDW-0200B-01ST-Census.xls,01ST
B0301ST,02,034,District - Kinnaur (12),Total,5-14,Main workers_Persons,137,DDW-0200B-01ST-Census.xls,01ST
B0301ST,02,034,District - Kinnaur (12),Total,15-34,Main workers_Persons,8709,DDW-0200B-01ST-Census.xls,01ST
B0301ST,02,034,District - Kinnaur (12),Total,35-59,Main workers_Persons,13284,DDW-0200B-01ST-Census.xls,01ST
B0301ST,02,034,District - Kinnaur (12),Total,60+,Main workers_Persons,3789,DDW-0200B-01ST-Census.xls,01ST
B0301ST,02,034,District - Kinnaur (12),Total,Age not stated,Main workers_Persons,30,DDW-0200B-01ST-Census.xls,01ST
B0301ST,02,034,District - Kinnaur (12),Total,15-59,Main workers_Persons,21993,DDW-0200B-01ST-Census.xls,01ST
B0301ST,02,034,District - Kinnaur (12),Rural,Total,Main workers_Persons,25949,DDW-0200B-01ST-Census.xls,01ST
B0301ST,02,034,District - Kinnaur (12),Rural,5-14,Main workers_Persons,137,DDW-0200B-01ST-Census.xls,01ST
B0301ST,02,034,District - Kinnaur (12),Rural,15-34,Main workers_Persons,8709,DDW-0200B-01ST-Census.xls,01ST
B0301ST,02,034,District - Kinnaur (12),Rural,35-59,Main workers_Persons,13284,DDW-0200B-01ST-Census.xls,01ST
B0301ST,02,034,District - Kinnaur (12),Rural,60+,Main workers_Persons,3789,DDW-0200B-01ST-Census.xls,01ST
B0301ST,02,034,District - Kinnaur (12),Rural,Age not stated,Main workers_Persons,30,DDW-0200B-01ST-Census.xls,01ST
B0301ST,02,034,District - Kinnaur (12),Rural,15-59,Main workers_Persons,21993,DDW-0200B-01ST-Census.xls,01ST
B0301ST,02,034,District - Kinnaur (12),Urban,Total,Main workers_Persons,0,DDW-0200B-01ST-Census.xls,01ST
B0301ST,02,034,District - Kinnaur (12),Urban,5-14,Main workers_Persons,0,DDW-0200B-01ST-Census.xls,01ST
B0301ST,02,034,District - Kinnaur (12),Urban,15-34,Main workers_Persons,0,DDW-0200B-01ST-Census.xls,01ST
B0301ST,02,034,District - Kinnaur (12),Urban,35-59,Main workers_Persons,0,DDW-0200B-01ST-Census.xls,01ST
B0301ST,02,034,District - Kinnaur (12),Urban,60+,Main workers_Persons,0,DDW-0200B-01ST-Census.xls,01ST
B0301ST,02,034,District - Kinnaur (12),Urban,Age not stated,Main workers_Persons,0,DDW-0200B-01ST-Census.xls,01ST
B0301ST,02,034,District - Kinnaur (12),Urban,15-59,Main workers_Persons,0,DDW-0200B-01ST-Census.xls,01ST
B0301ST,02,000,State - HIMACHAL PRADESH (02),Total,Total,Main workers_Males,75622,DDW-0200B-01ST-Census.xls,01ST
B0301ST,02,000,State - HIMACHAL PRADESH (02),Total,5-14,Main workers_Males,599,DDW-0200B-01ST-Census.xls,01ST
B0301ST,02,000,State - HIMACHAL PRADESH (02),Total,15-34,Main workers_Males,28488,DDW-0200B-01ST-Census.xls,01ST
B0301ST,02,000,State - HIMACHAL PRADESH (02),Total,35-59,Main workers_Males,38696,DDW-0200B-01ST-Census.xls,01ST
B0301ST,02,000,State - HIMACHAL PRADESH (02),Total,60+,Main workers_Males,7712,DDW-0200B-01ST-Census.xls,01ST
B0301ST,02,000,State - HIMACHAL PRADESH (02),Total,Age not stated,Main workers_Males,127,DDW-0200B-01ST-Census.xls,01ST
B0301ST,02,000,State - HIMACHAL PRADESH (02),Total,15-59,Main workers_Males,67184,DDW-0200B-01ST-Census.xls,01ST
B0301ST,02,000,State - HIMACHAL PRADESH (02),Rural,Total,Main workers_Males,71481,DDW-0200B-01ST-Census.xls,01ST
B0301ST,02,000,State - HIMACHAL PRADESH (02),Rural,5-14,Main workers_Males,559,DDW-0200B-01ST-Census.xls,01ST
B0301ST,02,000,State - HIMACHAL PRADESH (02),Rural,15-34,Main workers_Males,26993,DDW-0200B-01ST-Census.xls,01ST
B0301ST,02,000,State - HIMACHAL PRADESH (02),Rural,35-59,Main workers_Males,36299,DDW-0200B-01ST-Census.xls,01ST
B0301ST,02,000,State - HIMACHAL PRADESH (02),Rural,60+,Main workers_Males,7511,DDW-0200B-01ST-Census.xls,01ST
B0301ST,02,000,State - HIMACHAL PRADESH (02),Rural,Age not stated,Main workers_Males,119,DDW-0200B-01ST-Census.xls,01ST
B0301ST,02,000,State - HIMACHAL PRADESH (02),Rural,15-59,Main workers_Males,63292,DDW-0200B-01ST-Census.xls,01ST
B0301ST,02,000,State - HIMACHAL PRADESH (02),Urban,Total,Main workers_Males,4141,DDW-0200B-01ST-Census.xls,01ST
B0301ST,02,000,State - HIMACHAL PRADESH (02),Urban,5-14,Main workers_Males,40,DDW-0200B-01ST-Census.xls,01ST
B0301ST,02,000,State - HIMACHAL PRADESH (02),Urban,15-34,Main workers_Males,1495,DDW-0200B-01ST-Census.xls,01ST
B0301ST,02,000,State - HIMACHAL PRADESH (02),Urban,35-59,Main workers_Males,2397,DDW-0200B-01ST-Census.xls,01ST
B0301ST,02,000,State - HIMACHAL PRADESH (02),Urban,60+,Main workers_Males,201,DDW-0200B-01ST-Census.xls,01ST
B0301ST,02,000,State - HIMACHAL PRADESH (02),Urban,Age not stated,Main workers_Males,8,DDW-0200B-01ST-Census.xls,01ST
B0301ST,02,000,State - HIMACHAL PRADESH (02),Urban,15-59,Main workers_Males,3892,DDW-0200B-01ST-Census.xls,01ST
B0301ST,02,023,District - Chamba (01),Total,Total,Main workers_Males,19787,DDW-0200B-01ST-Census.xls,01ST
B0301ST,02,023,District - Chamba (01),Total,5-14,Main workers_Males,236,DDW-0200B-01ST-Census.xls,01ST
B0301ST,02,023,District - Chamba (01),Total,15-34,Main workers_Males,7462,DDW-0200B-01ST-Census.xls,01ST
B0301ST,02,023,District - Chamba (01),Total,35-59,Main workers_Males,10593,DDW-0200B-01ST-Census.xls,01ST
B0301ST,02,023,District - Chamba (01),Total,60+,Main workers_Males,1482,DDW-0200B-01ST-Census.xls,01ST
B0301ST,02,023,District - Chamba (01),Total,Age not stated,Main workers_Males,14,DDW-0200B-01ST-Census.xls,01ST
B0301ST,02,023,District - Chamba (01),Total,15-59,Main workers_Males,18055,DDW-0200B-01ST-Census.xls,01ST
B0301ST,02,023,District - Chamba (01),Rural,Total,Main workers_Males,19234,DDW-0200B-01ST-Census.xls,01ST
B0301ST,02,023,District - Chamba (01),Rural,5-14,Main workers_Males,232,DDW-0200B-01ST-Census.xls,01ST
B0301ST,02,023,District - Chamba (01),Rural,15-34,Main workers_Males,7295,DDW-0200B-01ST-Census.xls,01ST
B0301ST,02,023,District - Chamba (01),Rural,35-59,Main workers_Males,10237,DDW-0200B-01ST-Census.xls,01ST
B0301ST,02,023,District - Chamba (01),Rural,60+,Main workers_Males,1456,DDW-0200B-01ST-Census.xls,01ST
B0301ST,02,023,District - Chamba (01),Rural,Age not stated,Main workers_Males,14,DDW-0200B-01ST-Census.xls,01ST
B0301ST,02,023,District - Chamba (01),Rural,15-59,Main workers_Males,17532,DDW-0200B-01ST-Census.xls,01ST
B0301ST,02,023,District - Chamba (01),Urban,Total,Main workers_Males,553,DDW-0200B-01ST-Census.xls,01ST
B0301ST,02,023,District - Chamba (01),Urban,5-14,Main workers_Males,4,DDW-0200B-01ST-Census.xls,01ST
B0301ST,02,023,District - Chamba (01),Urban,15-34,Main workers_Males,167,DDW-0200B-01ST-Census.xls,01ST
B0301ST,02,023,District - Chamba (01),Urban,35-59,Main workers_Males,356,DDW-0200B-01ST-Census.xls,01ST
B0301ST,02,023,District - Chamba (01),Urban,60+,Main workers_Males,26,DDW-0200B-01ST-Census.xls,01ST
B0301ST,02,023,District - Chamba (01),Urban,Age not stated,Main workers_Males,0,DDW-0200B-01ST-Census.xls,01ST
B0301ST,02,023,District - Chamba (01),Urban,15-59,Main workers_Males,523,DDW-0200B-01ST-Census.xls,01ST
B0301ST,02,024,District - Kangra (02),Total,Total,Main workers_Males,14054,DDW-0200B-01ST-Census.xls,01ST
B0301ST,02,024,District - Kangra (02),Total,5-14,Main workers_Males,65,DDW-0200B-01ST-Census.xls,01ST
B0301ST,02,024,District - Kangra (02),Total,15-34,Main workers_Males,5388,DDW-0200B-01ST-Census.xls,01ST
B0301ST,02,024,District - Kangra (02),Total,35-59,Main workers_Males,7288,DDW-0200B-01ST-Census.xls,01ST
B0301ST,02,024,District - Kangra (02),Total,60+,Main workers_Males,1296,DDW-0200B-01ST-Census.xls,01ST
B0301ST,02,024,District - Kangra (02),Total,Age not stated,Main workers_Males,17,DDW-0200B-01ST-Census.xls,01ST
B0301ST,02,024,District - Kangra (02),Total,15-59,Main workers_Males,12676,DDW-0200B-01ST-Census.xls,01ST
B0301ST,02,024,District - Kangra (02),Rural,Total,Main workers_Males,13076,DDW-0200B-01ST-Census.xls,01ST
B0301ST,02,024,District - Kangra (02),Rural,5-14,Main workers_Males,60,DDW-0200B-01ST-Census.xls,01ST
B0301ST,02,024,District - Kangra (02),Rural,15-34,Main workers_Males,4958,DDW-0200B-01ST-Census.xls,01ST
B0301ST,02,024,District - Kangra (02),Rural,35-59,Main workers_Males,6794,DDW-0200B-01ST-Census.xls,01ST
B0301ST,02,024,District - Kangra (02),Rural,60+,Main workers_Males,1249,DDW-0200B-01ST-Census.xls,01ST
B0301ST,02,024,District - Kangra (02),Rural,Age not stated,Main workers_Males,15,DDW-0200B-01ST-Census.xls,01ST
B0301ST,02,024,District - Kangra (02),Rural,15-59,Main workers_Males,11752,DDW-0200B-01ST-Census.xls,01ST
B0301ST,02,024,District - Kangra (02),Urban,Total,Main workers_Males,978,DDW-0200B-01ST-Census.xls,01ST
B0301ST,02,024,District - Kangra (02),Urban,5-14,Main workers_Males,5,DDW-0200B-01ST-Census.xls,01ST
B0301ST,02,024,District - Kangra (02),Urban,15-34,Main workers_Males,430,DDW-0200B-01ST-Census.xls,01ST
B0301ST,02,024,District - Kangra (02),Urban,35-59,Main workers_Males,494,DDW-0200B-01ST-Census.xls,01ST
B0301ST,02,024,District - Kangra (02),Urban,60+,Main workers_Males,47,DDW-0200B-01ST-Census.xls,01ST
B0301ST,02,024,District - Kangra (02),Urban,Age not stated,Main workers_Males,2,DDW-0200B-01ST-Census.xls,01ST
B0301ST,02,024,District - Kangra (02),Urban,15-59,Main workers_Males,924,DDW-0200B-01ST-Census.xls,01ST
B0301ST,02,025,District - Lahul & Spiti (03),Total,Total,Main workers_Males,6123,DDW-0200B-01ST-Census.xls,01ST
B0301ST,02,025,District - Lahul & Spiti (03),Total,5-14,Main workers_Males,22,DDW-0200B-01ST-Census.xls,01ST
B0301ST,02,025,District - Lahul & Spiti (03),Total,15-34,Main workers_Males,1896,DDW-0200B-01ST-Census.xls,01ST
B0301ST,02,025,District - Lahul & Spiti (03),Total,35-59,Main workers_Males,3262,DDW-0200B-01ST-Census.xls,01ST
B0301ST,02,025,District - Lahul & Spiti (03),Total,60+,Main workers_Males,885,DDW-0200B-01ST-Census.xls,01ST
B0301ST,02,025,District - Lahul & Spiti (03),Total,Age not stated,Main workers_Males,58,DDW-0200B-01ST-Census.xls,01ST
B0301ST,02,025,District - Lahul & Spiti (03),Total,15-59,Main workers_Males,5158,DDW-0200B-01ST-Census.xls,01ST
B0301ST,02,025,District - Lahul & Spiti (03),Rural,Total,Main workers_Males,6123,DDW-0200B-01ST-Census.xls,01ST
B0301ST,02,025,District - Lahul & Spiti (03),Rural,5-14,Main workers_Males,22,DDW-0200B-01ST-Census.xls,01ST
B0301ST,02,025,District - Lahul & Spiti (03),Rural,15-34,Main workers_Males,1896,DDW-0200B-01ST-Census.xls,01ST
B0301ST,02,025,District - Lahul & Spiti (03),Rural,35-59,Main workers_Males,3262,DDW-0200B-01ST-Census.xls,01ST
B0301ST,02,025,District - Lahul & Spiti (03),Rural,60+,Main workers_Males,885,DDW-0200B-01ST-Census.xls,01ST
B0301ST,02,025,District - Lahul & Spiti (03),Rural,Age not stated,Main workers_Males,58,DDW-0200B-01ST-Census.xls,01ST
B0301ST,02,025,District - Lahul & Spiti (03),Rural,15-59,Main workers_Males,5158,DDW-0200B-01ST-Census.xls,01ST
B0301ST,02,025,District - Lahul & Spiti (03),Urban,Total,Main workers_Males,0,DDW-0200B-01ST-Census.xls,01ST
B0301ST,02,025,District - Lahul & Spiti (03),Urban,5-14,Main workers_Males,0,DDW-0200B-01ST-Census.xls,01ST
B0301ST,02,025,District - Lahul & Spiti (03),Urban,15-34,Main workers_Males,0,DDW-0200B-01ST-Census.xls,01ST
B0301ST,02,025,District - Lahul & Spiti (03),Urban,35-59,Main workers_Males,0,DDW-0200B-01ST-Census.xls,01ST
B0301ST,02,025,District - Lahul & Spiti (03),Urban,60+,Main workers_Males,0,DDW-0200B-01ST-Census.xls,01ST
B0301ST,02,025,District - Lahul & Spiti (03),Urban,Age not stated,Main workers_Males,0,DDW-0200B-01ST-Census.xls,01ST
B0301ST,02,025,District - Lahul & Spiti (03),Urban,15-59,Main workers_Males,0,DDW-0200B-01ST-Census.xls,01ST
B0301ST,02,026,District - Kullu (04),Total,Total,Main workers_Males,4168,DDW-0200B-01ST-Census.xls,01ST
B0301ST,02,026,District - Kullu (04),Total,5-14,Main workers_Males,13,DDW-0200B-01ST-Census.xls,01ST
B0301ST,02,026,District - Kullu (04),Total,15-34,Main workers_Males,1384,DDW-0200B-01ST-Census.xls,01ST
B0301ST,02,026,District - Kullu (04),Total,35-59,Main workers_Males,2252,DDW-0200B-01ST-Census.xls,01ST
B0301ST,02,026,District - Kullu (04),Total,60+,Main workers_Males,511,DDW-0200B-01ST-Census.xls,01ST
B0301ST,02,026,District - Kullu (04),Total,Age not stated,Main workers_Males,8,DDW-0200B-01ST-Census.xls,01ST
B0301ST,02,026,District - Kullu (04),Total,15-59,Main workers_Males,3636,DDW-0200B-01ST-Census.xls,01ST
B0301ST,02,026,District - Kullu (04),Rural,Total,Main workers_Males,3160,DDW-0200B-01ST-Census.xls,01ST
B0301ST,02,026,District - Kullu (04),Rural,5-14,Main workers_Males,10,DDW-0200B-01ST-Census.xls,01ST
B0301ST,02,026,District - Kullu (04),Rural,15-34,Main workers_Males,1094,DDW-0200B-01ST-Census.xls,01ST
B0301ST,02,026,District - Kullu (04),Rural,35-59,Main workers_Males,1612,DDW-0200B-01ST-Census.xls,01ST
B0301ST,02,026,District - Kullu (04),Rural,60+,Main workers_Males,438,DDW-0200B-01ST-Census.xls,01ST
B0301ST,02,026,District - Kullu (04),Rural,Age not stated,Main workers_Males,6,DDW-0200B-01ST-Census.xls,01ST
B0301ST,02,026,District - Kullu (04),Rural,15-59,Main workers_Males,2706,DDW-0200B-01ST-Census.xls,01ST
B0301ST,02,026,District - Kullu (04),Urban,Total,Main workers_Males,1008,DDW-0200B-01ST-Census.xls,01ST
B0301ST,02,026,District - Kullu (04),Urban,5-14,Main workers_Males,3,DDW-0200B-01ST-Census.xls,01ST
B0301ST,02,026,District - Kullu (04),Urban,15-34,Main workers_Males,290,DDW-0200B-01ST-Census.xls,01ST
B0301ST,02,026,District - Kullu (04),Urban,35-59,Main workers_Males,640,DDW-0200B-01ST-Census.xls,01ST
B0301ST,02,026,District - Kullu (04),Urban,60+,Main workers_Males,73,DDW-0200B-01ST-Census.xls,01ST
B0301ST,02,026,District - Kullu (04),Urban,Age not stated,Main workers_Males,2,DDW-0200B-01ST-Census.xls,01ST
B0301ST,02,026,District - Kullu (04),Urban,15-59,Main workers_Males,930,DDW-0200B-01ST-Census.xls,01ST
B0301ST,02,027,District - Mandi (05),Total,Total,Main workers_Males,2254,DDW-0200B-01ST-Census.xls,01ST
B0301ST,02,027,District - Mandi (05),Total,5-14,Main workers_Males,21,DDW-0200B-01ST-Census.xls,01ST
B0301ST,02,027,District - Mandi (05),Total,15-34,Main workers_Males,911,DDW-0200B-01ST-Census.xls,01ST
B0301ST,02,027,District - Mandi (05),Total,35-59,Main workers_Males,1151,DDW-0200B-01ST-Census.xls,01ST
B0301ST,02,027,District - Mandi (05),Total,60+,Main workers_Males,165,DDW-0200B-01ST-Census.xls,01ST
B0301ST,02,027,District - Mandi (05),Total,Age not stated,Main workers_Males,6,DDW-0200B-01ST-Census.xls,01ST
B0301ST,02,027,District - Mandi (05),Total,15-59,Main workers_Males,2062,DDW-0200B-01ST-Census.xls,01ST
B0301ST,02,027,District - Mandi (05),Rural,Total,Main workers_Males,2136,DDW-0200B-01ST-Census.xls,01ST
B0301ST,02,027,District - Mandi (05),Rural,5-14,Main workers_Males,19,DDW-0200B-01ST-Census.xls,01ST
B0301ST,02,027,District - Mandi (05),Rural,15-34,Main workers_Males,881,DDW-0200B-01ST-Census.xls,01ST
B0301ST,02,027,District - Mandi (05),Rural,35-59,Main workers_Males,1069,DDW-0200B-01ST-Census.xls,01ST
B0301ST,02,027,District - Mandi (05),Rural,60+,Main workers_Males,161,DDW-0200B-01ST-Census.xls,01ST
B0301ST,02,027,District - Mandi (05),Rural,Age not stated,Main workers_Males,6,DDW-0200B-01ST-Census.xls,01ST
B0301ST,02,027,District - Mandi (05),Rural,15-59,Main workers_Males,1950,DDW-0200B-01ST-Census.xls,01ST
B0301ST,02,027,District - Mandi (05),Urban,Total,Main workers_Males,118,DDW-0200B-01ST-Census.xls,01ST
B0301ST,02,027,District - Mandi (05),Urban,5-14,Main workers_Males,2,DDW-0200B-01ST-Census.xls,01ST
B0301ST,02,027,District - Mandi (05),Urban,15-34,Main workers_Males,30,DDW-0200B-01ST-Census.xls,01ST
B0301ST,02,027,District - Mandi (05),Urban,35-59,Main workers_Males,82,DDW-0200B-01ST-Census.xls,01ST
B0301ST,02,027,District - Mandi (05),Urban,60+,Main workers_Males,4,DDW-0200B-01ST-Census.xls,01ST
B0301ST,02,027,District - Mandi (05),Urban,Age not stated,Main workers_Males,0,DDW-0200B-01ST-Census.xls,01ST
B0301ST,02,027,District - Mandi (05),Urban,15-59,Main workers_Males,112,DDW-0200B-01ST-Census.xls,01ST
B0301ST,02,028,District - Hamirpur (06),Total,Total,Main workers_Males,532,DDW-0200B-01ST-Census.xls,01ST
B0301ST,02,028,District - Hamirpur (06),Total,5-14,Main workers_Males,4,DDW-0200B-01ST-Census.xls,01ST
B0301ST,02,028,District - Hamirpur (06),Total,15-34,Main workers_Males,211,DDW-0200B-01ST-Census.xls,01ST
B0301ST,02,028,District - Hamirpur (06),Total,35-59,Main workers_Males,273,DDW-0200B-01ST-Census.xls,01ST
B0301ST,02,028,District - Hamirpur (06),Total,60+,Main workers_Males,44,DDW-0200B-01ST-Census.xls,01ST
B0301ST,02,028,District - Hamirpur (06),Total,Age not stated,Main workers_Males,0,DDW-0200B-01ST-Census.xls,01ST
B0301ST,02,028,District - Hamirpur (06),Total,15-59,Main workers_Males,484,DDW-0200B-01ST-Census.xls,01ST
B0301ST,02,028,District - Hamirpur (06),Rural,Total,Main workers_Males,511,DDW-0200B-01ST-Census.xls,01ST
B0301ST,02,028,District - Hamirpur (06),Rural,5-14,Main workers_Males,4,DDW-0200B-01ST-Census.xls,01ST
B0301ST,02,028,District - Hamirpur (06),Rural,15-34,Main workers_Males,205,DDW-0200B-01ST-Census.xls,01ST
B0301ST,02,028,District - Hamirpur (06),Rural,35-59,Main workers_Males,258,DDW-0200B-01ST-Census.xls,01ST
B0301ST,02,028,District - Hamirpur (06),Rural,60+,Main workers_Males,44,DDW-0200B-01ST-Census.xls,01ST
B0301ST,02,028,District - Hamirpur (06),Rural,Age not stated,Main workers_Males,0,DDW-0200B-01ST-Census.xls,01ST
B0301ST,02,028,District - Hamirpur (06),Rural,15-59,Main workers_Males,463,DDW-0200B-01ST-Census.xls,01ST
B0301ST,02,028,District - Hamirpur (06),Urban,Total,Main workers_Males,21,DDW-0200B-01ST-Census.xls,01ST
B0301ST,02,028,District - Hamirpur (06),Urban,5-14,Main workers_Males,0,DDW-0200B-01ST-Census.xls,01ST
B0301ST,02,028,District - Hamirpur (06),Urban,15-34,Main workers_Males,6,DDW-0200B-01ST-Census.xls,01ST
B0301ST,02,028,District - Hamirpur (06),Urban,35-59,Main workers_Males,15,DDW-0200B-01ST-Census.xls,01ST
B0301ST,02,028,District - Hamirpur (06),Urban,60+,Main workers_Males,0,DDW-0200B-01ST-Census.xls,01ST
B0301ST,02,028,District - Hamirpur (06),Urban,Age not stated,Main workers_Males,0,DDW-0200B-01ST-Census.xls,01ST
B0301ST,02,028,District - Hamirpur (06),Urban,15-59,Main workers_Males,21,DDW-0200B-01ST-Census.xls,01ST
B0301ST,02,029,District - Una (07),Total,Total,Main workers_Males,1746,DDW-0200B-01ST-Census.xls,01ST
B0301ST,02,029,District - Una (07),Total,5-14,Main workers_Males,5,DDW-0200B-01ST-Census.xls,01ST
B0301ST,02,029,District - Una (07),Total,15-34,Main workers_Males,760,DDW-0200B-01ST-Census.xls,01ST
B0301ST,02,029,District - Una (07),Total,35-59,Main workers_Males,840,DDW-0200B-01ST-Census.xls,01ST
B0301ST,02,029,District - Una (07),Total,60+,Main workers_Males,141,DDW-0200B-01ST-Census.xls,01ST
B0301ST,02,029,District - Una (07),Total,Age not stated,Main workers_Males,0,DDW-0200B-01ST-Census.xls,01ST
B0301ST,02,029,District - Una (07),Total,15-59,Main workers_Males,1600,DDW-0200B-01ST-Census.xls,01ST
B0301ST,02,029,District - Una (07),Rural,Total,Main workers_Males,1707,DDW-0200B-01ST-Census.xls,01ST
B0301ST,02,029,District - Una (07),Rural,5-14,Main workers_Males,5,DDW-0200B-01ST-Census.xls,01ST
B0301ST,02,029,District - Una (07),Rural,15-34,Main workers_Males,742,DDW-0200B-01ST-Census.xls,01ST
B0301ST,02,029,District - Una (07),Rural,35-59,Main workers_Males,819,DDW-0200B-01ST-Census.xls,01ST
B0301ST,02,029,District - Una (07),Rural,60+,Main workers_Males,141,DDW-0200B-01ST-Census.xls,01ST
B0301ST,02,029,District - Una (07),Rural,Age not stated,Main workers_Males,0,DDW-0200B-01ST-Census.xls,01ST
B0301ST,02,029,District - Una (07),Rural,15-59,Main workers_Males,1561,DDW-0200B-01ST-Census.xls,01ST
B0301ST,02,029,District - Una (07),Urban,Total,Main workers_Males,39,DDW-0200B-01ST-Census.xls,01ST
B0301ST,02,029,District - Una (07),Urban,5-14,Main workers_Males,0,DDW-0200B-01ST-Census.xls,01ST
B0301ST,02,029,District - Una (07),Urban,15-34,Main workers_Males,18,DDW-0200B-01ST-Census.xls,01ST
B0301ST,02,029,District - Una (07),Urban,35-59,Main workers_Males,21,DDW-0200B-01ST-Census.xls,01ST
B0301ST,02,029,District - Una (07),Urban,60+,Main workers_Males,0,DDW-0200B-01ST-Census.xls,01ST
B0301ST,02,029,District - Una (07),Urban,Age not stated,Main workers_Males,0,DDW-0200B-01ST-Census.xls,01ST
B0301ST,02,029,District - Una (07),Urban,15-59,Main workers_Males,39,DDW-0200B-01ST-Census.xls,01ST
B0301ST,02,030,District - Bilaspur (08),Total,Total,Main workers_Males,2215,DDW-0200B-01ST-Census.xls,01ST
B0301ST,02,030,District - Bilaspur (08),Total,5-14,Main workers_Males,8,DDW-0200B-01ST-Census.xls,01ST
B0301ST,02,030,District - Bilaspur (08),Total,15-34,Main workers_Males,916,DDW-0200B-01ST-Census.xls,01ST
B0301ST,02,030,District - Bilaspur (08),Total,35-59,Main workers_Males,1088,DDW-0200B-01ST-Census.xls,01ST
B0301ST,02,030,District - Bilaspur (08),Total,60+,Main workers_Males,203,DDW-0200B-01ST-Census.xls,01ST
B0301ST,02,030,District - Bilaspur (08),Total,Age not stated,Main workers_Males,0,DDW-0200B-01ST-Census.xls,01ST
B0301ST,02,030,District - Bilaspur (08),Total,15-59,Main workers_Males,2004,DDW-0200B-01ST-Census.xls,01ST
B0301ST,02,030,District - Bilaspur (08),Rural,Total,Main workers_Males,2126,DDW-0200B-01ST-Census.xls,01ST
B0301ST,02,030,District - Bilaspur (08),Rural,5-14,Main workers_Males,8,DDW-0200B-01ST-Census.xls,01ST
B0301ST,02,030,District - Bilaspur (08),Rural,15-34,Main workers_Males,894,DDW-0200B-01ST-Census.xls,01ST
B0301ST,02,030,District - Bilaspur (08),Rural,35-59,Main workers_Males,1025,DDW-0200B-01ST-Census.xls,01ST
B0301ST,02,030,District - Bilaspur (08),Rural,60+,Main workers_Males,199,DDW-0200B-01ST-Census.xls,01ST
B0301ST,02,030,District - Bilaspur (08),Rural,Age not stated,Main workers_Males,0,DDW-0200B-01ST-Census.xls,01ST
B0301ST,02,030,District - Bilaspur (08),Rural,15-59,Main workers_Males,1919,DDW-0200B-01ST-Census.xls,01ST
B0301ST,02,030,District - Bilaspur (08),Urban,Total,Main workers_Males,89,DDW-0200B-01ST-Census.xls,01ST
B0301ST,02,030,District - Bilaspur (08),Urban,5-14,Main workers_Males,0,DDW-0200B-01ST-Census.xls,01ST
B0301ST,02,030,District - Bilaspur (08),Urban,15-34,Main workers_Males,22,DDW-0200B-01ST-Census.xls,01ST
B0301ST,02,030,District - Bilaspur (08),Urban,35-59,Main workers_Males,63,DDW-0200B-01ST-Census.xls,01ST
B0301ST,02,030,District - Bilaspur (08),Urban,60+,Main workers_Males,4,DDW-0200B-01ST-Census.xls,01ST
B0301ST,02,030,District - Bilaspur (08),Urban,Age not stated,Main workers_Males,0,DDW-0200B-01ST-Census.xls,01ST
B0301ST,02,030,District - Bilaspur (08),Urban,15-59,Main workers_Males,85,DDW-0200B-01ST-Census.xls,01ST
B0301ST,02,031,District - Solan (09),Total,Total,Main workers_Males,6415,DDW-0200B-01ST-Census.xls,01ST
B0301ST,02,031,District - Solan (09),Total,5-14,Main workers_Males,66,DDW-0200B-01ST-Census.xls,01ST
B0301ST,02,031,District - Solan (09),Total,15-34,Main workers_Males,2834,DDW-0200B-01ST-Census.xls,01ST
B0301ST,02,031,District - Solan (09),Total,35-59,Main workers_Males,2895,DDW-0200B-01ST-Census.xls,01ST
B0301ST,02,031,District - Solan (09),Total,60+,Main workers_Males,610,DDW-0200B-01ST-Census.xls,01ST
B0301ST,02,031,District - Solan (09),Total,Age not stated,Main workers_Males,10,DDW-0200B-01ST-Census.xls,01ST
B0301ST,02,031,District - Solan (09),Total,15-59,Main workers_Males,5729,DDW-0200B-01ST-Census.xls,01ST
B0301ST,02,031,District - Solan (09),Rural,Total,Main workers_Males,5929,DDW-0200B-01ST-Census.xls,01ST
B0301ST,02,031,District - Solan (09),Rural,5-14,Main workers_Males,61,DDW-0200B-01ST-Census.xls,01ST
B0301ST,02,031,District - Solan (09),Rural,15-34,Main workers_Males,2565,DDW-0200B-01ST-Census.xls,01ST
B0301ST,02,031,District - Solan (09),Rural,35-59,Main workers_Males,2712,DDW-0200B-01ST-Census.xls,01ST
B0301ST,02,031,District - Solan (09),Rural,60+,Main workers_Males,585,DDW-0200B-01ST-Census.xls,01ST
B0301ST,02,031,District - Solan (09),Rural,Age not stated,Main workers_Males,6,DDW-0200B-01ST-Census.xls,01ST
B0301ST,02,031,District - Solan (09),Rural,15-59,Main workers_Males,5277,DDW-0200B-01ST-Census.xls,01ST
B0301ST,02,031,District - Solan (09),Urban,Total,Main workers_Males,486,DDW-0200B-01ST-Census.xls,01ST
B0301ST,02,031,District - Solan (09),Urban,5-14,Main workers_Males,5,DDW-0200B-01ST-Census.xls,01ST
B0301ST,02,031,District - Solan (09),Urban,15-34,Main workers_Males,269,DDW-0200B-01ST-Census.xls,01ST
B0301ST,02,031,District - Solan (09),Urban,35-59,Main workers_Males,183,DDW-0200B-01ST-Census.xls,01ST
B0301ST,02,031,District - Solan (09),Urban,60+,Main workers_Males,25,DDW-0200B-01ST-Census.xls,01ST
B0301ST,02,031,District - Solan (09),Urban,Age not stated,Main workers_Males,4,DDW-0200B-01ST-Census.xls,01ST
B0301ST,02,031,District - Solan (09),Urban,15-59,Main workers_Males,452,DDW-0200B-01ST-Census.xls,01ST
B0301ST,02,032,District - Sirmaur (10),Total,Total,Main workers_Males,2509,DDW-0200B-01ST-Census.xls,01ST
B0301ST,02,032,District - Sirmaur (10),Total,5-14,Main workers_Males,44,DDW-0200B-01ST-Census.xls,01ST
B0301ST,02,032,District - Sirmaur (10),Total,15-34,Main workers_Males,1096,DDW-0200B-01ST-Census.xls,01ST
B0301ST,02,032,District - Sirmaur (10),Total,35-59,Main workers_Males,1062,DDW-0200B-01ST-Census.xls,01ST
B0301ST,02,032,District - Sirmaur (10),Total,60+,Main workers_Males,306,DDW-0200B-01ST-Census.xls,01ST
B0301ST,02,032,District - Sirmaur (10),Total,Age not stated,Main workers_Males,1,DDW-0200B-01ST-Census.xls,01ST
B0301ST,02,032,District - Sirmaur (10),Total,15-59,Main workers_Males,2158,DDW-0200B-01ST-Census.xls,01ST
B0301ST,02,032,District - Sirmaur (10),Rural,Total,Main workers_Males,2448,DDW-0200B-01ST-Census.xls,01ST
B0301ST,02,032,District - Sirmaur (10),Rural,5-14,Main workers_Males,44,DDW-0200B-01ST-Census.xls,01ST
B0301ST,02,032,District - Sirmaur (10),Rural,15-34,Main workers_Males,1065,DDW-0200B-01ST-Census.xls,01ST
B0301ST,02,032,District - Sirmaur (10),Rural,35-59,Main workers_Males,1032,DDW-0200B-01ST-Census.xls,01ST
B0301ST,02,032,District - Sirmaur (10),Rural,60+,Main workers_Males,306,DDW-0200B-01ST-Census.xls,01ST
B0301ST,02,032,District - Sirmaur (10),Rural,Age not stated,Main workers_Males,1,DDW-0200B-01ST-Census.xls,01ST
B0301ST,02,032,District - Sirmaur (10),Rural,15-59,Main workers_Males,2097,DDW-0200B-01ST-Census.xls,01ST
B0301ST,02,032,District - Sirmaur (10),Urban,Total,Main workers_Males,61,DDW-0200B-01ST-Census.xls,01ST
B0301ST,02,032,District - Sirmaur (10),Urban,5-14,Main workers_Males,0,DDW-0200B-01ST-Census.xls,01ST
B0301ST,02,032,District - Sirmaur (10),Urban,15-34,Main workers_Males,31,DDW-0200B-01ST-Census.xls,01ST
B0301ST,02,032,District - Sirmaur (10),Urban,35-59,Main workers_Males,30,DDW-0200B-01ST-Census.xls,01ST
B0301ST,02,032,District - Sirmaur (10),Urban,60+,Main workers_Males,0,DDW-0200B-01ST-Census.xls,01ST
B0301ST,02,032,District - Sirmaur (10),Urban,Age not stated,Main workers_Males,0,DDW-0200B-01ST-Census.xls,01ST
B0301ST,02,032,District - Sirmaur (10),Urban,15-59,Main workers_Males,61,DDW-0200B-01ST-Census.xls,01ST
B0301ST,02,033,District - Shimla (11),Total,Total,Main workers_Males,2055,DDW-0200B-01ST-Census.xls,01ST
B0301ST,02,033,District - Shimla (11),Total,5-14,Main workers_Males,50,DDW-0200B-01ST-Census.xls,01ST
B0301ST,02,033,District - Shimla (11),Total,15-34,Main workers_Males,838,DDW-0200B-01ST-Census.xls,01ST
B0301ST,02,033,District - Shimla (11),Total,35-59,Main workers_Males,1060,DDW-0200B-01ST-Census.xls,01ST
B0301ST,02,033,District - Shimla (11),Total,60+,Main workers_Males,107,DDW-0200B-01ST-Census.xls,01ST
B0301ST,02,033,District - Shimla (11),Total,Age not stated,Main workers_Males,0,DDW-0200B-01ST-Census.xls,01ST
B0301ST,02,033,District - Shimla (11),Total,15-59,Main workers_Males,1898,DDW-0200B-01ST-Census.xls,01ST
B0301ST,02,033,District - Shimla (11),Rural,Total,Main workers_Males,1267,DDW-0200B-01ST-Census.xls,01ST
B0301ST,02,033,District - Shimla (11),Rural,5-14,Main workers_Males,29,DDW-0200B-01ST-Census.xls,01ST
B0301ST,02,033,District - Shimla (11),Rural,15-34,Main workers_Males,606,DDW-0200B-01ST-Census.xls,01ST
B0301ST,02,033,District - Shimla (11),Rural,35-59,Main workers_Males,547,DDW-0200B-01ST-Census.xls,01ST
B0301ST,02,033,District - Shimla (11),Rural,60+,Main workers_Males,85,DDW-0200B-01ST-Census.xls,01ST
B0301ST,02,033,District - Shimla (11),Rural,Age not stated,Main workers_Males,0,DDW-0200B-01ST-Census.xls,01ST
B0301ST,02,033,District - Shimla (11),Rural,15-59,Main workers_Males,1153,DDW-0200B-01ST-Census.xls,01ST
B0301ST,02,033,District - Shimla (11),Urban,Total,Main workers_Males,788,DDW-0200B-01ST-Census.xls,01ST
B0301ST,02,033,District - Shimla (11),Urban,5-14,Main workers_Males,21,DDW-0200B-01ST-Census.xls,01ST
B0301ST,02,033,District - Shimla (11),Urban,15-34,Main workers_Males,232,DDW-0200B-01ST-Census.xls,01ST
B0301ST,02,033,District - Shimla (11),Urban,35-59,Main workers_Males,513,DDW-0200B-01ST-Census.xls,01ST
B0301ST,02,033,District - Shimla (11),Urban,60+,Main workers_Males,22,DDW-0200B-01ST-Census.xls,01ST
B0301ST,02,033,District - Shimla (11),Urban,Age not stated,Main workers_Males,0,DDW-0200B-01ST-Census.xls,01ST
B0301ST,02,033,District - Shimla (11),Urban,15-59,Main workers_Males,745,DDW-0200B-01ST-Census.xls,01ST
B0301ST,02,034,District - Kinnaur (12),Total,Total,Main workers_Males,13764,DDW-0200B-01ST-Census.xls,01ST
B0301ST,02,034,District - Kinnaur (12),Total,5-14,Main workers_Males,65,DDW-0200B-01ST-Census.xls,01ST
B0301ST,02,034,District - Kinnaur (12),Total,15-34,Main workers_Males,4792,DDW-0200B-01ST-Census.xls,01ST
B0301ST,02,034,District - Kinnaur (12),Total,35-59,Main workers_Males,6932,DDW-0200B-01ST-Census.xls,01ST
B0301ST,02,034,District - Kinnaur (12),Total,60+,Main workers_Males,1962,DDW-0200B-01ST-Census.xls,01ST
B0301ST,02,034,District - Kinnaur (12),Total,Age not stated,Main workers_Males,13,DDW-0200B-01ST-Census.xls,01ST
B0301ST,02,034,District - Kinnaur (12),Total,15-59,Main workers_Males,11724,DDW-0200B-01ST-Census.xls,01ST
B0301ST,02,034,District - Kinnaur (12),Rural,Total,Main workers_Males,13764,DDW-0200B-01ST-Census.xls,01ST
B0301ST,02,034,District - Kinnaur (12),Rural,5-14,Main workers_Males,65,DDW-0200B-01ST-Census.xls,01ST
B0301ST,02,034,District - Kinnaur (12),Rural,15-34,Main workers_Males,4792,DDW-0200B-01ST-Census.xls,01ST
B0301ST,02,034,District - Kinnaur (12),Rural,35-59,Main workers_Males,6932,DDW-0200B-01ST-Census.xls,01ST
B0301ST,02,034,District - Kinnaur (12),Rural,60+,Main workers_Males,1962,DDW-0200B-01ST-Census.xls,01ST
B0301ST,02,034,District - Kinnaur (12),Rural,Age not stated,Main workers_Males,13,DDW-0200B-01ST-Census.xls,01ST
B0301ST,02,034,District - Kinnaur (12),Rural,15-59,Main workers_Males,11724,DDW-0200B-01ST-Census.xls,01ST
B0301ST,02,034,District - Kinnaur (12),Urban,Total,Main workers_Males,0,DDW-0200B-01ST-Census.xls,01ST
B0301ST,02,034,District - Kinnaur (12),Urban,5-14,Main workers_Males,0,DDW-0200B-01ST-Census.xls,01ST
B0301ST,02,034,District - Kinnaur (12),Urban,15-34,Main workers_Males,0,DDW-0200B-01ST-Census.xls,01ST
B0301ST,02,034,District - Kinnaur (12),Urban,35-59,Main workers_Males,0,DDW-0200B-01ST-Census.xls,01ST
B0301ST,02,034,District - Kinnaur (12),Urban,60+,Main workers_Males,0,DDW-0200B-01ST-Census.xls,01ST
B0301ST,02,034,District - Kinnaur (12),Urban,Age not stated,Main workers_Males,0,DDW-0200B-01ST-Census.xls,01ST
B0301ST,02,034,District - Kinnaur (12),Urban,15-59,Main workers_Males,0,DDW-0200B-01ST-Census.xls,01ST
B0301ST,02,000,State - HIMACHAL PRADESH (02),Total,Total,Main workers_Females,36396,DDW-0200B-01ST-Census.xls,01ST
B0301ST,02,000,State - HIMACHAL PRADESH (02),Total,5-14,Main workers_Females,468,DDW-0200B-01ST-Census.xls,01ST
B0301ST,02,000,State - HIMACHAL PRADESH (02),Total,15-34,Main workers_Females,13532,DDW-0200B-01ST-Census.xls,01ST
B0301ST,02,000,State - HIMACHAL PRADESH (02),Total,35-59,Main workers_Females,18079,DDW-0200B-01ST-Census.xls,01ST
B0301ST,02,000,State - HIMACHAL PRADESH (02),Total,60+,Main workers_Females,4212,DDW-0200B-01ST-Census.xls,01ST
B0301ST,02,000,State - HIMACHAL PRADESH (02),Total,Age not stated,Main workers_Females,105,DDW-0200B-01ST-Census.xls,01ST
B0301ST,02,000,State - HIMACHAL PRADESH (02),Total,15-59,Main workers_Females,31611,DDW-0200B-01ST-Census.xls,01ST
B0301ST,02,000,State - HIMACHAL PRADESH (02),Rural,Total,Main workers_Females,35109,DDW-0200B-01ST-Census.xls,01ST
B0301ST,02,000,State - HIMACHAL PRADESH (02),Rural,5-14,Main workers_Females,458,DDW-0200B-01ST-Census.xls,01ST
B0301ST,02,000,State - HIMACHAL PRADESH (02),Rural,15-34,Main workers_Females,13069,DDW-0200B-01ST-Census.xls,01ST
B0301ST,02,000,State - HIMACHAL PRADESH (02),Rural,35-59,Main workers_Females,17312,DDW-0200B-01ST-Census.xls,01ST
B0301ST,02,000,State - HIMACHAL PRADESH (02),Rural,60+,Main workers_Females,4165,DDW-0200B-01ST-Census.xls,01ST
B0301ST,02,000,State - HIMACHAL PRADESH (02),Rural,Age not stated,Main workers_Females,105,DDW-0200B-01ST-Census.xls,01ST
B0301ST,02,000,State - HIMACHAL PRADESH (02),Rural,15-59,Main workers_Females,30381,DDW-0200B-01ST-Census.xls,01ST
B0301ST,02,000,State - HIMACHAL PRADESH (02),Urban,Total,Main workers_Females,1287,DDW-0200B-01ST-Census.xls,01ST
B0301ST,02,000,State - HIMACHAL PRADESH (02),Urban,5-14,Main workers_Females,10,DDW-0200B-01ST-Census.xls,01ST
B0301ST,02,000,State - HIMACHAL PRADESH (02),Urban,15-34,Main workers_Females,463,DDW-0200B-01ST-Census.xls,01ST
B0301ST,02,000,State - HIMACHAL PRADESH (02),Urban,35-59,Main workers_Females,767,DDW-0200B-01ST-Census.xls,01ST
B0301ST,02,000,State - HIMACHAL PRADESH (02),Urban,60+,Main workers_Females,47,DDW-0200B-01ST-Census.xls,01ST
B0301ST,02,000,State - HIMACHAL PRADESH (02),Urban,Age not stated,Main workers_Females,0,DDW-0200B-01ST-Census.xls,01ST
B0301ST,02,000,State - HIMACHAL PRADESH (02),Urban,15-59,Main workers_Females,1230,DDW-0200B-01ST-Census.xls,01ST
B0301ST,02,023,District - Chamba (01),Total,Total,Main workers_Females,7300,DDW-0200B-01ST-Census.xls,01ST
B0301ST,02,023,District - Chamba (01),Total,5-14,Main workers_Females,210,DDW-0200B-01ST-Census.xls,01ST
B0301ST,02,023,District - Chamba (01),Total,15-34,Main workers_Females,3153,DDW-0200B-01ST-Census.xls,01ST
B0301ST,02,023,District - Chamba (01),Total,35-59,Main workers_Females,3414,DDW-0200B-01ST-Census.xls,01ST
B0301ST,02,023,District - Chamba (01),Total,60+,Main workers_Females,516,DDW-0200B-01ST-Census.xls,01ST
B0301ST,02,023,District - Chamba (01),Total,Age not stated,Main workers_Females,7,DDW-0200B-01ST-Census.xls,01ST
B0301ST,02,023,District - Chamba (01),Total,15-59,Main workers_Females,6567,DDW-0200B-01ST-Census.xls,01ST
B0301ST,02,023,District - Chamba (01),Rural,Total,Main workers_Females,7152,DDW-0200B-01ST-Census.xls,01ST
B0301ST,02,023,District - Chamba (01),Rural,5-14,Main workers_Females,207,DDW-0200B-01ST-Census.xls,01ST
B0301ST,02,023,District - Chamba (01),Rural,15-34,Main workers_Females,3099,DDW-0200B-01ST-Census.xls,01ST
B0301ST,02,023,District - Chamba (01),Rural,35-59,Main workers_Females,3329,DDW-0200B-01ST-Census.xls,01ST
B0301ST,02,023,District - Chamba (01),Rural,60+,Main workers_Females,510,DDW-0200B-01ST-Census.xls,01ST
B0301ST,02,023,District - Chamba (01),Rural,Age not stated,Main workers_Females,7,DDW-0200B-01ST-Census.xls,01ST
B0301ST,02,023,District - Chamba (01),Rural,15-59,Main workers_Females,6428,DDW-0200B-01ST-Census.xls,01ST
B0301ST,02,023,District - Chamba (01),Urban,Total,Main workers_Females,148,DDW-0200B-01ST-Census.xls,01ST
B0301ST,02,023,District - Chamba (01),Urban,5-14,Main workers_Females,3,DDW-0200B-01ST-Census.xls,01ST
B0301ST,02,023,District - Chamba (01),Urban,15-34,Main workers_Females,54,DDW-0200B-01ST-Census.xls,01ST
B0301ST,02,023,District - Chamba (01),Urban,35-59,Main workers_Females,85,DDW-0200B-01ST-Census.xls,01ST
B0301ST,02,023,District - Chamba (01),Urban,60+,Main workers_Females,6,DDW-0200B-01ST-Census.xls,01ST
B0301ST,02,023,District - Chamba (01),Urban,Age not stated,Main workers_Females,0,DDW-0200B-01ST-Census.xls,01ST
B0301ST,02,023,District - Chamba (01),Urban,15-59,Main workers_Females,139,DDW-0200B-01ST-Census.xls,01ST
B0301ST,02,024,District - Kangra (02),Total,Total,Main workers_Females,3688,DDW-0200B-01ST-Census.xls,01ST
B0301ST,02,024,District - Kangra (02),Total,5-14,Main workers_Females,49,DDW-0200B-01ST-Census.xls,01ST
B0301ST,02,024,District - Kangra (02),Total,15-34,Main workers_Females,1505,DDW-0200B-01ST-Census.xls,01ST
B0301ST,02,024,District - Kangra (02),Total,35-59,Main workers_Females,1811,DDW-0200B-01ST-Census.xls,01ST
B0301ST,02,024,District - Kangra (02),Total,60+,Main workers_Females,317,DDW-0200B-01ST-Census.xls,01ST
B0301ST,02,024,District - Kangra (02),Total,Age not stated,Main workers_Females,6,DDW-0200B-01ST-Census.xls,01ST
B0301ST,02,024,District - Kangra (02),Total,15-59,Main workers_Females,3316,DDW-0200B-01ST-Census.xls,01ST
B0301ST,02,024,District - Kangra (02),Rural,Total,Main workers_Females,3496,DDW-0200B-01ST-Census.xls,01ST
B0301ST,02,024,District - Kangra (02),Rural,5-14,Main workers_Females,45,DDW-0200B-01ST-Census.xls,01ST
B0301ST,02,024,District - Kangra (02),Rural,15-34,Main workers_Females,1428,DDW-0200B-01ST-Census.xls,01ST
B0301ST,02,024,District - Kangra (02),Rural,35-59,Main workers_Females,1706,DDW-0200B-01ST-Census.xls,01ST
B0301ST,02,024,District - Kangra (02),Rural,60+,Main workers_Females,311,DDW-0200B-01ST-Census.xls,01ST
B0301ST,02,024,District - Kangra (02),Rural,Age not stated,Main workers_Females,6,DDW-0200B-01ST-Census.xls,01ST
B0301ST,02,024,District - Kangra (02),Rural,15-59,Main workers_Females,3134,DDW-0200B-01ST-Census.xls,01ST
B0301ST,02,024,District - Kangra (02),Urban,Total,Main workers_Females,192,DDW-0200B-01ST-Census.xls,01ST
B0301ST,02,024,District - Kangra (02),Urban,5-14,Main workers_Females,4,DDW-0200B-01ST-Census.xls,01ST
B0301ST,02,024,District - Kangra (02),Urban,15-34,Main workers_Females,77,DDW-0200B-01ST-Census.xls,01ST
B0301ST,02,024,District - Kangra (02),Urban,35-59,Main workers_Females,105,DDW-0200B-01ST-Census.xls,01ST
B0301ST,02,024,District - Kangra (02),Urban,60+,Main workers_Females,6,DDW-0200B-01ST-Census.xls,01ST
B0301ST,02,024,District - Kangra (02),Urban,Age not stated,Main workers_Females,0,DDW-0200B-01ST-Census.xls,01ST
B0301ST,02,024,District - Kangra (02),Urban,15-59,Main workers_Females,182,DDW-0200B-01ST-Census.xls,01ST
B0301ST,02,025,District - Lahul & Spiti (03),Total,Total,Main workers_Females,5538,DDW-0200B-01ST-Census.xls,01ST
B0301ST,02,025,District - Lahul & Spiti (03),Total,5-14,Main workers_Females,13,DDW-0200B-01ST-Census.xls,01ST
B0301ST,02,025,District - Lahul & Spiti (03),Total,15-34,Main workers_Females,1794,DDW-0200B-01ST-Census.xls,01ST
B0301ST,02,025,District - Lahul & Spiti (03),Total,35-59,Main workers_Females,2823,DDW-0200B-01ST-Census.xls,01ST
B0301ST,02,025,District - Lahul & Spiti (03),Total,60+,Main workers_Females,845,DDW-0200B-01ST-Census.xls,01ST
B0301ST,02,025,District - Lahul & Spiti (03),Total,Age not stated,Main workers_Females,63,DDW-0200B-01ST-Census.xls,01ST
B0301ST,02,025,District - Lahul & Spiti (03),Total,15-59,Main workers_Females,4617,DDW-0200B-01ST-Census.xls,01ST
B0301ST,02,025,District - Lahul & Spiti (03),Rural,Total,Main workers_Females,5538,DDW-0200B-01ST-Census.xls,01ST
B0301ST,02,025,District - Lahul & Spiti (03),Rural,5-14,Main workers_Females,13,DDW-0200B-01ST-Census.xls,01ST
B0301ST,02,025,District - Lahul & Spiti (03),Rural,15-34,Main workers_Females,1794,DDW-0200B-01ST-Census.xls,01ST
B0301ST,02,025,District - Lahul & Spiti (03),Rural,35-59,Main workers_Females,2823,DDW-0200B-01ST-Census.xls,01ST
B0301ST,02,025,District - Lahul & Spiti (03),Rural,60+,Main workers_Females,845,DDW-0200B-01ST-Census.xls,01ST
B0301ST,02,025,District - Lahul & Spiti (03),Rural,Age not stated,Main workers_Females,63,DDW-0200B-01ST-Census.xls,01ST
B0301ST,02,025,District - Lahul & Spiti (03),Rural,15-59,Main workers_Females,4617,DDW-0200B-01ST-Census.xls,01ST
B0301ST,02,025,District - Lahul & Spiti (03),Urban,Total,Main workers_Females,0,DDW-0200B-01ST-Census.xls,01ST
B0301ST,02,025,District - Lahul & Spiti (03),Urban,5-14,Main workers_Females,0,DDW-0200B-01ST-Census.xls,01ST
B0301ST,02,025,District - Lahul & Spiti (03),Urban,15-34,Main workers_Females,0,DDW-0200B-01ST-Census.xls,01ST
B0301ST,02,025,District - Lahul & Spiti (03),Urban,35-59,Main workers_Females,0,DDW-0200B-01ST-Census.xls,01ST
B0301ST,02,025,District - Lahul & Spiti (03),Urban,60+,Main workers_Females,0,DDW-0200B-01ST-Census.xls,01ST
B0301ST,02,025,District - Lahul & Spiti (03),Urban,Age not stated,Main workers_Females,0,DDW-0200B-01ST-Census.xls,01ST
B0301ST,02,025,District - Lahul & Spiti (03),Urban,15-59,Main workers_Females,0,DDW-0200B-01ST-Census.xls,01ST
B0301ST,02,026,District - Kullu (04),Total,Total,Main workers_Females,2258,DDW-0200B-01ST-Census.xls,01ST
B0301ST,02,026,District - Kullu (04),Total,5-14,Main workers_Females,13,DDW-0200B-01ST-Census.xls,01ST
B0301ST,02,026,District - Kullu (04),Total,15-34,Main workers_Females,748,DDW-0200B-01ST-Census.xls,01ST
B0301ST,02,026,District - Kullu (04),Total,35-59,Main workers_Females,1257,DDW-0200B-01ST-Census.xls,01ST
B0301ST,02,026,District - Kullu (04),Total,60+,Main workers_Females,239,DDW-0200B-01ST-Census.xls,01ST
B0301ST,02,026,District - Kullu (04),Total,Age not stated,Main workers_Females,1,DDW-0200B-01ST-Census.xls,01ST
B0301ST,02,026,District - Kullu (04),Total,15-59,Main workers_Females,2005,DDW-0200B-01ST-Census.xls,01ST
B0301ST,02,026,District - Kullu (04),Rural,Total,Main workers_Females,1769,DDW-0200B-01ST-Census.xls,01ST
B0301ST,02,026,District - Kullu (04),Rural,5-14,Main workers_Females,13,DDW-0200B-01ST-Census.xls,01ST
B0301ST,02,026,District - Kullu (04),Rural,15-34,Main workers_Females,587,DDW-0200B-01ST-Census.xls,01ST
B0301ST,02,026,District - Kullu (04),Rural,35-59,Main workers_Females,945,DDW-0200B-01ST-Census.xls,01ST
B0301ST,02,026,District - Kullu (04),Rural,60+,Main workers_Females,223,DDW-0200B-01ST-Census.xls,01ST
B0301ST,02,026,District - Kullu (04),Rural,Age not stated,Main workers_Females,1,DDW-0200B-01ST-Census.xls,01ST
B0301ST,02,026,District - Kullu (04),Rural,15-59,Main workers_Females,1532,DDW-0200B-01ST-Census.xls,01ST
B0301ST,02,026,District - Kullu (04),Urban,Total,Main workers_Females,489,DDW-0200B-01ST-Census.xls,01ST
B0301ST,02,026,District - Kullu (04),Urban,5-14,Main workers_Females,0,DDW-0200B-01ST-Census.xls,01ST
B0301ST,02,026,District - Kullu (04),Urban,15-34,Main workers_Females,161,DDW-0200B-01ST-Census.xls,01ST
B0301ST,02,026,District - Kullu (04),Urban,35-59,Main workers_Females,312,DDW-0200B-01ST-Census.xls,01ST
B0301ST,02,026,District - Kullu (04),Urban,60+,Main workers_Females,16,DDW-0200B-01ST-Census.xls,01ST
B0301ST,02,026,District - Kullu (04),Urban,Age not stated,Main workers_Females,0,DDW-0200B-01ST-Census.xls,01ST
B0301ST,02,026,District - Kullu (04),Urban,15-59,Main workers_Females,473,DDW-0200B-01ST-Census.xls,01ST
B0301ST,02,027,District - Mandi (05),Total,Total,Main workers_Females,1173,DDW-0200B-01ST-Census.xls,01ST
B0301ST,02,027,District - Mandi (05),Total,5-14,Main workers_Females,14,DDW-0200B-01ST-Census.xls,01ST
B0301ST,02,027,District - Mandi (05),Total,15-34,Main workers_Females,560,DDW-0200B-01ST-Census.xls,01ST
B0301ST,02,027,District - Mandi (05),Total,35-59,Main workers_Females,509,DDW-0200B-01ST-Census.xls,01ST
B0301ST,02,027,District - Mandi (05),Total,60+,Main workers_Females,86,DDW-0200B-01ST-Census.xls,01ST
B0301ST,02,027,District - Mandi (05),Total,Age not stated,Main workers_Females,4,DDW-0200B-01ST-Census.xls,01ST
B0301ST,02,027,District - Mandi (05),Total,15-59,Main workers_Females,1069,DDW-0200B-01ST-Census.xls,01ST
B0301ST,02,027,District - Mandi (05),Rural,Total,Main workers_Females,1135,DDW-0200B-01ST-Census.xls,01ST
B0301ST,02,027,District - Mandi (05),Rural,5-14,Main workers_Females,14,DDW-0200B-01ST-Census.xls,01ST
B0301ST,02,027,District - Mandi (05),Rural,15-34,Main workers_Females,547,DDW-0200B-01ST-Census.xls,01ST
B0301ST,02,027,District - Mandi (05),Rural,35-59,Main workers_Females,486,DDW-0200B-01ST-Census.xls,01ST
B0301ST,02,027,District - Mandi (05),Rural,60+,Main workers_Females,84,DDW-0200B-01ST-Census.xls,01ST
B0301ST,02,027,District - Mandi (05),Rural,Age not stated,Main workers_Females,4,DDW-0200B-01ST-Census.xls,01ST
B0301ST,02,027,District - Mandi (05),Rural,15-59,Main workers_Females,1033,DDW-0200B-01ST-Census.xls,01ST
B0301ST,02,027,District - Mandi (05),Urban,Total,Main workers_Females,38,DDW-0200B-01ST-Census.xls,01ST
B0301ST,02,027,District - Mandi (05),Urban,5-14,Main workers_Females,0,DDW-0200B-01ST-Census.xls,01ST
B0301ST,02,027,District - Mandi (05),Urban,15-34,Main workers_Females,13,DDW-0200B-01ST-Census.xls,01ST
B0301ST,02,027,District - Mandi (05),Urban,35-59,Main workers_Females,23,DDW-0200B-01ST-Census.xls,01ST
B0301ST,02,027,District - Mandi (05),Urban,60+,Main workers_Females,2,DDW-0200B-01ST-Census.xls,01ST
B0301ST,02,027,District - Mandi (05),Urban,Age not stated,Main workers_Females,0,DDW-0200B-01ST-Census.xls,01ST
B0301ST,02,027,District - Mandi (05),Urban,15-59,Main workers_Females,36,DDW-0200B-01ST-Census.xls,01ST
B0301ST,02,028,District - Hamirpur (06),Total,Total,Main workers_Females,342,DDW-0200B-01ST-Census.xls,01ST
B0301ST,02,028,District - Hamirpur (06),Total,5-14,Main workers_Females,1,DDW-0200B-01ST-Census.xls,01ST
B0301ST,02,028,District - Hamirpur (06),Total,15-34,Main workers_Females,158,DDW-0200B-01ST-Census.xls,01ST
B0301ST,02,028,District - Hamirpur (06),Total,35-59,Main workers_Females,146,DDW-0200B-01ST-Census.xls,01ST
B0301ST,02,028,District - Hamirpur (06),Total,60+,Main workers_Females,37,DDW-0200B-01ST-Census.xls,01ST
B0301ST,02,028,District - Hamirpur (06),Total,Age not stated,Main workers_Females,0,DDW-0200B-01ST-Census.xls,01ST
B0301ST,02,028,District - Hamirpur (06),Total,15-59,Main workers_Females,304,DDW-0200B-01ST-Census.xls,01ST
B0301ST,02,028,District - Hamirpur (06),Rural,Total,Main workers_Females,333,DDW-0200B-01ST-Census.xls,01ST
B0301ST,02,028,District - Hamirpur (06),Rural,5-14,Main workers_Females,1,DDW-0200B-01ST-Census.xls,01ST
B0301ST,02,028,District - Hamirpur (06),Rural,15-34,Main workers_Females,152,DDW-0200B-01ST-Census.xls,01ST
B0301ST,02,028,District - Hamirpur (06),Rural,35-59,Main workers_Females,143,DDW-0200B-01ST-Census.xls,01ST
B0301ST,02,028,District - Hamirpur (06),Rural,60+,Main workers_Females,37,DDW-0200B-01ST-Census.xls,01ST
B0301ST,02,028,District - Hamirpur (06),Rural,Age not stated,Main workers_Females,0,DDW-0200B-01ST-Census.xls,01ST
B0301ST,02,028,District - Hamirpur (06),Rural,15-59,Main workers_Females,295,DDW-0200B-01ST-Census.xls,01ST
B0301ST,02,028,District - Hamirpur (06),Urban,Total,Main workers_Females,9,DDW-0200B-01ST-Census.xls,01ST
B0301ST,02,028,District - Hamirpur (06),Urban,5-14,Main workers_Females,0,DDW-0200B-01ST-Census.xls,01ST
B0301ST,02,028,District - Hamirpur (06),Urban,15-34,Main workers_Females,6,DDW-0200B-01ST-Census.xls,01ST
B0301ST,02,028,District - Hamirpur (06),Urban,35-59,Main workers_Females,3,DDW-0200B-01ST-Census.xls,01ST
B0301ST,02,028,District - Hamirpur (06),Urban,60+,Main workers_Females,0,DDW-0200B-01ST-Census.xls,01ST
B0301ST,02,028,District - Hamirpur (06),Urban,Age not stated,Main workers_Females,0,DDW-0200B-01ST-Census.xls,01ST
B0301ST,02,028,District - Hamirpur (06),Urban,15-59,Main workers_Females,9,DDW-0200B-01ST-Census.xls,01ST
B0301ST,02,029,District - Una (07),Total,Total,Main workers_Females,314,DDW-0200B-01ST-Census.xls,01ST
B0301ST,02,029,District - Una (07),Total,5-14,Main workers_Females,3,DDW-0200B-01ST-Census.xls,01ST
B0301ST,02,029,District - Una (07),Total,15-34,Main workers_Females,126,DDW-0200B-01ST-Census.xls,01ST
B0301ST,02,029,District - Una (07),Total,35-59,Main workers_Females,160,DDW-0200B-01ST-Census.xls,01ST
B0301ST,02,029,District - Una (07),Total,60+,Main workers_Females,25,DDW-0200B-01ST-Census.xls,01ST
B0301ST,02,029,District - Una (07),Total,Age not stated,Main workers_Females,0,DDW-0200B-01ST-Census.xls,01ST
B0301ST,02,029,District - Una (07),Total,15-59,Main workers_Females,286,DDW-0200B-01ST-Census.xls,01ST
B0301ST,02,029,District - Una (07),Rural,Total,Main workers_Females,310,DDW-0200B-01ST-Census.xls,01ST
B0301ST,02,029,District - Una (07),Rural,5-14,Main workers_Females,3,DDW-0200B-01ST-Census.xls,01ST
B0301ST,02,029,District - Una (07),Rural,15-34,Main workers_Females,125,DDW-0200B-01ST-Census.xls,01ST
B0301ST,02,029,District - Una (07),Rural,35-59,Main workers_Females,157,DDW-0200B-01ST-Census.xls,01ST
B0301ST,02,029,District - Una (07),Rural,60+,Main workers_Females,25,DDW-0200B-01ST-Census.xls,01ST
B0301ST,02,029,District - Una (07),Rural,Age not stated,Main workers_Females,0,DDW-0200B-01ST-Census.xls,01ST
B0301ST,02,029,District - Una (07),Rural,15-59,Main workers_Females,282,DDW-0200B-01ST-Census.xls,01ST
B0301ST,02,029,District - Una (07),Urban,Total,Main workers_Females,4,DDW-0200B-01ST-Census.xls,01ST
B0301ST,02,029,District - Una (07),Urban,5-14,Main workers_Females,0,DDW-0200B-01ST-Census.xls,01ST
B0301ST,02,029,District - Una (07),Urban,15-34,Main workers_Females,1,DDW-0200B-01ST-Census.xls,01ST
B0301ST,02,029,District - Una (07),Urban,35-59,Main workers_Females,3,DDW-0200B-01ST-Census.xls,01ST
B0301ST,02,029,District - Una (07),Urban,60+,Main workers_Females,0,DDW-0200B-01ST-Census.xls,01ST
B0301ST,02,029,District - Una (07),Urban,Age not stated,Main workers_Females,0,DDW-0200B-01ST-Census.xls,01ST
B0301ST,02,029,District - Una (07),Urban,15-59,Main workers_Females,4,DDW-0200B-01ST-Census.xls,01ST
B0301ST,02,030,District - Bilaspur (08),Total,Total,Main workers_Females,512,DDW-0200B-01ST-Census.xls,01ST
B0301ST,02,030,District - Bilaspur (08),Total,5-14,Main workers_Females,12,DDW-0200B-01ST-Census.xls,01ST
B0301ST,02,030,District - Bilaspur (08),Total,15-34,Main workers_Females,213,DDW-0200B-01ST-Census.xls,01ST
B0301ST,02,030,District - Bilaspur (08),Total,35-59,Main workers_Females,223,DDW-0200B-01ST-Census.xls,01ST
B0301ST,02,030,District - Bilaspur (08),Total,60+,Main workers_Females,64,DDW-0200B-01ST-Census.xls,01ST
B0301ST,02,030,District - Bilaspur (08),Total,Age not stated,Main workers_Females,0,DDW-0200B-01ST-Census.xls,01ST
B0301ST,02,030,District - Bilaspur (08),Total,15-59,Main workers_Females,436,DDW-0200B-01ST-Census.xls,01ST
B0301ST,02,030,District - Bilaspur (08),Rural,Total,Main workers_Females,482,DDW-0200B-01ST-Census.xls,01ST
B0301ST,02,030,District - Bilaspur (08),Rural,5-14,Main workers_Females,12,DDW-0200B-01ST-Census.xls,01ST
B0301ST,02,030,District - Bilaspur (08),Rural,15-34,Main workers_Females,204,DDW-0200B-01ST-Census.xls,01ST
B0301ST,02,030,District - Bilaspur (08),Rural,35-59,Main workers_Females,204,DDW-0200B-01ST-Census.xls,01ST
B0301ST,02,030,District - Bilaspur (08),Rural,60+,Main workers_Females,62,DDW-0200B-01ST-Census.xls,01ST
B0301ST,02,030,District - Bilaspur (08),Rural,Age not stated,Main workers_Females,0,DDW-0200B-01ST-Census.xls,01ST
B0301ST,02,030,District - Bilaspur (08),Rural,15-59,Main workers_Females,408,DDW-0200B-01ST-Census.xls,01ST
B0301ST,02,030,District - Bilaspur (08),Urban,Total,Main workers_Females,30,DDW-0200B-01ST-Census.xls,01ST
B0301ST,02,030,District - Bilaspur (08),Urban,5-14,Main workers_Females,0,DDW-0200B-01ST-Census.xls,01ST
B0301ST,02,030,District - Bilaspur (08),Urban,15-34,Main workers_Females,9,DDW-0200B-01ST-Census.xls,01ST
B0301ST,02,030,District - Bilaspur (08),Urban,35-59,Main workers_Females,19,DDW-0200B-01ST-Census.xls,01ST
B0301ST,02,030,District - Bilaspur (08),Urban,60+,Main workers_Females,2,DDW-0200B-01ST-Census.xls,01ST
B0301ST,02,030,District - Bilaspur (08),Urban,Age not stated,Main workers_Females,0,DDW-0200B-01ST-Census.xls,01ST
B0301ST,02,030,District - Bilaspur (08),Urban,15-59,Main workers_Females,28,DDW-0200B-01ST-Census.xls,01ST
B0301ST,02,031,District - Solan (09),Total,Total,Main workers_Females,1837,DDW-0200B-01ST-Census.xls,01ST
B0301ST,02,031,District - Solan (09),Total,5-14,Main workers_Females,42,DDW-0200B-01ST-Census.xls,01ST
B0301ST,02,031,District - Solan (09),Total,15-34,Main workers_Females,840,DDW-0200B-01ST-Census.xls,01ST
B0301ST,02,031,District - Solan (09),Total,35-59,Main workers_Females,777,DDW-0200B-01ST-Census.xls,01ST
B0301ST,02,031,District - Solan (09),Total,60+,Main workers_Females,171,DDW-0200B-01ST-Census.xls,01ST
B0301ST,02,031,District - Solan (09),Total,Age not stated,Main workers_Females,7,DDW-0200B-01ST-Census.xls,01ST
B0301ST,02,031,District - Solan (09),Total,15-59,Main workers_Females,1617,DDW-0200B-01ST-Census.xls,01ST
B0301ST,02,031,District - Solan (09),Rural,Total,Main workers_Females,1736,DDW-0200B-01ST-Census.xls,01ST
B0301ST,02,031,District - Solan (09),Rural,5-14,Main workers_Females,40,DDW-0200B-01ST-Census.xls,01ST
B0301ST,02,031,District - Solan (09),Rural,15-34,Main workers_Females,788,DDW-0200B-01ST-Census.xls,01ST
B0301ST,02,031,District - Solan (09),Rural,35-59,Main workers_Females,737,DDW-0200B-01ST-Census.xls,01ST
B0301ST,02,031,District - Solan (09),Rural,60+,Main workers_Females,164,DDW-0200B-01ST-Census.xls,01ST
B0301ST,02,031,District - Solan (09),Rural,Age not stated,Main workers_Females,7,DDW-0200B-01ST-Census.xls,01ST
B0301ST,02,031,District - Solan (09),Rural,15-59,Main workers_Females,1525,DDW-0200B-01ST-Census.xls,01ST
B0301ST,02,031,District - Solan (09),Urban,Total,Main workers_Females,101,DDW-0200B-01ST-Census.xls,01ST
B0301ST,02,031,District - Solan (09),Urban,5-14,Main workers_Females,2,DDW-0200B-01ST-Census.xls,01ST
B0301ST,02,031,District - Solan (09),Urban,15-34,Main workers_Females,52,DDW-0200B-01ST-Census.xls,01ST
B0301ST,02,031,District - Solan (09),Urban,35-59,Main workers_Females,40,DDW-0200B-01ST-Census.xls,01ST
B0301ST,02,031,District - Solan (09),Urban,60+,Main workers_Females,7,DDW-0200B-01ST-Census.xls,01ST
B0301ST,02,031,District - Solan (09),Urban,Age not stated,Main workers_Females,0,DDW-0200B-01ST-Census.xls,01ST
B0301ST,02,031,District - Solan (09),Urban,15-59,Main workers_Females,92,DDW-0200B-01ST-Census.xls,01ST
B0301ST,02,032,District - Sirmaur (10),Total,Total,Main workers_Females,536,DDW-0200B-01ST-Census.xls,01ST
B0301ST,02,032,District - Sirmaur (10),Total,5-14,Main workers_Females,22,DDW-0200B-01ST-Census.xls,01ST
B0301ST,02,032,District - Sirmaur (10),Total,15-34,Main workers_Females,229,DDW-0200B-01ST-Census.xls,01ST
B0301ST,02,032,District - Sirmaur (10),Total,35-59,Main workers_Females,238,DDW-0200B-01ST-Census.xls,01ST
B0301ST,02,032,District - Sirmaur (10),Total,60+,Main workers_Females,47,DDW-0200B-01ST-Census.xls,01ST
B0301ST,02,032,District - Sirmaur (10),Total,Age not stated,Main workers_Females,0,DDW-0200B-01ST-Census.xls,01ST
B0301ST,02,032,District - Sirmaur (10),Total,15-59,Main workers_Females,467,DDW-0200B-01ST-Census.xls,01ST
B0301ST,02,032,District - Sirmaur (10),Rural,Total,Main workers_Females,518,DDW-0200B-01ST-Census.xls,01ST
B0301ST,02,032,District - Sirmaur (10),Rural,5-14,Main workers_Females,22,DDW-0200B-01ST-Census.xls,01ST
B0301ST,02,032,District - Sirmaur (10),Rural,15-34,Main workers_Females,226,DDW-0200B-01ST-Census.xls,01ST
B0301ST,02,032,District - Sirmaur (10),Rural,35-59,Main workers_Females,224,DDW-0200B-01ST-Census.xls,01ST
B0301ST,02,032,District - Sirmaur (10),Rural,60+,Main workers_Females,46,DDW-0200B-01ST-Census.xls,01ST
B0301ST,02,032,District - Sirmaur (10),Rural,Age not stated,Main workers_Females,0,DDW-0200B-01ST-Census.xls,01ST
B0301ST,02,032,District - Sirmaur (10),Rural,15-59,Main workers_Females,450,DDW-0200B-01ST-Census.xls,01ST
B0301ST,02,032,District - Sirmaur (10),Urban,Total,Main workers_Females,18,DDW-0200B-01ST-Census.xls,01ST
B0301ST,02,032,District - Sirmaur (10),Urban,5-14,Main workers_Females,0,DDW-0200B-01ST-Census.xls,01ST
B0301ST,02,032,District - Sirmaur (10),Urban,15-34,Main workers_Females,3,DDW-0200B-01ST-Census.xls,01ST
B0301ST,02,032,District - Sirmaur (10),Urban,35-59,Main workers_Females,14,DDW-0200B-01ST-Census.xls,01ST
B0301ST,02,032,District - Sirmaur (10),Urban,60+,Main workers_Females,1,DDW-0200B-01ST-Census.xls,01ST
B0301ST,02,032,District - Sirmaur (10),Urban,Age not stated,Main workers_Females,0,DDW-0200B-01ST-Census.xls,01ST
B0301ST,02,032,District - Sirmaur (10),Urban,15-59,Main workers_Females,17,DDW-0200B-01ST-Census.xls,01ST
B0301ST,02,033,District - Shimla (11),Total,Total,Main workers_Females,713,DDW-0200B-01ST-Census.xls,01ST
B0301ST,02,033,District - Shimla (11),Total,5-14,Main workers_Females,17,DDW-0200B-01ST-Census.xls,01ST
B0301ST,02,033,District - Shimla (11),Total,15-34,Main workers_Females,289,DDW-0200B-01ST-Census.xls,01ST
B0301ST,02,033,District - Shimla (11),Total,35-59,Main workers_Females,369,DDW-0200B-01ST-Census.xls,01ST
B0301ST,02,033,District - Shimla (11),Total,60+,Main workers_Females,38,DDW-0200B-01ST-Census.xls,01ST
B0301ST,02,033,District - Shimla (11),Total,Age not stated,Main workers_Females,0,DDW-0200B-01ST-Census.xls,01ST
B0301ST,02,033,District - Shimla (11),Total,15-59,Main workers_Females,658,DDW-0200B-01ST-Census.xls,01ST
B0301ST,02,033,District - Shimla (11),Rural,Total,Main workers_Females,455,DDW-0200B-01ST-Census.xls,01ST
B0301ST,02,033,District - Shimla (11),Rural,5-14,Main workers_Females,16,DDW-0200B-01ST-Census.xls,01ST
B0301ST,02,033,District - Shimla (11),Rural,15-34,Main workers_Females,202,DDW-0200B-01ST-Census.xls,01ST
B0301ST,02,033,District - Shimla (11),Rural,35-59,Main workers_Females,206,DDW-0200B-01ST-Census.xls,01ST
B0301ST,02,033,District - Shimla (11),Rural,60+,Main workers_Females,31,DDW-0200B-01ST-Census.xls,01ST
B0301ST,02,033,District - Shimla (11),Rural,Age not stated,Main workers_Females,0,DDW-0200B-01ST-Census.xls,01ST
B0301ST,02,033,District - Shimla (11),Rural,15-59,Main workers_Females,408,DDW-0200B-01ST-Census.xls,01ST
B0301ST,02,033,District - Shimla (11),Urban,Total,Main workers_Females,258,DDW-0200B-01ST-Census.xls,01ST
B0301ST,02,033,District - Shimla (11),Urban,5-14,Main workers_Females,1,DDW-0200B-01ST-Census.xls,01ST
B0301ST,02,033,District - Shimla (11),Urban,15-34,Main workers_Females,87,DDW-0200B-01ST-Census.xls,01ST
B0301ST,02,033,District - Shimla (11),Urban,35-59,Main workers_Females,163,DDW-0200B-01ST-Census.xls,01ST
B0301ST,02,033,District - Shimla (11),Urban,60+,Main workers_Females,7,DDW-0200B-01ST-Census.xls,01ST
B0301ST,02,033,District - Shimla (11),Urban,Age not stated,Main workers_Females,0,DDW-0200B-01ST-Census.xls,01ST
B0301ST,02,033,District - Shimla (11),Urban,15-59,Main workers_Females,250,DDW-0200B-01ST-Census.xls,01ST
B0301ST,02,034,District - Kinnaur (12),Total,Total,Main workers_Females,12185,DDW-0200B-01ST-Census.xls,01ST
B0301ST,02,034,District - Kinnaur (12),Total,5-14,Main workers_Females,72,DDW-0200B-01ST-Census.xls,01ST
B0301ST,02,034,District - Kinnaur (12),Total,15-34,Main workers_Females,3917,DDW-0200B-01ST-Census.xls,01ST
B0301ST,02,034,District - Kinnaur (12),Total,35-59,Main workers_Females,6352,DDW-0200B-01ST-Census.xls,01ST
B0301ST,02,034,District - Kinnaur (12),Total,60+,Main workers_Females,1827,DDW-0200B-01ST-Census.xls,01ST
B0301ST,02,034,District - Kinnaur (12),Total,Age not stated,Main workers_Females,17,DDW-0200B-01ST-Census.xls,01ST
B0301ST,02,034,District - Kinnaur (12),Total,15-59,Main workers_Females,10269,DDW-0200B-01ST-Census.xls,01ST
B0301ST,02,034,District - Kinnaur (12),Rural,Total,Main workers_Females,12185,DDW-0200B-01ST-Census.xls,01ST
B0301ST,02,034,District - Kinnaur (12),Rural,5-14,Main workers_Females,72,DDW-0200B-01ST-Census.xls,01ST
B0301ST,02,034,District - Kinnaur (12),Rural,15-34,Main workers_Females,3917,DDW-0200B-01ST-Census.xls,01ST
B0301ST,02,034,District - Kinnaur (12),Rural,35-59,Main workers_Females,6352,DDW-0200B-01ST-Census.xls,01ST
B0301ST,02,034,District - Kinnaur (12),Rural,60+,Main workers_Females,1827,DDW-0200B-01ST-Census.xls,01ST
B0301ST,02,034,District - Kinnaur (12),Rural,Age not stated,Main workers_Females,17,DDW-0200B-01ST-Census.xls,01ST
B0301ST,02,034,District - Kinnaur (12),Rural,15-59,Main workers_Females,10269,DDW-0200B-01ST-Census.xls,01ST
B0301ST,02,034,District - Kinnaur (12),Urban,Total,Main workers_Females,0,DDW-0200B-01ST-Census.xls,01ST
B0301ST,02,034,District - Kinnaur (12),Urban,5-14,Main workers_Females,0,DDW-0200B-01ST-Census.xls,01ST
B0301ST,02,034,District - Kinnaur (12),Urban,15-34,Main workers_Females,0,DDW-0200B-01ST-Census.xls,01ST
B0301ST,02,034,District - Kinnaur (12),Urban,35-59,Main workers_Females,0,DDW-0200B-01ST-Census.xls,01ST
B0301ST,02,034,District - Kinnaur (12),Urban,60+,Main workers_Females,0,DDW-0200B-01ST-Census.xls,01ST
B0301ST,02,034,District - Kinnaur (12),Urban,Age not stated,Main workers_Females,0,DDW-0200B-01ST-Census.xls,01ST
B0301ST,02,034,District - Kinnaur (12),Urban,15-59,Main workers_Females,0,DDW-0200B-01ST-Census.xls,01ST
B0301ST,02,000,State - HIMACHAL PRADESH (02),Total,Total,Marginal workers_Worked for less than_3 months_Total_Persons,36178,DDW-0200B-01ST-Census.xls,01ST
B0301ST,02,000,State - HIMACHAL PRADESH (02),Total,5-14,Marginal workers_Worked for less than_3 months_Total_Persons,6622,DDW-0200B-01ST-Census.xls,01ST
B0301ST,02,000,State - HIMACHAL PRADESH (02),Total,15-34,Marginal workers_Worked for less than_3 months_Total_Persons,17074,DDW-0200B-01ST-Census.xls,01ST
B0301ST,02,000,State - HIMACHAL PRADESH (02),Total,35-59,Marginal workers_Worked for less than_3 months_Total_Persons,8655,DDW-0200B-01ST-Census.xls,01ST
B0301ST,02,000,State - HIMACHAL PRADESH (02),Total,60+,Marginal workers_Worked for less than_3 months_Total_Persons,3800,DDW-0200B-01ST-Census.xls,01ST
B0301ST,02,000,State - HIMACHAL PRADESH (02),Total,Age not stated,Marginal workers_Worked for less than_3 months_Total_Persons,27,DDW-0200B-01ST-Census.xls,01ST
B0301ST,02,000,State - HIMACHAL PRADESH (02),Total,15-59,Marginal workers_Worked for less than_3 months_Total_Persons,25729,DDW-0200B-01ST-Census.xls,01ST
B0301ST,02,000,State - HIMACHAL PRADESH (02),Rural,Total,Marginal workers_Worked for less than_3 months_Total_Persons,35966,DDW-0200B-01ST-Census.xls,01ST
B0301ST,02,000,State - HIMACHAL PRADESH (02),Rural,5-14,Marginal workers_Worked for less than_3 months_Total_Persons,6602,DDW-0200B-01ST-Census.xls,01ST
B0301ST,02,000,State - HIMACHAL PRADESH (02),Rural,15-34,Marginal workers_Worked for less than_3 months_Total_Persons,16954,DDW-0200B-01ST-Census.xls,01ST
B0301ST,02,000,State - HIMACHAL PRADESH (02),Rural,35-59,Marginal workers_Worked for less than_3 months_Total_Persons,8592,DDW-0200B-01ST-Census.xls,01ST
B0301ST,02,000,State - HIMACHAL PRADESH (02),Rural,60+,Marginal workers_Worked for less than_3 months_Total_Persons,3791,DDW-0200B-01ST-Census.xls,01ST
B0301ST,02,000,State - HIMACHAL PRADESH (02),Rural,Age not stated,Marginal workers_Worked for less than_3 months_Total_Persons,27,DDW-0200B-01ST-Census.xls,01ST
B0301ST,02,000,State - HIMACHAL PRADESH (02),Rural,15-59,Marginal workers_Worked for less than_3 months_Total_Persons,25546,DDW-0200B-01ST-Census.xls,01ST
B0301ST,02,000,State - HIMACHAL PRADESH (02),Urban,Total,Marginal workers_Worked for less than_3 months_Total_Persons,212,DDW-0200B-01ST-Census.xls,01ST
B0301ST,02,000,State - HIMACHAL PRADESH (02),Urban,5-14,Marginal workers_Worked for less than_3 months_Total_Persons,20,DDW-0200B-01ST-Census.xls,01ST
B0301ST,02,000,State - HIMACHAL PRADESH (02),Urban,15-34,Marginal workers_Worked for less than_3 months_Total_Persons,120,DDW-0200B-01ST-Census.xls,01ST
B0301ST,02,000,State - HIMACHAL PRADESH (02),Urban,35-59,Marginal workers_Worked for less than_3 months_Total_Persons,63,DDW-0200B-01ST-Census.xls,01ST
B0301ST,02,000,State - HIMACHAL PRADESH (02),Urban,60+,Marginal workers_Worked for less than_3 months_Total_Persons,9,DDW-0200B-01ST-Census.xls,01ST
B0301ST,02,000,State - HIMACHAL PRADESH (02),Urban,Age not stated,Marginal workers_Worked for less than_3 months_Total_Persons,0,DDW-0200B-01ST-Census.xls,01ST
B0301ST,02,000,State - HIMACHAL PRADESH (02),Urban,15-59,Marginal workers_Worked for less than_3 months_Total_Persons,183,DDW-0200B-01ST-Census.xls,01ST
B0301ST,02,023,District - Chamba (01),Total,Total,Marginal workers_Worked for less than_3 months_Total_Persons,21735,DDW-0200B-01ST-Census.xls,01ST
B0301ST,02,023,District - Chamba (01),Total,5-14,Marginal workers_Worked for less than_3 months_Total_Persons,4417,DDW-0200B-01ST-Census.xls,01ST
B0301ST,02,023,District - Chamba (01),Total,15-34,Marginal workers_Worked for less than_3 months_Total_Persons,10201,DDW-0200B-01ST-Census.xls,01ST
B0301ST,02,023,District - Chamba (01),Total,35-59,Marginal workers_Worked for less than_3 months_Total_Persons,4994,DDW-0200B-01ST-Census.xls,01ST
B0301ST,02,023,District - Chamba (01),Total,60+,Marginal workers_Worked for less than_3 months_Total_Persons,2109,DDW-0200B-01ST-Census.xls,01ST
B0301ST,02,023,District - Chamba (01),Total,Age not stated,Marginal workers_Worked for less than_3 months_Total_Persons,14,DDW-0200B-01ST-Census.xls,01ST
B0301ST,02,023,District - Chamba (01),Total,15-59,Marginal workers_Worked for less than_3 months_Total_Persons,15195,DDW-0200B-01ST-Census.xls,01ST
B0301ST,02,023,District - Chamba (01),Rural,Total,Marginal workers_Worked for less than_3 months_Total_Persons,21681,DDW-0200B-01ST-Census.xls,01ST
B0301ST,02,023,District - Chamba (01),Rural,5-14,Marginal workers_Worked for less than_3 months_Total_Persons,4415,DDW-0200B-01ST-Census.xls,01ST
B0301ST,02,023,District - Chamba (01),Rural,15-34,Marginal workers_Worked for less than_3 months_Total_Persons,10173,DDW-0200B-01ST-Census.xls,01ST
B0301ST,02,023,District - Chamba (01),Rural,35-59,Marginal workers_Worked for less than_3 months_Total_Persons,4973,DDW-0200B-01ST-Census.xls,01ST
B0301ST,02,023,District - Chamba (01),Rural,60+,Marginal workers_Worked for less than_3 months_Total_Persons,2106,DDW-0200B-01ST-Census.xls,01ST
B0301ST,02,023,District - Chamba (01),Rural,Age not stated,Marginal workers_Worked for less than_3 months_Total_Persons,14,DDW-0200B-01ST-Census.xls,01ST
B0301ST,02,023,District - Chamba (01),Rural,15-59,Marginal workers_Worked for less than_3 months_Total_Persons,15146,DDW-0200B-01ST-Census.xls,01ST
B0301ST,02,023,District - Chamba (01),Urban,Total,Marginal workers_Worked for less than_3 months_Total_Persons,54,DDW-0200B-01ST-Census.xls,01ST
B0301ST,02,023,District - Chamba (01),Urban,5-14,Marginal workers_Worked for less than_3 months_Total_Persons,2,DDW-0200B-01ST-Census.xls,01ST
B0301ST,02,023,District - Chamba (01),Urban,15-34,Marginal workers_Worked for less than_3 months_Total_Persons,28,DDW-0200B-01ST-Census.xls,01ST
B0301ST,02,023,District - Chamba (01),Urban,35-59,Marginal workers_Worked for less than_3 months_Total_Persons,21,DDW-0200B-01ST-Census.xls,01ST
B0301ST,02,023,District - Chamba (01),Urban,60+,Marginal workers_Worked for less than_3 months_Total_Persons,3,DDW-0200B-01ST-Census.xls,01ST
B0301ST,02,023,District - Chamba (01),Urban,Age not stated,Marginal workers_Worked for less than_3 months_Total_Persons,0,DDW-0200B-01ST-Census.xls,01ST
B0301ST,02,023,District - Chamba (01),Urban,15-59,Marginal workers_Worked for less than_3 months_Total_Persons,49,DDW-0200B-01ST-Census.xls,01ST
B0301ST,02,024,District - Kangra (02),Total,Total,Marginal workers_Worked for less than_3 months_Total_Persons,5697,DDW-0200B-01ST-Census.xls,01ST
B0301ST,02,024,District - Kangra (02),Total,5-14,Marginal workers_Worked for less than_3 months_Total_Persons,348,DDW-0200B-01ST-Census.xls,01ST
B0301ST,02,024,District - Kangra (02),Total,15-34,Marginal workers_Worked for less than_3 months_Total_Persons,2582,DDW-0200B-01ST-Census.xls,01ST
B0301ST,02,024,District - Kangra (02),Total,35-59,Marginal workers_Worked for less than_3 months_Total_Persons,2043,DDW-0200B-01ST-Census.xls,01ST
B0301ST,02,024,District - Kangra (02),Total,60+,Marginal workers_Worked for less than_3 months_Total_Persons,718,DDW-0200B-01ST-Census.xls,01ST
B0301ST,02,024,District - Kangra (02),Total,Age not stated,Marginal workers_Worked for less than_3 months_Total_Persons,6,DDW-0200B-01ST-Census.xls,01ST
B0301ST,02,024,District - Kangra (02),Total,15-59,Marginal workers_Worked for less than_3 months_Total_Persons,4625,DDW-0200B-01ST-Census.xls,01ST
B0301ST,02,024,District - Kangra (02),Rural,Total,Marginal workers_Worked for less than_3 months_Total_Persons,5661,DDW-0200B-01ST-Census.xls,01ST
B0301ST,02,024,District - Kangra (02),Rural,5-14,Marginal workers_Worked for less than_3 months_Total_Persons,348,DDW-0200B-01ST-Census.xls,01ST
B0301ST,02,024,District - Kangra (02),Rural,15-34,Marginal workers_Worked for less than_3 months_Total_Persons,2560,DDW-0200B-01ST-Census.xls,01ST
B0301ST,02,024,District - Kangra (02),Rural,35-59,Marginal workers_Worked for less than_3 months_Total_Persons,2030,DDW-0200B-01ST-Census.xls,01ST
B0301ST,02,024,District - Kangra (02),Rural,60+,Marginal workers_Worked for less than_3 months_Total_Persons,717,DDW-0200B-01ST-Census.xls,01ST
B0301ST,02,024,District - Kangra (02),Rural,Age not stated,Marginal workers_Worked for less than_3 months_Total_Persons,6,DDW-0200B-01ST-Census.xls,01ST
B0301ST,02,024,District - Kangra (02),Rural,15-59,Marginal workers_Worked for less than_3 months_Total_Persons,4590,DDW-0200B-01ST-Census.xls,01ST
B0301ST,02,024,District - Kangra (02),Urban,Total,Marginal workers_Worked for less than_3 months_Total_Persons,36,DDW-0200B-01ST-Census.xls,01ST
B0301ST,02,024,District - Kangra (02),Urban,5-14,Marginal workers_Worked for less than_3 months_Total_Persons,0,DDW-0200B-01ST-Census.xls,01ST
B0301ST,02,024,District - Kangra (02),Urban,15-34,Marginal workers_Worked for less than_3 months_Total_Persons,22,DDW-0200B-01ST-Census.xls,01ST
B0301ST,02,024,District - Kangra (02),Urban,35-59,Marginal workers_Worked for less than_3 months_Total_Persons,13,DDW-0200B-01ST-Census.xls,01ST
B0301ST,02,024,District - Kangra (02),Urban,60+,Marginal workers_Worked for less than_3 months_Total_Persons,1,DDW-0200B-01ST-Census.xls,01ST
B0301ST,02,024,District - Kangra (02),Urban,Age not stated,Marginal workers_Worked for less than_3 months_Total_Persons,0,DDW-0200B-01ST-Census.xls,01ST
B0301ST,02,024,District - Kangra (02),Urban,15-59,Marginal workers_Worked for less than_3 months_Total_Persons,35,DDW-0200B-01ST-Census.xls,01ST
B0301ST,02,025,District - Lahul & Spiti (03),Total,Total,Marginal workers_Worked for less than_3 months_Total_Persons,1268,DDW-0200B-01ST-Census.xls,01ST
B0301ST,02,025,District - Lahul & Spiti (03),Total,5-14,Marginal workers_Worked for less than_3 months_Total_Persons,105,DDW-0200B-01ST-Census.xls,01ST
B0301ST,02,025,District - Lahul & Spiti (03),Total,15-34,Marginal workers_Worked for less than_3 months_Total_Persons,767,DDW-0200B-01ST-Census.xls,01ST
B0301ST,02,025,District - Lahul & Spiti (03),Total,35-59,Marginal workers_Worked for less than_3 months_Total_Persons,280,DDW-0200B-01ST-Census.xls,01ST
B0301ST,02,025,District - Lahul & Spiti (03),Total,60+,Marginal workers_Worked for less than_3 months_Total_Persons,115,DDW-0200B-01ST-Census.xls,01ST
B0301ST,02,025,District - Lahul & Spiti (03),Total,Age not stated,Marginal workers_Worked for less than_3 months_Total_Persons,1,DDW-0200B-01ST-Census.xls,01ST
B0301ST,02,025,District - Lahul & Spiti (03),Total,15-59,Marginal workers_Worked for less than_3 months_Total_Persons,1047,DDW-0200B-01ST-Census.xls,01ST
B0301ST,02,025,District - Lahul & Spiti (03),Rural,Total,Marginal workers_Worked for less than_3 months_Total_Persons,1268,DDW-0200B-01ST-Census.xls,01ST
B0301ST,02,025,District - Lahul & Spiti (03),Rural,5-14,Marginal workers_Worked for less than_3 months_Total_Persons,105,DDW-0200B-01ST-Census.xls,01ST
B0301ST,02,025,District - Lahul & Spiti (03),Rural,15-34,Marginal workers_Worked for less than_3 months_Total_Persons,767,DDW-0200B-01ST-Census.xls,01ST
B0301ST,02,025,District - Lahul & Spiti (03),Rural,35-59,Marginal workers_Worked for less than_3 months_Total_Persons,280,DDW-0200B-01ST-Census.xls,01ST
B0301ST,02,025,District - Lahul & Spiti (03),Rural,60+,Marginal workers_Worked for less than_3 months_Total_Persons,115,DDW-0200B-01ST-Census.xls,01ST
B0301ST,02,025,District - Lahul & Spiti (03),Rural,Age not stated,Marginal workers_Worked for less than_3 months_Total_Persons,1,DDW-0200B-01ST-Census.xls,01ST
B0301ST,02,025,District - Lahul & Spiti (03),Rural,15-59,Marginal workers_Worked for less than_3 months_Total_Persons,1047,DDW-0200B-01ST-Census.xls,01ST
B0301ST,02,025,District - Lahul & Spiti (03),Urban,Total,Marginal workers_Worked for less than_3 months_Total_Persons,0,DDW-0200B-01ST-Census.xls,01ST
B0301ST,02,025,District - Lahul & Spiti (03),Urban,5-14,Marginal workers_Worked for less than_3 months_Total_Persons,0,DDW-0200B-01ST-Census.xls,01ST
B0301ST,02,025,District - Lahul & Spiti (03),Urban,15-34,Marginal workers_Worked for less than_3 months_Total_Persons,0,DDW-0200B-01ST-Census.xls,01ST
B0301ST,02,025,District - Lahul & Spiti (03),Urban,35-59,Marginal workers_Worked for less than_3 months_Total_Persons,0,DDW-0200B-01ST-Census.xls,01ST
B0301ST,02,025,District - Lahul & Spiti (03),Urban,60+,Marginal workers_Worked for less than_3 months_Total_Persons,0,DDW-0200B-01ST-Census.xls,01ST
B0301ST,02,025,District - Lahul & Spiti (03),Urban,Age not stated,Marginal workers_Worked for less than_3 months_Total_Persons,0,DDW-0200B-01ST-Census.xls,01ST
B0301ST,02,025,District - Lahul & Spiti (03),Urban,15-59,Marginal workers_Worked for less than_3 months_Total_Persons,0,DDW-0200B-01ST-Census.xls,01ST
B0301ST,02,026,District - Kullu (04),Total,Total,Marginal workers_Worked for less than_3 months_Total_Persons,685,DDW-0200B-01ST-Census.xls,01ST
B0301ST,02,026,District - Kullu (04),Total,5-14,Marginal workers_Worked for less than_3 months_Total_Persons,162,DDW-0200B-01ST-Census.xls,01ST
B0301ST,02,026,District - Kullu (04),Total,15-34,Marginal workers_Worked for less than_3 months_Total_Persons,376,DDW-0200B-01ST-Census.xls,01ST
B0301ST,02,026,District - Kullu (04),Total,35-59,Marginal workers_Worked for less than_3 months_Total_Persons,77,DDW-0200B-01ST-Census.xls,01ST
B0301ST,02,026,District - Kullu (04),Total,60+,Marginal workers_Worked for less than_3 months_Total_Persons,70,DDW-0200B-01ST-Census.xls,01ST
B0301ST,02,026,District - Kullu (04),Total,Age not stated,Marginal workers_Worked for less than_3 months_Total_Persons,0,DDW-0200B-01ST-Census.xls,01ST
B0301ST,02,026,District - Kullu (04),Total,15-59,Marginal workers_Worked for less than_3 months_Total_Persons,453,DDW-0200B-01ST-Census.xls,01ST
B0301ST,02,026,District - Kullu (04),Rural,Total,Marginal workers_Worked for less than_3 months_Total_Persons,658,DDW-0200B-01ST-Census.xls,01ST
B0301ST,02,026,District - Kullu (04),Rural,5-14,Marginal workers_Worked for less than_3 months_Total_Persons,156,DDW-0200B-01ST-Census.xls,01ST
B0301ST,02,026,District - Kullu (04),Rural,15-34,Marginal workers_Worked for less than_3 months_Total_Persons,362,DDW-0200B-01ST-Census.xls,01ST
B0301ST,02,026,District - Kullu (04),Rural,35-59,Marginal workers_Worked for less than_3 months_Total_Persons,70,DDW-0200B-01ST-Census.xls,01ST
B0301ST,02,026,District - Kullu (04),Rural,60+,Marginal workers_Worked for less than_3 months_Total_Persons,70,DDW-0200B-01ST-Census.xls,01ST
B0301ST,02,026,District - Kullu (04),Rural,Age not stated,Marginal workers_Worked for less than_3 months_Total_Persons,0,DDW-0200B-01ST-Census.xls,01ST
B0301ST,02,026,District - Kullu (04),Rural,15-59,Marginal workers_Worked for less than_3 months_Total_Persons,432,DDW-0200B-01ST-Census.xls,01ST
B0301ST,02,026,District - Kullu (04),Urban,Total,Marginal workers_Worked for less than_3 months_Total_Persons,27,DDW-0200B-01ST-Census.xls,01ST
B0301ST,02,026,District - Kullu (04),Urban,5-14,Marginal workers_Worked for less than_3 months_Total_Persons,6,DDW-0200B-01ST-Census.xls,01ST
B0301ST,02,026,District - Kullu (04),Urban,15-34,Marginal workers_Worked for less than_3 months_Total_Persons,14,DDW-0200B-01ST-Census.xls,01ST
B0301ST,02,026,District - Kullu (04),Urban,35-59,Marginal workers_Worked for less than_3 months_Total_Persons,7,DDW-0200B-01ST-Census.xls,01ST
B0301ST,02,026,District - Kullu (04),Urban,60+,Marginal workers_Worked for less than_3 months_Total_Persons,0,DDW-0200B-01ST-Census.xls,01ST
B0301ST,02,026,District - Kullu (04),Urban,Age not stated,Marginal workers_Worked for less than_3 months_Total_Persons,0,DDW-0200B-01ST-Census.xls,01ST
B0301ST,02,026,District - Kullu (04),Urban,15-59,Marginal workers_Worked for less than_3 months_Total_Persons,21,DDW-0200B-01ST-Census.xls,01ST
B0301ST,02,027,District - Mandi (05),Total,Total,Marginal workers_Worked for less than_3 months_Total_Persons,1122,DDW-0200B-01ST-Census.xls,01ST
B0301ST,02,027,District - Mandi (05),Total,5-14,Marginal workers_Worked for less than_3 months_Total_Persons,317,DDW-0200B-01ST-Census.xls,01ST
B0301ST,02,027,District - Mandi (05),Total,15-34,Marginal workers_Worked for less than_3 months_Total_Persons,486,DDW-0200B-01ST-Census.xls,01ST
B0301ST,02,027,District - Mandi (05),Total,35-59,Marginal workers_Worked for less than_3 months_Total_Persons,203,DDW-0200B-01ST-Census.xls,01ST
B0301ST,02,027,District - Mandi (05),Total,60+,Marginal workers_Worked for less than_3 months_Total_Persons,115,DDW-0200B-01ST-Census.xls,01ST
B0301ST,02,027,District - Mandi (05),Total,Age not stated,Marginal workers_Worked for less than_3 months_Total_Persons,1,DDW-0200B-01ST-Census.xls,01ST
B0301ST,02,027,District - Mandi (05),Total,15-59,Marginal workers_Worked for less than_3 months_Total_Persons,689,DDW-0200B-01ST-Census.xls,01ST
B0301ST,02,027,District - Mandi (05),Rural,Total,Marginal workers_Worked for less than_3 months_Total_Persons,1120,DDW-0200B-01ST-Census.xls,01ST
B0301ST,02,027,District - Mandi (05),Rural,5-14,Marginal workers_Worked for less than_3 months_Total_Persons,317,DDW-0200B-01ST-Census.xls,01ST
B0301ST,02,027,District - Mandi (05),Rural,15-34,Marginal workers_Worked for less than_3 months_Total_Persons,485,DDW-0200B-01ST-Census.xls,01ST
B0301ST,02,027,District - Mandi (05),Rural,35-59,Marginal workers_Worked for less than_3 months_Total_Persons,202,DDW-0200B-01ST-Census.xls,01ST
B0301ST,02,027,District - Mandi (05),Rural,60+,Marginal workers_Worked for less than_3 months_Total_Persons,115,DDW-0200B-01ST-Census.xls,01ST
B0301ST,02,027,District - Mandi (05),Rural,Age not stated,Marginal workers_Worked for less than_3 months_Total_Persons,1,DDW-0200B-01ST-Census.xls,01ST
B0301ST,02,027,District - Mandi (05),Rural,15-59,Marginal workers_Worked for less than_3 months_Total_Persons,687,DDW-0200B-01ST-Census.xls,01ST
B0301ST,02,027,District - Mandi (05),Urban,Total,Marginal workers_Worked for less than_3 months_Total_Persons,2,DDW-0200B-01ST-Census.xls,01ST
B0301ST,02,027,District - Mandi (05),Urban,5-14,Marginal workers_Worked for less than_3 months_Total_Persons,0,DDW-0200B-01ST-Census.xls,01ST
B0301ST,02,027,District - Mandi (05),Urban,15-34,Marginal workers_Worked for less than_3 months_Total_Persons,1,DDW-0200B-01ST-Census.xls,01ST
B0301ST,02,027,District - Mandi (05),Urban,35-59,Marginal workers_Worked for less than_3 months_Total_Persons,1,DDW-0200B-01ST-Census.xls,01ST
B0301ST,02,027,District - Mandi (05),Urban,60+,Marginal workers_Worked for less than_3 months_Total_Persons,0,DDW-0200B-01ST-Census.xls,01ST
B0301ST,02,027,District - Mandi (05),Urban,Age not stated,Marginal workers_Worked for less than_3 months_Total_Persons,0,DDW-0200B-01ST-Census.xls,01ST
B0301ST,02,027,District - Mandi (05),Urban,15-59,Marginal workers_Worked for less than_3 months_Total_Persons,2,DDW-0200B-01ST-Census.xls,01ST
B0301ST,02,028,District - Hamirpur (06),Total,Total,Marginal workers_Worked for less than_3 months_Total_Persons,364,DDW-0200B-01ST-Census.xls,01ST
B0301ST,02,028,District - Hamirpur (06),Total,5-14,Marginal workers_Worked for less than_3 months_Total_Persons,97,DDW-0200B-01ST-Census.xls,01ST
B0301ST,02,028,District - Hamirpur (06),Total,15-34,Marginal workers_Worked for less than_3 months_Total_Persons,138,DDW-0200B-01ST-Census.xls,01ST
B0301ST,02,028,District - Hamirpur (06),Total,35-59,Marginal workers_Worked for less than_3 months_Total_Persons,95,DDW-0200B-01ST-Census.xls,01ST
B0301ST,02,028,District - Hamirpur (06),Total,60+,Marginal workers_Worked for less than_3 months_Total_Persons,34,DDW-0200B-01ST-Census.xls,01ST
B0301ST,02,028,District - Hamirpur (06),Total,Age not stated,Marginal workers_Worked for less than_3 months_Total_Persons,0,DDW-0200B-01ST-Census.xls,01ST
B0301ST,02,028,District - Hamirpur (06),Total,15-59,Marginal workers_Worked for less than_3 months_Total_Persons,233,DDW-0200B-01ST-Census.xls,01ST
B0301ST,02,028,District - Hamirpur (06),Rural,Total,Marginal workers_Worked for less than_3 months_Total_Persons,364,DDW-0200B-01ST-Census.xls,01ST
B0301ST,02,028,District - Hamirpur (06),Rural,5-14,Marginal workers_Worked for less than_3 months_Total_Persons,97,DDW-0200B-01ST-Census.xls,01ST
B0301ST,02,028,District - Hamirpur (06),Rural,15-34,Marginal workers_Worked for less than_3 months_Total_Persons,138,DDW-0200B-01ST-Census.xls,01ST
B0301ST,02,028,District - Hamirpur (06),Rural,35-59,Marginal workers_Worked for less than_3 months_Total_Persons,95,DDW-0200B-01ST-Census.xls,01ST
B0301ST,02,028,District - Hamirpur (06),Rural,60+,Marginal workers_Worked for less than_3 months_Total_Persons,34,DDW-0200B-01ST-Census.xls,01ST
B0301ST,02,028,District - Hamirpur (06),Rural,Age not stated,Marginal workers_Worked for less than_3 months_Total_Persons,0,DDW-0200B-01ST-Census.xls,01ST
B0301ST,02,028,District - Hamirpur (06),Rural,15-59,Marginal workers_Worked for less than_3 months_Total_Persons,233,DDW-0200B-01ST-Census.xls,01ST
B0301ST,02,028,District - Hamirpur (06),Urban,Total,Marginal workers_Worked for less than_3 months_Total_Persons,0,DDW-0200B-01ST-Census.xls,01ST
B0301ST,02,028,District - Hamirpur (06),Urban,5-14,Marginal workers_Worked for less than_3 months_Total_Persons,0,DDW-0200B-01ST-Census.xls,01ST
B0301ST,02,028,District - Hamirpur (06),Urban,15-34,Marginal workers_Worked for less than_3 months_Total_Persons,0,DDW-0200B-01ST-Census.xls,01ST
B0301ST,02,028,District - Hamirpur (06),Urban,35-59,Marginal workers_Worked for less than_3 months_Total_Persons,0,DDW-0200B-01ST-Census.xls,01ST
B0301ST,02,028,District - Hamirpur (06),Urban,60+,Marginal workers_Worked for less than_3 months_Total_Persons,0,DDW-0200B-01ST-Census.xls,01ST
B0301ST,02,028,District - Hamirpur (06),Urban,Age not stated,Marginal workers_Worked for less than_3 months_Total_Persons,0,DDW-0200B-01ST-Census.xls,01ST
B0301ST,02,028,District - Hamirpur (06),Urban,15-59,Marginal workers_Worked for less than_3 months_Total_Persons,0,DDW-0200B-01ST-Census.xls,01ST
B0301ST,02,029,District - Una (07),Total,Total,Marginal workers_Worked for less than_3 months_Total_Persons,333,DDW-0200B-01ST-Census.xls,01ST
B0301ST,02,029,District - Una (07),Total,5-14,Marginal workers_Worked for less than_3 months_Total_Persons,33,DDW-0200B-01ST-Census.xls,01ST
B0301ST,02,029,District - Una (07),Total,15-34,Marginal workers_Worked for less than_3 months_Total_Persons,165,DDW-0200B-01ST-Census.xls,01ST
B0301ST,02,029,District - Una (07),Total,35-59,Marginal workers_Worked for less than_3 months_Total_Persons,100,DDW-0200B-01ST-Census.xls,01ST
B0301ST,02,029,District - Una (07),Total,60+,Marginal workers_Worked for less than_3 months_Total_Persons,35,DDW-0200B-01ST-Census.xls,01ST
B0301ST,02,029,District - Una (07),Total,Age not stated,Marginal workers_Worked for less than_3 months_Total_Persons,0,DDW-0200B-01ST-Census.xls,01ST
B0301ST,02,029,District - Una (07),Total,15-59,Marginal workers_Worked for less than_3 months_Total_Persons,265,DDW-0200B-01ST-Census.xls,01ST
B0301ST,02,029,District - Una (07),Rural,Total,Marginal workers_Worked for less than_3 months_Total_Persons,333,DDW-0200B-01ST-Census.xls,01ST
B0301ST,02,029,District - Una (07),Rural,5-14,Marginal workers_Worked for less than_3 months_Total_Persons,33,DDW-0200B-01ST-Census.xls,01ST
B0301ST,02,029,District - Una (07),Rural,15-34,Marginal workers_Worked for less than_3 months_Total_Persons,165,DDW-0200B-01ST-Census.xls,01ST
B0301ST,02,029,District - Una (07),Rural,35-59,Marginal workers_Worked for less than_3 months_Total_Persons,100,DDW-0200B-01ST-Census.xls,01ST
B0301ST,02,029,District - Una (07),Rural,60+,Marginal workers_Worked for less than_3 months_Total_Persons,35,DDW-0200B-01ST-Census.xls,01ST
B0301ST,02,029,District - Una (07),Rural,Age not stated,Marginal workers_Worked for less than_3 months_Total_Persons,0,DDW-0200B-01ST-Census.xls,01ST
B0301ST,02,029,District - Una (07),Rural,15-59,Marginal workers_Worked for less than_3 months_Total_Persons,265,DDW-0200B-01ST-Census.xls,01ST
B0301ST,02,029,District - Una (07),Urban,Total,Marginal workers_Worked for less than_3 months_Total_Persons,0,DDW-0200B-01ST-Census.xls,01ST
B0301ST,02,029,District - Una (07),Urban,5-14,Marginal workers_Worked for less than_3 months_Total_Persons,0,DDW-0200B-01ST-Census.xls,01ST
B0301ST,02,029,District - Una (07),Urban,15-34,Marginal workers_Worked for less than_3 months_Total_Persons,0,DDW-0200B-01ST-Census.xls,01ST
B0301ST,02,029,District - Una (07),Urban,35-59,Marginal workers_Worked for less than_3 months_Total_Persons,0,DDW-0200B-01ST-Census.xls,01ST
B0301ST,02,029,District - Una (07),Urban,60+,Marginal workers_Worked for less than_3 months_Total_Persons,0,DDW-0200B-01ST-Census.xls,01ST
B0301ST,02,029,District - Una (07),Urban,Age not stated,Marginal workers_Worked for less than_3 months_Total_Persons,0,DDW-0200B-01ST-Census.xls,01ST
B0301ST,02,029,District - Una (07),Urban,15-59,Marginal workers_Worked for less than_3 months_Total_Persons,0,DDW-0200B-01ST-Census.xls,01ST
B0301ST,02,030,District - Bilaspur (08),Total,Total,Marginal workers_Worked for less than_3 months_Total_Persons,1006,DDW-0200B-01ST-Census.xls,01ST
B0301ST,02,030,District - Bilaspur (08),Total,5-14,Marginal workers_Worked for less than_3 months_Total_Persons,143,DDW-0200B-01ST-Census.xls,01ST
B0301ST,02,030,District - Bilaspur (08),Total,15-34,Marginal workers_Worked for less than_3 months_Total_Persons,470,DDW-0200B-01ST-Census.xls,01ST
B0301ST,02,030,District - Bilaspur (08),Total,35-59,Marginal workers_Worked for less than_3 months_Total_Persons,234,DDW-0200B-01ST-Census.xls,01ST
B0301ST,02,030,District - Bilaspur (08),Total,60+,Marginal workers_Worked for less than_3 months_Total_Persons,159,DDW-0200B-01ST-Census.xls,01ST
B0301ST,02,030,District - Bilaspur (08),Total,Age not stated,Marginal workers_Worked for less than_3 months_Total_Persons,0,DDW-0200B-01ST-Census.xls,01ST
B0301ST,02,030,District - Bilaspur (08),Total,15-59,Marginal workers_Worked for less than_3 months_Total_Persons,704,DDW-0200B-01ST-Census.xls,01ST
B0301ST,02,030,District - Bilaspur (08),Rural,Total,Marginal workers_Worked for less than_3 months_Total_Persons,993,DDW-0200B-01ST-Census.xls,01ST
B0301ST,02,030,District - Bilaspur (08),Rural,5-14,Marginal workers_Worked for less than_3 months_Total_Persons,143,DDW-0200B-01ST-Census.xls,01ST
B0301ST,02,030,District - Bilaspur (08),Rural,15-34,Marginal workers_Worked for less than_3 months_Total_Persons,460,DDW-0200B-01ST-Census.xls,01ST
B0301ST,02,030,District - Bilaspur (08),Rural,35-59,Marginal workers_Worked for less than_3 months_Total_Persons,232,DDW-0200B-01ST-Census.xls,01ST
B0301ST,02,030,District - Bilaspur (08),Rural,60+,Marginal workers_Worked for less than_3 months_Total_Persons,158,DDW-0200B-01ST-Census.xls,01ST
B0301ST,02,030,District - Bilaspur (08),Rural,Age not stated,Marginal workers_Worked for less than_3 months_Total_Persons,0,DDW-0200B-01ST-Census.xls,01ST
B0301ST,02,030,District - Bilaspur (08),Rural,15-59,Marginal workers_Worked for less than_3 months_Total_Persons,692,DDW-0200B-01ST-Census.xls,01ST
B0301ST,02,030,District - Bilaspur (08),Urban,Total,Marginal workers_Worked for less than_3 months_Total_Persons,13,DDW-0200B-01ST-Census.xls,01ST
B0301ST,02,030,District - Bilaspur (08),Urban,5-14,Marginal workers_Worked for less than_3 months_Total_Persons,0,DDW-0200B-01ST-Census.xls,01ST
B0301ST,02,030,District - Bilaspur (08),Urban,15-34,Marginal workers_Worked for less than_3 months_Total_Persons,10,DDW-0200B-01ST-Census.xls,01ST
B0301ST,02,030,District - Bilaspur (08),Urban,35-59,Marginal workers_Worked for less than_3 months_Total_Persons,2,DDW-0200B-01ST-Census.xls,01ST
B0301ST,02,030,District - Bilaspur (08),Urban,60+,Marginal workers_Worked for less than_3 months_Total_Persons,1,DDW-0200B-01ST-Census.xls,01ST
B0301ST,02,030,District - Bilaspur (08),Urban,Age not stated,Marginal workers_Worked for less than_3 months_Total_Persons,0,DDW-0200B-01ST-Census.xls,01ST
B0301ST,02,030,District - Bilaspur (08),Urban,15-59,Marginal workers_Worked for less than_3 months_Total_Persons,12,DDW-0200B-01ST-Census.xls,01ST
B0301ST,02,031,District - Solan (09),Total,Total,Marginal workers_Worked for less than_3 months_Total_Persons,721,DDW-0200B-01ST-Census.xls,01ST
B0301ST,02,031,District - Solan (09),Total,5-14,Marginal workers_Worked for less than_3 months_Total_Persons,110,DDW-0200B-01ST-Census.xls,01ST
B0301ST,02,031,District - Solan (09),Total,15-34,Marginal workers_Worked for less than_3 months_Total_Persons,304,DDW-0200B-01ST-Census.xls,01ST
B0301ST,02,031,District - Solan (09),Total,35-59,Marginal workers_Worked for less than_3 months_Total_Persons,219,DDW-0200B-01ST-Census.xls,01ST
B0301ST,02,031,District - Solan (09),Total,60+,Marginal workers_Worked for less than_3 months_Total_Persons,87,DDW-0200B-01ST-Census.xls,01ST
B0301ST,02,031,District - Solan (09),Total,Age not stated,Marginal workers_Worked for less than_3 months_Total_Persons,1,DDW-0200B-01ST-Census.xls,01ST
B0301ST,02,031,District - Solan (09),Total,15-59,Marginal workers_Worked for less than_3 months_Total_Persons,523,DDW-0200B-01ST-Census.xls,01ST
B0301ST,02,031,District - Solan (09),Rural,Total,Marginal workers_Worked for less than_3 months_Total_Persons,720,DDW-0200B-01ST-Census.xls,01ST
B0301ST,02,031,District - Solan (09),Rural,5-14,Marginal workers_Worked for less than_3 months_Total_Persons,110,DDW-0200B-01ST-Census.xls,01ST
B0301ST,02,031,District - Solan (09),Rural,15-34,Marginal workers_Worked for less than_3 months_Total_Persons,303,DDW-0200B-01ST-Census.xls,01ST
B0301ST,02,031,District - Solan (09),Rural,35-59,Marginal workers_Worked for less than_3 months_Total_Persons,219,DDW-0200B-01ST-Census.xls,01ST
B0301ST,02,031,District - Solan (09),Rural,60+,Marginal workers_Worked for less than_3 months_Total_Persons,87,DDW-0200B-01ST-Census.xls,01ST
B0301ST,02,031,District - Solan (09),Rural,Age not stated,Marginal workers_Worked for less than_3 months_Total_Persons,1,DDW-0200B-01ST-Census.xls,01ST
B0301ST,02,031,District - Solan (09),Rural,15-59,Marginal workers_Worked for less than_3 months_Total_Persons,522,DDW-0200B-01ST-Census.xls,01ST
B0301ST,02,031,District - Solan (09),Urban,Total,Marginal workers_Worked for less than_3 months_Total_Persons,1,DDW-0200B-01ST-Census.xls,01ST
B0301ST,02,031,District - Solan (09),Urban,5-14,Marginal workers_Worked for less than_3 months_Total_Persons,0,DDW-0200B-01ST-Census.xls,01ST
B0301ST,02,031,District - Solan (09),Urban,15-34,Marginal workers_Worked for less than_3 months_Total_Persons,1,DDW-0200B-01ST-Census.xls,01ST
B0301ST,02,031,District - Solan (09),Urban,35-59,Marginal workers_Worked for less than_3 months_Total_Persons,0,DDW-0200B-01ST-Census.xls,01ST
B0301ST,02,031,District - Solan (09),Urban,60+,Marginal workers_Worked for less than_3 months_Total_Persons,0,DDW-0200B-01ST-Census.xls,01ST
B0301ST,02,031,District - Solan (09),Urban,Age not stated,Marginal workers_Worked for less than_3 months_Total_Persons,0,DDW-0200B-01ST-Census.xls,01ST
B0301ST,02,031,District - Solan (09),Urban,15-59,Marginal workers_Worked for less than_3 months_Total_Persons,1,DDW-0200B-01ST-Census.xls,01ST
B0301ST,02,032,District - Sirmaur (10),Total,Total,Marginal workers_Worked for less than_3 months_Total_Persons,388,DDW-0200B-01ST-Census.xls,01ST
B0301ST,02,032,District - Sirmaur (10),Total,5-14,Marginal workers_Worked for less than_3 months_Total_Persons,83,DDW-0200B-01ST-Census.xls,01ST
B0301ST,02,032,District - Sirmaur (10),Total,15-34,Marginal workers_Worked for less than_3 months_Total_Persons,176,DDW-0200B-01ST-Census.xls,01ST
B0301ST,02,032,District - Sirmaur (10),Total,35-59,Marginal workers_Worked for less than_3 months_Total_Persons,96,DDW-0200B-01ST-Census.xls,01ST
B0301ST,02,032,District - Sirmaur (10),Total,60+,Marginal workers_Worked for less than_3 months_Total_Persons,33,DDW-0200B-01ST-Census.xls,01ST
B0301ST,02,032,District - Sirmaur (10),Total,Age not stated,Marginal workers_Worked for less than_3 months_Total_Persons,0,DDW-0200B-01ST-Census.xls,01ST
B0301ST,02,032,District - Sirmaur (10),Total,15-59,Marginal workers_Worked for less than_3 months_Total_Persons,272,DDW-0200B-01ST-Census.xls,01ST
B0301ST,02,032,District - Sirmaur (10),Rural,Total,Marginal workers_Worked for less than_3 months_Total_Persons,387,DDW-0200B-01ST-Census.xls,01ST
B0301ST,02,032,District - Sirmaur (10),Rural,5-14,Marginal workers_Worked for less than_3 months_Total_Persons,83,DDW-0200B-01ST-Census.xls,01ST
B0301ST,02,032,District - Sirmaur (10),Rural,15-34,Marginal workers_Worked for less than_3 months_Total_Persons,175,DDW-0200B-01ST-Census.xls,01ST
B0301ST,02,032,District - Sirmaur (10),Rural,35-59,Marginal workers_Worked for less than_3 months_Total_Persons,96,DDW-0200B-01ST-Census.xls,01ST
B0301ST,02,032,District - Sirmaur (10),Rural,60+,Marginal workers_Worked for less than_3 months_Total_Persons,33,DDW-0200B-01ST-Census.xls,01ST
B0301ST,02,032,District - Sirmaur (10),Rural,Age not stated,Marginal workers_Worked for less than_3 months_Total_Persons,0,DDW-0200B-01ST-Census.xls,01ST
B0301ST,02,032,District - Sirmaur (10),Rural,15-59,Marginal workers_Worked for less than_3 months_Total_Persons,271,DDW-0200B-01ST-Census.xls,01ST
B0301ST,02,032,District - Sirmaur (10),Urban,Total,Marginal workers_Worked for less than_3 months_Total_Persons,1,DDW-0200B-01ST-Census.xls,01ST
B0301ST,02,032,District - Sirmaur (10),Urban,5-14,Marginal workers_Worked for less than_3 months_Total_Persons,0,DDW-0200B-01ST-Census.xls,01ST
B0301ST,02,032,District - Sirmaur (10),Urban,15-34,Marginal workers_Worked for less than_3 months_Total_Persons,1,DDW-0200B-01ST-Census.xls,01ST
B0301ST,02,032,District - Sirmaur (10),Urban,35-59,Marginal workers_Worked for less than_3 months_Total_Persons,0,DDW-0200B-01ST-Census.xls,01ST
B0301ST,02,032,District - Sirmaur (10),Urban,60+,Marginal workers_Worked for less than_3 months_Total_Persons,0,DDW-0200B-01ST-Census.xls,01ST
B0301ST,02,032,District - Sirmaur (10),Urban,Age not stated,Marginal workers_Worked for less than_3 months_Total_Persons,0,DDW-0200B-01ST-Census.xls,01ST
B0301ST,02,032,District - Sirmaur (10),Urban,15-59,Marginal workers_Worked for less than_3 months_Total_Persons,1,DDW-0200B-01ST-Census.xls,01ST
B0301ST,02,033,District - Shimla (11),Total,Total,Marginal workers_Worked for less than_3 months_Total_Persons,219,DDW-0200B-01ST-Census.xls,01ST
B0301ST,02,033,District - Shimla (11),Total,5-14,Marginal workers_Worked for less than_3 months_Total_Persons,40,DDW-0200B-01ST-Census.xls,01ST
B0301ST,02,033,District - Shimla (11),Total,15-34,Marginal workers_Worked for less than_3 months_Total_Persons,109,DDW-0200B-01ST-Census.xls,01ST
B0301ST,02,033,District - Shimla (11),Total,35-59,Marginal workers_Worked for less than_3 months_Total_Persons,54,DDW-0200B-01ST-Census.xls,01ST
B0301ST,02,033,District - Shimla (11),Total,60+,Marginal workers_Worked for less than_3 months_Total_Persons,16,DDW-0200B-01ST-Census.xls,01ST
B0301ST,02,033,District - Shimla (11),Total,Age not stated,Marginal workers_Worked for less than_3 months_Total_Persons,0,DDW-0200B-01ST-Census.xls,01ST
B0301ST,02,033,District - Shimla (11),Total,15-59,Marginal workers_Worked for less than_3 months_Total_Persons,163,DDW-0200B-01ST-Census.xls,01ST
B0301ST,02,033,District - Shimla (11),Rural,Total,Marginal workers_Worked for less than_3 months_Total_Persons,141,DDW-0200B-01ST-Census.xls,01ST
B0301ST,02,033,District - Shimla (11),Rural,5-14,Marginal workers_Worked for less than_3 months_Total_Persons,28,DDW-0200B-01ST-Census.xls,01ST
B0301ST,02,033,District - Shimla (11),Rural,15-34,Marginal workers_Worked for less than_3 months_Total_Persons,66,DDW-0200B-01ST-Census.xls,01ST
B0301ST,02,033,District - Shimla (11),Rural,35-59,Marginal workers_Worked for less than_3 months_Total_Persons,35,DDW-0200B-01ST-Census.xls,01ST
B0301ST,02,033,District - Shimla (11),Rural,60+,Marginal workers_Worked for less than_3 months_Total_Persons,12,DDW-0200B-01ST-Census.xls,01ST
B0301ST,02,033,District - Shimla (11),Rural,Age not stated,Marginal workers_Worked for less than_3 months_Total_Persons,0,DDW-0200B-01ST-Census.xls,01ST
B0301ST,02,033,District - Shimla (11),Rural,15-59,Marginal workers_Worked for less than_3 months_Total_Persons,101,DDW-0200B-01ST-Census.xls,01ST
B0301ST,02,033,District - Shimla (11),Urban,Total,Marginal workers_Worked for less than_3 months_Total_Persons,78,DDW-0200B-01ST-Census.xls,01ST
B0301ST,02,033,District - Shimla (11),Urban,5-14,Marginal workers_Worked for less than_3 months_Total_Persons,12,DDW-0200B-01ST-Census.xls,01ST
B0301ST,02,033,District - Shimla (11),Urban,15-34,Marginal workers_Worked for less than_3 months_Total_Persons,43,DDW-0200B-01ST-Census.xls,01ST
B0301ST,02,033,District - Shimla (11),Urban,35-59,Marginal workers_Worked for less than_3 months_Total_Persons,19,DDW-0200B-01ST-Census.xls,01ST
B0301ST,02,033,District - Shimla (11),Urban,60+,Marginal workers_Worked for less than_3 months_Total_Persons,4,DDW-0200B-01ST-Census.xls,01ST
B0301ST,02,033,District - Shimla (11),Urban,Age not stated,Marginal workers_Worked for less than_3 months_Total_Persons,0,DDW-0200B-01ST-Census.xls,01ST
B0301ST,02,033,District - Shimla (11),Urban,15-59,Marginal workers_Worked for less than_3 months_Total_Persons,62,DDW-0200B-01ST-Census.xls,01ST
B0301ST,02,034,District - Kinnaur (12),Total,Total,Marginal workers_Worked for less than_3 months_Total_Persons,2640,DDW-0200B-01ST-Census.xls,01ST
B0301ST,02,034,District - Kinnaur (12),Total,5-14,Marginal workers_Worked for less than_3 months_Total_Persons,767,DDW-0200B-01ST-Census.xls,01ST
B0301ST,02,034,District - Kinnaur (12),Total,15-34,Marginal workers_Worked for less than_3 months_Total_Persons,1300,DDW-0200B-01ST-Census.xls,01ST
B0301ST,02,034,District - Kinnaur (12),Total,35-59,Marginal workers_Worked for less than_3 months_Total_Persons,260,DDW-0200B-01ST-Census.xls,01ST
B0301ST,02,034,District - Kinnaur (12),Total,60+,Marginal workers_Worked for less than_3 months_Total_Persons,309,DDW-0200B-01ST-Census.xls,01ST
B0301ST,02,034,District - Kinnaur (12),Total,Age not stated,Marginal workers_Worked for less than_3 months_Total_Persons,4,DDW-0200B-01ST-Census.xls,01ST
B0301ST,02,034,District - Kinnaur (12),Total,15-59,Marginal workers_Worked for less than_3 months_Total_Persons,1560,DDW-0200B-01ST-Census.xls,01ST
B0301ST,02,034,District - Kinnaur (12),Rural,Total,Marginal workers_Worked for less than_3 months_Total_Persons,2640,DDW-0200B-01ST-Census.xls,01ST
B0301ST,02,034,District - Kinnaur (12),Rural,5-14,Marginal workers_Worked for less than_3 months_Total_Persons,767,DDW-0200B-01ST-Census.xls,01ST
B0301ST,02,034,District - Kinnaur (12),Rural,15-34,Marginal workers_Worked for less than_3 months_Total_Persons,1300,DDW-0200B-01ST-Census.xls,01ST
B0301ST,02,034,District - Kinnaur (12),Rural,35-59,Marginal workers_Worked for less than_3 months_Total_Persons,260,DDW-0200B-01ST-Census.xls,01ST
B0301ST,02,034,District - Kinnaur (12),Rural,60+,Marginal workers_Worked for less than_3 months_Total_Persons,309,DDW-0200B-01ST-Census.xls,01ST
B0301ST,02,034,District - Kinnaur (12),Rural,Age not stated,Marginal workers_Worked for less than_3 months_Total_Persons,4,DDW-0200B-01ST-Census.xls,01ST
B0301ST,02,034,District - Kinnaur (12),Rural,15-59,Marginal workers_Worked for less than_3 months_Total_Persons,1560,DDW-0200B-01ST-Census.xls,01ST
B0301ST,02,034,District - Kinnaur (12),Urban,Total,Marginal workers_Worked for less than_3 months_Total_Persons,0,DDW-0200B-01ST-Census.xls,01ST
B0301ST,02,034,District - Kinnaur (12),Urban,5-14,Marginal workers_Worked for less than_3 months_Total_Persons,0,DDW-0200B-01ST-Census.xls,01ST
B0301ST,02,034,District - Kinnaur (12),Urban,15-34,Marginal workers_Worked for less than_3 months_Total_Persons,0,DDW-0200B-01ST-Census.xls,01ST
B0301ST,02,034,District - Kinnaur (12),Urban,35-59,Marginal workers_Worked for less than_3 months_Total_Persons,0,DDW-0200B-01ST-Census.xls,01ST
B0301ST,02,034,District - Kinnaur (12),Urban,60+,Marginal workers_Worked for less than_3 months_Total_Persons,0,DDW-0200B-01ST-Census.xls,01ST
B0301ST,02,034,District - Kinnaur (12),Urban,Age not stated,Marginal workers_Worked for less than_3 months_Total_Persons,0,DDW-0200B-01ST-Census.xls,01ST
B0301ST,02,034,District - Kinnaur (12),Urban,15-59,Marginal workers_Worked for less than_3 months_Total_Persons,0,DDW-0200B-01ST-Census.xls,01ST
B0301ST,02,000,State - HIMACHAL PRADESH (02),Total,Total,Marginal workers_Worked for less than_3 months_Total_Males,14766,DDW-0200B-01ST-Census.xls,01ST
B0301ST,02,000,State - HIMACHAL PRADESH (02),Total,5-14,Marginal workers_Worked for less than_3 months_Total_Males,3302,DDW-0200B-01ST-Census.xls,01ST
B0301ST,02,000,State - HIMACHAL PRADESH (02),Total,15-34,Marginal workers_Worked for less than_3 months_Total_Males,7299,DDW-0200B-01ST-Census.xls,01ST
B0301ST,02,000,State - HIMACHAL PRADESH (02),Total,35-59,Marginal workers_Worked for less than_3 months_Total_Males,2506,DDW-0200B-01ST-Census.xls,01ST
B0301ST,02,000,State - HIMACHAL PRADESH (02),Total,60+,Marginal workers_Worked for less than_3 months_Total_Males,1645,DDW-0200B-01ST-Census.xls,01ST
B0301ST,02,000,State - HIMACHAL PRADESH (02),Total,Age not stated,Marginal workers_Worked for less than_3 months_Total_Males,14,DDW-0200B-01ST-Census.xls,01ST
B0301ST,02,000,State - HIMACHAL PRADESH (02),Total,15-59,Marginal workers_Worked for less than_3 months_Total_Males,9805,DDW-0200B-01ST-Census.xls,01ST
B0301ST,02,000,State - HIMACHAL PRADESH (02),Rural,Total,Marginal workers_Worked for less than_3 months_Total_Males,14686,DDW-0200B-01ST-Census.xls,01ST
B0301ST,02,000,State - HIMACHAL PRADESH (02),Rural,5-14,Marginal workers_Worked for less than_3 months_Total_Males,3294,DDW-0200B-01ST-Census.xls,01ST
B0301ST,02,000,State - HIMACHAL PRADESH (02),Rural,15-34,Marginal workers_Worked for less than_3 months_Total_Males,7245,DDW-0200B-01ST-Census.xls,01ST
B0301ST,02,000,State - HIMACHAL PRADESH (02),Rural,35-59,Marginal workers_Worked for less than_3 months_Total_Males,2490,DDW-0200B-01ST-Census.xls,01ST
B0301ST,02,000,State - HIMACHAL PRADESH (02),Rural,60+,Marginal workers_Worked for less than_3 months_Total_Males,1643,DDW-0200B-01ST-Census.xls,01ST
B0301ST,02,000,State - HIMACHAL PRADESH (02),Rural,Age not stated,Marginal workers_Worked for less than_3 months_Total_Males,14,DDW-0200B-01ST-Census.xls,01ST
B0301ST,02,000,State - HIMACHAL PRADESH (02),Rural,15-59,Marginal workers_Worked for less than_3 months_Total_Males,9735,DDW-0200B-01ST-Census.xls,01ST
B0301ST,02,000,State - HIMACHAL PRADESH (02),Urban,Total,Marginal workers_Worked for less than_3 months_Total_Males,80,DDW-0200B-01ST-Census.xls,01ST
B0301ST,02,000,State - HIMACHAL PRADESH (02),Urban,5-14,Marginal workers_Worked for less than_3 months_Total_Males,8,DDW-0200B-01ST-Census.xls,01ST
B0301ST,02,000,State - HIMACHAL PRADESH (02),Urban,15-34,Marginal workers_Worked for less than_3 months_Total_Males,54,DDW-0200B-01ST-Census.xls,01ST
B0301ST,02,000,State - HIMACHAL PRADESH (02),Urban,35-59,Marginal workers_Worked for less than_3 months_Total_Males,16,DDW-0200B-01ST-Census.xls,01ST
B0301ST,02,000,State - HIMACHAL PRADESH (02),Urban,60+,Marginal workers_Worked for less than_3 months_Total_Males,2,DDW-0200B-01ST-Census.xls,01ST
B0301ST,02,000,State - HIMACHAL PRADESH (02),Urban,Age not stated,Marginal workers_Worked for less than_3 months_Total_Males,0,DDW-0200B-01ST-Census.xls,01ST
B0301ST,02,000,State - HIMACHAL PRADESH (02),Urban,15-59,Marginal workers_Worked for less than_3 months_Total_Males,70,DDW-0200B-01ST-Census.xls,01ST
B0301ST,02,023,District - Chamba (01),Total,Total,Marginal workers_Worked for less than_3 months_Total_Males,8846,DDW-0200B-01ST-Census.xls,01ST
B0301ST,02,023,District - Chamba (01),Total,5-14,Marginal workers_Worked for less than_3 months_Total_Males,2258,DDW-0200B-01ST-Census.xls,01ST
B0301ST,02,023,District - Chamba (01),Total,15-34,Marginal workers_Worked for less than_3 months_Total_Males,4351,DDW-0200B-01ST-Census.xls,01ST
B0301ST,02,023,District - Chamba (01),Total,35-59,Marginal workers_Worked for less than_3 months_Total_Males,1348,DDW-0200B-01ST-Census.xls,01ST
B0301ST,02,023,District - Chamba (01),Total,60+,Marginal workers_Worked for less than_3 months_Total_Males,883,DDW-0200B-01ST-Census.xls,01ST
B0301ST,02,023,District - Chamba (01),Total,Age not stated,Marginal workers_Worked for less than_3 months_Total_Males,6,DDW-0200B-01ST-Census.xls,01ST
B0301ST,02,023,District - Chamba (01),Total,15-59,Marginal workers_Worked for less than_3 months_Total_Males,5699,DDW-0200B-01ST-Census.xls,01ST
B0301ST,02,023,District - Chamba (01),Rural,Total,Marginal workers_Worked for less than_3 months_Total_Males,8837,DDW-0200B-01ST-Census.xls,01ST
B0301ST,02,023,District - Chamba (01),Rural,5-14,Marginal workers_Worked for less than_3 months_Total_Males,2257,DDW-0200B-01ST-Census.xls,01ST
B0301ST,02,023,District - Chamba (01),Rural,15-34,Marginal workers_Worked for less than_3 months_Total_Males,4344,DDW-0200B-01ST-Census.xls,01ST
B0301ST,02,023,District - Chamba (01),Rural,35-59,Marginal workers_Worked for less than_3 months_Total_Males,1347,DDW-0200B-01ST-Census.xls,01ST
B0301ST,02,023,District - Chamba (01),Rural,60+,Marginal workers_Worked for less than_3 months_Total_Males,883,DDW-0200B-01ST-Census.xls,01ST
B0301ST,02,023,District - Chamba (01),Rural,Age not stated,Marginal workers_Worked for less than_3 months_Total_Males,6,DDW-0200B-01ST-Census.xls,01ST
B0301ST,02,023,District - Chamba (01),Rural,15-59,Marginal workers_Worked for less than_3 months_Total_Males,5691,DDW-0200B-01ST-Census.xls,01ST
B0301ST,02,023,District - Chamba (01),Urban,Total,Marginal workers_Worked for less than_3 months_Total_Males,9,DDW-0200B-01ST-Census.xls,01ST
B0301ST,02,023,District - Chamba (01),Urban,5-14,Marginal workers_Worked for less than_3 months_Total_Males,1,DDW-0200B-01ST-Census.xls,01ST
B0301ST,02,023,District - Chamba (01),Urban,15-34,Marginal workers_Worked for less than_3 months_Total_Males,7,DDW-0200B-01ST-Census.xls,01ST
B0301ST,02,023,District - Chamba (01),Urban,35-59,Marginal workers_Worked for less than_3 months_Total_Males,1,DDW-0200B-01ST-Census.xls,01ST
B0301ST,02,023,District - Chamba (01),Urban,60+,Marginal workers_Worked for less than_3 months_Total_Males,0,DDW-0200B-01ST-Census.xls,01ST
B0301ST,02,023,District - Chamba (01),Urban,Age not stated,Marginal workers_Worked for less than_3 months_Total_Males,0,DDW-0200B-01ST-Census.xls,01ST
B0301ST,02,023,District - Chamba (01),Urban,15-59,Marginal workers_Worked for less than_3 months_Total_Males,8,DDW-0200B-01ST-Census.xls,01ST
B0301ST,02,024,District - Kangra (02),Total,Total,Marginal workers_Worked for less than_3 months_Total_Males,2171,DDW-0200B-01ST-Census.xls,01ST
B0301ST,02,024,District - Kangra (02),Total,5-14,Marginal workers_Worked for less than_3 months_Total_Males,175,DDW-0200B-01ST-Census.xls,01ST
B0301ST,02,024,District - Kangra (02),Total,15-34,Marginal workers_Worked for less than_3 months_Total_Males,1024,DDW-0200B-01ST-Census.xls,01ST
B0301ST,02,024,District - Kangra (02),Total,35-59,Marginal workers_Worked for less than_3 months_Total_Males,622,DDW-0200B-01ST-Census.xls,01ST
B0301ST,02,024,District - Kangra (02),Total,60+,Marginal workers_Worked for less than_3 months_Total_Males,346,DDW-0200B-01ST-Census.xls,01ST
B0301ST,02,024,District - Kangra (02),Total,Age not stated,Marginal workers_Worked for less than_3 months_Total_Males,4,DDW-0200B-01ST-Census.xls,01ST
B0301ST,02,024,District - Kangra (02),Total,15-59,Marginal workers_Worked for less than_3 months_Total_Males,1646,DDW-0200B-01ST-Census.xls,01ST
B0301ST,02,024,District - Kangra (02),Rural,Total,Marginal workers_Worked for less than_3 months_Total_Males,2142,DDW-0200B-01ST-Census.xls,01ST
B0301ST,02,024,District - Kangra (02),Rural,5-14,Marginal workers_Worked for less than_3 months_Total_Males,175,DDW-0200B-01ST-Census.xls,01ST
B0301ST,02,024,District - Kangra (02),Rural,15-34,Marginal workers_Worked for less than_3 months_Total_Males,1005,DDW-0200B-01ST-Census.xls,01ST
B0301ST,02,024,District - Kangra (02),Rural,35-59,Marginal workers_Worked for less than_3 months_Total_Males,613,DDW-0200B-01ST-Census.xls,01ST
B0301ST,02,024,District - Kangra (02),Rural,60+,Marginal workers_Worked for less than_3 months_Total_Males,345,DDW-0200B-01ST-Census.xls,01ST
B0301ST,02,024,District - Kangra (02),Rural,Age not stated,Marginal workers_Worked for less than_3 months_Total_Males,4,DDW-0200B-01ST-Census.xls,01ST
B0301ST,02,024,District - Kangra (02),Rural,15-59,Marginal workers_Worked for less than_3 months_Total_Males,1618,DDW-0200B-01ST-Census.xls,01ST
B0301ST,02,024,District - Kangra (02),Urban,Total,Marginal workers_Worked for less than_3 months_Total_Males,29,DDW-0200B-01ST-Census.xls,01ST
B0301ST,02,024,District - Kangra (02),Urban,5-14,Marginal workers_Worked for less than_3 months_Total_Males,0,DDW-0200B-01ST-Census.xls,01ST
B0301ST,02,024,District - Kangra (02),Urban,15-34,Marginal workers_Worked for less than_3 months_Total_Males,19,DDW-0200B-01ST-Census.xls,01ST
B0301ST,02,024,District - Kangra (02),Urban,35-59,Marginal workers_Worked for less than_3 months_Total_Males,9,DDW-0200B-01ST-Census.xls,01ST
B0301ST,02,024,District - Kangra (02),Urban,60+,Marginal workers_Worked for less than_3 months_Total_Males,1,DDW-0200B-01ST-Census.xls,01ST
B0301ST,02,024,District - Kangra (02),Urban,Age not stated,Marginal workers_Worked for less than_3 months_Total_Males,0,DDW-0200B-01ST-Census.xls,01ST
B0301ST,02,024,District - Kangra (02),Urban,15-59,Marginal workers_Worked for less than_3 months_Total_Males,28,DDW-0200B-01ST-Census.xls,01ST
B0301ST,02,025,District - Lahul & Spiti (03),Total,Total,Marginal workers_Worked for less than_3 months_Total_Males,638,DDW-0200B-01ST-Census.xls,01ST
B0301ST,02,025,District - Lahul & Spiti (03),Total,5-14,Marginal workers_Worked for less than_3 months_Total_Males,53,DDW-0200B-01ST-Census.xls,01ST
B0301ST,02,025,District - Lahul & Spiti (03),Total,15-34,Marginal workers_Worked for less than_3 months_Total_Males,412,DDW-0200B-01ST-Census.xls,01ST
B0301ST,02,025,District - Lahul & Spiti (03),Total,35-59,Marginal workers_Worked for less than_3 months_Total_Males,118,DDW-0200B-01ST-Census.xls,01ST
B0301ST,02,025,District - Lahul & Spiti (03),Total,60+,Marginal workers_Worked for less than_3 months_Total_Males,54,DDW-0200B-01ST-Census.xls,01ST
B0301ST,02,025,District - Lahul & Spiti (03),Total,Age not stated,Marginal workers_Worked for less than_3 months_Total_Males,1,DDW-0200B-01ST-Census.xls,01ST
B0301ST,02,025,District - Lahul & Spiti (03),Total,15-59,Marginal workers_Worked for less than_3 months_Total_Males,530,DDW-0200B-01ST-Census.xls,01ST
B0301ST,02,025,District - Lahul & Spiti (03),Rural,Total,Marginal workers_Worked for less than_3 months_Total_Males,638,DDW-0200B-01ST-Census.xls,01ST
B0301ST,02,025,District - Lahul & Spiti (03),Rural,5-14,Marginal workers_Worked for less than_3 months_Total_Males,53,DDW-0200B-01ST-Census.xls,01ST
B0301ST,02,025,District - Lahul & Spiti (03),Rural,15-34,Marginal workers_Worked for less than_3 months_Total_Males,412,DDW-0200B-01ST-Census.xls,01ST
B0301ST,02,025,District - Lahul & Spiti (03),Rural,35-59,Marginal workers_Worked for less than_3 months_Total_Males,118,DDW-0200B-01ST-Census.xls,01ST
B0301ST,02,025,District - Lahul & Spiti (03),Rural,60+,Marginal workers_Worked for less than_3 months_Total_Males,54,DDW-0200B-01ST-Census.xls,01ST
B0301ST,02,025,District - Lahul & Spiti (03),Rural,Age not stated,Marginal workers_Worked for less than_3 months_Total_Males,1,DDW-0200B-01ST-Census.xls,01ST
B0301ST,02,025,District - Lahul & Spiti (03),Rural,15-59,Marginal workers_Worked for less than_3 months_Total_Males,530,DDW-0200B-01ST-Census.xls,01ST
B0301ST,02,025,District - Lahul & Spiti (03),Urban,Total,Marginal workers_Worked for less than_3 months_Total_Males,0,DDW-0200B-01ST-Census.xls,01ST
B0301ST,02,025,District - Lahul & Spiti (03),Urban,5-14,Marginal workers_Worked for less than_3 months_Total_Males,0,DDW-0200B-01ST-Census.xls,01ST
B0301ST,02,025,District - Lahul & Spiti (03),Urban,15-34,Marginal workers_Worked for less than_3 months_Total_Males,0,DDW-0200B-01ST-Census.xls,01ST
B0301ST,02,025,District - Lahul & Spiti (03),Urban,35-59,Marginal workers_Worked for less than_3 months_Total_Males,0,DDW-0200B-01ST-Census.xls,01ST
B0301ST,02,025,District - Lahul & Spiti (03),Urban,60+,Marginal workers_Worked for less than_3 months_Total_Males,0,DDW-0200B-01ST-Census.xls,01ST
B0301ST,02,025,District - Lahul & Spiti (03),Urban,Age not stated,Marginal workers_Worked for less than_3 months_Total_Males,0,DDW-0200B-01ST-Census.xls,01ST
B0301ST,02,025,District - Lahul & Spiti (03),Urban,15-59,Marginal workers_Worked for less than_3 months_Total_Males,0,DDW-0200B-01ST-Census.xls,01ST
B0301ST,02,026,District - Kullu (04),Total,Total,Marginal workers_Worked for less than_3 months_Total_Males,290,DDW-0200B-01ST-Census.xls,01ST
B0301ST,02,026,District - Kullu (04),Total,5-14,Marginal workers_Worked for less than_3 months_Total_Males,73,DDW-0200B-01ST-Census.xls,01ST
B0301ST,02,026,District - Kullu (04),Total,15-34,Marginal workers_Worked for less than_3 months_Total_Males,178,DDW-0200B-01ST-Census.xls,01ST
B0301ST,02,026,District - Kullu (04),Total,35-59,Marginal workers_Worked for less than_3 months_Total_Males,15,DDW-0200B-01ST-Census.xls,01ST
B0301ST,02,026,District - Kullu (04),Total,60+,Marginal workers_Worked for less than_3 months_Total_Males,24,DDW-0200B-01ST-Census.xls,01ST
B0301ST,02,026,District - Kullu (04),Total,Age not stated,Marginal workers_Worked for less than_3 months_Total_Males,0,DDW-0200B-01ST-Census.xls,01ST
B0301ST,02,026,District - Kullu (04),Total,15-59,Marginal workers_Worked for less than_3 months_Total_Males,193,DDW-0200B-01ST-Census.xls,01ST
B0301ST,02,026,District - Kullu (04),Rural,Total,Marginal workers_Worked for less than_3 months_Total_Males,275,DDW-0200B-01ST-Census.xls,01ST
B0301ST,02,026,District - Kullu (04),Rural,5-14,Marginal workers_Worked for less than_3 months_Total_Males,70,DDW-0200B-01ST-Census.xls,01ST
B0301ST,02,026,District - Kullu (04),Rural,15-34,Marginal workers_Worked for less than_3 months_Total_Males,168,DDW-0200B-01ST-Census.xls,01ST
B0301ST,02,026,District - Kullu (04),Rural,35-59,Marginal workers_Worked for less than_3 months_Total_Males,13,DDW-0200B-01ST-Census.xls,01ST
B0301ST,02,026,District - Kullu (04),Rural,60+,Marginal workers_Worked for less than_3 months_Total_Males,24,DDW-0200B-01ST-Census.xls,01ST
B0301ST,02,026,District - Kullu (04),Rural,Age not stated,Marginal workers_Worked for less than_3 months_Total_Males,0,DDW-0200B-01ST-Census.xls,01ST
B0301ST,02,026,District - Kullu (04),Rural,15-59,Marginal workers_Worked for less than_3 months_Total_Males,181,DDW-0200B-01ST-Census.xls,01ST
B0301ST,02,026,District - Kullu (04),Urban,Total,Marginal workers_Worked for less than_3 months_Total_Males,15,DDW-0200B-01ST-Census.xls,01ST
B0301ST,02,026,District - Kullu (04),Urban,5-14,Marginal workers_Worked for less than_3 months_Total_Males,3,DDW-0200B-01ST-Census.xls,01ST
B0301ST,02,026,District - Kullu (04),Urban,15-34,Marginal workers_Worked for less than_3 months_Total_Males,10,DDW-0200B-01ST-Census.xls,01ST
B0301ST,02,026,District - Kullu (04),Urban,35-59,Marginal workers_Worked for less than_3 months_Total_Males,2,DDW-0200B-01ST-Census.xls,01ST
B0301ST,02,026,District - Kullu (04),Urban,60+,Marginal workers_Worked for less than_3 months_Total_Males,0,DDW-0200B-01ST-Census.xls,01ST
B0301ST,02,026,District - Kullu (04),Urban,Age not stated,Marginal workers_Worked for less than_3 months_Total_Males,0,DDW-0200B-01ST-Census.xls,01ST
B0301ST,02,026,District - Kullu (04),Urban,15-59,Marginal workers_Worked for less than_3 months_Total_Males,12,DDW-0200B-01ST-Census.xls,01ST
B0301ST,02,027,District - Mandi (05),Total,Total,Marginal workers_Worked for less than_3 months_Total_Males,461,DDW-0200B-01ST-Census.xls,01ST
B0301ST,02,027,District - Mandi (05),Total,5-14,Marginal workers_Worked for less than_3 months_Total_Males,151,DDW-0200B-01ST-Census.xls,01ST
B0301ST,02,027,District - Mandi (05),Total,15-34,Marginal workers_Worked for less than_3 months_Total_Males,199,DDW-0200B-01ST-Census.xls,01ST
B0301ST,02,027,District - Mandi (05),Total,35-59,Marginal workers_Worked for less than_3 months_Total_Males,57,DDW-0200B-01ST-Census.xls,01ST
B0301ST,02,027,District - Mandi (05),Total,60+,Marginal workers_Worked for less than_3 months_Total_Males,53,DDW-0200B-01ST-Census.xls,01ST
B0301ST,02,027,District - Mandi (05),Total,Age not stated,Marginal workers_Worked for less than_3 months_Total_Males,1,DDW-0200B-01ST-Census.xls,01ST
B0301ST,02,027,District - Mandi (05),Total,15-59,Marginal workers_Worked for less than_3 months_Total_Males,256,DDW-0200B-01ST-Census.xls,01ST
B0301ST,02,027,District - Mandi (05),Rural,Total,Marginal workers_Worked for less than_3 months_Total_Males,461,DDW-0200B-01ST-Census.xls,01ST
B0301ST,02,027,District - Mandi (05),Rural,5-14,Marginal workers_Worked for less than_3 months_Total_Males,151,DDW-0200B-01ST-Census.xls,01ST
B0301ST,02,027,District - Mandi (05),Rural,15-34,Marginal workers_Worked for less than_3 months_Total_Males,199,DDW-0200B-01ST-Census.xls,01ST
B0301ST,02,027,District - Mandi (05),Rural,35-59,Marginal workers_Worked for less than_3 months_Total_Males,57,DDW-0200B-01ST-Census.xls,01ST
B0301ST,02,027,District - Mandi (05),Rural,60+,Marginal workers_Worked for less than_3 months_Total_Males,53,DDW-0200B-01ST-Census.xls,01ST
B0301ST,02,027,District - Mandi (05),Rural,Age not stated,Marginal workers_Worked for less than_3 months_Total_Males,1,DDW-0200B-01ST-Census.xls,01ST
B0301ST,02,027,District - Mandi (05),Rural,15-59,Marginal workers_Worked for less than_3 months_Total_Males,256,DDW-0200B-01ST-Census.xls,01ST
B0301ST,02,027,District - Mandi (05),Urban,Total,Marginal workers_Worked for less than_3 months_Total_Males,0,DDW-0200B-01ST-Census.xls,01ST
B0301ST,02,027,District - Mandi (05),Urban,5-14,Marginal workers_Worked for less than_3 months_Total_Males,0,DDW-0200B-01ST-Census.xls,01ST
B0301ST,02,027,District - Mandi (05),Urban,15-34,Marginal workers_Worked for less than_3 months_Total_Males,0,DDW-0200B-01ST-Census.xls,01ST
B0301ST,02,027,District - Mandi (05),Urban,35-59,Marginal workers_Worked for less than_3 months_Total_Males,0,DDW-0200B-01ST-Census.xls,01ST
B0301ST,02,027,District - Mandi (05),Urban,60+,Marginal workers_Worked for less than_3 months_Total_Males,0,DDW-0200B-01ST-Census.xls,01ST
B0301ST,02,027,District - Mandi (05),Urban,Age not stated,Marginal workers_Worked for less than_3 months_Total_Males,0,DDW-0200B-01ST-Census.xls,01ST
B0301ST,02,027,District - Mandi (05),Urban,15-59,Marginal workers_Worked for less than_3 months_Total_Males,0,DDW-0200B-01ST-Census.xls,01ST
B0301ST,02,028,District - Hamirpur (06),Total,Total,Marginal workers_Worked for less than_3 months_Total_Males,143,DDW-0200B-01ST-Census.xls,01ST
B0301ST,02,028,District - Hamirpur (06),Total,5-14,Marginal workers_Worked for less than_3 months_Total_Males,51,DDW-0200B-01ST-Census.xls,01ST
B0301ST,02,028,District - Hamirpur (06),Total,15-34,Marginal workers_Worked for less than_3 months_Total_Males,52,DDW-0200B-01ST-Census.xls,01ST
B0301ST,02,028,District - Hamirpur (06),Total,35-59,Marginal workers_Worked for less than_3 months_Total_Males,30,DDW-0200B-01ST-Census.xls,01ST
B0301ST,02,028,District - Hamirpur (06),Total,60+,Marginal workers_Worked for less than_3 months_Total_Males,10,DDW-0200B-01ST-Census.xls,01ST
B0301ST,02,028,District - Hamirpur (06),Total,Age not stated,Marginal workers_Worked for less than_3 months_Total_Males,0,DDW-0200B-01ST-Census.xls,01ST
B0301ST,02,028,District - Hamirpur (06),Total,15-59,Marginal workers_Worked for less than_3 months_Total_Males,82,DDW-0200B-01ST-Census.xls,01ST
B0301ST,02,028,District - Hamirpur (06),Rural,Total,Marginal workers_Worked for less than_3 months_Total_Males,143,DDW-0200B-01ST-Census.xls,01ST
B0301ST,02,028,District - Hamirpur (06),Rural,5-14,Marginal workers_Worked for less than_3 months_Total_Males,51,DDW-0200B-01ST-Census.xls,01ST
B0301ST,02,028,District - Hamirpur (06),Rural,15-34,Marginal workers_Worked for less than_3 months_Total_Males,52,DDW-0200B-01ST-Census.xls,01ST
B0301ST,02,028,District - Hamirpur (06),Rural,35-59,Marginal workers_Worked for less than_3 months_Total_Males,30,DDW-0200B-01ST-Census.xls,01ST
B0301ST,02,028,District - Hamirpur (06),Rural,60+,Marginal workers_Worked for less than_3 months_Total_Males,10,DDW-0200B-01ST-Census.xls,01ST
B0301ST,02,028,District - Hamirpur (06),Rural,Age not stated,Marginal workers_Worked for less than_3 months_Total_Males,0,DDW-0200B-01ST-Census.xls,01ST
B0301ST,02,028,District - Hamirpur (06),Rural,15-59,Marginal workers_Worked for less than_3 months_Total_Males,82,DDW-0200B-01ST-Census.xls,01ST
B0301ST,02,028,District - Hamirpur (06),Urban,Total,Marginal workers_Worked for less than_3 months_Total_Males,0,DDW-0200B-01ST-Census.xls,01ST
B0301ST,02,028,District - Hamirpur (06),Urban,5-14,Marginal workers_Worked for less than_3 months_Total_Males,0,DDW-0200B-01ST-Census.xls,01ST
B0301ST,02,028,District - Hamirpur (06),Urban,15-34,Marginal workers_Worked for less than_3 months_Total_Males,0,DDW-0200B-01ST-Census.xls,01ST
B0301ST,02,028,District - Hamirpur (06),Urban,35-59,Marginal workers_Worked for less than_3 months_Total_Males,0,DDW-0200B-01ST-Census.xls,01ST
B0301ST,02,028,District - Hamirpur (06),Urban,60+,Marginal workers_Worked for less than_3 months_Total_Males,0,DDW-0200B-01ST-Census.xls,01ST
B0301ST,02,028,District - Hamirpur (06),Urban,Age not stated,Marginal workers_Worked for less than_3 months_Total_Males,0,DDW-0200B-01ST-Census.xls,01ST
B0301ST,02,028,District - Hamirpur (06),Urban,15-59,Marginal workers_Worked for less than_3 months_Total_Males,0,DDW-0200B-01ST-Census.xls,01ST
B0301ST,02,029,District - Una (07),Total,Total,Marginal workers_Worked for less than_3 months_Total_Males,141,DDW-0200B-01ST-Census.xls,01ST
B0301ST,02,029,District - Una (07),Total,5-14,Marginal workers_Worked for less than_3 months_Total_Males,19,DDW-0200B-01ST-Census.xls,01ST
B0301ST,02,029,District - Una (07),Total,15-34,Marginal workers_Worked for less than_3 months_Total_Males,67,DDW-0200B-01ST-Census.xls,01ST
B0301ST,02,029,District - Una (07),Total,35-59,Marginal workers_Worked for less than_3 months_Total_Males,34,DDW-0200B-01ST-Census.xls,01ST
B0301ST,02,029,District - Una (07),Total,60+,Marginal workers_Worked for less than_3 months_Total_Males,21,DDW-0200B-01ST-Census.xls,01ST
B0301ST,02,029,District - Una (07),Total,Age not stated,Marginal workers_Worked for less than_3 months_Total_Males,0,DDW-0200B-01ST-Census.xls,01ST
B0301ST,02,029,District - Una (07),Total,15-59,Marginal workers_Worked for less than_3 months_Total_Males,101,DDW-0200B-01ST-Census.xls,01ST
B0301ST,02,029,District - Una (07),Rural,Total,Marginal workers_Worked for less than_3 months_Total_Males,141,DDW-0200B-01ST-Census.xls,01ST
B0301ST,02,029,District - Una (07),Rural,5-14,Marginal workers_Worked for less than_3 months_Total_Males,19,DDW-0200B-01ST-Census.xls,01ST
B0301ST,02,029,District - Una (07),Rural,15-34,Marginal workers_Worked for less than_3 months_Total_Males,67,DDW-0200B-01ST-Census.xls,01ST
B0301ST,02,029,District - Una (07),Rural,35-59,Marginal workers_Worked for less than_3 months_Total_Males,34,DDW-0200B-01ST-Census.xls,01ST
B0301ST,02,029,District - Una (07),Rural,60+,Marginal workers_Worked for less than_3 months_Total_Males,21,DDW-0200B-01ST-Census.xls,01ST
B0301ST,02,029,District - Una (07),Rural,Age not stated,Marginal workers_Worked for less than_3 months_Total_Males,0,DDW-0200B-01ST-Census.xls,01ST
B0301ST,02,029,District - Una (07),Rural,15-59,Marginal workers_Worked for less than_3 months_Total_Males,101,DDW-0200B-01ST-Census.xls,01ST
B0301ST,02,029,District - Una (07),Urban,Total,Marginal workers_Worked for less than_3 months_Total_Males,0,DDW-0200B-01ST-Census.xls,01ST
B0301ST,02,029,District - Una (07),Urban,5-14,Marginal workers_Worked for less than_3 months_Total_Males,0,DDW-0200B-01ST-Census.xls,01ST
B0301ST,02,029,District - Una (07),Urban,15-34,Marginal workers_Worked for less than_3 months_Total_Males,0,DDW-0200B-01ST-Census.xls,01ST
B0301ST,02,029,District - Una (07),Urban,35-59,Marginal workers_Worked for less than_3 months_Total_Males,0,DDW-0200B-01ST-Census.xls,01ST
B0301ST,02,029,District - Una (07),Urban,60+,Marginal workers_Worked for less than_3 months_Total_Males,0,DDW-0200B-01ST-Census.xls,01ST
B0301ST,02,029,District - Una (07),Urban,Age not stated,Marginal workers_Worked for less than_3 months_Total_Males,0,DDW-0200B-01ST-Census.xls,01ST
B0301ST,02,029,District - Una (07),Urban,15-59,Marginal workers_Worked for less than_3 months_Total_Males,0,DDW-0200B-01ST-Census.xls,01ST
B0301ST,02,030,District - Bilaspur (08),Total,Total,Marginal workers_Worked for less than_3 months_Total_Males,399,DDW-0200B-01ST-Census.xls,01ST
B0301ST,02,030,District - Bilaspur (08),Total,5-14,Marginal workers_Worked for less than_3 months_Total_Males,67,DDW-0200B-01ST-Census.xls,01ST
B0301ST,02,030,District - Bilaspur (08),Total,15-34,Marginal workers_Worked for less than_3 months_Total_Males,200,DDW-0200B-01ST-Census.xls,01ST
B0301ST,02,030,District - Bilaspur (08),Total,35-59,Marginal workers_Worked for less than_3 months_Total_Males,57,DDW-0200B-01ST-Census.xls,01ST
B0301ST,02,030,District - Bilaspur (08),Total,60+,Marginal workers_Worked for less than_3 months_Total_Males,75,DDW-0200B-01ST-Census.xls,01ST
B0301ST,02,030,District - Bilaspur (08),Total,Age not stated,Marginal workers_Worked for less than_3 months_Total_Males,0,DDW-0200B-01ST-Census.xls,01ST
B0301ST,02,030,District - Bilaspur (08),Total,15-59,Marginal workers_Worked for less than_3 months_Total_Males,257,DDW-0200B-01ST-Census.xls,01ST
B0301ST,02,030,District - Bilaspur (08),Rural,Total,Marginal workers_Worked for less than_3 months_Total_Males,393,DDW-0200B-01ST-Census.xls,01ST
B0301ST,02,030,District - Bilaspur (08),Rural,5-14,Marginal workers_Worked for less than_3 months_Total_Males,67,DDW-0200B-01ST-Census.xls,01ST
B0301ST,02,030,District - Bilaspur (08),Rural,15-34,Marginal workers_Worked for less than_3 months_Total_Males,195,DDW-0200B-01ST-Census.xls,01ST
B0301ST,02,030,District - Bilaspur (08),Rural,35-59,Marginal workers_Worked for less than_3 months_Total_Males,56,DDW-0200B-01ST-Census.xls,01ST
B0301ST,02,030,District - Bilaspur (08),Rural,60+,Marginal workers_Worked for less than_3 months_Total_Males,75,DDW-0200B-01ST-Census.xls,01ST
B0301ST,02,030,District - Bilaspur (08),Rural,Age not stated,Marginal workers_Worked for less than_3 months_Total_Males,0,DDW-0200B-01ST-Census.xls,01ST
B0301ST,02,030,District - Bilaspur (08),Rural,15-59,Marginal workers_Worked for less than_3 months_Total_Males,251,DDW-0200B-01ST-Census.xls,01ST
B0301ST,02,030,District - Bilaspur (08),Urban,Total,Marginal workers_Worked for less than_3 months_Total_Males,6,DDW-0200B-01ST-Census.xls,01ST
B0301ST,02,030,District - Bilaspur (08),Urban,5-14,Marginal workers_Worked for less than_3 months_Total_Males,0,DDW-0200B-01ST-Census.xls,01ST
B0301ST,02,030,District - Bilaspur (08),Urban,15-34,Marginal workers_Worked for less than_3 months_Total_Males,5,DDW-0200B-01ST-Census.xls,01ST
B0301ST,02,030,District - Bilaspur (08),Urban,35-59,Marginal workers_Worked for less than_3 months_Total_Males,1,DDW-0200B-01ST-Census.xls,01ST
B0301ST,02,030,District - Bilaspur (08),Urban,60+,Marginal workers_Worked for less than_3 months_Total_Males,0,DDW-0200B-01ST-Census.xls,01ST
B0301ST,02,030,District - Bilaspur (08),Urban,Age not stated,Marginal workers_Worked for less than_3 months_Total_Males,0,DDW-0200B-01ST-Census.xls,01ST
B0301ST,02,030,District - Bilaspur (08),Urban,15-59,Marginal workers_Worked for less than_3 months_Total_Males,6,DDW-0200B-01ST-Census.xls,01ST
B0301ST,02,031,District - Solan (09),Total,Total,Marginal workers_Worked for less than_3 months_Total_Males,229,DDW-0200B-01ST-Census.xls,01ST
B0301ST,02,031,District - Solan (09),Total,5-14,Marginal workers_Worked for less than_3 months_Total_Males,51,DDW-0200B-01ST-Census.xls,01ST
B0301ST,02,031,District - Solan (09),Total,15-34,Marginal workers_Worked for less than_3 months_Total_Males,94,DDW-0200B-01ST-Census.xls,01ST
B0301ST,02,031,District - Solan (09),Total,35-59,Marginal workers_Worked for less than_3 months_Total_Males,48,DDW-0200B-01ST-Census.xls,01ST
B0301ST,02,031,District - Solan (09),Total,60+,Marginal workers_Worked for less than_3 months_Total_Males,35,DDW-0200B-01ST-Census.xls,01ST
B0301ST,02,031,District - Solan (09),Total,Age not stated,Marginal workers_Worked for less than_3 months_Total_Males,1,DDW-0200B-01ST-Census.xls,01ST
B0301ST,02,031,District - Solan (09),Total,15-59,Marginal workers_Worked for less than_3 months_Total_Males,142,DDW-0200B-01ST-Census.xls,01ST
B0301ST,02,031,District - Solan (09),Rural,Total,Marginal workers_Worked for less than_3 months_Total_Males,228,DDW-0200B-01ST-Census.xls,01ST
B0301ST,02,031,District - Solan (09),Rural,5-14,Marginal workers_Worked for less than_3 months_Total_Males,51,DDW-0200B-01ST-Census.xls,01ST
B0301ST,02,031,District - Solan (09),Rural,15-34,Marginal workers_Worked for less than_3 months_Total_Males,93,DDW-0200B-01ST-Census.xls,01ST
B0301ST,02,031,District - Solan (09),Rural,35-59,Marginal workers_Worked for less than_3 months_Total_Males,48,DDW-0200B-01ST-Census.xls,01ST
B0301ST,02,031,District - Solan (09),Rural,60+,Marginal workers_Worked for less than_3 months_Total_Males,35,DDW-0200B-01ST-Census.xls,01ST
B0301ST,02,031,District - Solan (09),Rural,Age not stated,Marginal workers_Worked for less than_3 months_Total_Males,1,DDW-0200B-01ST-Census.xls,01ST
B0301ST,02,031,District - Solan (09),Rural,15-59,Marginal workers_Worked for less than_3 months_Total_Males,141,DDW-0200B-01ST-Census.xls,01ST
B0301ST,02,031,District - Solan (09),Urban,Total,Marginal workers_Worked for less than_3 months_Total_Males,1,DDW-0200B-01ST-Census.xls,01ST
B0301ST,02,031,District - Solan (09),Urban,5-14,Marginal workers_Worked for less than_3 months_Total_Males,0,DDW-0200B-01ST-Census.xls,01ST
B0301ST,02,031,District - Solan (09),Urban,15-34,Marginal workers_Worked for less than_3 months_Total_Males,1,DDW-0200B-01ST-Census.xls,01ST
B0301ST,02,031,District - Solan (09),Urban,35-59,Marginal workers_Worked for less than_3 months_Total_Males,0,DDW-0200B-01ST-Census.xls,01ST
B0301ST,02,031,District - Solan (09),Urban,60+,Marginal workers_Worked for less than_3 months_Total_Males,0,DDW-0200B-01ST-Census.xls,01ST
B0301ST,02,031,District - Solan (09),Urban,Age not stated,Marginal workers_Worked for less than_3 months_Total_Males,0,DDW-0200B-01ST-Census.xls,01ST
B0301ST,02,031,District - Solan (09),Urban,15-59,Marginal workers_Worked for less than_3 months_Total_Males,1,DDW-0200B-01ST-Census.xls,01ST
B0301ST,02,032,District - Sirmaur (10),Total,Total,Marginal workers_Worked for less than_3 months_Total_Males,184,DDW-0200B-01ST-Census.xls,01ST
B0301ST,02,032,District - Sirmaur (10),Total,5-14,Marginal workers_Worked for less than_3 months_Total_Males,40,DDW-0200B-01ST-Census.xls,01ST
B0301ST,02,032,District - Sirmaur (10),Total,15-34,Marginal workers_Worked for less than_3 months_Total_Males,81,DDW-0200B-01ST-Census.xls,01ST
B0301ST,02,032,District - Sirmaur (10),Total,35-59,Marginal workers_Worked for less than_3 months_Total_Males,48,DDW-0200B-01ST-Census.xls,01ST
B0301ST,02,032,District - Sirmaur (10),Total,60+,Marginal workers_Worked for less than_3 months_Total_Males,15,DDW-0200B-01ST-Census.xls,01ST
B0301ST,02,032,District - Sirmaur (10),Total,Age not stated,Marginal workers_Worked for less than_3 months_Total_Males,0,DDW-0200B-01ST-Census.xls,01ST
B0301ST,02,032,District - Sirmaur (10),Total,15-59,Marginal workers_Worked for less than_3 months_Total_Males,129,DDW-0200B-01ST-Census.xls,01ST
B0301ST,02,032,District - Sirmaur (10),Rural,Total,Marginal workers_Worked for less than_3 months_Total_Males,183,DDW-0200B-01ST-Census.xls,01ST
B0301ST,02,032,District - Sirmaur (10),Rural,5-14,Marginal workers_Worked for less than_3 months_Total_Males,40,DDW-0200B-01ST-Census.xls,01ST
B0301ST,02,032,District - Sirmaur (10),Rural,15-34,Marginal workers_Worked for less than_3 months_Total_Males,80,DDW-0200B-01ST-Census.xls,01ST
B0301ST,02,032,District - Sirmaur (10),Rural,35-59,Marginal workers_Worked for less than_3 months_Total_Males,48,DDW-0200B-01ST-Census.xls,01ST
B0301ST,02,032,District - Sirmaur (10),Rural,60+,Marginal workers_Worked for less than_3 months_Total_Males,15,DDW-0200B-01ST-Census.xls,01ST
B0301ST,02,032,District - Sirmaur (10),Rural,Age not stated,Marginal workers_Worked for less than_3 months_Total_Males,0,DDW-0200B-01ST-Census.xls,01ST
B0301ST,02,032,District - Sirmaur (10),Rural,15-59,Marginal workers_Worked for less than_3 months_Total_Males,128,DDW-0200B-01ST-Census.xls,01ST
B0301ST,02,032,District - Sirmaur (10),Urban,Total,Marginal workers_Worked for less than_3 months_Total_Males,1,DDW-0200B-01ST-Census.xls,01ST
B0301ST,02,032,District - Sirmaur (10),Urban,5-14,Marginal workers_Worked for less than_3 months_Total_Males,0,DDW-0200B-01ST-Census.xls,01ST
B0301ST,02,032,District - Sirmaur (10),Urban,15-34,Marginal workers_Worked for less than_3 months_Total_Males,1,DDW-0200B-01ST-Census.xls,01ST
B0301ST,02,032,District - Sirmaur (10),Urban,35-59,Marginal workers_Worked for less than_3 months_Total_Males,0,DDW-0200B-01ST-Census.xls,01ST
B0301ST,02,032,District - Sirmaur (10),Urban,60+,Marginal workers_Worked for less than_3 months_Total_Males,0,DDW-0200B-01ST-Census.xls,01ST
B0301ST,02,032,District - Sirmaur (10),Urban,Age not stated,Marginal workers_Worked for less than_3 months_Total_Males,0,DDW-0200B-01ST-Census.xls,01ST
B0301ST,02,032,District - Sirmaur (10),Urban,15-59,Marginal workers_Worked for less than_3 months_Total_Males,1,DDW-0200B-01ST-Census.xls,01ST
B0301ST,02,033,District - Shimla (11),Total,Total,Marginal workers_Worked for less than_3 months_Total_Males,62,DDW-0200B-01ST-Census.xls,01ST
B0301ST,02,033,District - Shimla (11),Total,5-14,Marginal workers_Worked for less than_3 months_Total_Males,18,DDW-0200B-01ST-Census.xls,01ST
B0301ST,02,033,District - Shimla (11),Total,15-34,Marginal workers_Worked for less than_3 months_Total_Males,33,DDW-0200B-01ST-Census.xls,01ST
B0301ST,02,033,District - Shimla (11),Total,35-59,Marginal workers_Worked for less than_3 months_Total_Males,6,DDW-0200B-01ST-Census.xls,01ST
B0301ST,02,033,District - Shimla (11),Total,60+,Marginal workers_Worked for less than_3 months_Total_Males,5,DDW-0200B-01ST-Census.xls,01ST
B0301ST,02,033,District - Shimla (11),Total,Age not stated,Marginal workers_Worked for less than_3 months_Total_Males,0,DDW-0200B-01ST-Census.xls,01ST
B0301ST,02,033,District - Shimla (11),Total,15-59,Marginal workers_Worked for less than_3 months_Total_Males,39,DDW-0200B-01ST-Census.xls,01ST
B0301ST,02,033,District - Shimla (11),Rural,Total,Marginal workers_Worked for less than_3 months_Total_Males,43,DDW-0200B-01ST-Census.xls,01ST
B0301ST,02,033,District - Shimla (11),Rural,5-14,Marginal workers_Worked for less than_3 months_Total_Males,14,DDW-0200B-01ST-Census.xls,01ST
B0301ST,02,033,District - Shimla (11),Rural,15-34,Marginal workers_Worked for less than_3 months_Total_Males,22,DDW-0200B-01ST-Census.xls,01ST
B0301ST,02,033,District - Shimla (11),Rural,35-59,Marginal workers_Worked for less than_3 months_Total_Males,3,DDW-0200B-01ST-Census.xls,01ST
B0301ST,02,033,District - Shimla (11),Rural,60+,Marginal workers_Worked for less than_3 months_Total_Males,4,DDW-0200B-01ST-Census.xls,01ST
B0301ST,02,033,District - Shimla (11),Rural,Age not stated,Marginal workers_Worked for less than_3 months_Total_Males,0,DDW-0200B-01ST-Census.xls,01ST
B0301ST,02,033,District - Shimla (11),Rural,15-59,Marginal workers_Worked for less than_3 months_Total_Males,25,DDW-0200B-01ST-Census.xls,01ST
B0301ST,02,033,District - Shimla (11),Urban,Total,Marginal workers_Worked for less than_3 months_Total_Males,19,DDW-0200B-01ST-Census.xls,01ST
B0301ST,02,033,District - Shimla (11),Urban,5-14,Marginal workers_Worked for less than_3 months_Total_Males,4,DDW-0200B-01ST-Census.xls,01ST
B0301ST,02,033,District - Shimla (11),Urban,15-34,Marginal workers_Worked for less than_3 months_Total_Males,11,DDW-0200B-01ST-Census.xls,01ST
B0301ST,02,033,District - Shimla (11),Urban,35-59,Marginal workers_Worked for less than_3 months_Total_Males,3,DDW-0200B-01ST-Census.xls,01ST
B0301ST,02,033,District - Shimla (11),Urban,60+,Marginal workers_Worked for less than_3 months_Total_Males,1,DDW-0200B-01ST-Census.xls,01ST
B0301ST,02,033,District - Shimla (11),Urban,Age not stated,Marginal workers_Worked for less than_3 months_Total_Males,0,DDW-0200B-01ST-Census.xls,01ST
B0301ST,02,033,District - Shimla (11),Urban,15-59,Marginal workers_Worked for less than_3 months_Total_Males,14,DDW-0200B-01ST-Census.xls,01ST
B0301ST,02,034,District - Kinnaur (12),Total,Total,Marginal workers_Worked for less than_3 months_Total_Males,1202,DDW-0200B-01ST-Census.xls,01ST
B0301ST,02,034,District - Kinnaur (12),Total,5-14,Marginal workers_Worked for less than_3 months_Total_Males,346,DDW-0200B-01ST-Census.xls,01ST
B0301ST,02,034,District - Kinnaur (12),Total,15-34,Marginal workers_Worked for less than_3 months_Total_Males,608,DDW-0200B-01ST-Census.xls,01ST
B0301ST,02,034,District - Kinnaur (12),Total,35-59,Marginal workers_Worked for less than_3 months_Total_Males,123,DDW-0200B-01ST-Census.xls,01ST
B0301ST,02,034,District - Kinnaur (12),Total,60+,Marginal workers_Worked for less than_3 months_Total_Males,124,DDW-0200B-01ST-Census.xls,01ST
B0301ST,02,034,District - Kinnaur (12),Total,Age not stated,Marginal workers_Worked for less than_3 months_Total_Males,1,DDW-0200B-01ST-Census.xls,01ST
B0301ST,02,034,District - Kinnaur (12),Total,15-59,Marginal workers_Worked for less than_3 months_Total_Males,731,DDW-0200B-01ST-Census.xls,01ST
B0301ST,02,034,District - Kinnaur (12),Rural,Total,Marginal workers_Worked for less than_3 months_Total_Males,1202,DDW-0200B-01ST-Census.xls,01ST
B0301ST,02,034,District - Kinnaur (12),Rural,5-14,Marginal workers_Worked for less than_3 months_Total_Males,346,DDW-0200B-01ST-Census.xls,01ST
B0301ST,02,034,District - Kinnaur (12),Rural,15-34,Marginal workers_Worked for less than_3 months_Total_Males,608,DDW-0200B-01ST-Census.xls,01ST
B0301ST,02,034,District - Kinnaur (12),Rural,35-59,Marginal workers_Worked for less than_3 months_Total_Males,123,DDW-0200B-01ST-Census.xls,01ST
B0301ST,02,034,District - Kinnaur (12),Rural,60+,Marginal workers_Worked for less than_3 months_Total_Males,124,DDW-0200B-01ST-Census.xls,01ST
B0301ST,02,034,District - Kinnaur (12),Rural,Age not stated,Marginal workers_Worked for less than_3 months_Total_Males,1,DDW-0200B-01ST-Census.xls,01ST
B0301ST,02,034,District - Kinnaur (12),Rural,15-59,Marginal workers_Worked for less than_3 months_Total_Males,731,DDW-0200B-01ST-Census.xls,01ST
B0301ST,02,034,District - Kinnaur (12),Urban,Total,Marginal workers_Worked for less than_3 months_Total_Males,0,DDW-0200B-01ST-Census.xls,01ST
B0301ST,02,034,District - Kinnaur (12),Urban,5-14,Marginal workers_Worked for less than_3 months_Total_Males,0,DDW-0200B-01ST-Census.xls,01ST
B0301ST,02,034,District - Kinnaur (12),Urban,15-34,Marginal workers_Worked for less than_3 months_Total_Males,0,DDW-0200B-01ST-Census.xls,01ST
B0301ST,02,034,District - Kinnaur (12),Urban,35-59,Marginal workers_Worked for less than_3 months_Total_Males,0,DDW-0200B-01ST-Census.xls,01ST
B0301ST,02,034,District - Kinnaur (12),Urban,60+,Marginal workers_Worked for less than_3 months_Total_Males,0,DDW-0200B-01ST-Census.xls,01ST
B0301ST,02,034,District - Kinnaur (12),Urban,Age not stated,Marginal workers_Worked for less than_3 months_Total_Males,0,DDW-0200B-01ST-Census.xls,01ST
B0301ST,02,034,District - Kinnaur (12),Urban,15-59,Marginal workers_Worked for less than_3 months_Total_Males,0,DDW-0200B-01ST-Census.xls,01ST
B0301ST,02,000,State - HIMACHAL PRADESH (02),Total,Total,Marginal workers_Worked for less than_3 months_Total_Females,21412,DDW-0200B-01ST-Census.xls,01ST
B0301ST,02,000,State - HIMACHAL PRADESH (02),Total,5-14,Marginal workers_Worked for less than_3 months_Total_Females,3320,DDW-0200B-01ST-Census.xls,01ST
B0301ST,02,000,State - HIMACHAL PRADESH (02),Total,15-34,Marginal workers_Worked for less than_3 months_Total_Females,9775,DDW-0200B-01ST-Census.xls,01ST
B0301ST,02,000,State - HIMACHAL PRADESH (02),Total,35-59,Marginal workers_Worked for less than_3 months_Total_Females,6149,DDW-0200B-01ST-Census.xls,01ST
B0301ST,02,000,State - HIMACHAL PRADESH (02),Total,60+,Marginal workers_Worked for less than_3 months_Total_Females,2155,DDW-0200B-01ST-Census.xls,01ST
B0301ST,02,000,State - HIMACHAL PRADESH (02),Total,Age not stated,Marginal workers_Worked for less than_3 months_Total_Females,13,DDW-0200B-01ST-Census.xls,01ST
B0301ST,02,000,State - HIMACHAL PRADESH (02),Total,15-59,Marginal workers_Worked for less than_3 months_Total_Females,15924,DDW-0200B-01ST-Census.xls,01ST
B0301ST,02,000,State - HIMACHAL PRADESH (02),Rural,Total,Marginal workers_Worked for less than_3 months_Total_Females,21280,DDW-0200B-01ST-Census.xls,01ST
B0301ST,02,000,State - HIMACHAL PRADESH (02),Rural,5-14,Marginal workers_Worked for less than_3 months_Total_Females,3308,DDW-0200B-01ST-Census.xls,01ST
B0301ST,02,000,State - HIMACHAL PRADESH (02),Rural,15-34,Marginal workers_Worked for less than_3 months_Total_Females,9709,DDW-0200B-01ST-Census.xls,01ST
B0301ST,02,000,State - HIMACHAL PRADESH (02),Rural,35-59,Marginal workers_Worked for less than_3 months_Total_Females,6102,DDW-0200B-01ST-Census.xls,01ST
B0301ST,02,000,State - HIMACHAL PRADESH (02),Rural,60+,Marginal workers_Worked for less than_3 months_Total_Females,2148,DDW-0200B-01ST-Census.xls,01ST
B0301ST,02,000,State - HIMACHAL PRADESH (02),Rural,Age not stated,Marginal workers_Worked for less than_3 months_Total_Females,13,DDW-0200B-01ST-Census.xls,01ST
B0301ST,02,000,State - HIMACHAL PRADESH (02),Rural,15-59,Marginal workers_Worked for less than_3 months_Total_Females,15811,DDW-0200B-01ST-Census.xls,01ST
B0301ST,02,000,State - HIMACHAL PRADESH (02),Urban,Total,Marginal workers_Worked for less than_3 months_Total_Females,132,DDW-0200B-01ST-Census.xls,01ST
B0301ST,02,000,State - HIMACHAL PRADESH (02),Urban,5-14,Marginal workers_Worked for less than_3 months_Total_Females,12,DDW-0200B-01ST-Census.xls,01ST
B0301ST,02,000,State - HIMACHAL PRADESH (02),Urban,15-34,Marginal workers_Worked for less than_3 months_Total_Females,66,DDW-0200B-01ST-Census.xls,01ST
B0301ST,02,000,State - HIMACHAL PRADESH (02),Urban,35-59,Marginal workers_Worked for less than_3 months_Total_Females,47,DDW-0200B-01ST-Census.xls,01ST
B0301ST,02,000,State - HIMACHAL PRADESH (02),Urban,60+,Marginal workers_Worked for less than_3 months_Total_Females,7,DDW-0200B-01ST-Census.xls,01ST
B0301ST,02,000,State - HIMACHAL PRADESH (02),Urban,Age not stated,Marginal workers_Worked for less than_3 months_Total_Females,0,DDW-0200B-01ST-Census.xls,01ST
B0301ST,02,000,State - HIMACHAL PRADESH (02),Urban,15-59,Marginal workers_Worked for less than_3 months_Total_Females,113,DDW-0200B-01ST-Census.xls,01ST
B0301ST,02,023,District - Chamba (01),Total,Total,Marginal workers_Worked for less than_3 months_Total_Females,12889,DDW-0200B-01ST-Census.xls,01ST
B0301ST,02,023,District - Chamba (01),Total,5-14,Marginal workers_Worked for less than_3 months_Total_Females,2159,DDW-0200B-01ST-Census.xls,01ST
B0301ST,02,023,District - Chamba (01),Total,15-34,Marginal workers_Worked for less than_3 months_Total_Females,5850,DDW-0200B-01ST-Census.xls,01ST
B0301ST,02,023,District - Chamba (01),Total,35-59,Marginal workers_Worked for less than_3 months_Total_Females,3646,DDW-0200B-01ST-Census.xls,01ST
B0301ST,02,023,District - Chamba (01),Total,60+,Marginal workers_Worked for less than_3 months_Total_Females,1226,DDW-0200B-01ST-Census.xls,01ST
B0301ST,02,023,District - Chamba (01),Total,Age not stated,Marginal workers_Worked for less than_3 months_Total_Females,8,DDW-0200B-01ST-Census.xls,01ST
B0301ST,02,023,District - Chamba (01),Total,15-59,Marginal workers_Worked for less than_3 months_Total_Females,9496,DDW-0200B-01ST-Census.xls,01ST
B0301ST,02,023,District - Chamba (01),Rural,Total,Marginal workers_Worked for less than_3 months_Total_Females,12844,DDW-0200B-01ST-Census.xls,01ST
B0301ST,02,023,District - Chamba (01),Rural,5-14,Marginal workers_Worked for less than_3 months_Total_Females,2158,DDW-0200B-01ST-Census.xls,01ST
B0301ST,02,023,District - Chamba (01),Rural,15-34,Marginal workers_Worked for less than_3 months_Total_Females,5829,DDW-0200B-01ST-Census.xls,01ST
B0301ST,02,023,District - Chamba (01),Rural,35-59,Marginal workers_Worked for less than_3 months_Total_Females,3626,DDW-0200B-01ST-Census.xls,01ST
B0301ST,02,023,District - Chamba (01),Rural,60+,Marginal workers_Worked for less than_3 months_Total_Females,1223,DDW-0200B-01ST-Census.xls,01ST
B0301ST,02,023,District - Chamba (01),Rural,Age not stated,Marginal workers_Worked for less than_3 months_Total_Females,8,DDW-0200B-01ST-Census.xls,01ST
B0301ST,02,023,District - Chamba (01),Rural,15-59,Marginal workers_Worked for less than_3 months_Total_Females,9455,DDW-0200B-01ST-Census.xls,01ST
B0301ST,02,023,District - Chamba (01),Urban,Total,Marginal workers_Worked for less than_3 months_Total_Females,45,DDW-0200B-01ST-Census.xls,01ST
B0301ST,02,023,District - Chamba (01),Urban,5-14,Marginal workers_Worked for less than_3 months_Total_Females,1,DDW-0200B-01ST-Census.xls,01ST
B0301ST,02,023,District - Chamba (01),Urban,15-34,Marginal workers_Worked for less than_3 months_Total_Females,21,DDW-0200B-01ST-Census.xls,01ST
B0301ST,02,023,District - Chamba (01),Urban,35-59,Marginal workers_Worked for less than_3 months_Total_Females,20,DDW-0200B-01ST-Census.xls,01ST
B0301ST,02,023,District - Chamba (01),Urban,60+,Marginal workers_Worked for less than_3 months_Total_Females,3,DDW-0200B-01ST-Census.xls,01ST
B0301ST,02,023,District - Chamba (01),Urban,Age not stated,Marginal workers_Worked for less than_3 months_Total_Females,0,DDW-0200B-01ST-Census.xls,01ST
B0301ST,02,023,District - Chamba (01),Urban,15-59,Marginal workers_Worked for less than_3 months_Total_Females,41,DDW-0200B-01ST-Census.xls,01ST
B0301ST,02,024,District - Kangra (02),Total,Total,Marginal workers_Worked for less than_3 months_Total_Females,3526,DDW-0200B-01ST-Census.xls,01ST
B0301ST,02,024,District - Kangra (02),Total,5-14,Marginal workers_Worked for less than_3 months_Total_Females,173,DDW-0200B-01ST-Census.xls,01ST
B0301ST,02,024,District - Kangra (02),Total,15-34,Marginal workers_Worked for less than_3 months_Total_Females,1558,DDW-0200B-01ST-Census.xls,01ST
B0301ST,02,024,District - Kangra (02),Total,35-59,Marginal workers_Worked for less than_3 months_Total_Females,1421,DDW-0200B-01ST-Census.xls,01ST
B0301ST,02,024,District - Kangra (02),Total,60+,Marginal workers_Worked for less than_3 months_Total_Females,372,DDW-0200B-01ST-Census.xls,01ST
B0301ST,02,024,District - Kangra (02),Total,Age not stated,Marginal workers_Worked for less than_3 months_Total_Females,2,DDW-0200B-01ST-Census.xls,01ST
B0301ST,02,024,District - Kangra (02),Total,15-59,Marginal workers_Worked for less than_3 months_Total_Females,2979,DDW-0200B-01ST-Census.xls,01ST
B0301ST,02,024,District - Kangra (02),Rural,Total,Marginal workers_Worked for less than_3 months_Total_Females,3519,DDW-0200B-01ST-Census.xls,01ST
B0301ST,02,024,District - Kangra (02),Rural,5-14,Marginal workers_Worked for less than_3 months_Total_Females,173,DDW-0200B-01ST-Census.xls,01ST
B0301ST,02,024,District - Kangra (02),Rural,15-34,Marginal workers_Worked for less than_3 months_Total_Females,1555,DDW-0200B-01ST-Census.xls,01ST
B0301ST,02,024,District - Kangra (02),Rural,35-59,Marginal workers_Worked for less than_3 months_Total_Females,1417,DDW-0200B-01ST-Census.xls,01ST
B0301ST,02,024,District - Kangra (02),Rural,60+,Marginal workers_Worked for less than_3 months_Total_Females,372,DDW-0200B-01ST-Census.xls,01ST
B0301ST,02,024,District - Kangra (02),Rural,Age not stated,Marginal workers_Worked for less than_3 months_Total_Females,2,DDW-0200B-01ST-Census.xls,01ST
B0301ST,02,024,District - Kangra (02),Rural,15-59,Marginal workers_Worked for less than_3 months_Total_Females,2972,DDW-0200B-01ST-Census.xls,01ST
B0301ST,02,024,District - Kangra (02),Urban,Total,Marginal workers_Worked for less than_3 months_Total_Females,7,DDW-0200B-01ST-Census.xls,01ST
B0301ST,02,024,District - Kangra (02),Urban,5-14,Marginal workers_Worked for less than_3 months_Total_Females,0,DDW-0200B-01ST-Census.xls,01ST
B0301ST,02,024,District - Kangra (02),Urban,15-34,Marginal workers_Worked for less than_3 months_Total_Females,3,DDW-0200B-01ST-Census.xls,01ST
B0301ST,02,024,District - Kangra (02),Urban,35-59,Marginal workers_Worked for less than_3 months_Total_Females,4,DDW-0200B-01ST-Census.xls,01ST
B0301ST,02,024,District - Kangra (02),Urban,60+,Marginal workers_Worked for less than_3 months_Total_Females,0,DDW-0200B-01ST-Census.xls,01ST
B0301ST,02,024,District - Kangra (02),Urban,Age not stated,Marginal workers_Worked for less than_3 months_Total_Females,0,DDW-0200B-01ST-Census.xls,01ST
B0301ST,02,024,District - Kangra (02),Urban,15-59,Marginal workers_Worked for less than_3 months_Total_Females,7,DDW-0200B-01ST-Census.xls,01ST
B0301ST,02,025,District - Lahul & Spiti (03),Total,Total,Marginal workers_Worked for less than_3 months_Total_Females,630,DDW-0200B-01ST-Census.xls,01ST
B0301ST,02,025,District - Lahul & Spiti (03),Total,5-14,Marginal workers_Worked for less than_3 months_Total_Females,52,DDW-0200B-01ST-Census.xls,01ST
B0301ST,02,025,District - Lahul & Spiti (03),Total,15-34,Marginal workers_Worked for less than_3 months_Total_Females,355,DDW-0200B-01ST-Census.xls,01ST
B0301ST,02,025,District - Lahul & Spiti (03),Total,35-59,Marginal workers_Worked for less than_3 months_Total_Females,162,DDW-0200B-01ST-Census.xls,01ST
B0301ST,02,025,District - Lahul & Spiti (03),Total,60+,Marginal workers_Worked for less than_3 months_Total_Females,61,DDW-0200B-01ST-Census.xls,01ST
B0301ST,02,025,District - Lahul & Spiti (03),Total,Age not stated,Marginal workers_Worked for less than_3 months_Total_Females,0,DDW-0200B-01ST-Census.xls,01ST
B0301ST,02,025,District - Lahul & Spiti (03),Total,15-59,Marginal workers_Worked for less than_3 months_Total_Females,517,DDW-0200B-01ST-Census.xls,01ST
B0301ST,02,025,District - Lahul & Spiti (03),Rural,Total,Marginal workers_Worked for less than_3 months_Total_Females,630,DDW-0200B-01ST-Census.xls,01ST
B0301ST,02,025,District - Lahul & Spiti (03),Rural,5-14,Marginal workers_Worked for less than_3 months_Total_Females,52,DDW-0200B-01ST-Census.xls,01ST
B0301ST,02,025,District - Lahul & Spiti (03),Rural,15-34,Marginal workers_Worked for less than_3 months_Total_Females,355,DDW-0200B-01ST-Census.xls,01ST
B0301ST,02,025,District - Lahul & Spiti (03),Rural,35-59,Marginal workers_Worked for less than_3 months_Total_Females,162,DDW-0200B-01ST-Census.xls,01ST
B0301ST,02,025,District - Lahul & Spiti (03),Rural,60+,Marginal workers_Worked for less than_3 months_Total_Females,61,DDW-0200B-01ST-Census.xls,01ST
B0301ST,02,025,District - Lahul & Spiti (03),Rural,Age not stated,Marginal workers_Worked for less than_3 months_Total_Females,0,DDW-0200B-01ST-Census.xls,01ST
B0301ST,02,025,District - Lahul & Spiti (03),Rural,15-59,Marginal workers_Worked for less than_3 months_Total_Females,517,DDW-0200B-01ST-Census.xls,01ST
B0301ST,02,025,District - Lahul & Spiti (03),Urban,Total,Marginal workers_Worked for less than_3 months_Total_Females,0,DDW-0200B-01ST-Census.xls,01ST
B0301ST,02,025,District - Lahul & Spiti (03),Urban,5-14,Marginal workers_Worked for less than_3 months_Total_Females,0,DDW-0200B-01ST-Census.xls,01ST
B0301ST,02,025,District - Lahul & Spiti (03),Urban,15-34,Marginal workers_Worked for less than_3 months_Total_Females,0,DDW-0200B-01ST-Census.xls,01ST
B0301ST,02,025,District - Lahul & Spiti (03),Urban,35-59,Marginal workers_Worked for less than_3 months_Total_Females,0,DDW-0200B-01ST-Census.xls,01ST
B0301ST,02,025,District - Lahul & Spiti (03),Urban,60+,Marginal workers_Worked for less than_3 months_Total_Females,0,DDW-0200B-01ST-Census.xls,01ST
B0301ST,02,025,District - Lahul & Spiti (03),Urban,Age not stated,Marginal workers_Worked for less than_3 months_Total_Females,0,DDW-0200B-01ST-Census.xls,01ST
B0301ST,02,025,District - Lahul & Spiti (03),Urban,15-59,Marginal workers_Worked for less than_3 months_Total_Females,0,DDW-0200B-01ST-Census.xls,01ST
B0301ST,02,026,District - Kullu (04),Total,Total,Marginal workers_Worked for less than_3 months_Total_Females,395,DDW-0200B-01ST-Census.xls,01ST
B0301ST,02,026,District - Kullu (04),Total,5-14,Marginal workers_Worked for less than_3 months_Total_Females,89,DDW-0200B-01ST-Census.xls,01ST
B0301ST,02,026,District - Kullu (04),Total,15-34,Marginal workers_Worked for less than_3 months_Total_Females,198,DDW-0200B-01ST-Census.xls,01ST
B0301ST,02,026,District - Kullu (04),Total,35-59,Marginal workers_Worked for less than_3 months_Total_Females,62,DDW-0200B-01ST-Census.xls,01ST
B0301ST,02,026,District - Kullu (04),Total,60+,Marginal workers_Worked for less than_3 months_Total_Females,46,DDW-0200B-01ST-Census.xls,01ST
B0301ST,02,026,District - Kullu (04),Total,Age not stated,Marginal workers_Worked for less than_3 months_Total_Females,0,DDW-0200B-01ST-Census.xls,01ST
B0301ST,02,026,District - Kullu (04),Total,15-59,Marginal workers_Worked for less than_3 months_Total_Females,260,DDW-0200B-01ST-Census.xls,01ST
B0301ST,02,026,District - Kullu (04),Rural,Total,Marginal workers_Worked for less than_3 months_Total_Females,383,DDW-0200B-01ST-Census.xls,01ST
B0301ST,02,026,District - Kullu (04),Rural,5-14,Marginal workers_Worked for less than_3 months_Total_Females,86,DDW-0200B-01ST-Census.xls,01ST
B0301ST,02,026,District - Kullu (04),Rural,15-34,Marginal workers_Worked for less than_3 months_Total_Females,194,DDW-0200B-01ST-Census.xls,01ST
B0301ST,02,026,District - Kullu (04),Rural,35-59,Marginal workers_Worked for less than_3 months_Total_Females,57,DDW-0200B-01ST-Census.xls,01ST
B0301ST,02,026,District - Kullu (04),Rural,60+,Marginal workers_Worked for less than_3 months_Total_Females,46,DDW-0200B-01ST-Census.xls,01ST
B0301ST,02,026,District - Kullu (04),Rural,Age not stated,Marginal workers_Worked for less than_3 months_Total_Females,0,DDW-0200B-01ST-Census.xls,01ST
B0301ST,02,026,District - Kullu (04),Rural,15-59,Marginal workers_Worked for less than_3 months_Total_Females,251,DDW-0200B-01ST-Census.xls,01ST
B0301ST,02,026,District - Kullu (04),Urban,Total,Marginal workers_Worked for less than_3 months_Total_Females,12,DDW-0200B-01ST-Census.xls,01ST
B0301ST,02,026,District - Kullu (04),Urban,5-14,Marginal workers_Worked for less than_3 months_Total_Females,3,DDW-0200B-01ST-Census.xls,01ST
B0301ST,02,026,District - Kullu (04),Urban,15-34,Marginal workers_Worked for less than_3 months_Total_Females,4,DDW-0200B-01ST-Census.xls,01ST
B0301ST,02,026,District - Kullu (04),Urban,35-59,Marginal workers_Worked for less than_3 months_Total_Females,5,DDW-0200B-01ST-Census.xls,01ST
B0301ST,02,026,District - Kullu (04),Urban,60+,Marginal workers_Worked for less than_3 months_Total_Females,0,DDW-0200B-01ST-Census.xls,01ST
B0301ST,02,026,District - Kullu (04),Urban,Age not stated,Marginal workers_Worked for less than_3 months_Total_Females,0,DDW-0200B-01ST-Census.xls,01ST
B0301ST,02,026,District - Kullu (04),Urban,15-59,Marginal workers_Worked for less than_3 months_Total_Females,9,DDW-0200B-01ST-Census.xls,01ST
B0301ST,02,027,District - Mandi (05),Total,Total,Marginal workers_Worked for less than_3 months_Total_Females,661,DDW-0200B-01ST-Census.xls,01ST
B0301ST,02,027,District - Mandi (05),Total,5-14,Marginal workers_Worked for less than_3 months_Total_Females,166,DDW-0200B-01ST-Census.xls,01ST
B0301ST,02,027,District - Mandi (05),Total,15-34,Marginal workers_Worked for less than_3 months_Total_Females,287,DDW-0200B-01ST-Census.xls,01ST
B0301ST,02,027,District - Mandi (05),Total,35-59,Marginal workers_Worked for less than_3 months_Total_Females,146,DDW-0200B-01ST-Census.xls,01ST
B0301ST,02,027,District - Mandi (05),Total,60+,Marginal workers_Worked for less than_3 months_Total_Females,62,DDW-0200B-01ST-Census.xls,01ST
B0301ST,02,027,District - Mandi (05),Total,Age not stated,Marginal workers_Worked for less than_3 months_Total_Females,0,DDW-0200B-01ST-Census.xls,01ST
B0301ST,02,027,District - Mandi (05),Total,15-59,Marginal workers_Worked for less than_3 months_Total_Females,433,DDW-0200B-01ST-Census.xls,01ST
B0301ST,02,027,District - Mandi (05),Rural,Total,Marginal workers_Worked for less than_3 months_Total_Females,659,DDW-0200B-01ST-Census.xls,01ST
B0301ST,02,027,District - Mandi (05),Rural,5-14,Marginal workers_Worked for less than_3 months_Total_Females,166,DDW-0200B-01ST-Census.xls,01ST
B0301ST,02,027,District - Mandi (05),Rural,15-34,Marginal workers_Worked for less than_3 months_Total_Females,286,DDW-0200B-01ST-Census.xls,01ST
B0301ST,02,027,District - Mandi (05),Rural,35-59,Marginal workers_Worked for less than_3 months_Total_Females,145,DDW-0200B-01ST-Census.xls,01ST
B0301ST,02,027,District - Mandi (05),Rural,60+,Marginal workers_Worked for less than_3 months_Total_Females,62,DDW-0200B-01ST-Census.xls,01ST
B0301ST,02,027,District - Mandi (05),Rural,Age not stated,Marginal workers_Worked for less than_3 months_Total_Females,0,DDW-0200B-01ST-Census.xls,01ST
B0301ST,02,027,District - Mandi (05),Rural,15-59,Marginal workers_Worked for less than_3 months_Total_Females,431,DDW-0200B-01ST-Census.xls,01ST
B0301ST,02,027,District - Mandi (05),Urban,Total,Marginal workers_Worked for less than_3 months_Total_Females,2,DDW-0200B-01ST-Census.xls,01ST
B0301ST,02,027,District - Mandi (05),Urban,5-14,Marginal workers_Worked for less than_3 months_Total_Females,0,DDW-0200B-01ST-Census.xls,01ST
B0301ST,02,027,District - Mandi (05),Urban,15-34,Marginal workers_Worked for less than_3 months_Total_Females,1,DDW-0200B-01ST-Census.xls,01ST
B0301ST,02,027,District - Mandi (05),Urban,35-59,Marginal workers_Worked for less than_3 months_Total_Females,1,DDW-0200B-01ST-Census.xls,01ST
B0301ST,02,027,District - Mandi (05),Urban,60+,Marginal workers_Worked for less than_3 months_Total_Females,0,DDW-0200B-01ST-Census.xls,01ST
B0301ST,02,027,District - Mandi (05),Urban,Age not stated,Marginal workers_Worked for less than_3 months_Total_Females,0,DDW-0200B-01ST-Census.xls,01ST
B0301ST,02,027,District - Mandi (05),Urban,15-59,Marginal workers_Worked for less than_3 months_Total_Females,2,DDW-0200B-01ST-Census.xls,01ST
B0301ST,02,028,District - Hamirpur (06),Total,Total,Marginal workers_Worked for less than_3 months_Total_Females,221,DDW-0200B-01ST-Census.xls,01ST
B0301ST,02,028,District - Hamirpur (06),Total,5-14,Marginal workers_Worked for less than_3 months_Total_Females,46,DDW-0200B-01ST-Census.xls,01ST
B0301ST,02,028,District - Hamirpur (06),Total,15-34,Marginal workers_Worked for less than_3 months_Total_Females,86,DDW-0200B-01ST-Census.xls,01ST
B0301ST,02,028,District - Hamirpur (06),Total,35-59,Marginal workers_Worked for less than_3 months_Total_Females,65,DDW-0200B-01ST-Census.xls,01ST
B0301ST,02,028,District - Hamirpur (06),Total,60+,Marginal workers_Worked for less than_3 months_Total_Females,24,DDW-0200B-01ST-Census.xls,01ST
B0301ST,02,028,District - Hamirpur (06),Total,Age not stated,Marginal workers_Worked for less than_3 months_Total_Females,0,DDW-0200B-01ST-Census.xls,01ST
B0301ST,02,028,District - Hamirpur (06),Total,15-59,Marginal workers_Worked for less than_3 months_Total_Females,151,DDW-0200B-01ST-Census.xls,01ST
B0301ST,02,028,District - Hamirpur (06),Rural,Total,Marginal workers_Worked for less than_3 months_Total_Females,221,DDW-0200B-01ST-Census.xls,01ST
B0301ST,02,028,District - Hamirpur (06),Rural,5-14,Marginal workers_Worked for less than_3 months_Total_Females,46,DDW-0200B-01ST-Census.xls,01ST
B0301ST,02,028,District - Hamirpur (06),Rural,15-34,Marginal workers_Worked for less than_3 months_Total_Females,86,DDW-0200B-01ST-Census.xls,01ST
B0301ST,02,028,District - Hamirpur (06),Rural,35-59,Marginal workers_Worked for less than_3 months_Total_Females,65,DDW-0200B-01ST-Census.xls,01ST
B0301ST,02,028,District - Hamirpur (06),Rural,60+,Marginal workers_Worked for less than_3 months_Total_Females,24,DDW-0200B-01ST-Census.xls,01ST
B0301ST,02,028,District - Hamirpur (06),Rural,Age not stated,Marginal workers_Worked for less than_3 months_Total_Females,0,DDW-0200B-01ST-Census.xls,01ST
B0301ST,02,028,District - Hamirpur (06),Rural,15-59,Marginal workers_Worked for less than_3 months_Total_Females,151,DDW-0200B-01ST-Census.xls,01ST
B0301ST,02,028,District - Hamirpur (06),Urban,Total,Marginal workers_Worked for less than_3 months_Total_Females,0,DDW-0200B-01ST-Census.xls,01ST
B0301ST,02,028,District - Hamirpur (06),Urban,5-14,Marginal workers_Worked for less than_3 months_Total_Females,0,DDW-0200B-01ST-Census.xls,01ST
B0301ST,02,028,District - Hamirpur (06),Urban,15-34,Marginal workers_Worked for less than_3 months_Total_Females,0,DDW-0200B-01ST-Census.xls,01ST
B0301ST,02,028,District - Hamirpur (06),Urban,35-59,Marginal workers_Worked for less than_3 months_Total_Females,0,DDW-0200B-01ST-Census.xls,01ST
B0301ST,02,028,District - Hamirpur (06),Urban,60+,Marginal workers_Worked for less than_3 months_Total_Females,0,DDW-0200B-01ST-Census.xls,01ST
B0301ST,02,028,District - Hamirpur (06),Urban,Age not stated,Marginal workers_Worked for less than_3 months_Total_Females,0,DDW-0200B-01ST-Census.xls,01ST
B0301ST,02,028,District - Hamirpur (06),Urban,15-59,Marginal workers_Worked for less than_3 months_Total_Females,0,DDW-0200B-01ST-Census.xls,01ST
B0301ST,02,029,District - Una (07),Total,Total,Marginal workers_Worked for less than_3 months_Total_Females,192,DDW-0200B-01ST-Census.xls,01ST
B0301ST,02,029,District - Una (07),Total,5-14,Marginal workers_Worked for less than_3 months_Total_Females,14,DDW-0200B-01ST-Census.xls,01ST
B0301ST,02,029,District - Una (07),Total,15-34,Marginal workers_Worked for less than_3 months_Total_Females,98,DDW-0200B-01ST-Census.xls,01ST
B0301ST,02,029,District - Una (07),Total,35-59,Marginal workers_Worked for less than_3 months_Total_Females,66,DDW-0200B-01ST-Census.xls,01ST
B0301ST,02,029,District - Una (07),Total,60+,Marginal workers_Worked for less than_3 months_Total_Females,14,DDW-0200B-01ST-Census.xls,01ST
B0301ST,02,029,District - Una (07),Total,Age not stated,Marginal workers_Worked for less than_3 months_Total_Females,0,DDW-0200B-01ST-Census.xls,01ST
B0301ST,02,029,District - Una (07),Total,15-59,Marginal workers_Worked for less than_3 months_Total_Females,164,DDW-0200B-01ST-Census.xls,01ST
B0301ST,02,029,District - Una (07),Rural,Total,Marginal workers_Worked for less than_3 months_Total_Females,192,DDW-0200B-01ST-Census.xls,01ST
B0301ST,02,029,District - Una (07),Rural,5-14,Marginal workers_Worked for less than_3 months_Total_Females,14,DDW-0200B-01ST-Census.xls,01ST
B0301ST,02,029,District - Una (07),Rural,15-34,Marginal workers_Worked for less than_3 months_Total_Females,98,DDW-0200B-01ST-Census.xls,01ST
B0301ST,02,029,District - Una (07),Rural,35-59,Marginal workers_Worked for less than_3 months_Total_Females,66,DDW-0200B-01ST-Census.xls,01ST
B0301ST,02,029,District - Una (07),Rural,60+,Marginal workers_Worked for less than_3 months_Total_Females,14,DDW-0200B-01ST-Census.xls,01ST
B0301ST,02,029,District - Una (07),Rural,Age not stated,Marginal workers_Worked for less than_3 months_Total_Females,0,DDW-0200B-01ST-Census.xls,01ST
B0301ST,02,029,District - Una (07),Rural,15-59,Marginal workers_Worked for less than_3 months_Total_Females,164,DDW-0200B-01ST-Census.xls,01ST
B0301ST,02,029,District - Una (07),Urban,Total,Marginal workers_Worked for less than_3 months_Total_Females,0,DDW-0200B-01ST-Census.xls,01ST
B0301ST,02,029,District - Una (07),Urban,5-14,Marginal workers_Worked for less than_3 months_Total_Females,0,DDW-0200B-01ST-Census.xls,01ST
B0301ST,02,029,District - Una (07),Urban,15-34,Marginal workers_Worked for less than_3 months_Total_Females,0,DDW-0200B-01ST-Census.xls,01ST
B0301ST,02,029,District - Una (07),Urban,35-59,Marginal workers_Worked for less than_3 months_Total_Females,0,DDW-0200B-01ST-Census.xls,01ST
B0301ST,02,029,District - Una (07),Urban,60+,Marginal workers_Worked for less than_3 months_Total_Females,0,DDW-0200B-01ST-Census.xls,01ST
B0301ST,02,029,District - Una (07),Urban,Age not stated,Marginal workers_Worked for less than_3 months_Total_Females,0,DDW-0200B-01ST-Census.xls,01ST
B0301ST,02,029,District - Una (07),Urban,15-59,Marginal workers_Worked for less than_3 months_Total_Females,0,DDW-0200B-01ST-Census.xls,01ST
B0301ST,02,030,District - Bilaspur (08),Total,Total,Marginal workers_Worked for less than_3 months_Total_Females,607,DDW-0200B-01ST-Census.xls,01ST
B0301ST,02,030,District - Bilaspur (08),Total,5-14,Marginal workers_Worked for less than_3 months_Total_Females,76,DDW-0200B-01ST-Census.xls,01ST
B0301ST,02,030,District - Bilaspur (08),Total,15-34,Marginal workers_Worked for less than_3 months_Total_Females,270,DDW-0200B-01ST-Census.xls,01ST
B0301ST,02,030,District - Bilaspur (08),Total,35-59,Marginal workers_Worked for less than_3 months_Total_Females,177,DDW-0200B-01ST-Census.xls,01ST
B0301ST,02,030,District - Bilaspur (08),Total,60+,Marginal workers_Worked for less than_3 months_Total_Females,84,DDW-0200B-01ST-Census.xls,01ST
B0301ST,02,030,District - Bilaspur (08),Total,Age not stated,Marginal workers_Worked for less than_3 months_Total_Females,0,DDW-0200B-01ST-Census.xls,01ST
B0301ST,02,030,District - Bilaspur (08),Total,15-59,Marginal workers_Worked for less than_3 months_Total_Females,447,DDW-0200B-01ST-Census.xls,01ST
B0301ST,02,030,District - Bilaspur (08),Rural,Total,Marginal workers_Worked for less than_3 months_Total_Females,600,DDW-0200B-01ST-Census.xls,01ST
B0301ST,02,030,District - Bilaspur (08),Rural,5-14,Marginal workers_Worked for less than_3 months_Total_Females,76,DDW-0200B-01ST-Census.xls,01ST
B0301ST,02,030,District - Bilaspur (08),Rural,15-34,Marginal workers_Worked for less than_3 months_Total_Females,265,DDW-0200B-01ST-Census.xls,01ST
B0301ST,02,030,District - Bilaspur (08),Rural,35-59,Marginal workers_Worked for less than_3 months_Total_Females,176,DDW-0200B-01ST-Census.xls,01ST
B0301ST,02,030,District - Bilaspur (08),Rural,60+,Marginal workers_Worked for less than_3 months_Total_Females,83,DDW-0200B-01ST-Census.xls,01ST
B0301ST,02,030,District - Bilaspur (08),Rural,Age not stated,Marginal workers_Worked for less than_3 months_Total_Females,0,DDW-0200B-01ST-Census.xls,01ST
B0301ST,02,030,District - Bilaspur (08),Rural,15-59,Marginal workers_Worked for less than_3 months_Total_Females,441,DDW-0200B-01ST-Census.xls,01ST
B0301ST,02,030,District - Bilaspur (08),Urban,Total,Marginal workers_Worked for less than_3 months_Total_Females,7,DDW-0200B-01ST-Census.xls,01ST
B0301ST,02,030,District - Bilaspur (08),Urban,5-14,Marginal workers_Worked for less than_3 months_Total_Females,0,DDW-0200B-01ST-Census.xls,01ST
B0301ST,02,030,District - Bilaspur (08),Urban,15-34,Marginal workers_Worked for less than_3 months_Total_Females,5,DDW-0200B-01ST-Census.xls,01ST
B0301ST,02,030,District - Bilaspur (08),Urban,35-59,Marginal workers_Worked for less than_3 months_Total_Females,1,DDW-0200B-01ST-Census.xls,01ST
B0301ST,02,030,District - Bilaspur (08),Urban,60+,Marginal workers_Worked for less than_3 months_Total_Females,1,DDW-0200B-01ST-Census.xls,01ST
B0301ST,02,030,District - Bilaspur (08),Urban,Age not stated,Marginal workers_Worked for less than_3 months_Total_Females,0,DDW-0200B-01ST-Census.xls,01ST
B0301ST,02,030,District - Bilaspur (08),Urban,15-59,Marginal workers_Worked for less than_3 months_Total_Females,6,DDW-0200B-01ST-Census.xls,01ST
B0301ST,02,031,District - Solan (09),Total,Total,Marginal workers_Worked for less than_3 months_Total_Females,492,DDW-0200B-01ST-Census.xls,01ST
B0301ST,02,031,District - Solan (09),Total,5-14,Marginal workers_Worked for less than_3 months_Total_Females,59,DDW-0200B-01ST-Census.xls,01ST
B0301ST,02,031,District - Solan (09),Total,15-34,Marginal workers_Worked for less than_3 months_Total_Females,210,DDW-0200B-01ST-Census.xls,01ST
B0301ST,02,031,District - Solan (09),Total,35-59,Marginal workers_Worked for less than_3 months_Total_Females,171,DDW-0200B-01ST-Census.xls,01ST
B0301ST,02,031,District - Solan (09),Total,60+,Marginal workers_Worked for less than_3 months_Total_Females,52,DDW-0200B-01ST-Census.xls,01ST
B0301ST,02,031,District - Solan (09),Total,Age not stated,Marginal workers_Worked for less than_3 months_Total_Females,0,DDW-0200B-01ST-Census.xls,01ST
B0301ST,02,031,District - Solan (09),Total,15-59,Marginal workers_Worked for less than_3 months_Total_Females,381,DDW-0200B-01ST-Census.xls,01ST
B0301ST,02,031,District - Solan (09),Rural,Total,Marginal workers_Worked for less than_3 months_Total_Females,492,DDW-0200B-01ST-Census.xls,01ST
B0301ST,02,031,District - Solan (09),Rural,5-14,Marginal workers_Worked for less than_3 months_Total_Females,59,DDW-0200B-01ST-Census.xls,01ST
B0301ST,02,031,District - Solan (09),Rural,15-34,Marginal workers_Worked for less than_3 months_Total_Females,210,DDW-0200B-01ST-Census.xls,01ST
B0301ST,02,031,District - Solan (09),Rural,35-59,Marginal workers_Worked for less than_3 months_Total_Females,171,DDW-0200B-01ST-Census.xls,01ST
B0301ST,02,031,District - Solan (09),Rural,60+,Marginal workers_Worked for less than_3 months_Total_Females,52,DDW-0200B-01ST-Census.xls,01ST
B0301ST,02,031,District - Solan (09),Rural,Age not stated,Marginal workers_Worked for less than_3 months_Total_Females,0,DDW-0200B-01ST-Census.xls,01ST
B0301ST,02,031,District - Solan (09),Rural,15-59,Marginal workers_Worked for less than_3 months_Total_Females,381,DDW-0200B-01ST-Census.xls,01ST
B0301ST,02,031,District - Solan (09),Urban,Total,Marginal workers_Worked for less than_3 months_Total_Females,0,DDW-0200B-01ST-Census.xls,01ST
B0301ST,02,031,District - Solan (09),Urban,5-14,Marginal workers_Worked for less than_3 months_Total_Females,0,DDW-0200B-01ST-Census.xls,01ST
B0301ST,02,031,District - Solan (09),Urban,15-34,Marginal workers_Worked for less than_3 months_Total_Females,0,DDW-0200B-01ST-Census.xls,01ST
B0301ST,02,031,District - Solan (09),Urban,35-59,Marginal workers_Worked for less than_3 months_Total_Females,0,DDW-0200B-01ST-Census.xls,01ST
B0301ST,02,031,District - Solan (09),Urban,60+,Marginal workers_Worked for less than_3 months_Total_Females,0,DDW-0200B-01ST-Census.xls,01ST
B0301ST,02,031,District - Solan (09),Urban,Age not stated,Marginal workers_Worked for less than_3 months_Total_Females,0,DDW-0200B-01ST-Census.xls,01ST
B0301ST,02,031,District - Solan (09),Urban,15-59,Marginal workers_Worked for less than_3 months_Total_Females,0,DDW-0200B-01ST-Census.xls,01ST
B0301ST,02,032,District - Sirmaur (10),Total,Total,Marginal workers_Worked for less than_3 months_Total_Females,204,DDW-0200B-01ST-Census.xls,01ST
B0301ST,02,032,District - Sirmaur (10),Total,5-14,Marginal workers_Worked for less than_3 months_Total_Females,43,DDW-0200B-01ST-Census.xls,01ST
B0301ST,02,032,District - Sirmaur (10),Total,15-34,Marginal workers_Worked for less than_3 months_Total_Females,95,DDW-0200B-01ST-Census.xls,01ST
B0301ST,02,032,District - Sirmaur (10),Total,35-59,Marginal workers_Worked for less than_3 months_Total_Females,48,DDW-0200B-01ST-Census.xls,01ST
B0301ST,02,032,District - Sirmaur (10),Total,60+,Marginal workers_Worked for less than_3 months_Total_Females,18,DDW-0200B-01ST-Census.xls,01ST
B0301ST,02,032,District - Sirmaur (10),Total,Age not stated,Marginal workers_Worked for less than_3 months_Total_Females,0,DDW-0200B-01ST-Census.xls,01ST
B0301ST,02,032,District - Sirmaur (10),Total,15-59,Marginal workers_Worked for less than_3 months_Total_Females,143,DDW-0200B-01ST-Census.xls,01ST
B0301ST,02,032,District - Sirmaur (10),Rural,Total,Marginal workers_Worked for less than_3 months_Total_Females,204,DDW-0200B-01ST-Census.xls,01ST
B0301ST,02,032,District - Sirmaur (10),Rural,5-14,Marginal workers_Worked for less than_3 months_Total_Females,43,DDW-0200B-01ST-Census.xls,01ST
B0301ST,02,032,District - Sirmaur (10),Rural,15-34,Marginal workers_Worked for less than_3 months_Total_Females,95,DDW-0200B-01ST-Census.xls,01ST
B0301ST,02,032,District - Sirmaur (10),Rural,35-59,Marginal workers_Worked for less than_3 months_Total_Females,48,DDW-0200B-01ST-Census.xls,01ST
B0301ST,02,032,District - Sirmaur (10),Rural,60+,Marginal workers_Worked for less than_3 months_Total_Females,18,DDW-0200B-01ST-Census.xls,01ST
B0301ST,02,032,District - Sirmaur (10),Rural,Age not stated,Marginal workers_Worked for less than_3 months_Total_Females,0,DDW-0200B-01ST-Census.xls,01ST
B0301ST,02,032,District - Sirmaur (10),Rural,15-59,Marginal workers_Worked for less than_3 months_Total_Females,143,DDW-0200B-01ST-Census.xls,01ST
B0301ST,02,032,District - Sirmaur (10),Urban,Total,Marginal workers_Worked for less than_3 months_Total_Females,0,DDW-0200B-01ST-Census.xls,01ST
B0301ST,02,032,District - Sirmaur (10),Urban,5-14,Marginal workers_Worked for less than_3 months_Total_Females,0,DDW-0200B-01ST-Census.xls,01ST
B0301ST,02,032,District - Sirmaur (10),Urban,15-34,Marginal workers_Worked for less than_3 months_Total_Females,0,DDW-0200B-01ST-Census.xls,01ST
B0301ST,02,032,District - Sirmaur (10),Urban,35-59,Marginal workers_Worked for less than_3 months_Total_Females,0,DDW-0200B-01ST-Census.xls,01ST
B0301ST,02,032,District - Sirmaur (10),Urban,60+,Marginal workers_Worked for less than_3 months_Total_Females,0,DDW-0200B-01ST-Census.xls,01ST
B0301ST,02,032,District - Sirmaur (10),Urban,Age not stated,Marginal workers_Worked for less than_3 months_Total_Females,0,DDW-0200B-01ST-Census.xls,01ST
B0301ST,02,032,District - Sirmaur (10),Urban,15-59,Marginal workers_Worked for less than_3 months_Total_Females,0,DDW-0200B-01ST-Census.xls,01ST
B0301ST,02,033,District - Shimla (11),Total,Total,Marginal workers_Worked for less than_3 months_Total_Females,157,DDW-0200B-01ST-Census.xls,01ST
B0301ST,02,033,District - Shimla (11),Total,5-14,Marginal workers_Worked for less than_3 months_Total_Females,22,DDW-0200B-01ST-Census.xls,01ST
B0301ST,02,033,District - Shimla (11),Total,15-34,Marginal workers_Worked for less than_3 months_Total_Females,76,DDW-0200B-01ST-Census.xls,01ST
B0301ST,02,033,District - Shimla (11),Total,35-59,Marginal workers_Worked for less than_3 months_Total_Females,48,DDW-0200B-01ST-Census.xls,01ST
B0301ST,02,033,District - Shimla (11),Total,60+,Marginal workers_Worked for less than_3 months_Total_Females,11,DDW-0200B-01ST-Census.xls,01ST
B0301ST,02,033,District - Shimla (11),Total,Age not stated,Marginal workers_Worked for less than_3 months_Total_Females,0,DDW-0200B-01ST-Census.xls,01ST
B0301ST,02,033,District - Shimla (11),Total,15-59,Marginal workers_Worked for less than_3 months_Total_Females,124,DDW-0200B-01ST-Census.xls,01ST
B0301ST,02,033,District - Shimla (11),Rural,Total,Marginal workers_Worked for less than_3 months_Total_Females,98,DDW-0200B-01ST-Census.xls,01ST
B0301ST,02,033,District - Shimla (11),Rural,5-14,Marginal workers_Worked for less than_3 months_Total_Females,14,DDW-0200B-01ST-Census.xls,01ST
B0301ST,02,033,District - Shimla (11),Rural,15-34,Marginal workers_Worked for less than_3 months_Total_Females,44,DDW-0200B-01ST-Census.xls,01ST
B0301ST,02,033,District - Shimla (11),Rural,35-59,Marginal workers_Worked for less than_3 months_Total_Females,32,DDW-0200B-01ST-Census.xls,01ST
B0301ST,02,033,District - Shimla (11),Rural,60+,Marginal workers_Worked for less than_3 months_Total_Females,8,DDW-0200B-01ST-Census.xls,01ST
B0301ST,02,033,District - Shimla (11),Rural,Age not stated,Marginal workers_Worked for less than_3 months_Total_Females,0,DDW-0200B-01ST-Census.xls,01ST
B0301ST,02,033,District - Shimla (11),Rural,15-59,Marginal workers_Worked for less than_3 months_Total_Females,76,DDW-0200B-01ST-Census.xls,01ST
B0301ST,02,033,District - Shimla (11),Urban,Total,Marginal workers_Worked for less than_3 months_Total_Females,59,DDW-0200B-01ST-Census.xls,01ST
B0301ST,02,033,District - Shimla (11),Urban,5-14,Marginal workers_Worked for less than_3 months_Total_Females,8,DDW-0200B-01ST-Census.xls,01ST
B0301ST,02,033,District - Shimla (11),Urban,15-34,Marginal workers_Worked for less than_3 months_Total_Females,32,DDW-0200B-01ST-Census.xls,01ST
B0301ST,02,033,District - Shimla (11),Urban,35-59,Marginal workers_Worked for less than_3 months_Total_Females,16,DDW-0200B-01ST-Census.xls,01ST
B0301ST,02,033,District - Shimla (11),Urban,60+,Marginal workers_Worked for less than_3 months_Total_Females,3,DDW-0200B-01ST-Census.xls,01ST
B0301ST,02,033,District - Shimla (11),Urban,Age not stated,Marginal workers_Worked for less than_3 months_Total_Females,0,DDW-0200B-01ST-Census.xls,01ST
B0301ST,02,033,District - Shimla (11),Urban,15-59,Marginal workers_Worked for less than_3 months_Total_Females,48,DDW-0200B-01ST-Census.xls,01ST
B0301ST,02,034,District - Kinnaur (12),Total,Total,Marginal workers_Worked for less than_3 months_Total_Females,1438,DDW-0200B-01ST-Census.xls,01ST
B0301ST,02,034,District - Kinnaur (12),Total,5-14,Marginal workers_Worked for less than_3 months_Total_Females,421,DDW-0200B-01ST-Census.xls,01ST
B0301ST,02,034,District - Kinnaur (12),Total,15-34,Marginal workers_Worked for less than_3 months_Total_Females,692,DDW-0200B-01ST-Census.xls,01ST
B0301ST,02,034,District - Kinnaur (12),Total,35-59,Marginal workers_Worked for less than_3 months_Total_Females,137,DDW-0200B-01ST-Census.xls,01ST
B0301ST,02,034,District - Kinnaur (12),Total,60+,Marginal workers_Worked for less than_3 months_Total_Females,185,DDW-0200B-01ST-Census.xls,01ST
B0301ST,02,034,District - Kinnaur (12),Total,Age not stated,Marginal workers_Worked for less than_3 months_Total_Females,3,DDW-0200B-01ST-Census.xls,01ST
B0301ST,02,034,District - Kinnaur (12),Total,15-59,Marginal workers_Worked for less than_3 months_Total_Females,829,DDW-0200B-01ST-Census.xls,01ST
B0301ST,02,034,District - Kinnaur (12),Rural,Total,Marginal workers_Worked for less than_3 months_Total_Females,1438,DDW-0200B-01ST-Census.xls,01ST
B0301ST,02,034,District - Kinnaur (12),Rural,5-14,Marginal workers_Worked for less than_3 months_Total_Females,421,DDW-0200B-01ST-Census.xls,01ST
B0301ST,02,034,District - Kinnaur (12),Rural,15-34,Marginal workers_Worked for less than_3 months_Total_Females,692,DDW-0200B-01ST-Census.xls,01ST
B0301ST,02,034,District - Kinnaur (12),Rural,35-59,Marginal workers_Worked for less than_3 months_Total_Females,137,DDW-0200B-01ST-Census.xls,01ST
B0301ST,02,034,District - Kinnaur (12),Rural,60+,Marginal workers_Worked for less than_3 months_Total_Females,185,DDW-0200B-01ST-Census.xls,01ST
B0301ST,02,034,District - Kinnaur (12),Rural,Age not stated,Marginal workers_Worked for less than_3 months_Total_Females,3,DDW-0200B-01ST-Census.xls,01ST
B0301ST,02,034,District - Kinnaur (12),Rural,15-59,Marginal workers_Worked for less than_3 months_Total_Females,829,DDW-0200B-01ST-Census.xls,01ST
B0301ST,02,034,District - Kinnaur (12),Urban,Total,Marginal workers_Worked for less than_3 months_Total_Females,0,DDW-0200B-01ST-Census.xls,01ST
B0301ST,02,034,District - Kinnaur (12),Urban,5-14,Marginal workers_Worked for less than_3 months_Total_Females,0,DDW-0200B-01ST-Census.xls,01ST
B0301ST,02,034,District - Kinnaur (12),Urban,15-34,Marginal workers_Worked for less than_3 months_Total_Females,0,DDW-0200B-01ST-Census.xls,01ST
B0301ST,02,034,District - Kinnaur (12),Urban,35-59,Marginal workers_Worked for less than_3 months_Total_Females,0,DDW-0200B-01ST-Census.xls,01ST
B0301ST,02,034,District - Kinnaur (12),Urban,60+,Marginal workers_Worked for less than_3 months_Total_Females,0,DDW-0200B-01ST-Census.xls,01ST
B0301ST,02,034,District - Kinnaur (12),Urban,Age not stated,Marginal workers_Worked for less than_3 months_Total_Females,0,DDW-0200B-01ST-Census.xls,01ST
B0301ST,02,034,District - Kinnaur (12),Urban,15-59,Marginal workers_Worked for less than_3 months_Total_Females,0,DDW-0200B-01ST-Census.xls,01ST
B0301ST,02,000,State - HIMACHAL PRADESH (02),Total,Total,Marginal workers_Worked for 3 to 6 months_Total_Persons,61761,DDW-0200B-01ST-Census.xls,01ST
B0301ST,02,000,State - HIMACHAL PRADESH (02),Total,5-14,Marginal workers_Worked for 3 to 6 months_Total_Persons,2408,DDW-0200B-01ST-Census.xls,01ST
B0301ST,02,000,State - HIMACHAL PRADESH (02),Total,15-34,Marginal workers_Worked for 3 to 6 months_Total_Persons,30234,DDW-0200B-01ST-Census.xls,01ST
B0301ST,02,000,State - HIMACHAL PRADESH (02),Total,35-59,Marginal workers_Worked for 3 to 6 months_Total_Persons,22797,DDW-0200B-01ST-Census.xls,01ST
B0301ST,02,000,State - HIMACHAL PRADESH (02),Total,60+,Marginal workers_Worked for 3 to 6 months_Total_Persons,6254,DDW-0200B-01ST-Census.xls,01ST
B0301ST,02,000,State - HIMACHAL PRADESH (02),Total,Age not stated,Marginal workers_Worked for 3 to 6 months_Total_Persons,68,DDW-0200B-01ST-Census.xls,01ST
B0301ST,02,000,State - HIMACHAL PRADESH (02),Total,15-59,Marginal workers_Worked for 3 to 6 months_Total_Persons,53031,DDW-0200B-01ST-Census.xls,01ST
B0301ST,02,000,State - HIMACHAL PRADESH (02),Rural,Total,Marginal workers_Worked for 3 to 6 months_Total_Persons,61086,DDW-0200B-01ST-Census.xls,01ST
B0301ST,02,000,State - HIMACHAL PRADESH (02),Rural,5-14,Marginal workers_Worked for 3 to 6 months_Total_Persons,2398,DDW-0200B-01ST-Census.xls,01ST
B0301ST,02,000,State - HIMACHAL PRADESH (02),Rural,15-34,Marginal workers_Worked for 3 to 6 months_Total_Persons,29920,DDW-0200B-01ST-Census.xls,01ST
B0301ST,02,000,State - HIMACHAL PRADESH (02),Rural,35-59,Marginal workers_Worked for 3 to 6 months_Total_Persons,22498,DDW-0200B-01ST-Census.xls,01ST
B0301ST,02,000,State - HIMACHAL PRADESH (02),Rural,60+,Marginal workers_Worked for 3 to 6 months_Total_Persons,6202,DDW-0200B-01ST-Census.xls,01ST
B0301ST,02,000,State - HIMACHAL PRADESH (02),Rural,Age not stated,Marginal workers_Worked for 3 to 6 months_Total_Persons,68,DDW-0200B-01ST-Census.xls,01ST
B0301ST,02,000,State - HIMACHAL PRADESH (02),Rural,15-59,Marginal workers_Worked for 3 to 6 months_Total_Persons,52418,DDW-0200B-01ST-Census.xls,01ST
B0301ST,02,000,State - HIMACHAL PRADESH (02),Urban,Total,Marginal workers_Worked for 3 to 6 months_Total_Persons,675,DDW-0200B-01ST-Census.xls,01ST
B0301ST,02,000,State - HIMACHAL PRADESH (02),Urban,5-14,Marginal workers_Worked for 3 to 6 months_Total_Persons,10,DDW-0200B-01ST-Census.xls,01ST
B0301ST,02,000,State - HIMACHAL PRADESH (02),Urban,15-34,Marginal workers_Worked for 3 to 6 months_Total_Persons,314,DDW-0200B-01ST-Census.xls,01ST
B0301ST,02,000,State - HIMACHAL PRADESH (02),Urban,35-59,Marginal workers_Worked for 3 to 6 months_Total_Persons,299,DDW-0200B-01ST-Census.xls,01ST
B0301ST,02,000,State - HIMACHAL PRADESH (02),Urban,60+,Marginal workers_Worked for 3 to 6 months_Total_Persons,52,DDW-0200B-01ST-Census.xls,01ST
B0301ST,02,000,State - HIMACHAL PRADESH (02),Urban,Age not stated,Marginal workers_Worked for 3 to 6 months_Total_Persons,0,DDW-0200B-01ST-Census.xls,01ST
B0301ST,02,000,State - HIMACHAL PRADESH (02),Urban,15-59,Marginal workers_Worked for 3 to 6 months_Total_Persons,613,DDW-0200B-01ST-Census.xls,01ST
B0301ST,02,023,District - Chamba (01),Total,Total,Marginal workers_Worked for 3 to 6 months_Total_Persons,32134,DDW-0200B-01ST-Census.xls,01ST
B0301ST,02,023,District - Chamba (01),Total,5-14,Marginal workers_Worked for 3 to 6 months_Total_Persons,1505,DDW-0200B-01ST-Census.xls,01ST
B0301ST,02,023,District - Chamba (01),Total,15-34,Marginal workers_Worked for 3 to 6 months_Total_Persons,16424,DDW-0200B-01ST-Census.xls,01ST
B0301ST,02,023,District - Chamba (01),Total,35-59,Marginal workers_Worked for 3 to 6 months_Total_Persons,11353,DDW-0200B-01ST-Census.xls,01ST
B0301ST,02,023,District - Chamba (01),Total,60+,Marginal workers_Worked for 3 to 6 months_Total_Persons,2834,DDW-0200B-01ST-Census.xls,01ST
B0301ST,02,023,District - Chamba (01),Total,Age not stated,Marginal workers_Worked for 3 to 6 months_Total_Persons,18,DDW-0200B-01ST-Census.xls,01ST
B0301ST,02,023,District - Chamba (01),Total,15-59,Marginal workers_Worked for 3 to 6 months_Total_Persons,27777,DDW-0200B-01ST-Census.xls,01ST
B0301ST,02,023,District - Chamba (01),Rural,Total,Marginal workers_Worked for 3 to 6 months_Total_Persons,32032,DDW-0200B-01ST-Census.xls,01ST
B0301ST,02,023,District - Chamba (01),Rural,5-14,Marginal workers_Worked for 3 to 6 months_Total_Persons,1504,DDW-0200B-01ST-Census.xls,01ST
B0301ST,02,023,District - Chamba (01),Rural,15-34,Marginal workers_Worked for 3 to 6 months_Total_Persons,16383,DDW-0200B-01ST-Census.xls,01ST
B0301ST,02,023,District - Chamba (01),Rural,35-59,Marginal workers_Worked for 3 to 6 months_Total_Persons,11301,DDW-0200B-01ST-Census.xls,01ST
B0301ST,02,023,District - Chamba (01),Rural,60+,Marginal workers_Worked for 3 to 6 months_Total_Persons,2826,DDW-0200B-01ST-Census.xls,01ST
B0301ST,02,023,District - Chamba (01),Rural,Age not stated,Marginal workers_Worked for 3 to 6 months_Total_Persons,18,DDW-0200B-01ST-Census.xls,01ST
B0301ST,02,023,District - Chamba (01),Rural,15-59,Marginal workers_Worked for 3 to 6 months_Total_Persons,27684,DDW-0200B-01ST-Census.xls,01ST
B0301ST,02,023,District - Chamba (01),Urban,Total,Marginal workers_Worked for 3 to 6 months_Total_Persons,102,DDW-0200B-01ST-Census.xls,01ST
B0301ST,02,023,District - Chamba (01),Urban,5-14,Marginal workers_Worked for 3 to 6 months_Total_Persons,1,DDW-0200B-01ST-Census.xls,01ST
B0301ST,02,023,District - Chamba (01),Urban,15-34,Marginal workers_Worked for 3 to 6 months_Total_Persons,41,DDW-0200B-01ST-Census.xls,01ST
B0301ST,02,023,District - Chamba (01),Urban,35-59,Marginal workers_Worked for 3 to 6 months_Total_Persons,52,DDW-0200B-01ST-Census.xls,01ST
B0301ST,02,023,District - Chamba (01),Urban,60+,Marginal workers_Worked for 3 to 6 months_Total_Persons,8,DDW-0200B-01ST-Census.xls,01ST
B0301ST,02,023,District - Chamba (01),Urban,Age not stated,Marginal workers_Worked for 3 to 6 months_Total_Persons,0,DDW-0200B-01ST-Census.xls,01ST
B0301ST,02,023,District - Chamba (01),Urban,15-59,Marginal workers_Worked for 3 to 6 months_Total_Persons,93,DDW-0200B-01ST-Census.xls,01ST
B0301ST,02,024,District - Kangra (02),Total,Total,Marginal workers_Worked for 3 to 6 months_Total_Persons,11499,DDW-0200B-01ST-Census.xls,01ST
B0301ST,02,024,District - Kangra (02),Total,5-14,Marginal workers_Worked for 3 to 6 months_Total_Persons,192,DDW-0200B-01ST-Census.xls,01ST
B0301ST,02,024,District - Kangra (02),Total,15-34,Marginal workers_Worked for 3 to 6 months_Total_Persons,5167,DDW-0200B-01ST-Census.xls,01ST
B0301ST,02,024,District - Kangra (02),Total,35-59,Marginal workers_Worked for 3 to 6 months_Total_Persons,4848,DDW-0200B-01ST-Census.xls,01ST
B0301ST,02,024,District - Kangra (02),Total,60+,Marginal workers_Worked for 3 to 6 months_Total_Persons,1269,DDW-0200B-01ST-Census.xls,01ST
B0301ST,02,024,District - Kangra (02),Total,Age not stated,Marginal workers_Worked for 3 to 6 months_Total_Persons,23,DDW-0200B-01ST-Census.xls,01ST
B0301ST,02,024,District - Kangra (02),Total,15-59,Marginal workers_Worked for 3 to 6 months_Total_Persons,10015,DDW-0200B-01ST-Census.xls,01ST
B0301ST,02,024,District - Kangra (02),Rural,Total,Marginal workers_Worked for 3 to 6 months_Total_Persons,11230,DDW-0200B-01ST-Census.xls,01ST
B0301ST,02,024,District - Kangra (02),Rural,5-14,Marginal workers_Worked for 3 to 6 months_Total_Persons,190,DDW-0200B-01ST-Census.xls,01ST
B0301ST,02,024,District - Kangra (02),Rural,15-34,Marginal workers_Worked for 3 to 6 months_Total_Persons,5047,DDW-0200B-01ST-Census.xls,01ST
B0301ST,02,024,District - Kangra (02),Rural,35-59,Marginal workers_Worked for 3 to 6 months_Total_Persons,4723,DDW-0200B-01ST-Census.xls,01ST
B0301ST,02,024,District - Kangra (02),Rural,60+,Marginal workers_Worked for 3 to 6 months_Total_Persons,1247,DDW-0200B-01ST-Census.xls,01ST
B0301ST,02,024,District - Kangra (02),Rural,Age not stated,Marginal workers_Worked for 3 to 6 months_Total_Persons,23,DDW-0200B-01ST-Census.xls,01ST
B0301ST,02,024,District - Kangra (02),Rural,15-59,Marginal workers_Worked for 3 to 6 months_Total_Persons,9770,DDW-0200B-01ST-Census.xls,01ST
B0301ST,02,024,District - Kangra (02),Urban,Total,Marginal workers_Worked for 3 to 6 months_Total_Persons,269,DDW-0200B-01ST-Census.xls,01ST
B0301ST,02,024,District - Kangra (02),Urban,5-14,Marginal workers_Worked for 3 to 6 months_Total_Persons,2,DDW-0200B-01ST-Census.xls,01ST
B0301ST,02,024,District - Kangra (02),Urban,15-34,Marginal workers_Worked for 3 to 6 months_Total_Persons,120,DDW-0200B-01ST-Census.xls,01ST
B0301ST,02,024,District - Kangra (02),Urban,35-59,Marginal workers_Worked for 3 to 6 months_Total_Persons,125,DDW-0200B-01ST-Census.xls,01ST
B0301ST,02,024,District - Kangra (02),Urban,60+,Marginal workers_Worked for 3 to 6 months_Total_Persons,22,DDW-0200B-01ST-Census.xls,01ST
B0301ST,02,024,District - Kangra (02),Urban,Age not stated,Marginal workers_Worked for 3 to 6 months_Total_Persons,0,DDW-0200B-01ST-Census.xls,01ST
B0301ST,02,024,District - Kangra (02),Urban,15-59,Marginal workers_Worked for 3 to 6 months_Total_Persons,245,DDW-0200B-01ST-Census.xls,01ST
B0301ST,02,025,District - Lahul & Spiti (03),Total,Total,Marginal workers_Worked for 3 to 6 months_Total_Persons,2159,DDW-0200B-01ST-Census.xls,01ST
B0301ST,02,025,District - Lahul & Spiti (03),Total,5-14,Marginal workers_Worked for 3 to 6 months_Total_Persons,38,DDW-0200B-01ST-Census.xls,01ST
B0301ST,02,025,District - Lahul & Spiti (03),Total,15-34,Marginal workers_Worked for 3 to 6 months_Total_Persons,1069,DDW-0200B-01ST-Census.xls,01ST
B0301ST,02,025,District - Lahul & Spiti (03),Total,35-59,Marginal workers_Worked for 3 to 6 months_Total_Persons,787,DDW-0200B-01ST-Census.xls,01ST
B0301ST,02,025,District - Lahul & Spiti (03),Total,60+,Marginal workers_Worked for 3 to 6 months_Total_Persons,248,DDW-0200B-01ST-Census.xls,01ST
B0301ST,02,025,District - Lahul & Spiti (03),Total,Age not stated,Marginal workers_Worked for 3 to 6 months_Total_Persons,17,DDW-0200B-01ST-Census.xls,01ST
B0301ST,02,025,District - Lahul & Spiti (03),Total,15-59,Marginal workers_Worked for 3 to 6 months_Total_Persons,1856,DDW-0200B-01ST-Census.xls,01ST
B0301ST,02,025,District - Lahul & Spiti (03),Rural,Total,Marginal workers_Worked for 3 to 6 months_Total_Persons,2159,DDW-0200B-01ST-Census.xls,01ST
B0301ST,02,025,District - Lahul & Spiti (03),Rural,5-14,Marginal workers_Worked for 3 to 6 months_Total_Persons,38,DDW-0200B-01ST-Census.xls,01ST
B0301ST,02,025,District - Lahul & Spiti (03),Rural,15-34,Marginal workers_Worked for 3 to 6 months_Total_Persons,1069,DDW-0200B-01ST-Census.xls,01ST
B0301ST,02,025,District - Lahul & Spiti (03),Rural,35-59,Marginal workers_Worked for 3 to 6 months_Total_Persons,787,DDW-0200B-01ST-Census.xls,01ST
B0301ST,02,025,District - Lahul & Spiti (03),Rural,60+,Marginal workers_Worked for 3 to 6 months_Total_Persons,248,DDW-0200B-01ST-Census.xls,01ST
B0301ST,02,025,District - Lahul & Spiti (03),Rural,Age not stated,Marginal workers_Worked for 3 to 6 months_Total_Persons,17,DDW-0200B-01ST-Census.xls,01ST
B0301ST,02,025,District - Lahul & Spiti (03),Rural,15-59,Marginal workers_Worked for 3 to 6 months_Total_Persons,1856,DDW-0200B-01ST-Census.xls,01ST
B0301ST,02,025,District - Lahul & Spiti (03),Urban,Total,Marginal workers_Worked for 3 to 6 months_Total_Persons,0,DDW-0200B-01ST-Census.xls,01ST
B0301ST,02,025,District - Lahul & Spiti (03),Urban,5-14,Marginal workers_Worked for 3 to 6 months_Total_Persons,0,DDW-0200B-01ST-Census.xls,01ST
B0301ST,02,025,District - Lahul & Spiti (03),Urban,15-34,Marginal workers_Worked for 3 to 6 months_Total_Persons,0,DDW-0200B-01ST-Census.xls,01ST
B0301ST,02,025,District - Lahul & Spiti (03),Urban,35-59,Marginal workers_Worked for 3 to 6 months_Total_Persons,0,DDW-0200B-01ST-Census.xls,01ST
B0301ST,02,025,District - Lahul & Spiti (03),Urban,60+,Marginal workers_Worked for 3 to 6 months_Total_Persons,0,DDW-0200B-01ST-Census.xls,01ST
B0301ST,02,025,District - Lahul & Spiti (03),Urban,Age not stated,Marginal workers_Worked for 3 to 6 months_Total_Persons,0,DDW-0200B-01ST-Census.xls,01ST
B0301ST,02,025,District - Lahul & Spiti (03),Urban,15-59,Marginal workers_Worked for 3 to 6 months_Total_Persons,0,DDW-0200B-01ST-Census.xls,01ST
B0301ST,02,026,District - Kullu (04),Total,Total,Marginal workers_Worked for 3 to 6 months_Total_Persons,1251,DDW-0200B-01ST-Census.xls,01ST
B0301ST,02,026,District - Kullu (04),Total,5-14,Marginal workers_Worked for 3 to 6 months_Total_Persons,59,DDW-0200B-01ST-Census.xls,01ST
B0301ST,02,026,District - Kullu (04),Total,15-34,Marginal workers_Worked for 3 to 6 months_Total_Persons,603,DDW-0200B-01ST-Census.xls,01ST
B0301ST,02,026,District - Kullu (04),Total,35-59,Marginal workers_Worked for 3 to 6 months_Total_Persons,430,DDW-0200B-01ST-Census.xls,01ST
B0301ST,02,026,District - Kullu (04),Total,60+,Marginal workers_Worked for 3 to 6 months_Total_Persons,159,DDW-0200B-01ST-Census.xls,01ST
B0301ST,02,026,District - Kullu (04),Total,Age not stated,Marginal workers_Worked for 3 to 6 months_Total_Persons,0,DDW-0200B-01ST-Census.xls,01ST
B0301ST,02,026,District - Kullu (04),Total,15-59,Marginal workers_Worked for 3 to 6 months_Total_Persons,1033,DDW-0200B-01ST-Census.xls,01ST
B0301ST,02,026,District - Kullu (04),Rural,Total,Marginal workers_Worked for 3 to 6 months_Total_Persons,1161,DDW-0200B-01ST-Census.xls,01ST
B0301ST,02,026,District - Kullu (04),Rural,5-14,Marginal workers_Worked for 3 to 6 months_Total_Persons,57,DDW-0200B-01ST-Census.xls,01ST
B0301ST,02,026,District - Kullu (04),Rural,15-34,Marginal workers_Worked for 3 to 6 months_Total_Persons,572,DDW-0200B-01ST-Census.xls,01ST
B0301ST,02,026,District - Kullu (04),Rural,35-59,Marginal workers_Worked for 3 to 6 months_Total_Persons,380,DDW-0200B-01ST-Census.xls,01ST
B0301ST,02,026,District - Kullu (04),Rural,60+,Marginal workers_Worked for 3 to 6 months_Total_Persons,152,DDW-0200B-01ST-Census.xls,01ST
B0301ST,02,026,District - Kullu (04),Rural,Age not stated,Marginal workers_Worked for 3 to 6 months_Total_Persons,0,DDW-0200B-01ST-Census.xls,01ST
B0301ST,02,026,District - Kullu (04),Rural,15-59,Marginal workers_Worked for 3 to 6 months_Total_Persons,952,DDW-0200B-01ST-Census.xls,01ST
B0301ST,02,026,District - Kullu (04),Urban,Total,Marginal workers_Worked for 3 to 6 months_Total_Persons,90,DDW-0200B-01ST-Census.xls,01ST
B0301ST,02,026,District - Kullu (04),Urban,5-14,Marginal workers_Worked for 3 to 6 months_Total_Persons,2,DDW-0200B-01ST-Census.xls,01ST
B0301ST,02,026,District - Kullu (04),Urban,15-34,Marginal workers_Worked for 3 to 6 months_Total_Persons,31,DDW-0200B-01ST-Census.xls,01ST
B0301ST,02,026,District - Kullu (04),Urban,35-59,Marginal workers_Worked for 3 to 6 months_Total_Persons,50,DDW-0200B-01ST-Census.xls,01ST
B0301ST,02,026,District - Kullu (04),Urban,60+,Marginal workers_Worked for 3 to 6 months_Total_Persons,7,DDW-0200B-01ST-Census.xls,01ST
B0301ST,02,026,District - Kullu (04),Urban,Age not stated,Marginal workers_Worked for 3 to 6 months_Total_Persons,0,DDW-0200B-01ST-Census.xls,01ST
B0301ST,02,026,District - Kullu (04),Urban,15-59,Marginal workers_Worked for 3 to 6 months_Total_Persons,81,DDW-0200B-01ST-Census.xls,01ST
B0301ST,02,027,District - Mandi (05),Total,Total,Marginal workers_Worked for 3 to 6 months_Total_Persons,2848,DDW-0200B-01ST-Census.xls,01ST
B0301ST,02,027,District - Mandi (05),Total,5-14,Marginal workers_Worked for 3 to 6 months_Total_Persons,91,DDW-0200B-01ST-Census.xls,01ST
B0301ST,02,027,District - Mandi (05),Total,15-34,Marginal workers_Worked for 3 to 6 months_Total_Persons,1355,DDW-0200B-01ST-Census.xls,01ST
B0301ST,02,027,District - Mandi (05),Total,35-59,Marginal workers_Worked for 3 to 6 months_Total_Persons,1096,DDW-0200B-01ST-Census.xls,01ST
B0301ST,02,027,District - Mandi (05),Total,60+,Marginal workers_Worked for 3 to 6 months_Total_Persons,301,DDW-0200B-01ST-Census.xls,01ST
B0301ST,02,027,District - Mandi (05),Total,Age not stated,Marginal workers_Worked for 3 to 6 months_Total_Persons,5,DDW-0200B-01ST-Census.xls,01ST
B0301ST,02,027,District - Mandi (05),Total,15-59,Marginal workers_Worked for 3 to 6 months_Total_Persons,2451,DDW-0200B-01ST-Census.xls,01ST
B0301ST,02,027,District - Mandi (05),Rural,Total,Marginal workers_Worked for 3 to 6 months_Total_Persons,2835,DDW-0200B-01ST-Census.xls,01ST
B0301ST,02,027,District - Mandi (05),Rural,5-14,Marginal workers_Worked for 3 to 6 months_Total_Persons,90,DDW-0200B-01ST-Census.xls,01ST
B0301ST,02,027,District - Mandi (05),Rural,15-34,Marginal workers_Worked for 3 to 6 months_Total_Persons,1349,DDW-0200B-01ST-Census.xls,01ST
B0301ST,02,027,District - Mandi (05),Rural,35-59,Marginal workers_Worked for 3 to 6 months_Total_Persons,1090,DDW-0200B-01ST-Census.xls,01ST
B0301ST,02,027,District - Mandi (05),Rural,60+,Marginal workers_Worked for 3 to 6 months_Total_Persons,301,DDW-0200B-01ST-Census.xls,01ST
B0301ST,02,027,District - Mandi (05),Rural,Age not stated,Marginal workers_Worked for 3 to 6 months_Total_Persons,5,DDW-0200B-01ST-Census.xls,01ST
B0301ST,02,027,District - Mandi (05),Rural,15-59,Marginal workers_Worked for 3 to 6 months_Total_Persons,2439,DDW-0200B-01ST-Census.xls,01ST
B0301ST,02,027,District - Mandi (05),Urban,Total,Marginal workers_Worked for 3 to 6 months_Total_Persons,13,DDW-0200B-01ST-Census.xls,01ST
B0301ST,02,027,District - Mandi (05),Urban,5-14,Marginal workers_Worked for 3 to 6 months_Total_Persons,1,DDW-0200B-01ST-Census.xls,01ST
B0301ST,02,027,District - Mandi (05),Urban,15-34,Marginal workers_Worked for 3 to 6 months_Total_Persons,6,DDW-0200B-01ST-Census.xls,01ST
B0301ST,02,027,District - Mandi (05),Urban,35-59,Marginal workers_Worked for 3 to 6 months_Total_Persons,6,DDW-0200B-01ST-Census.xls,01ST
B0301ST,02,027,District - Mandi (05),Urban,60+,Marginal workers_Worked for 3 to 6 months_Total_Persons,0,DDW-0200B-01ST-Census.xls,01ST
B0301ST,02,027,District - Mandi (05),Urban,Age not stated,Marginal workers_Worked for 3 to 6 months_Total_Persons,0,DDW-0200B-01ST-Census.xls,01ST
B0301ST,02,027,District - Mandi (05),Urban,15-59,Marginal workers_Worked for 3 to 6 months_Total_Persons,12,DDW-0200B-01ST-Census.xls,01ST
B0301ST,02,028,District - Hamirpur (06),Total,Total,Marginal workers_Worked for 3 to 6 months_Total_Persons,543,DDW-0200B-01ST-Census.xls,01ST
B0301ST,02,028,District - Hamirpur (06),Total,5-14,Marginal workers_Worked for 3 to 6 months_Total_Persons,33,DDW-0200B-01ST-Census.xls,01ST
B0301ST,02,028,District - Hamirpur (06),Total,15-34,Marginal workers_Worked for 3 to 6 months_Total_Persons,268,DDW-0200B-01ST-Census.xls,01ST
B0301ST,02,028,District - Hamirpur (06),Total,35-59,Marginal workers_Worked for 3 to 6 months_Total_Persons,197,DDW-0200B-01ST-Census.xls,01ST
B0301ST,02,028,District - Hamirpur (06),Total,60+,Marginal workers_Worked for 3 to 6 months_Total_Persons,45,DDW-0200B-01ST-Census.xls,01ST
B0301ST,02,028,District - Hamirpur (06),Total,Age not stated,Marginal workers_Worked for 3 to 6 months_Total_Persons,0,DDW-0200B-01ST-Census.xls,01ST
B0301ST,02,028,District - Hamirpur (06),Total,15-59,Marginal workers_Worked for 3 to 6 months_Total_Persons,465,DDW-0200B-01ST-Census.xls,01ST
B0301ST,02,028,District - Hamirpur (06),Rural,Total,Marginal workers_Worked for 3 to 6 months_Total_Persons,516,DDW-0200B-01ST-Census.xls,01ST
B0301ST,02,028,District - Hamirpur (06),Rural,5-14,Marginal workers_Worked for 3 to 6 months_Total_Persons,33,DDW-0200B-01ST-Census.xls,01ST
B0301ST,02,028,District - Hamirpur (06),Rural,15-34,Marginal workers_Worked for 3 to 6 months_Total_Persons,260,DDW-0200B-01ST-Census.xls,01ST
B0301ST,02,028,District - Hamirpur (06),Rural,35-59,Marginal workers_Worked for 3 to 6 months_Total_Persons,179,DDW-0200B-01ST-Census.xls,01ST
B0301ST,02,028,District - Hamirpur (06),Rural,60+,Marginal workers_Worked for 3 to 6 months_Total_Persons,44,DDW-0200B-01ST-Census.xls,01ST
B0301ST,02,028,District - Hamirpur (06),Rural,Age not stated,Marginal workers_Worked for 3 to 6 months_Total_Persons,0,DDW-0200B-01ST-Census.xls,01ST
B0301ST,02,028,District - Hamirpur (06),Rural,15-59,Marginal workers_Worked for 3 to 6 months_Total_Persons,439,DDW-0200B-01ST-Census.xls,01ST
B0301ST,02,028,District - Hamirpur (06),Urban,Total,Marginal workers_Worked for 3 to 6 months_Total_Persons,27,DDW-0200B-01ST-Census.xls,01ST
B0301ST,02,028,District - Hamirpur (06),Urban,5-14,Marginal workers_Worked for 3 to 6 months_Total_Persons,0,DDW-0200B-01ST-Census.xls,01ST
B0301ST,02,028,District - Hamirpur (06),Urban,15-34,Marginal workers_Worked for 3 to 6 months_Total_Persons,8,DDW-0200B-01ST-Census.xls,01ST
B0301ST,02,028,District - Hamirpur (06),Urban,35-59,Marginal workers_Worked for 3 to 6 months_Total_Persons,18,DDW-0200B-01ST-Census.xls,01ST
B0301ST,02,028,District - Hamirpur (06),Urban,60+,Marginal workers_Worked for 3 to 6 months_Total_Persons,1,DDW-0200B-01ST-Census.xls,01ST
B0301ST,02,028,District - Hamirpur (06),Urban,Age not stated,Marginal workers_Worked for 3 to 6 months_Total_Persons,0,DDW-0200B-01ST-Census.xls,01ST
B0301ST,02,028,District - Hamirpur (06),Urban,15-59,Marginal workers_Worked for 3 to 6 months_Total_Persons,26,DDW-0200B-01ST-Census.xls,01ST
B0301ST,02,029,District - Una (07),Total,Total,Marginal workers_Worked for 3 to 6 months_Total_Persons,1249,DDW-0200B-01ST-Census.xls,01ST
B0301ST,02,029,District - Una (07),Total,5-14,Marginal workers_Worked for 3 to 6 months_Total_Persons,20,DDW-0200B-01ST-Census.xls,01ST
B0301ST,02,029,District - Una (07),Total,15-34,Marginal workers_Worked for 3 to 6 months_Total_Persons,572,DDW-0200B-01ST-Census.xls,01ST
B0301ST,02,029,District - Una (07),Total,35-59,Marginal workers_Worked for 3 to 6 months_Total_Persons,529,DDW-0200B-01ST-Census.xls,01ST
B0301ST,02,029,District - Una (07),Total,60+,Marginal workers_Worked for 3 to 6 months_Total_Persons,128,DDW-0200B-01ST-Census.xls,01ST
B0301ST,02,029,District - Una (07),Total,Age not stated,Marginal workers_Worked for 3 to 6 months_Total_Persons,0,DDW-0200B-01ST-Census.xls,01ST
B0301ST,02,029,District - Una (07),Total,15-59,Marginal workers_Worked for 3 to 6 months_Total_Persons,1101,DDW-0200B-01ST-Census.xls,01ST
B0301ST,02,029,District - Una (07),Rural,Total,Marginal workers_Worked for 3 to 6 months_Total_Persons,1246,DDW-0200B-01ST-Census.xls,01ST
B0301ST,02,029,District - Una (07),Rural,5-14,Marginal workers_Worked for 3 to 6 months_Total_Persons,20,DDW-0200B-01ST-Census.xls,01ST
B0301ST,02,029,District - Una (07),Rural,15-34,Marginal workers_Worked for 3 to 6 months_Total_Persons,571,DDW-0200B-01ST-Census.xls,01ST
B0301ST,02,029,District - Una (07),Rural,35-59,Marginal workers_Worked for 3 to 6 months_Total_Persons,527,DDW-0200B-01ST-Census.xls,01ST
B0301ST,02,029,District - Una (07),Rural,60+,Marginal workers_Worked for 3 to 6 months_Total_Persons,128,DDW-0200B-01ST-Census.xls,01ST
B0301ST,02,029,District - Una (07),Rural,Age not stated,Marginal workers_Worked for 3 to 6 months_Total_Persons,0,DDW-0200B-01ST-Census.xls,01ST
B0301ST,02,029,District - Una (07),Rural,15-59,Marginal workers_Worked for 3 to 6 months_Total_Persons,1098,DDW-0200B-01ST-Census.xls,01ST
B0301ST,02,029,District - Una (07),Urban,Total,Marginal workers_Worked for 3 to 6 months_Total_Persons,3,DDW-0200B-01ST-Census.xls,01ST
B0301ST,02,029,District - Una (07),Urban,5-14,Marginal workers_Worked for 3 to 6 months_Total_Persons,0,DDW-0200B-01ST-Census.xls,01ST
B0301ST,02,029,District - Una (07),Urban,15-34,Marginal workers_Worked for 3 to 6 months_Total_Persons,1,DDW-0200B-01ST-Census.xls,01ST
B0301ST,02,029,District - Una (07),Urban,35-59,Marginal workers_Worked for 3 to 6 months_Total_Persons,2,DDW-0200B-01ST-Census.xls,01ST
B0301ST,02,029,District - Una (07),Urban,60+,Marginal workers_Worked for 3 to 6 months_Total_Persons,0,DDW-0200B-01ST-Census.xls,01ST
B0301ST,02,029,District - Una (07),Urban,Age not stated,Marginal workers_Worked for 3 to 6 months_Total_Persons,0,DDW-0200B-01ST-Census.xls,01ST
B0301ST,02,029,District - Una (07),Urban,15-59,Marginal workers_Worked for 3 to 6 months_Total_Persons,3,DDW-0200B-01ST-Census.xls,01ST
B0301ST,02,030,District - Bilaspur (08),Total,Total,Marginal workers_Worked for 3 to 6 months_Total_Persons,2184,DDW-0200B-01ST-Census.xls,01ST
B0301ST,02,030,District - Bilaspur (08),Total,5-14,Marginal workers_Worked for 3 to 6 months_Total_Persons,21,DDW-0200B-01ST-Census.xls,01ST
B0301ST,02,030,District - Bilaspur (08),Total,15-34,Marginal workers_Worked for 3 to 6 months_Total_Persons,972,DDW-0200B-01ST-Census.xls,01ST
B0301ST,02,030,District - Bilaspur (08),Total,35-59,Marginal workers_Worked for 3 to 6 months_Total_Persons,874,DDW-0200B-01ST-Census.xls,01ST
B0301ST,02,030,District - Bilaspur (08),Total,60+,Marginal workers_Worked for 3 to 6 months_Total_Persons,317,DDW-0200B-01ST-Census.xls,01ST
B0301ST,02,030,District - Bilaspur (08),Total,Age not stated,Marginal workers_Worked for 3 to 6 months_Total_Persons,0,DDW-0200B-01ST-Census.xls,01ST
B0301ST,02,030,District - Bilaspur (08),Total,15-59,Marginal workers_Worked for 3 to 6 months_Total_Persons,1846,DDW-0200B-01ST-Census.xls,01ST
B0301ST,02,030,District - Bilaspur (08),Rural,Total,Marginal workers_Worked for 3 to 6 months_Total_Persons,2143,DDW-0200B-01ST-Census.xls,01ST
B0301ST,02,030,District - Bilaspur (08),Rural,5-14,Marginal workers_Worked for 3 to 6 months_Total_Persons,20,DDW-0200B-01ST-Census.xls,01ST
B0301ST,02,030,District - Bilaspur (08),Rural,15-34,Marginal workers_Worked for 3 to 6 months_Total_Persons,958,DDW-0200B-01ST-Census.xls,01ST
B0301ST,02,030,District - Bilaspur (08),Rural,35-59,Marginal workers_Worked for 3 to 6 months_Total_Persons,861,DDW-0200B-01ST-Census.xls,01ST
B0301ST,02,030,District - Bilaspur (08),Rural,60+,Marginal workers_Worked for 3 to 6 months_Total_Persons,304,DDW-0200B-01ST-Census.xls,01ST
B0301ST,02,030,District - Bilaspur (08),Rural,Age not stated,Marginal workers_Worked for 3 to 6 months_Total_Persons,0,DDW-0200B-01ST-Census.xls,01ST
B0301ST,02,030,District - Bilaspur (08),Rural,15-59,Marginal workers_Worked for 3 to 6 months_Total_Persons,1819,DDW-0200B-01ST-Census.xls,01ST
B0301ST,02,030,District - Bilaspur (08),Urban,Total,Marginal workers_Worked for 3 to 6 months_Total_Persons,41,DDW-0200B-01ST-Census.xls,01ST
B0301ST,02,030,District - Bilaspur (08),Urban,5-14,Marginal workers_Worked for 3 to 6 months_Total_Persons,1,DDW-0200B-01ST-Census.xls,01ST
B0301ST,02,030,District - Bilaspur (08),Urban,15-34,Marginal workers_Worked for 3 to 6 months_Total_Persons,14,DDW-0200B-01ST-Census.xls,01ST
B0301ST,02,030,District - Bilaspur (08),Urban,35-59,Marginal workers_Worked for 3 to 6 months_Total_Persons,13,DDW-0200B-01ST-Census.xls,01ST
B0301ST,02,030,District - Bilaspur (08),Urban,60+,Marginal workers_Worked for 3 to 6 months_Total_Persons,13,DDW-0200B-01ST-Census.xls,01ST
B0301ST,02,030,District - Bilaspur (08),Urban,Age not stated,Marginal workers_Worked for 3 to 6 months_Total_Persons,0,DDW-0200B-01ST-Census.xls,01ST
B0301ST,02,030,District - Bilaspur (08),Urban,15-59,Marginal workers_Worked for 3 to 6 months_Total_Persons,27,DDW-0200B-01ST-Census.xls,01ST
B0301ST,02,031,District - Solan (09),Total,Total,Marginal workers_Worked for 3 to 6 months_Total_Persons,2422,DDW-0200B-01ST-Census.xls,01ST
B0301ST,02,031,District - Solan (09),Total,5-14,Marginal workers_Worked for 3 to 6 months_Total_Persons,71,DDW-0200B-01ST-Census.xls,01ST
B0301ST,02,031,District - Solan (09),Total,15-34,Marginal workers_Worked for 3 to 6 months_Total_Persons,1170,DDW-0200B-01ST-Census.xls,01ST
B0301ST,02,031,District - Solan (09),Total,35-59,Marginal workers_Worked for 3 to 6 months_Total_Persons,934,DDW-0200B-01ST-Census.xls,01ST
B0301ST,02,031,District - Solan (09),Total,60+,Marginal workers_Worked for 3 to 6 months_Total_Persons,244,DDW-0200B-01ST-Census.xls,01ST
B0301ST,02,031,District - Solan (09),Total,Age not stated,Marginal workers_Worked for 3 to 6 months_Total_Persons,3,DDW-0200B-01ST-Census.xls,01ST
B0301ST,02,031,District - Solan (09),Total,15-59,Marginal workers_Worked for 3 to 6 months_Total_Persons,2104,DDW-0200B-01ST-Census.xls,01ST
B0301ST,02,031,District - Solan (09),Rural,Total,Marginal workers_Worked for 3 to 6 months_Total_Persons,2399,DDW-0200B-01ST-Census.xls,01ST
B0301ST,02,031,District - Solan (09),Rural,5-14,Marginal workers_Worked for 3 to 6 months_Total_Persons,71,DDW-0200B-01ST-Census.xls,01ST
B0301ST,02,031,District - Solan (09),Rural,15-34,Marginal workers_Worked for 3 to 6 months_Total_Persons,1158,DDW-0200B-01ST-Census.xls,01ST
B0301ST,02,031,District - Solan (09),Rural,35-59,Marginal workers_Worked for 3 to 6 months_Total_Persons,923,DDW-0200B-01ST-Census.xls,01ST
B0301ST,02,031,District - Solan (09),Rural,60+,Marginal workers_Worked for 3 to 6 months_Total_Persons,244,DDW-0200B-01ST-Census.xls,01ST
B0301ST,02,031,District - Solan (09),Rural,Age not stated,Marginal workers_Worked for 3 to 6 months_Total_Persons,3,DDW-0200B-01ST-Census.xls,01ST
B0301ST,02,031,District - Solan (09),Rural,15-59,Marginal workers_Worked for 3 to 6 months_Total_Persons,2081,DDW-0200B-01ST-Census.xls,01ST
B0301ST,02,031,District - Solan (09),Urban,Total,Marginal workers_Worked for 3 to 6 months_Total_Persons,23,DDW-0200B-01ST-Census.xls,01ST
B0301ST,02,031,District - Solan (09),Urban,5-14,Marginal workers_Worked for 3 to 6 months_Total_Persons,0,DDW-0200B-01ST-Census.xls,01ST
B0301ST,02,031,District - Solan (09),Urban,15-34,Marginal workers_Worked for 3 to 6 months_Total_Persons,12,DDW-0200B-01ST-Census.xls,01ST
B0301ST,02,031,District - Solan (09),Urban,35-59,Marginal workers_Worked for 3 to 6 months_Total_Persons,11,DDW-0200B-01ST-Census.xls,01ST
B0301ST,02,031,District - Solan (09),Urban,60+,Marginal workers_Worked for 3 to 6 months_Total_Persons,0,DDW-0200B-01ST-Census.xls,01ST
B0301ST,02,031,District - Solan (09),Urban,Age not stated,Marginal workers_Worked for 3 to 6 months_Total_Persons,0,DDW-0200B-01ST-Census.xls,01ST
B0301ST,02,031,District - Solan (09),Urban,15-59,Marginal workers_Worked for 3 to 6 months_Total_Persons,23,DDW-0200B-01ST-Census.xls,01ST
B0301ST,02,032,District - Sirmaur (10),Total,Total,Marginal workers_Worked for 3 to 6 months_Total_Persons,964,DDW-0200B-01ST-Census.xls,01ST
B0301ST,02,032,District - Sirmaur (10),Total,5-14,Marginal workers_Worked for 3 to 6 months_Total_Persons,94,DDW-0200B-01ST-Census.xls,01ST
B0301ST,02,032,District - Sirmaur (10),Total,15-34,Marginal workers_Worked for 3 to 6 months_Total_Persons,476,DDW-0200B-01ST-Census.xls,01ST
B0301ST,02,032,District - Sirmaur (10),Total,35-59,Marginal workers_Worked for 3 to 6 months_Total_Persons,312,DDW-0200B-01ST-Census.xls,01ST
B0301ST,02,032,District - Sirmaur (10),Total,60+,Marginal workers_Worked for 3 to 6 months_Total_Persons,82,DDW-0200B-01ST-Census.xls,01ST
B0301ST,02,032,District - Sirmaur (10),Total,Age not stated,Marginal workers_Worked for 3 to 6 months_Total_Persons,0,DDW-0200B-01ST-Census.xls,01ST
B0301ST,02,032,District - Sirmaur (10),Total,15-59,Marginal workers_Worked for 3 to 6 months_Total_Persons,788,DDW-0200B-01ST-Census.xls,01ST
B0301ST,02,032,District - Sirmaur (10),Rural,Total,Marginal workers_Worked for 3 to 6 months_Total_Persons,951,DDW-0200B-01ST-Census.xls,01ST
B0301ST,02,032,District - Sirmaur (10),Rural,5-14,Marginal workers_Worked for 3 to 6 months_Total_Persons,93,DDW-0200B-01ST-Census.xls,01ST
B0301ST,02,032,District - Sirmaur (10),Rural,15-34,Marginal workers_Worked for 3 to 6 months_Total_Persons,465,DDW-0200B-01ST-Census.xls,01ST
B0301ST,02,032,District - Sirmaur (10),Rural,35-59,Marginal workers_Worked for 3 to 6 months_Total_Persons,311,DDW-0200B-01ST-Census.xls,01ST
B0301ST,02,032,District - Sirmaur (10),Rural,60+,Marginal workers_Worked for 3 to 6 months_Total_Persons,82,DDW-0200B-01ST-Census.xls,01ST
B0301ST,02,032,District - Sirmaur (10),Rural,Age not stated,Marginal workers_Worked for 3 to 6 months_Total_Persons,0,DDW-0200B-01ST-Census.xls,01ST
B0301ST,02,032,District - Sirmaur (10),Rural,15-59,Marginal workers_Worked for 3 to 6 months_Total_Persons,776,DDW-0200B-01ST-Census.xls,01ST
B0301ST,02,032,District - Sirmaur (10),Urban,Total,Marginal workers_Worked for 3 to 6 months_Total_Persons,13,DDW-0200B-01ST-Census.xls,01ST
B0301ST,02,032,District - Sirmaur (10),Urban,5-14,Marginal workers_Worked for 3 to 6 months_Total_Persons,1,DDW-0200B-01ST-Census.xls,01ST
B0301ST,02,032,District - Sirmaur (10),Urban,15-34,Marginal workers_Worked for 3 to 6 months_Total_Persons,11,DDW-0200B-01ST-Census.xls,01ST
B0301ST,02,032,District - Sirmaur (10),Urban,35-59,Marginal workers_Worked for 3 to 6 months_Total_Persons,1,DDW-0200B-01ST-Census.xls,01ST
B0301ST,02,032,District - Sirmaur (10),Urban,60+,Marginal workers_Worked for 3 to 6 months_Total_Persons,0,DDW-0200B-01ST-Census.xls,01ST
B0301ST,02,032,District - Sirmaur (10),Urban,Age not stated,Marginal workers_Worked for 3 to 6 months_Total_Persons,0,DDW-0200B-01ST-Census.xls,01ST
B0301ST,02,032,District - Sirmaur (10),Urban,15-59,Marginal workers_Worked for 3 to 6 months_Total_Persons,12,DDW-0200B-01ST-Census.xls,01ST
B0301ST,02,033,District - Shimla (11),Total,Total,Marginal workers_Worked for 3 to 6 months_Total_Persons,751,DDW-0200B-01ST-Census.xls,01ST
B0301ST,02,033,District - Shimla (11),Total,5-14,Marginal workers_Worked for 3 to 6 months_Total_Persons,51,DDW-0200B-01ST-Census.xls,01ST
B0301ST,02,033,District - Shimla (11),Total,15-34,Marginal workers_Worked for 3 to 6 months_Total_Persons,441,DDW-0200B-01ST-Census.xls,01ST
B0301ST,02,033,District - Shimla (11),Total,35-59,Marginal workers_Worked for 3 to 6 months_Total_Persons,210,DDW-0200B-01ST-Census.xls,01ST
B0301ST,02,033,District - Shimla (11),Total,60+,Marginal workers_Worked for 3 to 6 months_Total_Persons,49,DDW-0200B-01ST-Census.xls,01ST
B0301ST,02,033,District - Shimla (11),Total,Age not stated,Marginal workers_Worked for 3 to 6 months_Total_Persons,0,DDW-0200B-01ST-Census.xls,01ST
B0301ST,02,033,District - Shimla (11),Total,15-59,Marginal workers_Worked for 3 to 6 months_Total_Persons,651,DDW-0200B-01ST-Census.xls,01ST
B0301ST,02,033,District - Shimla (11),Rural,Total,Marginal workers_Worked for 3 to 6 months_Total_Persons,657,DDW-0200B-01ST-Census.xls,01ST
B0301ST,02,033,District - Shimla (11),Rural,5-14,Marginal workers_Worked for 3 to 6 months_Total_Persons,49,DDW-0200B-01ST-Census.xls,01ST
B0301ST,02,033,District - Shimla (11),Rural,15-34,Marginal workers_Worked for 3 to 6 months_Total_Persons,371,DDW-0200B-01ST-Census.xls,01ST
B0301ST,02,033,District - Shimla (11),Rural,35-59,Marginal workers_Worked for 3 to 6 months_Total_Persons,189,DDW-0200B-01ST-Census.xls,01ST
B0301ST,02,033,District - Shimla (11),Rural,60+,Marginal workers_Worked for 3 to 6 months_Total_Persons,48,DDW-0200B-01ST-Census.xls,01ST
B0301ST,02,033,District - Shimla (11),Rural,Age not stated,Marginal workers_Worked for 3 to 6 months_Total_Persons,0,DDW-0200B-01ST-Census.xls,01ST
B0301ST,02,033,District - Shimla (11),Rural,15-59,Marginal workers_Worked for 3 to 6 months_Total_Persons,560,DDW-0200B-01ST-Census.xls,01ST
B0301ST,02,033,District - Shimla (11),Urban,Total,Marginal workers_Worked for 3 to 6 months_Total_Persons,94,DDW-0200B-01ST-Census.xls,01ST
B0301ST,02,033,District - Shimla (11),Urban,5-14,Marginal workers_Worked for 3 to 6 months_Total_Persons,2,DDW-0200B-01ST-Census.xls,01ST
B0301ST,02,033,District - Shimla (11),Urban,15-34,Marginal workers_Worked for 3 to 6 months_Total_Persons,70,DDW-0200B-01ST-Census.xls,01ST
B0301ST,02,033,District - Shimla (11),Urban,35-59,Marginal workers_Worked for 3 to 6 months_Total_Persons,21,DDW-0200B-01ST-Census.xls,01ST
B0301ST,02,033,District - Shimla (11),Urban,60+,Marginal workers_Worked for 3 to 6 months_Total_Persons,1,DDW-0200B-01ST-Census.xls,01ST
B0301ST,02,033,District - Shimla (11),Urban,Age not stated,Marginal workers_Worked for 3 to 6 months_Total_Persons,0,DDW-0200B-01ST-Census.xls,01ST
B0301ST,02,033,District - Shimla (11),Urban,15-59,Marginal workers_Worked for 3 to 6 months_Total_Persons,91,DDW-0200B-01ST-Census.xls,01ST
B0301ST,02,034,District - Kinnaur (12),Total,Total,Marginal workers_Worked for 3 to 6 months_Total_Persons,3757,DDW-0200B-01ST-Census.xls,01ST
B0301ST,02,034,District - Kinnaur (12),Total,5-14,Marginal workers_Worked for 3 to 6 months_Total_Persons,233,DDW-0200B-01ST-Census.xls,01ST
B0301ST,02,034,District - Kinnaur (12),Total,15-34,Marginal workers_Worked for 3 to 6 months_Total_Persons,1717,DDW-0200B-01ST-Census.xls,01ST
B0301ST,02,034,District - Kinnaur (12),Total,35-59,Marginal workers_Worked for 3 to 6 months_Total_Persons,1227,DDW-0200B-01ST-Census.xls,01ST
B0301ST,02,034,District - Kinnaur (12),Total,60+,Marginal workers_Worked for 3 to 6 months_Total_Persons,578,DDW-0200B-01ST-Census.xls,01ST
B0301ST,02,034,District - Kinnaur (12),Total,Age not stated,Marginal workers_Worked for 3 to 6 months_Total_Persons,2,DDW-0200B-01ST-Census.xls,01ST
B0301ST,02,034,District - Kinnaur (12),Total,15-59,Marginal workers_Worked for 3 to 6 months_Total_Persons,2944,DDW-0200B-01ST-Census.xls,01ST
B0301ST,02,034,District - Kinnaur (12),Rural,Total,Marginal workers_Worked for 3 to 6 months_Total_Persons,3757,DDW-0200B-01ST-Census.xls,01ST
B0301ST,02,034,District - Kinnaur (12),Rural,5-14,Marginal workers_Worked for 3 to 6 months_Total_Persons,233,DDW-0200B-01ST-Census.xls,01ST
B0301ST,02,034,District - Kinnaur (12),Rural,15-34,Marginal workers_Worked for 3 to 6 months_Total_Persons,1717,DDW-0200B-01ST-Census.xls,01ST
B0301ST,02,034,District - Kinnaur (12),Rural,35-59,Marginal workers_Worked for 3 to 6 months_Total_Persons,1227,DDW-0200B-01ST-Census.xls,01ST
B0301ST,02,034,District - Kinnaur (12),Rural,60+,Marginal workers_Worked for 3 to 6 months_Total_Persons,578,DDW-0200B-01ST-Census.xls,01ST
B0301ST,02,034,District - Kinnaur (12),Rural,Age not stated,Marginal workers_Worked for 3 to 6 months_Total_Persons,2,DDW-0200B-01ST-Census.xls,01ST
B0301ST,02,034,District - Kinnaur (12),Rural,15-59,Marginal workers_Worked for 3 to 6 months_Total_Persons,2944,DDW-0200B-01ST-Census.xls,01ST
B0301ST,02,034,District - Kinnaur (12),Urban,Total,Marginal workers_Worked for 3 to 6 months_Total_Persons,0,DDW-0200B-01ST-Census.xls,01ST
B0301ST,02,034,District - Kinnaur (12),Urban,5-14,Marginal workers_Worked for 3 to 6 months_Total_Persons,0,DDW-0200B-01ST-Census.xls,01ST
B0301ST,02,034,District - Kinnaur (12),Urban,15-34,Marginal workers_Worked for 3 to 6 months_Total_Persons,0,DDW-0200B-01ST-Census.xls,01ST
B0301ST,02,034,District - Kinnaur (12),Urban,35-59,Marginal workers_Worked for 3 to 6 months_Total_Persons,0,DDW-0200B-01ST-Census.xls,01ST
B0301ST,02,034,District - Kinnaur (12),Urban,60+,Marginal workers_Worked for 3 to 6 months_Total_Persons,0,DDW-0200B-01ST-Census.xls,01ST
B0301ST,02,034,District - Kinnaur (12),Urban,Age not stated,Marginal workers_Worked for 3 to 6 months_Total_Persons,0,DDW-0200B-01ST-Census.xls,01ST
B0301ST,02,034,District - Kinnaur (12),Urban,15-59,Marginal workers_Worked for 3 to 6 months_Total_Persons,0,DDW-0200B-01ST-Census.xls,01ST
B0301ST,02,000,State - HIMACHAL PRADESH (02),Total,Total,Marginal workers_Worked for 3 to 6 months_Total_Males,26151,DDW-0200B-01ST-Census.xls,01ST
B0301ST,02,000,State - HIMACHAL PRADESH (02),Total,5-14,Marginal workers_Worked for 3 to 6 months_Total_Males,1123,DDW-0200B-01ST-Census.xls,01ST
B0301ST,02,000,State - HIMACHAL PRADESH (02),Total,15-34,Marginal workers_Worked for 3 to 6 months_Total_Males,13376,DDW-0200B-01ST-Census.xls,01ST
B0301ST,02,000,State - HIMACHAL PRADESH (02),Total,35-59,Marginal workers_Worked for 3 to 6 months_Total_Males,8554,DDW-0200B-01ST-Census.xls,01ST
B0301ST,02,000,State - HIMACHAL PRADESH (02),Total,60+,Marginal workers_Worked for 3 to 6 months_Total_Males,3068,DDW-0200B-01ST-Census.xls,01ST
B0301ST,02,000,State - HIMACHAL PRADESH (02),Total,Age not stated,Marginal workers_Worked for 3 to 6 months_Total_Males,30,DDW-0200B-01ST-Census.xls,01ST
B0301ST,02,000,State - HIMACHAL PRADESH (02),Total,15-59,Marginal workers_Worked for 3 to 6 months_Total_Males,21930,DDW-0200B-01ST-Census.xls,01ST
B0301ST,02,000,State - HIMACHAL PRADESH (02),Rural,Total,Marginal workers_Worked for 3 to 6 months_Total_Males,25776,DDW-0200B-01ST-Census.xls,01ST
B0301ST,02,000,State - HIMACHAL PRADESH (02),Rural,5-14,Marginal workers_Worked for 3 to 6 months_Total_Males,1116,DDW-0200B-01ST-Census.xls,01ST
B0301ST,02,000,State - HIMACHAL PRADESH (02),Rural,15-34,Marginal workers_Worked for 3 to 6 months_Total_Males,13204,DDW-0200B-01ST-Census.xls,01ST
B0301ST,02,000,State - HIMACHAL PRADESH (02),Rural,35-59,Marginal workers_Worked for 3 to 6 months_Total_Males,8388,DDW-0200B-01ST-Census.xls,01ST
B0301ST,02,000,State - HIMACHAL PRADESH (02),Rural,60+,Marginal workers_Worked for 3 to 6 months_Total_Males,3038,DDW-0200B-01ST-Census.xls,01ST
B0301ST,02,000,State - HIMACHAL PRADESH (02),Rural,Age not stated,Marginal workers_Worked for 3 to 6 months_Total_Males,30,DDW-0200B-01ST-Census.xls,01ST
B0301ST,02,000,State - HIMACHAL PRADESH (02),Rural,15-59,Marginal workers_Worked for 3 to 6 months_Total_Males,21592,DDW-0200B-01ST-Census.xls,01ST
B0301ST,02,000,State - HIMACHAL PRADESH (02),Urban,Total,Marginal workers_Worked for 3 to 6 months_Total_Males,375,DDW-0200B-01ST-Census.xls,01ST
B0301ST,02,000,State - HIMACHAL PRADESH (02),Urban,5-14,Marginal workers_Worked for 3 to 6 months_Total_Males,7,DDW-0200B-01ST-Census.xls,01ST
B0301ST,02,000,State - HIMACHAL PRADESH (02),Urban,15-34,Marginal workers_Worked for 3 to 6 months_Total_Males,172,DDW-0200B-01ST-Census.xls,01ST
B0301ST,02,000,State - HIMACHAL PRADESH (02),Urban,35-59,Marginal workers_Worked for 3 to 6 months_Total_Males,166,DDW-0200B-01ST-Census.xls,01ST
B0301ST,02,000,State - HIMACHAL PRADESH (02),Urban,60+,Marginal workers_Worked for 3 to 6 months_Total_Males,30,DDW-0200B-01ST-Census.xls,01ST
B0301ST,02,000,State - HIMACHAL PRADESH (02),Urban,Age not stated,Marginal workers_Worked for 3 to 6 months_Total_Males,0,DDW-0200B-01ST-Census.xls,01ST
B0301ST,02,000,State - HIMACHAL PRADESH (02),Urban,15-59,Marginal workers_Worked for 3 to 6 months_Total_Males,338,DDW-0200B-01ST-Census.xls,01ST
B0301ST,02,023,District - Chamba (01),Total,Total,Marginal workers_Worked for 3 to 6 months_Total_Males,13773,DDW-0200B-01ST-Census.xls,01ST
B0301ST,02,023,District - Chamba (01),Total,5-14,Marginal workers_Worked for 3 to 6 months_Total_Males,692,DDW-0200B-01ST-Census.xls,01ST
B0301ST,02,023,District - Chamba (01),Total,15-34,Marginal workers_Worked for 3 to 6 months_Total_Males,7392,DDW-0200B-01ST-Census.xls,01ST
B0301ST,02,023,District - Chamba (01),Total,35-59,Marginal workers_Worked for 3 to 6 months_Total_Males,4266,DDW-0200B-01ST-Census.xls,01ST
B0301ST,02,023,District - Chamba (01),Total,60+,Marginal workers_Worked for 3 to 6 months_Total_Males,1415,DDW-0200B-01ST-Census.xls,01ST
B0301ST,02,023,District - Chamba (01),Total,Age not stated,Marginal workers_Worked for 3 to 6 months_Total_Males,8,DDW-0200B-01ST-Census.xls,01ST
B0301ST,02,023,District - Chamba (01),Total,15-59,Marginal workers_Worked for 3 to 6 months_Total_Males,11658,DDW-0200B-01ST-Census.xls,01ST
B0301ST,02,023,District - Chamba (01),Rural,Total,Marginal workers_Worked for 3 to 6 months_Total_Males,13704,DDW-0200B-01ST-Census.xls,01ST
B0301ST,02,023,District - Chamba (01),Rural,5-14,Marginal workers_Worked for 3 to 6 months_Total_Males,692,DDW-0200B-01ST-Census.xls,01ST
B0301ST,02,023,District - Chamba (01),Rural,15-34,Marginal workers_Worked for 3 to 6 months_Total_Males,7361,DDW-0200B-01ST-Census.xls,01ST
B0301ST,02,023,District - Chamba (01),Rural,35-59,Marginal workers_Worked for 3 to 6 months_Total_Males,4231,DDW-0200B-01ST-Census.xls,01ST
B0301ST,02,023,District - Chamba (01),Rural,60+,Marginal workers_Worked for 3 to 6 months_Total_Males,1412,DDW-0200B-01ST-Census.xls,01ST
B0301ST,02,023,District - Chamba (01),Rural,Age not stated,Marginal workers_Worked for 3 to 6 months_Total_Males,8,DDW-0200B-01ST-Census.xls,01ST
B0301ST,02,023,District - Chamba (01),Rural,15-59,Marginal workers_Worked for 3 to 6 months_Total_Males,11592,DDW-0200B-01ST-Census.xls,01ST
B0301ST,02,023,District - Chamba (01),Urban,Total,Marginal workers_Worked for 3 to 6 months_Total_Males,69,DDW-0200B-01ST-Census.xls,01ST
B0301ST,02,023,District - Chamba (01),Urban,5-14,Marginal workers_Worked for 3 to 6 months_Total_Males,0,DDW-0200B-01ST-Census.xls,01ST
B0301ST,02,023,District - Chamba (01),Urban,15-34,Marginal workers_Worked for 3 to 6 months_Total_Males,31,DDW-0200B-01ST-Census.xls,01ST
B0301ST,02,023,District - Chamba (01),Urban,35-59,Marginal workers_Worked for 3 to 6 months_Total_Males,35,DDW-0200B-01ST-Census.xls,01ST
B0301ST,02,023,District - Chamba (01),Urban,60+,Marginal workers_Worked for 3 to 6 months_Total_Males,3,DDW-0200B-01ST-Census.xls,01ST
B0301ST,02,023,District - Chamba (01),Urban,Age not stated,Marginal workers_Worked for 3 to 6 months_Total_Males,0,DDW-0200B-01ST-Census.xls,01ST
B0301ST,02,023,District - Chamba (01),Urban,15-59,Marginal workers_Worked for 3 to 6 months_Total_Males,66,DDW-0200B-01ST-Census.xls,01ST
B0301ST,02,024,District - Kangra (02),Total,Total,Marginal workers_Worked for 3 to 6 months_Total_Males,5745,DDW-0200B-01ST-Census.xls,01ST
B0301ST,02,024,District - Kangra (02),Total,5-14,Marginal workers_Worked for 3 to 6 months_Total_Males,104,DDW-0200B-01ST-Census.xls,01ST
B0301ST,02,024,District - Kangra (02),Total,15-34,Marginal workers_Worked for 3 to 6 months_Total_Males,2635,DDW-0200B-01ST-Census.xls,01ST
B0301ST,02,024,District - Kangra (02),Total,35-59,Marginal workers_Worked for 3 to 6 months_Total_Males,2236,DDW-0200B-01ST-Census.xls,01ST
B0301ST,02,024,District - Kangra (02),Total,60+,Marginal workers_Worked for 3 to 6 months_Total_Males,762,DDW-0200B-01ST-Census.xls,01ST
B0301ST,02,024,District - Kangra (02),Total,Age not stated,Marginal workers_Worked for 3 to 6 months_Total_Males,8,DDW-0200B-01ST-Census.xls,01ST
B0301ST,02,024,District - Kangra (02),Total,15-59,Marginal workers_Worked for 3 to 6 months_Total_Males,4871,DDW-0200B-01ST-Census.xls,01ST
B0301ST,02,024,District - Kangra (02),Rural,Total,Marginal workers_Worked for 3 to 6 months_Total_Males,5555,DDW-0200B-01ST-Census.xls,01ST
B0301ST,02,024,District - Kangra (02),Rural,5-14,Marginal workers_Worked for 3 to 6 months_Total_Males,102,DDW-0200B-01ST-Census.xls,01ST
B0301ST,02,024,District - Kangra (02),Rural,15-34,Marginal workers_Worked for 3 to 6 months_Total_Males,2553,DDW-0200B-01ST-Census.xls,01ST
B0301ST,02,024,District - Kangra (02),Rural,35-59,Marginal workers_Worked for 3 to 6 months_Total_Males,2148,DDW-0200B-01ST-Census.xls,01ST
B0301ST,02,024,District - Kangra (02),Rural,60+,Marginal workers_Worked for 3 to 6 months_Total_Males,744,DDW-0200B-01ST-Census.xls,01ST
B0301ST,02,024,District - Kangra (02),Rural,Age not stated,Marginal workers_Worked for 3 to 6 months_Total_Males,8,DDW-0200B-01ST-Census.xls,01ST
B0301ST,02,024,District - Kangra (02),Rural,15-59,Marginal workers_Worked for 3 to 6 months_Total_Males,4701,DDW-0200B-01ST-Census.xls,01ST
B0301ST,02,024,District - Kangra (02),Urban,Total,Marginal workers_Worked for 3 to 6 months_Total_Males,190,DDW-0200B-01ST-Census.xls,01ST
B0301ST,02,024,District - Kangra (02),Urban,5-14,Marginal workers_Worked for 3 to 6 months_Total_Males,2,DDW-0200B-01ST-Census.xls,01ST
B0301ST,02,024,District - Kangra (02),Urban,15-34,Marginal workers_Worked for 3 to 6 months_Total_Males,82,DDW-0200B-01ST-Census.xls,01ST
B0301ST,02,024,District - Kangra (02),Urban,35-59,Marginal workers_Worked for 3 to 6 months_Total_Males,88,DDW-0200B-01ST-Census.xls,01ST
B0301ST,02,024,District - Kangra (02),Urban,60+,Marginal workers_Worked for 3 to 6 months_Total_Males,18,DDW-0200B-01ST-Census.xls,01ST
B0301ST,02,024,District - Kangra (02),Urban,Age not stated,Marginal workers_Worked for 3 to 6 months_Total_Males,0,DDW-0200B-01ST-Census.xls,01ST
B0301ST,02,024,District - Kangra (02),Urban,15-59,Marginal workers_Worked for 3 to 6 months_Total_Males,170,DDW-0200B-01ST-Census.xls,01ST
B0301ST,02,025,District - Lahul & Spiti (03),Total,Total,Marginal workers_Worked for 3 to 6 months_Total_Males,925,DDW-0200B-01ST-Census.xls,01ST
B0301ST,02,025,District - Lahul & Spiti (03),Total,5-14,Marginal workers_Worked for 3 to 6 months_Total_Males,25,DDW-0200B-01ST-Census.xls,01ST
B0301ST,02,025,District - Lahul & Spiti (03),Total,15-34,Marginal workers_Worked for 3 to 6 months_Total_Males,473,DDW-0200B-01ST-Census.xls,01ST
B0301ST,02,025,District - Lahul & Spiti (03),Total,35-59,Marginal workers_Worked for 3 to 6 months_Total_Males,316,DDW-0200B-01ST-Census.xls,01ST
B0301ST,02,025,District - Lahul & Spiti (03),Total,60+,Marginal workers_Worked for 3 to 6 months_Total_Males,103,DDW-0200B-01ST-Census.xls,01ST
B0301ST,02,025,District - Lahul & Spiti (03),Total,Age not stated,Marginal workers_Worked for 3 to 6 months_Total_Males,8,DDW-0200B-01ST-Census.xls,01ST
B0301ST,02,025,District - Lahul & Spiti (03),Total,15-59,Marginal workers_Worked for 3 to 6 months_Total_Males,789,DDW-0200B-01ST-Census.xls,01ST
B0301ST,02,025,District - Lahul & Spiti (03),Rural,Total,Marginal workers_Worked for 3 to 6 months_Total_Males,925,DDW-0200B-01ST-Census.xls,01ST
B0301ST,02,025,District - Lahul & Spiti (03),Rural,5-14,Marginal workers_Worked for 3 to 6 months_Total_Males,25,DDW-0200B-01ST-Census.xls,01ST
B0301ST,02,025,District - Lahul & Spiti (03),Rural,15-34,Marginal workers_Worked for 3 to 6 months_Total_Males,473,DDW-0200B-01ST-Census.xls,01ST
B0301ST,02,025,District - Lahul & Spiti (03),Rural,35-59,Marginal workers_Worked for 3 to 6 months_Total_Males,316,DDW-0200B-01ST-Census.xls,01ST
B0301ST,02,025,District - Lahul & Spiti (03),Rural,60+,Marginal workers_Worked for 3 to 6 months_Total_Males,103,DDW-0200B-01ST-Census.xls,01ST
B0301ST,02,025,District - Lahul & Spiti (03),Rural,Age not stated,Marginal workers_Worked for 3 to 6 months_Total_Males,8,DDW-0200B-01ST-Census.xls,01ST
B0301ST,02,025,District - Lahul & Spiti (03),Rural,15-59,Marginal workers_Worked for 3 to 6 months_Total_Males,789,DDW-0200B-01ST-Census.xls,01ST
B0301ST,02,025,District - Lahul & Spiti (03),Urban,Total,Marginal workers_Worked for 3 to 6 months_Total_Males,0,DDW-0200B-01ST-Census.xls,01ST
B0301ST,02,025,District - Lahul & Spiti (03),Urban,5-14,Marginal workers_Worked for 3 to 6 months_Total_Males,0,DDW-0200B-01ST-Census.xls,01ST
B0301ST,02,025,District - Lahul & Spiti (03),Urban,15-34,Marginal workers_Worked for 3 to 6 months_Total_Males,0,DDW-0200B-01ST-Census.xls,01ST
B0301ST,02,025,District - Lahul & Spiti (03),Urban,35-59,Marginal workers_Worked for 3 to 6 months_Total_Males,0,DDW-0200B-01ST-Census.xls,01ST
B0301ST,02,025,District - Lahul & Spiti (03),Urban,60+,Marginal workers_Worked for 3 to 6 months_Total_Males,0,DDW-0200B-01ST-Census.xls,01ST
B0301ST,02,025,District - Lahul & Spiti (03),Urban,Age not stated,Marginal workers_Worked for 3 to 6 months_Total_Males,0,DDW-0200B-01ST-Census.xls,01ST
B0301ST,02,025,District - Lahul & Spiti (03),Urban,15-59,Marginal workers_Worked for 3 to 6 months_Total_Males,0,DDW-0200B-01ST-Census.xls,01ST
B0301ST,02,026,District - Kullu (04),Total,Total,Marginal workers_Worked for 3 to 6 months_Total_Males,384,DDW-0200B-01ST-Census.xls,01ST
B0301ST,02,026,District - Kullu (04),Total,5-14,Marginal workers_Worked for 3 to 6 months_Total_Males,32,DDW-0200B-01ST-Census.xls,01ST
B0301ST,02,026,District - Kullu (04),Total,15-34,Marginal workers_Worked for 3 to 6 months_Total_Males,210,DDW-0200B-01ST-Census.xls,01ST
B0301ST,02,026,District - Kullu (04),Total,35-59,Marginal workers_Worked for 3 to 6 months_Total_Males,82,DDW-0200B-01ST-Census.xls,01ST
B0301ST,02,026,District - Kullu (04),Total,60+,Marginal workers_Worked for 3 to 6 months_Total_Males,60,DDW-0200B-01ST-Census.xls,01ST
B0301ST,02,026,District - Kullu (04),Total,Age not stated,Marginal workers_Worked for 3 to 6 months_Total_Males,0,DDW-0200B-01ST-Census.xls,01ST
B0301ST,02,026,District - Kullu (04),Total,15-59,Marginal workers_Worked for 3 to 6 months_Total_Males,292,DDW-0200B-01ST-Census.xls,01ST
B0301ST,02,026,District - Kullu (04),Rural,Total,Marginal workers_Worked for 3 to 6 months_Total_Males,349,DDW-0200B-01ST-Census.xls,01ST
B0301ST,02,026,District - Kullu (04),Rural,5-14,Marginal workers_Worked for 3 to 6 months_Total_Males,30,DDW-0200B-01ST-Census.xls,01ST
B0301ST,02,026,District - Kullu (04),Rural,15-34,Marginal workers_Worked for 3 to 6 months_Total_Males,203,DDW-0200B-01ST-Census.xls,01ST
B0301ST,02,026,District - Kullu (04),Rural,35-59,Marginal workers_Worked for 3 to 6 months_Total_Males,60,DDW-0200B-01ST-Census.xls,01ST
B0301ST,02,026,District - Kullu (04),Rural,60+,Marginal workers_Worked for 3 to 6 months_Total_Males,56,DDW-0200B-01ST-Census.xls,01ST
B0301ST,02,026,District - Kullu (04),Rural,Age not stated,Marginal workers_Worked for 3 to 6 months_Total_Males,0,DDW-0200B-01ST-Census.xls,01ST
B0301ST,02,026,District - Kullu (04),Rural,15-59,Marginal workers_Worked for 3 to 6 months_Total_Males,263,DDW-0200B-01ST-Census.xls,01ST
B0301ST,02,026,District - Kullu (04),Urban,Total,Marginal workers_Worked for 3 to 6 months_Total_Males,35,DDW-0200B-01ST-Census.xls,01ST
B0301ST,02,026,District - Kullu (04),Urban,5-14,Marginal workers_Worked for 3 to 6 months_Total_Males,2,DDW-0200B-01ST-Census.xls,01ST
B0301ST,02,026,District - Kullu (04),Urban,15-34,Marginal workers_Worked for 3 to 6 months_Total_Males,7,DDW-0200B-01ST-Census.xls,01ST
B0301ST,02,026,District - Kullu (04),Urban,35-59,Marginal workers_Worked for 3 to 6 months_Total_Males,22,DDW-0200B-01ST-Census.xls,01ST
B0301ST,02,026,District - Kullu (04),Urban,60+,Marginal workers_Worked for 3 to 6 months_Total_Males,4,DDW-0200B-01ST-Census.xls,01ST
B0301ST,02,026,District - Kullu (04),Urban,Age not stated,Marginal workers_Worked for 3 to 6 months_Total_Males,0,DDW-0200B-01ST-Census.xls,01ST
B0301ST,02,026,District - Kullu (04),Urban,15-59,Marginal workers_Worked for 3 to 6 months_Total_Males,29,DDW-0200B-01ST-Census.xls,01ST
B0301ST,02,027,District - Mandi (05),Total,Total,Marginal workers_Worked for 3 to 6 months_Total_Males,1061,DDW-0200B-01ST-Census.xls,01ST
B0301ST,02,027,District - Mandi (05),Total,5-14,Marginal workers_Worked for 3 to 6 months_Total_Males,48,DDW-0200B-01ST-Census.xls,01ST
B0301ST,02,027,District - Mandi (05),Total,15-34,Marginal workers_Worked for 3 to 6 months_Total_Males,541,DDW-0200B-01ST-Census.xls,01ST
B0301ST,02,027,District - Mandi (05),Total,35-59,Marginal workers_Worked for 3 to 6 months_Total_Males,335,DDW-0200B-01ST-Census.xls,01ST
B0301ST,02,027,District - Mandi (05),Total,60+,Marginal workers_Worked for 3 to 6 months_Total_Males,135,DDW-0200B-01ST-Census.xls,01ST
B0301ST,02,027,District - Mandi (05),Total,Age not stated,Marginal workers_Worked for 3 to 6 months_Total_Males,2,DDW-0200B-01ST-Census.xls,01ST
B0301ST,02,027,District - Mandi (05),Total,15-59,Marginal workers_Worked for 3 to 6 months_Total_Males,876,DDW-0200B-01ST-Census.xls,01ST
B0301ST,02,027,District - Mandi (05),Rural,Total,Marginal workers_Worked for 3 to 6 months_Total_Males,1058,DDW-0200B-01ST-Census.xls,01ST
B0301ST,02,027,District - Mandi (05),Rural,5-14,Marginal workers_Worked for 3 to 6 months_Total_Males,47,DDW-0200B-01ST-Census.xls,01ST
B0301ST,02,027,District - Mandi (05),Rural,15-34,Marginal workers_Worked for 3 to 6 months_Total_Males,540,DDW-0200B-01ST-Census.xls,01ST
B0301ST,02,027,District - Mandi (05),Rural,35-59,Marginal workers_Worked for 3 to 6 months_Total_Males,334,DDW-0200B-01ST-Census.xls,01ST
B0301ST,02,027,District - Mandi (05),Rural,60+,Marginal workers_Worked for 3 to 6 months_Total_Males,135,DDW-0200B-01ST-Census.xls,01ST
B0301ST,02,027,District - Mandi (05),Rural,Age not stated,Marginal workers_Worked for 3 to 6 months_Total_Males,2,DDW-0200B-01ST-Census.xls,01ST
B0301ST,02,027,District - Mandi (05),Rural,15-59,Marginal workers_Worked for 3 to 6 months_Total_Males,874,DDW-0200B-01ST-Census.xls,01ST
B0301ST,02,027,District - Mandi (05),Urban,Total,Marginal workers_Worked for 3 to 6 months_Total_Males,3,DDW-0200B-01ST-Census.xls,01ST
B0301ST,02,027,District - Mandi (05),Urban,5-14,Marginal workers_Worked for 3 to 6 months_Total_Males,1,DDW-0200B-01ST-Census.xls,01ST
B0301ST,02,027,District - Mandi (05),Urban,15-34,Marginal workers_Worked for 3 to 6 months_Total_Males,1,DDW-0200B-01ST-Census.xls,01ST
B0301ST,02,027,District - Mandi (05),Urban,35-59,Marginal workers_Worked for 3 to 6 months_Total_Males,1,DDW-0200B-01ST-Census.xls,01ST
B0301ST,02,027,District - Mandi (05),Urban,60+,Marginal workers_Worked for 3 to 6 months_Total_Males,0,DDW-0200B-01ST-Census.xls,01ST
B0301ST,02,027,District - Mandi (05),Urban,Age not stated,Marginal workers_Worked for 3 to 6 months_Total_Males,0,DDW-0200B-01ST-Census.xls,01ST
B0301ST,02,027,District - Mandi (05),Urban,15-59,Marginal workers_Worked for 3 to 6 months_Total_Males,2,DDW-0200B-01ST-Census.xls,01ST
B0301ST,02,028,District - Hamirpur (06),Total,Total,Marginal workers_Worked for 3 to 6 months_Total_Males,217,DDW-0200B-01ST-Census.xls,01ST
B0301ST,02,028,District - Hamirpur (06),Total,5-14,Marginal workers_Worked for 3 to 6 months_Total_Males,17,DDW-0200B-01ST-Census.xls,01ST
B0301ST,02,028,District - Hamirpur (06),Total,15-34,Marginal workers_Worked for 3 to 6 months_Total_Males,116,DDW-0200B-01ST-Census.xls,01ST
B0301ST,02,028,District - Hamirpur (06),Total,35-59,Marginal workers_Worked for 3 to 6 months_Total_Males,65,DDW-0200B-01ST-Census.xls,01ST
B0301ST,02,028,District - Hamirpur (06),Total,60+,Marginal workers_Worked for 3 to 6 months_Total_Males,19,DDW-0200B-01ST-Census.xls,01ST
B0301ST,02,028,District - Hamirpur (06),Total,Age not stated,Marginal workers_Worked for 3 to 6 months_Total_Males,0,DDW-0200B-01ST-Census.xls,01ST
B0301ST,02,028,District - Hamirpur (06),Total,15-59,Marginal workers_Worked for 3 to 6 months_Total_Males,181,DDW-0200B-01ST-Census.xls,01ST
B0301ST,02,028,District - Hamirpur (06),Rural,Total,Marginal workers_Worked for 3 to 6 months_Total_Males,206,DDW-0200B-01ST-Census.xls,01ST
B0301ST,02,028,District - Hamirpur (06),Rural,5-14,Marginal workers_Worked for 3 to 6 months_Total_Males,17,DDW-0200B-01ST-Census.xls,01ST
B0301ST,02,028,District - Hamirpur (06),Rural,15-34,Marginal workers_Worked for 3 to 6 months_Total_Males,114,DDW-0200B-01ST-Census.xls,01ST
B0301ST,02,028,District - Hamirpur (06),Rural,35-59,Marginal workers_Worked for 3 to 6 months_Total_Males,56,DDW-0200B-01ST-Census.xls,01ST
B0301ST,02,028,District - Hamirpur (06),Rural,60+,Marginal workers_Worked for 3 to 6 months_Total_Males,19,DDW-0200B-01ST-Census.xls,01ST
B0301ST,02,028,District - Hamirpur (06),Rural,Age not stated,Marginal workers_Worked for 3 to 6 months_Total_Males,0,DDW-0200B-01ST-Census.xls,01ST
B0301ST,02,028,District - Hamirpur (06),Rural,15-59,Marginal workers_Worked for 3 to 6 months_Total_Males,170,DDW-0200B-01ST-Census.xls,01ST
B0301ST,02,028,District - Hamirpur (06),Urban,Total,Marginal workers_Worked for 3 to 6 months_Total_Males,11,DDW-0200B-01ST-Census.xls,01ST
B0301ST,02,028,District - Hamirpur (06),Urban,5-14,Marginal workers_Worked for 3 to 6 months_Total_Males,0,DDW-0200B-01ST-Census.xls,01ST
B0301ST,02,028,District - Hamirpur (06),Urban,15-34,Marginal workers_Worked for 3 to 6 months_Total_Males,2,DDW-0200B-01ST-Census.xls,01ST
B0301ST,02,028,District - Hamirpur (06),Urban,35-59,Marginal workers_Worked for 3 to 6 months_Total_Males,9,DDW-0200B-01ST-Census.xls,01ST
B0301ST,02,028,District - Hamirpur (06),Urban,60+,Marginal workers_Worked for 3 to 6 months_Total_Males,0,DDW-0200B-01ST-Census.xls,01ST
B0301ST,02,028,District - Hamirpur (06),Urban,Age not stated,Marginal workers_Worked for 3 to 6 months_Total_Males,0,DDW-0200B-01ST-Census.xls,01ST
B0301ST,02,028,District - Hamirpur (06),Urban,15-59,Marginal workers_Worked for 3 to 6 months_Total_Males,11,DDW-0200B-01ST-Census.xls,01ST
B0301ST,02,029,District - Una (07),Total,Total,Marginal workers_Worked for 3 to 6 months_Total_Males,508,DDW-0200B-01ST-Census.xls,01ST
B0301ST,02,029,District - Una (07),Total,5-14,Marginal workers_Worked for 3 to 6 months_Total_Males,8,DDW-0200B-01ST-Census.xls,01ST
B0301ST,02,029,District - Una (07),Total,15-34,Marginal workers_Worked for 3 to 6 months_Total_Males,228,DDW-0200B-01ST-Census.xls,01ST
B0301ST,02,029,District - Una (07),Total,35-59,Marginal workers_Worked for 3 to 6 months_Total_Males,204,DDW-0200B-01ST-Census.xls,01ST
B0301ST,02,029,District - Una (07),Total,60+,Marginal workers_Worked for 3 to 6 months_Total_Males,68,DDW-0200B-01ST-Census.xls,01ST
B0301ST,02,029,District - Una (07),Total,Age not stated,Marginal workers_Worked for 3 to 6 months_Total_Males,0,DDW-0200B-01ST-Census.xls,01ST
B0301ST,02,029,District - Una (07),Total,15-59,Marginal workers_Worked for 3 to 6 months_Total_Males,432,DDW-0200B-01ST-Census.xls,01ST
B0301ST,02,029,District - Una (07),Rural,Total,Marginal workers_Worked for 3 to 6 months_Total_Males,506,DDW-0200B-01ST-Census.xls,01ST
B0301ST,02,029,District - Una (07),Rural,5-14,Marginal workers_Worked for 3 to 6 months_Total_Males,8,DDW-0200B-01ST-Census.xls,01ST
B0301ST,02,029,District - Una (07),Rural,15-34,Marginal workers_Worked for 3 to 6 months_Total_Males,227,DDW-0200B-01ST-Census.xls,01ST
B0301ST,02,029,District - Una (07),Rural,35-59,Marginal workers_Worked for 3 to 6 months_Total_Males,203,DDW-0200B-01ST-Census.xls,01ST
B0301ST,02,029,District - Una (07),Rural,60+,Marginal workers_Worked for 3 to 6 months_Total_Males,68,DDW-0200B-01ST-Census.xls,01ST
B0301ST,02,029,District - Una (07),Rural,Age not stated,Marginal workers_Worked for 3 to 6 months_Total_Males,0,DDW-0200B-01ST-Census.xls,01ST
B0301ST,02,029,District - Una (07),Rural,15-59,Marginal workers_Worked for 3 to 6 months_Total_Males,430,DDW-0200B-01ST-Census.xls,01ST
B0301ST,02,029,District - Una (07),Urban,Total,Marginal workers_Worked for 3 to 6 months_Total_Males,2,DDW-0200B-01ST-Census.xls,01ST
B0301ST,02,029,District - Una (07),Urban,5-14,Marginal workers_Worked for 3 to 6 months_Total_Males,0,DDW-0200B-01ST-Census.xls,01ST
B0301ST,02,029,District - Una (07),Urban,15-34,Marginal workers_Worked for 3 to 6 months_Total_Males,1,DDW-0200B-01ST-Census.xls,01ST
B0301ST,02,029,District - Una (07),Urban,35-59,Marginal workers_Worked for 3 to 6 months_Total_Males,1,DDW-0200B-01ST-Census.xls,01ST
B0301ST,02,029,District - Una (07),Urban,60+,Marginal workers_Worked for 3 to 6 months_Total_Males,0,DDW-0200B-01ST-Census.xls,01ST
B0301ST,02,029,District - Una (07),Urban,Age not stated,Marginal workers_Worked for 3 to 6 months_Total_Males,0,DDW-0200B-01ST-Census.xls,01ST
B0301ST,02,029,District - Una (07),Urban,15-59,Marginal workers_Worked for 3 to 6 months_Total_Males,2,DDW-0200B-01ST-Census.xls,01ST
B0301ST,02,030,District - Bilaspur (08),Total,Total,Marginal workers_Worked for 3 to 6 months_Total_Males,714,DDW-0200B-01ST-Census.xls,01ST
B0301ST,02,030,District - Bilaspur (08),Total,5-14,Marginal workers_Worked for 3 to 6 months_Total_Males,11,DDW-0200B-01ST-Census.xls,01ST
B0301ST,02,030,District - Bilaspur (08),Total,15-34,Marginal workers_Worked for 3 to 6 months_Total_Males,349,DDW-0200B-01ST-Census.xls,01ST
B0301ST,02,030,District - Bilaspur (08),Total,35-59,Marginal workers_Worked for 3 to 6 months_Total_Males,222,DDW-0200B-01ST-Census.xls,01ST
B0301ST,02,030,District - Bilaspur (08),Total,60+,Marginal workers_Worked for 3 to 6 months_Total_Males,132,DDW-0200B-01ST-Census.xls,01ST
B0301ST,02,030,District - Bilaspur (08),Total,Age not stated,Marginal workers_Worked for 3 to 6 months_Total_Males,0,DDW-0200B-01ST-Census.xls,01ST
B0301ST,02,030,District - Bilaspur (08),Total,15-59,Marginal workers_Worked for 3 to 6 months_Total_Males,571,DDW-0200B-01ST-Census.xls,01ST
B0301ST,02,030,District - Bilaspur (08),Rural,Total,Marginal workers_Worked for 3 to 6 months_Total_Males,706,DDW-0200B-01ST-Census.xls,01ST
B0301ST,02,030,District - Bilaspur (08),Rural,5-14,Marginal workers_Worked for 3 to 6 months_Total_Males,10,DDW-0200B-01ST-Census.xls,01ST
B0301ST,02,030,District - Bilaspur (08),Rural,15-34,Marginal workers_Worked for 3 to 6 months_Total_Males,347,DDW-0200B-01ST-Census.xls,01ST
B0301ST,02,030,District - Bilaspur (08),Rural,35-59,Marginal workers_Worked for 3 to 6 months_Total_Males,222,DDW-0200B-01ST-Census.xls,01ST
B0301ST,02,030,District - Bilaspur (08),Rural,60+,Marginal workers_Worked for 3 to 6 months_Total_Males,127,DDW-0200B-01ST-Census.xls,01ST
B0301ST,02,030,District - Bilaspur (08),Rural,Age not stated,Marginal workers_Worked for 3 to 6 months_Total_Males,0,DDW-0200B-01ST-Census.xls,01ST
B0301ST,02,030,District - Bilaspur (08),Rural,15-59,Marginal workers_Worked for 3 to 6 months_Total_Males,569,DDW-0200B-01ST-Census.xls,01ST
B0301ST,02,030,District - Bilaspur (08),Urban,Total,Marginal workers_Worked for 3 to 6 months_Total_Males,8,DDW-0200B-01ST-Census.xls,01ST
B0301ST,02,030,District - Bilaspur (08),Urban,5-14,Marginal workers_Worked for 3 to 6 months_Total_Males,1,DDW-0200B-01ST-Census.xls,01ST
B0301ST,02,030,District - Bilaspur (08),Urban,15-34,Marginal workers_Worked for 3 to 6 months_Total_Males,2,DDW-0200B-01ST-Census.xls,01ST
B0301ST,02,030,District - Bilaspur (08),Urban,35-59,Marginal workers_Worked for 3 to 6 months_Total_Males,0,DDW-0200B-01ST-Census.xls,01ST
B0301ST,02,030,District - Bilaspur (08),Urban,60+,Marginal workers_Worked for 3 to 6 months_Total_Males,5,DDW-0200B-01ST-Census.xls,01ST
B0301ST,02,030,District - Bilaspur (08),Urban,Age not stated,Marginal workers_Worked for 3 to 6 months_Total_Males,0,DDW-0200B-01ST-Census.xls,01ST
B0301ST,02,030,District - Bilaspur (08),Urban,15-59,Marginal workers_Worked for 3 to 6 months_Total_Males,2,DDW-0200B-01ST-Census.xls,01ST
B0301ST,02,031,District - Solan (09),Total,Total,Marginal workers_Worked for 3 to 6 months_Total_Males,883,DDW-0200B-01ST-Census.xls,01ST
B0301ST,02,031,District - Solan (09),Total,5-14,Marginal workers_Worked for 3 to 6 months_Total_Males,32,DDW-0200B-01ST-Census.xls,01ST
B0301ST,02,031,District - Solan (09),Total,15-34,Marginal workers_Worked for 3 to 6 months_Total_Males,415,DDW-0200B-01ST-Census.xls,01ST
B0301ST,02,031,District - Solan (09),Total,35-59,Marginal workers_Worked for 3 to 6 months_Total_Males,306,DDW-0200B-01ST-Census.xls,01ST
B0301ST,02,031,District - Solan (09),Total,60+,Marginal workers_Worked for 3 to 6 months_Total_Males,127,DDW-0200B-01ST-Census.xls,01ST
B0301ST,02,031,District - Solan (09),Total,Age not stated,Marginal workers_Worked for 3 to 6 months_Total_Males,3,DDW-0200B-01ST-Census.xls,01ST
B0301ST,02,031,District - Solan (09),Total,15-59,Marginal workers_Worked for 3 to 6 months_Total_Males,721,DDW-0200B-01ST-Census.xls,01ST
B0301ST,02,031,District - Solan (09),Rural,Total,Marginal workers_Worked for 3 to 6 months_Total_Males,874,DDW-0200B-01ST-Census.xls,01ST
B0301ST,02,031,District - Solan (09),Rural,5-14,Marginal workers_Worked for 3 to 6 months_Total_Males,32,DDW-0200B-01ST-Census.xls,01ST
B0301ST,02,031,District - Solan (09),Rural,15-34,Marginal workers_Worked for 3 to 6 months_Total_Males,409,DDW-0200B-01ST-Census.xls,01ST
B0301ST,02,031,District - Solan (09),Rural,35-59,Marginal workers_Worked for 3 to 6 months_Total_Males,303,DDW-0200B-01ST-Census.xls,01ST
B0301ST,02,031,District - Solan (09),Rural,60+,Marginal workers_Worked for 3 to 6 months_Total_Males,127,DDW-0200B-01ST-Census.xls,01ST
B0301ST,02,031,District - Solan (09),Rural,Age not stated,Marginal workers_Worked for 3 to 6 months_Total_Males,3,DDW-0200B-01ST-Census.xls,01ST
B0301ST,02,031,District - Solan (09),Rural,15-59,Marginal workers_Worked for 3 to 6 months_Total_Males,712,DDW-0200B-01ST-Census.xls,01ST
B0301ST,02,031,District - Solan (09),Urban,Total,Marginal workers_Worked for 3 to 6 months_Total_Males,9,DDW-0200B-01ST-Census.xls,01ST
B0301ST,02,031,District - Solan (09),Urban,5-14,Marginal workers_Worked for 3 to 6 months_Total_Males,0,DDW-0200B-01ST-Census.xls,01ST
B0301ST,02,031,District - Solan (09),Urban,15-34,Marginal workers_Worked for 3 to 6 months_Total_Males,6,DDW-0200B-01ST-Census.xls,01ST
B0301ST,02,031,District - Solan (09),Urban,35-59,Marginal workers_Worked for 3 to 6 months_Total_Males,3,DDW-0200B-01ST-Census.xls,01ST
B0301ST,02,031,District - Solan (09),Urban,60+,Marginal workers_Worked for 3 to 6 months_Total_Males,0,DDW-0200B-01ST-Census.xls,01ST
B0301ST,02,031,District - Solan (09),Urban,Age not stated,Marginal workers_Worked for 3 to 6 months_Total_Males,0,DDW-0200B-01ST-Census.xls,01ST
B0301ST,02,031,District - Solan (09),Urban,15-59,Marginal workers_Worked for 3 to 6 months_Total_Males,9,DDW-0200B-01ST-Census.xls,01ST
B0301ST,02,032,District - Sirmaur (10),Total,Total,Marginal workers_Worked for 3 to 6 months_Total_Males,494,DDW-0200B-01ST-Census.xls,01ST
B0301ST,02,032,District - Sirmaur (10),Total,5-14,Marginal workers_Worked for 3 to 6 months_Total_Males,43,DDW-0200B-01ST-Census.xls,01ST
B0301ST,02,032,District - Sirmaur (10),Total,15-34,Marginal workers_Worked for 3 to 6 months_Total_Males,270,DDW-0200B-01ST-Census.xls,01ST
B0301ST,02,032,District - Sirmaur (10),Total,35-59,Marginal workers_Worked for 3 to 6 months_Total_Males,143,DDW-0200B-01ST-Census.xls,01ST
B0301ST,02,032,District - Sirmaur (10),Total,60+,Marginal workers_Worked for 3 to 6 months_Total_Males,38,DDW-0200B-01ST-Census.xls,01ST
B0301ST,02,032,District - Sirmaur (10),Total,Age not stated,Marginal workers_Worked for 3 to 6 months_Total_Males,0,DDW-0200B-01ST-Census.xls,01ST
B0301ST,02,032,District - Sirmaur (10),Total,15-59,Marginal workers_Worked for 3 to 6 months_Total_Males,413,DDW-0200B-01ST-Census.xls,01ST
B0301ST,02,032,District - Sirmaur (10),Rural,Total,Marginal workers_Worked for 3 to 6 months_Total_Males,485,DDW-0200B-01ST-Census.xls,01ST
B0301ST,02,032,District - Sirmaur (10),Rural,5-14,Marginal workers_Worked for 3 to 6 months_Total_Males,42,DDW-0200B-01ST-Census.xls,01ST
B0301ST,02,032,District - Sirmaur (10),Rural,15-34,Marginal workers_Worked for 3 to 6 months_Total_Males,262,DDW-0200B-01ST-Census.xls,01ST
B0301ST,02,032,District - Sirmaur (10),Rural,35-59,Marginal workers_Worked for 3 to 6 months_Total_Males,143,DDW-0200B-01ST-Census.xls,01ST
B0301ST,02,032,District - Sirmaur (10),Rural,60+,Marginal workers_Worked for 3 to 6 months_Total_Males,38,DDW-0200B-01ST-Census.xls,01ST
B0301ST,02,032,District - Sirmaur (10),Rural,Age not stated,Marginal workers_Worked for 3 to 6 months_Total_Males,0,DDW-0200B-01ST-Census.xls,01ST
B0301ST,02,032,District - Sirmaur (10),Rural,15-59,Marginal workers_Worked for 3 to 6 months_Total_Males,405,DDW-0200B-01ST-Census.xls,01ST
B0301ST,02,032,District - Sirmaur (10),Urban,Total,Marginal workers_Worked for 3 to 6 months_Total_Males,9,DDW-0200B-01ST-Census.xls,01ST
B0301ST,02,032,District - Sirmaur (10),Urban,5-14,Marginal workers_Worked for 3 to 6 months_Total_Males,1,DDW-0200B-01ST-Census.xls,01ST
B0301ST,02,032,District - Sirmaur (10),Urban,15-34,Marginal workers_Worked for 3 to 6 months_Total_Males,8,DDW-0200B-01ST-Census.xls,01ST
B0301ST,02,032,District - Sirmaur (10),Urban,35-59,Marginal workers_Worked for 3 to 6 months_Total_Males,0,DDW-0200B-01ST-Census.xls,01ST
B0301ST,02,032,District - Sirmaur (10),Urban,60+,Marginal workers_Worked for 3 to 6 months_Total_Males,0,DDW-0200B-01ST-Census.xls,01ST
B0301ST,02,032,District - Sirmaur (10),Urban,Age not stated,Marginal workers_Worked for 3 to 6 months_Total_Males,0,DDW-0200B-01ST-Census.xls,01ST
B0301ST,02,032,District - Sirmaur (10),Urban,15-59,Marginal workers_Worked for 3 to 6 months_Total_Males,8,DDW-0200B-01ST-Census.xls,01ST
B0301ST,02,033,District - Shimla (11),Total,Total,Marginal workers_Worked for 3 to 6 months_Total_Males,216,DDW-0200B-01ST-Census.xls,01ST
B0301ST,02,033,District - Shimla (11),Total,5-14,Marginal workers_Worked for 3 to 6 months_Total_Males,21,DDW-0200B-01ST-Census.xls,01ST
B0301ST,02,033,District - Shimla (11),Total,15-34,Marginal workers_Worked for 3 to 6 months_Total_Males,128,DDW-0200B-01ST-Census.xls,01ST
B0301ST,02,033,District - Shimla (11),Total,35-59,Marginal workers_Worked for 3 to 6 months_Total_Males,48,DDW-0200B-01ST-Census.xls,01ST
B0301ST,02,033,District - Shimla (11),Total,60+,Marginal workers_Worked for 3 to 6 months_Total_Males,19,DDW-0200B-01ST-Census.xls,01ST
B0301ST,02,033,District - Shimla (11),Total,Age not stated,Marginal workers_Worked for 3 to 6 months_Total_Males,0,DDW-0200B-01ST-Census.xls,01ST
B0301ST,02,033,District - Shimla (11),Total,15-59,Marginal workers_Worked for 3 to 6 months_Total_Males,176,DDW-0200B-01ST-Census.xls,01ST
B0301ST,02,033,District - Shimla (11),Rural,Total,Marginal workers_Worked for 3 to 6 months_Total_Males,177,DDW-0200B-01ST-Census.xls,01ST
B0301ST,02,033,District - Shimla (11),Rural,5-14,Marginal workers_Worked for 3 to 6 months_Total_Males,21,DDW-0200B-01ST-Census.xls,01ST
B0301ST,02,033,District - Shimla (11),Rural,15-34,Marginal workers_Worked for 3 to 6 months_Total_Males,96,DDW-0200B-01ST-Census.xls,01ST
B0301ST,02,033,District - Shimla (11),Rural,35-59,Marginal workers_Worked for 3 to 6 months_Total_Males,41,DDW-0200B-01ST-Census.xls,01ST
B0301ST,02,033,District - Shimla (11),Rural,60+,Marginal workers_Worked for 3 to 6 months_Total_Males,19,DDW-0200B-01ST-Census.xls,01ST
B0301ST,02,033,District - Shimla (11),Rural,Age not stated,Marginal workers_Worked for 3 to 6 months_Total_Males,0,DDW-0200B-01ST-Census.xls,01ST
B0301ST,02,033,District - Shimla (11),Rural,15-59,Marginal workers_Worked for 3 to 6 months_Total_Males,137,DDW-0200B-01ST-Census.xls,01ST
B0301ST,02,033,District - Shimla (11),Urban,Total,Marginal workers_Worked for 3 to 6 months_Total_Males,39,DDW-0200B-01ST-Census.xls,01ST
B0301ST,02,033,District - Shimla (11),Urban,5-14,Marginal workers_Worked for 3 to 6 months_Total_Males,0,DDW-0200B-01ST-Census.xls,01ST
B0301ST,02,033,District - Shimla (11),Urban,15-34,Marginal workers_Worked for 3 to 6 months_Total_Males,32,DDW-0200B-01ST-Census.xls,01ST
B0301ST,02,033,District - Shimla (11),Urban,35-59,Marginal workers_Worked for 3 to 6 months_Total_Males,7,DDW-0200B-01ST-Census.xls,01ST
B0301ST,02,033,District - Shimla (11),Urban,60+,Marginal workers_Worked for 3 to 6 months_Total_Males,0,DDW-0200B-01ST-Census.xls,01ST
B0301ST,02,033,District - Shimla (11),Urban,Age not stated,Marginal workers_Worked for 3 to 6 months_Total_Males,0,DDW-0200B-01ST-Census.xls,01ST
B0301ST,02,033,District - Shimla (11),Urban,15-59,Marginal workers_Worked for 3 to 6 months_Total_Males,39,DDW-0200B-01ST-Census.xls,01ST
B0301ST,02,034,District - Kinnaur (12),Total,Total,Marginal workers_Worked for 3 to 6 months_Total_Males,1231,DDW-0200B-01ST-Census.xls,01ST
B0301ST,02,034,District - Kinnaur (12),Total,5-14,Marginal workers_Worked for 3 to 6 months_Total_Males,90,DDW-0200B-01ST-Census.xls,01ST
B0301ST,02,034,District - Kinnaur (12),Total,15-34,Marginal workers_Worked for 3 to 6 months_Total_Males,619,DDW-0200B-01ST-Census.xls,01ST
B0301ST,02,034,District - Kinnaur (12),Total,35-59,Marginal workers_Worked for 3 to 6 months_Total_Males,331,DDW-0200B-01ST-Census.xls,01ST
B0301ST,02,034,District - Kinnaur (12),Total,60+,Marginal workers_Worked for 3 to 6 months_Total_Males,190,DDW-0200B-01ST-Census.xls,01ST
B0301ST,02,034,District - Kinnaur (12),Total,Age not stated,Marginal workers_Worked for 3 to 6 months_Total_Males,1,DDW-0200B-01ST-Census.xls,01ST
B0301ST,02,034,District - Kinnaur (12),Total,15-59,Marginal workers_Worked for 3 to 6 months_Total_Males,950,DDW-0200B-01ST-Census.xls,01ST
B0301ST,02,034,District - Kinnaur (12),Rural,Total,Marginal workers_Worked for 3 to 6 months_Total_Males,1231,DDW-0200B-01ST-Census.xls,01ST
B0301ST,02,034,District - Kinnaur (12),Rural,5-14,Marginal workers_Worked for 3 to 6 months_Total_Males,90,DDW-0200B-01ST-Census.xls,01ST
B0301ST,02,034,District - Kinnaur (12),Rural,15-34,Marginal workers_Worked for 3 to 6 months_Total_Males,619,DDW-0200B-01ST-Census.xls,01ST
B0301ST,02,034,District - Kinnaur (12),Rural,35-59,Marginal workers_Worked for 3 to 6 months_Total_Males,331,DDW-0200B-01ST-Census.xls,01ST
B0301ST,02,034,District - Kinnaur (12),Rural,60+,Marginal workers_Worked for 3 to 6 months_Total_Males,190,DDW-0200B-01ST-Census.xls,01ST
B0301ST,02,034,District - Kinnaur (12),Rural,Age not stated,Marginal workers_Worked for 3 to 6 months_Total_Males,1,DDW-0200B-01ST-Census.xls,01ST
B0301ST,02,034,District - Kinnaur (12),Rural,15-59,Marginal workers_Worked for 3 to 6 months_Total_Males,950,DDW-0200B-01ST-Census.xls,01ST
B0301ST,02,034,District - Kinnaur (12),Urban,Total,Marginal workers_Worked for 3 to 6 months_Total_Males,0,DDW-0200B-01ST-Census.xls,01ST
B0301ST,02,034,District - Kinnaur (12),Urban,5-14,Marginal workers_Worked for 3 to 6 months_Total_Males,0,DDW-0200B-01ST-Census.xls,01ST
B0301ST,02,034,District - Kinnaur (12),Urban,15-34,Marginal workers_Worked for 3 to 6 months_Total_Males,0,DDW-0200B-01ST-Census.xls,01ST
B0301ST,02,034,District - Kinnaur (12),Urban,35-59,Marginal workers_Worked for 3 to 6 months_Total_Males,0,DDW-0200B-01ST-Census.xls,01ST
B0301ST,02,034,District - Kinnaur (12),Urban,60+,Marginal workers_Worked for 3 to 6 months_Total_Males,0,DDW-0200B-01ST-Census.xls,01ST
B0301ST,02,034,District - Kinnaur (12),Urban,Age not stated,Marginal workers_Worked for 3 to 6 months_Total_Males,0,DDW-0200B-01ST-Census.xls,01ST
B0301ST,02,034,District - Kinnaur (12),Urban,15-59,Marginal workers_Worked for 3 to 6 months_Total_Males,0,DDW-0200B-01ST-Census.xls,01ST
B0301ST,02,000,State - HIMACHAL PRADESH (02),Total,Total,Marginal workers_Worked for 3 to 6 months_Total_Females,35610,DDW-0200B-01ST-Census.xls,01ST
B0301ST,02,000,State - HIMACHAL PRADESH (02),Total,5-14,Marginal workers_Worked for 3 to 6 months_Total_Females,1285,DDW-0200B-01ST-Census.xls,01ST
B0301ST,02,000,State - HIMACHAL PRADESH (02),Total,15-34,Marginal workers_Worked for 3 to 6 months_Total_Females,16858,DDW-0200B-01ST-Census.xls,01ST
B0301ST,02,000,State - HIMACHAL PRADESH (02),Total,35-59,Marginal workers_Worked for 3 to 6 months_Total_Females,14243,DDW-0200B-01ST-Census.xls,01ST
B0301ST,02,000,State - HIMACHAL PRADESH (02),Total,60+,Marginal workers_Worked for 3 to 6 months_Total_Females,3186,DDW-0200B-01ST-Census.xls,01ST
B0301ST,02,000,State - HIMACHAL PRADESH (02),Total,Age not stated,Marginal workers_Worked for 3 to 6 months_Total_Females,38,DDW-0200B-01ST-Census.xls,01ST
B0301ST,02,000,State - HIMACHAL PRADESH (02),Total,15-59,Marginal workers_Worked for 3 to 6 months_Total_Females,31101,DDW-0200B-01ST-Census.xls,01ST
B0301ST,02,000,State - HIMACHAL PRADESH (02),Rural,Total,Marginal workers_Worked for 3 to 6 months_Total_Females,35310,DDW-0200B-01ST-Census.xls,01ST
B0301ST,02,000,State - HIMACHAL PRADESH (02),Rural,5-14,Marginal workers_Worked for 3 to 6 months_Total_Females,1282,DDW-0200B-01ST-Census.xls,01ST
B0301ST,02,000,State - HIMACHAL PRADESH (02),Rural,15-34,Marginal workers_Worked for 3 to 6 months_Total_Females,16716,DDW-0200B-01ST-Census.xls,01ST
B0301ST,02,000,State - HIMACHAL PRADESH (02),Rural,35-59,Marginal workers_Worked for 3 to 6 months_Total_Females,14110,DDW-0200B-01ST-Census.xls,01ST
B0301ST,02,000,State - HIMACHAL PRADESH (02),Rural,60+,Marginal workers_Worked for 3 to 6 months_Total_Females,3164,DDW-0200B-01ST-Census.xls,01ST
B0301ST,02,000,State - HIMACHAL PRADESH (02),Rural,Age not stated,Marginal workers_Worked for 3 to 6 months_Total_Females,38,DDW-0200B-01ST-Census.xls,01ST
B0301ST,02,000,State - HIMACHAL PRADESH (02),Rural,15-59,Marginal workers_Worked for 3 to 6 months_Total_Females,30826,DDW-0200B-01ST-Census.xls,01ST
B0301ST,02,000,State - HIMACHAL PRADESH (02),Urban,Total,Marginal workers_Worked for 3 to 6 months_Total_Females,300,DDW-0200B-01ST-Census.xls,01ST
B0301ST,02,000,State - HIMACHAL PRADESH (02),Urban,5-14,Marginal workers_Worked for 3 to 6 months_Total_Females,3,DDW-0200B-01ST-Census.xls,01ST
B0301ST,02,000,State - HIMACHAL PRADESH (02),Urban,15-34,Marginal workers_Worked for 3 to 6 months_Total_Females,142,DDW-0200B-01ST-Census.xls,01ST
B0301ST,02,000,State - HIMACHAL PRADESH (02),Urban,35-59,Marginal workers_Worked for 3 to 6 months_Total_Females,133,DDW-0200B-01ST-Census.xls,01ST
B0301ST,02,000,State - HIMACHAL PRADESH (02),Urban,60+,Marginal workers_Worked for 3 to 6 months_Total_Females,22,DDW-0200B-01ST-Census.xls,01ST
B0301ST,02,000,State - HIMACHAL PRADESH (02),Urban,Age not stated,Marginal workers_Worked for 3 to 6 months_Total_Females,0,DDW-0200B-01ST-Census.xls,01ST
B0301ST,02,000,State - HIMACHAL PRADESH (02),Urban,15-59,Marginal workers_Worked for 3 to 6 months_Total_Females,275,DDW-0200B-01ST-Census.xls,01ST
B0301ST,02,023,District - Chamba (01),Total,Total,Marginal workers_Worked for 3 to 6 months_Total_Females,18361,DDW-0200B-01ST-Census.xls,01ST
B0301ST,02,023,District - Chamba (01),Total,5-14,Marginal workers_Worked for 3 to 6 months_Total_Females,813,DDW-0200B-01ST-Census.xls,01ST
B0301ST,02,023,District - Chamba (01),Total,15-34,Marginal workers_Worked for 3 to 6 months_Total_Females,9032,DDW-0200B-01ST-Census.xls,01ST
B0301ST,02,023,District - Chamba (01),Total,35-59,Marginal workers_Worked for 3 to 6 months_Total_Females,7087,DDW-0200B-01ST-Census.xls,01ST
B0301ST,02,023,District - Chamba (01),Total,60+,Marginal workers_Worked for 3 to 6 months_Total_Females,1419,DDW-0200B-01ST-Census.xls,01ST
B0301ST,02,023,District - Chamba (01),Total,Age not stated,Marginal workers_Worked for 3 to 6 months_Total_Females,10,DDW-0200B-01ST-Census.xls,01ST
B0301ST,02,023,District - Chamba (01),Total,15-59,Marginal workers_Worked for 3 to 6 months_Total_Females,16119,DDW-0200B-01ST-Census.xls,01ST
B0301ST,02,023,District - Chamba (01),Rural,Total,Marginal workers_Worked for 3 to 6 months_Total_Females,18328,DDW-0200B-01ST-Census.xls,01ST
B0301ST,02,023,District - Chamba (01),Rural,5-14,Marginal workers_Worked for 3 to 6 months_Total_Females,812,DDW-0200B-01ST-Census.xls,01ST
B0301ST,02,023,District - Chamba (01),Rural,15-34,Marginal workers_Worked for 3 to 6 months_Total_Females,9022,DDW-0200B-01ST-Census.xls,01ST
B0301ST,02,023,District - Chamba (01),Rural,35-59,Marginal workers_Worked for 3 to 6 months_Total_Females,7070,DDW-0200B-01ST-Census.xls,01ST
B0301ST,02,023,District - Chamba (01),Rural,60+,Marginal workers_Worked for 3 to 6 months_Total_Females,1414,DDW-0200B-01ST-Census.xls,01ST
B0301ST,02,023,District - Chamba (01),Rural,Age not stated,Marginal workers_Worked for 3 to 6 months_Total_Females,10,DDW-0200B-01ST-Census.xls,01ST
B0301ST,02,023,District - Chamba (01),Rural,15-59,Marginal workers_Worked for 3 to 6 months_Total_Females,16092,DDW-0200B-01ST-Census.xls,01ST
B0301ST,02,023,District - Chamba (01),Urban,Total,Marginal workers_Worked for 3 to 6 months_Total_Females,33,DDW-0200B-01ST-Census.xls,01ST
B0301ST,02,023,District - Chamba (01),Urban,5-14,Marginal workers_Worked for 3 to 6 months_Total_Females,1,DDW-0200B-01ST-Census.xls,01ST
B0301ST,02,023,District - Chamba (01),Urban,15-34,Marginal workers_Worked for 3 to 6 months_Total_Females,10,DDW-0200B-01ST-Census.xls,01ST
B0301ST,02,023,District - Chamba (01),Urban,35-59,Marginal workers_Worked for 3 to 6 months_Total_Females,17,DDW-0200B-01ST-Census.xls,01ST
B0301ST,02,023,District - Chamba (01),Urban,60+,Marginal workers_Worked for 3 to 6 months_Total_Females,5,DDW-0200B-01ST-Census.xls,01ST
B0301ST,02,023,District - Chamba (01),Urban,Age not stated,Marginal workers_Worked for 3 to 6 months_Total_Females,0,DDW-0200B-01ST-Census.xls,01ST
B0301ST,02,023,District - Chamba (01),Urban,15-59,Marginal workers_Worked for 3 to 6 months_Total_Females,27,DDW-0200B-01ST-Census.xls,01ST
B0301ST,02,024,District - Kangra (02),Total,Total,Marginal workers_Worked for 3 to 6 months_Total_Females,5754,DDW-0200B-01ST-Census.xls,01ST
B0301ST,02,024,District - Kangra (02),Total,5-14,Marginal workers_Worked for 3 to 6 months_Total_Females,88,DDW-0200B-01ST-Census.xls,01ST
B0301ST,02,024,District - Kangra (02),Total,15-34,Marginal workers_Worked for 3 to 6 months_Total_Females,2532,DDW-0200B-01ST-Census.xls,01ST
B0301ST,02,024,District - Kangra (02),Total,35-59,Marginal workers_Worked for 3 to 6 months_Total_Females,2612,DDW-0200B-01ST-Census.xls,01ST
B0301ST,02,024,District - Kangra (02),Total,60+,Marginal workers_Worked for 3 to 6 months_Total_Females,507,DDW-0200B-01ST-Census.xls,01ST
B0301ST,02,024,District - Kangra (02),Total,Age not stated,Marginal workers_Worked for 3 to 6 months_Total_Females,15,DDW-0200B-01ST-Census.xls,01ST
B0301ST,02,024,District - Kangra (02),Total,15-59,Marginal workers_Worked for 3 to 6 months_Total_Females,5144,DDW-0200B-01ST-Census.xls,01ST
B0301ST,02,024,District - Kangra (02),Rural,Total,Marginal workers_Worked for 3 to 6 months_Total_Females,5675,DDW-0200B-01ST-Census.xls,01ST
B0301ST,02,024,District - Kangra (02),Rural,5-14,Marginal workers_Worked for 3 to 6 months_Total_Females,88,DDW-0200B-01ST-Census.xls,01ST
B0301ST,02,024,District - Kangra (02),Rural,15-34,Marginal workers_Worked for 3 to 6 months_Total_Females,2494,DDW-0200B-01ST-Census.xls,01ST
B0301ST,02,024,District - Kangra (02),Rural,35-59,Marginal workers_Worked for 3 to 6 months_Total_Females,2575,DDW-0200B-01ST-Census.xls,01ST
B0301ST,02,024,District - Kangra (02),Rural,60+,Marginal workers_Worked for 3 to 6 months_Total_Females,503,DDW-0200B-01ST-Census.xls,01ST
B0301ST,02,024,District - Kangra (02),Rural,Age not stated,Marginal workers_Worked for 3 to 6 months_Total_Females,15,DDW-0200B-01ST-Census.xls,01ST
B0301ST,02,024,District - Kangra (02),Rural,15-59,Marginal workers_Worked for 3 to 6 months_Total_Females,5069,DDW-0200B-01ST-Census.xls,01ST
B0301ST,02,024,District - Kangra (02),Urban,Total,Marginal workers_Worked for 3 to 6 months_Total_Females,79,DDW-0200B-01ST-Census.xls,01ST
B0301ST,02,024,District - Kangra (02),Urban,5-14,Marginal workers_Worked for 3 to 6 months_Total_Females,0,DDW-0200B-01ST-Census.xls,01ST
B0301ST,02,024,District - Kangra (02),Urban,15-34,Marginal workers_Worked for 3 to 6 months_Total_Females,38,DDW-0200B-01ST-Census.xls,01ST
B0301ST,02,024,District - Kangra (02),Urban,35-59,Marginal workers_Worked for 3 to 6 months_Total_Females,37,DDW-0200B-01ST-Census.xls,01ST
B0301ST,02,024,District - Kangra (02),Urban,60+,Marginal workers_Worked for 3 to 6 months_Total_Females,4,DDW-0200B-01ST-Census.xls,01ST
B0301ST,02,024,District - Kangra (02),Urban,Age not stated,Marginal workers_Worked for 3 to 6 months_Total_Females,0,DDW-0200B-01ST-Census.xls,01ST
B0301ST,02,024,District - Kangra (02),Urban,15-59,Marginal workers_Worked for 3 to 6 months_Total_Females,75,DDW-0200B-01ST-Census.xls,01ST
B0301ST,02,025,District - Lahul & Spiti (03),Total,Total,Marginal workers_Worked for 3 to 6 months_Total_Females,1234,DDW-0200B-01ST-Census.xls,01ST
B0301ST,02,025,District - Lahul & Spiti (03),Total,5-14,Marginal workers_Worked for 3 to 6 months_Total_Females,13,DDW-0200B-01ST-Census.xls,01ST
B0301ST,02,025,District - Lahul & Spiti (03),Total,15-34,Marginal workers_Worked for 3 to 6 months_Total_Females,596,DDW-0200B-01ST-Census.xls,01ST
B0301ST,02,025,District - Lahul & Spiti (03),Total,35-59,Marginal workers_Worked for 3 to 6 months_Total_Females,471,DDW-0200B-01ST-Census.xls,01ST
B0301ST,02,025,District - Lahul & Spiti (03),Total,60+,Marginal workers_Worked for 3 to 6 months_Total_Females,145,DDW-0200B-01ST-Census.xls,01ST
B0301ST,02,025,District - Lahul & Spiti (03),Total,Age not stated,Marginal workers_Worked for 3 to 6 months_Total_Females,9,DDW-0200B-01ST-Census.xls,01ST
B0301ST,02,025,District - Lahul & Spiti (03),Total,15-59,Marginal workers_Worked for 3 to 6 months_Total_Females,1067,DDW-0200B-01ST-Census.xls,01ST
B0301ST,02,025,District - Lahul & Spiti (03),Rural,Total,Marginal workers_Worked for 3 to 6 months_Total_Females,1234,DDW-0200B-01ST-Census.xls,01ST
B0301ST,02,025,District - Lahul & Spiti (03),Rural,5-14,Marginal workers_Worked for 3 to 6 months_Total_Females,13,DDW-0200B-01ST-Census.xls,01ST
B0301ST,02,025,District - Lahul & Spiti (03),Rural,15-34,Marginal workers_Worked for 3 to 6 months_Total_Females,596,DDW-0200B-01ST-Census.xls,01ST
B0301ST,02,025,District - Lahul & Spiti (03),Rural,35-59,Marginal workers_Worked for 3 to 6 months_Total_Females,471,DDW-0200B-01ST-Census.xls,01ST
B0301ST,02,025,District - Lahul & Spiti (03),Rural,60+,Marginal workers_Worked for 3 to 6 months_Total_Females,145,DDW-0200B-01ST-Census.xls,01ST
B0301ST,02,025,District - Lahul & Spiti (03),Rural,Age not stated,Marginal workers_Worked for 3 to 6 months_Total_Females,9,DDW-0200B-01ST-Census.xls,01ST
B0301ST,02,025,District - Lahul & Spiti (03),Rural,15-59,Marginal workers_Worked for 3 to 6 months_Total_Females,1067,DDW-0200B-01ST-Census.xls,01ST
B0301ST,02,025,District - Lahul & Spiti (03),Urban,Total,Marginal workers_Worked for 3 to 6 months_Total_Females,0,DDW-0200B-01ST-Census.xls,01ST
B0301ST,02,025,District - Lahul & Spiti (03),Urban,5-14,Marginal workers_Worked for 3 to 6 months_Total_Females,0,DDW-0200B-01ST-Census.xls,01ST
B0301ST,02,025,District - Lahul & Spiti (03),Urban,15-34,Marginal workers_Worked for 3 to 6 months_Total_Females,0,DDW-0200B-01ST-Census.xls,01ST
B0301ST,02,025,District - Lahul & Spiti (03),Urban,35-59,Marginal workers_Worked for 3 to 6 months_Total_Females,0,DDW-0200B-01ST-Census.xls,01ST
B0301ST,02,025,District - Lahul & Spiti (03),Urban,60+,Marginal workers_Worked for 3 to 6 months_Total_Females,0,DDW-0200B-01ST-Census.xls,01ST
B0301ST,02,025,District - Lahul & Spiti (03),Urban,Age not stated,Marginal workers_Worked for 3 to 6 months_Total_Females,0,DDW-0200B-01ST-Census.xls,01ST
B0301ST,02,025,District - Lahul & Spiti (03),Urban,15-59,Marginal workers_Worked for 3 to 6 months_Total_Females,0,DDW-0200B-01ST-Census.xls,01ST
B0301ST,02,026,District - Kullu (04),Total,Total,Marginal workers_Worked for 3 to 6 months_Total_Females,867,DDW-0200B-01ST-Census.xls,01ST
B0301ST,02,026,District - Kullu (04),Total,5-14,Marginal workers_Worked for 3 to 6 months_Total_Females,27,DDW-0200B-01ST-Census.xls,01ST
B0301ST,02,026,District - Kullu (04),Total,15-34,Marginal workers_Worked for 3 to 6 months_Total_Females,393,DDW-0200B-01ST-Census.xls,01ST
B0301ST,02,026,District - Kullu (04),Total,35-59,Marginal workers_Worked for 3 to 6 months_Total_Females,348,DDW-0200B-01ST-Census.xls,01ST
B0301ST,02,026,District - Kullu (04),Total,60+,Marginal workers_Worked for 3 to 6 months_Total_Females,99,DDW-0200B-01ST-Census.xls,01ST
B0301ST,02,026,District - Kullu (04),Total,Age not stated,Marginal workers_Worked for 3 to 6 months_Total_Females,0,DDW-0200B-01ST-Census.xls,01ST
B0301ST,02,026,District - Kullu (04),Total,15-59,Marginal workers_Worked for 3 to 6 months_Total_Females,741,DDW-0200B-01ST-Census.xls,01ST
B0301ST,02,026,District - Kullu (04),Rural,Total,Marginal workers_Worked for 3 to 6 months_Total_Females,812,DDW-0200B-01ST-Census.xls,01ST
B0301ST,02,026,District - Kullu (04),Rural,5-14,Marginal workers_Worked for 3 to 6 months_Total_Females,27,DDW-0200B-01ST-Census.xls,01ST
B0301ST,02,026,District - Kullu (04),Rural,15-34,Marginal workers_Worked for 3 to 6 months_Total_Females,369,DDW-0200B-01ST-Census.xls,01ST
B0301ST,02,026,District - Kullu (04),Rural,35-59,Marginal workers_Worked for 3 to 6 months_Total_Females,320,DDW-0200B-01ST-Census.xls,01ST
B0301ST,02,026,District - Kullu (04),Rural,60+,Marginal workers_Worked for 3 to 6 months_Total_Females,96,DDW-0200B-01ST-Census.xls,01ST
B0301ST,02,026,District - Kullu (04),Rural,Age not stated,Marginal workers_Worked for 3 to 6 months_Total_Females,0,DDW-0200B-01ST-Census.xls,01ST
B0301ST,02,026,District - Kullu (04),Rural,15-59,Marginal workers_Worked for 3 to 6 months_Total_Females,689,DDW-0200B-01ST-Census.xls,01ST
B0301ST,02,026,District - Kullu (04),Urban,Total,Marginal workers_Worked for 3 to 6 months_Total_Females,55,DDW-0200B-01ST-Census.xls,01ST
B0301ST,02,026,District - Kullu (04),Urban,5-14,Marginal workers_Worked for 3 to 6 months_Total_Females,0,DDW-0200B-01ST-Census.xls,01ST
B0301ST,02,026,District - Kullu (04),Urban,15-34,Marginal workers_Worked for 3 to 6 months_Total_Females,24,DDW-0200B-01ST-Census.xls,01ST
B0301ST,02,026,District - Kullu (04),Urban,35-59,Marginal workers_Worked for 3 to 6 months_Total_Females,28,DDW-0200B-01ST-Census.xls,01ST
B0301ST,02,026,District - Kullu (04),Urban,60+,Marginal workers_Worked for 3 to 6 months_Total_Females,3,DDW-0200B-01ST-Census.xls,01ST
B0301ST,02,026,District - Kullu (04),Urban,Age not stated,Marginal workers_Worked for 3 to 6 months_Total_Females,0,DDW-0200B-01ST-Census.xls,01ST
B0301ST,02,026,District - Kullu (04),Urban,15-59,Marginal workers_Worked for 3 to 6 months_Total_Females,52,DDW-0200B-01ST-Census.xls,01ST
B0301ST,02,027,District - Mandi (05),Total,Total,Marginal workers_Worked for 3 to 6 months_Total_Females,1787,DDW-0200B-01ST-Census.xls,01ST
B0301ST,02,027,District - Mandi (05),Total,5-14,Marginal workers_Worked for 3 to 6 months_Total_Females,43,DDW-0200B-01ST-Census.xls,01ST
B0301ST,02,027,District - Mandi (05),Total,15-34,Marginal workers_Worked for 3 to 6 months_Total_Females,814,DDW-0200B-01ST-Census.xls,01ST
B0301ST,02,027,District - Mandi (05),Total,35-59,Marginal workers_Worked for 3 to 6 months_Total_Females,761,DDW-0200B-01ST-Census.xls,01ST
B0301ST,02,027,District - Mandi (05),Total,60+,Marginal workers_Worked for 3 to 6 months_Total_Females,166,DDW-0200B-01ST-Census.xls,01ST
B0301ST,02,027,District - Mandi (05),Total,Age not stated,Marginal workers_Worked for 3 to 6 months_Total_Females,3,DDW-0200B-01ST-Census.xls,01ST
B0301ST,02,027,District - Mandi (05),Total,15-59,Marginal workers_Worked for 3 to 6 months_Total_Females,1575,DDW-0200B-01ST-Census.xls,01ST
B0301ST,02,027,District - Mandi (05),Rural,Total,Marginal workers_Worked for 3 to 6 months_Total_Females,1777,DDW-0200B-01ST-Census.xls,01ST
B0301ST,02,027,District - Mandi (05),Rural,5-14,Marginal workers_Worked for 3 to 6 months_Total_Females,43,DDW-0200B-01ST-Census.xls,01ST
B0301ST,02,027,District - Mandi (05),Rural,15-34,Marginal workers_Worked for 3 to 6 months_Total_Females,809,DDW-0200B-01ST-Census.xls,01ST
B0301ST,02,027,District - Mandi (05),Rural,35-59,Marginal workers_Worked for 3 to 6 months_Total_Females,756,DDW-0200B-01ST-Census.xls,01ST
B0301ST,02,027,District - Mandi (05),Rural,60+,Marginal workers_Worked for 3 to 6 months_Total_Females,166,DDW-0200B-01ST-Census.xls,01ST
B0301ST,02,027,District - Mandi (05),Rural,Age not stated,Marginal workers_Worked for 3 to 6 months_Total_Females,3,DDW-0200B-01ST-Census.xls,01ST
B0301ST,02,027,District - Mandi (05),Rural,15-59,Marginal workers_Worked for 3 to 6 months_Total_Females,1565,DDW-0200B-01ST-Census.xls,01ST
B0301ST,02,027,District - Mandi (05),Urban,Total,Marginal workers_Worked for 3 to 6 months_Total_Females,10,DDW-0200B-01ST-Census.xls,01ST
B0301ST,02,027,District - Mandi (05),Urban,5-14,Marginal workers_Worked for 3 to 6 months_Total_Females,0,DDW-0200B-01ST-Census.xls,01ST
B0301ST,02,027,District - Mandi (05),Urban,15-34,Marginal workers_Worked for 3 to 6 months_Total_Females,5,DDW-0200B-01ST-Census.xls,01ST
B0301ST,02,027,District - Mandi (05),Urban,35-59,Marginal workers_Worked for 3 to 6 months_Total_Females,5,DDW-0200B-01ST-Census.xls,01ST
B0301ST,02,027,District - Mandi (05),Urban,60+,Marginal workers_Worked for 3 to 6 months_Total_Females,0,DDW-0200B-01ST-Census.xls,01ST
B0301ST,02,027,District - Mandi (05),Urban,Age not stated,Marginal workers_Worked for 3 to 6 months_Total_Females,0,DDW-0200B-01ST-Census.xls,01ST
B0301ST,02,027,District - Mandi (05),Urban,15-59,Marginal workers_Worked for 3 to 6 months_Total_Females,10,DDW-0200B-01ST-Census.xls,01ST
B0301ST,02,028,District - Hamirpur (06),Total,Total,Marginal workers_Worked for 3 to 6 months_Total_Females,326,DDW-0200B-01ST-Census.xls,01ST
B0301ST,02,028,District - Hamirpur (06),Total,5-14,Marginal workers_Worked for 3 to 6 months_Total_Females,16,DDW-0200B-01ST-Census.xls,01ST
B0301ST,02,028,District - Hamirpur (06),Total,15-34,Marginal workers_Worked for 3 to 6 months_Total_Females,152,DDW-0200B-01ST-Census.xls,01ST
B0301ST,02,028,District - Hamirpur (06),Total,35-59,Marginal workers_Worked for 3 to 6 months_Total_Females,132,DDW-0200B-01ST-Census.xls,01ST
B0301ST,02,028,District - Hamirpur (06),Total,60+,Marginal workers_Worked for 3 to 6 months_Total_Females,26,DDW-0200B-01ST-Census.xls,01ST
B0301ST,02,028,District - Hamirpur (06),Total,Age not stated,Marginal workers_Worked for 3 to 6 months_Total_Females,0,DDW-0200B-01ST-Census.xls,01ST
B0301ST,02,028,District - Hamirpur (06),Total,15-59,Marginal workers_Worked for 3 to 6 months_Total_Females,284,DDW-0200B-01ST-Census.xls,01ST
B0301ST,02,028,District - Hamirpur (06),Rural,Total,Marginal workers_Worked for 3 to 6 months_Total_Females,310,DDW-0200B-01ST-Census.xls,01ST
B0301ST,02,028,District - Hamirpur (06),Rural,5-14,Marginal workers_Worked for 3 to 6 months_Total_Females,16,DDW-0200B-01ST-Census.xls,01ST
B0301ST,02,028,District - Hamirpur (06),Rural,15-34,Marginal workers_Worked for 3 to 6 months_Total_Females,146,DDW-0200B-01ST-Census.xls,01ST
B0301ST,02,028,District - Hamirpur (06),Rural,35-59,Marginal workers_Worked for 3 to 6 months_Total_Females,123,DDW-0200B-01ST-Census.xls,01ST
B0301ST,02,028,District - Hamirpur (06),Rural,60+,Marginal workers_Worked for 3 to 6 months_Total_Females,25,DDW-0200B-01ST-Census.xls,01ST
B0301ST,02,028,District - Hamirpur (06),Rural,Age not stated,Marginal workers_Worked for 3 to 6 months_Total_Females,0,DDW-0200B-01ST-Census.xls,01ST
B0301ST,02,028,District - Hamirpur (06),Rural,15-59,Marginal workers_Worked for 3 to 6 months_Total_Females,269,DDW-0200B-01ST-Census.xls,01ST
B0301ST,02,028,District - Hamirpur (06),Urban,Total,Marginal workers_Worked for 3 to 6 months_Total_Females,16,DDW-0200B-01ST-Census.xls,01ST
B0301ST,02,028,District - Hamirpur (06),Urban,5-14,Marginal workers_Worked for 3 to 6 months_Total_Females,0,DDW-0200B-01ST-Census.xls,01ST
B0301ST,02,028,District - Hamirpur (06),Urban,15-34,Marginal workers_Worked for 3 to 6 months_Total_Females,6,DDW-0200B-01ST-Census.xls,01ST
B0301ST,02,028,District - Hamirpur (06),Urban,35-59,Marginal workers_Worked for 3 to 6 months_Total_Females,9,DDW-0200B-01ST-Census.xls,01ST
B0301ST,02,028,District - Hamirpur (06),Urban,60+,Marginal workers_Worked for 3 to 6 months_Total_Females,1,DDW-0200B-01ST-Census.xls,01ST
B0301ST,02,028,District - Hamirpur (06),Urban,Age not stated,Marginal workers_Worked for 3 to 6 months_Total_Females,0,DDW-0200B-01ST-Census.xls,01ST
B0301ST,02,028,District - Hamirpur (06),Urban,15-59,Marginal workers_Worked for 3 to 6 months_Total_Females,15,DDW-0200B-01ST-Census.xls,01ST
B0301ST,02,029,District - Una (07),Total,Total,Marginal workers_Worked for 3 to 6 months_Total_Females,741,DDW-0200B-01ST-Census.xls,01ST
B0301ST,02,029,District - Una (07),Total,5-14,Marginal workers_Worked for 3 to 6 months_Total_Females,12,DDW-0200B-01ST-Census.xls,01ST
B0301ST,02,029,District - Una (07),Total,15-34,Marginal workers_Worked for 3 to 6 months_Total_Females,344,DDW-0200B-01ST-Census.xls,01ST
B0301ST,02,029,District - Una (07),Total,35-59,Marginal workers_Worked for 3 to 6 months_Total_Females,325,DDW-0200B-01ST-Census.xls,01ST
B0301ST,02,029,District - Una (07),Total,60+,Marginal workers_Worked for 3 to 6 months_Total_Females,60,DDW-0200B-01ST-Census.xls,01ST
B0301ST,02,029,District - Una (07),Total,Age not stated,Marginal workers_Worked for 3 to 6 months_Total_Females,0,DDW-0200B-01ST-Census.xls,01ST
B0301ST,02,029,District - Una (07),Total,15-59,Marginal workers_Worked for 3 to 6 months_Total_Females,669,DDW-0200B-01ST-Census.xls,01ST
B0301ST,02,029,District - Una (07),Rural,Total,Marginal workers_Worked for 3 to 6 months_Total_Females,740,DDW-0200B-01ST-Census.xls,01ST
B0301ST,02,029,District - Una (07),Rural,5-14,Marginal workers_Worked for 3 to 6 months_Total_Females,12,DDW-0200B-01ST-Census.xls,01ST
B0301ST,02,029,District - Una (07),Rural,15-34,Marginal workers_Worked for 3 to 6 months_Total_Females,344,DDW-0200B-01ST-Census.xls,01ST
B0301ST,02,029,District - Una (07),Rural,35-59,Marginal workers_Worked for 3 to 6 months_Total_Females,324,DDW-0200B-01ST-Census.xls,01ST
B0301ST,02,029,District - Una (07),Rural,60+,Marginal workers_Worked for 3 to 6 months_Total_Females,60,DDW-0200B-01ST-Census.xls,01ST
B0301ST,02,029,District - Una (07),Rural,Age not stated,Marginal workers_Worked for 3 to 6 months_Total_Females,0,DDW-0200B-01ST-Census.xls,01ST
B0301ST,02,029,District - Una (07),Rural,15-59,Marginal workers_Worked for 3 to 6 months_Total_Females,668,DDW-0200B-01ST-Census.xls,01ST
B0301ST,02,029,District - Una (07),Urban,Total,Marginal workers_Worked for 3 to 6 months_Total_Females,1,DDW-0200B-01ST-Census.xls,01ST
B0301ST,02,029,District - Una (07),Urban,5-14,Marginal workers_Worked for 3 to 6 months_Total_Females,0,DDW-0200B-01ST-Census.xls,01ST
B0301ST,02,029,District - Una (07),Urban,15-34,Marginal workers_Worked for 3 to 6 months_Total_Females,0,DDW-0200B-01ST-Census.xls,01ST
B0301ST,02,029,District - Una (07),Urban,35-59,Marginal workers_Worked for 3 to 6 months_Total_Females,1,DDW-0200B-01ST-Census.xls,01ST
B0301ST,02,029,District - Una (07),Urban,60+,Marginal workers_Worked for 3 to 6 months_Total_Females,0,DDW-0200B-01ST-Census.xls,01ST
B0301ST,02,029,District - Una (07),Urban,Age not stated,Marginal workers_Worked for 3 to 6 months_Total_Females,0,DDW-0200B-01ST-Census.xls,01ST
B0301ST,02,029,District - Una (07),Urban,15-59,Marginal workers_Worked for 3 to 6 months_Total_Females,1,DDW-0200B-01ST-Census.xls,01ST
B0301ST,02,030,District - Bilaspur (08),Total,Total,Marginal workers_Worked for 3 to 6 months_Total_Females,1470,DDW-0200B-01ST-Census.xls,01ST
B0301ST,02,030,District - Bilaspur (08),Total,5-14,Marginal workers_Worked for 3 to 6 months_Total_Females,10,DDW-0200B-01ST-Census.xls,01ST
B0301ST,02,030,District - Bilaspur (08),Total,15-34,Marginal workers_Worked for 3 to 6 months_Total_Females,623,DDW-0200B-01ST-Census.xls,01ST
B0301ST,02,030,District - Bilaspur (08),Total,35-59,Marginal workers_Worked for 3 to 6 months_Total_Females,652,DDW-0200B-01ST-Census.xls,01ST
B0301ST,02,030,District - Bilaspur (08),Total,60+,Marginal workers_Worked for 3 to 6 months_Total_Females,185,DDW-0200B-01ST-Census.xls,01ST
B0301ST,02,030,District - Bilaspur (08),Total,Age not stated,Marginal workers_Worked for 3 to 6 months_Total_Females,0,DDW-0200B-01ST-Census.xls,01ST
B0301ST,02,030,District - Bilaspur (08),Total,15-59,Marginal workers_Worked for 3 to 6 months_Total_Females,1275,DDW-0200B-01ST-Census.xls,01ST
B0301ST,02,030,District - Bilaspur (08),Rural,Total,Marginal workers_Worked for 3 to 6 months_Total_Females,1437,DDW-0200B-01ST-Census.xls,01ST
B0301ST,02,030,District - Bilaspur (08),Rural,5-14,Marginal workers_Worked for 3 to 6 months_Total_Females,10,DDW-0200B-01ST-Census.xls,01ST
B0301ST,02,030,District - Bilaspur (08),Rural,15-34,Marginal workers_Worked for 3 to 6 months_Total_Females,611,DDW-0200B-01ST-Census.xls,01ST
B0301ST,02,030,District - Bilaspur (08),Rural,35-59,Marginal workers_Worked for 3 to 6 months_Total_Females,639,DDW-0200B-01ST-Census.xls,01ST
B0301ST,02,030,District - Bilaspur (08),Rural,60+,Marginal workers_Worked for 3 to 6 months_Total_Females,177,DDW-0200B-01ST-Census.xls,01ST
B0301ST,02,030,District - Bilaspur (08),Rural,Age not stated,Marginal workers_Worked for 3 to 6 months_Total_Females,0,DDW-0200B-01ST-Census.xls,01ST
B0301ST,02,030,District - Bilaspur (08),Rural,15-59,Marginal workers_Worked for 3 to 6 months_Total_Females,1250,DDW-0200B-01ST-Census.xls,01ST
B0301ST,02,030,District - Bilaspur (08),Urban,Total,Marginal workers_Worked for 3 to 6 months_Total_Females,33,DDW-0200B-01ST-Census.xls,01ST
B0301ST,02,030,District - Bilaspur (08),Urban,5-14,Marginal workers_Worked for 3 to 6 months_Total_Females,0,DDW-0200B-01ST-Census.xls,01ST
B0301ST,02,030,District - Bilaspur (08),Urban,15-34,Marginal workers_Worked for 3 to 6 months_Total_Females,12,DDW-0200B-01ST-Census.xls,01ST
B0301ST,02,030,District - Bilaspur (08),Urban,35-59,Marginal workers_Worked for 3 to 6 months_Total_Females,13,DDW-0200B-01ST-Census.xls,01ST
B0301ST,02,030,District - Bilaspur (08),Urban,60+,Marginal workers_Worked for 3 to 6 months_Total_Females,8,DDW-0200B-01ST-Census.xls,01ST
B0301ST,02,030,District - Bilaspur (08),Urban,Age not stated,Marginal workers_Worked for 3 to 6 months_Total_Females,0,DDW-0200B-01ST-Census.xls,01ST
B0301ST,02,030,District - Bilaspur (08),Urban,15-59,Marginal workers_Worked for 3 to 6 months_Total_Females,25,DDW-0200B-01ST-Census.xls,01ST
B0301ST,02,031,District - Solan (09),Total,Total,Marginal workers_Worked for 3 to 6 months_Total_Females,1539,DDW-0200B-01ST-Census.xls,01ST
B0301ST,02,031,District - Solan (09),Total,5-14,Marginal workers_Worked for 3 to 6 months_Total_Females,39,DDW-0200B-01ST-Census.xls,01ST
B0301ST,02,031,District - Solan (09),Total,15-34,Marginal workers_Worked for 3 to 6 months_Total_Females,755,DDW-0200B-01ST-Census.xls,01ST
B0301ST,02,031,District - Solan (09),Total,35-59,Marginal workers_Worked for 3 to 6 months_Total_Females,628,DDW-0200B-01ST-Census.xls,01ST
B0301ST,02,031,District - Solan (09),Total,60+,Marginal workers_Worked for 3 to 6 months_Total_Females,117,DDW-0200B-01ST-Census.xls,01ST
B0301ST,02,031,District - Solan (09),Total,Age not stated,Marginal workers_Worked for 3 to 6 months_Total_Females,0,DDW-0200B-01ST-Census.xls,01ST
B0301ST,02,031,District - Solan (09),Total,15-59,Marginal workers_Worked for 3 to 6 months_Total_Females,1383,DDW-0200B-01ST-Census.xls,01ST
B0301ST,02,031,District - Solan (09),Rural,Total,Marginal workers_Worked for 3 to 6 months_Total_Females,1525,DDW-0200B-01ST-Census.xls,01ST
B0301ST,02,031,District - Solan (09),Rural,5-14,Marginal workers_Worked for 3 to 6 months_Total_Females,39,DDW-0200B-01ST-Census.xls,01ST
B0301ST,02,031,District - Solan (09),Rural,15-34,Marginal workers_Worked for 3 to 6 months_Total_Females,749,DDW-0200B-01ST-Census.xls,01ST
B0301ST,02,031,District - Solan (09),Rural,35-59,Marginal workers_Worked for 3 to 6 months_Total_Females,620,DDW-0200B-01ST-Census.xls,01ST
B0301ST,02,031,District - Solan (09),Rural,60+,Marginal workers_Worked for 3 to 6 months_Total_Females,117,DDW-0200B-01ST-Census.xls,01ST
B0301ST,02,031,District - Solan (09),Rural,Age not stated,Marginal workers_Worked for 3 to 6 months_Total_Females,0,DDW-0200B-01ST-Census.xls,01ST
B0301ST,02,031,District - Solan (09),Rural,15-59,Marginal workers_Worked for 3 to 6 months_Total_Females,1369,DDW-0200B-01ST-Census.xls,01ST
B0301ST,02,031,District - Solan (09),Urban,Total,Marginal workers_Worked for 3 to 6 months_Total_Females,14,DDW-0200B-01ST-Census.xls,01ST
B0301ST,02,031,District - Solan (09),Urban,5-14,Marginal workers_Worked for 3 to 6 months_Total_Females,0,DDW-0200B-01ST-Census.xls,01ST
B0301ST,02,031,District - Solan (09),Urban,15-34,Marginal workers_Worked for 3 to 6 months_Total_Females,6,DDW-0200B-01ST-Census.xls,01ST
B0301ST,02,031,District - Solan (09),Urban,35-59,Marginal workers_Worked for 3 to 6 months_Total_Females,8,DDW-0200B-01ST-Census.xls,01ST
B0301ST,02,031,District - Solan (09),Urban,60+,Marginal workers_Worked for 3 to 6 months_Total_Females,0,DDW-0200B-01ST-Census.xls,01ST
B0301ST,02,031,District - Solan (09),Urban,Age not stated,Marginal workers_Worked for 3 to 6 months_Total_Females,0,DDW-0200B-01ST-Census.xls,01ST
B0301ST,02,031,District - Solan (09),Urban,15-59,Marginal workers_Worked for 3 to 6 months_Total_Females,14,DDW-0200B-01ST-Census.xls,01ST
B0301ST,02,032,District - Sirmaur (10),Total,Total,Marginal workers_Worked for 3 to 6 months_Total_Females,470,DDW-0200B-01ST-Census.xls,01ST
B0301ST,02,032,District - Sirmaur (10),Total,5-14,Marginal workers_Worked for 3 to 6 months_Total_Females,51,DDW-0200B-01ST-Census.xls,01ST
B0301ST,02,032,District - Sirmaur (10),Total,15-34,Marginal workers_Worked for 3 to 6 months_Total_Females,206,DDW-0200B-01ST-Census.xls,01ST
B0301ST,02,032,District - Sirmaur (10),Total,35-59,Marginal workers_Worked for 3 to 6 months_Total_Females,169,DDW-0200B-01ST-Census.xls,01ST
B0301ST,02,032,District - Sirmaur (10),Total,60+,Marginal workers_Worked for 3 to 6 months_Total_Females,44,DDW-0200B-01ST-Census.xls,01ST
B0301ST,02,032,District - Sirmaur (10),Total,Age not stated,Marginal workers_Worked for 3 to 6 months_Total_Females,0,DDW-0200B-01ST-Census.xls,01ST
B0301ST,02,032,District - Sirmaur (10),Total,15-59,Marginal workers_Worked for 3 to 6 months_Total_Females,375,DDW-0200B-01ST-Census.xls,01ST
B0301ST,02,032,District - Sirmaur (10),Rural,Total,Marginal workers_Worked for 3 to 6 months_Total_Females,466,DDW-0200B-01ST-Census.xls,01ST
B0301ST,02,032,District - Sirmaur (10),Rural,5-14,Marginal workers_Worked for 3 to 6 months_Total_Females,51,DDW-0200B-01ST-Census.xls,01ST
B0301ST,02,032,District - Sirmaur (10),Rural,15-34,Marginal workers_Worked for 3 to 6 months_Total_Females,203,DDW-0200B-01ST-Census.xls,01ST
B0301ST,02,032,District - Sirmaur (10),Rural,35-59,Marginal workers_Worked for 3 to 6 months_Total_Females,168,DDW-0200B-01ST-Census.xls,01ST
B0301ST,02,032,District - Sirmaur (10),Rural,60+,Marginal workers_Worked for 3 to 6 months_Total_Females,44,DDW-0200B-01ST-Census.xls,01ST
B0301ST,02,032,District - Sirmaur (10),Rural,Age not stated,Marginal workers_Worked for 3 to 6 months_Total_Females,0,DDW-0200B-01ST-Census.xls,01ST
B0301ST,02,032,District - Sirmaur (10),Rural,15-59,Marginal workers_Worked for 3 to 6 months_Total_Females,371,DDW-0200B-01ST-Census.xls,01ST
B0301ST,02,032,District - Sirmaur (10),Urban,Total,Marginal workers_Worked for 3 to 6 months_Total_Females,4,DDW-0200B-01ST-Census.xls,01ST
B0301ST,02,032,District - Sirmaur (10),Urban,5-14,Marginal workers_Worked for 3 to 6 months_Total_Females,0,DDW-0200B-01ST-Census.xls,01ST
B0301ST,02,032,District - Sirmaur (10),Urban,15-34,Marginal workers_Worked for 3 to 6 months_Total_Females,3,DDW-0200B-01ST-Census.xls,01ST
B0301ST,02,032,District - Sirmaur (10),Urban,35-59,Marginal workers_Worked for 3 to 6 months_Total_Females,1,DDW-0200B-01ST-Census.xls,01ST
B0301ST,02,032,District - Sirmaur (10),Urban,60+,Marginal workers_Worked for 3 to 6 months_Total_Females,0,DDW-0200B-01ST-Census.xls,01ST
B0301ST,02,032,District - Sirmaur (10),Urban,Age not stated,Marginal workers_Worked for 3 to 6 months_Total_Females,0,DDW-0200B-01ST-Census.xls,01ST
B0301ST,02,032,District - Sirmaur (10),Urban,15-59,Marginal workers_Worked for 3 to 6 months_Total_Females,4,DDW-0200B-01ST-Census.xls,01ST
B0301ST,02,033,District - Shimla (11),Total,Total,Marginal workers_Worked for 3 to 6 months_Total_Females,535,DDW-0200B-01ST-Census.xls,01ST
B0301ST,02,033,District - Shimla (11),Total,5-14,Marginal workers_Worked for 3 to 6 months_Total_Females,30,DDW-0200B-01ST-Census.xls,01ST
B0301ST,02,033,District - Shimla (11),Total,15-34,Marginal workers_Worked for 3 to 6 months_Total_Females,313,DDW-0200B-01ST-Census.xls,01ST
B0301ST,02,033,District - Shimla (11),Total,35-59,Marginal workers_Worked for 3 to 6 months_Total_Females,162,DDW-0200B-01ST-Census.xls,01ST
B0301ST,02,033,District - Shimla (11),Total,60+,Marginal workers_Worked for 3 to 6 months_Total_Females,30,DDW-0200B-01ST-Census.xls,01ST
B0301ST,02,033,District - Shimla (11),Total,Age not stated,Marginal workers_Worked for 3 to 6 months_Total_Females,0,DDW-0200B-01ST-Census.xls,01ST
B0301ST,02,033,District - Shimla (11),Total,15-59,Marginal workers_Worked for 3 to 6 months_Total_Females,475,DDW-0200B-01ST-Census.xls,01ST
B0301ST,02,033,District - Shimla (11),Rural,Total,Marginal workers_Worked for 3 to 6 months_Total_Females,480,DDW-0200B-01ST-Census.xls,01ST
B0301ST,02,033,District - Shimla (11),Rural,5-14,Marginal workers_Worked for 3 to 6 months_Total_Females,28,DDW-0200B-01ST-Census.xls,01ST
B0301ST,02,033,District - Shimla (11),Rural,15-34,Marginal workers_Worked for 3 to 6 months_Total_Females,275,DDW-0200B-01ST-Census.xls,01ST
B0301ST,02,033,District - Shimla (11),Rural,35-59,Marginal workers_Worked for 3 to 6 months_Total_Females,148,DDW-0200B-01ST-Census.xls,01ST
B0301ST,02,033,District - Shimla (11),Rural,60+,Marginal workers_Worked for 3 to 6 months_Total_Females,29,DDW-0200B-01ST-Census.xls,01ST
B0301ST,02,033,District - Shimla (11),Rural,Age not stated,Marginal workers_Worked for 3 to 6 months_Total_Females,0,DDW-0200B-01ST-Census.xls,01ST
B0301ST,02,033,District - Shimla (11),Rural,15-59,Marginal workers_Worked for 3 to 6 months_Total_Females,423,DDW-0200B-01ST-Census.xls,01ST
B0301ST,02,033,District - Shimla (11),Urban,Total,Marginal workers_Worked for 3 to 6 months_Total_Females,55,DDW-0200B-01ST-Census.xls,01ST
B0301ST,02,033,District - Shimla (11),Urban,5-14,Marginal workers_Worked for 3 to 6 months_Total_Females,2,DDW-0200B-01ST-Census.xls,01ST
B0301ST,02,033,District - Shimla (11),Urban,15-34,Marginal workers_Worked for 3 to 6 months_Total_Females,38,DDW-0200B-01ST-Census.xls,01ST
B0301ST,02,033,District - Shimla (11),Urban,35-59,Marginal workers_Worked for 3 to 6 months_Total_Females,14,DDW-0200B-01ST-Census.xls,01ST
B0301ST,02,033,District - Shimla (11),Urban,60+,Marginal workers_Worked for 3 to 6 months_Total_Females,1,DDW-0200B-01ST-Census.xls,01ST
B0301ST,02,033,District - Shimla (11),Urban,Age not stated,Marginal workers_Worked for 3 to 6 months_Total_Females,0,DDW-0200B-01ST-Census.xls,01ST
B0301ST,02,033,District - Shimla (11),Urban,15-59,Marginal workers_Worked for 3 to 6 months_Total_Females,52,DDW-0200B-01ST-Census.xls,01ST
B0301ST,02,034,District - Kinnaur (12),Total,Total,Marginal workers_Worked for 3 to 6 months_Total_Females,2526,DDW-0200B-01ST-Census.xls,01ST
B0301ST,02,034,District - Kinnaur (12),Total,5-14,Marginal workers_Worked for 3 to 6 months_Total_Females,143,DDW-0200B-01ST-Census.xls,01ST
B0301ST,02,034,District - Kinnaur (12),Total,15-34,Marginal workers_Worked for 3 to 6 months_Total_Females,1098,DDW-0200B-01ST-Census.xls,01ST
B0301ST,02,034,District - Kinnaur (12),Total,35-59,Marginal workers_Worked for 3 to 6 months_Total_Females,896,DDW-0200B-01ST-Census.xls,01ST
B0301ST,02,034,District - Kinnaur (12),Total,60+,Marginal workers_Worked for 3 to 6 months_Total_Females,388,DDW-0200B-01ST-Census.xls,01ST
B0301ST,02,034,District - Kinnaur (12),Total,Age not stated,Marginal workers_Worked for 3 to 6 months_Total_Females,1,DDW-0200B-01ST-Census.xls,01ST
B0301ST,02,034,District - Kinnaur (12),Total,15-59,Marginal workers_Worked for 3 to 6 months_Total_Females,1994,DDW-0200B-01ST-Census.xls,01ST
B0301ST,02,034,District - Kinnaur (12),Rural,Total,Marginal workers_Worked for 3 to 6 months_Total_Females,2526,DDW-0200B-01ST-Census.xls,01ST
B0301ST,02,034,District - Kinnaur (12),Rural,5-14,Marginal workers_Worked for 3 to 6 months_Total_Females,143,DDW-0200B-01ST-Census.xls,01ST
B0301ST,02,034,District - Kinnaur (12),Rural,15-34,Marginal workers_Worked for 3 to 6 months_Total_Females,1098,DDW-0200B-01ST-Census.xls,01ST
B0301ST,02,034,District - Kinnaur (12),Rural,35-59,Marginal workers_Worked for 3 to 6 months_Total_Females,896,DDW-0200B-01ST-Census.xls,01ST
B0301ST,02,034,District - Kinnaur (12),Rural,60+,Marginal workers_Worked for 3 to 6 months_Total_Females,388,DDW-0200B-01ST-Census.xls,01ST
B0301ST,02,034,District - Kinnaur (12),Rural,Age not stated,Marginal workers_Worked for 3 to 6 months_Total_Females,1,DDW-0200B-01ST-Census.xls,01ST
B0301ST,02,034,District - Kinnaur (12),Rural,15-59,Marginal workers_Worked for 3 to 6 months_Total_Females,1994,DDW-0200B-01ST-Census.xls,01ST
B0301ST,02,034,District - Kinnaur (12),Urban,Total,Marginal workers_Worked for 3 to 6 months_Total_Females,0,DDW-0200B-01ST-Census.xls,01ST
B0301ST,02,034,District - Kinnaur (12),Urban,5-14,Marginal workers_Worked for 3 to 6 months_Total_Females,0,DDW-0200B-01ST-Census.xls,01ST
B0301ST,02,034,District - Kinnaur (12),Urban,15-34,Marginal workers_Worked for 3 to 6 months_Total_Females,0,DDW-0200B-01ST-Census.xls,01ST
B0301ST,02,034,District - Kinnaur (12),Urban,35-59,Marginal workers_Worked for 3 to 6 months_Total_Females,0,DDW-0200B-01ST-Census.xls,01ST
B0301ST,02,034,District - Kinnaur (12),Urban,60+,Marginal workers_Worked for 3 to 6 months_Total_Females,0,DDW-0200B-01ST-Census.xls,01ST
B0301ST,02,034,District - Kinnaur (12),Urban,Age not stated,Marginal workers_Worked for 3 to 6 months_Total_Females,0,DDW-0200B-01ST-Census.xls,01ST
B0301ST,02,034,District - Kinnaur (12),Urban,15-59,Marginal workers_Worked for 3 to 6 months_Total_Females,0,DDW-0200B-01ST-Census.xls,01ST
B0301ST,02,000,State - HIMACHAL PRADESH (02),Total,Total,Marginal workers_Seeking/available for work_Persons,39299,DDW-0200B-01ST-Census.xls,01ST
B0301ST,02,000,State - HIMACHAL PRADESH (02),Total,5-14,Marginal workers_Seeking/available for work_Persons,830,DDW-0200B-01ST-Census.xls,01ST
B0301ST,02,000,State - HIMACHAL PRADESH (02),Total,15-34,Marginal workers_Seeking/available for work_Persons,24750,DDW-0200B-01ST-Census.xls,01ST
B0301ST,02,000,State - HIMACHAL PRADESH (02),Total,35-59,Marginal workers_Seeking/available for work_Persons,11910,DDW-0200B-01ST-Census.xls,01ST
B0301ST,02,000,State - HIMACHAL PRADESH (02),Total,60+,Marginal workers_Seeking/available for work_Persons,1769,DDW-0200B-01ST-Census.xls,01ST
B0301ST,02,000,State - HIMACHAL PRADESH (02),Total,Age not stated,Marginal workers_Seeking/available for work_Persons,40,DDW-0200B-01ST-Census.xls,01ST
B0301ST,02,000,State - HIMACHAL PRADESH (02),Total,15-59,Marginal workers_Seeking/available for work_Persons,36660,DDW-0200B-01ST-Census.xls,01ST
B0301ST,02,000,State - HIMACHAL PRADESH (02),Rural,Total,Marginal workers_Seeking/available for work_Persons,38897,DDW-0200B-01ST-Census.xls,01ST
B0301ST,02,000,State - HIMACHAL PRADESH (02),Rural,5-14,Marginal workers_Seeking/available for work_Persons,829,DDW-0200B-01ST-Census.xls,01ST
B0301ST,02,000,State - HIMACHAL PRADESH (02),Rural,15-34,Marginal workers_Seeking/available for work_Persons,24493,DDW-0200B-01ST-Census.xls,01ST
B0301ST,02,000,State - HIMACHAL PRADESH (02),Rural,35-59,Marginal workers_Seeking/available for work_Persons,11779,DDW-0200B-01ST-Census.xls,01ST
B0301ST,02,000,State - HIMACHAL PRADESH (02),Rural,60+,Marginal workers_Seeking/available for work_Persons,1756,DDW-0200B-01ST-Census.xls,01ST
B0301ST,02,000,State - HIMACHAL PRADESH (02),Rural,Age not stated,Marginal workers_Seeking/available for work_Persons,40,DDW-0200B-01ST-Census.xls,01ST
B0301ST,02,000,State - HIMACHAL PRADESH (02),Rural,15-59,Marginal workers_Seeking/available for work_Persons,36272,DDW-0200B-01ST-Census.xls,01ST
B0301ST,02,000,State - HIMACHAL PRADESH (02),Urban,Total,Marginal workers_Seeking/available for work_Persons,402,DDW-0200B-01ST-Census.xls,01ST
B0301ST,02,000,State - HIMACHAL PRADESH (02),Urban,5-14,Marginal workers_Seeking/available for work_Persons,1,DDW-0200B-01ST-Census.xls,01ST
B0301ST,02,000,State - HIMACHAL PRADESH (02),Urban,15-34,Marginal workers_Seeking/available for work_Persons,257,DDW-0200B-01ST-Census.xls,01ST
B0301ST,02,000,State - HIMACHAL PRADESH (02),Urban,35-59,Marginal workers_Seeking/available for work_Persons,131,DDW-0200B-01ST-Census.xls,01ST
B0301ST,02,000,State - HIMACHAL PRADESH (02),Urban,60+,Marginal workers_Seeking/available for work_Persons,13,DDW-0200B-01ST-Census.xls,01ST
B0301ST,02,000,State - HIMACHAL PRADESH (02),Urban,Age not stated,Marginal workers_Seeking/available for work_Persons,0,DDW-0200B-01ST-Census.xls,01ST
B0301ST,02,000,State - HIMACHAL PRADESH (02),Urban,15-59,Marginal workers_Seeking/available for work_Persons,388,DDW-0200B-01ST-Census.xls,01ST
B0301ST,02,023,District - Chamba (01),Total,Total,Marginal workers_Seeking/available for work_Persons,21496,DDW-0200B-01ST-Census.xls,01ST
B0301ST,02,023,District - Chamba (01),Total,5-14,Marginal workers_Seeking/available for work_Persons,469,DDW-0200B-01ST-Census.xls,01ST
B0301ST,02,023,District - Chamba (01),Total,15-34,Marginal workers_Seeking/available for work_Persons,13891,DDW-0200B-01ST-Census.xls,01ST
B0301ST,02,023,District - Chamba (01),Total,35-59,Marginal workers_Seeking/available for work_Persons,6245,DDW-0200B-01ST-Census.xls,01ST
B0301ST,02,023,District - Chamba (01),Total,60+,Marginal workers_Seeking/available for work_Persons,885,DDW-0200B-01ST-Census.xls,01ST
B0301ST,02,023,District - Chamba (01),Total,Age not stated,Marginal workers_Seeking/available for work_Persons,6,DDW-0200B-01ST-Census.xls,01ST
B0301ST,02,023,District - Chamba (01),Total,15-59,Marginal workers_Seeking/available for work_Persons,20136,DDW-0200B-01ST-Census.xls,01ST
B0301ST,02,023,District - Chamba (01),Rural,Total,Marginal workers_Seeking/available for work_Persons,21395,DDW-0200B-01ST-Census.xls,01ST
B0301ST,02,023,District - Chamba (01),Rural,5-14,Marginal workers_Seeking/available for work_Persons,469,DDW-0200B-01ST-Census.xls,01ST
B0301ST,02,023,District - Chamba (01),Rural,15-34,Marginal workers_Seeking/available for work_Persons,13838,DDW-0200B-01ST-Census.xls,01ST
B0301ST,02,023,District - Chamba (01),Rural,35-59,Marginal workers_Seeking/available for work_Persons,6204,DDW-0200B-01ST-Census.xls,01ST
B0301ST,02,023,District - Chamba (01),Rural,60+,Marginal workers_Seeking/available for work_Persons,878,DDW-0200B-01ST-Census.xls,01ST
B0301ST,02,023,District - Chamba (01),Rural,Age not stated,Marginal workers_Seeking/available for work_Persons,6,DDW-0200B-01ST-Census.xls,01ST
B0301ST,02,023,District - Chamba (01),Rural,15-59,Marginal workers_Seeking/available for work_Persons,20042,DDW-0200B-01ST-Census.xls,01ST
B0301ST,02,023,District - Chamba (01),Urban,Total,Marginal workers_Seeking/available for work_Persons,101,DDW-0200B-01ST-Census.xls,01ST
B0301ST,02,023,District - Chamba (01),Urban,5-14,Marginal workers_Seeking/available for work_Persons,0,DDW-0200B-01ST-Census.xls,01ST
B0301ST,02,023,District - Chamba (01),Urban,15-34,Marginal workers_Seeking/available for work_Persons,53,DDW-0200B-01ST-Census.xls,01ST
B0301ST,02,023,District - Chamba (01),Urban,35-59,Marginal workers_Seeking/available for work_Persons,41,DDW-0200B-01ST-Census.xls,01ST
B0301ST,02,023,District - Chamba (01),Urban,60+,Marginal workers_Seeking/available for work_Persons,7,DDW-0200B-01ST-Census.xls,01ST
B0301ST,02,023,District - Chamba (01),Urban,Age not stated,Marginal workers_Seeking/available for work_Persons,0,DDW-0200B-01ST-Census.xls,01ST
B0301ST,02,023,District - Chamba (01),Urban,15-59,Marginal workers_Seeking/available for work_Persons,94,DDW-0200B-01ST-Census.xls,01ST
B0301ST,02,024,District - Kangra (02),Total,Total,Marginal workers_Seeking/available for work_Persons,8127,DDW-0200B-01ST-Census.xls,01ST
B0301ST,02,024,District - Kangra (02),Total,5-14,Marginal workers_Seeking/available for work_Persons,64,DDW-0200B-01ST-Census.xls,01ST
B0301ST,02,024,District - Kangra (02),Total,15-34,Marginal workers_Seeking/available for work_Persons,4499,DDW-0200B-01ST-Census.xls,01ST
B0301ST,02,024,District - Kangra (02),Total,35-59,Marginal workers_Seeking/available for work_Persons,3085,DDW-0200B-01ST-Census.xls,01ST
B0301ST,02,024,District - Kangra (02),Total,60+,Marginal workers_Seeking/available for work_Persons,459,DDW-0200B-01ST-Census.xls,01ST
B0301ST,02,024,District - Kangra (02),Total,Age not stated,Marginal workers_Seeking/available for work_Persons,20,DDW-0200B-01ST-Census.xls,01ST
B0301ST,02,024,District - Kangra (02),Total,15-59,Marginal workers_Seeking/available for work_Persons,7584,DDW-0200B-01ST-Census.xls,01ST
B0301ST,02,024,District - Kangra (02),Rural,Total,Marginal workers_Seeking/available for work_Persons,7990,DDW-0200B-01ST-Census.xls,01ST
B0301ST,02,024,District - Kangra (02),Rural,5-14,Marginal workers_Seeking/available for work_Persons,64,DDW-0200B-01ST-Census.xls,01ST
B0301ST,02,024,District - Kangra (02),Rural,15-34,Marginal workers_Seeking/available for work_Persons,4421,DDW-0200B-01ST-Census.xls,01ST
B0301ST,02,024,District - Kangra (02),Rural,35-59,Marginal workers_Seeking/available for work_Persons,3031,DDW-0200B-01ST-Census.xls,01ST
B0301ST,02,024,District - Kangra (02),Rural,60+,Marginal workers_Seeking/available for work_Persons,454,DDW-0200B-01ST-Census.xls,01ST
B0301ST,02,024,District - Kangra (02),Rural,Age not stated,Marginal workers_Seeking/available for work_Persons,20,DDW-0200B-01ST-Census.xls,01ST
B0301ST,02,024,District - Kangra (02),Rural,15-59,Marginal workers_Seeking/available for work_Persons,7452,DDW-0200B-01ST-Census.xls,01ST
B0301ST,02,024,District - Kangra (02),Urban,Total,Marginal workers_Seeking/available for work_Persons,137,DDW-0200B-01ST-Census.xls,01ST
B0301ST,02,024,District - Kangra (02),Urban,5-14,Marginal workers_Seeking/available for work_Persons,0,DDW-0200B-01ST-Census.xls,01ST
B0301ST,02,024,District - Kangra (02),Urban,15-34,Marginal workers_Seeking/available for work_Persons,78,DDW-0200B-01ST-Census.xls,01ST
B0301ST,02,024,District - Kangra (02),Urban,35-59,Marginal workers_Seeking/available for work_Persons,54,DDW-0200B-01ST-Census.xls,01ST
B0301ST,02,024,District - Kangra (02),Urban,60+,Marginal workers_Seeking/available for work_Persons,5,DDW-0200B-01ST-Census.xls,01ST
B0301ST,02,024,District - Kangra (02),Urban,Age not stated,Marginal workers_Seeking/available for work_Persons,0,DDW-0200B-01ST-Census.xls,01ST
B0301ST,02,024,District - Kangra (02),Urban,15-59,Marginal workers_Seeking/available for work_Persons,132,DDW-0200B-01ST-Census.xls,01ST
B0301ST,02,025,District - Lahul & Spiti (03),Total,Total,Marginal workers_Seeking/available for work_Persons,1534,DDW-0200B-01ST-Census.xls,01ST
B0301ST,02,025,District - Lahul & Spiti (03),Total,5-14,Marginal workers_Seeking/available for work_Persons,24,DDW-0200B-01ST-Census.xls,01ST
B0301ST,02,025,District - Lahul & Spiti (03),Total,15-34,Marginal workers_Seeking/available for work_Persons,1029,DDW-0200B-01ST-Census.xls,01ST
B0301ST,02,025,District - Lahul & Spiti (03),Total,35-59,Marginal workers_Seeking/available for work_Persons,426,DDW-0200B-01ST-Census.xls,01ST
B0301ST,02,025,District - Lahul & Spiti (03),Total,60+,Marginal workers_Seeking/available for work_Persons,45,DDW-0200B-01ST-Census.xls,01ST
B0301ST,02,025,District - Lahul & Spiti (03),Total,Age not stated,Marginal workers_Seeking/available for work_Persons,10,DDW-0200B-01ST-Census.xls,01ST
B0301ST,02,025,District - Lahul & Spiti (03),Total,15-59,Marginal workers_Seeking/available for work_Persons,1455,DDW-0200B-01ST-Census.xls,01ST
B0301ST,02,025,District - Lahul & Spiti (03),Rural,Total,Marginal workers_Seeking/available for work_Persons,1534,DDW-0200B-01ST-Census.xls,01ST
B0301ST,02,025,District - Lahul & Spiti (03),Rural,5-14,Marginal workers_Seeking/available for work_Persons,24,DDW-0200B-01ST-Census.xls,01ST
B0301ST,02,025,District - Lahul & Spiti (03),Rural,15-34,Marginal workers_Seeking/available for work_Persons,1029,DDW-0200B-01ST-Census.xls,01ST
B0301ST,02,025,District - Lahul & Spiti (03),Rural,35-59,Marginal workers_Seeking/available for work_Persons,426,DDW-0200B-01ST-Census.xls,01ST
B0301ST,02,025,District - Lahul & Spiti (03),Rural,60+,Marginal workers_Seeking/available for work_Persons,45,DDW-0200B-01ST-Census.xls,01ST
B0301ST,02,025,District - Lahul & Spiti (03),Rural,Age not stated,Marginal workers_Seeking/available for work_Persons,10,DDW-0200B-01ST-Census.xls,01ST
B0301ST,02,025,District - Lahul & Spiti (03),Rural,15-59,Marginal workers_Seeking/available for work_Persons,1455,DDW-0200B-01ST-Census.xls,01ST
B0301ST,02,025,District - Lahul & Spiti (03),Urban,Total,Marginal workers_Seeking/available for work_Persons,0,DDW-0200B-01ST-Census.xls,01ST
B0301ST,02,025,District - Lahul & Spiti (03),Urban,5-14,Marginal workers_Seeking/available for work_Persons,0,DDW-0200B-01ST-Census.xls,01ST
B0301ST,02,025,District - Lahul & Spiti (03),Urban,15-34,Marginal workers_Seeking/available for work_Persons,0,DDW-0200B-01ST-Census.xls,01ST
B0301ST,02,025,District - Lahul & Spiti (03),Urban,35-59,Marginal workers_Seeking/available for work_Persons,0,DDW-0200B-01ST-Census.xls,01ST
B0301ST,02,025,District - Lahul & Spiti (03),Urban,60+,Marginal workers_Seeking/available for work_Persons,0,DDW-0200B-01ST-Census.xls,01ST
B0301ST,02,025,District - Lahul & Spiti (03),Urban,Age not stated,Marginal workers_Seeking/available for work_Persons,0,DDW-0200B-01ST-Census.xls,01ST
B0301ST,02,025,District - Lahul & Spiti (03),Urban,15-59,Marginal workers_Seeking/available for work_Persons,0,DDW-0200B-01ST-Census.xls,01ST
B0301ST,02,026,District - Kullu (04),Total,Total,Marginal workers_Seeking/available for work_Persons,744,DDW-0200B-01ST-Census.xls,01ST
B0301ST,02,026,District - Kullu (04),Total,5-14,Marginal workers_Seeking/available for work_Persons,25,DDW-0200B-01ST-Census.xls,01ST
B0301ST,02,026,District - Kullu (04),Total,15-34,Marginal workers_Seeking/available for work_Persons,521,DDW-0200B-01ST-Census.xls,01ST
B0301ST,02,026,District - Kullu (04),Total,35-59,Marginal workers_Seeking/available for work_Persons,176,DDW-0200B-01ST-Census.xls,01ST
B0301ST,02,026,District - Kullu (04),Total,60+,Marginal workers_Seeking/available for work_Persons,22,DDW-0200B-01ST-Census.xls,01ST
B0301ST,02,026,District - Kullu (04),Total,Age not stated,Marginal workers_Seeking/available for work_Persons,0,DDW-0200B-01ST-Census.xls,01ST
B0301ST,02,026,District - Kullu (04),Total,15-59,Marginal workers_Seeking/available for work_Persons,697,DDW-0200B-01ST-Census.xls,01ST
B0301ST,02,026,District - Kullu (04),Rural,Total,Marginal workers_Seeking/available for work_Persons,702,DDW-0200B-01ST-Census.xls,01ST
B0301ST,02,026,District - Kullu (04),Rural,5-14,Marginal workers_Seeking/available for work_Persons,25,DDW-0200B-01ST-Census.xls,01ST
B0301ST,02,026,District - Kullu (04),Rural,15-34,Marginal workers_Seeking/available for work_Persons,499,DDW-0200B-01ST-Census.xls,01ST
B0301ST,02,026,District - Kullu (04),Rural,35-59,Marginal workers_Seeking/available for work_Persons,157,DDW-0200B-01ST-Census.xls,01ST
B0301ST,02,026,District - Kullu (04),Rural,60+,Marginal workers_Seeking/available for work_Persons,21,DDW-0200B-01ST-Census.xls,01ST
B0301ST,02,026,District - Kullu (04),Rural,Age not stated,Marginal workers_Seeking/available for work_Persons,0,DDW-0200B-01ST-Census.xls,01ST
B0301ST,02,026,District - Kullu (04),Rural,15-59,Marginal workers_Seeking/available for work_Persons,656,DDW-0200B-01ST-Census.xls,01ST
B0301ST,02,026,District - Kullu (04),Urban,Total,Marginal workers_Seeking/available for work_Persons,42,DDW-0200B-01ST-Census.xls,01ST
B0301ST,02,026,District - Kullu (04),Urban,5-14,Marginal workers_Seeking/available for work_Persons,0,DDW-0200B-01ST-Census.xls,01ST
B0301ST,02,026,District - Kullu (04),Urban,15-34,Marginal workers_Seeking/available for work_Persons,22,DDW-0200B-01ST-Census.xls,01ST
B0301ST,02,026,District - Kullu (04),Urban,35-59,Marginal workers_Seeking/available for work_Persons,19,DDW-0200B-01ST-Census.xls,01ST
B0301ST,02,026,District - Kullu (04),Urban,60+,Marginal workers_Seeking/available for work_Persons,1,DDW-0200B-01ST-Census.xls,01ST
B0301ST,02,026,District - Kullu (04),Urban,Age not stated,Marginal workers_Seeking/available for work_Persons,0,DDW-0200B-01ST-Census.xls,01ST
B0301ST,02,026,District - Kullu (04),Urban,15-59,Marginal workers_Seeking/available for work_Persons,41,DDW-0200B-01ST-Census.xls,01ST
B0301ST,02,027,District - Mandi (05),Total,Total,Marginal workers_Seeking/available for work_Persons,1867,DDW-0200B-01ST-Census.xls,01ST
B0301ST,02,027,District - Mandi (05),Total,5-14,Marginal workers_Seeking/available for work_Persons,41,DDW-0200B-01ST-Census.xls,01ST
B0301ST,02,027,District - Mandi (05),Total,15-34,Marginal workers_Seeking/available for work_Persons,1109,DDW-0200B-01ST-Census.xls,01ST
B0301ST,02,027,District - Mandi (05),Total,35-59,Marginal workers_Seeking/available for work_Persons,635,DDW-0200B-01ST-Census.xls,01ST
B0301ST,02,027,District - Mandi (05),Total,60+,Marginal workers_Seeking/available for work_Persons,80,DDW-0200B-01ST-Census.xls,01ST
B0301ST,02,027,District - Mandi (05),Total,Age not stated,Marginal workers_Seeking/available for work_Persons,2,DDW-0200B-01ST-Census.xls,01ST
B0301ST,02,027,District - Mandi (05),Total,15-59,Marginal workers_Seeking/available for work_Persons,1744,DDW-0200B-01ST-Census.xls,01ST
B0301ST,02,027,District - Mandi (05),Rural,Total,Marginal workers_Seeking/available for work_Persons,1859,DDW-0200B-01ST-Census.xls,01ST
B0301ST,02,027,District - Mandi (05),Rural,5-14,Marginal workers_Seeking/available for work_Persons,41,DDW-0200B-01ST-Census.xls,01ST
B0301ST,02,027,District - Mandi (05),Rural,15-34,Marginal workers_Seeking/available for work_Persons,1105,DDW-0200B-01ST-Census.xls,01ST
B0301ST,02,027,District - Mandi (05),Rural,35-59,Marginal workers_Seeking/available for work_Persons,631,DDW-0200B-01ST-Census.xls,01ST
B0301ST,02,027,District - Mandi (05),Rural,60+,Marginal workers_Seeking/available for work_Persons,80,DDW-0200B-01ST-Census.xls,01ST
B0301ST,02,027,District - Mandi (05),Rural,Age not stated,Marginal workers_Seeking/available for work_Persons,2,DDW-0200B-01ST-Census.xls,01ST
B0301ST,02,027,District - Mandi (05),Rural,15-59,Marginal workers_Seeking/available for work_Persons,1736,DDW-0200B-01ST-Census.xls,01ST
B0301ST,02,027,District - Mandi (05),Urban,Total,Marginal workers_Seeking/available for work_Persons,8,DDW-0200B-01ST-Census.xls,01ST
B0301ST,02,027,District - Mandi (05),Urban,5-14,Marginal workers_Seeking/available for work_Persons,0,DDW-0200B-01ST-Census.xls,01ST
B0301ST,02,027,District - Mandi (05),Urban,15-34,Marginal workers_Seeking/available for work_Persons,4,DDW-0200B-01ST-Census.xls,01ST
B0301ST,02,027,District - Mandi (05),Urban,35-59,Marginal workers_Seeking/available for work_Persons,4,DDW-0200B-01ST-Census.xls,01ST
B0301ST,02,027,District - Mandi (05),Urban,60+,Marginal workers_Seeking/available for work_Persons,0,DDW-0200B-01ST-Census.xls,01ST
B0301ST,02,027,District - Mandi (05),Urban,Age not stated,Marginal workers_Seeking/available for work_Persons,0,DDW-0200B-01ST-Census.xls,01ST
B0301ST,02,027,District - Mandi (05),Urban,15-59,Marginal workers_Seeking/available for work_Persons,8,DDW-0200B-01ST-Census.xls,01ST
B0301ST,02,028,District - Hamirpur (06),Total,Total,Marginal workers_Seeking/available for work_Persons,287,DDW-0200B-01ST-Census.xls,01ST
B0301ST,02,028,District - Hamirpur (06),Total,5-14,Marginal workers_Seeking/available for work_Persons,6,DDW-0200B-01ST-Census.xls,01ST
B0301ST,02,028,District - Hamirpur (06),Total,15-34,Marginal workers_Seeking/available for work_Persons,179,DDW-0200B-01ST-Census.xls,01ST
B0301ST,02,028,District - Hamirpur (06),Total,35-59,Marginal workers_Seeking/available for work_Persons,94,DDW-0200B-01ST-Census.xls,01ST
B0301ST,02,028,District - Hamirpur (06),Total,60+,Marginal workers_Seeking/available for work_Persons,8,DDW-0200B-01ST-Census.xls,01ST
B0301ST,02,028,District - Hamirpur (06),Total,Age not stated,Marginal workers_Seeking/available for work_Persons,0,DDW-0200B-01ST-Census.xls,01ST
B0301ST,02,028,District - Hamirpur (06),Total,15-59,Marginal workers_Seeking/available for work_Persons,273,DDW-0200B-01ST-Census.xls,01ST
B0301ST,02,028,District - Hamirpur (06),Rural,Total,Marginal workers_Seeking/available for work_Persons,285,DDW-0200B-01ST-Census.xls,01ST
B0301ST,02,028,District - Hamirpur (06),Rural,5-14,Marginal workers_Seeking/available for work_Persons,6,DDW-0200B-01ST-Census.xls,01ST
B0301ST,02,028,District - Hamirpur (06),Rural,15-34,Marginal workers_Seeking/available for work_Persons,177,DDW-0200B-01ST-Census.xls,01ST
B0301ST,02,028,District - Hamirpur (06),Rural,35-59,Marginal workers_Seeking/available for work_Persons,94,DDW-0200B-01ST-Census.xls,01ST
B0301ST,02,028,District - Hamirpur (06),Rural,60+,Marginal workers_Seeking/available for work_Persons,8,DDW-0200B-01ST-Census.xls,01ST
B0301ST,02,028,District - Hamirpur (06),Rural,Age not stated,Marginal workers_Seeking/available for work_Persons,0,DDW-0200B-01ST-Census.xls,01ST
B0301ST,02,028,District - Hamirpur (06),Rural,15-59,Marginal workers_Seeking/available for work_Persons,271,DDW-0200B-01ST-Census.xls,01ST
B0301ST,02,028,District - Hamirpur (06),Urban,Total,Marginal workers_Seeking/available for work_Persons,2,DDW-0200B-01ST-Census.xls,01ST
B0301ST,02,028,District - Hamirpur (06),Urban,5-14,Marginal workers_Seeking/available for work_Persons,0,DDW-0200B-01ST-Census.xls,01ST
B0301ST,02,028,District - Hamirpur (06),Urban,15-34,Marginal workers_Seeking/available for work_Persons,2,DDW-0200B-01ST-Census.xls,01ST
B0301ST,02,028,District - Hamirpur (06),Urban,35-59,Marginal workers_Seeking/available for work_Persons,0,DDW-0200B-01ST-Census.xls,01ST
B0301ST,02,028,District - Hamirpur (06),Urban,60+,Marginal workers_Seeking/available for work_Persons,0,DDW-0200B-01ST-Census.xls,01ST
B0301ST,02,028,District - Hamirpur (06),Urban,Age not stated,Marginal workers_Seeking/available for work_Persons,0,DDW-0200B-01ST-Census.xls,01ST
B0301ST,02,028,District - Hamirpur (06),Urban,15-59,Marginal workers_Seeking/available for work_Persons,2,DDW-0200B-01ST-Census.xls,01ST
B0301ST,02,029,District - Una (07),Total,Total,Marginal workers_Seeking/available for work_Persons,558,DDW-0200B-01ST-Census.xls,01ST
B0301ST,02,029,District - Una (07),Total,5-14,Marginal workers_Seeking/available for work_Persons,1,DDW-0200B-01ST-Census.xls,01ST
B0301ST,02,029,District - Una (07),Total,15-34,Marginal workers_Seeking/available for work_Persons,347,DDW-0200B-01ST-Census.xls,01ST
B0301ST,02,029,District - Una (07),Total,35-59,Marginal workers_Seeking/available for work_Persons,188,DDW-0200B-01ST-Census.xls,01ST
B0301ST,02,029,District - Una (07),Total,60+,Marginal workers_Seeking/available for work_Persons,22,DDW-0200B-01ST-Census.xls,01ST
B0301ST,02,029,District - Una (07),Total,Age not stated,Marginal workers_Seeking/available for work_Persons,0,DDW-0200B-01ST-Census.xls,01ST
B0301ST,02,029,District - Una (07),Total,15-59,Marginal workers_Seeking/available for work_Persons,535,DDW-0200B-01ST-Census.xls,01ST
B0301ST,02,029,District - Una (07),Rural,Total,Marginal workers_Seeking/available for work_Persons,556,DDW-0200B-01ST-Census.xls,01ST
B0301ST,02,029,District - Una (07),Rural,5-14,Marginal workers_Seeking/available for work_Persons,1,DDW-0200B-01ST-Census.xls,01ST
B0301ST,02,029,District - Una (07),Rural,15-34,Marginal workers_Seeking/available for work_Persons,347,DDW-0200B-01ST-Census.xls,01ST
B0301ST,02,029,District - Una (07),Rural,35-59,Marginal workers_Seeking/available for work_Persons,186,DDW-0200B-01ST-Census.xls,01ST
B0301ST,02,029,District - Una (07),Rural,60+,Marginal workers_Seeking/available for work_Persons,22,DDW-0200B-01ST-Census.xls,01ST
B0301ST,02,029,District - Una (07),Rural,Age not stated,Marginal workers_Seeking/available for work_Persons,0,DDW-0200B-01ST-Census.xls,01ST
B0301ST,02,029,District - Una (07),Rural,15-59,Marginal workers_Seeking/available for work_Persons,533,DDW-0200B-01ST-Census.xls,01ST
B0301ST,02,029,District - Una (07),Urban,Total,Marginal workers_Seeking/available for work_Persons,2,DDW-0200B-01ST-Census.xls,01ST
B0301ST,02,029,District - Una (07),Urban,5-14,Marginal workers_Seeking/available for work_Persons,0,DDW-0200B-01ST-Census.xls,01ST
B0301ST,02,029,District - Una (07),Urban,15-34,Marginal workers_Seeking/available for work_Persons,0,DDW-0200B-01ST-Census.xls,01ST
B0301ST,02,029,District - Una (07),Urban,35-59,Marginal workers_Seeking/available for work_Persons,2,DDW-0200B-01ST-Census.xls,01ST
B0301ST,02,029,District - Una (07),Urban,60+,Marginal workers_Seeking/available for work_Persons,0,DDW-0200B-01ST-Census.xls,01ST
B0301ST,02,029,District - Una (07),Urban,Age not stated,Marginal workers_Seeking/available for work_Persons,0,DDW-0200B-01ST-Census.xls,01ST
B0301ST,02,029,District - Una (07),Urban,15-59,Marginal workers_Seeking/available for work_Persons,2,DDW-0200B-01ST-Census.xls,01ST
B0301ST,02,030,District - Bilaspur (08),Total,Total,Marginal workers_Seeking/available for work_Persons,939,DDW-0200B-01ST-Census.xls,01ST
B0301ST,02,030,District - Bilaspur (08),Total,5-14,Marginal workers_Seeking/available for work_Persons,3,DDW-0200B-01ST-Census.xls,01ST
B0301ST,02,030,District - Bilaspur (08),Total,15-34,Marginal workers_Seeking/available for work_Persons,649,DDW-0200B-01ST-Census.xls,01ST
B0301ST,02,030,District - Bilaspur (08),Total,35-59,Marginal workers_Seeking/available for work_Persons,237,DDW-0200B-01ST-Census.xls,01ST
B0301ST,02,030,District - Bilaspur (08),Total,60+,Marginal workers_Seeking/available for work_Persons,50,DDW-0200B-01ST-Census.xls,01ST
B0301ST,02,030,District - Bilaspur (08),Total,Age not stated,Marginal workers_Seeking/available for work_Persons,0,DDW-0200B-01ST-Census.xls,01ST
B0301ST,02,030,District - Bilaspur (08),Total,15-59,Marginal workers_Seeking/available for work_Persons,886,DDW-0200B-01ST-Census.xls,01ST
B0301ST,02,030,District - Bilaspur (08),Rural,Total,Marginal workers_Seeking/available for work_Persons,923,DDW-0200B-01ST-Census.xls,01ST
B0301ST,02,030,District - Bilaspur (08),Rural,5-14,Marginal workers_Seeking/available for work_Persons,3,DDW-0200B-01ST-Census.xls,01ST
B0301ST,02,030,District - Bilaspur (08),Rural,15-34,Marginal workers_Seeking/available for work_Persons,635,DDW-0200B-01ST-Census.xls,01ST
B0301ST,02,030,District - Bilaspur (08),Rural,35-59,Marginal workers_Seeking/available for work_Persons,235,DDW-0200B-01ST-Census.xls,01ST
B0301ST,02,030,District - Bilaspur (08),Rural,60+,Marginal workers_Seeking/available for work_Persons,50,DDW-0200B-01ST-Census.xls,01ST
B0301ST,02,030,District - Bilaspur (08),Rural,Age not stated,Marginal workers_Seeking/available for work_Persons,0,DDW-0200B-01ST-Census.xls,01ST
B0301ST,02,030,District - Bilaspur (08),Rural,15-59,Marginal workers_Seeking/available for work_Persons,870,DDW-0200B-01ST-Census.xls,01ST
B0301ST,02,030,District - Bilaspur (08),Urban,Total,Marginal workers_Seeking/available for work_Persons,16,DDW-0200B-01ST-Census.xls,01ST
B0301ST,02,030,District - Bilaspur (08),Urban,5-14,Marginal workers_Seeking/available for work_Persons,0,DDW-0200B-01ST-Census.xls,01ST
B0301ST,02,030,District - Bilaspur (08),Urban,15-34,Marginal workers_Seeking/available for work_Persons,14,DDW-0200B-01ST-Census.xls,01ST
B0301ST,02,030,District - Bilaspur (08),Urban,35-59,Marginal workers_Seeking/available for work_Persons,2,DDW-0200B-01ST-Census.xls,01ST
B0301ST,02,030,District - Bilaspur (08),Urban,60+,Marginal workers_Seeking/available for work_Persons,0,DDW-0200B-01ST-Census.xls,01ST
B0301ST,02,030,District - Bilaspur (08),Urban,Age not stated,Marginal workers_Seeking/available for work_Persons,0,DDW-0200B-01ST-Census.xls,01ST
B0301ST,02,030,District - Bilaspur (08),Urban,15-59,Marginal workers_Seeking/available for work_Persons,16,DDW-0200B-01ST-Census.xls,01ST
B0301ST,02,031,District - Solan (09),Total,Total,Marginal workers_Seeking/available for work_Persons,540,DDW-0200B-01ST-Census.xls,01ST
B0301ST,02,031,District - Solan (09),Total,5-14,Marginal workers_Seeking/available for work_Persons,15,DDW-0200B-01ST-Census.xls,01ST
B0301ST,02,031,District - Solan (09),Total,15-34,Marginal workers_Seeking/available for work_Persons,395,DDW-0200B-01ST-Census.xls,01ST
B0301ST,02,031,District - Solan (09),Total,35-59,Marginal workers_Seeking/available for work_Persons,115,DDW-0200B-01ST-Census.xls,01ST
B0301ST,02,031,District - Solan (09),Total,60+,Marginal workers_Seeking/available for work_Persons,15,DDW-0200B-01ST-Census.xls,01ST
B0301ST,02,031,District - Solan (09),Total,Age not stated,Marginal workers_Seeking/available for work_Persons,0,DDW-0200B-01ST-Census.xls,01ST
B0301ST,02,031,District - Solan (09),Total,15-59,Marginal workers_Seeking/available for work_Persons,510,DDW-0200B-01ST-Census.xls,01ST
B0301ST,02,031,District - Solan (09),Rural,Total,Marginal workers_Seeking/available for work_Persons,534,DDW-0200B-01ST-Census.xls,01ST
B0301ST,02,031,District - Solan (09),Rural,5-14,Marginal workers_Seeking/available for work_Persons,15,DDW-0200B-01ST-Census.xls,01ST
B0301ST,02,031,District - Solan (09),Rural,15-34,Marginal workers_Seeking/available for work_Persons,391,DDW-0200B-01ST-Census.xls,01ST
B0301ST,02,031,District - Solan (09),Rural,35-59,Marginal workers_Seeking/available for work_Persons,113,DDW-0200B-01ST-Census.xls,01ST
B0301ST,02,031,District - Solan (09),Rural,60+,Marginal workers_Seeking/available for work_Persons,15,DDW-0200B-01ST-Census.xls,01ST
B0301ST,02,031,District - Solan (09),Rural,Age not stated,Marginal workers_Seeking/available for work_Persons,0,DDW-0200B-01ST-Census.xls,01ST
B0301ST,02,031,District - Solan (09),Rural,15-59,Marginal workers_Seeking/available for work_Persons,504,DDW-0200B-01ST-Census.xls,01ST
B0301ST,02,031,District - Solan (09),Urban,Total,Marginal workers_Seeking/available for work_Persons,6,DDW-0200B-01ST-Census.xls,01ST
B0301ST,02,031,District - Solan (09),Urban,5-14,Marginal workers_Seeking/available for work_Persons,0,DDW-0200B-01ST-Census.xls,01ST
B0301ST,02,031,District - Solan (09),Urban,15-34,Marginal workers_Seeking/available for work_Persons,4,DDW-0200B-01ST-Census.xls,01ST
B0301ST,02,031,District - Solan (09),Urban,35-59,Marginal workers_Seeking/available for work_Persons,2,DDW-0200B-01ST-Census.xls,01ST
B0301ST,02,031,District - Solan (09),Urban,60+,Marginal workers_Seeking/available for work_Persons,0,DDW-0200B-01ST-Census.xls,01ST
B0301ST,02,031,District - Solan (09),Urban,Age not stated,Marginal workers_Seeking/available for work_Persons,0,DDW-0200B-01ST-Census.xls,01ST
B0301ST,02,031,District - Solan (09),Urban,15-59,Marginal workers_Seeking/available for work_Persons,6,DDW-0200B-01ST-Census.xls,01ST
B0301ST,02,032,District - Sirmaur (10),Total,Total,Marginal workers_Seeking/available for work_Persons,391,DDW-0200B-01ST-Census.xls,01ST
B0301ST,02,032,District - Sirmaur (10),Total,5-14,Marginal workers_Seeking/available for work_Persons,8,DDW-0200B-01ST-Census.xls,01ST
B0301ST,02,032,District - Sirmaur (10),Total,15-34,Marginal workers_Seeking/available for work_Persons,235,DDW-0200B-01ST-Census.xls,01ST
B0301ST,02,032,District - Sirmaur (10),Total,35-59,Marginal workers_Seeking/available for work_Persons,125,DDW-0200B-01ST-Census.xls,01ST
B0301ST,02,032,District - Sirmaur (10),Total,60+,Marginal workers_Seeking/available for work_Persons,23,DDW-0200B-01ST-Census.xls,01ST
B0301ST,02,032,District - Sirmaur (10),Total,Age not stated,Marginal workers_Seeking/available for work_Persons,0,DDW-0200B-01ST-Census.xls,01ST
B0301ST,02,032,District - Sirmaur (10),Total,15-59,Marginal workers_Seeking/available for work_Persons,360,DDW-0200B-01ST-Census.xls,01ST
B0301ST,02,032,District - Sirmaur (10),Rural,Total,Marginal workers_Seeking/available for work_Persons,382,DDW-0200B-01ST-Census.xls,01ST
B0301ST,02,032,District - Sirmaur (10),Rural,5-14,Marginal workers_Seeking/available for work_Persons,7,DDW-0200B-01ST-Census.xls,01ST
B0301ST,02,032,District - Sirmaur (10),Rural,15-34,Marginal workers_Seeking/available for work_Persons,227,DDW-0200B-01ST-Census.xls,01ST
B0301ST,02,032,District - Sirmaur (10),Rural,35-59,Marginal workers_Seeking/available for work_Persons,125,DDW-0200B-01ST-Census.xls,01ST
B0301ST,02,032,District - Sirmaur (10),Rural,60+,Marginal workers_Seeking/available for work_Persons,23,DDW-0200B-01ST-Census.xls,01ST
B0301ST,02,032,District - Sirmaur (10),Rural,Age not stated,Marginal workers_Seeking/available for work_Persons,0,DDW-0200B-01ST-Census.xls,01ST
B0301ST,02,032,District - Sirmaur (10),Rural,15-59,Marginal workers_Seeking/available for work_Persons,352,DDW-0200B-01ST-Census.xls,01ST
B0301ST,02,032,District - Sirmaur (10),Urban,Total,Marginal workers_Seeking/available for work_Persons,9,DDW-0200B-01ST-Census.xls,01ST
B0301ST,02,032,District - Sirmaur (10),Urban,5-14,Marginal workers_Seeking/available for work_Persons,1,DDW-0200B-01ST-Census.xls,01ST
B0301ST,02,032,District - Sirmaur (10),Urban,15-34,Marginal workers_Seeking/available for work_Persons,8,DDW-0200B-01ST-Census.xls,01ST
B0301ST,02,032,District - Sirmaur (10),Urban,35-59,Marginal workers_Seeking/available for work_Persons,0,DDW-0200B-01ST-Census.xls,01ST
B0301ST,02,032,District - Sirmaur (10),Urban,60+,Marginal workers_Seeking/available for work_Persons,0,DDW-0200B-01ST-Census.xls,01ST
B0301ST,02,032,District - Sirmaur (10),Urban,Age not stated,Marginal workers_Seeking/available for work_Persons,0,DDW-0200B-01ST-Census.xls,01ST
B0301ST,02,032,District - Sirmaur (10),Urban,15-59,Marginal workers_Seeking/available for work_Persons,8,DDW-0200B-01ST-Census.xls,01ST
B0301ST,02,033,District - Shimla (11),Total,Total,Marginal workers_Seeking/available for work_Persons,326,DDW-0200B-01ST-Census.xls,01ST
B0301ST,02,033,District - Shimla (11),Total,5-14,Marginal workers_Seeking/available for work_Persons,18,DDW-0200B-01ST-Census.xls,01ST
B0301ST,02,033,District - Shimla (11),Total,15-34,Marginal workers_Seeking/available for work_Persons,232,DDW-0200B-01ST-Census.xls,01ST
B0301ST,02,033,District - Shimla (11),Total,35-59,Marginal workers_Seeking/available for work_Persons,67,DDW-0200B-01ST-Census.xls,01ST
B0301ST,02,033,District - Shimla (11),Total,60+,Marginal workers_Seeking/available for work_Persons,9,DDW-0200B-01ST-Census.xls,01ST
B0301ST,02,033,District - Shimla (11),Total,Age not stated,Marginal workers_Seeking/available for work_Persons,0,DDW-0200B-01ST-Census.xls,01ST
B0301ST,02,033,District - Shimla (11),Total,15-59,Marginal workers_Seeking/available for work_Persons,299,DDW-0200B-01ST-Census.xls,01ST
B0301ST,02,033,District - Shimla (11),Rural,Total,Marginal workers_Seeking/available for work_Persons,247,DDW-0200B-01ST-Census.xls,01ST
B0301ST,02,033,District - Shimla (11),Rural,5-14,Marginal workers_Seeking/available for work_Persons,18,DDW-0200B-01ST-Census.xls,01ST
B0301ST,02,033,District - Shimla (11),Rural,15-34,Marginal workers_Seeking/available for work_Persons,160,DDW-0200B-01ST-Census.xls,01ST
B0301ST,02,033,District - Shimla (11),Rural,35-59,Marginal workers_Seeking/available for work_Persons,60,DDW-0200B-01ST-Census.xls,01ST
B0301ST,02,033,District - Shimla (11),Rural,60+,Marginal workers_Seeking/available for work_Persons,9,DDW-0200B-01ST-Census.xls,01ST
B0301ST,02,033,District - Shimla (11),Rural,Age not stated,Marginal workers_Seeking/available for work_Persons,0,DDW-0200B-01ST-Census.xls,01ST
B0301ST,02,033,District - Shimla (11),Rural,15-59,Marginal workers_Seeking/available for work_Persons,220,DDW-0200B-01ST-Census.xls,01ST
B0301ST,02,033,District - Shimla (11),Urban,Total,Marginal workers_Seeking/available for work_Persons,79,DDW-0200B-01ST-Census.xls,01ST
B0301ST,02,033,District - Shimla (11),Urban,5-14,Marginal workers_Seeking/available for work_Persons,0,DDW-0200B-01ST-Census.xls,01ST
B0301ST,02,033,District - Shimla (11),Urban,15-34,Marginal workers_Seeking/available for work_Persons,72,DDW-0200B-01ST-Census.xls,01ST
B0301ST,02,033,District - Shimla (11),Urban,35-59,Marginal workers_Seeking/available for work_Persons,7,DDW-0200B-01ST-Census.xls,01ST
B0301ST,02,033,District - Shimla (11),Urban,60+,Marginal workers_Seeking/available for work_Persons,0,DDW-0200B-01ST-Census.xls,01ST
B0301ST,02,033,District - Shimla (11),Urban,Age not stated,Marginal workers_Seeking/available for work_Persons,0,DDW-0200B-01ST-Census.xls,01ST
B0301ST,02,033,District - Shimla (11),Urban,15-59,Marginal workers_Seeking/available for work_Persons,79,DDW-0200B-01ST-Census.xls,01ST
B0301ST,02,034,District - Kinnaur (12),Total,Total,Marginal workers_Seeking/available for work_Persons,2490,DDW-0200B-01ST-Census.xls,01ST
B0301ST,02,034,District - Kinnaur (12),Total,5-14,Marginal workers_Seeking/available for work_Persons,156,DDW-0200B-01ST-Census.xls,01ST
B0301ST,02,034,District - Kinnaur (12),Total,15-34,Marginal workers_Seeking/available for work_Persons,1664,DDW-0200B-01ST-Census.xls,01ST
B0301ST,02,034,District - Kinnaur (12),Total,35-59,Marginal workers_Seeking/available for work_Persons,517,DDW-0200B-01ST-Census.xls,01ST
B0301ST,02,034,District - Kinnaur (12),Total,60+,Marginal workers_Seeking/available for work_Persons,151,DDW-0200B-01ST-Census.xls,01ST
B0301ST,02,034,District - Kinnaur (12),Total,Age not stated,Marginal workers_Seeking/available for work_Persons,2,DDW-0200B-01ST-Census.xls,01ST
B0301ST,02,034,District - Kinnaur (12),Total,15-59,Marginal workers_Seeking/available for work_Persons,2181,DDW-0200B-01ST-Census.xls,01ST
B0301ST,02,034,District - Kinnaur (12),Rural,Total,Marginal workers_Seeking/available for work_Persons,2490,DDW-0200B-01ST-Census.xls,01ST
B0301ST,02,034,District - Kinnaur (12),Rural,5-14,Marginal workers_Seeking/available for work_Persons,156,DDW-0200B-01ST-Census.xls,01ST
B0301ST,02,034,District - Kinnaur (12),Rural,15-34,Marginal workers_Seeking/available for work_Persons,1664,DDW-0200B-01ST-Census.xls,01ST
B0301ST,02,034,District - Kinnaur (12),Rural,35-59,Marginal workers_Seeking/available for work_Persons,517,DDW-0200B-01ST-Census.xls,01ST
B0301ST,02,034,District - Kinnaur (12),Rural,60+,Marginal workers_Seeking/available for work_Persons,151,DDW-0200B-01ST-Census.xls,01ST
B0301ST,02,034,District - Kinnaur (12),Rural,Age not stated,Marginal workers_Seeking/available for work_Persons,2,DDW-0200B-01ST-Census.xls,01ST
B0301ST,02,034,District - Kinnaur (12),Rural,15-59,Marginal workers_Seeking/available for work_Persons,2181,DDW-0200B-01ST-Census.xls,01ST
B0301ST,02,034,District - Kinnaur (12),Urban,Total,Marginal workers_Seeking/available for work_Persons,0,DDW-0200B-01ST-Census.xls,01ST
B0301ST,02,034,District - Kinnaur (12),Urban,5-14,Marginal workers_Seeking/available for work_Persons,0,DDW-0200B-01ST-Census.xls,01ST
B0301ST,02,034,District - Kinnaur (12),Urban,15-34,Marginal workers_Seeking/available for work_Persons,0,DDW-0200B-01ST-Census.xls,01ST
B0301ST,02,034,District - Kinnaur (12),Urban,35-59,Marginal workers_Seeking/available for work_Persons,0,DDW-0200B-01ST-Census.xls,01ST
B0301ST,02,034,District - Kinnaur (12),Urban,60+,Marginal workers_Seeking/available for work_Persons,0,DDW-0200B-01ST-Census.xls,01ST
B0301ST,02,034,District - Kinnaur (12),Urban,Age not stated,Marginal workers_Seeking/available for work_Persons,0,DDW-0200B-01ST-Census.xls,01ST
B0301ST,02,034,District - Kinnaur (12),Urban,15-59,Marginal workers_Seeking/available for work_Persons,0,DDW-0200B-01ST-Census.xls,01ST
B0301ST,02,000,State - HIMACHAL PRADESH (02),Total,Total,Marginal workers_Seeking/available for work_Males,21614,DDW-0200B-01ST-Census.xls,01ST
B0301ST,02,000,State - HIMACHAL PRADESH (02),Total,5-14,Marginal workers_Seeking/available for work_Males,411,DDW-0200B-01ST-Census.xls,01ST
B0301ST,02,000,State - HIMACHAL PRADESH (02),Total,15-34,Marginal workers_Seeking/available for work_Males,13650,DDW-0200B-01ST-Census.xls,01ST
B0301ST,02,000,State - HIMACHAL PRADESH (02),Total,35-59,Marginal workers_Seeking/available for work_Males,6443,DDW-0200B-01ST-Census.xls,01ST
B0301ST,02,000,State - HIMACHAL PRADESH (02),Total,60+,Marginal workers_Seeking/available for work_Males,1092,DDW-0200B-01ST-Census.xls,01ST
B0301ST,02,000,State - HIMACHAL PRADESH (02),Total,Age not stated,Marginal workers_Seeking/available for work_Males,18,DDW-0200B-01ST-Census.xls,01ST
B0301ST,02,000,State - HIMACHAL PRADESH (02),Total,15-59,Marginal workers_Seeking/available for work_Males,20093,DDW-0200B-01ST-Census.xls,01ST
B0301ST,02,000,State - HIMACHAL PRADESH (02),Rural,Total,Marginal workers_Seeking/available for work_Males,21366,DDW-0200B-01ST-Census.xls,01ST
B0301ST,02,000,State - HIMACHAL PRADESH (02),Rural,5-14,Marginal workers_Seeking/available for work_Males,410,DDW-0200B-01ST-Census.xls,01ST
B0301ST,02,000,State - HIMACHAL PRADESH (02),Rural,15-34,Marginal workers_Seeking/available for work_Males,13499,DDW-0200B-01ST-Census.xls,01ST
B0301ST,02,000,State - HIMACHAL PRADESH (02),Rural,35-59,Marginal workers_Seeking/available for work_Males,6354,DDW-0200B-01ST-Census.xls,01ST
B0301ST,02,000,State - HIMACHAL PRADESH (02),Rural,60+,Marginal workers_Seeking/available for work_Males,1085,DDW-0200B-01ST-Census.xls,01ST
B0301ST,02,000,State - HIMACHAL PRADESH (02),Rural,Age not stated,Marginal workers_Seeking/available for work_Males,18,DDW-0200B-01ST-Census.xls,01ST
B0301ST,02,000,State - HIMACHAL PRADESH (02),Rural,15-59,Marginal workers_Seeking/available for work_Males,19853,DDW-0200B-01ST-Census.xls,01ST
B0301ST,02,000,State - HIMACHAL PRADESH (02),Urban,Total,Marginal workers_Seeking/available for work_Males,248,DDW-0200B-01ST-Census.xls,01ST
B0301ST,02,000,State - HIMACHAL PRADESH (02),Urban,5-14,Marginal workers_Seeking/available for work_Males,1,DDW-0200B-01ST-Census.xls,01ST
B0301ST,02,000,State - HIMACHAL PRADESH (02),Urban,15-34,Marginal workers_Seeking/available for work_Males,151,DDW-0200B-01ST-Census.xls,01ST
B0301ST,02,000,State - HIMACHAL PRADESH (02),Urban,35-59,Marginal workers_Seeking/available for work_Males,89,DDW-0200B-01ST-Census.xls,01ST
B0301ST,02,000,State - HIMACHAL PRADESH (02),Urban,60+,Marginal workers_Seeking/available for work_Males,7,DDW-0200B-01ST-Census.xls,01ST
B0301ST,02,000,State - HIMACHAL PRADESH (02),Urban,Age not stated,Marginal workers_Seeking/available for work_Males,0,DDW-0200B-01ST-Census.xls,01ST
B0301ST,02,000,State - HIMACHAL PRADESH (02),Urban,15-59,Marginal workers_Seeking/available for work_Males,240,DDW-0200B-01ST-Census.xls,01ST
B0301ST,02,023,District - Chamba (01),Total,Total,Marginal workers_Seeking/available for work_Males,12104,DDW-0200B-01ST-Census.xls,01ST
B0301ST,02,023,District - Chamba (01),Total,5-14,Marginal workers_Seeking/available for work_Males,225,DDW-0200B-01ST-Census.xls,01ST
B0301ST,02,023,District - Chamba (01),Total,15-34,Marginal workers_Seeking/available for work_Males,7825,DDW-0200B-01ST-Census.xls,01ST
B0301ST,02,023,District - Chamba (01),Total,35-59,Marginal workers_Seeking/available for work_Males,3498,DDW-0200B-01ST-Census.xls,01ST
B0301ST,02,023,District - Chamba (01),Total,60+,Marginal workers_Seeking/available for work_Males,553,DDW-0200B-01ST-Census.xls,01ST
B0301ST,02,023,District - Chamba (01),Total,Age not stated,Marginal workers_Seeking/available for work_Males,3,DDW-0200B-01ST-Census.xls,01ST
B0301ST,02,023,District - Chamba (01),Total,15-59,Marginal workers_Seeking/available for work_Males,11323,DDW-0200B-01ST-Census.xls,01ST
B0301ST,02,023,District - Chamba (01),Rural,Total,Marginal workers_Seeking/available for work_Males,12042,DDW-0200B-01ST-Census.xls,01ST
B0301ST,02,023,District - Chamba (01),Rural,5-14,Marginal workers_Seeking/available for work_Males,225,DDW-0200B-01ST-Census.xls,01ST
B0301ST,02,023,District - Chamba (01),Rural,15-34,Marginal workers_Seeking/available for work_Males,7791,DDW-0200B-01ST-Census.xls,01ST
B0301ST,02,023,District - Chamba (01),Rural,35-59,Marginal workers_Seeking/available for work_Males,3472,DDW-0200B-01ST-Census.xls,01ST
B0301ST,02,023,District - Chamba (01),Rural,60+,Marginal workers_Seeking/available for work_Males,551,DDW-0200B-01ST-Census.xls,01ST
B0301ST,02,023,District - Chamba (01),Rural,Age not stated,Marginal workers_Seeking/available for work_Males,3,DDW-0200B-01ST-Census.xls,01ST
B0301ST,02,023,District - Chamba (01),Rural,15-59,Marginal workers_Seeking/available for work_Males,11263,DDW-0200B-01ST-Census.xls,01ST
B0301ST,02,023,District - Chamba (01),Urban,Total,Marginal workers_Seeking/available for work_Males,62,DDW-0200B-01ST-Census.xls,01ST
B0301ST,02,023,District - Chamba (01),Urban,5-14,Marginal workers_Seeking/available for work_Males,0,DDW-0200B-01ST-Census.xls,01ST
B0301ST,02,023,District - Chamba (01),Urban,15-34,Marginal workers_Seeking/available for work_Males,34,DDW-0200B-01ST-Census.xls,01ST
B0301ST,02,023,District - Chamba (01),Urban,35-59,Marginal workers_Seeking/available for work_Males,26,DDW-0200B-01ST-Census.xls,01ST
B0301ST,02,023,District - Chamba (01),Urban,60+,Marginal workers_Seeking/available for work_Males,2,DDW-0200B-01ST-Census.xls,01ST
B0301ST,02,023,District - Chamba (01),Urban,Age not stated,Marginal workers_Seeking/available for work_Males,0,DDW-0200B-01ST-Census.xls,01ST
B0301ST,02,023,District - Chamba (01),Urban,15-59,Marginal workers_Seeking/available for work_Males,60,DDW-0200B-01ST-Census.xls,01ST
B0301ST,02,024,District - Kangra (02),Total,Total,Marginal workers_Seeking/available for work_Males,4707,DDW-0200B-01ST-Census.xls,01ST
B0301ST,02,024,District - Kangra (02),Total,5-14,Marginal workers_Seeking/available for work_Males,40,DDW-0200B-01ST-Census.xls,01ST
B0301ST,02,024,District - Kangra (02),Total,15-34,Marginal workers_Seeking/available for work_Males,2634,DDW-0200B-01ST-Census.xls,01ST
B0301ST,02,024,District - Kangra (02),Total,35-59,Marginal workers_Seeking/available for work_Males,1708,DDW-0200B-01ST-Census.xls,01ST
B0301ST,02,024,District - Kangra (02),Total,60+,Marginal workers_Seeking/available for work_Males,318,DDW-0200B-01ST-Census.xls,01ST
B0301ST,02,024,District - Kangra (02),Total,Age not stated,Marginal workers_Seeking/available for work_Males,7,DDW-0200B-01ST-Census.xls,01ST
B0301ST,02,024,District - Kangra (02),Total,15-59,Marginal workers_Seeking/available for work_Males,4342,DDW-0200B-01ST-Census.xls,01ST
B0301ST,02,024,District - Kangra (02),Rural,Total,Marginal workers_Seeking/available for work_Males,4593,DDW-0200B-01ST-Census.xls,01ST
B0301ST,02,024,District - Kangra (02),Rural,5-14,Marginal workers_Seeking/available for work_Males,40,DDW-0200B-01ST-Census.xls,01ST
B0301ST,02,024,District - Kangra (02),Rural,15-34,Marginal workers_Seeking/available for work_Males,2570,DDW-0200B-01ST-Census.xls,01ST
B0301ST,02,024,District - Kangra (02),Rural,35-59,Marginal workers_Seeking/available for work_Males,1663,DDW-0200B-01ST-Census.xls,01ST
B0301ST,02,024,District - Kangra (02),Rural,60+,Marginal workers_Seeking/available for work_Males,313,DDW-0200B-01ST-Census.xls,01ST
B0301ST,02,024,District - Kangra (02),Rural,Age not stated,Marginal workers_Seeking/available for work_Males,7,DDW-0200B-01ST-Census.xls,01ST
B0301ST,02,024,District - Kangra (02),Rural,15-59,Marginal workers_Seeking/available for work_Males,4233,DDW-0200B-01ST-Census.xls,01ST
B0301ST,02,024,District - Kangra (02),Urban,Total,Marginal workers_Seeking/available for work_Males,114,DDW-0200B-01ST-Census.xls,01ST
B0301ST,02,024,District - Kangra (02),Urban,5-14,Marginal workers_Seeking/available for work_Males,0,DDW-0200B-01ST-Census.xls,01ST
B0301ST,02,024,District - Kangra (02),Urban,15-34,Marginal workers_Seeking/available for work_Males,64,DDW-0200B-01ST-Census.xls,01ST
B0301ST,02,024,District - Kangra (02),Urban,35-59,Marginal workers_Seeking/available for work_Males,45,DDW-0200B-01ST-Census.xls,01ST
B0301ST,02,024,District - Kangra (02),Urban,60+,Marginal workers_Seeking/available for work_Males,5,DDW-0200B-01ST-Census.xls,01ST
B0301ST,02,024,District - Kangra (02),Urban,Age not stated,Marginal workers_Seeking/available for work_Males,0,DDW-0200B-01ST-Census.xls,01ST
B0301ST,02,024,District - Kangra (02),Urban,15-59,Marginal workers_Seeking/available for work_Males,109,DDW-0200B-01ST-Census.xls,01ST
B0301ST,02,025,District - Lahul & Spiti (03),Total,Total,Marginal workers_Seeking/available for work_Males,705,DDW-0200B-01ST-Census.xls,01ST
B0301ST,02,025,District - Lahul & Spiti (03),Total,5-14,Marginal workers_Seeking/available for work_Males,18,DDW-0200B-01ST-Census.xls,01ST
B0301ST,02,025,District - Lahul & Spiti (03),Total,15-34,Marginal workers_Seeking/available for work_Males,494,DDW-0200B-01ST-Census.xls,01ST
B0301ST,02,025,District - Lahul & Spiti (03),Total,35-59,Marginal workers_Seeking/available for work_Males,170,DDW-0200B-01ST-Census.xls,01ST
B0301ST,02,025,District - Lahul & Spiti (03),Total,60+,Marginal workers_Seeking/available for work_Males,16,DDW-0200B-01ST-Census.xls,01ST
B0301ST,02,025,District - Lahul & Spiti (03),Total,Age not stated,Marginal workers_Seeking/available for work_Males,7,DDW-0200B-01ST-Census.xls,01ST
B0301ST,02,025,District - Lahul & Spiti (03),Total,15-59,Marginal workers_Seeking/available for work_Males,664,DDW-0200B-01ST-Census.xls,01ST
B0301ST,02,025,District - Lahul & Spiti (03),Rural,Total,Marginal workers_Seeking/available for work_Males,705,DDW-0200B-01ST-Census.xls,01ST
B0301ST,02,025,District - Lahul & Spiti (03),Rural,5-14,Marginal workers_Seeking/available for work_Males,18,DDW-0200B-01ST-Census.xls,01ST
B0301ST,02,025,District - Lahul & Spiti (03),Rural,15-34,Marginal workers_Seeking/available for work_Males,494,DDW-0200B-01ST-Census.xls,01ST
B0301ST,02,025,District - Lahul & Spiti (03),Rural,35-59,Marginal workers_Seeking/available for work_Males,170,DDW-0200B-01ST-Census.xls,01ST
B0301ST,02,025,District - Lahul & Spiti (03),Rural,60+,Marginal workers_Seeking/available for work_Males,16,DDW-0200B-01ST-Census.xls,01ST
B0301ST,02,025,District - Lahul & Spiti (03),Rural,Age not stated,Marginal workers_Seeking/available for work_Males,7,DDW-0200B-01ST-Census.xls,01ST
B0301ST,02,025,District - Lahul & Spiti (03),Rural,15-59,Marginal workers_Seeking/available for work_Males,664,DDW-0200B-01ST-Census.xls,01ST
B0301ST,02,025,District - Lahul & Spiti (03),Urban,Total,Marginal workers_Seeking/available for work_Males,0,DDW-0200B-01ST-Census.xls,01ST
B0301ST,02,025,District - Lahul & Spiti (03),Urban,5-14,Marginal workers_Seeking/available for work_Males,0,DDW-0200B-01ST-Census.xls,01ST
B0301ST,02,025,District - Lahul & Spiti (03),Urban,15-34,Marginal workers_Seeking/available for work_Males,0,DDW-0200B-01ST-Census.xls,01ST
B0301ST,02,025,District - Lahul & Spiti (03),Urban,35-59,Marginal workers_Seeking/available for work_Males,0,DDW-0200B-01ST-Census.xls,01ST
B0301ST,02,025,District - Lahul & Spiti (03),Urban,60+,Marginal workers_Seeking/available for work_Males,0,DDW-0200B-01ST-Census.xls,01ST
B0301ST,02,025,District - Lahul & Spiti (03),Urban,Age not stated,Marginal workers_Seeking/available for work_Males,0,DDW-0200B-01ST-Census.xls,01ST
B0301ST,02,025,District - Lahul & Spiti (03),Urban,15-59,Marginal workers_Seeking/available for work_Males,0,DDW-0200B-01ST-Census.xls,01ST
B0301ST,02,026,District - Kullu (04),Total,Total,Marginal workers_Seeking/available for work_Males,294,DDW-0200B-01ST-Census.xls,01ST
B0301ST,02,026,District - Kullu (04),Total,5-14,Marginal workers_Seeking/available for work_Males,16,DDW-0200B-01ST-Census.xls,01ST
B0301ST,02,026,District - Kullu (04),Total,15-34,Marginal workers_Seeking/available for work_Males,225,DDW-0200B-01ST-Census.xls,01ST
B0301ST,02,026,District - Kullu (04),Total,35-59,Marginal workers_Seeking/available for work_Males,46,DDW-0200B-01ST-Census.xls,01ST
B0301ST,02,026,District - Kullu (04),Total,60+,Marginal workers_Seeking/available for work_Males,7,DDW-0200B-01ST-Census.xls,01ST
B0301ST,02,026,District - Kullu (04),Total,Age not stated,Marginal workers_Seeking/available for work_Males,0,DDW-0200B-01ST-Census.xls,01ST
B0301ST,02,026,District - Kullu (04),Total,15-59,Marginal workers_Seeking/available for work_Males,271,DDW-0200B-01ST-Census.xls,01ST
B0301ST,02,026,District - Kullu (04),Rural,Total,Marginal workers_Seeking/available for work_Males,276,DDW-0200B-01ST-Census.xls,01ST
B0301ST,02,026,District - Kullu (04),Rural,5-14,Marginal workers_Seeking/available for work_Males,16,DDW-0200B-01ST-Census.xls,01ST
B0301ST,02,026,District - Kullu (04),Rural,15-34,Marginal workers_Seeking/available for work_Males,215,DDW-0200B-01ST-Census.xls,01ST
B0301ST,02,026,District - Kullu (04),Rural,35-59,Marginal workers_Seeking/available for work_Males,38,DDW-0200B-01ST-Census.xls,01ST
B0301ST,02,026,District - Kullu (04),Rural,60+,Marginal workers_Seeking/available for work_Males,7,DDW-0200B-01ST-Census.xls,01ST
B0301ST,02,026,District - Kullu (04),Rural,Age not stated,Marginal workers_Seeking/available for work_Males,0,DDW-0200B-01ST-Census.xls,01ST
B0301ST,02,026,District - Kullu (04),Rural,15-59,Marginal workers_Seeking/available for work_Males,253,DDW-0200B-01ST-Census.xls,01ST
B0301ST,02,026,District - Kullu (04),Urban,Total,Marginal workers_Seeking/available for work_Males,18,DDW-0200B-01ST-Census.xls,01ST
B0301ST,02,026,District - Kullu (04),Urban,5-14,Marginal workers_Seeking/available for work_Males,0,DDW-0200B-01ST-Census.xls,01ST
B0301ST,02,026,District - Kullu (04),Urban,15-34,Marginal workers_Seeking/available for work_Males,10,DDW-0200B-01ST-Census.xls,01ST
B0301ST,02,026,District - Kullu (04),Urban,35-59,Marginal workers_Seeking/available for work_Males,8,DDW-0200B-01ST-Census.xls,01ST
B0301ST,02,026,District - Kullu (04),Urban,60+,Marginal workers_Seeking/available for work_Males,0,DDW-0200B-01ST-Census.xls,01ST
B0301ST,02,026,District - Kullu (04),Urban,Age not stated,Marginal workers_Seeking/available for work_Males,0,DDW-0200B-01ST-Census.xls,01ST
B0301ST,02,026,District - Kullu (04),Urban,15-59,Marginal workers_Seeking/available for work_Males,18,DDW-0200B-01ST-Census.xls,01ST
B0301ST,02,027,District - Mandi (05),Total,Total,Marginal workers_Seeking/available for work_Males,873,DDW-0200B-01ST-Census.xls,01ST
B0301ST,02,027,District - Mandi (05),Total,5-14,Marginal workers_Seeking/available for work_Males,20,DDW-0200B-01ST-Census.xls,01ST
B0301ST,02,027,District - Mandi (05),Total,15-34,Marginal workers_Seeking/available for work_Males,531,DDW-0200B-01ST-Census.xls,01ST
B0301ST,02,027,District - Mandi (05),Total,35-59,Marginal workers_Seeking/available for work_Males,276,DDW-0200B-01ST-Census.xls,01ST
B0301ST,02,027,District - Mandi (05),Total,60+,Marginal workers_Seeking/available for work_Males,46,DDW-0200B-01ST-Census.xls,01ST
B0301ST,02,027,District - Mandi (05),Total,Age not stated,Marginal workers_Seeking/available for work_Males,0,DDW-0200B-01ST-Census.xls,01ST
B0301ST,02,027,District - Mandi (05),Total,15-59,Marginal workers_Seeking/available for work_Males,807,DDW-0200B-01ST-Census.xls,01ST
B0301ST,02,027,District - Mandi (05),Rural,Total,Marginal workers_Seeking/available for work_Males,872,DDW-0200B-01ST-Census.xls,01ST
B0301ST,02,027,District - Mandi (05),Rural,5-14,Marginal workers_Seeking/available for work_Males,20,DDW-0200B-01ST-Census.xls,01ST
B0301ST,02,027,District - Mandi (05),Rural,15-34,Marginal workers_Seeking/available for work_Males,531,DDW-0200B-01ST-Census.xls,01ST
B0301ST,02,027,District - Mandi (05),Rural,35-59,Marginal workers_Seeking/available for work_Males,275,DDW-0200B-01ST-Census.xls,01ST
B0301ST,02,027,District - Mandi (05),Rural,60+,Marginal workers_Seeking/available for work_Males,46,DDW-0200B-01ST-Census.xls,01ST
B0301ST,02,027,District - Mandi (05),Rural,Age not stated,Marginal workers_Seeking/available for work_Males,0,DDW-0200B-01ST-Census.xls,01ST
B0301ST,02,027,District - Mandi (05),Rural,15-59,Marginal workers_Seeking/available for work_Males,806,DDW-0200B-01ST-Census.xls,01ST
B0301ST,02,027,District - Mandi (05),Urban,Total,Marginal workers_Seeking/available for work_Males,1,DDW-0200B-01ST-Census.xls,01ST
B0301ST,02,027,District - Mandi (05),Urban,5-14,Marginal workers_Seeking/available for work_Males,0,DDW-0200B-01ST-Census.xls,01ST
B0301ST,02,027,District - Mandi (05),Urban,15-34,Marginal workers_Seeking/available for work_Males,0,DDW-0200B-01ST-Census.xls,01ST
B0301ST,02,027,District - Mandi (05),Urban,35-59,Marginal workers_Seeking/available for work_Males,1,DDW-0200B-01ST-Census.xls,01ST
B0301ST,02,027,District - Mandi (05),Urban,60+,Marginal workers_Seeking/available for work_Males,0,DDW-0200B-01ST-Census.xls,01ST
B0301ST,02,027,District - Mandi (05),Urban,Age not stated,Marginal workers_Seeking/available for work_Males,0,DDW-0200B-01ST-Census.xls,01ST
B0301ST,02,027,District - Mandi (05),Urban,15-59,Marginal workers_Seeking/available for work_Males,1,DDW-0200B-01ST-Census.xls,01ST
B0301ST,02,028,District - Hamirpur (06),Total,Total,Marginal workers_Seeking/available for work_Males,159,DDW-0200B-01ST-Census.xls,01ST
B0301ST,02,028,District - Hamirpur (06),Total,5-14,Marginal workers_Seeking/available for work_Males,5,DDW-0200B-01ST-Census.xls,01ST
B0301ST,02,028,District - Hamirpur (06),Total,15-34,Marginal workers_Seeking/available for work_Males,99,DDW-0200B-01ST-Census.xls,01ST
B0301ST,02,028,District - Hamirpur (06),Total,35-59,Marginal workers_Seeking/available for work_Males,50,DDW-0200B-01ST-Census.xls,01ST
B0301ST,02,028,District - Hamirpur (06),Total,60+,Marginal workers_Seeking/available for work_Males,5,DDW-0200B-01ST-Census.xls,01ST
B0301ST,02,028,District - Hamirpur (06),Total,Age not stated,Marginal workers_Seeking/available for work_Males,0,DDW-0200B-01ST-Census.xls,01ST
B0301ST,02,028,District - Hamirpur (06),Total,15-59,Marginal workers_Seeking/available for work_Males,149,DDW-0200B-01ST-Census.xls,01ST
B0301ST,02,028,District - Hamirpur (06),Rural,Total,Marginal workers_Seeking/available for work_Males,158,DDW-0200B-01ST-Census.xls,01ST
B0301ST,02,028,District - Hamirpur (06),Rural,5-14,Marginal workers_Seeking/available for work_Males,5,DDW-0200B-01ST-Census.xls,01ST
B0301ST,02,028,District - Hamirpur (06),Rural,15-34,Marginal workers_Seeking/available for work_Males,98,DDW-0200B-01ST-Census.xls,01ST
B0301ST,02,028,District - Hamirpur (06),Rural,35-59,Marginal workers_Seeking/available for work_Males,50,DDW-0200B-01ST-Census.xls,01ST
B0301ST,02,028,District - Hamirpur (06),Rural,60+,Marginal workers_Seeking/available for work_Males,5,DDW-0200B-01ST-Census.xls,01ST
B0301ST,02,028,District - Hamirpur (06),Rural,Age not stated,Marginal workers_Seeking/available for work_Males,0,DDW-0200B-01ST-Census.xls,01ST
B0301ST,02,028,District - Hamirpur (06),Rural,15-59,Marginal workers_Seeking/available for work_Males,148,DDW-0200B-01ST-Census.xls,01ST
B0301ST,02,028,District - Hamirpur (06),Urban,Total,Marginal workers_Seeking/available for work_Males,1,DDW-0200B-01ST-Census.xls,01ST
B0301ST,02,028,District - Hamirpur (06),Urban,5-14,Marginal workers_Seeking/available for work_Males,0,DDW-0200B-01ST-Census.xls,01ST
B0301ST,02,028,District - Hamirpur (06),Urban,15-34,Marginal workers_Seeking/available for work_Males,1,DDW-0200B-01ST-Census.xls,01ST
B0301ST,02,028,District - Hamirpur (06),Urban,35-59,Marginal workers_Seeking/available for work_Males,0,DDW-0200B-01ST-Census.xls,01ST
B0301ST,02,028,District - Hamirpur (06),Urban,60+,Marginal workers_Seeking/available for work_Males,0,DDW-0200B-01ST-Census.xls,01ST
B0301ST,02,028,District - Hamirpur (06),Urban,Age not stated,Marginal workers_Seeking/available for work_Males,0,DDW-0200B-01ST-Census.xls,01ST
B0301ST,02,028,District - Hamirpur (06),Urban,15-59,Marginal workers_Seeking/available for work_Males,1,DDW-0200B-01ST-Census.xls,01ST
B0301ST,02,029,District - Una (07),Total,Total,Marginal workers_Seeking/available for work_Males,345,DDW-0200B-01ST-Census.xls,01ST
B0301ST,02,029,District - Una (07),Total,5-14,Marginal workers_Seeking/available for work_Males,0,DDW-0200B-01ST-Census.xls,01ST
B0301ST,02,029,District - Una (07),Total,15-34,Marginal workers_Seeking/available for work_Males,197,DDW-0200B-01ST-Census.xls,01ST
B0301ST,02,029,District - Una (07),Total,35-59,Marginal workers_Seeking/available for work_Males,128,DDW-0200B-01ST-Census.xls,01ST
B0301ST,02,029,District - Una (07),Total,60+,Marginal workers_Seeking/available for work_Males,20,DDW-0200B-01ST-Census.xls,01ST
B0301ST,02,029,District - Una (07),Total,Age not stated,Marginal workers_Seeking/available for work_Males,0,DDW-0200B-01ST-Census.xls,01ST
B0301ST,02,029,District - Una (07),Total,15-59,Marginal workers_Seeking/available for work_Males,325,DDW-0200B-01ST-Census.xls,01ST
B0301ST,02,029,District - Una (07),Rural,Total,Marginal workers_Seeking/available for work_Males,344,DDW-0200B-01ST-Census.xls,01ST
B0301ST,02,029,District - Una (07),Rural,5-14,Marginal workers_Seeking/available for work_Males,0,DDW-0200B-01ST-Census.xls,01ST
B0301ST,02,029,District - Una (07),Rural,15-34,Marginal workers_Seeking/available for work_Males,197,DDW-0200B-01ST-Census.xls,01ST
B0301ST,02,029,District - Una (07),Rural,35-59,Marginal workers_Seeking/available for work_Males,127,DDW-0200B-01ST-Census.xls,01ST
B0301ST,02,029,District - Una (07),Rural,60+,Marginal workers_Seeking/available for work_Males,20,DDW-0200B-01ST-Census.xls,01ST
B0301ST,02,029,District - Una (07),Rural,Age not stated,Marginal workers_Seeking/available for work_Males,0,DDW-0200B-01ST-Census.xls,01ST
B0301ST,02,029,District - Una (07),Rural,15-59,Marginal workers_Seeking/available for work_Males,324,DDW-0200B-01ST-Census.xls,01ST
B0301ST,02,029,District - Una (07),Urban,Total,Marginal workers_Seeking/available for work_Males,1,DDW-0200B-01ST-Census.xls,01ST
B0301ST,02,029,District - Una (07),Urban,5-14,Marginal workers_Seeking/available for work_Males,0,DDW-0200B-01ST-Census.xls,01ST
B0301ST,02,029,District - Una (07),Urban,15-34,Marginal workers_Seeking/available for work_Males,0,DDW-0200B-01ST-Census.xls,01ST
B0301ST,02,029,District - Una (07),Urban,35-59,Marginal workers_Seeking/available for work_Males,1,DDW-0200B-01ST-Census.xls,01ST
B0301ST,02,029,District - Una (07),Urban,60+,Marginal workers_Seeking/available for work_Males,0,DDW-0200B-01ST-Census.xls,01ST
B0301ST,02,029,District - Una (07),Urban,Age not stated,Marginal workers_Seeking/available for work_Males,0,DDW-0200B-01ST-Census.xls,01ST
B0301ST,02,029,District - Una (07),Urban,15-59,Marginal workers_Seeking/available for work_Males,1,DDW-0200B-01ST-Census.xls,01ST
B0301ST,02,030,District - Bilaspur (08),Total,Total,Marginal workers_Seeking/available for work_Males,562,DDW-0200B-01ST-Census.xls,01ST
B0301ST,02,030,District - Bilaspur (08),Total,5-14,Marginal workers_Seeking/available for work_Males,1,DDW-0200B-01ST-Census.xls,01ST
B0301ST,02,030,District - Bilaspur (08),Total,15-34,Marginal workers_Seeking/available for work_Males,377,DDW-0200B-01ST-Census.xls,01ST
B0301ST,02,030,District - Bilaspur (08),Total,35-59,Marginal workers_Seeking/available for work_Males,147,DDW-0200B-01ST-Census.xls,01ST
B0301ST,02,030,District - Bilaspur (08),Total,60+,Marginal workers_Seeking/available for work_Males,37,DDW-0200B-01ST-Census.xls,01ST
B0301ST,02,030,District - Bilaspur (08),Total,Age not stated,Marginal workers_Seeking/available for work_Males,0,DDW-0200B-01ST-Census.xls,01ST
B0301ST,02,030,District - Bilaspur (08),Total,15-59,Marginal workers_Seeking/available for work_Males,524,DDW-0200B-01ST-Census.xls,01ST
B0301ST,02,030,District - Bilaspur (08),Rural,Total,Marginal workers_Seeking/available for work_Males,555,DDW-0200B-01ST-Census.xls,01ST
B0301ST,02,030,District - Bilaspur (08),Rural,5-14,Marginal workers_Seeking/available for work_Males,1,DDW-0200B-01ST-Census.xls,01ST
B0301ST,02,030,District - Bilaspur (08),Rural,15-34,Marginal workers_Seeking/available for work_Males,371,DDW-0200B-01ST-Census.xls,01ST
B0301ST,02,030,District - Bilaspur (08),Rural,35-59,Marginal workers_Seeking/available for work_Males,146,DDW-0200B-01ST-Census.xls,01ST
B0301ST,02,030,District - Bilaspur (08),Rural,60+,Marginal workers_Seeking/available for work_Males,37,DDW-0200B-01ST-Census.xls,01ST
B0301ST,02,030,District - Bilaspur (08),Rural,Age not stated,Marginal workers_Seeking/available for work_Males,0,DDW-0200B-01ST-Census.xls,01ST
B0301ST,02,030,District - Bilaspur (08),Rural,15-59,Marginal workers_Seeking/available for work_Males,517,DDW-0200B-01ST-Census.xls,01ST
B0301ST,02,030,District - Bilaspur (08),Urban,Total,Marginal workers_Seeking/available for work_Males,7,DDW-0200B-01ST-Census.xls,01ST
B0301ST,02,030,District - Bilaspur (08),Urban,5-14,Marginal workers_Seeking/available for work_Males,0,DDW-0200B-01ST-Census.xls,01ST
B0301ST,02,030,District - Bilaspur (08),Urban,15-34,Marginal workers_Seeking/available for work_Males,6,DDW-0200B-01ST-Census.xls,01ST
B0301ST,02,030,District - Bilaspur (08),Urban,35-59,Marginal workers_Seeking/available for work_Males,1,DDW-0200B-01ST-Census.xls,01ST
B0301ST,02,030,District - Bilaspur (08),Urban,60+,Marginal workers_Seeking/available for work_Males,0,DDW-0200B-01ST-Census.xls,01ST
B0301ST,02,030,District - Bilaspur (08),Urban,Age not stated,Marginal workers_Seeking/available for work_Males,0,DDW-0200B-01ST-Census.xls,01ST
B0301ST,02,030,District - Bilaspur (08),Urban,15-59,Marginal workers_Seeking/available for work_Males,7,DDW-0200B-01ST-Census.xls,01ST
B0301ST,02,031,District - Solan (09),Total,Total,Marginal workers_Seeking/available for work_Males,319,DDW-0200B-01ST-Census.xls,01ST
B0301ST,02,031,District - Solan (09),Total,5-14,Marginal workers_Seeking/available for work_Males,6,DDW-0200B-01ST-Census.xls,01ST
B0301ST,02,031,District - Solan (09),Total,15-34,Marginal workers_Seeking/available for work_Males,233,DDW-0200B-01ST-Census.xls,01ST
B0301ST,02,031,District - Solan (09),Total,35-59,Marginal workers_Seeking/available for work_Males,69,DDW-0200B-01ST-Census.xls,01ST
B0301ST,02,031,District - Solan (09),Total,60+,Marginal workers_Seeking/available for work_Males,11,DDW-0200B-01ST-Census.xls,01ST
B0301ST,02,031,District - Solan (09),Total,Age not stated,Marginal workers_Seeking/available for work_Males,0,DDW-0200B-01ST-Census.xls,01ST
B0301ST,02,031,District - Solan (09),Total,15-59,Marginal workers_Seeking/available for work_Males,302,DDW-0200B-01ST-Census.xls,01ST
B0301ST,02,031,District - Solan (09),Rural,Total,Marginal workers_Seeking/available for work_Males,316,DDW-0200B-01ST-Census.xls,01ST
B0301ST,02,031,District - Solan (09),Rural,5-14,Marginal workers_Seeking/available for work_Males,6,DDW-0200B-01ST-Census.xls,01ST
B0301ST,02,031,District - Solan (09),Rural,15-34,Marginal workers_Seeking/available for work_Males,231,DDW-0200B-01ST-Census.xls,01ST
B0301ST,02,031,District - Solan (09),Rural,35-59,Marginal workers_Seeking/available for work_Males,68,DDW-0200B-01ST-Census.xls,01ST
B0301ST,02,031,District - Solan (09),Rural,60+,Marginal workers_Seeking/available for work_Males,11,DDW-0200B-01ST-Census.xls,01ST
B0301ST,02,031,District - Solan (09),Rural,Age not stated,Marginal workers_Seeking/available for work_Males,0,DDW-0200B-01ST-Census.xls,01ST
B0301ST,02,031,District - Solan (09),Rural,15-59,Marginal workers_Seeking/available for work_Males,299,DDW-0200B-01ST-Census.xls,01ST
B0301ST,02,031,District - Solan (09),Urban,Total,Marginal workers_Seeking/available for work_Males,3,DDW-0200B-01ST-Census.xls,01ST
B0301ST,02,031,District - Solan (09),Urban,5-14,Marginal workers_Seeking/available for work_Males,0,DDW-0200B-01ST-Census.xls,01ST
B0301ST,02,031,District - Solan (09),Urban,15-34,Marginal workers_Seeking/available for work_Males,2,DDW-0200B-01ST-Census.xls,01ST
B0301ST,02,031,District - Solan (09),Urban,35-59,Marginal workers_Seeking/available for work_Males,1,DDW-0200B-01ST-Census.xls,01ST
B0301ST,02,031,District - Solan (09),Urban,60+,Marginal workers_Seeking/available for work_Males,0,DDW-0200B-01ST-Census.xls,01ST
B0301ST,02,031,District - Solan (09),Urban,Age not stated,Marginal workers_Seeking/available for work_Males,0,DDW-0200B-01ST-Census.xls,01ST
B0301ST,02,031,District - Solan (09),Urban,15-59,Marginal workers_Seeking/available for work_Males,3,DDW-0200B-01ST-Census.xls,01ST
B0301ST,02,032,District - Sirmaur (10),Total,Total,Marginal workers_Seeking/available for work_Males,303,DDW-0200B-01ST-Census.xls,01ST
B0301ST,02,032,District - Sirmaur (10),Total,5-14,Marginal workers_Seeking/available for work_Males,4,DDW-0200B-01ST-Census.xls,01ST
B0301ST,02,032,District - Sirmaur (10),Total,15-34,Marginal workers_Seeking/available for work_Males,172,DDW-0200B-01ST-Census.xls,01ST
B0301ST,02,032,District - Sirmaur (10),Total,35-59,Marginal workers_Seeking/available for work_Males,104,DDW-0200B-01ST-Census.xls,01ST
B0301ST,02,032,District - Sirmaur (10),Total,60+,Marginal workers_Seeking/available for work_Males,23,DDW-0200B-01ST-Census.xls,01ST
B0301ST,02,032,District - Sirmaur (10),Total,Age not stated,Marginal workers_Seeking/available for work_Males,0,DDW-0200B-01ST-Census.xls,01ST
B0301ST,02,032,District - Sirmaur (10),Total,15-59,Marginal workers_Seeking/available for work_Males,276,DDW-0200B-01ST-Census.xls,01ST
B0301ST,02,032,District - Sirmaur (10),Rural,Total,Marginal workers_Seeking/available for work_Males,296,DDW-0200B-01ST-Census.xls,01ST
B0301ST,02,032,District - Sirmaur (10),Rural,5-14,Marginal workers_Seeking/available for work_Males,3,DDW-0200B-01ST-Census.xls,01ST
B0301ST,02,032,District - Sirmaur (10),Rural,15-34,Marginal workers_Seeking/available for work_Males,166,DDW-0200B-01ST-Census.xls,01ST
B0301ST,02,032,District - Sirmaur (10),Rural,35-59,Marginal workers_Seeking/available for work_Males,104,DDW-0200B-01ST-Census.xls,01ST
B0301ST,02,032,District - Sirmaur (10),Rural,60+,Marginal workers_Seeking/available for work_Males,23,DDW-0200B-01ST-Census.xls,01ST
B0301ST,02,032,District - Sirmaur (10),Rural,Age not stated,Marginal workers_Seeking/available for work_Males,0,DDW-0200B-01ST-Census.xls,01ST
B0301ST,02,032,District - Sirmaur (10),Rural,15-59,Marginal workers_Seeking/available for work_Males,270,DDW-0200B-01ST-Census.xls,01ST
B0301ST,02,032,District - Sirmaur (10),Urban,Total,Marginal workers_Seeking/available for work_Males,7,DDW-0200B-01ST-Census.xls,01ST
B0301ST,02,032,District - Sirmaur (10),Urban,5-14,Marginal workers_Seeking/available for work_Males,1,DDW-0200B-01ST-Census.xls,01ST
B0301ST,02,032,District - Sirmaur (10),Urban,15-34,Marginal workers_Seeking/available for work_Males,6,DDW-0200B-01ST-Census.xls,01ST
B0301ST,02,032,District - Sirmaur (10),Urban,35-59,Marginal workers_Seeking/available for work_Males,0,DDW-0200B-01ST-Census.xls,01ST
B0301ST,02,032,District - Sirmaur (10),Urban,60+,Marginal workers_Seeking/available for work_Males,0,DDW-0200B-01ST-Census.xls,01ST
B0301ST,02,032,District - Sirmaur (10),Urban,Age not stated,Marginal workers_Seeking/available for work_Males,0,DDW-0200B-01ST-Census.xls,01ST
B0301ST,02,032,District - Sirmaur (10),Urban,15-59,Marginal workers_Seeking/available for work_Males,6,DDW-0200B-01ST-Census.xls,01ST
B0301ST,02,033,District - Shimla (11),Total,Total,Marginal workers_Seeking/available for work_Males,131,DDW-0200B-01ST-Census.xls,01ST
B0301ST,02,033,District - Shimla (11),Total,5-14,Marginal workers_Seeking/available for work_Males,9,DDW-0200B-01ST-Census.xls,01ST
B0301ST,02,033,District - Shimla (11),Total,15-34,Marginal workers_Seeking/available for work_Males,91,DDW-0200B-01ST-Census.xls,01ST
B0301ST,02,033,District - Shimla (11),Total,35-59,Marginal workers_Seeking/available for work_Males,29,DDW-0200B-01ST-Census.xls,01ST
B0301ST,02,033,District - Shimla (11),Total,60+,Marginal workers_Seeking/available for work_Males,2,DDW-0200B-01ST-Census.xls,01ST
B0301ST,02,033,District - Shimla (11),Total,Age not stated,Marginal workers_Seeking/available for work_Males,0,DDW-0200B-01ST-Census.xls,01ST
B0301ST,02,033,District - Shimla (11),Total,15-59,Marginal workers_Seeking/available for work_Males,120,DDW-0200B-01ST-Census.xls,01ST
B0301ST,02,033,District - Shimla (11),Rural,Total,Marginal workers_Seeking/available for work_Males,97,DDW-0200B-01ST-Census.xls,01ST
B0301ST,02,033,District - Shimla (11),Rural,5-14,Marginal workers_Seeking/available for work_Males,9,DDW-0200B-01ST-Census.xls,01ST
B0301ST,02,033,District - Shimla (11),Rural,15-34,Marginal workers_Seeking/available for work_Males,63,DDW-0200B-01ST-Census.xls,01ST
B0301ST,02,033,District - Shimla (11),Rural,35-59,Marginal workers_Seeking/available for work_Males,23,DDW-0200B-01ST-Census.xls,01ST
B0301ST,02,033,District - Shimla (11),Rural,60+,Marginal workers_Seeking/available for work_Males,2,DDW-0200B-01ST-Census.xls,01ST
B0301ST,02,033,District - Shimla (11),Rural,Age not stated,Marginal workers_Seeking/available for work_Males,0,DDW-0200B-01ST-Census.xls,01ST
B0301ST,02,033,District - Shimla (11),Rural,15-59,Marginal workers_Seeking/available for work_Males,86,DDW-0200B-01ST-Census.xls,01ST
B0301ST,02,033,District - Shimla (11),Urban,Total,Marginal workers_Seeking/available for work_Males,34,DDW-0200B-01ST-Census.xls,01ST
B0301ST,02,033,District - Shimla (11),Urban,5-14,Marginal workers_Seeking/available for work_Males,0,DDW-0200B-01ST-Census.xls,01ST
B0301ST,02,033,District - Shimla (11),Urban,15-34,Marginal workers_Seeking/available for work_Males,28,DDW-0200B-01ST-Census.xls,01ST
B0301ST,02,033,District - Shimla (11),Urban,35-59,Marginal workers_Seeking/available for work_Males,6,DDW-0200B-01ST-Census.xls,01ST
B0301ST,02,033,District - Shimla (11),Urban,60+,Marginal workers_Seeking/available for work_Males,0,DDW-0200B-01ST-Census.xls,01ST
B0301ST,02,033,District - Shimla (11),Urban,Age not stated,Marginal workers_Seeking/available for work_Males,0,DDW-0200B-01ST-Census.xls,01ST
B0301ST,02,033,District - Shimla (11),Urban,15-59,Marginal workers_Seeking/available for work_Males,34,DDW-0200B-01ST-Census.xls,01ST
B0301ST,02,034,District - Kinnaur (12),Total,Total,Marginal workers_Seeking/available for work_Males,1112,DDW-0200B-01ST-Census.xls,01ST
B0301ST,02,034,District - Kinnaur (12),Total,5-14,Marginal workers_Seeking/available for work_Males,67,DDW-0200B-01ST-Census.xls,01ST
B0301ST,02,034,District - Kinnaur (12),Total,15-34,Marginal workers_Seeking/available for work_Males,772,DDW-0200B-01ST-Census.xls,01ST
B0301ST,02,034,District - Kinnaur (12),Total,35-59,Marginal workers_Seeking/available for work_Males,218,DDW-0200B-01ST-Census.xls,01ST
B0301ST,02,034,District - Kinnaur (12),Total,60+,Marginal workers_Seeking/available for work_Males,54,DDW-0200B-01ST-Census.xls,01ST
B0301ST,02,034,District - Kinnaur (12),Total,Age not stated,Marginal workers_Seeking/available for work_Males,1,DDW-0200B-01ST-Census.xls,01ST
B0301ST,02,034,District - Kinnaur (12),Total,15-59,Marginal workers_Seeking/available for work_Males,990,DDW-0200B-01ST-Census.xls,01ST
B0301ST,02,034,District - Kinnaur (12),Rural,Total,Marginal workers_Seeking/available for work_Males,1112,DDW-0200B-01ST-Census.xls,01ST
B0301ST,02,034,District - Kinnaur (12),Rural,5-14,Marginal workers_Seeking/available for work_Males,67,DDW-0200B-01ST-Census.xls,01ST
B0301ST,02,034,District - Kinnaur (12),Rural,15-34,Marginal workers_Seeking/available for work_Males,772,DDW-0200B-01ST-Census.xls,01ST
B0301ST,02,034,District - Kinnaur (12),Rural,35-59,Marginal workers_Seeking/available for work_Males,218,DDW-0200B-01ST-Census.xls,01ST
B0301ST,02,034,District - Kinnaur (12),Rural,60+,Marginal workers_Seeking/available for work_Males,54,DDW-0200B-01ST-Census.xls,01ST
B0301ST,02,034,District - Kinnaur (12),Rural,Age not stated,Marginal workers_Seeking/available for work_Males,1,DDW-0200B-01ST-Census.xls,01ST
B0301ST,02,034,District - Kinnaur (12),Rural,15-59,Marginal workers_Seeking/available for work_Males,990,DDW-0200B-01ST-Census.xls,01ST
B0301ST,02,034,District - Kinnaur (12),Urban,Total,Marginal workers_Seeking/available for work_Males,0,DDW-0200B-01ST-Census.xls,01ST
B0301ST,02,034,District - Kinnaur (12),Urban,5-14,Marginal workers_Seeking/available for work_Males,0,DDW-0200B-01ST-Census.xls,01ST
B0301ST,02,034,District - Kinnaur (12),Urban,15-34,Marginal workers_Seeking/available for work_Males,0,DDW-0200B-01ST-Census.xls,01ST
B0301ST,02,034,District - Kinnaur (12),Urban,35-59,Marginal workers_Seeking/available for work_Males,0,DDW-0200B-01ST-Census.xls,01ST
B0301ST,02,034,District - Kinnaur (12),Urban,60+,Marginal workers_Seeking/available for work_Males,0,DDW-0200B-01ST-Census.xls,01ST
B0301ST,02,034,District - Kinnaur (12),Urban,Age not stated,Marginal workers_Seeking/available for work_Males,0,DDW-0200B-01ST-Census.xls,01ST
B0301ST,02,034,District - Kinnaur (12),Urban,15-59,Marginal workers_Seeking/available for work_Males,0,DDW-0200B-01ST-Census.xls,01ST
B0301ST,02,000,State - HIMACHAL PRADESH (02),Total,Total,Marginal workers_Seeking/available for work_Females,17685,DDW-0200B-01ST-Census.xls,01ST
B0301ST,02,000,State - HIMACHAL PRADESH (02),Total,5-14,Marginal workers_Seeking/available for work_Females,419,DDW-0200B-01ST-Census.xls,01ST
B0301ST,02,000,State - HIMACHAL PRADESH (02),Total,15-34,Marginal workers_Seeking/available for work_Females,11100,DDW-0200B-01ST-Census.xls,01ST
B0301ST,02,000,State - HIMACHAL PRADESH (02),Total,35-59,Marginal workers_Seeking/available for work_Females,5467,DDW-0200B-01ST-Census.xls,01ST
B0301ST,02,000,State - HIMACHAL PRADESH (02),Total,60+,Marginal workers_Seeking/available for work_Females,677,DDW-0200B-01ST-Census.xls,01ST
B0301ST,02,000,State - HIMACHAL PRADESH (02),Total,Age not stated,Marginal workers_Seeking/available for work_Females,22,DDW-0200B-01ST-Census.xls,01ST
B0301ST,02,000,State - HIMACHAL PRADESH (02),Total,15-59,Marginal workers_Seeking/available for work_Females,16567,DDW-0200B-01ST-Census.xls,01ST
B0301ST,02,000,State - HIMACHAL PRADESH (02),Rural,Total,Marginal workers_Seeking/available for work_Females,17531,DDW-0200B-01ST-Census.xls,01ST
B0301ST,02,000,State - HIMACHAL PRADESH (02),Rural,5-14,Marginal workers_Seeking/available for work_Females,419,DDW-0200B-01ST-Census.xls,01ST
B0301ST,02,000,State - HIMACHAL PRADESH (02),Rural,15-34,Marginal workers_Seeking/available for work_Females,10994,DDW-0200B-01ST-Census.xls,01ST
B0301ST,02,000,State - HIMACHAL PRADESH (02),Rural,35-59,Marginal workers_Seeking/available for work_Females,5425,DDW-0200B-01ST-Census.xls,01ST
B0301ST,02,000,State - HIMACHAL PRADESH (02),Rural,60+,Marginal workers_Seeking/available for work_Females,671,DDW-0200B-01ST-Census.xls,01ST
B0301ST,02,000,State - HIMACHAL PRADESH (02),Rural,Age not stated,Marginal workers_Seeking/available for work_Females,22,DDW-0200B-01ST-Census.xls,01ST
B0301ST,02,000,State - HIMACHAL PRADESH (02),Rural,15-59,Marginal workers_Seeking/available for work_Females,16419,DDW-0200B-01ST-Census.xls,01ST
B0301ST,02,000,State - HIMACHAL PRADESH (02),Urban,Total,Marginal workers_Seeking/available for work_Females,154,DDW-0200B-01ST-Census.xls,01ST
B0301ST,02,000,State - HIMACHAL PRADESH (02),Urban,5-14,Marginal workers_Seeking/available for work_Females,0,DDW-0200B-01ST-Census.xls,01ST
B0301ST,02,000,State - HIMACHAL PRADESH (02),Urban,15-34,Marginal workers_Seeking/available for work_Females,106,DDW-0200B-01ST-Census.xls,01ST
B0301ST,02,000,State - HIMACHAL PRADESH (02),Urban,35-59,Marginal workers_Seeking/available for work_Females,42,DDW-0200B-01ST-Census.xls,01ST
B0301ST,02,000,State - HIMACHAL PRADESH (02),Urban,60+,Marginal workers_Seeking/available for work_Females,6,DDW-0200B-01ST-Census.xls,01ST
B0301ST,02,000,State - HIMACHAL PRADESH (02),Urban,Age not stated,Marginal workers_Seeking/available for work_Females,0,DDW-0200B-01ST-Census.xls,01ST
B0301ST,02,000,State - HIMACHAL PRADESH (02),Urban,15-59,Marginal workers_Seeking/available for work_Females,148,DDW-0200B-01ST-Census.xls,01ST
B0301ST,02,023,District - Chamba (01),Total,Total,Marginal workers_Seeking/available for work_Females,9392,DDW-0200B-01ST-Census.xls,01ST
B0301ST,02,023,District - Chamba (01),Total,5-14,Marginal workers_Seeking/available for work_Females,244,DDW-0200B-01ST-Census.xls,01ST
B0301ST,02,023,District - Chamba (01),Total,15-34,Marginal workers_Seeking/available for work_Females,6066,DDW-0200B-01ST-Census.xls,01ST
B0301ST,02,023,District - Chamba (01),Total,35-59,Marginal workers_Seeking/available for work_Females,2747,DDW-0200B-01ST-Census.xls,01ST
B0301ST,02,023,District - Chamba (01),Total,60+,Marginal workers_Seeking/available for work_Females,332,DDW-0200B-01ST-Census.xls,01ST
B0301ST,02,023,District - Chamba (01),Total,Age not stated,Marginal workers_Seeking/available for work_Females,3,DDW-0200B-01ST-Census.xls,01ST
B0301ST,02,023,District - Chamba (01),Total,15-59,Marginal workers_Seeking/available for work_Females,8813,DDW-0200B-01ST-Census.xls,01ST
B0301ST,02,023,District - Chamba (01),Rural,Total,Marginal workers_Seeking/available for work_Females,9353,DDW-0200B-01ST-Census.xls,01ST
B0301ST,02,023,District - Chamba (01),Rural,5-14,Marginal workers_Seeking/available for work_Females,244,DDW-0200B-01ST-Census.xls,01ST
B0301ST,02,023,District - Chamba (01),Rural,15-34,Marginal workers_Seeking/available for work_Females,6047,DDW-0200B-01ST-Census.xls,01ST
B0301ST,02,023,District - Chamba (01),Rural,35-59,Marginal workers_Seeking/available for work_Females,2732,DDW-0200B-01ST-Census.xls,01ST
B0301ST,02,023,District - Chamba (01),Rural,60+,Marginal workers_Seeking/available for work_Females,327,DDW-0200B-01ST-Census.xls,01ST
B0301ST,02,023,District - Chamba (01),Rural,Age not stated,Marginal workers_Seeking/available for work_Females,3,DDW-0200B-01ST-Census.xls,01ST
B0301ST,02,023,District - Chamba (01),Rural,15-59,Marginal workers_Seeking/available for work_Females,8779,DDW-0200B-01ST-Census.xls,01ST
B0301ST,02,023,District - Chamba (01),Urban,Total,Marginal workers_Seeking/available for work_Females,39,DDW-0200B-01ST-Census.xls,01ST
B0301ST,02,023,District - Chamba (01),Urban,5-14,Marginal workers_Seeking/available for work_Females,0,DDW-0200B-01ST-Census.xls,01ST
B0301ST,02,023,District - Chamba (01),Urban,15-34,Marginal workers_Seeking/available for work_Females,19,DDW-0200B-01ST-Census.xls,01ST
B0301ST,02,023,District - Chamba (01),Urban,35-59,Marginal workers_Seeking/available for work_Females,15,DDW-0200B-01ST-Census.xls,01ST
B0301ST,02,023,District - Chamba (01),Urban,60+,Marginal workers_Seeking/available for work_Females,5,DDW-0200B-01ST-Census.xls,01ST
B0301ST,02,023,District - Chamba (01),Urban,Age not stated,Marginal workers_Seeking/available for work_Females,0,DDW-0200B-01ST-Census.xls,01ST
B0301ST,02,023,District - Chamba (01),Urban,15-59,Marginal workers_Seeking/available for work_Females,34,DDW-0200B-01ST-Census.xls,01ST
B0301ST,02,024,District - Kangra (02),Total,Total,Marginal workers_Seeking/available for work_Females,3420,DDW-0200B-01ST-Census.xls,01ST
B0301ST,02,024,District - Kangra (02),Total,5-14,Marginal workers_Seeking/available for work_Females,24,DDW-0200B-01ST-Census.xls,01ST
B0301ST,02,024,District - Kangra (02),Total,15-34,Marginal workers_Seeking/available for work_Females,1865,DDW-0200B-01ST-Census.xls,01ST
B0301ST,02,024,District - Kangra (02),Total,35-59,Marginal workers_Seeking/available for work_Females,1377,DDW-0200B-01ST-Census.xls,01ST
B0301ST,02,024,District - Kangra (02),Total,60+,Marginal workers_Seeking/available for work_Females,141,DDW-0200B-01ST-Census.xls,01ST
B0301ST,02,024,District - Kangra (02),Total,Age not stated,Marginal workers_Seeking/available for work_Females,13,DDW-0200B-01ST-Census.xls,01ST
B0301ST,02,024,District - Kangra (02),Total,15-59,Marginal workers_Seeking/available for work_Females,3242,DDW-0200B-01ST-Census.xls,01ST
B0301ST,02,024,District - Kangra (02),Rural,Total,Marginal workers_Seeking/available for work_Females,3397,DDW-0200B-01ST-Census.xls,01ST
B0301ST,02,024,District - Kangra (02),Rural,5-14,Marginal workers_Seeking/available for work_Females,24,DDW-0200B-01ST-Census.xls,01ST
B0301ST,02,024,District - Kangra (02),Rural,15-34,Marginal workers_Seeking/available for work_Females,1851,DDW-0200B-01ST-Census.xls,01ST
B0301ST,02,024,District - Kangra (02),Rural,35-59,Marginal workers_Seeking/available for work_Females,1368,DDW-0200B-01ST-Census.xls,01ST
B0301ST,02,024,District - Kangra (02),Rural,60+,Marginal workers_Seeking/available for work_Females,141,DDW-0200B-01ST-Census.xls,01ST
B0301ST,02,024,District - Kangra (02),Rural,Age not stated,Marginal workers_Seeking/available for work_Females,13,DDW-0200B-01ST-Census.xls,01ST
B0301ST,02,024,District - Kangra (02),Rural,15-59,Marginal workers_Seeking/available for work_Females,3219,DDW-0200B-01ST-Census.xls,01ST
B0301ST,02,024,District - Kangra (02),Urban,Total,Marginal workers_Seeking/available for work_Females,23,DDW-0200B-01ST-Census.xls,01ST
B0301ST,02,024,District - Kangra (02),Urban,5-14,Marginal workers_Seeking/available for work_Females,0,DDW-0200B-01ST-Census.xls,01ST
B0301ST,02,024,District - Kangra (02),Urban,15-34,Marginal workers_Seeking/available for work_Females,14,DDW-0200B-01ST-Census.xls,01ST
B0301ST,02,024,District - Kangra (02),Urban,35-59,Marginal workers_Seeking/available for work_Females,9,DDW-0200B-01ST-Census.xls,01ST
B0301ST,02,024,District - Kangra (02),Urban,60+,Marginal workers_Seeking/available for work_Females,0,DDW-0200B-01ST-Census.xls,01ST
B0301ST,02,024,District - Kangra (02),Urban,Age not stated,Marginal workers_Seeking/available for work_Females,0,DDW-0200B-01ST-Census.xls,01ST
B0301ST,02,024,District - Kangra (02),Urban,15-59,Marginal workers_Seeking/available for work_Females,23,DDW-0200B-01ST-Census.xls,01ST
B0301ST,02,025,District - Lahul & Spiti (03),Total,Total,Marginal workers_Seeking/available for work_Females,829,DDW-0200B-01ST-Census.xls,01ST
B0301ST,02,025,District - Lahul & Spiti (03),Total,5-14,Marginal workers_Seeking/available for work_Females,6,DDW-0200B-01ST-Census.xls,01ST
B0301ST,02,025,District - Lahul & Spiti (03),Total,15-34,Marginal workers_Seeking/available for work_Females,535,DDW-0200B-01ST-Census.xls,01ST
B0301ST,02,025,District - Lahul & Spiti (03),Total,35-59,Marginal workers_Seeking/available for work_Females,256,DDW-0200B-01ST-Census.xls,01ST
B0301ST,02,025,District - Lahul & Spiti (03),Total,60+,Marginal workers_Seeking/available for work_Females,29,DDW-0200B-01ST-Census.xls,01ST
B0301ST,02,025,District - Lahul & Spiti (03),Total,Age not stated,Marginal workers_Seeking/available for work_Females,3,DDW-0200B-01ST-Census.xls,01ST
B0301ST,02,025,District - Lahul & Spiti (03),Total,15-59,Marginal workers_Seeking/available for work_Females,791,DDW-0200B-01ST-Census.xls,01ST
B0301ST,02,025,District - Lahul & Spiti (03),Rural,Total,Marginal workers_Seeking/available for work_Females,829,DDW-0200B-01ST-Census.xls,01ST
B0301ST,02,025,District - Lahul & Spiti (03),Rural,5-14,Marginal workers_Seeking/available for work_Females,6,DDW-0200B-01ST-Census.xls,01ST
B0301ST,02,025,District - Lahul & Spiti (03),Rural,15-34,Marginal workers_Seeking/available for work_Females,535,DDW-0200B-01ST-Census.xls,01ST
B0301ST,02,025,District - Lahul & Spiti (03),Rural,35-59,Marginal workers_Seeking/available for work_Females,256,DDW-0200B-01ST-Census.xls,01ST
B0301ST,02,025,District - Lahul & Spiti (03),Rural,60+,Marginal workers_Seeking/available for work_Females,29,DDW-0200B-01ST-Census.xls,01ST
B0301ST,02,025,District - Lahul & Spiti (03),Rural,Age not stated,Marginal workers_Seeking/available for work_Females,3,DDW-0200B-01ST-Census.xls,01ST
B0301ST,02,025,District - Lahul & Spiti (03),Rural,15-59,Marginal workers_Seeking/available for work_Females,791,DDW-0200B-01ST-Census.xls,01ST
B0301ST,02,025,District - Lahul & Spiti (03),Urban,Total,Marginal workers_Seeking/available for work_Females,0,DDW-0200B-01ST-Census.xls,01ST
B0301ST,02,025,District - Lahul & Spiti (03),Urban,5-14,Marginal workers_Seeking/available for work_Females,0,DDW-0200B-01ST-Census.xls,01ST
B0301ST,02,025,District - Lahul & Spiti (03),Urban,15-34,Marginal workers_Seeking/available for work_Females,0,DDW-0200B-01ST-Census.xls,01ST
B0301ST,02,025,District - Lahul & Spiti (03),Urban,35-59,Marginal workers_Seeking/available for work_Females,0,DDW-0200B-01ST-Census.xls,01ST
B0301ST,02,025,District - Lahul & Spiti (03),Urban,60+,Marginal workers_Seeking/available for work_Females,0,DDW-0200B-01ST-Census.xls,01ST
B0301ST,02,025,District - Lahul & Spiti (03),Urban,Age not stated,Marginal workers_Seeking/available for work_Females,0,DDW-0200B-01ST-Census.xls,01ST
B0301ST,02,025,District - Lahul & Spiti (03),Urban,15-59,Marginal workers_Seeking/available for work_Females,0,DDW-0200B-01ST-Census.xls,01ST
B0301ST,02,026,District - Kullu (04),Total,Total,Marginal workers_Seeking/available for work_Females,450,DDW-0200B-01ST-Census.xls,01ST
B0301ST,02,026,District - Kullu (04),Total,5-14,Marginal workers_Seeking/available for work_Females,9,DDW-0200B-01ST-Census.xls,01ST
B0301ST,02,026,District - Kullu (04),Total,15-34,Marginal workers_Seeking/available for work_Females,296,DDW-0200B-01ST-Census.xls,01ST
B0301ST,02,026,District - Kullu (04),Total,35-59,Marginal workers_Seeking/available for work_Females,130,DDW-0200B-01ST-Census.xls,01ST
B0301ST,02,026,District - Kullu (04),Total,60+,Marginal workers_Seeking/available for work_Females,15,DDW-0200B-01ST-Census.xls,01ST
B0301ST,02,026,District - Kullu (04),Total,Age not stated,Marginal workers_Seeking/available for work_Females,0,DDW-0200B-01ST-Census.xls,01ST
B0301ST,02,026,District - Kullu (04),Total,15-59,Marginal workers_Seeking/available for work_Females,426,DDW-0200B-01ST-Census.xls,01ST
B0301ST,02,026,District - Kullu (04),Rural,Total,Marginal workers_Seeking/available for work_Females,426,DDW-0200B-01ST-Census.xls,01ST
B0301ST,02,026,District - Kullu (04),Rural,5-14,Marginal workers_Seeking/available for work_Females,9,DDW-0200B-01ST-Census.xls,01ST
B0301ST,02,026,District - Kullu (04),Rural,15-34,Marginal workers_Seeking/available for work_Females,284,DDW-0200B-01ST-Census.xls,01ST
B0301ST,02,026,District - Kullu (04),Rural,35-59,Marginal workers_Seeking/available for work_Females,119,DDW-0200B-01ST-Census.xls,01ST
B0301ST,02,026,District - Kullu (04),Rural,60+,Marginal workers_Seeking/available for work_Females,14,DDW-0200B-01ST-Census.xls,01ST
B0301ST,02,026,District - Kullu (04),Rural,Age not stated,Marginal workers_Seeking/available for work_Females,0,DDW-0200B-01ST-Census.xls,01ST
B0301ST,02,026,District - Kullu (04),Rural,15-59,Marginal workers_Seeking/available for work_Females,403,DDW-0200B-01ST-Census.xls,01ST
B0301ST,02,026,District - Kullu (04),Urban,Total,Marginal workers_Seeking/available for work_Females,24,DDW-0200B-01ST-Census.xls,01ST
B0301ST,02,026,District - Kullu (04),Urban,5-14,Marginal workers_Seeking/available for work_Females,0,DDW-0200B-01ST-Census.xls,01ST
B0301ST,02,026,District - Kullu (04),Urban,15-34,Marginal workers_Seeking/available for work_Females,12,DDW-0200B-01ST-Census.xls,01ST
B0301ST,02,026,District - Kullu (04),Urban,35-59,Marginal workers_Seeking/available for work_Females,11,DDW-0200B-01ST-Census.xls,01ST
B0301ST,02,026,District - Kullu (04),Urban,60+,Marginal workers_Seeking/available for work_Females,1,DDW-0200B-01ST-Census.xls,01ST
B0301ST,02,026,District - Kullu (04),Urban,Age not stated,Marginal workers_Seeking/available for work_Females,0,DDW-0200B-01ST-Census.xls,01ST
B0301ST,02,026,District - Kullu (04),Urban,15-59,Marginal workers_Seeking/available for work_Females,23,DDW-0200B-01ST-Census.xls,01ST
B0301ST,02,027,District - Mandi (05),Total,Total,Marginal workers_Seeking/available for work_Females,994,DDW-0200B-01ST-Census.xls,01ST
B0301ST,02,027,District - Mandi (05),Total,5-14,Marginal workers_Seeking/available for work_Females,21,DDW-0200B-01ST-Census.xls,01ST
B0301ST,02,027,District - Mandi (05),Total,15-34,Marginal workers_Seeking/available for work_Females,578,DDW-0200B-01ST-Census.xls,01ST
B0301ST,02,027,District - Mandi (05),Total,35-59,Marginal workers_Seeking/available for work_Females,359,DDW-0200B-01ST-Census.xls,01ST
B0301ST,02,027,District - Mandi (05),Total,60+,Marginal workers_Seeking/available for work_Females,34,DDW-0200B-01ST-Census.xls,01ST
B0301ST,02,027,District - Mandi (05),Total,Age not stated,Marginal workers_Seeking/available for work_Females,2,DDW-0200B-01ST-Census.xls,01ST
B0301ST,02,027,District - Mandi (05),Total,15-59,Marginal workers_Seeking/available for work_Females,937,DDW-0200B-01ST-Census.xls,01ST
B0301ST,02,027,District - Mandi (05),Rural,Total,Marginal workers_Seeking/available for work_Females,987,DDW-0200B-01ST-Census.xls,01ST
B0301ST,02,027,District - Mandi (05),Rural,5-14,Marginal workers_Seeking/available for work_Females,21,DDW-0200B-01ST-Census.xls,01ST
B0301ST,02,027,District - Mandi (05),Rural,15-34,Marginal workers_Seeking/available for work_Females,574,DDW-0200B-01ST-Census.xls,01ST
B0301ST,02,027,District - Mandi (05),Rural,35-59,Marginal workers_Seeking/available for work_Females,356,DDW-0200B-01ST-Census.xls,01ST
B0301ST,02,027,District - Mandi (05),Rural,60+,Marginal workers_Seeking/available for work_Females,34,DDW-0200B-01ST-Census.xls,01ST
B0301ST,02,027,District - Mandi (05),Rural,Age not stated,Marginal workers_Seeking/available for work_Females,2,DDW-0200B-01ST-Census.xls,01ST
B0301ST,02,027,District - Mandi (05),Rural,15-59,Marginal workers_Seeking/available for work_Females,930,DDW-0200B-01ST-Census.xls,01ST
B0301ST,02,027,District - Mandi (05),Urban,Total,Marginal workers_Seeking/available for work_Females,7,DDW-0200B-01ST-Census.xls,01ST
B0301ST,02,027,District - Mandi (05),Urban,5-14,Marginal workers_Seeking/available for work_Females,0,DDW-0200B-01ST-Census.xls,01ST
B0301ST,02,027,District - Mandi (05),Urban,15-34,Marginal workers_Seeking/available for work_Females,4,DDW-0200B-01ST-Census.xls,01ST
B0301ST,02,027,District - Mandi (05),Urban,35-59,Marginal workers_Seeking/available for work_Females,3,DDW-0200B-01ST-Census.xls,01ST
B0301ST,02,027,District - Mandi (05),Urban,60+,Marginal workers_Seeking/available for work_Females,0,DDW-0200B-01ST-Census.xls,01ST
B0301ST,02,027,District - Mandi (05),Urban,Age not stated,Marginal workers_Seeking/available for work_Females,0,DDW-0200B-01ST-Census.xls,01ST
B0301ST,02,027,District - Mandi (05),Urban,15-59,Marginal workers_Seeking/available for work_Females,7,DDW-0200B-01ST-Census.xls,01ST
B0301ST,02,028,District - Hamirpur (06),Total,Total,Marginal workers_Seeking/available for work_Females,128,DDW-0200B-01ST-Census.xls,01ST
B0301ST,02,028,District - Hamirpur (06),Total,5-14,Marginal workers_Seeking/available for work_Females,1,DDW-0200B-01ST-Census.xls,01ST
B0301ST,02,028,District - Hamirpur (06),Total,15-34,Marginal workers_Seeking/available for work_Females,80,DDW-0200B-01ST-Census.xls,01ST
B0301ST,02,028,District - Hamirpur (06),Total,35-59,Marginal workers_Seeking/available for work_Females,44,DDW-0200B-01ST-Census.xls,01ST
B0301ST,02,028,District - Hamirpur (06),Total,60+,Marginal workers_Seeking/available for work_Females,3,DDW-0200B-01ST-Census.xls,01ST
B0301ST,02,028,District - Hamirpur (06),Total,Age not stated,Marginal workers_Seeking/available for work_Females,0,DDW-0200B-01ST-Census.xls,01ST
B0301ST,02,028,District - Hamirpur (06),Total,15-59,Marginal workers_Seeking/available for work_Females,124,DDW-0200B-01ST-Census.xls,01ST
B0301ST,02,028,District - Hamirpur (06),Rural,Total,Marginal workers_Seeking/available for work_Females,127,DDW-0200B-01ST-Census.xls,01ST
B0301ST,02,028,District - Hamirpur (06),Rural,5-14,Marginal workers_Seeking/available for work_Females,1,DDW-0200B-01ST-Census.xls,01ST
B0301ST,02,028,District - Hamirpur (06),Rural,15-34,Marginal workers_Seeking/available for work_Females,79,DDW-0200B-01ST-Census.xls,01ST
B0301ST,02,028,District - Hamirpur (06),Rural,35-59,Marginal workers_Seeking/available for work_Females,44,DDW-0200B-01ST-Census.xls,01ST
B0301ST,02,028,District - Hamirpur (06),Rural,60+,Marginal workers_Seeking/available for work_Females,3,DDW-0200B-01ST-Census.xls,01ST
B0301ST,02,028,District - Hamirpur (06),Rural,Age not stated,Marginal workers_Seeking/available for work_Females,0,DDW-0200B-01ST-Census.xls,01ST
B0301ST,02,028,District - Hamirpur (06),Rural,15-59,Marginal workers_Seeking/available for work_Females,123,DDW-0200B-01ST-Census.xls,01ST
B0301ST,02,028,District - Hamirpur (06),Urban,Total,Marginal workers_Seeking/available for work_Females,1,DDW-0200B-01ST-Census.xls,01ST
B0301ST,02,028,District - Hamirpur (06),Urban,5-14,Marginal workers_Seeking/available for work_Females,0,DDW-0200B-01ST-Census.xls,01ST
B0301ST,02,028,District - Hamirpur (06),Urban,15-34,Marginal workers_Seeking/available for work_Females,1,DDW-0200B-01ST-Census.xls,01ST
B0301ST,02,028,District - Hamirpur (06),Urban,35-59,Marginal workers_Seeking/available for work_Females,0,DDW-0200B-01ST-Census.xls,01ST
B0301ST,02,028,District - Hamirpur (06),Urban,60+,Marginal workers_Seeking/available for work_Females,0,DDW-0200B-01ST-Census.xls,01ST
B0301ST,02,028,District - Hamirpur (06),Urban,Age not stated,Marginal workers_Seeking/available for work_Females,0,DDW-0200B-01ST-Census.xls,01ST
B0301ST,02,028,District - Hamirpur (06),Urban,15-59,Marginal workers_Seeking/available for work_Females,1,DDW-0200B-01ST-Census.xls,01ST
B0301ST,02,029,District - Una (07),Total,Total,Marginal workers_Seeking/available for work_Females,213,DDW-0200B-01ST-Census.xls,01ST
B0301ST,02,029,District - Una (07),Total,5-14,Marginal workers_Seeking/available for work_Females,1,DDW-0200B-01ST-Census.xls,01ST
B0301ST,02,029,District - Una (07),Total,15-34,Marginal workers_Seeking/available for work_Females,150,DDW-0200B-01ST-Census.xls,01ST
B0301ST,02,029,District - Una (07),Total,35-59,Marginal workers_Seeking/available for work_Females,60,DDW-0200B-01ST-Census.xls,01ST
B0301ST,02,029,District - Una (07),Total,60+,Marginal workers_Seeking/available for work_Females,2,DDW-0200B-01ST-Census.xls,01ST
B0301ST,02,029,District - Una (07),Total,Age not stated,Marginal workers_Seeking/available for work_Females,0,DDW-0200B-01ST-Census.xls,01ST
B0301ST,02,029,District - Una (07),Total,15-59,Marginal workers_Seeking/available for work_Females,210,DDW-0200B-01ST-Census.xls,01ST
B0301ST,02,029,District - Una (07),Rural,Total,Marginal workers_Seeking/available for work_Females,212,DDW-0200B-01ST-Census.xls,01ST
B0301ST,02,029,District - Una (07),Rural,5-14,Marginal workers_Seeking/available for work_Females,1,DDW-0200B-01ST-Census.xls,01ST
B0301ST,02,029,District - Una (07),Rural,15-34,Marginal workers_Seeking/available for work_Females,150,DDW-0200B-01ST-Census.xls,01ST
B0301ST,02,029,District - Una (07),Rural,35-59,Marginal workers_Seeking/available for work_Females,59,DDW-0200B-01ST-Census.xls,01ST
B0301ST,02,029,District - Una (07),Rural,60+,Marginal workers_Seeking/available for work_Females,2,DDW-0200B-01ST-Census.xls,01ST
B0301ST,02,029,District - Una (07),Rural,Age not stated,Marginal workers_Seeking/available for work_Females,0,DDW-0200B-01ST-Census.xls,01ST
B0301ST,02,029,District - Una (07),Rural,15-59,Marginal workers_Seeking/available for work_Females,209,DDW-0200B-01ST-Census.xls,01ST
B0301ST,02,029,District - Una (07),Urban,Total,Marginal workers_Seeking/available for work_Females,1,DDW-0200B-01ST-Census.xls,01ST
B0301ST,02,029,District - Una (07),Urban,5-14,Marginal workers_Seeking/available for work_Females,0,DDW-0200B-01ST-Census.xls,01ST
B0301ST,02,029,District - Una (07),Urban,15-34,Marginal workers_Seeking/available for work_Females,0,DDW-0200B-01ST-Census.xls,01ST
B0301ST,02,029,District - Una (07),Urban,35-59,Marginal workers_Seeking/available for work_Females,1,DDW-0200B-01ST-Census.xls,01ST
B0301ST,02,029,District - Una (07),Urban,60+,Marginal workers_Seeking/available for work_Females,0,DDW-0200B-01ST-Census.xls,01ST
B0301ST,02,029,District - Una (07),Urban,Age not stated,Marginal workers_Seeking/available for work_Females,0,DDW-0200B-01ST-Census.xls,01ST
B0301ST,02,029,District - Una (07),Urban,15-59,Marginal workers_Seeking/available for work_Females,1,DDW-0200B-01ST-Census.xls,01ST
B0301ST,02,030,District - Bilaspur (08),Total,Total,Marginal workers_Seeking/available for work_Females,377,DDW-0200B-01ST-Census.xls,01ST
B0301ST,02,030,District - Bilaspur (08),Total,5-14,Marginal workers_Seeking/available for work_Females,2,DDW-0200B-01ST-Census.xls,01ST
B0301ST,02,030,District - Bilaspur (08),Total,15-34,Marginal workers_Seeking/available for work_Females,272,DDW-0200B-01ST-Census.xls,01ST
B0301ST,02,030,District - Bilaspur (08),Total,35-59,Marginal workers_Seeking/available for work_Females,90,DDW-0200B-01ST-Census.xls,01ST
B0301ST,02,030,District - Bilaspur (08),Total,60+,Marginal workers_Seeking/available for work_Females,13,DDW-0200B-01ST-Census.xls,01ST
B0301ST,02,030,District - Bilaspur (08),Total,Age not stated,Marginal workers_Seeking/available for work_Females,0,DDW-0200B-01ST-Census.xls,01ST
B0301ST,02,030,District - Bilaspur (08),Total,15-59,Marginal workers_Seeking/available for work_Females,362,DDW-0200B-01ST-Census.xls,01ST
B0301ST,02,030,District - Bilaspur (08),Rural,Total,Marginal workers_Seeking/available for work_Females,368,DDW-0200B-01ST-Census.xls,01ST
B0301ST,02,030,District - Bilaspur (08),Rural,5-14,Marginal workers_Seeking/available for work_Females,2,DDW-0200B-01ST-Census.xls,01ST
B0301ST,02,030,District - Bilaspur (08),Rural,15-34,Marginal workers_Seeking/available for work_Females,264,DDW-0200B-01ST-Census.xls,01ST
B0301ST,02,030,District - Bilaspur (08),Rural,35-59,Marginal workers_Seeking/available for work_Females,89,DDW-0200B-01ST-Census.xls,01ST
B0301ST,02,030,District - Bilaspur (08),Rural,60+,Marginal workers_Seeking/available for work_Females,13,DDW-0200B-01ST-Census.xls,01ST
B0301ST,02,030,District - Bilaspur (08),Rural,Age not stated,Marginal workers_Seeking/available for work_Females,0,DDW-0200B-01ST-Census.xls,01ST
B0301ST,02,030,District - Bilaspur (08),Rural,15-59,Marginal workers_Seeking/available for work_Females,353,DDW-0200B-01ST-Census.xls,01ST
B0301ST,02,030,District - Bilaspur (08),Urban,Total,Marginal workers_Seeking/available for work_Females,9,DDW-0200B-01ST-Census.xls,01ST
B0301ST,02,030,District - Bilaspur (08),Urban,5-14,Marginal workers_Seeking/available for work_Females,0,DDW-0200B-01ST-Census.xls,01ST
B0301ST,02,030,District - Bilaspur (08),Urban,15-34,Marginal workers_Seeking/available for work_Females,8,DDW-0200B-01ST-Census.xls,01ST
B0301ST,02,030,District - Bilaspur (08),Urban,35-59,Marginal workers_Seeking/available for work_Females,1,DDW-0200B-01ST-Census.xls,01ST
B0301ST,02,030,District - Bilaspur (08),Urban,60+,Marginal workers_Seeking/available for work_Females,0,DDW-0200B-01ST-Census.xls,01ST
B0301ST,02,030,District - Bilaspur (08),Urban,Age not stated,Marginal workers_Seeking/available for work_Females,0,DDW-0200B-01ST-Census.xls,01ST
B0301ST,02,030,District - Bilaspur (08),Urban,15-59,Marginal workers_Seeking/available for work_Females,9,DDW-0200B-01ST-Census.xls,01ST
B0301ST,02,031,District - Solan (09),Total,Total,Marginal workers_Seeking/available for work_Females,221,DDW-0200B-01ST-Census.xls,01ST
B0301ST,02,031,District - Solan (09),Total,5-14,Marginal workers_Seeking/available for work_Females,9,DDW-0200B-01ST-Census.xls,01ST
B0301ST,02,031,District - Solan (09),Total,15-34,Marginal workers_Seeking/available for work_Females,162,DDW-0200B-01ST-Census.xls,01ST
B0301ST,02,031,District - Solan (09),Total,35-59,Marginal workers_Seeking/available for work_Females,46,DDW-0200B-01ST-Census.xls,01ST
B0301ST,02,031,District - Solan (09),Total,60+,Marginal workers_Seeking/available for work_Females,4,DDW-0200B-01ST-Census.xls,01ST
B0301ST,02,031,District - Solan (09),Total,Age not stated,Marginal workers_Seeking/available for work_Females,0,DDW-0200B-01ST-Census.xls,01ST
B0301ST,02,031,District - Solan (09),Total,15-59,Marginal workers_Seeking/available for work_Females,208,DDW-0200B-01ST-Census.xls,01ST
B0301ST,02,031,District - Solan (09),Rural,Total,Marginal workers_Seeking/available for work_Females,218,DDW-0200B-01ST-Census.xls,01ST
B0301ST,02,031,District - Solan (09),Rural,5-14,Marginal workers_Seeking/available for work_Females,9,DDW-0200B-01ST-Census.xls,01ST
B0301ST,02,031,District - Solan (09),Rural,15-34,Marginal workers_Seeking/available for work_Females,160,DDW-0200B-01ST-Census.xls,01ST
B0301ST,02,031,District - Solan (09),Rural,35-59,Marginal workers_Seeking/available for work_Females,45,DDW-0200B-01ST-Census.xls,01ST
B0301ST,02,031,District - Solan (09),Rural,60+,Marginal workers_Seeking/available for work_Females,4,DDW-0200B-01ST-Census.xls,01ST
B0301ST,02,031,District - Solan (09),Rural,Age not stated,Marginal workers_Seeking/available for work_Females,0,DDW-0200B-01ST-Census.xls,01ST
B0301ST,02,031,District - Solan (09),Rural,15-59,Marginal workers_Seeking/available for work_Females,205,DDW-0200B-01ST-Census.xls,01ST
B0301ST,02,031,District - Solan (09),Urban,Total,Marginal workers_Seeking/available for work_Females,3,DDW-0200B-01ST-Census.xls,01ST
B0301ST,02,031,District - Solan (09),Urban,5-14,Marginal workers_Seeking/available for work_Females,0,DDW-0200B-01ST-Census.xls,01ST
B0301ST,02,031,District - Solan (09),Urban,15-34,Marginal workers_Seeking/available for work_Females,2,DDW-0200B-01ST-Census.xls,01ST
B0301ST,02,031,District - Solan (09),Urban,35-59,Marginal workers_Seeking/available for work_Females,1,DDW-0200B-01ST-Census.xls,01ST
B0301ST,02,031,District - Solan (09),Urban,60+,Marginal workers_Seeking/available for work_Females,0,DDW-0200B-01ST-Census.xls,01ST
B0301ST,02,031,District - Solan (09),Urban,Age not stated,Marginal workers_Seeking/available for work_Females,0,DDW-0200B-01ST-Census.xls,01ST
B0301ST,02,031,District - Solan (09),Urban,15-59,Marginal workers_Seeking/available for work_Females,3,DDW-0200B-01ST-Census.xls,01ST
B0301ST,02,032,District - Sirmaur (10),Total,Total,Marginal workers_Seeking/available for work_Females,88,DDW-0200B-01ST-Census.xls,01ST
B0301ST,02,032,District - Sirmaur (10),Total,5-14,Marginal workers_Seeking/available for work_Females,4,DDW-0200B-01ST-Census.xls,01ST
B0301ST,02,032,District - Sirmaur (10),Total,15-34,Marginal workers_Seeking/available for work_Females,63,DDW-0200B-01ST-Census.xls,01ST
B0301ST,02,032,District - Sirmaur (10),Total,35-59,Marginal workers_Seeking/available for work_Females,21,DDW-0200B-01ST-Census.xls,01ST
B0301ST,02,032,District - Sirmaur (10),Total,60+,Marginal workers_Seeking/available for work_Females,0,DDW-0200B-01ST-Census.xls,01ST
B0301ST,02,032,District - Sirmaur (10),Total,Age not stated,Marginal workers_Seeking/available for work_Females,0,DDW-0200B-01ST-Census.xls,01ST
B0301ST,02,032,District - Sirmaur (10),Total,15-59,Marginal workers_Seeking/available for work_Females,84,DDW-0200B-01ST-Census.xls,01ST
B0301ST,02,032,District - Sirmaur (10),Rural,Total,Marginal workers_Seeking/available for work_Females,86,DDW-0200B-01ST-Census.xls,01ST
B0301ST,02,032,District - Sirmaur (10),Rural,5-14,Marginal workers_Seeking/available for work_Females,4,DDW-0200B-01ST-Census.xls,01ST
B0301ST,02,032,District - Sirmaur (10),Rural,15-34,Marginal workers_Seeking/available for work_Females,61,DDW-0200B-01ST-Census.xls,01ST
B0301ST,02,032,District - Sirmaur (10),Rural,35-59,Marginal workers_Seeking/available for work_Females,21,DDW-0200B-01ST-Census.xls,01ST
B0301ST,02,032,District - Sirmaur (10),Rural,60+,Marginal workers_Seeking/available for work_Females,0,DDW-0200B-01ST-Census.xls,01ST
B0301ST,02,032,District - Sirmaur (10),Rural,Age not stated,Marginal workers_Seeking/available for work_Females,0,DDW-0200B-01ST-Census.xls,01ST
B0301ST,02,032,District - Sirmaur (10),Rural,15-59,Marginal workers_Seeking/available for work_Females,82,DDW-0200B-01ST-Census.xls,01ST
B0301ST,02,032,District - Sirmaur (10),Urban,Total,Marginal workers_Seeking/available for work_Females,2,DDW-0200B-01ST-Census.xls,01ST
B0301ST,02,032,District - Sirmaur (10),Urban,5-14,Marginal workers_Seeking/available for work_Females,0,DDW-0200B-01ST-Census.xls,01ST
B0301ST,02,032,District - Sirmaur (10),Urban,15-34,Marginal workers_Seeking/available for work_Females,2,DDW-0200B-01ST-Census.xls,01ST
B0301ST,02,032,District - Sirmaur (10),Urban,35-59,Marginal workers_Seeking/available for work_Females,0,DDW-0200B-01ST-Census.xls,01ST
B0301ST,02,032,District - Sirmaur (10),Urban,60+,Marginal workers_Seeking/available for work_Females,0,DDW-0200B-01ST-Census.xls,01ST
B0301ST,02,032,District - Sirmaur (10),Urban,Age not stated,Marginal workers_Seeking/available for work_Females,0,DDW-0200B-01ST-Census.xls,01ST
B0301ST,02,032,District - Sirmaur (10),Urban,15-59,Marginal workers_Seeking/available for work_Females,2,DDW-0200B-01ST-Census.xls,01ST
B0301ST,02,033,District - Shimla (11),Total,Total,Marginal workers_Seeking/available for work_Females,195,DDW-0200B-01ST-Census.xls,01ST
B0301ST,02,033,District - Shimla (11),Total,5-14,Marginal workers_Seeking/available for work_Females,9,DDW-0200B-01ST-Census.xls,01ST
B0301ST,02,033,District - Shimla (11),Total,15-34,Marginal workers_Seeking/available for work_Females,141,DDW-0200B-01ST-Census.xls,01ST
B0301ST,02,033,District - Shimla (11),Total,35-59,Marginal workers_Seeking/available for work_Females,38,DDW-0200B-01ST-Census.xls,01ST
B0301ST,02,033,District - Shimla (11),Total,60+,Marginal workers_Seeking/available for work_Females,7,DDW-0200B-01ST-Census.xls,01ST
B0301ST,02,033,District - Shimla (11),Total,Age not stated,Marginal workers_Seeking/available for work_Females,0,DDW-0200B-01ST-Census.xls,01ST
B0301ST,02,033,District - Shimla (11),Total,15-59,Marginal workers_Seeking/available for work_Females,179,DDW-0200B-01ST-Census.xls,01ST
B0301ST,02,033,District - Shimla (11),Rural,Total,Marginal workers_Seeking/available for work_Females,150,DDW-0200B-01ST-Census.xls,01ST
B0301ST,02,033,District - Shimla (11),Rural,5-14,Marginal workers_Seeking/available for work_Females,9,DDW-0200B-01ST-Census.xls,01ST
B0301ST,02,033,District - Shimla (11),Rural,15-34,Marginal workers_Seeking/available for work_Females,97,DDW-0200B-01ST-Census.xls,01ST
B0301ST,02,033,District - Shimla (11),Rural,35-59,Marginal workers_Seeking/available for work_Females,37,DDW-0200B-01ST-Census.xls,01ST
B0301ST,02,033,District - Shimla (11),Rural,60+,Marginal workers_Seeking/available for work_Females,7,DDW-0200B-01ST-Census.xls,01ST
B0301ST,02,033,District - Shimla (11),Rural,Age not stated,Marginal workers_Seeking/available for work_Females,0,DDW-0200B-01ST-Census.xls,01ST
B0301ST,02,033,District - Shimla (11),Rural,15-59,Marginal workers_Seeking/available for work_Females,134,DDW-0200B-01ST-Census.xls,01ST
B0301ST,02,033,District - Shimla (11),Urban,Total,Marginal workers_Seeking/available for work_Females,45,DDW-0200B-01ST-Census.xls,01ST
B0301ST,02,033,District - Shimla (11),Urban,5-14,Marginal workers_Seeking/available for work_Females,0,DDW-0200B-01ST-Census.xls,01ST
B0301ST,02,033,District - Shimla (11),Urban,15-34,Marginal workers_Seeking/available for work_Females,44,DDW-0200B-01ST-Census.xls,01ST
B0301ST,02,033,District - Shimla (11),Urban,35-59,Marginal workers_Seeking/available for work_Females,1,DDW-0200B-01ST-Census.xls,01ST
B0301ST,02,033,District - Shimla (11),Urban,60+,Marginal workers_Seeking/available for work_Females,0,DDW-0200B-01ST-Census.xls,01ST
B0301ST,02,033,District - Shimla (11),Urban,Age not stated,Marginal workers_Seeking/available for work_Females,0,DDW-0200B-01ST-Census.xls,01ST
B0301ST,02,033,District - Shimla (11),Urban,15-59,Marginal workers_Seeking/available for work_Females,45,DDW-0200B-01ST-Census.xls,01ST
B0301ST,02,034,District - Kinnaur (12),Total,Total,Marginal workers_Seeking/available for work_Females,1378,DDW-0200B-01ST-Census.xls,01ST
B0301ST,02,034,District - Kinnaur (12),Total,5-14,Marginal workers_Seeking/available for work_Females,89,DDW-0200B-01ST-Census.xls,01ST
B0301ST,02,034,District - Kinnaur (12),Total,15-34,Marginal workers_Seeking/available for work_Females,892,DDW-0200B-01ST-Census.xls,01ST
B0301ST,02,034,District - Kinnaur (12),Total,35-59,Marginal workers_Seeking/available for work_Females,299,DDW-0200B-01ST-Census.xls,01ST
B0301ST,02,034,District - Kinnaur (12),Total,60+,Marginal workers_Seeking/available for work_Females,97,DDW-0200B-01ST-Census.xls,01ST
B0301ST,02,034,District - Kinnaur (12),Total,Age not stated,Marginal workers_Seeking/available for work_Females,1,DDW-0200B-01ST-Census.xls,01ST
B0301ST,02,034,District - Kinnaur (12),Total,15-59,Marginal workers_Seeking/available for work_Females,1191,DDW-0200B-01ST-Census.xls,01ST
B0301ST,02,034,District - Kinnaur (12),Rural,Total,Marginal workers_Seeking/available for work_Females,1378,DDW-0200B-01ST-Census.xls,01ST
B0301ST,02,034,District - Kinnaur (12),Rural,5-14,Marginal workers_Seeking/available for work_Females,89,DDW-0200B-01ST-Census.xls,01ST
B0301ST,02,034,District - Kinnaur (12),Rural,15-34,Marginal workers_Seeking/available for work_Females,892,DDW-0200B-01ST-Census.xls,01ST
B0301ST,02,034,District - Kinnaur (12),Rural,35-59,Marginal workers_Seeking/available for work_Females,299,DDW-0200B-01ST-Census.xls,01ST
B0301ST,02,034,District - Kinnaur (12),Rural,60+,Marginal workers_Seeking/available for work_Females,97,DDW-0200B-01ST-Census.xls,01ST
B0301ST,02,034,District - Kinnaur (12),Rural,Age not stated,Marginal workers_Seeking/available for work_Females,1,DDW-0200B-01ST-Census.xls,01ST
B0301ST,02,034,District - Kinnaur (12),Rural,15-59,Marginal workers_Seeking/available for work_Females,1191,DDW-0200B-01ST-Census.xls,01ST
B0301ST,02,034,District - Kinnaur (12),Urban,Total,Marginal workers_Seeking/available for work_Females,0,DDW-0200B-01ST-Census.xls,01ST
B0301ST,02,034,District - Kinnaur (12),Urban,5-14,Marginal workers_Seeking/available for work_Females,0,DDW-0200B-01ST-Census.xls,01ST
B0301ST,02,034,District - Kinnaur (12),Urban,15-34,Marginal workers_Seeking/available for work_Females,0,DDW-0200B-01ST-Census.xls,01ST
B0301ST,02,034,District - Kinnaur (12),Urban,35-59,Marginal workers_Seeking/available for work_Females,0,DDW-0200B-01ST-Census.xls,01ST
B0301ST,02,034,District - Kinnaur (12),Urban,60+,Marginal workers_Seeking/available for work_Females,0,DDW-0200B-01ST-Census.xls,01ST
B0301ST,02,034,District - Kinnaur (12),Urban,Age not stated,Marginal workers_Seeking/available for work_Females,0,DDW-0200B-01ST-Census.xls,01ST
B0301ST,02,034,District - Kinnaur (12),Urban,15-59,Marginal workers_Seeking/available for work_Females,0,DDW-0200B-01ST-Census.xls,01ST
B0301ST,02,000,State - HIMACHAL PRADESH (02),Total,Total,Non-workers_Total_Persons,182169,DDW-0200B-01ST-Census.xls,01ST
B0301ST,02,000,State - HIMACHAL PRADESH (02),Total,5-14,Non-workers_Total_Persons,65472,DDW-0200B-01ST-Census.xls,01ST
B0301ST,02,000,State - HIMACHAL PRADESH (02),Total,15-34,Non-workers_Total_Persons,50054,DDW-0200B-01ST-Census.xls,01ST
B0301ST,02,000,State - HIMACHAL PRADESH (02),Total,35-59,Non-workers_Total_Persons,16363,DDW-0200B-01ST-Census.xls,01ST
B0301ST,02,000,State - HIMACHAL PRADESH (02),Total,60+,Non-workers_Total_Persons,16280,DDW-0200B-01ST-Census.xls,01ST
B0301ST,02,000,State - HIMACHAL PRADESH (02),Total,Age not stated,Non-workers_Total_Persons,416,DDW-0200B-01ST-Census.xls,01ST
B0301ST,02,000,State - HIMACHAL PRADESH (02),Total,15-59,Non-workers_Total_Persons,66417,DDW-0200B-01ST-Census.xls,01ST
B0301ST,02,000,State - HIMACHAL PRADESH (02),Rural,Total,Non-workers_Total_Persons,170750,DDW-0200B-01ST-Census.xls,01ST
B0301ST,02,000,State - HIMACHAL PRADESH (02),Rural,5-14,Non-workers_Total_Persons,62623,DDW-0200B-01ST-Census.xls,01ST
B0301ST,02,000,State - HIMACHAL PRADESH (02),Rural,15-34,Non-workers_Total_Persons,45238,DDW-0200B-01ST-Census.xls,01ST
B0301ST,02,000,State - HIMACHAL PRADESH (02),Rural,35-59,Non-workers_Total_Persons,14600,DDW-0200B-01ST-Census.xls,01ST
B0301ST,02,000,State - HIMACHAL PRADESH (02),Rural,60+,Non-workers_Total_Persons,15309,DDW-0200B-01ST-Census.xls,01ST
B0301ST,02,000,State - HIMACHAL PRADESH (02),Rural,Age not stated,Non-workers_Total_Persons,406,DDW-0200B-01ST-Census.xls,01ST
B0301ST,02,000,State - HIMACHAL PRADESH (02),Rural,15-59,Non-workers_Total_Persons,59838,DDW-0200B-01ST-Census.xls,01ST
B0301ST,02,000,State - HIMACHAL PRADESH (02),Urban,Total,Non-workers_Total_Persons,11419,DDW-0200B-01ST-Census.xls,01ST
B0301ST,02,000,State - HIMACHAL PRADESH (02),Urban,5-14,Non-workers_Total_Persons,2849,DDW-0200B-01ST-Census.xls,01ST
B0301ST,02,000,State - HIMACHAL PRADESH (02),Urban,15-34,Non-workers_Total_Persons,4816,DDW-0200B-01ST-Census.xls,01ST
B0301ST,02,000,State - HIMACHAL PRADESH (02),Urban,35-59,Non-workers_Total_Persons,1763,DDW-0200B-01ST-Census.xls,01ST
B0301ST,02,000,State - HIMACHAL PRADESH (02),Urban,60+,Non-workers_Total_Persons,971,DDW-0200B-01ST-Census.xls,01ST
B0301ST,02,000,State - HIMACHAL PRADESH (02),Urban,Age not stated,Non-workers_Total_Persons,10,DDW-0200B-01ST-Census.xls,01ST
B0301ST,02,000,State - HIMACHAL PRADESH (02),Urban,15-59,Non-workers_Total_Persons,6579,DDW-0200B-01ST-Census.xls,01ST
B0301ST,02,023,District - Chamba (01),Total,Total,Non-workers_Total_Persons,54544,DDW-0200B-01ST-Census.xls,01ST
B0301ST,02,023,District - Chamba (01),Total,5-14,Non-workers_Total_Persons,22795,DDW-0200B-01ST-Census.xls,01ST
B0301ST,02,023,District - Chamba (01),Total,15-34,Non-workers_Total_Persons,11598,DDW-0200B-01ST-Census.xls,01ST
B0301ST,02,023,District - Chamba (01),Total,35-59,Non-workers_Total_Persons,3195,DDW-0200B-01ST-Census.xls,01ST
B0301ST,02,023,District - Chamba (01),Total,60+,Non-workers_Total_Persons,4284,DDW-0200B-01ST-Census.xls,01ST
B0301ST,02,023,District - Chamba (01),Total,Age not stated,Non-workers_Total_Persons,71,DDW-0200B-01ST-Census.xls,01ST
B0301ST,02,023,District - Chamba (01),Total,15-59,Non-workers_Total_Persons,14793,DDW-0200B-01ST-Census.xls,01ST
B0301ST,02,023,District - Chamba (01),Rural,Total,Non-workers_Total_Persons,52808,DDW-0200B-01ST-Census.xls,01ST
B0301ST,02,023,District - Chamba (01),Rural,5-14,Non-workers_Total_Persons,22343,DDW-0200B-01ST-Census.xls,01ST
B0301ST,02,023,District - Chamba (01),Rural,15-34,Non-workers_Total_Persons,10907,DDW-0200B-01ST-Census.xls,01ST
B0301ST,02,023,District - Chamba (01),Rural,35-59,Non-workers_Total_Persons,2909,DDW-0200B-01ST-Census.xls,01ST
B0301ST,02,023,District - Chamba (01),Rural,60+,Non-workers_Total_Persons,4152,DDW-0200B-01ST-Census.xls,01ST
B0301ST,02,023,District - Chamba (01),Rural,Age not stated,Non-workers_Total_Persons,71,DDW-0200B-01ST-Census.xls,01ST
B0301ST,02,023,District - Chamba (01),Rural,15-59,Non-workers_Total_Persons,13816,DDW-0200B-01ST-Census.xls,01ST
B0301ST,02,023,District - Chamba (01),Urban,Total,Non-workers_Total_Persons,1736,DDW-0200B-01ST-Census.xls,01ST
B0301ST,02,023,District - Chamba (01),Urban,5-14,Non-workers_Total_Persons,452,DDW-0200B-01ST-Census.xls,01ST
B0301ST,02,023,District - Chamba (01),Urban,15-34,Non-workers_Total_Persons,691,DDW-0200B-01ST-Census.xls,01ST
B0301ST,02,023,District - Chamba (01),Urban,35-59,Non-workers_Total_Persons,286,DDW-0200B-01ST-Census.xls,01ST
B0301ST,02,023,District - Chamba (01),Urban,60+,Non-workers_Total_Persons,132,DDW-0200B-01ST-Census.xls,01ST
B0301ST,02,023,District - Chamba (01),Urban,Age not stated,Non-workers_Total_Persons,0,DDW-0200B-01ST-Census.xls,01ST
B0301ST,02,023,District - Chamba (01),Urban,15-59,Non-workers_Total_Persons,977,DDW-0200B-01ST-Census.xls,01ST
B0301ST,02,024,District - Kangra (02),Total,Total,Non-workers_Total_Persons,49626,DDW-0200B-01ST-Census.xls,01ST
B0301ST,02,024,District - Kangra (02),Total,5-14,Non-workers_Total_Persons,14961,DDW-0200B-01ST-Census.xls,01ST
B0301ST,02,024,District - Kangra (02),Total,15-34,Non-workers_Total_Persons,16144,DDW-0200B-01ST-Census.xls,01ST
B0301ST,02,024,District - Kangra (02),Total,35-59,Non-workers_Total_Persons,6327,DDW-0200B-01ST-Census.xls,01ST
B0301ST,02,024,District - Kangra (02),Total,60+,Non-workers_Total_Persons,4714,DDW-0200B-01ST-Census.xls,01ST
B0301ST,02,024,District - Kangra (02),Total,Age not stated,Non-workers_Total_Persons,182,DDW-0200B-01ST-Census.xls,01ST
B0301ST,02,024,District - Kangra (02),Total,15-59,Non-workers_Total_Persons,22471,DDW-0200B-01ST-Census.xls,01ST
B0301ST,02,024,District - Kangra (02),Rural,Total,Non-workers_Total_Persons,46771,DDW-0200B-01ST-Census.xls,01ST
B0301ST,02,024,District - Kangra (02),Rural,5-14,Non-workers_Total_Persons,14278,DDW-0200B-01ST-Census.xls,01ST
B0301ST,02,024,District - Kangra (02),Rural,15-34,Non-workers_Total_Persons,15035,DDW-0200B-01ST-Census.xls,01ST
B0301ST,02,024,District - Kangra (02),Rural,35-59,Non-workers_Total_Persons,5835,DDW-0200B-01ST-Census.xls,01ST
B0301ST,02,024,District - Kangra (02),Rural,60+,Non-workers_Total_Persons,4460,DDW-0200B-01ST-Census.xls,01ST
B0301ST,02,024,District - Kangra (02),Rural,Age not stated,Non-workers_Total_Persons,177,DDW-0200B-01ST-Census.xls,01ST
B0301ST,02,024,District - Kangra (02),Rural,15-59,Non-workers_Total_Persons,20870,DDW-0200B-01ST-Census.xls,01ST
B0301ST,02,024,District - Kangra (02),Urban,Total,Non-workers_Total_Persons,2855,DDW-0200B-01ST-Census.xls,01ST
B0301ST,02,024,District - Kangra (02),Urban,5-14,Non-workers_Total_Persons,683,DDW-0200B-01ST-Census.xls,01ST
B0301ST,02,024,District - Kangra (02),Urban,15-34,Non-workers_Total_Persons,1109,DDW-0200B-01ST-Census.xls,01ST
B0301ST,02,024,District - Kangra (02),Urban,35-59,Non-workers_Total_Persons,492,DDW-0200B-01ST-Census.xls,01ST
B0301ST,02,024,District - Kangra (02),Urban,60+,Non-workers_Total_Persons,254,DDW-0200B-01ST-Census.xls,01ST
B0301ST,02,024,District - Kangra (02),Urban,Age not stated,Non-workers_Total_Persons,5,DDW-0200B-01ST-Census.xls,01ST
B0301ST,02,024,District - Kangra (02),Urban,15-59,Non-workers_Total_Persons,1601,DDW-0200B-01ST-Census.xls,01ST
B0301ST,02,025,District - Lahul & Spiti (03),Total,Total,Non-workers_Total_Persons,10619,DDW-0200B-01ST-Census.xls,01ST
B0301ST,02,025,District - Lahul & Spiti (03),Total,5-14,Non-workers_Total_Persons,4223,DDW-0200B-01ST-Census.xls,01ST
B0301ST,02,025,District - Lahul & Spiti (03),Total,15-34,Non-workers_Total_Persons,3146,DDW-0200B-01ST-Census.xls,01ST
B0301ST,02,025,District - Lahul & Spiti (03),Total,35-59,Non-workers_Total_Persons,479,DDW-0200B-01ST-Census.xls,01ST
B0301ST,02,025,District - Lahul & Spiti (03),Total,60+,Non-workers_Total_Persons,932,DDW-0200B-01ST-Census.xls,01ST
B0301ST,02,025,District - Lahul & Spiti (03),Total,Age not stated,Non-workers_Total_Persons,57,DDW-0200B-01ST-Census.xls,01ST
B0301ST,02,025,District - Lahul & Spiti (03),Total,15-59,Non-workers_Total_Persons,3625,DDW-0200B-01ST-Census.xls,01ST
B0301ST,02,025,District - Lahul & Spiti (03),Rural,Total,Non-workers_Total_Persons,10619,DDW-0200B-01ST-Census.xls,01ST
B0301ST,02,025,District - Lahul & Spiti (03),Rural,5-14,Non-workers_Total_Persons,4223,DDW-0200B-01ST-Census.xls,01ST
B0301ST,02,025,District - Lahul & Spiti (03),Rural,15-34,Non-workers_Total_Persons,3146,DDW-0200B-01ST-Census.xls,01ST
B0301ST,02,025,District - Lahul & Spiti (03),Rural,35-59,Non-workers_Total_Persons,479,DDW-0200B-01ST-Census.xls,01ST
B0301ST,02,025,District - Lahul & Spiti (03),Rural,60+,Non-workers_Total_Persons,932,DDW-0200B-01ST-Census.xls,01ST
B0301ST,02,025,District - Lahul & Spiti (03),Rural,Age not stated,Non-workers_Total_Persons,57,DDW-0200B-01ST-Census.xls,01ST
B0301ST,02,025,District - Lahul & Spiti (03),Rural,15-59,Non-workers_Total_Persons,3625,DDW-0200B-01ST-Census.xls,01ST
B0301ST,02,025,District - Lahul & Spiti (03),Urban,Total,Non-workers_Total_Persons,0,DDW-0200B-01ST-Census.xls,01ST
B0301ST,02,025,District - Lahul & Spiti (03),Urban,5-14,Non-workers_Total_Persons,0,DDW-0200B-01ST-Census.xls,01ST
B0301ST,02,025,District - Lahul & Spiti (03),Urban,15-34,Non-workers_Total_Persons,0,DDW-0200B-01ST-Census.xls,01ST
B0301ST,02,025,District - Lahul & Spiti (03),Urban,35-59,Non-workers_Total_Persons,0,DDW-0200B-01ST-Census.xls,01ST
B0301ST,02,025,District - Lahul & Spiti (03),Urban,60+,Non-workers_Total_Persons,0,DDW-0200B-01ST-Census.xls,01ST
B0301ST,02,025,District - Lahul & Spiti (03),Urban,Age not stated,Non-workers_Total_Persons,0,DDW-0200B-01ST-Census.xls,01ST
B0301ST,02,025,District - Lahul & Spiti (03),Urban,15-59,Non-workers_Total_Persons,0,DDW-0200B-01ST-Census.xls,01ST
B0301ST,02,026,District - Kullu (04),Total,Total,Non-workers_Total_Persons,8460,DDW-0200B-01ST-Census.xls,01ST
B0301ST,02,026,District - Kullu (04),Total,5-14,Non-workers_Total_Persons,2401,DDW-0200B-01ST-Census.xls,01ST
B0301ST,02,026,District - Kullu (04),Total,15-34,Non-workers_Total_Persons,2786,DDW-0200B-01ST-Census.xls,01ST
B0301ST,02,026,District - Kullu (04),Total,35-59,Non-workers_Total_Persons,1185,DDW-0200B-01ST-Census.xls,01ST
B0301ST,02,026,District - Kullu (04),Total,60+,Non-workers_Total_Persons,1109,DDW-0200B-01ST-Census.xls,01ST
B0301ST,02,026,District - Kullu (04),Total,Age not stated,Non-workers_Total_Persons,9,DDW-0200B-01ST-Census.xls,01ST
B0301ST,02,026,District - Kullu (04),Total,15-59,Non-workers_Total_Persons,3971,DDW-0200B-01ST-Census.xls,01ST
B0301ST,02,026,District - Kullu (04),Rural,Total,Non-workers_Total_Persons,5715,DDW-0200B-01ST-Census.xls,01ST
B0301ST,02,026,District - Kullu (04),Rural,5-14,Non-workers_Total_Persons,1783,DDW-0200B-01ST-Census.xls,01ST
B0301ST,02,026,District - Kullu (04),Rural,15-34,Non-workers_Total_Persons,1795,DDW-0200B-01ST-Census.xls,01ST
B0301ST,02,026,District - Kullu (04),Rural,35-59,Non-workers_Total_Persons,665,DDW-0200B-01ST-Census.xls,01ST
B0301ST,02,026,District - Kullu (04),Rural,60+,Non-workers_Total_Persons,686,DDW-0200B-01ST-Census.xls,01ST
B0301ST,02,026,District - Kullu (04),Rural,Age not stated,Non-workers_Total_Persons,8,DDW-0200B-01ST-Census.xls,01ST
B0301ST,02,026,District - Kullu (04),Rural,15-59,Non-workers_Total_Persons,2460,DDW-0200B-01ST-Census.xls,01ST
B0301ST,02,026,District - Kullu (04),Urban,Total,Non-workers_Total_Persons,2745,DDW-0200B-01ST-Census.xls,01ST
B0301ST,02,026,District - Kullu (04),Urban,5-14,Non-workers_Total_Persons,618,DDW-0200B-01ST-Census.xls,01ST
B0301ST,02,026,District - Kullu (04),Urban,15-34,Non-workers_Total_Persons,991,DDW-0200B-01ST-Census.xls,01ST
B0301ST,02,026,District - Kullu (04),Urban,35-59,Non-workers_Total_Persons,520,DDW-0200B-01ST-Census.xls,01ST
B0301ST,02,026,District - Kullu (04),Urban,60+,Non-workers_Total_Persons,423,DDW-0200B-01ST-Census.xls,01ST
B0301ST,02,026,District - Kullu (04),Urban,Age not stated,Non-workers_Total_Persons,1,DDW-0200B-01ST-Census.xls,01ST
B0301ST,02,026,District - Kullu (04),Urban,15-59,Non-workers_Total_Persons,1511,DDW-0200B-01ST-Census.xls,01ST
B0301ST,02,027,District - Mandi (05),Total,Total,Non-workers_Total_Persons,5390,DDW-0200B-01ST-Census.xls,01ST
B0301ST,02,027,District - Mandi (05),Total,5-14,Non-workers_Total_Persons,2093,DDW-0200B-01ST-Census.xls,01ST
B0301ST,02,027,District - Mandi (05),Total,15-34,Non-workers_Total_Persons,1207,DDW-0200B-01ST-Census.xls,01ST
B0301ST,02,027,District - Mandi (05),Total,35-59,Non-workers_Total_Persons,312,DDW-0200B-01ST-Census.xls,01ST
B0301ST,02,027,District - Mandi (05),Total,60+,Non-workers_Total_Persons,494,DDW-0200B-01ST-Census.xls,01ST
B0301ST,02,027,District - Mandi (05),Total,Age not stated,Non-workers_Total_Persons,17,DDW-0200B-01ST-Census.xls,01ST
B0301ST,02,027,District - Mandi (05),Total,15-59,Non-workers_Total_Persons,1519,DDW-0200B-01ST-Census.xls,01ST
B0301ST,02,027,District - Mandi (05),Rural,Total,Non-workers_Total_Persons,5133,DDW-0200B-01ST-Census.xls,01ST
B0301ST,02,027,District - Mandi (05),Rural,5-14,Non-workers_Total_Persons,2021,DDW-0200B-01ST-Census.xls,01ST
B0301ST,02,027,District - Mandi (05),Rural,15-34,Non-workers_Total_Persons,1087,DDW-0200B-01ST-Census.xls,01ST
B0301ST,02,027,District - Mandi (05),Rural,35-59,Non-workers_Total_Persons,280,DDW-0200B-01ST-Census.xls,01ST
B0301ST,02,027,District - Mandi (05),Rural,60+,Non-workers_Total_Persons,483,DDW-0200B-01ST-Census.xls,01ST
B0301ST,02,027,District - Mandi (05),Rural,Age not stated,Non-workers_Total_Persons,17,DDW-0200B-01ST-Census.xls,01ST
B0301ST,02,027,District - Mandi (05),Rural,15-59,Non-workers_Total_Persons,1367,DDW-0200B-01ST-Census.xls,01ST
B0301ST,02,027,District - Mandi (05),Urban,Total,Non-workers_Total_Persons,257,DDW-0200B-01ST-Census.xls,01ST
B0301ST,02,027,District - Mandi (05),Urban,5-14,Non-workers_Total_Persons,72,DDW-0200B-01ST-Census.xls,01ST
B0301ST,02,027,District - Mandi (05),Urban,15-34,Non-workers_Total_Persons,120,DDW-0200B-01ST-Census.xls,01ST
B0301ST,02,027,District - Mandi (05),Urban,35-59,Non-workers_Total_Persons,32,DDW-0200B-01ST-Census.xls,01ST
B0301ST,02,027,District - Mandi (05),Urban,60+,Non-workers_Total_Persons,11,DDW-0200B-01ST-Census.xls,01ST
B0301ST,02,027,District - Mandi (05),Urban,Age not stated,Non-workers_Total_Persons,0,DDW-0200B-01ST-Census.xls,01ST
B0301ST,02,027,District - Mandi (05),Urban,15-59,Non-workers_Total_Persons,152,DDW-0200B-01ST-Census.xls,01ST
B0301ST,02,028,District - Hamirpur (06),Total,Total,Non-workers_Total_Persons,1263,DDW-0200B-01ST-Census.xls,01ST
B0301ST,02,028,District - Hamirpur (06),Total,5-14,Non-workers_Total_Persons,452,DDW-0200B-01ST-Census.xls,01ST
B0301ST,02,028,District - Hamirpur (06),Total,15-34,Non-workers_Total_Persons,349,DDW-0200B-01ST-Census.xls,01ST
B0301ST,02,028,District - Hamirpur (06),Total,35-59,Non-workers_Total_Persons,82,DDW-0200B-01ST-Census.xls,01ST
B0301ST,02,028,District - Hamirpur (06),Total,60+,Non-workers_Total_Persons,123,DDW-0200B-01ST-Census.xls,01ST
B0301ST,02,028,District - Hamirpur (06),Total,Age not stated,Non-workers_Total_Persons,3,DDW-0200B-01ST-Census.xls,01ST
B0301ST,02,028,District - Hamirpur (06),Total,15-59,Non-workers_Total_Persons,431,DDW-0200B-01ST-Census.xls,01ST
B0301ST,02,028,District - Hamirpur (06),Rural,Total,Non-workers_Total_Persons,1077,DDW-0200B-01ST-Census.xls,01ST
B0301ST,02,028,District - Hamirpur (06),Rural,5-14,Non-workers_Total_Persons,389,DDW-0200B-01ST-Census.xls,01ST
B0301ST,02,028,District - Hamirpur (06),Rural,15-34,Non-workers_Total_Persons,259,DDW-0200B-01ST-Census.xls,01ST
B0301ST,02,028,District - Hamirpur (06),Rural,35-59,Non-workers_Total_Persons,72,DDW-0200B-01ST-Census.xls,01ST
B0301ST,02,028,District - Hamirpur (06),Rural,60+,Non-workers_Total_Persons,117,DDW-0200B-01ST-Census.xls,01ST
B0301ST,02,028,District - Hamirpur (06),Rural,Age not stated,Non-workers_Total_Persons,2,DDW-0200B-01ST-Census.xls,01ST
B0301ST,02,028,District - Hamirpur (06),Rural,15-59,Non-workers_Total_Persons,331,DDW-0200B-01ST-Census.xls,01ST
B0301ST,02,028,District - Hamirpur (06),Urban,Total,Non-workers_Total_Persons,186,DDW-0200B-01ST-Census.xls,01ST
B0301ST,02,028,District - Hamirpur (06),Urban,5-14,Non-workers_Total_Persons,63,DDW-0200B-01ST-Census.xls,01ST
B0301ST,02,028,District - Hamirpur (06),Urban,15-34,Non-workers_Total_Persons,90,DDW-0200B-01ST-Census.xls,01ST
B0301ST,02,028,District - Hamirpur (06),Urban,35-59,Non-workers_Total_Persons,10,DDW-0200B-01ST-Census.xls,01ST
B0301ST,02,028,District - Hamirpur (06),Urban,60+,Non-workers_Total_Persons,6,DDW-0200B-01ST-Census.xls,01ST
B0301ST,02,028,District - Hamirpur (06),Urban,Age not stated,Non-workers_Total_Persons,1,DDW-0200B-01ST-Census.xls,01ST
B0301ST,02,028,District - Hamirpur (06),Urban,15-59,Non-workers_Total_Persons,100,DDW-0200B-01ST-Census.xls,01ST
B0301ST,02,029,District - Una (07),Total,Total,Non-workers_Total_Persons,4959,DDW-0200B-01ST-Census.xls,01ST
B0301ST,02,029,District - Una (07),Total,5-14,Non-workers_Total_Persons,1677,DDW-0200B-01ST-Census.xls,01ST
B0301ST,02,029,District - Una (07),Total,15-34,Non-workers_Total_Persons,1472,DDW-0200B-01ST-Census.xls,01ST
B0301ST,02,029,District - Una (07),Total,35-59,Non-workers_Total_Persons,585,DDW-0200B-01ST-Census.xls,01ST
B0301ST,02,029,District - Una (07),Total,60+,Non-workers_Total_Persons,486,DDW-0200B-01ST-Census.xls,01ST
B0301ST,02,029,District - Una (07),Total,Age not stated,Non-workers_Total_Persons,8,DDW-0200B-01ST-Census.xls,01ST
B0301ST,02,029,District - Una (07),Total,15-59,Non-workers_Total_Persons,2057,DDW-0200B-01ST-Census.xls,01ST
B0301ST,02,029,District - Una (07),Rural,Total,Non-workers_Total_Persons,4856,DDW-0200B-01ST-Census.xls,01ST
B0301ST,02,029,District - Una (07),Rural,5-14,Non-workers_Total_Persons,1652,DDW-0200B-01ST-Census.xls,01ST
B0301ST,02,029,District - Una (07),Rural,15-34,Non-workers_Total_Persons,1432,DDW-0200B-01ST-Census.xls,01ST
B0301ST,02,029,District - Una (07),Rural,35-59,Non-workers_Total_Persons,567,DDW-0200B-01ST-Census.xls,01ST
B0301ST,02,029,District - Una (07),Rural,60+,Non-workers_Total_Persons,477,DDW-0200B-01ST-Census.xls,01ST
B0301ST,02,029,District - Una (07),Rural,Age not stated,Non-workers_Total_Persons,8,DDW-0200B-01ST-Census.xls,01ST
B0301ST,02,029,District - Una (07),Rural,15-59,Non-workers_Total_Persons,1999,DDW-0200B-01ST-Census.xls,01ST
B0301ST,02,029,District - Una (07),Urban,Total,Non-workers_Total_Persons,103,DDW-0200B-01ST-Census.xls,01ST
B0301ST,02,029,District - Una (07),Urban,5-14,Non-workers_Total_Persons,25,DDW-0200B-01ST-Census.xls,01ST
B0301ST,02,029,District - Una (07),Urban,15-34,Non-workers_Total_Persons,40,DDW-0200B-01ST-Census.xls,01ST
B0301ST,02,029,District - Una (07),Urban,35-59,Non-workers_Total_Persons,18,DDW-0200B-01ST-Census.xls,01ST
B0301ST,02,029,District - Una (07),Urban,60+,Non-workers_Total_Persons,9,DDW-0200B-01ST-Census.xls,01ST
B0301ST,02,029,District - Una (07),Urban,Age not stated,Non-workers_Total_Persons,0,DDW-0200B-01ST-Census.xls,01ST
B0301ST,02,029,District - Una (07),Urban,15-59,Non-workers_Total_Persons,58,DDW-0200B-01ST-Census.xls,01ST
B0301ST,02,030,District - Bilaspur (08),Total,Total,Non-workers_Total_Persons,4776,DDW-0200B-01ST-Census.xls,01ST
B0301ST,02,030,District - Bilaspur (08),Total,5-14,Non-workers_Total_Persons,1683,DDW-0200B-01ST-Census.xls,01ST
B0301ST,02,030,District - Bilaspur (08),Total,15-34,Non-workers_Total_Persons,1285,DDW-0200B-01ST-Census.xls,01ST
B0301ST,02,030,District - Bilaspur (08),Total,35-59,Non-workers_Total_Persons,417,DDW-0200B-01ST-Census.xls,01ST
B0301ST,02,030,District - Bilaspur (08),Total,60+,Non-workers_Total_Persons,473,DDW-0200B-01ST-Census.xls,01ST
B0301ST,02,030,District - Bilaspur (08),Total,Age not stated,Non-workers_Total_Persons,6,DDW-0200B-01ST-Census.xls,01ST
B0301ST,02,030,District - Bilaspur (08),Total,15-59,Non-workers_Total_Persons,1702,DDW-0200B-01ST-Census.xls,01ST
B0301ST,02,030,District - Bilaspur (08),Rural,Total,Non-workers_Total_Persons,4590,DDW-0200B-01ST-Census.xls,01ST
B0301ST,02,030,District - Bilaspur (08),Rural,5-14,Non-workers_Total_Persons,1606,DDW-0200B-01ST-Census.xls,01ST
B0301ST,02,030,District - Bilaspur (08),Rural,15-34,Non-workers_Total_Persons,1226,DDW-0200B-01ST-Census.xls,01ST
B0301ST,02,030,District - Bilaspur (08),Rural,35-59,Non-workers_Total_Persons,396,DDW-0200B-01ST-Census.xls,01ST
B0301ST,02,030,District - Bilaspur (08),Rural,60+,Non-workers_Total_Persons,467,DDW-0200B-01ST-Census.xls,01ST
B0301ST,02,030,District - Bilaspur (08),Rural,Age not stated,Non-workers_Total_Persons,5,DDW-0200B-01ST-Census.xls,01ST
B0301ST,02,030,District - Bilaspur (08),Rural,15-59,Non-workers_Total_Persons,1622,DDW-0200B-01ST-Census.xls,01ST
B0301ST,02,030,District - Bilaspur (08),Urban,Total,Non-workers_Total_Persons,186,DDW-0200B-01ST-Census.xls,01ST
B0301ST,02,030,District - Bilaspur (08),Urban,5-14,Non-workers_Total_Persons,77,DDW-0200B-01ST-Census.xls,01ST
B0301ST,02,030,District - Bilaspur (08),Urban,15-34,Non-workers_Total_Persons,59,DDW-0200B-01ST-Census.xls,01ST
B0301ST,02,030,District - Bilaspur (08),Urban,35-59,Non-workers_Total_Persons,21,DDW-0200B-01ST-Census.xls,01ST
B0301ST,02,030,District - Bilaspur (08),Urban,60+,Non-workers_Total_Persons,6,DDW-0200B-01ST-Census.xls,01ST
B0301ST,02,030,District - Bilaspur (08),Urban,Age not stated,Non-workers_Total_Persons,1,DDW-0200B-01ST-Census.xls,01ST
B0301ST,02,030,District - Bilaspur (08),Urban,15-59,Non-workers_Total_Persons,80,DDW-0200B-01ST-Census.xls,01ST
B0301ST,02,031,District - Solan (09),Total,Total,Non-workers_Total_Persons,14250,DDW-0200B-01ST-Census.xls,01ST
B0301ST,02,031,District - Solan (09),Total,5-14,Non-workers_Total_Persons,4665,DDW-0200B-01ST-Census.xls,01ST
B0301ST,02,031,District - Solan (09),Total,15-34,Non-workers_Total_Persons,4074,DDW-0200B-01ST-Census.xls,01ST
B0301ST,02,031,District - Solan (09),Total,35-59,Non-workers_Total_Persons,1759,DDW-0200B-01ST-Census.xls,01ST
B0301ST,02,031,District - Solan (09),Total,60+,Non-workers_Total_Persons,1242,DDW-0200B-01ST-Census.xls,01ST
B0301ST,02,031,District - Solan (09),Total,Age not stated,Non-workers_Total_Persons,28,DDW-0200B-01ST-Census.xls,01ST
B0301ST,02,031,District - Solan (09),Total,15-59,Non-workers_Total_Persons,5833,DDW-0200B-01ST-Census.xls,01ST
B0301ST,02,031,District - Solan (09),Rural,Total,Non-workers_Total_Persons,13291,DDW-0200B-01ST-Census.xls,01ST
B0301ST,02,031,District - Solan (09),Rural,5-14,Non-workers_Total_Persons,4360,DDW-0200B-01ST-Census.xls,01ST
B0301ST,02,031,District - Solan (09),Rural,15-34,Non-workers_Total_Persons,3708,DDW-0200B-01ST-Census.xls,01ST
B0301ST,02,031,District - Solan (09),Rural,35-59,Non-workers_Total_Persons,1629,DDW-0200B-01ST-Census.xls,01ST
B0301ST,02,031,District - Solan (09),Rural,60+,Non-workers_Total_Persons,1201,DDW-0200B-01ST-Census.xls,01ST
B0301ST,02,031,District - Solan (09),Rural,Age not stated,Non-workers_Total_Persons,28,DDW-0200B-01ST-Census.xls,01ST
B0301ST,02,031,District - Solan (09),Rural,15-59,Non-workers_Total_Persons,5337,DDW-0200B-01ST-Census.xls,01ST
B0301ST,02,031,District - Solan (09),Urban,Total,Non-workers_Total_Persons,959,DDW-0200B-01ST-Census.xls,01ST
B0301ST,02,031,District - Solan (09),Urban,5-14,Non-workers_Total_Persons,305,DDW-0200B-01ST-Census.xls,01ST
B0301ST,02,031,District - Solan (09),Urban,15-34,Non-workers_Total_Persons,366,DDW-0200B-01ST-Census.xls,01ST
B0301ST,02,031,District - Solan (09),Urban,35-59,Non-workers_Total_Persons,130,DDW-0200B-01ST-Census.xls,01ST
B0301ST,02,031,District - Solan (09),Urban,60+,Non-workers_Total_Persons,41,DDW-0200B-01ST-Census.xls,01ST
B0301ST,02,031,District - Solan (09),Urban,Age not stated,Non-workers_Total_Persons,0,DDW-0200B-01ST-Census.xls,01ST
B0301ST,02,031,District - Solan (09),Urban,15-59,Non-workers_Total_Persons,496,DDW-0200B-01ST-Census.xls,01ST
B0301ST,02,032,District - Sirmaur (10),Total,Total,Non-workers_Total_Persons,6865,DDW-0200B-01ST-Census.xls,01ST
B0301ST,02,032,District - Sirmaur (10),Total,5-14,Non-workers_Total_Persons,2386,DDW-0200B-01ST-Census.xls,01ST
B0301ST,02,032,District - Sirmaur (10),Total,15-34,Non-workers_Total_Persons,1944,DDW-0200B-01ST-Census.xls,01ST
B0301ST,02,032,District - Sirmaur (10),Total,35-59,Non-workers_Total_Persons,762,DDW-0200B-01ST-Census.xls,01ST
B0301ST,02,032,District - Sirmaur (10),Total,60+,Non-workers_Total_Persons,395,DDW-0200B-01ST-Census.xls,01ST
B0301ST,02,032,District - Sirmaur (10),Total,Age not stated,Non-workers_Total_Persons,8,DDW-0200B-01ST-Census.xls,01ST
B0301ST,02,032,District - Sirmaur (10),Total,15-59,Non-workers_Total_Persons,2706,DDW-0200B-01ST-Census.xls,01ST
B0301ST,02,032,District - Sirmaur (10),Rural,Total,Non-workers_Total_Persons,6611,DDW-0200B-01ST-Census.xls,01ST
B0301ST,02,032,District - Sirmaur (10),Rural,5-14,Non-workers_Total_Persons,2321,DDW-0200B-01ST-Census.xls,01ST
B0301ST,02,032,District - Sirmaur (10),Rural,15-34,Non-workers_Total_Persons,1842,DDW-0200B-01ST-Census.xls,01ST
B0301ST,02,032,District - Sirmaur (10),Rural,35-59,Non-workers_Total_Persons,715,DDW-0200B-01ST-Census.xls,01ST
B0301ST,02,032,District - Sirmaur (10),Rural,60+,Non-workers_Total_Persons,382,DDW-0200B-01ST-Census.xls,01ST
B0301ST,02,032,District - Sirmaur (10),Rural,Age not stated,Non-workers_Total_Persons,8,DDW-0200B-01ST-Census.xls,01ST
B0301ST,02,032,District - Sirmaur (10),Rural,15-59,Non-workers_Total_Persons,2557,DDW-0200B-01ST-Census.xls,01ST
B0301ST,02,032,District - Sirmaur (10),Urban,Total,Non-workers_Total_Persons,254,DDW-0200B-01ST-Census.xls,01ST
B0301ST,02,032,District - Sirmaur (10),Urban,5-14,Non-workers_Total_Persons,65,DDW-0200B-01ST-Census.xls,01ST
B0301ST,02,032,District - Sirmaur (10),Urban,15-34,Non-workers_Total_Persons,102,DDW-0200B-01ST-Census.xls,01ST
B0301ST,02,032,District - Sirmaur (10),Urban,35-59,Non-workers_Total_Persons,47,DDW-0200B-01ST-Census.xls,01ST
B0301ST,02,032,District - Sirmaur (10),Urban,60+,Non-workers_Total_Persons,13,DDW-0200B-01ST-Census.xls,01ST
B0301ST,02,032,District - Sirmaur (10),Urban,Age not stated,Non-workers_Total_Persons,0,DDW-0200B-01ST-Census.xls,01ST
B0301ST,02,032,District - Sirmaur (10),Urban,15-59,Non-workers_Total_Persons,149,DDW-0200B-01ST-Census.xls,01ST
B0301ST,02,033,District - Shimla (11),Total,Total,Non-workers_Total_Persons,5017,DDW-0200B-01ST-Census.xls,01ST
B0301ST,02,033,District - Shimla (11),Total,5-14,Non-workers_Total_Persons,1726,DDW-0200B-01ST-Census.xls,01ST
B0301ST,02,033,District - Shimla (11),Total,15-34,Non-workers_Total_Persons,1965,DDW-0200B-01ST-Census.xls,01ST
B0301ST,02,033,District - Shimla (11),Total,35-59,Non-workers_Total_Persons,411,DDW-0200B-01ST-Census.xls,01ST
B0301ST,02,033,District - Shimla (11),Total,60+,Non-workers_Total_Persons,214,DDW-0200B-01ST-Census.xls,01ST
B0301ST,02,033,District - Shimla (11),Total,Age not stated,Non-workers_Total_Persons,3,DDW-0200B-01ST-Census.xls,01ST
B0301ST,02,033,District - Shimla (11),Total,15-59,Non-workers_Total_Persons,2376,DDW-0200B-01ST-Census.xls,01ST
B0301ST,02,033,District - Shimla (11),Rural,Total,Non-workers_Total_Persons,2879,DDW-0200B-01ST-Census.xls,01ST
B0301ST,02,033,District - Shimla (11),Rural,5-14,Non-workers_Total_Persons,1237,DDW-0200B-01ST-Census.xls,01ST
B0301ST,02,033,District - Shimla (11),Rural,15-34,Non-workers_Total_Persons,717,DDW-0200B-01ST-Census.xls,01ST
B0301ST,02,033,District - Shimla (11),Rural,35-59,Non-workers_Total_Persons,204,DDW-0200B-01ST-Census.xls,01ST
B0301ST,02,033,District - Shimla (11),Rural,60+,Non-workers_Total_Persons,138,DDW-0200B-01ST-Census.xls,01ST
B0301ST,02,033,District - Shimla (11),Rural,Age not stated,Non-workers_Total_Persons,1,DDW-0200B-01ST-Census.xls,01ST
B0301ST,02,033,District - Shimla (11),Rural,15-59,Non-workers_Total_Persons,921,DDW-0200B-01ST-Census.xls,01ST
B0301ST,02,033,District - Shimla (11),Urban,Total,Non-workers_Total_Persons,2138,DDW-0200B-01ST-Census.xls,01ST
B0301ST,02,033,District - Shimla (11),Urban,5-14,Non-workers_Total_Persons,489,DDW-0200B-01ST-Census.xls,01ST
B0301ST,02,033,District - Shimla (11),Urban,15-34,Non-workers_Total_Persons,1248,DDW-0200B-01ST-Census.xls,01ST
B0301ST,02,033,District - Shimla (11),Urban,35-59,Non-workers_Total_Persons,207,DDW-0200B-01ST-Census.xls,01ST
B0301ST,02,033,District - Shimla (11),Urban,60+,Non-workers_Total_Persons,76,DDW-0200B-01ST-Census.xls,01ST
B0301ST,02,033,District - Shimla (11),Urban,Age not stated,Non-workers_Total_Persons,2,DDW-0200B-01ST-Census.xls,01ST
B0301ST,02,033,District - Shimla (11),Urban,15-59,Non-workers_Total_Persons,1455,DDW-0200B-01ST-Census.xls,01ST
B0301ST,02,034,District - Kinnaur (12),Total,Total,Non-workers_Total_Persons,16400,DDW-0200B-01ST-Census.xls,01ST
B0301ST,02,034,District - Kinnaur (12),Total,5-14,Non-workers_Total_Persons,6410,DDW-0200B-01ST-Census.xls,01ST
B0301ST,02,034,District - Kinnaur (12),Total,15-34,Non-workers_Total_Persons,4084,DDW-0200B-01ST-Census.xls,01ST
B0301ST,02,034,District - Kinnaur (12),Total,35-59,Non-workers_Total_Persons,849,DDW-0200B-01ST-Census.xls,01ST
B0301ST,02,034,District - Kinnaur (12),Total,60+,Non-workers_Total_Persons,1814,DDW-0200B-01ST-Census.xls,01ST
B0301ST,02,034,District - Kinnaur (12),Total,Age not stated,Non-workers_Total_Persons,24,DDW-0200B-01ST-Census.xls,01ST
B0301ST,02,034,District - Kinnaur (12),Total,15-59,Non-workers_Total_Persons,4933,DDW-0200B-01ST-Census.xls,01ST
B0301ST,02,034,District - Kinnaur (12),Rural,Total,Non-workers_Total_Persons,16400,DDW-0200B-01ST-Census.xls,01ST
B0301ST,02,034,District - Kinnaur (12),Rural,5-14,Non-workers_Total_Persons,6410,DDW-0200B-01ST-Census.xls,01ST
B0301ST,02,034,District - Kinnaur (12),Rural,15-34,Non-workers_Total_Persons,4084,DDW-0200B-01ST-Census.xls,01ST
B0301ST,02,034,District - Kinnaur (12),Rural,35-59,Non-workers_Total_Persons,849,DDW-0200B-01ST-Census.xls,01ST
B0301ST,02,034,District - Kinnaur (12),Rural,60+,Non-workers_Total_Persons,1814,DDW-0200B-01ST-Census.xls,01ST
B0301ST,02,034,District - Kinnaur (12),Rural,Age not stated,Non-workers_Total_Persons,24,DDW-0200B-01ST-Census.xls,01ST
B0301ST,02,034,District - Kinnaur (12),Rural,15-59,Non-workers_Total_Persons,4933,DDW-0200B-01ST-Census.xls,01ST
B0301ST,02,034,District - Kinnaur (12),Urban,Total,Non-workers_Total_Persons,0,DDW-0200B-01ST-Census.xls,01ST
B0301ST,02,034,District - Kinnaur (12),Urban,5-14,Non-workers_Total_Persons,0,DDW-0200B-01ST-Census.xls,01ST
B0301ST,02,034,District - Kinnaur (12),Urban,15-34,Non-workers_Total_Persons,0,DDW-0200B-01ST-Census.xls,01ST
B0301ST,02,034,District - Kinnaur (12),Urban,35-59,Non-workers_Total_Persons,0,DDW-0200B-01ST-Census.xls,01ST
B0301ST,02,034,District - Kinnaur (12),Urban,60+,Non-workers_Total_Persons,0,DDW-0200B-01ST-Census.xls,01ST
B0301ST,02,034,District - Kinnaur (12),Urban,Age not stated,Non-workers_Total_Persons,0,DDW-0200B-01ST-Census.xls,01ST
B0301ST,02,034,District - Kinnaur (12),Urban,15-59,Non-workers_Total_Persons,0,DDW-0200B-01ST-Census.xls,01ST
B0301ST,02,000,State - HIMACHAL PRADESH (02),Total,Total,Non-workers_Total_Males,79579,DDW-0200B-01ST-Census.xls,01ST
B0301ST,02,000,State - HIMACHAL PRADESH (02),Total,5-14,Non-workers_Total_Males,34173,DDW-0200B-01ST-Census.xls,01ST
B0301ST,02,000,State - HIMACHAL PRADESH (02),Total,15-34,Non-workers_Total_Males,19746,DDW-0200B-01ST-Census.xls,01ST
B0301ST,02,000,State - HIMACHAL PRADESH (02),Total,35-59,Non-workers_Total_Males,2100,DDW-0200B-01ST-Census.xls,01ST
B0301ST,02,000,State - HIMACHAL PRADESH (02),Total,60+,Non-workers_Total_Males,5953,DDW-0200B-01ST-Census.xls,01ST
B0301ST,02,000,State - HIMACHAL PRADESH (02),Total,Age not stated,Non-workers_Total_Males,207,DDW-0200B-01ST-Census.xls,01ST
B0301ST,02,000,State - HIMACHAL PRADESH (02),Total,15-59,Non-workers_Total_Males,21846,DDW-0200B-01ST-Census.xls,01ST
B0301ST,02,000,State - HIMACHAL PRADESH (02),Rural,Total,Non-workers_Total_Males,74953,DDW-0200B-01ST-Census.xls,01ST
B0301ST,02,000,State - HIMACHAL PRADESH (02),Rural,5-14,Non-workers_Total_Males,32579,DDW-0200B-01ST-Census.xls,01ST
B0301ST,02,000,State - HIMACHAL PRADESH (02),Rural,15-34,Non-workers_Total_Males,17859,DDW-0200B-01ST-Census.xls,01ST
B0301ST,02,000,State - HIMACHAL PRADESH (02),Rural,35-59,Non-workers_Total_Males,1898,DDW-0200B-01ST-Census.xls,01ST
B0301ST,02,000,State - HIMACHAL PRADESH (02),Rural,60+,Non-workers_Total_Males,5563,DDW-0200B-01ST-Census.xls,01ST
B0301ST,02,000,State - HIMACHAL PRADESH (02),Rural,Age not stated,Non-workers_Total_Males,202,DDW-0200B-01ST-Census.xls,01ST
B0301ST,02,000,State - HIMACHAL PRADESH (02),Rural,15-59,Non-workers_Total_Males,19757,DDW-0200B-01ST-Census.xls,01ST
B0301ST,02,000,State - HIMACHAL PRADESH (02),Urban,Total,Non-workers_Total_Males,4626,DDW-0200B-01ST-Census.xls,01ST
B0301ST,02,000,State - HIMACHAL PRADESH (02),Urban,5-14,Non-workers_Total_Males,1594,DDW-0200B-01ST-Census.xls,01ST
B0301ST,02,000,State - HIMACHAL PRADESH (02),Urban,15-34,Non-workers_Total_Males,1887,DDW-0200B-01ST-Census.xls,01ST
B0301ST,02,000,State - HIMACHAL PRADESH (02),Urban,35-59,Non-workers_Total_Males,202,DDW-0200B-01ST-Census.xls,01ST
B0301ST,02,000,State - HIMACHAL PRADESH (02),Urban,60+,Non-workers_Total_Males,390,DDW-0200B-01ST-Census.xls,01ST
B0301ST,02,000,State - HIMACHAL PRADESH (02),Urban,Age not stated,Non-workers_Total_Males,5,DDW-0200B-01ST-Census.xls,01ST
B0301ST,02,000,State - HIMACHAL PRADESH (02),Urban,15-59,Non-workers_Total_Males,2089,DDW-0200B-01ST-Census.xls,01ST
B0301ST,02,023,District - Chamba (01),Total,Total,Non-workers_Total_Males,25494,DDW-0200B-01ST-Census.xls,01ST
B0301ST,02,023,District - Chamba (01),Total,5-14,Non-workers_Total_Males,11901,DDW-0200B-01ST-Census.xls,01ST
B0301ST,02,023,District - Chamba (01),Total,15-34,Non-workers_Total_Males,5033,DDW-0200B-01ST-Census.xls,01ST
B0301ST,02,023,District - Chamba (01),Total,35-59,Non-workers_Total_Males,440,DDW-0200B-01ST-Census.xls,01ST
B0301ST,02,023,District - Chamba (01),Total,60+,Non-workers_Total_Males,1612,DDW-0200B-01ST-Census.xls,01ST
B0301ST,02,023,District - Chamba (01),Total,Age not stated,Non-workers_Total_Males,37,DDW-0200B-01ST-Census.xls,01ST
B0301ST,02,023,District - Chamba (01),Total,15-59,Non-workers_Total_Males,5473,DDW-0200B-01ST-Census.xls,01ST
B0301ST,02,023,District - Chamba (01),Rural,Total,Non-workers_Total_Males,24814,DDW-0200B-01ST-Census.xls,01ST
B0301ST,02,023,District - Chamba (01),Rural,5-14,Non-workers_Total_Males,11648,DDW-0200B-01ST-Census.xls,01ST
B0301ST,02,023,District - Chamba (01),Rural,15-34,Non-workers_Total_Males,4769,DDW-0200B-01ST-Census.xls,01ST
B0301ST,02,023,District - Chamba (01),Rural,35-59,Non-workers_Total_Males,416,DDW-0200B-01ST-Census.xls,01ST
B0301ST,02,023,District - Chamba (01),Rural,60+,Non-workers_Total_Males,1558,DDW-0200B-01ST-Census.xls,01ST
B0301ST,02,023,District - Chamba (01),Rural,Age not stated,Non-workers_Total_Males,37,DDW-0200B-01ST-Census.xls,01ST
B0301ST,02,023,District - Chamba (01),Rural,15-59,Non-workers_Total_Males,5185,DDW-0200B-01ST-Census.xls,01ST
B0301ST,02,023,District - Chamba (01),Urban,Total,Non-workers_Total_Males,680,DDW-0200B-01ST-Census.xls,01ST
B0301ST,02,023,District - Chamba (01),Urban,5-14,Non-workers_Total_Males,253,DDW-0200B-01ST-Census.xls,01ST
B0301ST,02,023,District - Chamba (01),Urban,15-34,Non-workers_Total_Males,264,DDW-0200B-01ST-Census.xls,01ST
B0301ST,02,023,District - Chamba (01),Urban,35-59,Non-workers_Total_Males,24,DDW-0200B-01ST-Census.xls,01ST
B0301ST,02,023,District - Chamba (01),Urban,60+,Non-workers_Total_Males,54,DDW-0200B-01ST-Census.xls,01ST
B0301ST,02,023,District - Chamba (01),Urban,Age not stated,Non-workers_Total_Males,0,DDW-0200B-01ST-Census.xls,01ST
B0301ST,02,023,District - Chamba (01),Urban,15-59,Non-workers_Total_Males,288,DDW-0200B-01ST-Census.xls,01ST
B0301ST,02,024,District - Kangra (02),Total,Total,Non-workers_Total_Males,19775,DDW-0200B-01ST-Census.xls,01ST
B0301ST,02,024,District - Kangra (02),Total,5-14,Non-workers_Total_Males,7826,DDW-0200B-01ST-Census.xls,01ST
B0301ST,02,024,District - Kangra (02),Total,15-34,Non-workers_Total_Males,5661,DDW-0200B-01ST-Census.xls,01ST
B0301ST,02,024,District - Kangra (02),Total,35-59,Non-workers_Total_Males,658,DDW-0200B-01ST-Census.xls,01ST
B0301ST,02,024,District - Kangra (02),Total,60+,Non-workers_Total_Males,1710,DDW-0200B-01ST-Census.xls,01ST
B0301ST,02,024,District - Kangra (02),Total,Age not stated,Non-workers_Total_Males,85,DDW-0200B-01ST-Census.xls,01ST
B0301ST,02,024,District - Kangra (02),Total,15-59,Non-workers_Total_Males,6319,DDW-0200B-01ST-Census.xls,01ST
B0301ST,02,024,District - Kangra (02),Rural,Total,Non-workers_Total_Males,18725,DDW-0200B-01ST-Census.xls,01ST
B0301ST,02,024,District - Kangra (02),Rural,5-14,Non-workers_Total_Males,7470,DDW-0200B-01ST-Census.xls,01ST
B0301ST,02,024,District - Kangra (02),Rural,15-34,Non-workers_Total_Males,5290,DDW-0200B-01ST-Census.xls,01ST
B0301ST,02,024,District - Kangra (02),Rural,35-59,Non-workers_Total_Males,604,DDW-0200B-01ST-Census.xls,01ST
B0301ST,02,024,District - Kangra (02),Rural,60+,Non-workers_Total_Males,1618,DDW-0200B-01ST-Census.xls,01ST
B0301ST,02,024,District - Kangra (02),Rural,Age not stated,Non-workers_Total_Males,83,DDW-0200B-01ST-Census.xls,01ST
B0301ST,02,024,District - Kangra (02),Rural,15-59,Non-workers_Total_Males,5894,DDW-0200B-01ST-Census.xls,01ST
B0301ST,02,024,District - Kangra (02),Urban,Total,Non-workers_Total_Males,1050,DDW-0200B-01ST-Census.xls,01ST
B0301ST,02,024,District - Kangra (02),Urban,5-14,Non-workers_Total_Males,356,DDW-0200B-01ST-Census.xls,01ST
B0301ST,02,024,District - Kangra (02),Urban,15-34,Non-workers_Total_Males,371,DDW-0200B-01ST-Census.xls,01ST
B0301ST,02,024,District - Kangra (02),Urban,35-59,Non-workers_Total_Males,54,DDW-0200B-01ST-Census.xls,01ST
B0301ST,02,024,District - Kangra (02),Urban,60+,Non-workers_Total_Males,92,DDW-0200B-01ST-Census.xls,01ST
B0301ST,02,024,District - Kangra (02),Urban,Age not stated,Non-workers_Total_Males,2,DDW-0200B-01ST-Census.xls,01ST
B0301ST,02,024,District - Kangra (02),Urban,15-59,Non-workers_Total_Males,425,DDW-0200B-01ST-Census.xls,01ST
B0301ST,02,025,District - Lahul & Spiti (03),Total,Total,Non-workers_Total_Males,5062,DDW-0200B-01ST-Census.xls,01ST
B0301ST,02,025,District - Lahul & Spiti (03),Total,5-14,Non-workers_Total_Males,2096,DDW-0200B-01ST-Census.xls,01ST
B0301ST,02,025,District - Lahul & Spiti (03),Total,15-34,Non-workers_Total_Males,1557,DDW-0200B-01ST-Census.xls,01ST
B0301ST,02,025,District - Lahul & Spiti (03),Total,35-59,Non-workers_Total_Males,142,DDW-0200B-01ST-Census.xls,01ST
B0301ST,02,025,District - Lahul & Spiti (03),Total,60+,Non-workers_Total_Males,352,DDW-0200B-01ST-Census.xls,01ST
B0301ST,02,025,District - Lahul & Spiti (03),Total,Age not stated,Non-workers_Total_Males,31,DDW-0200B-01ST-Census.xls,01ST
B0301ST,02,025,District - Lahul & Spiti (03),Total,15-59,Non-workers_Total_Males,1699,DDW-0200B-01ST-Census.xls,01ST
B0301ST,02,025,District - Lahul & Spiti (03),Rural,Total,Non-workers_Total_Males,5062,DDW-0200B-01ST-Census.xls,01ST
B0301ST,02,025,District - Lahul & Spiti (03),Rural,5-14,Non-workers_Total_Males,2096,DDW-0200B-01ST-Census.xls,01ST
B0301ST,02,025,District - Lahul & Spiti (03),Rural,15-34,Non-workers_Total_Males,1557,DDW-0200B-01ST-Census.xls,01ST
B0301ST,02,025,District - Lahul & Spiti (03),Rural,35-59,Non-workers_Total_Males,142,DDW-0200B-01ST-Census.xls,01ST
B0301ST,02,025,District - Lahul & Spiti (03),Rural,60+,Non-workers_Total_Males,352,DDW-0200B-01ST-Census.xls,01ST
B0301ST,02,025,District - Lahul & Spiti (03),Rural,Age not stated,Non-workers_Total_Males,31,DDW-0200B-01ST-Census.xls,01ST
B0301ST,02,025,District - Lahul & Spiti (03),Rural,15-59,Non-workers_Total_Males,1699,DDW-0200B-01ST-Census.xls,01ST
B0301ST,02,025,District - Lahul & Spiti (03),Urban,Total,Non-workers_Total_Males,0,DDW-0200B-01ST-Census.xls,01ST
B0301ST,02,025,District - Lahul & Spiti (03),Urban,5-14,Non-workers_Total_Males,0,DDW-0200B-01ST-Census.xls,01ST
B0301ST,02,025,District - Lahul & Spiti (03),Urban,15-34,Non-workers_Total_Males,0,DDW-0200B-01ST-Census.xls,01ST
B0301ST,02,025,District - Lahul & Spiti (03),Urban,35-59,Non-workers_Total_Males,0,DDW-0200B-01ST-Census.xls,01ST
B0301ST,02,025,District - Lahul & Spiti (03),Urban,60+,Non-workers_Total_Males,0,DDW-0200B-01ST-Census.xls,01ST
B0301ST,02,025,District - Lahul & Spiti (03),Urban,Age not stated,Non-workers_Total_Males,0,DDW-0200B-01ST-Census.xls,01ST
B0301ST,02,025,District - Lahul & Spiti (03),Urban,15-59,Non-workers_Total_Males,0,DDW-0200B-01ST-Census.xls,01ST
B0301ST,02,026,District - Kullu (04),Total,Total,Non-workers_Total_Males,3651,DDW-0200B-01ST-Census.xls,01ST
B0301ST,02,026,District - Kullu (04),Total,5-14,Non-workers_Total_Males,1320,DDW-0200B-01ST-Census.xls,01ST
B0301ST,02,026,District - Kullu (04),Total,15-34,Non-workers_Total_Males,1188,DDW-0200B-01ST-Census.xls,01ST
B0301ST,02,026,District - Kullu (04),Total,35-59,Non-workers_Total_Males,169,DDW-0200B-01ST-Census.xls,01ST
B0301ST,02,026,District - Kullu (04),Total,60+,Non-workers_Total_Males,464,DDW-0200B-01ST-Census.xls,01ST
B0301ST,02,026,District - Kullu (04),Total,Age not stated,Non-workers_Total_Males,3,DDW-0200B-01ST-Census.xls,01ST
B0301ST,02,026,District - Kullu (04),Total,15-59,Non-workers_Total_Males,1357,DDW-0200B-01ST-Census.xls,01ST
B0301ST,02,026,District - Kullu (04),Rural,Total,Non-workers_Total_Males,2536,DDW-0200B-01ST-Census.xls,01ST
B0301ST,02,026,District - Kullu (04),Rural,5-14,Non-workers_Total_Males,972,DDW-0200B-01ST-Census.xls,01ST
B0301ST,02,026,District - Kullu (04),Rural,15-34,Non-workers_Total_Males,768,DDW-0200B-01ST-Census.xls,01ST
B0301ST,02,026,District - Kullu (04),Rural,35-59,Non-workers_Total_Males,103,DDW-0200B-01ST-Census.xls,01ST
B0301ST,02,026,District - Kullu (04),Rural,60+,Non-workers_Total_Males,280,DDW-0200B-01ST-Census.xls,01ST
B0301ST,02,026,District - Kullu (04),Rural,Age not stated,Non-workers_Total_Males,3,DDW-0200B-01ST-Census.xls,01ST
B0301ST,02,026,District - Kullu (04),Rural,15-59,Non-workers_Total_Males,871,DDW-0200B-01ST-Census.xls,01ST
B0301ST,02,026,District - Kullu (04),Urban,Total,Non-workers_Total_Males,1115,DDW-0200B-01ST-Census.xls,01ST
B0301ST,02,026,District - Kullu (04),Urban,5-14,Non-workers_Total_Males,348,DDW-0200B-01ST-Census.xls,01ST
B0301ST,02,026,District - Kullu (04),Urban,15-34,Non-workers_Total_Males,420,DDW-0200B-01ST-Census.xls,01ST
B0301ST,02,026,District - Kullu (04),Urban,35-59,Non-workers_Total_Males,66,DDW-0200B-01ST-Census.xls,01ST
B0301ST,02,026,District - Kullu (04),Urban,60+,Non-workers_Total_Males,184,DDW-0200B-01ST-Census.xls,01ST
B0301ST,02,026,District - Kullu (04),Urban,Age not stated,Non-workers_Total_Males,0,DDW-0200B-01ST-Census.xls,01ST
B0301ST,02,026,District - Kullu (04),Urban,15-59,Non-workers_Total_Males,486,DDW-0200B-01ST-Census.xls,01ST
B0301ST,02,027,District - Mandi (05),Total,Total,Non-workers_Total_Males,2569,DDW-0200B-01ST-Census.xls,01ST
B0301ST,02,027,District - Mandi (05),Total,5-14,Non-workers_Total_Males,1099,DDW-0200B-01ST-Census.xls,01ST
B0301ST,02,027,District - Mandi (05),Total,15-34,Non-workers_Total_Males,533,DDW-0200B-01ST-Census.xls,01ST
B0301ST,02,027,District - Mandi (05),Total,35-59,Non-workers_Total_Males,54,DDW-0200B-01ST-Census.xls,01ST
B0301ST,02,027,District - Mandi (05),Total,60+,Non-workers_Total_Males,200,DDW-0200B-01ST-Census.xls,01ST
B0301ST,02,027,District - Mandi (05),Total,Age not stated,Non-workers_Total_Males,11,DDW-0200B-01ST-Census.xls,01ST
B0301ST,02,027,District - Mandi (05),Total,15-59,Non-workers_Total_Males,587,DDW-0200B-01ST-Census.xls,01ST
B0301ST,02,027,District - Mandi (05),Rural,Total,Non-workers_Total_Males,2459,DDW-0200B-01ST-Census.xls,01ST
B0301ST,02,027,District - Mandi (05),Rural,5-14,Non-workers_Total_Males,1061,DDW-0200B-01ST-Census.xls,01ST
B0301ST,02,027,District - Mandi (05),Rural,15-34,Non-workers_Total_Males,479,DDW-0200B-01ST-Census.xls,01ST
B0301ST,02,027,District - Mandi (05),Rural,35-59,Non-workers_Total_Males,51,DDW-0200B-01ST-Census.xls,01ST
B0301ST,02,027,District - Mandi (05),Rural,60+,Non-workers_Total_Males,196,DDW-0200B-01ST-Census.xls,01ST
B0301ST,02,027,District - Mandi (05),Rural,Age not stated,Non-workers_Total_Males,11,DDW-0200B-01ST-Census.xls,01ST
B0301ST,02,027,District - Mandi (05),Rural,15-59,Non-workers_Total_Males,530,DDW-0200B-01ST-Census.xls,01ST
B0301ST,02,027,District - Mandi (05),Urban,Total,Non-workers_Total_Males,110,DDW-0200B-01ST-Census.xls,01ST
B0301ST,02,027,District - Mandi (05),Urban,5-14,Non-workers_Total_Males,38,DDW-0200B-01ST-Census.xls,01ST
B0301ST,02,027,District - Mandi (05),Urban,15-34,Non-workers_Total_Males,54,DDW-0200B-01ST-Census.xls,01ST
B0301ST,02,027,District - Mandi (05),Urban,35-59,Non-workers_Total_Males,3,DDW-0200B-01ST-Census.xls,01ST
B0301ST,02,027,District - Mandi (05),Urban,60+,Non-workers_Total_Males,4,DDW-0200B-01ST-Census.xls,01ST
B0301ST,02,027,District - Mandi (05),Urban,Age not stated,Non-workers_Total_Males,0,DDW-0200B-01ST-Census.xls,01ST
B0301ST,02,027,District - Mandi (05),Urban,15-59,Non-workers_Total_Males,57,DDW-0200B-01ST-Census.xls,01ST
B0301ST,02,028,District - Hamirpur (06),Total,Total,Non-workers_Total_Males,639,DDW-0200B-01ST-Census.xls,01ST
B0301ST,02,028,District - Hamirpur (06),Total,5-14,Non-workers_Total_Males,256,DDW-0200B-01ST-Census.xls,01ST
B0301ST,02,028,District - Hamirpur (06),Total,15-34,Non-workers_Total_Males,173,DDW-0200B-01ST-Census.xls,01ST
B0301ST,02,028,District - Hamirpur (06),Total,35-59,Non-workers_Total_Males,23,DDW-0200B-01ST-Census.xls,01ST
B0301ST,02,028,District - Hamirpur (06),Total,60+,Non-workers_Total_Males,49,DDW-0200B-01ST-Census.xls,01ST
B0301ST,02,028,District - Hamirpur (06),Total,Age not stated,Non-workers_Total_Males,3,DDW-0200B-01ST-Census.xls,01ST
B0301ST,02,028,District - Hamirpur (06),Total,15-59,Non-workers_Total_Males,196,DDW-0200B-01ST-Census.xls,01ST
B0301ST,02,028,District - Hamirpur (06),Rural,Total,Non-workers_Total_Males,536,DDW-0200B-01ST-Census.xls,01ST
B0301ST,02,028,District - Hamirpur (06),Rural,5-14,Non-workers_Total_Males,208,DDW-0200B-01ST-Census.xls,01ST
B0301ST,02,028,District - Hamirpur (06),Rural,15-34,Non-workers_Total_Males,134,DDW-0200B-01ST-Census.xls,01ST
B0301ST,02,028,District - Hamirpur (06),Rural,35-59,Non-workers_Total_Males,21,DDW-0200B-01ST-Census.xls,01ST
B0301ST,02,028,District - Hamirpur (06),Rural,60+,Non-workers_Total_Males,45,DDW-0200B-01ST-Census.xls,01ST
B0301ST,02,028,District - Hamirpur (06),Rural,Age not stated,Non-workers_Total_Males,2,DDW-0200B-01ST-Census.xls,01ST
B0301ST,02,028,District - Hamirpur (06),Rural,15-59,Non-workers_Total_Males,155,DDW-0200B-01ST-Census.xls,01ST
B0301ST,02,028,District - Hamirpur (06),Urban,Total,Non-workers_Total_Males,103,DDW-0200B-01ST-Census.xls,01ST
B0301ST,02,028,District - Hamirpur (06),Urban,5-14,Non-workers_Total_Males,48,DDW-0200B-01ST-Census.xls,01ST
B0301ST,02,028,District - Hamirpur (06),Urban,15-34,Non-workers_Total_Males,39,DDW-0200B-01ST-Census.xls,01ST
B0301ST,02,028,District - Hamirpur (06),Urban,35-59,Non-workers_Total_Males,2,DDW-0200B-01ST-Census.xls,01ST
B0301ST,02,028,District - Hamirpur (06),Urban,60+,Non-workers_Total_Males,4,DDW-0200B-01ST-Census.xls,01ST
B0301ST,02,028,District - Hamirpur (06),Urban,Age not stated,Non-workers_Total_Males,1,DDW-0200B-01ST-Census.xls,01ST
B0301ST,02,028,District - Hamirpur (06),Urban,15-59,Non-workers_Total_Males,41,DDW-0200B-01ST-Census.xls,01ST
B0301ST,02,029,District - Una (07),Total,Total,Non-workers_Total_Males,2050,DDW-0200B-01ST-Census.xls,01ST
B0301ST,02,029,District - Una (07),Total,5-14,Non-workers_Total_Males,884,DDW-0200B-01ST-Census.xls,01ST
B0301ST,02,029,District - Una (07),Total,15-34,Non-workers_Total_Males,519,DDW-0200B-01ST-Census.xls,01ST
B0301ST,02,029,District - Una (07),Total,35-59,Non-workers_Total_Males,54,DDW-0200B-01ST-Census.xls,01ST
B0301ST,02,029,District - Una (07),Total,60+,Non-workers_Total_Males,185,DDW-0200B-01ST-Census.xls,01ST
B0301ST,02,029,District - Una (07),Total,Age not stated,Non-workers_Total_Males,3,DDW-0200B-01ST-Census.xls,01ST
B0301ST,02,029,District - Una (07),Total,15-59,Non-workers_Total_Males,573,DDW-0200B-01ST-Census.xls,01ST
B0301ST,02,029,District - Una (07),Rural,Total,Non-workers_Total_Males,2012,DDW-0200B-01ST-Census.xls,01ST
B0301ST,02,029,District - Una (07),Rural,5-14,Non-workers_Total_Males,870,DDW-0200B-01ST-Census.xls,01ST
B0301ST,02,029,District - Una (07),Rural,15-34,Non-workers_Total_Males,502,DDW-0200B-01ST-Census.xls,01ST
B0301ST,02,029,District - Una (07),Rural,35-59,Non-workers_Total_Males,53,DDW-0200B-01ST-Census.xls,01ST
B0301ST,02,029,District - Una (07),Rural,60+,Non-workers_Total_Males,182,DDW-0200B-01ST-Census.xls,01ST
B0301ST,02,029,District - Una (07),Rural,Age not stated,Non-workers_Total_Males,3,DDW-0200B-01ST-Census.xls,01ST
B0301ST,02,029,District - Una (07),Rural,15-59,Non-workers_Total_Males,555,DDW-0200B-01ST-Census.xls,01ST
B0301ST,02,029,District - Una (07),Urban,Total,Non-workers_Total_Males,38,DDW-0200B-01ST-Census.xls,01ST
B0301ST,02,029,District - Una (07),Urban,5-14,Non-workers_Total_Males,14,DDW-0200B-01ST-Census.xls,01ST
B0301ST,02,029,District - Una (07),Urban,15-34,Non-workers_Total_Males,17,DDW-0200B-01ST-Census.xls,01ST
B0301ST,02,029,District - Una (07),Urban,35-59,Non-workers_Total_Males,1,DDW-0200B-01ST-Census.xls,01ST
B0301ST,02,029,District - Una (07),Urban,60+,Non-workers_Total_Males,3,DDW-0200B-01ST-Census.xls,01ST
B0301ST,02,029,District - Una (07),Urban,Age not stated,Non-workers_Total_Males,0,DDW-0200B-01ST-Census.xls,01ST
B0301ST,02,029,District - Una (07),Urban,15-59,Non-workers_Total_Males,18,DDW-0200B-01ST-Census.xls,01ST
B0301ST,02,030,District - Bilaspur (08),Total,Total,Non-workers_Total_Males,2157,DDW-0200B-01ST-Census.xls,01ST
B0301ST,02,030,District - Bilaspur (08),Total,5-14,Non-workers_Total_Males,880,DDW-0200B-01ST-Census.xls,01ST
B0301ST,02,030,District - Bilaspur (08),Total,15-34,Non-workers_Total_Males,574,DDW-0200B-01ST-Census.xls,01ST
B0301ST,02,030,District - Bilaspur (08),Total,35-59,Non-workers_Total_Males,60,DDW-0200B-01ST-Census.xls,01ST
B0301ST,02,030,District - Bilaspur (08),Total,60+,Non-workers_Total_Males,170,DDW-0200B-01ST-Census.xls,01ST
B0301ST,02,030,District - Bilaspur (08),Total,Age not stated,Non-workers_Total_Males,4,DDW-0200B-01ST-Census.xls,01ST
B0301ST,02,030,District - Bilaspur (08),Total,15-59,Non-workers_Total_Males,634,DDW-0200B-01ST-Census.xls,01ST
B0301ST,02,030,District - Bilaspur (08),Rural,Total,Non-workers_Total_Males,2065,DDW-0200B-01ST-Census.xls,01ST
B0301ST,02,030,District - Bilaspur (08),Rural,5-14,Non-workers_Total_Males,832,DDW-0200B-01ST-Census.xls,01ST
B0301ST,02,030,District - Bilaspur (08),Rural,15-34,Non-workers_Total_Males,545,DDW-0200B-01ST-Census.xls,01ST
B0301ST,02,030,District - Bilaspur (08),Rural,35-59,Non-workers_Total_Males,60,DDW-0200B-01ST-Census.xls,01ST
B0301ST,02,030,District - Bilaspur (08),Rural,60+,Non-workers_Total_Males,169,DDW-0200B-01ST-Census.xls,01ST
B0301ST,02,030,District - Bilaspur (08),Rural,Age not stated,Non-workers_Total_Males,4,DDW-0200B-01ST-Census.xls,01ST
B0301ST,02,030,District - Bilaspur (08),Rural,15-59,Non-workers_Total_Males,605,DDW-0200B-01ST-Census.xls,01ST
B0301ST,02,030,District - Bilaspur (08),Urban,Total,Non-workers_Total_Males,92,DDW-0200B-01ST-Census.xls,01ST
B0301ST,02,030,District - Bilaspur (08),Urban,5-14,Non-workers_Total_Males,48,DDW-0200B-01ST-Census.xls,01ST
B0301ST,02,030,District - Bilaspur (08),Urban,15-34,Non-workers_Total_Males,29,DDW-0200B-01ST-Census.xls,01ST
B0301ST,02,030,District - Bilaspur (08),Urban,35-59,Non-workers_Total_Males,0,DDW-0200B-01ST-Census.xls,01ST
B0301ST,02,030,District - Bilaspur (08),Urban,60+,Non-workers_Total_Males,1,DDW-0200B-01ST-Census.xls,01ST
B0301ST,02,030,District - Bilaspur (08),Urban,Age not stated,Non-workers_Total_Males,0,DDW-0200B-01ST-Census.xls,01ST
B0301ST,02,030,District - Bilaspur (08),Urban,15-59,Non-workers_Total_Males,29,DDW-0200B-01ST-Census.xls,01ST
B0301ST,02,031,District - Solan (09),Total,Total,Non-workers_Total_Males,5824,DDW-0200B-01ST-Census.xls,01ST
B0301ST,02,031,District - Solan (09),Total,5-14,Non-workers_Total_Males,2490,DDW-0200B-01ST-Census.xls,01ST
B0301ST,02,031,District - Solan (09),Total,15-34,Non-workers_Total_Males,1402,DDW-0200B-01ST-Census.xls,01ST
B0301ST,02,031,District - Solan (09),Total,35-59,Non-workers_Total_Males,177,DDW-0200B-01ST-Census.xls,01ST
B0301ST,02,031,District - Solan (09),Total,60+,Non-workers_Total_Males,422,DDW-0200B-01ST-Census.xls,01ST
B0301ST,02,031,District - Solan (09),Total,Age not stated,Non-workers_Total_Males,13,DDW-0200B-01ST-Census.xls,01ST
B0301ST,02,031,District - Solan (09),Total,15-59,Non-workers_Total_Males,1579,DDW-0200B-01ST-Census.xls,01ST
B0301ST,02,031,District - Solan (09),Rural,Total,Non-workers_Total_Males,5438,DDW-0200B-01ST-Census.xls,01ST
B0301ST,02,031,District - Solan (09),Rural,5-14,Non-workers_Total_Males,2325,DDW-0200B-01ST-Census.xls,01ST
B0301ST,02,031,District - Solan (09),Rural,15-34,Non-workers_Total_Males,1273,DDW-0200B-01ST-Census.xls,01ST
B0301ST,02,031,District - Solan (09),Rural,35-59,Non-workers_Total_Males,167,DDW-0200B-01ST-Census.xls,01ST
B0301ST,02,031,District - Solan (09),Rural,60+,Non-workers_Total_Males,409,DDW-0200B-01ST-Census.xls,01ST
B0301ST,02,031,District - Solan (09),Rural,Age not stated,Non-workers_Total_Males,13,DDW-0200B-01ST-Census.xls,01ST
B0301ST,02,031,District - Solan (09),Rural,15-59,Non-workers_Total_Males,1440,DDW-0200B-01ST-Census.xls,01ST
B0301ST,02,031,District - Solan (09),Urban,Total,Non-workers_Total_Males,386,DDW-0200B-01ST-Census.xls,01ST
B0301ST,02,031,District - Solan (09),Urban,5-14,Non-workers_Total_Males,165,DDW-0200B-01ST-Census.xls,01ST
B0301ST,02,031,District - Solan (09),Urban,15-34,Non-workers_Total_Males,129,DDW-0200B-01ST-Census.xls,01ST
B0301ST,02,031,District - Solan (09),Urban,35-59,Non-workers_Total_Males,10,DDW-0200B-01ST-Census.xls,01ST
B0301ST,02,031,District - Solan (09),Urban,60+,Non-workers_Total_Males,13,DDW-0200B-01ST-Census.xls,01ST
B0301ST,02,031,District - Solan (09),Urban,Age not stated,Non-workers_Total_Males,0,DDW-0200B-01ST-Census.xls,01ST
B0301ST,02,031,District - Solan (09),Urban,15-59,Non-workers_Total_Males,139,DDW-0200B-01ST-Census.xls,01ST
B0301ST,02,032,District - Sirmaur (10),Total,Total,Non-workers_Total_Males,2725,DDW-0200B-01ST-Census.xls,01ST
B0301ST,02,032,District - Sirmaur (10),Total,5-14,Non-workers_Total_Males,1291,DDW-0200B-01ST-Census.xls,01ST
B0301ST,02,032,District - Sirmaur (10),Total,15-34,Non-workers_Total_Males,551,DDW-0200B-01ST-Census.xls,01ST
B0301ST,02,032,District - Sirmaur (10),Total,35-59,Non-workers_Total_Males,63,DDW-0200B-01ST-Census.xls,01ST
B0301ST,02,032,District - Sirmaur (10),Total,60+,Non-workers_Total_Males,94,DDW-0200B-01ST-Census.xls,01ST
B0301ST,02,032,District - Sirmaur (10),Total,Age not stated,Non-workers_Total_Males,6,DDW-0200B-01ST-Census.xls,01ST
B0301ST,02,032,District - Sirmaur (10),Total,15-59,Non-workers_Total_Males,614,DDW-0200B-01ST-Census.xls,01ST
B0301ST,02,032,District - Sirmaur (10),Rural,Total,Non-workers_Total_Males,2586,DDW-0200B-01ST-Census.xls,01ST
B0301ST,02,032,District - Sirmaur (10),Rural,5-14,Non-workers_Total_Males,1251,DDW-0200B-01ST-Census.xls,01ST
B0301ST,02,032,District - Sirmaur (10),Rural,15-34,Non-workers_Total_Males,502,DDW-0200B-01ST-Census.xls,01ST
B0301ST,02,032,District - Sirmaur (10),Rural,35-59,Non-workers_Total_Males,35,DDW-0200B-01ST-Census.xls,01ST
B0301ST,02,032,District - Sirmaur (10),Rural,60+,Non-workers_Total_Males,92,DDW-0200B-01ST-Census.xls,01ST
B0301ST,02,032,District - Sirmaur (10),Rural,Age not stated,Non-workers_Total_Males,6,DDW-0200B-01ST-Census.xls,01ST
B0301ST,02,032,District - Sirmaur (10),Rural,15-59,Non-workers_Total_Males,537,DDW-0200B-01ST-Census.xls,01ST
B0301ST,02,032,District - Sirmaur (10),Urban,Total,Non-workers_Total_Males,139,DDW-0200B-01ST-Census.xls,01ST
B0301ST,02,032,District - Sirmaur (10),Urban,5-14,Non-workers_Total_Males,40,DDW-0200B-01ST-Census.xls,01ST
B0301ST,02,032,District - Sirmaur (10),Urban,15-34,Non-workers_Total_Males,49,DDW-0200B-01ST-Census.xls,01ST
B0301ST,02,032,District - Sirmaur (10),Urban,35-59,Non-workers_Total_Males,28,DDW-0200B-01ST-Census.xls,01ST
B0301ST,02,032,District - Sirmaur (10),Urban,60+,Non-workers_Total_Males,2,DDW-0200B-01ST-Census.xls,01ST
B0301ST,02,032,District - Sirmaur (10),Urban,Age not stated,Non-workers_Total_Males,0,DDW-0200B-01ST-Census.xls,01ST
B0301ST,02,032,District - Sirmaur (10),Urban,15-59,Non-workers_Total_Males,77,DDW-0200B-01ST-Census.xls,01ST
B0301ST,02,033,District - Shimla (11),Total,Total,Non-workers_Total_Males,2221,DDW-0200B-01ST-Census.xls,01ST
B0301ST,02,033,District - Shimla (11),Total,5-14,Non-workers_Total_Males,930,DDW-0200B-01ST-Census.xls,01ST
B0301ST,02,033,District - Shimla (11),Total,15-34,Non-workers_Total_Males,786,DDW-0200B-01ST-Census.xls,01ST
B0301ST,02,033,District - Shimla (11),Total,35-59,Non-workers_Total_Males,44,DDW-0200B-01ST-Census.xls,01ST
B0301ST,02,033,District - Shimla (11),Total,60+,Non-workers_Total_Males,101,DDW-0200B-01ST-Census.xls,01ST
B0301ST,02,033,District - Shimla (11),Total,Age not stated,Non-workers_Total_Males,2,DDW-0200B-01ST-Census.xls,01ST
B0301ST,02,033,District - Shimla (11),Total,15-59,Non-workers_Total_Males,830,DDW-0200B-01ST-Census.xls,01ST
B0301ST,02,033,District - Shimla (11),Rural,Total,Non-workers_Total_Males,1308,DDW-0200B-01ST-Census.xls,01ST
B0301ST,02,033,District - Shimla (11),Rural,5-14,Non-workers_Total_Males,646,DDW-0200B-01ST-Census.xls,01ST
B0301ST,02,033,District - Shimla (11),Rural,15-34,Non-workers_Total_Males,271,DDW-0200B-01ST-Census.xls,01ST
B0301ST,02,033,District - Shimla (11),Rural,35-59,Non-workers_Total_Males,30,DDW-0200B-01ST-Census.xls,01ST
B0301ST,02,033,District - Shimla (11),Rural,60+,Non-workers_Total_Males,68,DDW-0200B-01ST-Census.xls,01ST
B0301ST,02,033,District - Shimla (11),Rural,Age not stated,Non-workers_Total_Males,0,DDW-0200B-01ST-Census.xls,01ST
B0301ST,02,033,District - Shimla (11),Rural,15-59,Non-workers_Total_Males,301,DDW-0200B-01ST-Census.xls,01ST
B0301ST,02,033,District - Shimla (11),Urban,Total,Non-workers_Total_Males,913,DDW-0200B-01ST-Census.xls,01ST
B0301ST,02,033,District - Shimla (11),Urban,5-14,Non-workers_Total_Males,284,DDW-0200B-01ST-Census.xls,01ST
B0301ST,02,033,District - Shimla (11),Urban,15-34,Non-workers_Total_Males,515,DDW-0200B-01ST-Census.xls,01ST
B0301ST,02,033,District - Shimla (11),Urban,35-59,Non-workers_Total_Males,14,DDW-0200B-01ST-Census.xls,01ST
B0301ST,02,033,District - Shimla (11),Urban,60+,Non-workers_Total_Males,33,DDW-0200B-01ST-Census.xls,01ST
B0301ST,02,033,District - Shimla (11),Urban,Age not stated,Non-workers_Total_Males,2,DDW-0200B-01ST-Census.xls,01ST
B0301ST,02,033,District - Shimla (11),Urban,15-59,Non-workers_Total_Males,529,DDW-0200B-01ST-Census.xls,01ST
B0301ST,02,034,District - Kinnaur (12),Total,Total,Non-workers_Total_Males,7412,DDW-0200B-01ST-Census.xls,01ST
B0301ST,02,034,District - Kinnaur (12),Total,5-14,Non-workers_Total_Males,3200,DDW-0200B-01ST-Census.xls,01ST
B0301ST,02,034,District - Kinnaur (12),Total,15-34,Non-workers_Total_Males,1769,DDW-0200B-01ST-Census.xls,01ST
B0301ST,02,034,District - Kinnaur (12),Total,35-59,Non-workers_Total_Males,216,DDW-0200B-01ST-Census.xls,01ST
B0301ST,02,034,District - Kinnaur (12),Total,60+,Non-workers_Total_Males,594,DDW-0200B-01ST-Census.xls,01ST
B0301ST,02,034,District - Kinnaur (12),Total,Age not stated,Non-workers_Total_Males,9,DDW-0200B-01ST-Census.xls,01ST
B0301ST,02,034,District - Kinnaur (12),Total,15-59,Non-workers_Total_Males,1985,DDW-0200B-01ST-Census.xls,01ST
B0301ST,02,034,District - Kinnaur (12),Rural,Total,Non-workers_Total_Males,7412,DDW-0200B-01ST-Census.xls,01ST
B0301ST,02,034,District - Kinnaur (12),Rural,5-14,Non-workers_Total_Males,3200,DDW-0200B-01ST-Census.xls,01ST
B0301ST,02,034,District - Kinnaur (12),Rural,15-34,Non-workers_Total_Males,1769,DDW-0200B-01ST-Census.xls,01ST
B0301ST,02,034,District - Kinnaur (12),Rural,35-59,Non-workers_Total_Males,216,DDW-0200B-01ST-Census.xls,01ST
B0301ST,02,034,District - Kinnaur (12),Rural,60+,Non-workers_Total_Males,594,DDW-0200B-01ST-Census.xls,01ST
B0301ST,02,034,District - Kinnaur (12),Rural,Age not stated,Non-workers_Total_Males,9,DDW-0200B-01ST-Census.xls,01ST
B0301ST,02,034,District - Kinnaur (12),Rural,15-59,Non-workers_Total_Males,1985,DDW-0200B-01ST-Census.xls,01ST
B0301ST,02,034,District - Kinnaur (12),Urban,Total,Non-workers_Total_Males,0,DDW-0200B-01ST-Census.xls,01ST
B0301ST,02,034,District - Kinnaur (12),Urban,5-14,Non-workers_Total_Males,0,DDW-0200B-01ST-Census.xls,01ST
B0301ST,02,034,District - Kinnaur (12),Urban,15-34,Non-workers_Total_Males,0,DDW-0200B-01ST-Census.xls,01ST
B0301ST,02,034,District - Kinnaur (12),Urban,35-59,Non-workers_Total_Males,0,DDW-0200B-01ST-Census.xls,01ST
B0301ST,02,034,District - Kinnaur (12),Urban,60+,Non-workers_Total_Males,0,DDW-0200B-01ST-Census.xls,01ST
B0301ST,02,034,District - Kinnaur (12),Urban,Age not stated,Non-workers_Total_Males,0,DDW-0200B-01ST-Census.xls,01ST
B0301ST,02,034,District - Kinnaur (12),Urban,15-59,Non-workers_Total_Males,0,DDW-0200B-01ST-Census.xls,01ST
B0301ST,02,000,State - HIMACHAL PRADESH (02),Total,Total,Non-workers_Total_Females,102590,DDW-0200B-01ST-Census.xls,01ST
B0301ST,02,000,State - HIMACHAL PRADESH (02),Total,5-14,Non-workers_Total_Females,31299,DDW-0200B-01ST-Census.xls,01ST
B0301ST,02,000,State - HIMACHAL PRADESH (02),Total,15-34,Non-workers_Total_Females,30308,DDW-0200B-01ST-Census.xls,01ST
B0301ST,02,000,State - HIMACHAL PRADESH (02),Total,35-59,Non-workers_Total_Females,14263,DDW-0200B-01ST-Census.xls,01ST
B0301ST,02,000,State - HIMACHAL PRADESH (02),Total,60+,Non-workers_Total_Females,10327,DDW-0200B-01ST-Census.xls,01ST
B0301ST,02,000,State - HIMACHAL PRADESH (02),Total,Age not stated,Non-workers_Total_Females,209,DDW-0200B-01ST-Census.xls,01ST
B0301ST,02,000,State - HIMACHAL PRADESH (02),Total,15-59,Non-workers_Total_Females,44571,DDW-0200B-01ST-Census.xls,01ST
B0301ST,02,000,State - HIMACHAL PRADESH (02),Rural,Total,Non-workers_Total_Females,95797,DDW-0200B-01ST-Census.xls,01ST
B0301ST,02,000,State - HIMACHAL PRADESH (02),Rural,5-14,Non-workers_Total_Females,30044,DDW-0200B-01ST-Census.xls,01ST
B0301ST,02,000,State - HIMACHAL PRADESH (02),Rural,15-34,Non-workers_Total_Females,27379,DDW-0200B-01ST-Census.xls,01ST
B0301ST,02,000,State - HIMACHAL PRADESH (02),Rural,35-59,Non-workers_Total_Females,12702,DDW-0200B-01ST-Census.xls,01ST
B0301ST,02,000,State - HIMACHAL PRADESH (02),Rural,60+,Non-workers_Total_Females,9746,DDW-0200B-01ST-Census.xls,01ST
B0301ST,02,000,State - HIMACHAL PRADESH (02),Rural,Age not stated,Non-workers_Total_Females,204,DDW-0200B-01ST-Census.xls,01ST
B0301ST,02,000,State - HIMACHAL PRADESH (02),Rural,15-59,Non-workers_Total_Females,40081,DDW-0200B-01ST-Census.xls,01ST
B0301ST,02,000,State - HIMACHAL PRADESH (02),Urban,Total,Non-workers_Total_Females,6793,DDW-0200B-01ST-Census.xls,01ST
B0301ST,02,000,State - HIMACHAL PRADESH (02),Urban,5-14,Non-workers_Total_Females,1255,DDW-0200B-01ST-Census.xls,01ST
B0301ST,02,000,State - HIMACHAL PRADESH (02),Urban,15-34,Non-workers_Total_Females,2929,DDW-0200B-01ST-Census.xls,01ST
B0301ST,02,000,State - HIMACHAL PRADESH (02),Urban,35-59,Non-workers_Total_Females,1561,DDW-0200B-01ST-Census.xls,01ST
B0301ST,02,000,State - HIMACHAL PRADESH (02),Urban,60+,Non-workers_Total_Females,581,DDW-0200B-01ST-Census.xls,01ST
B0301ST,02,000,State - HIMACHAL PRADESH (02),Urban,Age not stated,Non-workers_Total_Females,5,DDW-0200B-01ST-Census.xls,01ST
B0301ST,02,000,State - HIMACHAL PRADESH (02),Urban,15-59,Non-workers_Total_Females,4490,DDW-0200B-01ST-Census.xls,01ST
B0301ST,02,023,District - Chamba (01),Total,Total,Non-workers_Total_Females,29050,DDW-0200B-01ST-Census.xls,01ST
B0301ST,02,023,District - Chamba (01),Total,5-14,Non-workers_Total_Females,10894,DDW-0200B-01ST-Census.xls,01ST
B0301ST,02,023,District - Chamba (01),Total,15-34,Non-workers_Total_Females,6565,DDW-0200B-01ST-Census.xls,01ST
B0301ST,02,023,District - Chamba (01),Total,35-59,Non-workers_Total_Females,2755,DDW-0200B-01ST-Census.xls,01ST
B0301ST,02,023,District - Chamba (01),Total,60+,Non-workers_Total_Females,2672,DDW-0200B-01ST-Census.xls,01ST
B0301ST,02,023,District - Chamba (01),Total,Age not stated,Non-workers_Total_Females,34,DDW-0200B-01ST-Census.xls,01ST
B0301ST,02,023,District - Chamba (01),Total,15-59,Non-workers_Total_Females,9320,DDW-0200B-01ST-Census.xls,01ST
B0301ST,02,023,District - Chamba (01),Rural,Total,Non-workers_Total_Females,27994,DDW-0200B-01ST-Census.xls,01ST
B0301ST,02,023,District - Chamba (01),Rural,5-14,Non-workers_Total_Females,10695,DDW-0200B-01ST-Census.xls,01ST
B0301ST,02,023,District - Chamba (01),Rural,15-34,Non-workers_Total_Females,6138,DDW-0200B-01ST-Census.xls,01ST
B0301ST,02,023,District - Chamba (01),Rural,35-59,Non-workers_Total_Females,2493,DDW-0200B-01ST-Census.xls,01ST
B0301ST,02,023,District - Chamba (01),Rural,60+,Non-workers_Total_Females,2594,DDW-0200B-01ST-Census.xls,01ST
B0301ST,02,023,District - Chamba (01),Rural,Age not stated,Non-workers_Total_Females,34,DDW-0200B-01ST-Census.xls,01ST
B0301ST,02,023,District - Chamba (01),Rural,15-59,Non-workers_Total_Females,8631,DDW-0200B-01ST-Census.xls,01ST
B0301ST,02,023,District - Chamba (01),Urban,Total,Non-workers_Total_Females,1056,DDW-0200B-01ST-Census.xls,01ST
B0301ST,02,023,District - Chamba (01),Urban,5-14,Non-workers_Total_Females,199,DDW-0200B-01ST-Census.xls,01ST
B0301ST,02,023,District - Chamba (01),Urban,15-34,Non-workers_Total_Females,427,DDW-0200B-01ST-Census.xls,01ST
B0301ST,02,023,District - Chamba (01),Urban,35-59,Non-workers_Total_Females,262,DDW-0200B-01ST-Census.xls,01ST
B0301ST,02,023,District - Chamba (01),Urban,60+,Non-workers_Total_Females,78,DDW-0200B-01ST-Census.xls,01ST
B0301ST,02,023,District - Chamba (01),Urban,Age not stated,Non-workers_Total_Females,0,DDW-0200B-01ST-Census.xls,01ST
B0301ST,02,023,District - Chamba (01),Urban,15-59,Non-workers_Total_Females,689,DDW-0200B-01ST-Census.xls,01ST
B0301ST,02,024,District - Kangra (02),Total,Total,Non-workers_Total_Females,29851,DDW-0200B-01ST-Census.xls,01ST
B0301ST,02,024,District - Kangra (02),Total,5-14,Non-workers_Total_Females,7135,DDW-0200B-01ST-Census.xls,01ST
B0301ST,02,024,District - Kangra (02),Total,15-34,Non-workers_Total_Females,10483,DDW-0200B-01ST-Census.xls,01ST
B0301ST,02,024,District - Kangra (02),Total,35-59,Non-workers_Total_Females,5669,DDW-0200B-01ST-Census.xls,01ST
B0301ST,02,024,District - Kangra (02),Total,60+,Non-workers_Total_Females,3004,DDW-0200B-01ST-Census.xls,01ST
B0301ST,02,024,District - Kangra (02),Total,Age not stated,Non-workers_Total_Females,97,DDW-0200B-01ST-Census.xls,01ST
B0301ST,02,024,District - Kangra (02),Total,15-59,Non-workers_Total_Females,16152,DDW-0200B-01ST-Census.xls,01ST
B0301ST,02,024,District - Kangra (02),Rural,Total,Non-workers_Total_Females,28046,DDW-0200B-01ST-Census.xls,01ST
B0301ST,02,024,District - Kangra (02),Rural,5-14,Non-workers_Total_Females,6808,DDW-0200B-01ST-Census.xls,01ST
B0301ST,02,024,District - Kangra (02),Rural,15-34,Non-workers_Total_Females,9745,DDW-0200B-01ST-Census.xls,01ST
B0301ST,02,024,District - Kangra (02),Rural,35-59,Non-workers_Total_Females,5231,DDW-0200B-01ST-Census.xls,01ST
B0301ST,02,024,District - Kangra (02),Rural,60+,Non-workers_Total_Females,2842,DDW-0200B-01ST-Census.xls,01ST
B0301ST,02,024,District - Kangra (02),Rural,Age not stated,Non-workers_Total_Females,94,DDW-0200B-01ST-Census.xls,01ST
B0301ST,02,024,District - Kangra (02),Rural,15-59,Non-workers_Total_Females,14976,DDW-0200B-01ST-Census.xls,01ST
B0301ST,02,024,District - Kangra (02),Urban,Total,Non-workers_Total_Females,1805,DDW-0200B-01ST-Census.xls,01ST
B0301ST,02,024,District - Kangra (02),Urban,5-14,Non-workers_Total_Females,327,DDW-0200B-01ST-Census.xls,01ST
B0301ST,02,024,District - Kangra (02),Urban,15-34,Non-workers_Total_Females,738,DDW-0200B-01ST-Census.xls,01ST
B0301ST,02,024,District - Kangra (02),Urban,35-59,Non-workers_Total_Females,438,DDW-0200B-01ST-Census.xls,01ST
B0301ST,02,024,District - Kangra (02),Urban,60+,Non-workers_Total_Females,162,DDW-0200B-01ST-Census.xls,01ST
B0301ST,02,024,District - Kangra (02),Urban,Age not stated,Non-workers_Total_Females,3,DDW-0200B-01ST-Census.xls,01ST
B0301ST,02,024,District - Kangra (02),Urban,15-59,Non-workers_Total_Females,1176,DDW-0200B-01ST-Census.xls,01ST
B0301ST,02,025,District - Lahul & Spiti (03),Total,Total,Non-workers_Total_Females,5557,DDW-0200B-01ST-Census.xls,01ST
B0301ST,02,025,District - Lahul & Spiti (03),Total,5-14,Non-workers_Total_Females,2127,DDW-0200B-01ST-Census.xls,01ST
B0301ST,02,025,District - Lahul & Spiti (03),Total,15-34,Non-workers_Total_Females,1589,DDW-0200B-01ST-Census.xls,01ST
B0301ST,02,025,District - Lahul & Spiti (03),Total,35-59,Non-workers_Total_Females,337,DDW-0200B-01ST-Census.xls,01ST
B0301ST,02,025,District - Lahul & Spiti (03),Total,60+,Non-workers_Total_Females,580,DDW-0200B-01ST-Census.xls,01ST
B0301ST,02,025,District - Lahul & Spiti (03),Total,Age not stated,Non-workers_Total_Females,26,DDW-0200B-01ST-Census.xls,01ST
B0301ST,02,025,District - Lahul & Spiti (03),Total,15-59,Non-workers_Total_Females,1926,DDW-0200B-01ST-Census.xls,01ST
B0301ST,02,025,District - Lahul & Spiti (03),Rural,Total,Non-workers_Total_Females,5557,DDW-0200B-01ST-Census.xls,01ST
B0301ST,02,025,District - Lahul & Spiti (03),Rural,5-14,Non-workers_Total_Females,2127,DDW-0200B-01ST-Census.xls,01ST
B0301ST,02,025,District - Lahul & Spiti (03),Rural,15-34,Non-workers_Total_Females,1589,DDW-0200B-01ST-Census.xls,01ST
B0301ST,02,025,District - Lahul & Spiti (03),Rural,35-59,Non-workers_Total_Females,337,DDW-0200B-01ST-Census.xls,01ST
B0301ST,02,025,District - Lahul & Spiti (03),Rural,60+,Non-workers_Total_Females,580,DDW-0200B-01ST-Census.xls,01ST
B0301ST,02,025,District - Lahul & Spiti (03),Rural,Age not stated,Non-workers_Total_Females,26,DDW-0200B-01ST-Census.xls,01ST
B0301ST,02,025,District - Lahul & Spiti (03),Rural,15-59,Non-workers_Total_Females,1926,DDW-0200B-01ST-Census.xls,01ST
B0301ST,02,025,District - Lahul & Spiti (03),Urban,Total,Non-workers_Total_Females,0,DDW-0200B-01ST-Census.xls,01ST
B0301ST,02,025,District - Lahul & Spiti (03),Urban,5-14,Non-workers_Total_Females,0,DDW-0200B-01ST-Census.xls,01ST
B0301ST,02,025,District - Lahul & Spiti (03),Urban,15-34,Non-workers_Total_Females,0,DDW-0200B-01ST-Census.xls,01ST
B0301ST,02,025,District - Lahul & Spiti (03),Urban,35-59,Non-workers_Total_Females,0,DDW-0200B-01ST-Census.xls,01ST
B0301ST,02,025,District - Lahul & Spiti (03),Urban,60+,Non-workers_Total_Females,0,DDW-0200B-01ST-Census.xls,01ST
B0301ST,02,025,District - Lahul & Spiti (03),Urban,Age not stated,Non-workers_Total_Females,0,DDW-0200B-01ST-Census.xls,01ST
B0301ST,02,025,District - Lahul & Spiti (03),Urban,15-59,Non-workers_Total_Females,0,DDW-0200B-01ST-Census.xls,01ST
B0301ST,02,026,District - Kullu (04),Total,Total,Non-workers_Total_Females,4809,DDW-0200B-01ST-Census.xls,01ST
B0301ST,02,026,District - Kullu (04),Total,5-14,Non-workers_Total_Females,1081,DDW-0200B-01ST-Census.xls,01ST
B0301ST,02,026,District - Kullu (04),Total,15-34,Non-workers_Total_Females,1598,DDW-0200B-01ST-Census.xls,01ST
B0301ST,02,026,District - Kullu (04),Total,35-59,Non-workers_Total_Females,1016,DDW-0200B-01ST-Census.xls,01ST
B0301ST,02,026,District - Kullu (04),Total,60+,Non-workers_Total_Females,645,DDW-0200B-01ST-Census.xls,01ST
B0301ST,02,026,District - Kullu (04),Total,Age not stated,Non-workers_Total_Females,6,DDW-0200B-01ST-Census.xls,01ST
B0301ST,02,026,District - Kullu (04),Total,15-59,Non-workers_Total_Females,2614,DDW-0200B-01ST-Census.xls,01ST
B0301ST,02,026,District - Kullu (04),Rural,Total,Non-workers_Total_Females,3179,DDW-0200B-01ST-Census.xls,01ST
B0301ST,02,026,District - Kullu (04),Rural,5-14,Non-workers_Total_Females,811,DDW-0200B-01ST-Census.xls,01ST
B0301ST,02,026,District - Kullu (04),Rural,15-34,Non-workers_Total_Females,1027,DDW-0200B-01ST-Census.xls,01ST
B0301ST,02,026,District - Kullu (04),Rural,35-59,Non-workers_Total_Females,562,DDW-0200B-01ST-Census.xls,01ST
B0301ST,02,026,District - Kullu (04),Rural,60+,Non-workers_Total_Females,406,DDW-0200B-01ST-Census.xls,01ST
B0301ST,02,026,District - Kullu (04),Rural,Age not stated,Non-workers_Total_Females,5,DDW-0200B-01ST-Census.xls,01ST
B0301ST,02,026,District - Kullu (04),Rural,15-59,Non-workers_Total_Females,1589,DDW-0200B-01ST-Census.xls,01ST
B0301ST,02,026,District - Kullu (04),Urban,Total,Non-workers_Total_Females,1630,DDW-0200B-01ST-Census.xls,01ST
B0301ST,02,026,District - Kullu (04),Urban,5-14,Non-workers_Total_Females,270,DDW-0200B-01ST-Census.xls,01ST
B0301ST,02,026,District - Kullu (04),Urban,15-34,Non-workers_Total_Females,571,DDW-0200B-01ST-Census.xls,01ST
B0301ST,02,026,District - Kullu (04),Urban,35-59,Non-workers_Total_Females,454,DDW-0200B-01ST-Census.xls,01ST
B0301ST,02,026,District - Kullu (04),Urban,60+,Non-workers_Total_Females,239,DDW-0200B-01ST-Census.xls,01ST
B0301ST,02,026,District - Kullu (04),Urban,Age not stated,Non-workers_Total_Females,1,DDW-0200B-01ST-Census.xls,01ST
B0301ST,02,026,District - Kullu (04),Urban,15-59,Non-workers_Total_Females,1025,DDW-0200B-01ST-Census.xls,01ST
B0301ST,02,027,District - Mandi (05),Total,Total,Non-workers_Total_Females,2821,DDW-0200B-01ST-Census.xls,01ST
B0301ST,02,027,District - Mandi (05),Total,5-14,Non-workers_Total_Females,994,DDW-0200B-01ST-Census.xls,01ST
B0301ST,02,027,District - Mandi (05),Total,15-34,Non-workers_Total_Females,674,DDW-0200B-01ST-Census.xls,01ST
B0301ST,02,027,District - Mandi (05),Total,35-59,Non-workers_Total_Females,258,DDW-0200B-01ST-Census.xls,01ST
B0301ST,02,027,District - Mandi (05),Total,60+,Non-workers_Total_Females,294,DDW-0200B-01ST-Census.xls,01ST
B0301ST,02,027,District - Mandi (05),Total,Age not stated,Non-workers_Total_Females,6,DDW-0200B-01ST-Census.xls,01ST
B0301ST,02,027,District - Mandi (05),Total,15-59,Non-workers_Total_Females,932,DDW-0200B-01ST-Census.xls,01ST
B0301ST,02,027,District - Mandi (05),Rural,Total,Non-workers_Total_Females,2674,DDW-0200B-01ST-Census.xls,01ST
B0301ST,02,027,District - Mandi (05),Rural,5-14,Non-workers_Total_Females,960,DDW-0200B-01ST-Census.xls,01ST
B0301ST,02,027,District - Mandi (05),Rural,15-34,Non-workers_Total_Females,608,DDW-0200B-01ST-Census.xls,01ST
B0301ST,02,027,District - Mandi (05),Rural,35-59,Non-workers_Total_Females,229,DDW-0200B-01ST-Census.xls,01ST
B0301ST,02,027,District - Mandi (05),Rural,60+,Non-workers_Total_Females,287,DDW-0200B-01ST-Census.xls,01ST
B0301ST,02,027,District - Mandi (05),Rural,Age not stated,Non-workers_Total_Females,6,DDW-0200B-01ST-Census.xls,01ST
B0301ST,02,027,District - Mandi (05),Rural,15-59,Non-workers_Total_Females,837,DDW-0200B-01ST-Census.xls,01ST
B0301ST,02,027,District - Mandi (05),Urban,Total,Non-workers_Total_Females,147,DDW-0200B-01ST-Census.xls,01ST
B0301ST,02,027,District - Mandi (05),Urban,5-14,Non-workers_Total_Females,34,DDW-0200B-01ST-Census.xls,01ST
B0301ST,02,027,District - Mandi (05),Urban,15-34,Non-workers_Total_Females,66,DDW-0200B-01ST-Census.xls,01ST
B0301ST,02,027,District - Mandi (05),Urban,35-59,Non-workers_Total_Females,29,DDW-0200B-01ST-Census.xls,01ST
B0301ST,02,027,District - Mandi (05),Urban,60+,Non-workers_Total_Females,7,DDW-0200B-01ST-Census.xls,01ST
B0301ST,02,027,District - Mandi (05),Urban,Age not stated,Non-workers_Total_Females,0,DDW-0200B-01ST-Census.xls,01ST
B0301ST,02,027,District - Mandi (05),Urban,15-59,Non-workers_Total_Females,95,DDW-0200B-01ST-Census.xls,01ST
B0301ST,02,028,District - Hamirpur (06),Total,Total,Non-workers_Total_Females,624,DDW-0200B-01ST-Census.xls,01ST
B0301ST,02,028,District - Hamirpur (06),Total,5-14,Non-workers_Total_Females,196,DDW-0200B-01ST-Census.xls,01ST
B0301ST,02,028,District - Hamirpur (06),Total,15-34,Non-workers_Total_Females,176,DDW-0200B-01ST-Census.xls,01ST
B0301ST,02,028,District - Hamirpur (06),Total,35-59,Non-workers_Total_Females,59,DDW-0200B-01ST-Census.xls,01ST
B0301ST,02,028,District - Hamirpur (06),Total,60+,Non-workers_Total_Females,74,DDW-0200B-01ST-Census.xls,01ST
B0301ST,02,028,District - Hamirpur (06),Total,Age not stated,Non-workers_Total_Females,0,DDW-0200B-01ST-Census.xls,01ST
B0301ST,02,028,District - Hamirpur (06),Total,15-59,Non-workers_Total_Females,235,DDW-0200B-01ST-Census.xls,01ST
B0301ST,02,028,District - Hamirpur (06),Rural,Total,Non-workers_Total_Females,541,DDW-0200B-01ST-Census.xls,01ST
B0301ST,02,028,District - Hamirpur (06),Rural,5-14,Non-workers_Total_Females,181,DDW-0200B-01ST-Census.xls,01ST
B0301ST,02,028,District - Hamirpur (06),Rural,15-34,Non-workers_Total_Females,125,DDW-0200B-01ST-Census.xls,01ST
B0301ST,02,028,District - Hamirpur (06),Rural,35-59,Non-workers_Total_Females,51,DDW-0200B-01ST-Census.xls,01ST
B0301ST,02,028,District - Hamirpur (06),Rural,60+,Non-workers_Total_Females,72,DDW-0200B-01ST-Census.xls,01ST
B0301ST,02,028,District - Hamirpur (06),Rural,Age not stated,Non-workers_Total_Females,0,DDW-0200B-01ST-Census.xls,01ST
B0301ST,02,028,District - Hamirpur (06),Rural,15-59,Non-workers_Total_Females,176,DDW-0200B-01ST-Census.xls,01ST
B0301ST,02,028,District - Hamirpur (06),Urban,Total,Non-workers_Total_Females,83,DDW-0200B-01ST-Census.xls,01ST
B0301ST,02,028,District - Hamirpur (06),Urban,5-14,Non-workers_Total_Females,15,DDW-0200B-01ST-Census.xls,01ST
B0301ST,02,028,District - Hamirpur (06),Urban,15-34,Non-workers_Total_Females,51,DDW-0200B-01ST-Census.xls,01ST
B0301ST,02,028,District - Hamirpur (06),Urban,35-59,Non-workers_Total_Females,8,DDW-0200B-01ST-Census.xls,01ST
B0301ST,02,028,District - Hamirpur (06),Urban,60+,Non-workers_Total_Females,2,DDW-0200B-01ST-Census.xls,01ST
B0301ST,02,028,District - Hamirpur (06),Urban,Age not stated,Non-workers_Total_Females,0,DDW-0200B-01ST-Census.xls,01ST
B0301ST,02,028,District - Hamirpur (06),Urban,15-59,Non-workers_Total_Females,59,DDW-0200B-01ST-Census.xls,01ST
B0301ST,02,029,District - Una (07),Total,Total,Non-workers_Total_Females,2909,DDW-0200B-01ST-Census.xls,01ST
B0301ST,02,029,District - Una (07),Total,5-14,Non-workers_Total_Females,793,DDW-0200B-01ST-Census.xls,01ST
B0301ST,02,029,District - Una (07),Total,15-34,Non-workers_Total_Females,953,DDW-0200B-01ST-Census.xls,01ST
B0301ST,02,029,District - Una (07),Total,35-59,Non-workers_Total_Females,531,DDW-0200B-01ST-Census.xls,01ST
B0301ST,02,029,District - Una (07),Total,60+,Non-workers_Total_Females,301,DDW-0200B-01ST-Census.xls,01ST
B0301ST,02,029,District - Una (07),Total,Age not stated,Non-workers_Total_Females,5,DDW-0200B-01ST-Census.xls,01ST
B0301ST,02,029,District - Una (07),Total,15-59,Non-workers_Total_Females,1484,DDW-0200B-01ST-Census.xls,01ST
B0301ST,02,029,District - Una (07),Rural,Total,Non-workers_Total_Females,2844,DDW-0200B-01ST-Census.xls,01ST
B0301ST,02,029,District - Una (07),Rural,5-14,Non-workers_Total_Females,782,DDW-0200B-01ST-Census.xls,01ST
B0301ST,02,029,District - Una (07),Rural,15-34,Non-workers_Total_Females,930,DDW-0200B-01ST-Census.xls,01ST
B0301ST,02,029,District - Una (07),Rural,35-59,Non-workers_Total_Females,514,DDW-0200B-01ST-Census.xls,01ST
B0301ST,02,029,District - Una (07),Rural,60+,Non-workers_Total_Females,295,DDW-0200B-01ST-Census.xls,01ST
B0301ST,02,029,District - Una (07),Rural,Age not stated,Non-workers_Total_Females,5,DDW-0200B-01ST-Census.xls,01ST
B0301ST,02,029,District - Una (07),Rural,15-59,Non-workers_Total_Females,1444,DDW-0200B-01ST-Census.xls,01ST
B0301ST,02,029,District - Una (07),Urban,Total,Non-workers_Total_Females,65,DDW-0200B-01ST-Census.xls,01ST
B0301ST,02,029,District - Una (07),Urban,5-14,Non-workers_Total_Females,11,DDW-0200B-01ST-Census.xls,01ST
B0301ST,02,029,District - Una (07),Urban,15-34,Non-workers_Total_Females,23,DDW-0200B-01ST-Census.xls,01ST
B0301ST,02,029,District - Una (07),Urban,35-59,Non-workers_Total_Females,17,DDW-0200B-01ST-Census.xls,01ST
B0301ST,02,029,District - Una (07),Urban,60+,Non-workers_Total_Females,6,DDW-0200B-01ST-Census.xls,01ST
B0301ST,02,029,District - Una (07),Urban,Age not stated,Non-workers_Total_Females,0,DDW-0200B-01ST-Census.xls,01ST
B0301ST,02,029,District - Una (07),Urban,15-59,Non-workers_Total_Females,40,DDW-0200B-01ST-Census.xls,01ST
B0301ST,02,030,District - Bilaspur (08),Total,Total,Non-workers_Total_Females,2619,DDW-0200B-01ST-Census.xls,01ST
B0301ST,02,030,District - Bilaspur (08),Total,5-14,Non-workers_Total_Females,803,DDW-0200B-01ST-Census.xls,01ST
B0301ST,02,030,District - Bilaspur (08),Total,15-34,Non-workers_Total_Females,711,DDW-0200B-01ST-Census.xls,01ST
B0301ST,02,030,District - Bilaspur (08),Total,35-59,Non-workers_Total_Females,357,DDW-0200B-01ST-Census.xls,01ST
B0301ST,02,030,District - Bilaspur (08),Total,60+,Non-workers_Total_Females,303,DDW-0200B-01ST-Census.xls,01ST
B0301ST,02,030,District - Bilaspur (08),Total,Age not stated,Non-workers_Total_Females,2,DDW-0200B-01ST-Census.xls,01ST
B0301ST,02,030,District - Bilaspur (08),Total,15-59,Non-workers_Total_Females,1068,DDW-0200B-01ST-Census.xls,01ST
B0301ST,02,030,District - Bilaspur (08),Rural,Total,Non-workers_Total_Females,2525,DDW-0200B-01ST-Census.xls,01ST
B0301ST,02,030,District - Bilaspur (08),Rural,5-14,Non-workers_Total_Females,774,DDW-0200B-01ST-Census.xls,01ST
B0301ST,02,030,District - Bilaspur (08),Rural,15-34,Non-workers_Total_Females,681,DDW-0200B-01ST-Census.xls,01ST
B0301ST,02,030,District - Bilaspur (08),Rural,35-59,Non-workers_Total_Females,336,DDW-0200B-01ST-Census.xls,01ST
B0301ST,02,030,District - Bilaspur (08),Rural,60+,Non-workers_Total_Females,298,DDW-0200B-01ST-Census.xls,01ST
B0301ST,02,030,District - Bilaspur (08),Rural,Age not stated,Non-workers_Total_Females,1,DDW-0200B-01ST-Census.xls,01ST
B0301ST,02,030,District - Bilaspur (08),Rural,15-59,Non-workers_Total_Females,1017,DDW-0200B-01ST-Census.xls,01ST
B0301ST,02,030,District - Bilaspur (08),Urban,Total,Non-workers_Total_Females,94,DDW-0200B-01ST-Census.xls,01ST
B0301ST,02,030,District - Bilaspur (08),Urban,5-14,Non-workers_Total_Females,29,DDW-0200B-01ST-Census.xls,01ST
B0301ST,02,030,District - Bilaspur (08),Urban,15-34,Non-workers_Total_Females,30,DDW-0200B-01ST-Census.xls,01ST
B0301ST,02,030,District - Bilaspur (08),Urban,35-59,Non-workers_Total_Females,21,DDW-0200B-01ST-Census.xls,01ST
B0301ST,02,030,District - Bilaspur (08),Urban,60+,Non-workers_Total_Females,5,DDW-0200B-01ST-Census.xls,01ST
B0301ST,02,030,District - Bilaspur (08),Urban,Age not stated,Non-workers_Total_Females,1,DDW-0200B-01ST-Census.xls,01ST
B0301ST,02,030,District - Bilaspur (08),Urban,15-59,Non-workers_Total_Females,51,DDW-0200B-01ST-Census.xls,01ST
B0301ST,02,031,District - Solan (09),Total,Total,Non-workers_Total_Females,8426,DDW-0200B-01ST-Census.xls,01ST
B0301ST,02,031,District - Solan (09),Total,5-14,Non-workers_Total_Females,2175,DDW-0200B-01ST-Census.xls,01ST
B0301ST,02,031,District - Solan (09),Total,15-34,Non-workers_Total_Females,2672,DDW-0200B-01ST-Census.xls,01ST
B0301ST,02,031,District - Solan (09),Total,35-59,Non-workers_Total_Females,1582,DDW-0200B-01ST-Census.xls,01ST
B0301ST,02,031,District - Solan (09),Total,60+,Non-workers_Total_Females,820,DDW-0200B-01ST-Census.xls,01ST
B0301ST,02,031,District - Solan (09),Total,Age not stated,Non-workers_Total_Females,15,DDW-0200B-01ST-Census.xls,01ST
B0301ST,02,031,District - Solan (09),Total,15-59,Non-workers_Total_Females,4254,DDW-0200B-01ST-Census.xls,01ST
B0301ST,02,031,District - Solan (09),Rural,Total,Non-workers_Total_Females,7853,DDW-0200B-01ST-Census.xls,01ST
B0301ST,02,031,District - Solan (09),Rural,5-14,Non-workers_Total_Females,2035,DDW-0200B-01ST-Census.xls,01ST
B0301ST,02,031,District - Solan (09),Rural,15-34,Non-workers_Total_Females,2435,DDW-0200B-01ST-Census.xls,01ST
B0301ST,02,031,District - Solan (09),Rural,35-59,Non-workers_Total_Females,1462,DDW-0200B-01ST-Census.xls,01ST
B0301ST,02,031,District - Solan (09),Rural,60+,Non-workers_Total_Females,792,DDW-0200B-01ST-Census.xls,01ST
B0301ST,02,031,District - Solan (09),Rural,Age not stated,Non-workers_Total_Females,15,DDW-0200B-01ST-Census.xls,01ST
B0301ST,02,031,District - Solan (09),Rural,15-59,Non-workers_Total_Females,3897,DDW-0200B-01ST-Census.xls,01ST
B0301ST,02,031,District - Solan (09),Urban,Total,Non-workers_Total_Females,573,DDW-0200B-01ST-Census.xls,01ST
B0301ST,02,031,District - Solan (09),Urban,5-14,Non-workers_Total_Females,140,DDW-0200B-01ST-Census.xls,01ST
B0301ST,02,031,District - Solan (09),Urban,15-34,Non-workers_Total_Females,237,DDW-0200B-01ST-Census.xls,01ST
B0301ST,02,031,District - Solan (09),Urban,35-59,Non-workers_Total_Females,120,DDW-0200B-01ST-Census.xls,01ST
B0301ST,02,031,District - Solan (09),Urban,60+,Non-workers_Total_Females,28,DDW-0200B-01ST-Census.xls,01ST
B0301ST,02,031,District - Solan (09),Urban,Age not stated,Non-workers_Total_Females,0,DDW-0200B-01ST-Census.xls,01ST
B0301ST,02,031,District - Solan (09),Urban,15-59,Non-workers_Total_Females,357,DDW-0200B-01ST-Census.xls,01ST
B0301ST,02,032,District - Sirmaur (10),Total,Total,Non-workers_Total_Females,4140,DDW-0200B-01ST-Census.xls,01ST
B0301ST,02,032,District - Sirmaur (10),Total,5-14,Non-workers_Total_Females,1095,DDW-0200B-01ST-Census.xls,01ST
B0301ST,02,032,District - Sirmaur (10),Total,15-34,Non-workers_Total_Females,1393,DDW-0200B-01ST-Census.xls,01ST
B0301ST,02,032,District - Sirmaur (10),Total,35-59,Non-workers_Total_Females,699,DDW-0200B-01ST-Census.xls,01ST
B0301ST,02,032,District - Sirmaur (10),Total,60+,Non-workers_Total_Females,301,DDW-0200B-01ST-Census.xls,01ST
B0301ST,02,032,District - Sirmaur (10),Total,Age not stated,Non-workers_Total_Females,2,DDW-0200B-01ST-Census.xls,01ST
B0301ST,02,032,District - Sirmaur (10),Total,15-59,Non-workers_Total_Females,2092,DDW-0200B-01ST-Census.xls,01ST
B0301ST,02,032,District - Sirmaur (10),Rural,Total,Non-workers_Total_Females,4025,DDW-0200B-01ST-Census.xls,01ST
B0301ST,02,032,District - Sirmaur (10),Rural,5-14,Non-workers_Total_Females,1070,DDW-0200B-01ST-Census.xls,01ST
B0301ST,02,032,District - Sirmaur (10),Rural,15-34,Non-workers_Total_Females,1340,DDW-0200B-01ST-Census.xls,01ST
B0301ST,02,032,District - Sirmaur (10),Rural,35-59,Non-workers_Total_Females,680,DDW-0200B-01ST-Census.xls,01ST
B0301ST,02,032,District - Sirmaur (10),Rural,60+,Non-workers_Total_Females,290,DDW-0200B-01ST-Census.xls,01ST
B0301ST,02,032,District - Sirmaur (10),Rural,Age not stated,Non-workers_Total_Females,2,DDW-0200B-01ST-Census.xls,01ST
B0301ST,02,032,District - Sirmaur (10),Rural,15-59,Non-workers_Total_Females,2020,DDW-0200B-01ST-Census.xls,01ST
B0301ST,02,032,District - Sirmaur (10),Urban,Total,Non-workers_Total_Females,115,DDW-0200B-01ST-Census.xls,01ST
B0301ST,02,032,District - Sirmaur (10),Urban,5-14,Non-workers_Total_Females,25,DDW-0200B-01ST-Census.xls,01ST
B0301ST,02,032,District - Sirmaur (10),Urban,15-34,Non-workers_Total_Females,53,DDW-0200B-01ST-Census.xls,01ST
B0301ST,02,032,District - Sirmaur (10),Urban,35-59,Non-workers_Total_Females,19,DDW-0200B-01ST-Census.xls,01ST
B0301ST,02,032,District - Sirmaur (10),Urban,60+,Non-workers_Total_Females,11,DDW-0200B-01ST-Census.xls,01ST
B0301ST,02,032,District - Sirmaur (10),Urban,Age not stated,Non-workers_Total_Females,0,DDW-0200B-01ST-Census.xls,01ST
B0301ST,02,032,District - Sirmaur (10),Urban,15-59,Non-workers_Total_Females,72,DDW-0200B-01ST-Census.xls,01ST
B0301ST,02,033,District - Shimla (11),Total,Total,Non-workers_Total_Females,2796,DDW-0200B-01ST-Census.xls,01ST
B0301ST,02,033,District - Shimla (11),Total,5-14,Non-workers_Total_Females,796,DDW-0200B-01ST-Census.xls,01ST
B0301ST,02,033,District - Shimla (11),Total,15-34,Non-workers_Total_Females,1179,DDW-0200B-01ST-Census.xls,01ST
B0301ST,02,033,District - Shimla (11),Total,35-59,Non-workers_Total_Females,367,DDW-0200B-01ST-Census.xls,01ST
B0301ST,02,033,District - Shimla (11),Total,60+,Non-workers_Total_Females,113,DDW-0200B-01ST-Census.xls,01ST
B0301ST,02,033,District - Shimla (11),Total,Age not stated,Non-workers_Total_Females,1,DDW-0200B-01ST-Census.xls,01ST
B0301ST,02,033,District - Shimla (11),Total,15-59,Non-workers_Total_Females,1546,DDW-0200B-01ST-Census.xls,01ST
B0301ST,02,033,District - Shimla (11),Rural,Total,Non-workers_Total_Females,1571,DDW-0200B-01ST-Census.xls,01ST
B0301ST,02,033,District - Shimla (11),Rural,5-14,Non-workers_Total_Females,591,DDW-0200B-01ST-Census.xls,01ST
B0301ST,02,033,District - Shimla (11),Rural,15-34,Non-workers_Total_Females,446,DDW-0200B-01ST-Census.xls,01ST
B0301ST,02,033,District - Shimla (11),Rural,35-59,Non-workers_Total_Females,174,DDW-0200B-01ST-Census.xls,01ST
B0301ST,02,033,District - Shimla (11),Rural,60+,Non-workers_Total_Females,70,DDW-0200B-01ST-Census.xls,01ST
B0301ST,02,033,District - Shimla (11),Rural,Age not stated,Non-workers_Total_Females,1,DDW-0200B-01ST-Census.xls,01ST
B0301ST,02,033,District - Shimla (11),Rural,15-59,Non-workers_Total_Females,620,DDW-0200B-01ST-Census.xls,01ST
B0301ST,02,033,District - Shimla (11),Urban,Total,Non-workers_Total_Females,1225,DDW-0200B-01ST-Census.xls,01ST
B0301ST,02,033,District - Shimla (11),Urban,5-14,Non-workers_Total_Females,205,DDW-0200B-01ST-Census.xls,01ST
B0301ST,02,033,District - Shimla (11),Urban,15-34,Non-workers_Total_Females,733,DDW-0200B-01ST-Census.xls,01ST
B0301ST,02,033,District - Shimla (11),Urban,35-59,Non-workers_Total_Females,193,DDW-0200B-01ST-Census.xls,01ST
B0301ST,02,033,District - Shimla (11),Urban,60+,Non-workers_Total_Females,43,DDW-0200B-01ST-Census.xls,01ST
B0301ST,02,033,District - Shimla (11),Urban,Age not stated,Non-workers_Total_Females,0,DDW-0200B-01ST-Census.xls,01ST
B0301ST,02,033,District - Shimla (11),Urban,15-59,Non-workers_Total_Females,926,DDW-0200B-01ST-Census.xls,01ST
B0301ST,02,034,District - Kinnaur (12),Total,Total,Non-workers_Total_Females,8988,DDW-0200B-01ST-Census.xls,01ST
B0301ST,02,034,District - Kinnaur (12),Total,5-14,Non-workers_Total_Females,3210,DDW-0200B-01ST-Census.xls,01ST
B0301ST,02,034,District - Kinnaur (12),Total,15-34,Non-workers_Total_Females,2315,DDW-0200B-01ST-Census.xls,01ST
B0301ST,02,034,District - Kinnaur (12),Total,35-59,Non-workers_Total_Females,633,DDW-0200B-01ST-Census.xls,01ST
B0301ST,02,034,District - Kinnaur (12),Total,60+,Non-workers_Total_Females,1220,DDW-0200B-01ST-Census.xls,01ST
B0301ST,02,034,District - Kinnaur (12),Total,Age not stated,Non-workers_Total_Females,15,DDW-0200B-01ST-Census.xls,01ST
B0301ST,02,034,District - Kinnaur (12),Total,15-59,Non-workers_Total_Females,2948,DDW-0200B-01ST-Census.xls,01ST
B0301ST,02,034,District - Kinnaur (12),Rural,Total,Non-workers_Total_Females,8988,DDW-0200B-01ST-Census.xls,01ST
B0301ST,02,034,District - Kinnaur (12),Rural,5-14,Non-workers_Total_Females,3210,DDW-0200B-01ST-Census.xls,01ST
B0301ST,02,034,District - Kinnaur (12),Rural,15-34,Non-workers_Total_Females,2315,DDW-0200B-01ST-Census.xls,01ST
B0301ST,02,034,District - Kinnaur (12),Rural,35-59,Non-workers_Total_Females,633,DDW-0200B-01ST-Census.xls,01ST
B0301ST,02,034,District - Kinnaur (12),Rural,60+,Non-workers_Total_Females,1220,DDW-0200B-01ST-Census.xls,01ST
B0301ST,02,034,District - Kinnaur (12),Rural,Age not stated,Non-workers_Total_Females,15,DDW-0200B-01ST-Census.xls,01ST
B0301ST,02,034,District - Kinnaur (12),Rural,15-59,Non-workers_Total_Females,2948,DDW-0200B-01ST-Census.xls,01ST
B0301ST,02,034,District - Kinnaur (12),Urban,Total,Non-workers_Total_Females,0,DDW-0200B-01ST-Census.xls,01ST
B0301ST,02,034,District - Kinnaur (12),Urban,5-14,Non-workers_Total_Females,0,DDW-0200B-01ST-Census.xls,01ST
B0301ST,02,034,District - Kinnaur (12),Urban,15-34,Non-workers_Total_Females,0,DDW-0200B-01ST-Census.xls,01ST
B0301ST,02,034,District - Kinnaur (12),Urban,35-59,Non-workers_Total_Females,0,DDW-0200B-01ST-Census.xls,01ST
B0301ST,02,034,District - Kinnaur (12),Urban,60+,Non-workers_Total_Females,0,DDW-0200B-01ST-Census.xls,01ST
B0301ST,02,034,District - Kinnaur (12),Urban,Age not stated,Non-workers_Total_Females,0,DDW-0200B-01ST-Census.xls,01ST
B0301ST,02,034,District - Kinnaur (12),Urban,15-59,Non-workers_Total_Females,0,DDW-0200B-01ST-Census.xls,01ST
B0301ST,02,000,State - HIMACHAL PRADESH (02),Total,Total,Non-workers_Seeking/availabe for work_Persons,16285,DDW-0200B-01ST-Census.xls,01ST
B0301ST,02,000,State - HIMACHAL PRADESH (02),Total,5-14,Non-workers_Seeking/availabe for work_Persons,856,DDW-0200B-01ST-Census.xls,01ST
B0301ST,02,000,State - HIMACHAL PRADESH (02),Total,15-34,Non-workers_Seeking/availabe for work_Persons,12788,DDW-0200B-01ST-Census.xls,01ST
B0301ST,02,000,State - HIMACHAL PRADESH (02),Total,35-59,Non-workers_Seeking/availabe for work_Persons,2234,DDW-0200B-01ST-Census.xls,01ST
B0301ST,02,000,State - HIMACHAL PRADESH (02),Total,60+,Non-workers_Seeking/availabe for work_Persons,383,DDW-0200B-01ST-Census.xls,01ST
B0301ST,02,000,State - HIMACHAL PRADESH (02),Total,Age not stated,Non-workers_Seeking/availabe for work_Persons,24,DDW-0200B-01ST-Census.xls,01ST
B0301ST,02,000,State - HIMACHAL PRADESH (02),Total,15-59,Non-workers_Seeking/availabe for work_Persons,15022,DDW-0200B-01ST-Census.xls,01ST
B0301ST,02,000,State - HIMACHAL PRADESH (02),Rural,Total,Non-workers_Seeking/availabe for work_Persons,14713,DDW-0200B-01ST-Census.xls,01ST
B0301ST,02,000,State - HIMACHAL PRADESH (02),Rural,5-14,Non-workers_Seeking/availabe for work_Persons,797,DDW-0200B-01ST-Census.xls,01ST
B0301ST,02,000,State - HIMACHAL PRADESH (02),Rural,15-34,Non-workers_Seeking/availabe for work_Persons,11477,DDW-0200B-01ST-Census.xls,01ST
B0301ST,02,000,State - HIMACHAL PRADESH (02),Rural,35-59,Non-workers_Seeking/availabe for work_Persons,2048,DDW-0200B-01ST-Census.xls,01ST
B0301ST,02,000,State - HIMACHAL PRADESH (02),Rural,60+,Non-workers_Seeking/availabe for work_Persons,370,DDW-0200B-01ST-Census.xls,01ST
B0301ST,02,000,State - HIMACHAL PRADESH (02),Rural,Age not stated,Non-workers_Seeking/availabe for work_Persons,21,DDW-0200B-01ST-Census.xls,01ST
B0301ST,02,000,State - HIMACHAL PRADESH (02),Rural,15-59,Non-workers_Seeking/availabe for work_Persons,13525,DDW-0200B-01ST-Census.xls,01ST
B0301ST,02,000,State - HIMACHAL PRADESH (02),Urban,Total,Non-workers_Seeking/availabe for work_Persons,1572,DDW-0200B-01ST-Census.xls,01ST
B0301ST,02,000,State - HIMACHAL PRADESH (02),Urban,5-14,Non-workers_Seeking/availabe for work_Persons,59,DDW-0200B-01ST-Census.xls,01ST
B0301ST,02,000,State - HIMACHAL PRADESH (02),Urban,15-34,Non-workers_Seeking/availabe for work_Persons,1311,DDW-0200B-01ST-Census.xls,01ST
B0301ST,02,000,State - HIMACHAL PRADESH (02),Urban,35-59,Non-workers_Seeking/availabe for work_Persons,186,DDW-0200B-01ST-Census.xls,01ST
B0301ST,02,000,State - HIMACHAL PRADESH (02),Urban,60+,Non-workers_Seeking/availabe for work_Persons,13,DDW-0200B-01ST-Census.xls,01ST
B0301ST,02,000,State - HIMACHAL PRADESH (02),Urban,Age not stated,Non-workers_Seeking/availabe for work_Persons,3,DDW-0200B-01ST-Census.xls,01ST
B0301ST,02,000,State - HIMACHAL PRADESH (02),Urban,15-59,Non-workers_Seeking/availabe for work_Persons,1497,DDW-0200B-01ST-Census.xls,01ST
B0301ST,02,023,District - Chamba (01),Total,Total,Non-workers_Seeking/availabe for work_Persons,3873,DDW-0200B-01ST-Census.xls,01ST
B0301ST,02,023,District - Chamba (01),Total,5-14,Non-workers_Seeking/availabe for work_Persons,257,DDW-0200B-01ST-Census.xls,01ST
B0301ST,02,023,District - Chamba (01),Total,15-34,Non-workers_Seeking/availabe for work_Persons,3020,DDW-0200B-01ST-Census.xls,01ST
B0301ST,02,023,District - Chamba (01),Total,35-59,Non-workers_Seeking/availabe for work_Persons,473,DDW-0200B-01ST-Census.xls,01ST
B0301ST,02,023,District - Chamba (01),Total,60+,Non-workers_Seeking/availabe for work_Persons,120,DDW-0200B-01ST-Census.xls,01ST
B0301ST,02,023,District - Chamba (01),Total,Age not stated,Non-workers_Seeking/availabe for work_Persons,3,DDW-0200B-01ST-Census.xls,01ST
B0301ST,02,023,District - Chamba (01),Total,15-59,Non-workers_Seeking/availabe for work_Persons,3493,DDW-0200B-01ST-Census.xls,01ST
B0301ST,02,023,District - Chamba (01),Rural,Total,Non-workers_Seeking/availabe for work_Persons,3630,DDW-0200B-01ST-Census.xls,01ST
B0301ST,02,023,District - Chamba (01),Rural,5-14,Non-workers_Seeking/availabe for work_Persons,252,DDW-0200B-01ST-Census.xls,01ST
B0301ST,02,023,District - Chamba (01),Rural,15-34,Non-workers_Seeking/availabe for work_Persons,2804,DDW-0200B-01ST-Census.xls,01ST
B0301ST,02,023,District - Chamba (01),Rural,35-59,Non-workers_Seeking/availabe for work_Persons,453,DDW-0200B-01ST-Census.xls,01ST
B0301ST,02,023,District - Chamba (01),Rural,60+,Non-workers_Seeking/availabe for work_Persons,118,DDW-0200B-01ST-Census.xls,01ST
B0301ST,02,023,District - Chamba (01),Rural,Age not stated,Non-workers_Seeking/availabe for work_Persons,3,DDW-0200B-01ST-Census.xls,01ST
B0301ST,02,023,District - Chamba (01),Rural,15-59,Non-workers_Seeking/availabe for work_Persons,3257,DDW-0200B-01ST-Census.xls,01ST
B0301ST,02,023,District - Chamba (01),Urban,Total,Non-workers_Seeking/availabe for work_Persons,243,DDW-0200B-01ST-Census.xls,01ST
B0301ST,02,023,District - Chamba (01),Urban,5-14,Non-workers_Seeking/availabe for work_Persons,5,DDW-0200B-01ST-Census.xls,01ST
B0301ST,02,023,District - Chamba (01),Urban,15-34,Non-workers_Seeking/availabe for work_Persons,216,DDW-0200B-01ST-Census.xls,01ST
B0301ST,02,023,District - Chamba (01),Urban,35-59,Non-workers_Seeking/availabe for work_Persons,20,DDW-0200B-01ST-Census.xls,01ST
B0301ST,02,023,District - Chamba (01),Urban,60+,Non-workers_Seeking/availabe for work_Persons,2,DDW-0200B-01ST-Census.xls,01ST
B0301ST,02,023,District - Chamba (01),Urban,Age not stated,Non-workers_Seeking/availabe for work_Persons,0,DDW-0200B-01ST-Census.xls,01ST
B0301ST,02,023,District - Chamba (01),Urban,15-59,Non-workers_Seeking/availabe for work_Persons,236,DDW-0200B-01ST-Census.xls,01ST
B0301ST,02,024,District - Kangra (02),Total,Total,Non-workers_Seeking/availabe for work_Persons,5544,DDW-0200B-01ST-Census.xls,01ST
B0301ST,02,024,District - Kangra (02),Total,5-14,Non-workers_Seeking/availabe for work_Persons,228,DDW-0200B-01ST-Census.xls,01ST
B0301ST,02,024,District - Kangra (02),Total,15-34,Non-workers_Seeking/availabe for work_Persons,4195,DDW-0200B-01ST-Census.xls,01ST
B0301ST,02,024,District - Kangra (02),Total,35-59,Non-workers_Seeking/availabe for work_Persons,965,DDW-0200B-01ST-Census.xls,01ST
B0301ST,02,024,District - Kangra (02),Total,60+,Non-workers_Seeking/availabe for work_Persons,144,DDW-0200B-01ST-Census.xls,01ST
B0301ST,02,024,District - Kangra (02),Total,Age not stated,Non-workers_Seeking/availabe for work_Persons,12,DDW-0200B-01ST-Census.xls,01ST
B0301ST,02,024,District - Kangra (02),Total,15-59,Non-workers_Seeking/availabe for work_Persons,5160,DDW-0200B-01ST-Census.xls,01ST
B0301ST,02,024,District - Kangra (02),Rural,Total,Non-workers_Seeking/availabe for work_Persons,5279,DDW-0200B-01ST-Census.xls,01ST
B0301ST,02,024,District - Kangra (02),Rural,5-14,Non-workers_Seeking/availabe for work_Persons,213,DDW-0200B-01ST-Census.xls,01ST
B0301ST,02,024,District - Kangra (02),Rural,15-34,Non-workers_Seeking/availabe for work_Persons,3981,DDW-0200B-01ST-Census.xls,01ST
B0301ST,02,024,District - Kangra (02),Rural,35-59,Non-workers_Seeking/availabe for work_Persons,931,DDW-0200B-01ST-Census.xls,01ST
B0301ST,02,024,District - Kangra (02),Rural,60+,Non-workers_Seeking/availabe for work_Persons,144,DDW-0200B-01ST-Census.xls,01ST
B0301ST,02,024,District - Kangra (02),Rural,Age not stated,Non-workers_Seeking/availabe for work_Persons,10,DDW-0200B-01ST-Census.xls,01ST
B0301ST,02,024,District - Kangra (02),Rural,15-59,Non-workers_Seeking/availabe for work_Persons,4912,DDW-0200B-01ST-Census.xls,01ST
B0301ST,02,024,District - Kangra (02),Urban,Total,Non-workers_Seeking/availabe for work_Persons,265,DDW-0200B-01ST-Census.xls,01ST
B0301ST,02,024,District - Kangra (02),Urban,5-14,Non-workers_Seeking/availabe for work_Persons,15,DDW-0200B-01ST-Census.xls,01ST
B0301ST,02,024,District - Kangra (02),Urban,15-34,Non-workers_Seeking/availabe for work_Persons,214,DDW-0200B-01ST-Census.xls,01ST
B0301ST,02,024,District - Kangra (02),Urban,35-59,Non-workers_Seeking/availabe for work_Persons,34,DDW-0200B-01ST-Census.xls,01ST
B0301ST,02,024,District - Kangra (02),Urban,60+,Non-workers_Seeking/availabe for work_Persons,0,DDW-0200B-01ST-Census.xls,01ST
B0301ST,02,024,District - Kangra (02),Urban,Age not stated,Non-workers_Seeking/availabe for work_Persons,2,DDW-0200B-01ST-Census.xls,01ST
B0301ST,02,024,District - Kangra (02),Urban,15-59,Non-workers_Seeking/availabe for work_Persons,248,DDW-0200B-01ST-Census.xls,01ST
B0301ST,02,025,District - Lahul & Spiti (03),Total,Total,Non-workers_Seeking/availabe for work_Persons,1335,DDW-0200B-01ST-Census.xls,01ST
B0301ST,02,025,District - Lahul & Spiti (03),Total,5-14,Non-workers_Seeking/availabe for work_Persons,67,DDW-0200B-01ST-Census.xls,01ST
B0301ST,02,025,District - Lahul & Spiti (03),Total,15-34,Non-workers_Seeking/availabe for work_Persons,1123,DDW-0200B-01ST-Census.xls,01ST
B0301ST,02,025,District - Lahul & Spiti (03),Total,35-59,Non-workers_Seeking/availabe for work_Persons,118,DDW-0200B-01ST-Census.xls,01ST
B0301ST,02,025,District - Lahul & Spiti (03),Total,60+,Non-workers_Seeking/availabe for work_Persons,21,DDW-0200B-01ST-Census.xls,01ST
B0301ST,02,025,District - Lahul & Spiti (03),Total,Age not stated,Non-workers_Seeking/availabe for work_Persons,6,DDW-0200B-01ST-Census.xls,01ST
B0301ST,02,025,District - Lahul & Spiti (03),Total,15-59,Non-workers_Seeking/availabe for work_Persons,1241,DDW-0200B-01ST-Census.xls,01ST
B0301ST,02,025,District - Lahul & Spiti (03),Rural,Total,Non-workers_Seeking/availabe for work_Persons,1335,DDW-0200B-01ST-Census.xls,01ST
B0301ST,02,025,District - Lahul & Spiti (03),Rural,5-14,Non-workers_Seeking/availabe for work_Persons,67,DDW-0200B-01ST-Census.xls,01ST
B0301ST,02,025,District - Lahul & Spiti (03),Rural,15-34,Non-workers_Seeking/availabe for work_Persons,1123,DDW-0200B-01ST-Census.xls,01ST
B0301ST,02,025,District - Lahul & Spiti (03),Rural,35-59,Non-workers_Seeking/availabe for work_Persons,118,DDW-0200B-01ST-Census.xls,01ST
B0301ST,02,025,District - Lahul & Spiti (03),Rural,60+,Non-workers_Seeking/availabe for work_Persons,21,DDW-0200B-01ST-Census.xls,01ST
B0301ST,02,025,District - Lahul & Spiti (03),Rural,Age not stated,Non-workers_Seeking/availabe for work_Persons,6,DDW-0200B-01ST-Census.xls,01ST
B0301ST,02,025,District - Lahul & Spiti (03),Rural,15-59,Non-workers_Seeking/availabe for work_Persons,1241,DDW-0200B-01ST-Census.xls,01ST
B0301ST,02,025,District - Lahul & Spiti (03),Urban,Total,Non-workers_Seeking/availabe for work_Persons,0,DDW-0200B-01ST-Census.xls,01ST
B0301ST,02,025,District - Lahul & Spiti (03),Urban,5-14,Non-workers_Seeking/availabe for work_Persons,0,DDW-0200B-01ST-Census.xls,01ST
B0301ST,02,025,District - Lahul & Spiti (03),Urban,15-34,Non-workers_Seeking/availabe for work_Persons,0,DDW-0200B-01ST-Census.xls,01ST
B0301ST,02,025,District - Lahul & Spiti (03),Urban,35-59,Non-workers_Seeking/availabe for work_Persons,0,DDW-0200B-01ST-Census.xls,01ST
B0301ST,02,025,District - Lahul & Spiti (03),Urban,60+,Non-workers_Seeking/availabe for work_Persons,0,DDW-0200B-01ST-Census.xls,01ST
B0301ST,02,025,District - Lahul & Spiti (03),Urban,Age not stated,Non-workers_Seeking/availabe for work_Persons,0,DDW-0200B-01ST-Census.xls,01ST
B0301ST,02,025,District - Lahul & Spiti (03),Urban,15-59,Non-workers_Seeking/availabe for work_Persons,0,DDW-0200B-01ST-Census.xls,01ST
B0301ST,02,026,District - Kullu (04),Total,Total,Non-workers_Seeking/availabe for work_Persons,1279,DDW-0200B-01ST-Census.xls,01ST
B0301ST,02,026,District - Kullu (04),Total,5-14,Non-workers_Seeking/availabe for work_Persons,47,DDW-0200B-01ST-Census.xls,01ST
B0301ST,02,026,District - Kullu (04),Total,15-34,Non-workers_Seeking/availabe for work_Persons,1001,DDW-0200B-01ST-Census.xls,01ST
B0301ST,02,026,District - Kullu (04),Total,35-59,Non-workers_Seeking/availabe for work_Persons,200,DDW-0200B-01ST-Census.xls,01ST
B0301ST,02,026,District - Kullu (04),Total,60+,Non-workers_Seeking/availabe for work_Persons,31,DDW-0200B-01ST-Census.xls,01ST
B0301ST,02,026,District - Kullu (04),Total,Age not stated,Non-workers_Seeking/availabe for work_Persons,0,DDW-0200B-01ST-Census.xls,01ST
B0301ST,02,026,District - Kullu (04),Total,15-59,Non-workers_Seeking/availabe for work_Persons,1201,DDW-0200B-01ST-Census.xls,01ST
B0301ST,02,026,District - Kullu (04),Rural,Total,Non-workers_Seeking/availabe for work_Persons,791,DDW-0200B-01ST-Census.xls,01ST
B0301ST,02,026,District - Kullu (04),Rural,5-14,Non-workers_Seeking/availabe for work_Persons,36,DDW-0200B-01ST-Census.xls,01ST
B0301ST,02,026,District - Kullu (04),Rural,15-34,Non-workers_Seeking/availabe for work_Persons,630,DDW-0200B-01ST-Census.xls,01ST
B0301ST,02,026,District - Kullu (04),Rural,35-59,Non-workers_Seeking/availabe for work_Persons,105,DDW-0200B-01ST-Census.xls,01ST
B0301ST,02,026,District - Kullu (04),Rural,60+,Non-workers_Seeking/availabe for work_Persons,20,DDW-0200B-01ST-Census.xls,01ST
B0301ST,02,026,District - Kullu (04),Rural,Age not stated,Non-workers_Seeking/availabe for work_Persons,0,DDW-0200B-01ST-Census.xls,01ST
B0301ST,02,026,District - Kullu (04),Rural,15-59,Non-workers_Seeking/availabe for work_Persons,735,DDW-0200B-01ST-Census.xls,01ST
B0301ST,02,026,District - Kullu (04),Urban,Total,Non-workers_Seeking/availabe for work_Persons,488,DDW-0200B-01ST-Census.xls,01ST
B0301ST,02,026,District - Kullu (04),Urban,5-14,Non-workers_Seeking/availabe for work_Persons,11,DDW-0200B-01ST-Census.xls,01ST
B0301ST,02,026,District - Kullu (04),Urban,15-34,Non-workers_Seeking/availabe for work_Persons,371,DDW-0200B-01ST-Census.xls,01ST
B0301ST,02,026,District - Kullu (04),Urban,35-59,Non-workers_Seeking/availabe for work_Persons,95,DDW-0200B-01ST-Census.xls,01ST
B0301ST,02,026,District - Kullu (04),Urban,60+,Non-workers_Seeking/availabe for work_Persons,11,DDW-0200B-01ST-Census.xls,01ST
B0301ST,02,026,District - Kullu (04),Urban,Age not stated,Non-workers_Seeking/availabe for work_Persons,0,DDW-0200B-01ST-Census.xls,01ST
B0301ST,02,026,District - Kullu (04),Urban,15-59,Non-workers_Seeking/availabe for work_Persons,466,DDW-0200B-01ST-Census.xls,01ST
B0301ST,02,027,District - Mandi (05),Total,Total,Non-workers_Seeking/availabe for work_Persons,361,DDW-0200B-01ST-Census.xls,01ST
B0301ST,02,027,District - Mandi (05),Total,5-14,Non-workers_Seeking/availabe for work_Persons,26,DDW-0200B-01ST-Census.xls,01ST
B0301ST,02,027,District - Mandi (05),Total,15-34,Non-workers_Seeking/availabe for work_Persons,273,DDW-0200B-01ST-Census.xls,01ST
B0301ST,02,027,District - Mandi (05),Total,35-59,Non-workers_Seeking/availabe for work_Persons,51,DDW-0200B-01ST-Census.xls,01ST
B0301ST,02,027,District - Mandi (05),Total,60+,Non-workers_Seeking/availabe for work_Persons,11,DDW-0200B-01ST-Census.xls,01ST
B0301ST,02,027,District - Mandi (05),Total,Age not stated,Non-workers_Seeking/availabe for work_Persons,0,DDW-0200B-01ST-Census.xls,01ST
B0301ST,02,027,District - Mandi (05),Total,15-59,Non-workers_Seeking/availabe for work_Persons,324,DDW-0200B-01ST-Census.xls,01ST
B0301ST,02,027,District - Mandi (05),Rural,Total,Non-workers_Seeking/availabe for work_Persons,307,DDW-0200B-01ST-Census.xls,01ST
B0301ST,02,027,District - Mandi (05),Rural,5-14,Non-workers_Seeking/availabe for work_Persons,18,DDW-0200B-01ST-Census.xls,01ST
B0301ST,02,027,District - Mandi (05),Rural,15-34,Non-workers_Seeking/availabe for work_Persons,230,DDW-0200B-01ST-Census.xls,01ST
B0301ST,02,027,District - Mandi (05),Rural,35-59,Non-workers_Seeking/availabe for work_Persons,48,DDW-0200B-01ST-Census.xls,01ST
B0301ST,02,027,District - Mandi (05),Rural,60+,Non-workers_Seeking/availabe for work_Persons,11,DDW-0200B-01ST-Census.xls,01ST
B0301ST,02,027,District - Mandi (05),Rural,Age not stated,Non-workers_Seeking/availabe for work_Persons,0,DDW-0200B-01ST-Census.xls,01ST
B0301ST,02,027,District - Mandi (05),Rural,15-59,Non-workers_Seeking/availabe for work_Persons,278,DDW-0200B-01ST-Census.xls,01ST
B0301ST,02,027,District - Mandi (05),Urban,Total,Non-workers_Seeking/availabe for work_Persons,54,DDW-0200B-01ST-Census.xls,01ST
B0301ST,02,027,District - Mandi (05),Urban,5-14,Non-workers_Seeking/availabe for work_Persons,8,DDW-0200B-01ST-Census.xls,01ST
B0301ST,02,027,District - Mandi (05),Urban,15-34,Non-workers_Seeking/availabe for work_Persons,43,DDW-0200B-01ST-Census.xls,01ST
B0301ST,02,027,District - Mandi (05),Urban,35-59,Non-workers_Seeking/availabe for work_Persons,3,DDW-0200B-01ST-Census.xls,01ST
B0301ST,02,027,District - Mandi (05),Urban,60+,Non-workers_Seeking/availabe for work_Persons,0,DDW-0200B-01ST-Census.xls,01ST
B0301ST,02,027,District - Mandi (05),Urban,Age not stated,Non-workers_Seeking/availabe for work_Persons,0,DDW-0200B-01ST-Census.xls,01ST
B0301ST,02,027,District - Mandi (05),Urban,15-59,Non-workers_Seeking/availabe for work_Persons,46,DDW-0200B-01ST-Census.xls,01ST
B0301ST,02,028,District - Hamirpur (06),Total,Total,Non-workers_Seeking/availabe for work_Persons,97,DDW-0200B-01ST-Census.xls,01ST
B0301ST,02,028,District - Hamirpur (06),Total,5-14,Non-workers_Seeking/availabe for work_Persons,3,DDW-0200B-01ST-Census.xls,01ST
B0301ST,02,028,District - Hamirpur (06),Total,15-34,Non-workers_Seeking/availabe for work_Persons,73,DDW-0200B-01ST-Census.xls,01ST
B0301ST,02,028,District - Hamirpur (06),Total,35-59,Non-workers_Seeking/availabe for work_Persons,19,DDW-0200B-01ST-Census.xls,01ST
B0301ST,02,028,District - Hamirpur (06),Total,60+,Non-workers_Seeking/availabe for work_Persons,2,DDW-0200B-01ST-Census.xls,01ST
B0301ST,02,028,District - Hamirpur (06),Total,Age not stated,Non-workers_Seeking/availabe for work_Persons,0,DDW-0200B-01ST-Census.xls,01ST
B0301ST,02,028,District - Hamirpur (06),Total,15-59,Non-workers_Seeking/availabe for work_Persons,92,DDW-0200B-01ST-Census.xls,01ST
B0301ST,02,028,District - Hamirpur (06),Rural,Total,Non-workers_Seeking/availabe for work_Persons,79,DDW-0200B-01ST-Census.xls,01ST
B0301ST,02,028,District - Hamirpur (06),Rural,5-14,Non-workers_Seeking/availabe for work_Persons,2,DDW-0200B-01ST-Census.xls,01ST
B0301ST,02,028,District - Hamirpur (06),Rural,15-34,Non-workers_Seeking/availabe for work_Persons,56,DDW-0200B-01ST-Census.xls,01ST
B0301ST,02,028,District - Hamirpur (06),Rural,35-59,Non-workers_Seeking/availabe for work_Persons,19,DDW-0200B-01ST-Census.xls,01ST
B0301ST,02,028,District - Hamirpur (06),Rural,60+,Non-workers_Seeking/availabe for work_Persons,2,DDW-0200B-01ST-Census.xls,01ST
B0301ST,02,028,District - Hamirpur (06),Rural,Age not stated,Non-workers_Seeking/availabe for work_Persons,0,DDW-0200B-01ST-Census.xls,01ST
B0301ST,02,028,District - Hamirpur (06),Rural,15-59,Non-workers_Seeking/availabe for work_Persons,75,DDW-0200B-01ST-Census.xls,01ST
B0301ST,02,028,District - Hamirpur (06),Urban,Total,Non-workers_Seeking/availabe for work_Persons,18,DDW-0200B-01ST-Census.xls,01ST
B0301ST,02,028,District - Hamirpur (06),Urban,5-14,Non-workers_Seeking/availabe for work_Persons,1,DDW-0200B-01ST-Census.xls,01ST
B0301ST,02,028,District - Hamirpur (06),Urban,15-34,Non-workers_Seeking/availabe for work_Persons,17,DDW-0200B-01ST-Census.xls,01ST
B0301ST,02,028,District - Hamirpur (06),Urban,35-59,Non-workers_Seeking/availabe for work_Persons,0,DDW-0200B-01ST-Census.xls,01ST
B0301ST,02,028,District - Hamirpur (06),Urban,60+,Non-workers_Seeking/availabe for work_Persons,0,DDW-0200B-01ST-Census.xls,01ST
B0301ST,02,028,District - Hamirpur (06),Urban,Age not stated,Non-workers_Seeking/availabe for work_Persons,0,DDW-0200B-01ST-Census.xls,01ST
B0301ST,02,028,District - Hamirpur (06),Urban,15-59,Non-workers_Seeking/availabe for work_Persons,17,DDW-0200B-01ST-Census.xls,01ST
B0301ST,02,029,District - Una (07),Total,Total,Non-workers_Seeking/availabe for work_Persons,272,DDW-0200B-01ST-Census.xls,01ST
B0301ST,02,029,District - Una (07),Total,5-14,Non-workers_Seeking/availabe for work_Persons,3,DDW-0200B-01ST-Census.xls,01ST
B0301ST,02,029,District - Una (07),Total,15-34,Non-workers_Seeking/availabe for work_Persons,229,DDW-0200B-01ST-Census.xls,01ST
B0301ST,02,029,District - Una (07),Total,35-59,Non-workers_Seeking/availabe for work_Persons,37,DDW-0200B-01ST-Census.xls,01ST
B0301ST,02,029,District - Una (07),Total,60+,Non-workers_Seeking/availabe for work_Persons,3,DDW-0200B-01ST-Census.xls,01ST
B0301ST,02,029,District - Una (07),Total,Age not stated,Non-workers_Seeking/availabe for work_Persons,0,DDW-0200B-01ST-Census.xls,01ST
B0301ST,02,029,District - Una (07),Total,15-59,Non-workers_Seeking/availabe for work_Persons,266,DDW-0200B-01ST-Census.xls,01ST
B0301ST,02,029,District - Una (07),Rural,Total,Non-workers_Seeking/availabe for work_Persons,269,DDW-0200B-01ST-Census.xls,01ST
B0301ST,02,029,District - Una (07),Rural,5-14,Non-workers_Seeking/availabe for work_Persons,3,DDW-0200B-01ST-Census.xls,01ST
B0301ST,02,029,District - Una (07),Rural,15-34,Non-workers_Seeking/availabe for work_Persons,226,DDW-0200B-01ST-Census.xls,01ST
B0301ST,02,029,District - Una (07),Rural,35-59,Non-workers_Seeking/availabe for work_Persons,37,DDW-0200B-01ST-Census.xls,01ST
B0301ST,02,029,District - Una (07),Rural,60+,Non-workers_Seeking/availabe for work_Persons,3,DDW-0200B-01ST-Census.xls,01ST
B0301ST,02,029,District - Una (07),Rural,Age not stated,Non-workers_Seeking/availabe for work_Persons,0,DDW-0200B-01ST-Census.xls,01ST
B0301ST,02,029,District - Una (07),Rural,15-59,Non-workers_Seeking/availabe for work_Persons,263,DDW-0200B-01ST-Census.xls,01ST
B0301ST,02,029,District - Una (07),Urban,Total,Non-workers_Seeking/availabe for work_Persons,3,DDW-0200B-01ST-Census.xls,01ST
B0301ST,02,029,District - Una (07),Urban,5-14,Non-workers_Seeking/availabe for work_Persons,0,DDW-0200B-01ST-Census.xls,01ST
B0301ST,02,029,District - Una (07),Urban,15-34,Non-workers_Seeking/availabe for work_Persons,3,DDW-0200B-01ST-Census.xls,01ST
B0301ST,02,029,District - Una (07),Urban,35-59,Non-workers_Seeking/availabe for work_Persons,0,DDW-0200B-01ST-Census.xls,01ST
B0301ST,02,029,District - Una (07),Urban,60+,Non-workers_Seeking/availabe for work_Persons,0,DDW-0200B-01ST-Census.xls,01ST
B0301ST,02,029,District - Una (07),Urban,Age not stated,Non-workers_Seeking/availabe for work_Persons,0,DDW-0200B-01ST-Census.xls,01ST
B0301ST,02,029,District - Una (07),Urban,15-59,Non-workers_Seeking/availabe for work_Persons,3,DDW-0200B-01ST-Census.xls,01ST
B0301ST,02,030,District - Bilaspur (08),Total,Total,Non-workers_Seeking/availabe for work_Persons,512,DDW-0200B-01ST-Census.xls,01ST
B0301ST,02,030,District - Bilaspur (08),Total,5-14,Non-workers_Seeking/availabe for work_Persons,8,DDW-0200B-01ST-Census.xls,01ST
B0301ST,02,030,District - Bilaspur (08),Total,15-34,Non-workers_Seeking/availabe for work_Persons,423,DDW-0200B-01ST-Census.xls,01ST
B0301ST,02,030,District - Bilaspur (08),Total,35-59,Non-workers_Seeking/availabe for work_Persons,69,DDW-0200B-01ST-Census.xls,01ST
B0301ST,02,030,District - Bilaspur (08),Total,60+,Non-workers_Seeking/availabe for work_Persons,12,DDW-0200B-01ST-Census.xls,01ST
B0301ST,02,030,District - Bilaspur (08),Total,Age not stated,Non-workers_Seeking/availabe for work_Persons,0,DDW-0200B-01ST-Census.xls,01ST
B0301ST,02,030,District - Bilaspur (08),Total,15-59,Non-workers_Seeking/availabe for work_Persons,492,DDW-0200B-01ST-Census.xls,01ST
B0301ST,02,030,District - Bilaspur (08),Rural,Total,Non-workers_Seeking/availabe for work_Persons,495,DDW-0200B-01ST-Census.xls,01ST
B0301ST,02,030,District - Bilaspur (08),Rural,5-14,Non-workers_Seeking/availabe for work_Persons,7,DDW-0200B-01ST-Census.xls,01ST
B0301ST,02,030,District - Bilaspur (08),Rural,15-34,Non-workers_Seeking/availabe for work_Persons,411,DDW-0200B-01ST-Census.xls,01ST
B0301ST,02,030,District - Bilaspur (08),Rural,35-59,Non-workers_Seeking/availabe for work_Persons,65,DDW-0200B-01ST-Census.xls,01ST
B0301ST,02,030,District - Bilaspur (08),Rural,60+,Non-workers_Seeking/availabe for work_Persons,12,DDW-0200B-01ST-Census.xls,01ST
B0301ST,02,030,District - Bilaspur (08),Rural,Age not stated,Non-workers_Seeking/availabe for work_Persons,0,DDW-0200B-01ST-Census.xls,01ST
B0301ST,02,030,District - Bilaspur (08),Rural,15-59,Non-workers_Seeking/availabe for work_Persons,476,DDW-0200B-01ST-Census.xls,01ST
B0301ST,02,030,District - Bilaspur (08),Urban,Total,Non-workers_Seeking/availabe for work_Persons,17,DDW-0200B-01ST-Census.xls,01ST
B0301ST,02,030,District - Bilaspur (08),Urban,5-14,Non-workers_Seeking/availabe for work_Persons,1,DDW-0200B-01ST-Census.xls,01ST
B0301ST,02,030,District - Bilaspur (08),Urban,15-34,Non-workers_Seeking/availabe for work_Persons,12,DDW-0200B-01ST-Census.xls,01ST
B0301ST,02,030,District - Bilaspur (08),Urban,35-59,Non-workers_Seeking/availabe for work_Persons,4,DDW-0200B-01ST-Census.xls,01ST
B0301ST,02,030,District - Bilaspur (08),Urban,60+,Non-workers_Seeking/availabe for work_Persons,0,DDW-0200B-01ST-Census.xls,01ST
B0301ST,02,030,District - Bilaspur (08),Urban,Age not stated,Non-workers_Seeking/availabe for work_Persons,0,DDW-0200B-01ST-Census.xls,01ST
B0301ST,02,030,District - Bilaspur (08),Urban,15-59,Non-workers_Seeking/availabe for work_Persons,16,DDW-0200B-01ST-Census.xls,01ST
B0301ST,02,031,District - Solan (09),Total,Total,Non-workers_Seeking/availabe for work_Persons,717,DDW-0200B-01ST-Census.xls,01ST
B0301ST,02,031,District - Solan (09),Total,5-14,Non-workers_Seeking/availabe for work_Persons,47,DDW-0200B-01ST-Census.xls,01ST
B0301ST,02,031,District - Solan (09),Total,15-34,Non-workers_Seeking/availabe for work_Persons,543,DDW-0200B-01ST-Census.xls,01ST
B0301ST,02,031,District - Solan (09),Total,35-59,Non-workers_Seeking/availabe for work_Persons,113,DDW-0200B-01ST-Census.xls,01ST
B0301ST,02,031,District - Solan (09),Total,60+,Non-workers_Seeking/availabe for work_Persons,13,DDW-0200B-01ST-Census.xls,01ST
B0301ST,02,031,District - Solan (09),Total,Age not stated,Non-workers_Seeking/availabe for work_Persons,1,DDW-0200B-01ST-Census.xls,01ST
B0301ST,02,031,District - Solan (09),Total,15-59,Non-workers_Seeking/availabe for work_Persons,656,DDW-0200B-01ST-Census.xls,01ST
B0301ST,02,031,District - Solan (09),Rural,Total,Non-workers_Seeking/availabe for work_Persons,646,DDW-0200B-01ST-Census.xls,01ST
B0301ST,02,031,District - Solan (09),Rural,5-14,Non-workers_Seeking/availabe for work_Persons,43,DDW-0200B-01ST-Census.xls,01ST
B0301ST,02,031,District - Solan (09),Rural,15-34,Non-workers_Seeking/availabe for work_Persons,484,DDW-0200B-01ST-Census.xls,01ST
B0301ST,02,031,District - Solan (09),Rural,35-59,Non-workers_Seeking/availabe for work_Persons,105,DDW-0200B-01ST-Census.xls,01ST
B0301ST,02,031,District - Solan (09),Rural,60+,Non-workers_Seeking/availabe for work_Persons,13,DDW-0200B-01ST-Census.xls,01ST
B0301ST,02,031,District - Solan (09),Rural,Age not stated,Non-workers_Seeking/availabe for work_Persons,1,DDW-0200B-01ST-Census.xls,01ST
B0301ST,02,031,District - Solan (09),Rural,15-59,Non-workers_Seeking/availabe for work_Persons,589,DDW-0200B-01ST-Census.xls,01ST
B0301ST,02,031,District - Solan (09),Urban,Total,Non-workers_Seeking/availabe for work_Persons,71,DDW-0200B-01ST-Census.xls,01ST
B0301ST,02,031,District - Solan (09),Urban,5-14,Non-workers_Seeking/availabe for work_Persons,4,DDW-0200B-01ST-Census.xls,01ST
B0301ST,02,031,District - Solan (09),Urban,15-34,Non-workers_Seeking/availabe for work_Persons,59,DDW-0200B-01ST-Census.xls,01ST
B0301ST,02,031,District - Solan (09),Urban,35-59,Non-workers_Seeking/availabe for work_Persons,8,DDW-0200B-01ST-Census.xls,01ST
B0301ST,02,031,District - Solan (09),Urban,60+,Non-workers_Seeking/availabe for work_Persons,0,DDW-0200B-01ST-Census.xls,01ST
B0301ST,02,031,District - Solan (09),Urban,Age not stated,Non-workers_Seeking/availabe for work_Persons,0,DDW-0200B-01ST-Census.xls,01ST
B0301ST,02,031,District - Solan (09),Urban,15-59,Non-workers_Seeking/availabe for work_Persons,67,DDW-0200B-01ST-Census.xls,01ST
B0301ST,02,032,District - Sirmaur (10),Total,Total,Non-workers_Seeking/availabe for work_Persons,294,DDW-0200B-01ST-Census.xls,01ST
B0301ST,02,032,District - Sirmaur (10),Total,5-14,Non-workers_Seeking/availabe for work_Persons,8,DDW-0200B-01ST-Census.xls,01ST
B0301ST,02,032,District - Sirmaur (10),Total,15-34,Non-workers_Seeking/availabe for work_Persons,249,DDW-0200B-01ST-Census.xls,01ST
B0301ST,02,032,District - Sirmaur (10),Total,35-59,Non-workers_Seeking/availabe for work_Persons,34,DDW-0200B-01ST-Census.xls,01ST
B0301ST,02,032,District - Sirmaur (10),Total,60+,Non-workers_Seeking/availabe for work_Persons,3,DDW-0200B-01ST-Census.xls,01ST
B0301ST,02,032,District - Sirmaur (10),Total,Age not stated,Non-workers_Seeking/availabe for work_Persons,0,DDW-0200B-01ST-Census.xls,01ST
B0301ST,02,032,District - Sirmaur (10),Total,15-59,Non-workers_Seeking/availabe for work_Persons,283,DDW-0200B-01ST-Census.xls,01ST
B0301ST,02,032,District - Sirmaur (10),Rural,Total,Non-workers_Seeking/availabe for work_Persons,276,DDW-0200B-01ST-Census.xls,01ST
B0301ST,02,032,District - Sirmaur (10),Rural,5-14,Non-workers_Seeking/availabe for work_Persons,8,DDW-0200B-01ST-Census.xls,01ST
B0301ST,02,032,District - Sirmaur (10),Rural,15-34,Non-workers_Seeking/availabe for work_Persons,233,DDW-0200B-01ST-Census.xls,01ST
B0301ST,02,032,District - Sirmaur (10),Rural,35-59,Non-workers_Seeking/availabe for work_Persons,32,DDW-0200B-01ST-Census.xls,01ST
B0301ST,02,032,District - Sirmaur (10),Rural,60+,Non-workers_Seeking/availabe for work_Persons,3,DDW-0200B-01ST-Census.xls,01ST
B0301ST,02,032,District - Sirmaur (10),Rural,Age not stated,Non-workers_Seeking/availabe for work_Persons,0,DDW-0200B-01ST-Census.xls,01ST
B0301ST,02,032,District - Sirmaur (10),Rural,15-59,Non-workers_Seeking/availabe for work_Persons,265,DDW-0200B-01ST-Census.xls,01ST
B0301ST,02,032,District - Sirmaur (10),Urban,Total,Non-workers_Seeking/availabe for work_Persons,18,DDW-0200B-01ST-Census.xls,01ST
B0301ST,02,032,District - Sirmaur (10),Urban,5-14,Non-workers_Seeking/availabe for work_Persons,0,DDW-0200B-01ST-Census.xls,01ST
B0301ST,02,032,District - Sirmaur (10),Urban,15-34,Non-workers_Seeking/availabe for work_Persons,16,DDW-0200B-01ST-Census.xls,01ST
B0301ST,02,032,District - Sirmaur (10),Urban,35-59,Non-workers_Seeking/availabe for work_Persons,2,DDW-0200B-01ST-Census.xls,01ST
B0301ST,02,032,District - Sirmaur (10),Urban,60+,Non-workers_Seeking/availabe for work_Persons,0,DDW-0200B-01ST-Census.xls,01ST
B0301ST,02,032,District - Sirmaur (10),Urban,Age not stated,Non-workers_Seeking/availabe for work_Persons,0,DDW-0200B-01ST-Census.xls,01ST
B0301ST,02,032,District - Sirmaur (10),Urban,15-59,Non-workers_Seeking/availabe for work_Persons,18,DDW-0200B-01ST-Census.xls,01ST
B0301ST,02,033,District - Shimla (11),Total,Total,Non-workers_Seeking/availabe for work_Persons,646,DDW-0200B-01ST-Census.xls,01ST
B0301ST,02,033,District - Shimla (11),Total,5-14,Non-workers_Seeking/availabe for work_Persons,59,DDW-0200B-01ST-Census.xls,01ST
B0301ST,02,033,District - Shimla (11),Total,15-34,Non-workers_Seeking/availabe for work_Persons,530,DDW-0200B-01ST-Census.xls,01ST
B0301ST,02,033,District - Shimla (11),Total,35-59,Non-workers_Seeking/availabe for work_Persons,52,DDW-0200B-01ST-Census.xls,01ST
B0301ST,02,033,District - Shimla (11),Total,60+,Non-workers_Seeking/availabe for work_Persons,4,DDW-0200B-01ST-Census.xls,01ST
B0301ST,02,033,District - Shimla (11),Total,Age not stated,Non-workers_Seeking/availabe for work_Persons,1,DDW-0200B-01ST-Census.xls,01ST
B0301ST,02,033,District - Shimla (11),Total,15-59,Non-workers_Seeking/availabe for work_Persons,582,DDW-0200B-01ST-Census.xls,01ST
B0301ST,02,033,District - Shimla (11),Rural,Total,Non-workers_Seeking/availabe for work_Persons,251,DDW-0200B-01ST-Census.xls,01ST
B0301ST,02,033,District - Shimla (11),Rural,5-14,Non-workers_Seeking/availabe for work_Persons,45,DDW-0200B-01ST-Census.xls,01ST
B0301ST,02,033,District - Shimla (11),Rural,15-34,Non-workers_Seeking/availabe for work_Persons,170,DDW-0200B-01ST-Census.xls,01ST
B0301ST,02,033,District - Shimla (11),Rural,35-59,Non-workers_Seeking/availabe for work_Persons,32,DDW-0200B-01ST-Census.xls,01ST
B0301ST,02,033,District - Shimla (11),Rural,60+,Non-workers_Seeking/availabe for work_Persons,4,DDW-0200B-01ST-Census.xls,01ST
B0301ST,02,033,District - Shimla (11),Rural,Age not stated,Non-workers_Seeking/availabe for work_Persons,0,DDW-0200B-01ST-Census.xls,01ST
B0301ST,02,033,District - Shimla (11),Rural,15-59,Non-workers_Seeking/availabe for work_Persons,202,DDW-0200B-01ST-Census.xls,01ST
B0301ST,02,033,District - Shimla (11),Urban,Total,Non-workers_Seeking/availabe for work_Persons,395,DDW-0200B-01ST-Census.xls,01ST
B0301ST,02,033,District - Shimla (11),Urban,5-14,Non-workers_Seeking/availabe for work_Persons,14,DDW-0200B-01ST-Census.xls,01ST
B0301ST,02,033,District - Shimla (11),Urban,15-34,Non-workers_Seeking/availabe for work_Persons,360,DDW-0200B-01ST-Census.xls,01ST
B0301ST,02,033,District - Shimla (11),Urban,35-59,Non-workers_Seeking/availabe for work_Persons,20,DDW-0200B-01ST-Census.xls,01ST
B0301ST,02,033,District - Shimla (11),Urban,60+,Non-workers_Seeking/availabe for work_Persons,0,DDW-0200B-01ST-Census.xls,01ST
B0301ST,02,033,District - Shimla (11),Urban,Age not stated,Non-workers_Seeking/availabe for work_Persons,1,DDW-0200B-01ST-Census.xls,01ST
B0301ST,02,033,District - Shimla (11),Urban,15-59,Non-workers_Seeking/availabe for work_Persons,380,DDW-0200B-01ST-Census.xls,01ST
B0301ST,02,034,District - Kinnaur (12),Total,Total,Non-workers_Seeking/availabe for work_Persons,1355,DDW-0200B-01ST-Census.xls,01ST
B0301ST,02,034,District - Kinnaur (12),Total,5-14,Non-workers_Seeking/availabe for work_Persons,103,DDW-0200B-01ST-Census.xls,01ST
B0301ST,02,034,District - Kinnaur (12),Total,15-34,Non-workers_Seeking/availabe for work_Persons,1129,DDW-0200B-01ST-Census.xls,01ST
B0301ST,02,034,District - Kinnaur (12),Total,35-59,Non-workers_Seeking/availabe for work_Persons,103,DDW-0200B-01ST-Census.xls,01ST
B0301ST,02,034,District - Kinnaur (12),Total,60+,Non-workers_Seeking/availabe for work_Persons,19,DDW-0200B-01ST-Census.xls,01ST
B0301ST,02,034,District - Kinnaur (12),Total,Age not stated,Non-workers_Seeking/availabe for work_Persons,1,DDW-0200B-01ST-Census.xls,01ST
B0301ST,02,034,District - Kinnaur (12),Total,15-59,Non-workers_Seeking/availabe for work_Persons,1232,DDW-0200B-01ST-Census.xls,01ST
B0301ST,02,034,District - Kinnaur (12),Rural,Total,Non-workers_Seeking/availabe for work_Persons,1355,DDW-0200B-01ST-Census.xls,01ST
B0301ST,02,034,District - Kinnaur (12),Rural,5-14,Non-workers_Seeking/availabe for work_Persons,103,DDW-0200B-01ST-Census.xls,01ST
B0301ST,02,034,District - Kinnaur (12),Rural,15-34,Non-workers_Seeking/availabe for work_Persons,1129,DDW-0200B-01ST-Census.xls,01ST
B0301ST,02,034,District - Kinnaur (12),Rural,35-59,Non-workers_Seeking/availabe for work_Persons,103,DDW-0200B-01ST-Census.xls,01ST
B0301ST,02,034,District - Kinnaur (12),Rural,60+,Non-workers_Seeking/availabe for work_Persons,19,DDW-0200B-01ST-Census.xls,01ST
B0301ST,02,034,District - Kinnaur (12),Rural,Age not stated,Non-workers_Seeking/availabe for work_Persons,1,DDW-0200B-01ST-Census.xls,01ST
B0301ST,02,034,District - Kinnaur (12),Rural,15-59,Non-workers_Seeking/availabe for work_Persons,1232,DDW-0200B-01ST-Census.xls,01ST
B0301ST,02,034,District - Kinnaur (12),Urban,Total,Non-workers_Seeking/availabe for work_Persons,0,DDW-0200B-01ST-Census.xls,01ST
B0301ST,02,034,District - Kinnaur (12),Urban,5-14,Non-workers_Seeking/availabe for work_Persons,0,DDW-0200B-01ST-Census.xls,01ST
B0301ST,02,034,District - Kinnaur (12),Urban,15-34,Non-workers_Seeking/availabe for work_Persons,0,DDW-0200B-01ST-Census.xls,01ST
B0301ST,02,034,District - Kinnaur (12),Urban,35-59,Non-workers_Seeking/availabe for work_Persons,0,DDW-0200B-01ST-Census.xls,01ST
B0301ST,02,034,District - Kinnaur (12),Urban,60+,Non-workers_Seeking/availabe for work_Persons,0,DDW-0200B-01ST-Census.xls,01ST
B0301ST,02,034,District - Kinnaur (12),Urban,Age not stated,Non-workers_Seeking/availabe for work_Persons,0,DDW-0200B-01ST-Census.xls,01ST
B0301ST,02,034,District - Kinnaur (12),Urban,15-59,Non-workers_Seeking/availabe for work_Persons,0,DDW-0200B-01ST-Census.xls,01ST
B0301ST,02,000,State - HIMACHAL PRADESH (02),Total,Total,Non-workers_Seeking/availabe for work_Males,6574,DDW-0200B-01ST-Census.xls,01ST
B0301ST,02,000,State - HIMACHAL PRADESH (02),Total,5-14,Non-workers_Seeking/availabe for work_Males,451,DDW-0200B-01ST-Census.xls,01ST
B0301ST,02,000,State - HIMACHAL PRADESH (02),Total,15-34,Non-workers_Seeking/availabe for work_Males,5524,DDW-0200B-01ST-Census.xls,01ST
B0301ST,02,000,State - HIMACHAL PRADESH (02),Total,35-59,Non-workers_Seeking/availabe for work_Males,421,DDW-0200B-01ST-Census.xls,01ST
B0301ST,02,000,State - HIMACHAL PRADESH (02),Total,60+,Non-workers_Seeking/availabe for work_Males,167,DDW-0200B-01ST-Census.xls,01ST
B0301ST,02,000,State - HIMACHAL PRADESH (02),Total,Age not stated,Non-workers_Seeking/availabe for work_Males,11,DDW-0200B-01ST-Census.xls,01ST
B0301ST,02,000,State - HIMACHAL PRADESH (02),Total,15-59,Non-workers_Seeking/availabe for work_Males,5945,DDW-0200B-01ST-Census.xls,01ST
B0301ST,02,000,State - HIMACHAL PRADESH (02),Rural,Total,Non-workers_Seeking/availabe for work_Males,5937,DDW-0200B-01ST-Census.xls,01ST
B0301ST,02,000,State - HIMACHAL PRADESH (02),Rural,5-14,Non-workers_Seeking/availabe for work_Males,422,DDW-0200B-01ST-Census.xls,01ST
B0301ST,02,000,State - HIMACHAL PRADESH (02),Rural,15-34,Non-workers_Seeking/availabe for work_Males,4958,DDW-0200B-01ST-Census.xls,01ST
B0301ST,02,000,State - HIMACHAL PRADESH (02),Rural,35-59,Non-workers_Seeking/availabe for work_Males,385,DDW-0200B-01ST-Census.xls,01ST
B0301ST,02,000,State - HIMACHAL PRADESH (02),Rural,60+,Non-workers_Seeking/availabe for work_Males,163,DDW-0200B-01ST-Census.xls,01ST
B0301ST,02,000,State - HIMACHAL PRADESH (02),Rural,Age not stated,Non-workers_Seeking/availabe for work_Males,9,DDW-0200B-01ST-Census.xls,01ST
B0301ST,02,000,State - HIMACHAL PRADESH (02),Rural,15-59,Non-workers_Seeking/availabe for work_Males,5343,DDW-0200B-01ST-Census.xls,01ST
B0301ST,02,000,State - HIMACHAL PRADESH (02),Urban,Total,Non-workers_Seeking/availabe for work_Males,637,DDW-0200B-01ST-Census.xls,01ST
B0301ST,02,000,State - HIMACHAL PRADESH (02),Urban,5-14,Non-workers_Seeking/availabe for work_Males,29,DDW-0200B-01ST-Census.xls,01ST
B0301ST,02,000,State - HIMACHAL PRADESH (02),Urban,15-34,Non-workers_Seeking/availabe for work_Males,566,DDW-0200B-01ST-Census.xls,01ST
B0301ST,02,000,State - HIMACHAL PRADESH (02),Urban,35-59,Non-workers_Seeking/availabe for work_Males,36,DDW-0200B-01ST-Census.xls,01ST
B0301ST,02,000,State - HIMACHAL PRADESH (02),Urban,60+,Non-workers_Seeking/availabe for work_Males,4,DDW-0200B-01ST-Census.xls,01ST
B0301ST,02,000,State - HIMACHAL PRADESH (02),Urban,Age not stated,Non-workers_Seeking/availabe for work_Males,2,DDW-0200B-01ST-Census.xls,01ST
B0301ST,02,000,State - HIMACHAL PRADESH (02),Urban,15-59,Non-workers_Seeking/availabe for work_Males,602,DDW-0200B-01ST-Census.xls,01ST
B0301ST,02,023,District - Chamba (01),Total,Total,Non-workers_Seeking/availabe for work_Males,1701,DDW-0200B-01ST-Census.xls,01ST
B0301ST,02,023,District - Chamba (01),Total,5-14,Non-workers_Seeking/availabe for work_Males,137,DDW-0200B-01ST-Census.xls,01ST
B0301ST,02,023,District - Chamba (01),Total,15-34,Non-workers_Seeking/availabe for work_Males,1413,DDW-0200B-01ST-Census.xls,01ST
B0301ST,02,023,District - Chamba (01),Total,35-59,Non-workers_Seeking/availabe for work_Males,93,DDW-0200B-01ST-Census.xls,01ST
B0301ST,02,023,District - Chamba (01),Total,60+,Non-workers_Seeking/availabe for work_Males,58,DDW-0200B-01ST-Census.xls,01ST
B0301ST,02,023,District - Chamba (01),Total,Age not stated,Non-workers_Seeking/availabe for work_Males,0,DDW-0200B-01ST-Census.xls,01ST
B0301ST,02,023,District - Chamba (01),Total,15-59,Non-workers_Seeking/availabe for work_Males,1506,DDW-0200B-01ST-Census.xls,01ST
B0301ST,02,023,District - Chamba (01),Rural,Total,Non-workers_Seeking/availabe for work_Males,1590,DDW-0200B-01ST-Census.xls,01ST
B0301ST,02,023,District - Chamba (01),Rural,5-14,Non-workers_Seeking/availabe for work_Males,134,DDW-0200B-01ST-Census.xls,01ST
B0301ST,02,023,District - Chamba (01),Rural,15-34,Non-workers_Seeking/availabe for work_Males,1309,DDW-0200B-01ST-Census.xls,01ST
B0301ST,02,023,District - Chamba (01),Rural,35-59,Non-workers_Seeking/availabe for work_Males,90,DDW-0200B-01ST-Census.xls,01ST
B0301ST,02,023,District - Chamba (01),Rural,60+,Non-workers_Seeking/availabe for work_Males,57,DDW-0200B-01ST-Census.xls,01ST
B0301ST,02,023,District - Chamba (01),Rural,Age not stated,Non-workers_Seeking/availabe for work_Males,0,DDW-0200B-01ST-Census.xls,01ST
B0301ST,02,023,District - Chamba (01),Rural,15-59,Non-workers_Seeking/availabe for work_Males,1399,DDW-0200B-01ST-Census.xls,01ST
B0301ST,02,023,District - Chamba (01),Urban,Total,Non-workers_Seeking/availabe for work_Males,111,DDW-0200B-01ST-Census.xls,01ST
B0301ST,02,023,District - Chamba (01),Urban,5-14,Non-workers_Seeking/availabe for work_Males,3,DDW-0200B-01ST-Census.xls,01ST
B0301ST,02,023,District - Chamba (01),Urban,15-34,Non-workers_Seeking/availabe for work_Males,104,DDW-0200B-01ST-Census.xls,01ST
B0301ST,02,023,District - Chamba (01),Urban,35-59,Non-workers_Seeking/availabe for work_Males,3,DDW-0200B-01ST-Census.xls,01ST
B0301ST,02,023,District - Chamba (01),Urban,60+,Non-workers_Seeking/availabe for work_Males,1,DDW-0200B-01ST-Census.xls,01ST
B0301ST,02,023,District - Chamba (01),Urban,Age not stated,Non-workers_Seeking/availabe for work_Males,0,DDW-0200B-01ST-Census.xls,01ST
B0301ST,02,023,District - Chamba (01),Urban,15-59,Non-workers_Seeking/availabe for work_Males,107,DDW-0200B-01ST-Census.xls,01ST
B0301ST,02,024,District - Kangra (02),Total,Total,Non-workers_Seeking/availabe for work_Males,1893,DDW-0200B-01ST-Census.xls,01ST
B0301ST,02,024,District - Kangra (02),Total,5-14,Non-workers_Seeking/availabe for work_Males,121,DDW-0200B-01ST-Census.xls,01ST
B0301ST,02,024,District - Kangra (02),Total,15-34,Non-workers_Seeking/availabe for work_Males,1556,DDW-0200B-01ST-Census.xls,01ST
B0301ST,02,024,District - Kangra (02),Total,35-59,Non-workers_Seeking/availabe for work_Males,145,DDW-0200B-01ST-Census.xls,01ST
B0301ST,02,024,District - Kangra (02),Total,60+,Non-workers_Seeking/availabe for work_Males,64,DDW-0200B-01ST-Census.xls,01ST
B0301ST,02,024,District - Kangra (02),Total,Age not stated,Non-workers_Seeking/availabe for work_Males,7,DDW-0200B-01ST-Census.xls,01ST
B0301ST,02,024,District - Kangra (02),Total,15-59,Non-workers_Seeking/availabe for work_Males,1701,DDW-0200B-01ST-Census.xls,01ST
B0301ST,02,024,District - Kangra (02),Rural,Total,Non-workers_Seeking/availabe for work_Males,1789,DDW-0200B-01ST-Census.xls,01ST
B0301ST,02,024,District - Kangra (02),Rural,5-14,Non-workers_Seeking/availabe for work_Males,113,DDW-0200B-01ST-Census.xls,01ST
B0301ST,02,024,District - Kangra (02),Rural,15-34,Non-workers_Seeking/availabe for work_Males,1475,DDW-0200B-01ST-Census.xls,01ST
B0301ST,02,024,District - Kangra (02),Rural,35-59,Non-workers_Seeking/availabe for work_Males,131,DDW-0200B-01ST-Census.xls,01ST
B0301ST,02,024,District - Kangra (02),Rural,60+,Non-workers_Seeking/availabe for work_Males,64,DDW-0200B-01ST-Census.xls,01ST
B0301ST,02,024,District - Kangra (02),Rural,Age not stated,Non-workers_Seeking/availabe for work_Males,6,DDW-0200B-01ST-Census.xls,01ST
B0301ST,02,024,District - Kangra (02),Rural,15-59,Non-workers_Seeking/availabe for work_Males,1606,DDW-0200B-01ST-Census.xls,01ST
B0301ST,02,024,District - Kangra (02),Urban,Total,Non-workers_Seeking/availabe for work_Males,104,DDW-0200B-01ST-Census.xls,01ST
B0301ST,02,024,District - Kangra (02),Urban,5-14,Non-workers_Seeking/availabe for work_Males,8,DDW-0200B-01ST-Census.xls,01ST
B0301ST,02,024,District - Kangra (02),Urban,15-34,Non-workers_Seeking/availabe for work_Males,81,DDW-0200B-01ST-Census.xls,01ST
B0301ST,02,024,District - Kangra (02),Urban,35-59,Non-workers_Seeking/availabe for work_Males,14,DDW-0200B-01ST-Census.xls,01ST
B0301ST,02,024,District - Kangra (02),Urban,60+,Non-workers_Seeking/availabe for work_Males,0,DDW-0200B-01ST-Census.xls,01ST
B0301ST,02,024,District - Kangra (02),Urban,Age not stated,Non-workers_Seeking/availabe for work_Males,1,DDW-0200B-01ST-Census.xls,01ST
B0301ST,02,024,District - Kangra (02),Urban,15-59,Non-workers_Seeking/availabe for work_Males,95,DDW-0200B-01ST-Census.xls,01ST
B0301ST,02,025,District - Lahul & Spiti (03),Total,Total,Non-workers_Seeking/availabe for work_Males,631,DDW-0200B-01ST-Census.xls,01ST
B0301ST,02,025,District - Lahul & Spiti (03),Total,5-14,Non-workers_Seeking/availabe for work_Males,32,DDW-0200B-01ST-Census.xls,01ST
B0301ST,02,025,District - Lahul & Spiti (03),Total,15-34,Non-workers_Seeking/availabe for work_Males,558,DDW-0200B-01ST-Census.xls,01ST
B0301ST,02,025,District - Lahul & Spiti (03),Total,35-59,Non-workers_Seeking/availabe for work_Males,30,DDW-0200B-01ST-Census.xls,01ST
B0301ST,02,025,District - Lahul & Spiti (03),Total,60+,Non-workers_Seeking/availabe for work_Males,8,DDW-0200B-01ST-Census.xls,01ST
B0301ST,02,025,District - Lahul & Spiti (03),Total,Age not stated,Non-workers_Seeking/availabe for work_Males,3,DDW-0200B-01ST-Census.xls,01ST
B0301ST,02,025,District - Lahul & Spiti (03),Total,15-59,Non-workers_Seeking/availabe for work_Males,588,DDW-0200B-01ST-Census.xls,01ST
B0301ST,02,025,District - Lahul & Spiti (03),Rural,Total,Non-workers_Seeking/availabe for work_Males,631,DDW-0200B-01ST-Census.xls,01ST
B0301ST,02,025,District - Lahul & Spiti (03),Rural,5-14,Non-workers_Seeking/availabe for work_Males,32,DDW-0200B-01ST-Census.xls,01ST
B0301ST,02,025,District - Lahul & Spiti (03),Rural,15-34,Non-workers_Seeking/availabe for work_Males,558,DDW-0200B-01ST-Census.xls,01ST
B0301ST,02,025,District - Lahul & Spiti (03),Rural,35-59,Non-workers_Seeking/availabe for work_Males,30,DDW-0200B-01ST-Census.xls,01ST
B0301ST,02,025,District - Lahul & Spiti (03),Rural,60+,Non-workers_Seeking/availabe for work_Males,8,DDW-0200B-01ST-Census.xls,01ST
B0301ST,02,025,District - Lahul & Spiti (03),Rural,Age not stated,Non-workers_Seeking/availabe for work_Males,3,DDW-0200B-01ST-Census.xls,01ST
B0301ST,02,025,District - Lahul & Spiti (03),Rural,15-59,Non-workers_Seeking/availabe for work_Males,588,DDW-0200B-01ST-Census.xls,01ST
B0301ST,02,025,District - Lahul & Spiti (03),Urban,Total,Non-workers_Seeking/availabe for work_Males,0,DDW-0200B-01ST-Census.xls,01ST
B0301ST,02,025,District - Lahul & Spiti (03),Urban,5-14,Non-workers_Seeking/availabe for work_Males,0,DDW-0200B-01ST-Census.xls,01ST
B0301ST,02,025,District - Lahul & Spiti (03),Urban,15-34,Non-workers_Seeking/availabe for work_Males,0,DDW-0200B-01ST-Census.xls,01ST
B0301ST,02,025,District - Lahul & Spiti (03),Urban,35-59,Non-workers_Seeking/availabe for work_Males,0,DDW-0200B-01ST-Census.xls,01ST
B0301ST,02,025,District - Lahul & Spiti (03),Urban,60+,Non-workers_Seeking/availabe for work_Males,0,DDW-0200B-01ST-Census.xls,01ST
B0301ST,02,025,District - Lahul & Spiti (03),Urban,Age not stated,Non-workers_Seeking/availabe for work_Males,0,DDW-0200B-01ST-Census.xls,01ST
B0301ST,02,025,District - Lahul & Spiti (03),Urban,15-59,Non-workers_Seeking/availabe for work_Males,0,DDW-0200B-01ST-Census.xls,01ST
B0301ST,02,026,District - Kullu (04),Total,Total,Non-workers_Seeking/availabe for work_Males,520,DDW-0200B-01ST-Census.xls,01ST
B0301ST,02,026,District - Kullu (04),Total,5-14,Non-workers_Seeking/availabe for work_Males,24,DDW-0200B-01ST-Census.xls,01ST
B0301ST,02,026,District - Kullu (04),Total,15-34,Non-workers_Seeking/availabe for work_Males,454,DDW-0200B-01ST-Census.xls,01ST
B0301ST,02,026,District - Kullu (04),Total,35-59,Non-workers_Seeking/availabe for work_Males,28,DDW-0200B-01ST-Census.xls,01ST
B0301ST,02,026,District - Kullu (04),Total,60+,Non-workers_Seeking/availabe for work_Males,14,DDW-0200B-01ST-Census.xls,01ST
B0301ST,02,026,District - Kullu (04),Total,Age not stated,Non-workers_Seeking/availabe for work_Males,0,DDW-0200B-01ST-Census.xls,01ST
B0301ST,02,026,District - Kullu (04),Total,15-59,Non-workers_Seeking/availabe for work_Males,482,DDW-0200B-01ST-Census.xls,01ST
B0301ST,02,026,District - Kullu (04),Rural,Total,Non-workers_Seeking/availabe for work_Males,346,DDW-0200B-01ST-Census.xls,01ST
B0301ST,02,026,District - Kullu (04),Rural,5-14,Non-workers_Seeking/availabe for work_Males,18,DDW-0200B-01ST-Census.xls,01ST
B0301ST,02,026,District - Kullu (04),Rural,15-34,Non-workers_Seeking/availabe for work_Males,304,DDW-0200B-01ST-Census.xls,01ST
B0301ST,02,026,District - Kullu (04),Rural,35-59,Non-workers_Seeking/availabe for work_Males,13,DDW-0200B-01ST-Census.xls,01ST
B0301ST,02,026,District - Kullu (04),Rural,60+,Non-workers_Seeking/availabe for work_Males,11,DDW-0200B-01ST-Census.xls,01ST
B0301ST,02,026,District - Kullu (04),Rural,Age not stated,Non-workers_Seeking/availabe for work_Males,0,DDW-0200B-01ST-Census.xls,01ST
B0301ST,02,026,District - Kullu (04),Rural,15-59,Non-workers_Seeking/availabe for work_Males,317,DDW-0200B-01ST-Census.xls,01ST
B0301ST,02,026,District - Kullu (04),Urban,Total,Non-workers_Seeking/availabe for work_Males,174,DDW-0200B-01ST-Census.xls,01ST
B0301ST,02,026,District - Kullu (04),Urban,5-14,Non-workers_Seeking/availabe for work_Males,6,DDW-0200B-01ST-Census.xls,01ST
B0301ST,02,026,District - Kullu (04),Urban,15-34,Non-workers_Seeking/availabe for work_Males,150,DDW-0200B-01ST-Census.xls,01ST
B0301ST,02,026,District - Kullu (04),Urban,35-59,Non-workers_Seeking/availabe for work_Males,15,DDW-0200B-01ST-Census.xls,01ST
B0301ST,02,026,District - Kullu (04),Urban,60+,Non-workers_Seeking/availabe for work_Males,3,DDW-0200B-01ST-Census.xls,01ST
B0301ST,02,026,District - Kullu (04),Urban,Age not stated,Non-workers_Seeking/availabe for work_Males,0,DDW-0200B-01ST-Census.xls,01ST
B0301ST,02,026,District - Kullu (04),Urban,15-59,Non-workers_Seeking/availabe for work_Males,165,DDW-0200B-01ST-Census.xls,01ST
B0301ST,02,027,District - Mandi (05),Total,Total,Non-workers_Seeking/availabe for work_Males,135,DDW-0200B-01ST-Census.xls,01ST
B0301ST,02,027,District - Mandi (05),Total,5-14,Non-workers_Seeking/availabe for work_Males,10,DDW-0200B-01ST-Census.xls,01ST
B0301ST,02,027,District - Mandi (05),Total,15-34,Non-workers_Seeking/availabe for work_Males,115,DDW-0200B-01ST-Census.xls,01ST
B0301ST,02,027,District - Mandi (05),Total,35-59,Non-workers_Seeking/availabe for work_Males,6,DDW-0200B-01ST-Census.xls,01ST
B0301ST,02,027,District - Mandi (05),Total,60+,Non-workers_Seeking/availabe for work_Males,4,DDW-0200B-01ST-Census.xls,01ST
B0301ST,02,027,District - Mandi (05),Total,Age not stated,Non-workers_Seeking/availabe for work_Males,0,DDW-0200B-01ST-Census.xls,01ST
B0301ST,02,027,District - Mandi (05),Total,15-59,Non-workers_Seeking/availabe for work_Males,121,DDW-0200B-01ST-Census.xls,01ST
B0301ST,02,027,District - Mandi (05),Rural,Total,Non-workers_Seeking/availabe for work_Males,115,DDW-0200B-01ST-Census.xls,01ST
B0301ST,02,027,District - Mandi (05),Rural,5-14,Non-workers_Seeking/availabe for work_Males,7,DDW-0200B-01ST-Census.xls,01ST
B0301ST,02,027,District - Mandi (05),Rural,15-34,Non-workers_Seeking/availabe for work_Males,98,DDW-0200B-01ST-Census.xls,01ST
B0301ST,02,027,District - Mandi (05),Rural,35-59,Non-workers_Seeking/availabe for work_Males,6,DDW-0200B-01ST-Census.xls,01ST
B0301ST,02,027,District - Mandi (05),Rural,60+,Non-workers_Seeking/availabe for work_Males,4,DDW-0200B-01ST-Census.xls,01ST
B0301ST,02,027,District - Mandi (05),Rural,Age not stated,Non-workers_Seeking/availabe for work_Males,0,DDW-0200B-01ST-Census.xls,01ST
B0301ST,02,027,District - Mandi (05),Rural,15-59,Non-workers_Seeking/availabe for work_Males,104,DDW-0200B-01ST-Census.xls,01ST
B0301ST,02,027,District - Mandi (05),Urban,Total,Non-workers_Seeking/availabe for work_Males,20,DDW-0200B-01ST-Census.xls,01ST
B0301ST,02,027,District - Mandi (05),Urban,5-14,Non-workers_Seeking/availabe for work_Males,3,DDW-0200B-01ST-Census.xls,01ST
B0301ST,02,027,District - Mandi (05),Urban,15-34,Non-workers_Seeking/availabe for work_Males,17,DDW-0200B-01ST-Census.xls,01ST
B0301ST,02,027,District - Mandi (05),Urban,35-59,Non-workers_Seeking/availabe for work_Males,0,DDW-0200B-01ST-Census.xls,01ST
B0301ST,02,027,District - Mandi (05),Urban,60+,Non-workers_Seeking/availabe for work_Males,0,DDW-0200B-01ST-Census.xls,01ST
B0301ST,02,027,District - Mandi (05),Urban,Age not stated,Non-workers_Seeking/availabe for work_Males,0,DDW-0200B-01ST-Census.xls,01ST
B0301ST,02,027,District - Mandi (05),Urban,15-59,Non-workers_Seeking/availabe for work_Males,17,DDW-0200B-01ST-Census.xls,01ST
B0301ST,02,028,District - Hamirpur (06),Total,Total,Non-workers_Seeking/availabe for work_Males,38,DDW-0200B-01ST-Census.xls,01ST
B0301ST,02,028,District - Hamirpur (06),Total,5-14,Non-workers_Seeking/availabe for work_Males,2,DDW-0200B-01ST-Census.xls,01ST
B0301ST,02,028,District - Hamirpur (06),Total,15-34,Non-workers_Seeking/availabe for work_Males,30,DDW-0200B-01ST-Census.xls,01ST
B0301ST,02,028,District - Hamirpur (06),Total,35-59,Non-workers_Seeking/availabe for work_Males,6,DDW-0200B-01ST-Census.xls,01ST
B0301ST,02,028,District - Hamirpur (06),Total,60+,Non-workers_Seeking/availabe for work_Males,0,DDW-0200B-01ST-Census.xls,01ST
B0301ST,02,028,District - Hamirpur (06),Total,Age not stated,Non-workers_Seeking/availabe for work_Males,0,DDW-0200B-01ST-Census.xls,01ST
B0301ST,02,028,District - Hamirpur (06),Total,15-59,Non-workers_Seeking/availabe for work_Males,36,DDW-0200B-01ST-Census.xls,01ST
B0301ST,02,028,District - Hamirpur (06),Rural,Total,Non-workers_Seeking/availabe for work_Males,33,DDW-0200B-01ST-Census.xls,01ST
B0301ST,02,028,District - Hamirpur (06),Rural,5-14,Non-workers_Seeking/availabe for work_Males,1,DDW-0200B-01ST-Census.xls,01ST
B0301ST,02,028,District - Hamirpur (06),Rural,15-34,Non-workers_Seeking/availabe for work_Males,26,DDW-0200B-01ST-Census.xls,01ST
B0301ST,02,028,District - Hamirpur (06),Rural,35-59,Non-workers_Seeking/availabe for work_Males,6,DDW-0200B-01ST-Census.xls,01ST
B0301ST,02,028,District - Hamirpur (06),Rural,60+,Non-workers_Seeking/availabe for work_Males,0,DDW-0200B-01ST-Census.xls,01ST
B0301ST,02,028,District - Hamirpur (06),Rural,Age not stated,Non-workers_Seeking/availabe for work_Males,0,DDW-0200B-01ST-Census.xls,01ST
B0301ST,02,028,District - Hamirpur (06),Rural,15-59,Non-workers_Seeking/availabe for work_Males,32,DDW-0200B-01ST-Census.xls,01ST
B0301ST,02,028,District - Hamirpur (06),Urban,Total,Non-workers_Seeking/availabe for work_Males,5,DDW-0200B-01ST-Census.xls,01ST
B0301ST,02,028,District - Hamirpur (06),Urban,5-14,Non-workers_Seeking/availabe for work_Males,1,DDW-0200B-01ST-Census.xls,01ST
B0301ST,02,028,District - Hamirpur (06),Urban,15-34,Non-workers_Seeking/availabe for work_Males,4,DDW-0200B-01ST-Census.xls,01ST
B0301ST,02,028,District - Hamirpur (06),Urban,35-59,Non-workers_Seeking/availabe for work_Males,0,DDW-0200B-01ST-Census.xls,01ST
B0301ST,02,028,District - Hamirpur (06),Urban,60+,Non-workers_Seeking/availabe for work_Males,0,DDW-0200B-01ST-Census.xls,01ST
B0301ST,02,028,District - Hamirpur (06),Urban,Age not stated,Non-workers_Seeking/availabe for work_Males,0,DDW-0200B-01ST-Census.xls,01ST
B0301ST,02,028,District - Hamirpur (06),Urban,15-59,Non-workers_Seeking/availabe for work_Males,4,DDW-0200B-01ST-Census.xls,01ST
B0301ST,02,029,District - Una (07),Total,Total,Non-workers_Seeking/availabe for work_Males,107,DDW-0200B-01ST-Census.xls,01ST
B0301ST,02,029,District - Una (07),Total,5-14,Non-workers_Seeking/availabe for work_Males,3,DDW-0200B-01ST-Census.xls,01ST
B0301ST,02,029,District - Una (07),Total,15-34,Non-workers_Seeking/availabe for work_Males,87,DDW-0200B-01ST-Census.xls,01ST
B0301ST,02,029,District - Una (07),Total,35-59,Non-workers_Seeking/availabe for work_Males,15,DDW-0200B-01ST-Census.xls,01ST
B0301ST,02,029,District - Una (07),Total,60+,Non-workers_Seeking/availabe for work_Males,2,DDW-0200B-01ST-Census.xls,01ST
B0301ST,02,029,District - Una (07),Total,Age not stated,Non-workers_Seeking/availabe for work_Males,0,DDW-0200B-01ST-Census.xls,01ST
B0301ST,02,029,District - Una (07),Total,15-59,Non-workers_Seeking/availabe for work_Males,102,DDW-0200B-01ST-Census.xls,01ST
B0301ST,02,029,District - Una (07),Rural,Total,Non-workers_Seeking/availabe for work_Males,106,DDW-0200B-01ST-Census.xls,01ST
B0301ST,02,029,District - Una (07),Rural,5-14,Non-workers_Seeking/availabe for work_Males,3,DDW-0200B-01ST-Census.xls,01ST
B0301ST,02,029,District - Una (07),Rural,15-34,Non-workers_Seeking/availabe for work_Males,86,DDW-0200B-01ST-Census.xls,01ST
B0301ST,02,029,District - Una (07),Rural,35-59,Non-workers_Seeking/availabe for work_Males,15,DDW-0200B-01ST-Census.xls,01ST
B0301ST,02,029,District - Una (07),Rural,60+,Non-workers_Seeking/availabe for work_Males,2,DDW-0200B-01ST-Census.xls,01ST
B0301ST,02,029,District - Una (07),Rural,Age not stated,Non-workers_Seeking/availabe for work_Males,0,DDW-0200B-01ST-Census.xls,01ST
B0301ST,02,029,District - Una (07),Rural,15-59,Non-workers_Seeking/availabe for work_Males,101,DDW-0200B-01ST-Census.xls,01ST
B0301ST,02,029,District - Una (07),Urban,Total,Non-workers_Seeking/availabe for work_Males,1,DDW-0200B-01ST-Census.xls,01ST
B0301ST,02,029,District - Una (07),Urban,5-14,Non-workers_Seeking/availabe for work_Males,0,DDW-0200B-01ST-Census.xls,01ST
B0301ST,02,029,District - Una (07),Urban,15-34,Non-workers_Seeking/availabe for work_Males,1,DDW-0200B-01ST-Census.xls,01ST
B0301ST,02,029,District - Una (07),Urban,35-59,Non-workers_Seeking/availabe for work_Males,0,DDW-0200B-01ST-Census.xls,01ST
B0301ST,02,029,District - Una (07),Urban,60+,Non-workers_Seeking/availabe for work_Males,0,DDW-0200B-01ST-Census.xls,01ST
B0301ST,02,029,District - Una (07),Urban,Age not stated,Non-workers_Seeking/availabe for work_Males,0,DDW-0200B-01ST-Census.xls,01ST
B0301ST,02,029,District - Una (07),Urban,15-59,Non-workers_Seeking/availabe for work_Males,1,DDW-0200B-01ST-Census.xls,01ST
B0301ST,02,030,District - Bilaspur (08),Total,Total,Non-workers_Seeking/availabe for work_Males,227,DDW-0200B-01ST-Census.xls,01ST
B0301ST,02,030,District - Bilaspur (08),Total,5-14,Non-workers_Seeking/availabe for work_Males,3,DDW-0200B-01ST-Census.xls,01ST
B0301ST,02,030,District - Bilaspur (08),Total,15-34,Non-workers_Seeking/availabe for work_Males,198,DDW-0200B-01ST-Census.xls,01ST
B0301ST,02,030,District - Bilaspur (08),Total,35-59,Non-workers_Seeking/availabe for work_Males,20,DDW-0200B-01ST-Census.xls,01ST
B0301ST,02,030,District - Bilaspur (08),Total,60+,Non-workers_Seeking/availabe for work_Males,6,DDW-0200B-01ST-Census.xls,01ST
B0301ST,02,030,District - Bilaspur (08),Total,Age not stated,Non-workers_Seeking/availabe for work_Males,0,DDW-0200B-01ST-Census.xls,01ST
B0301ST,02,030,District - Bilaspur (08),Total,15-59,Non-workers_Seeking/availabe for work_Males,218,DDW-0200B-01ST-Census.xls,01ST
B0301ST,02,030,District - Bilaspur (08),Rural,Total,Non-workers_Seeking/availabe for work_Males,219,DDW-0200B-01ST-Census.xls,01ST
B0301ST,02,030,District - Bilaspur (08),Rural,5-14,Non-workers_Seeking/availabe for work_Males,2,DDW-0200B-01ST-Census.xls,01ST
B0301ST,02,030,District - Bilaspur (08),Rural,15-34,Non-workers_Seeking/availabe for work_Males,191,DDW-0200B-01ST-Census.xls,01ST
B0301ST,02,030,District - Bilaspur (08),Rural,35-59,Non-workers_Seeking/availabe for work_Males,20,DDW-0200B-01ST-Census.xls,01ST
B0301ST,02,030,District - Bilaspur (08),Rural,60+,Non-workers_Seeking/availabe for work_Males,6,DDW-0200B-01ST-Census.xls,01ST
B0301ST,02,030,District - Bilaspur (08),Rural,Age not stated,Non-workers_Seeking/availabe for work_Males,0,DDW-0200B-01ST-Census.xls,01ST
B0301ST,02,030,District - Bilaspur (08),Rural,15-59,Non-workers_Seeking/availabe for work_Males,211,DDW-0200B-01ST-Census.xls,01ST
B0301ST,02,030,District - Bilaspur (08),Urban,Total,Non-workers_Seeking/availabe for work_Males,8,DDW-0200B-01ST-Census.xls,01ST
B0301ST,02,030,District - Bilaspur (08),Urban,5-14,Non-workers_Seeking/availabe for work_Males,1,DDW-0200B-01ST-Census.xls,01ST
B0301ST,02,030,District - Bilaspur (08),Urban,15-34,Non-workers_Seeking/availabe for work_Males,7,DDW-0200B-01ST-Census.xls,01ST
B0301ST,02,030,District - Bilaspur (08),Urban,35-59,Non-workers_Seeking/availabe for work_Males,0,DDW-0200B-01ST-Census.xls,01ST
B0301ST,02,030,District - Bilaspur (08),Urban,60+,Non-workers_Seeking/availabe for work_Males,0,DDW-0200B-01ST-Census.xls,01ST
B0301ST,02,030,District - Bilaspur (08),Urban,Age not stated,Non-workers_Seeking/availabe for work_Males,0,DDW-0200B-01ST-Census.xls,01ST
B0301ST,02,030,District - Bilaspur (08),Urban,15-59,Non-workers_Seeking/availabe for work_Males,7,DDW-0200B-01ST-Census.xls,01ST
B0301ST,02,031,District - Solan (09),Total,Total,Non-workers_Seeking/availabe for work_Males,279,DDW-0200B-01ST-Census.xls,01ST
B0301ST,02,031,District - Solan (09),Total,5-14,Non-workers_Seeking/availabe for work_Males,31,DDW-0200B-01ST-Census.xls,01ST
B0301ST,02,031,District - Solan (09),Total,15-34,Non-workers_Seeking/availabe for work_Males,225,DDW-0200B-01ST-Census.xls,01ST
B0301ST,02,031,District - Solan (09),Total,35-59,Non-workers_Seeking/availabe for work_Males,22,DDW-0200B-01ST-Census.xls,01ST
B0301ST,02,031,District - Solan (09),Total,60+,Non-workers_Seeking/availabe for work_Males,1,DDW-0200B-01ST-Census.xls,01ST
B0301ST,02,031,District - Solan (09),Total,Age not stated,Non-workers_Seeking/availabe for work_Males,0,DDW-0200B-01ST-Census.xls,01ST
B0301ST,02,031,District - Solan (09),Total,15-59,Non-workers_Seeking/availabe for work_Males,247,DDW-0200B-01ST-Census.xls,01ST
B0301ST,02,031,District - Solan (09),Rural,Total,Non-workers_Seeking/availabe for work_Males,253,DDW-0200B-01ST-Census.xls,01ST
B0301ST,02,031,District - Solan (09),Rural,5-14,Non-workers_Seeking/availabe for work_Males,29,DDW-0200B-01ST-Census.xls,01ST
B0301ST,02,031,District - Solan (09),Rural,15-34,Non-workers_Seeking/availabe for work_Males,203,DDW-0200B-01ST-Census.xls,01ST
B0301ST,02,031,District - Solan (09),Rural,35-59,Non-workers_Seeking/availabe for work_Males,20,DDW-0200B-01ST-Census.xls,01ST
B0301ST,02,031,District - Solan (09),Rural,60+,Non-workers_Seeking/availabe for work_Males,1,DDW-0200B-01ST-Census.xls,01ST
B0301ST,02,031,District - Solan (09),Rural,Age not stated,Non-workers_Seeking/availabe for work_Males,0,DDW-0200B-01ST-Census.xls,01ST
B0301ST,02,031,District - Solan (09),Rural,15-59,Non-workers_Seeking/availabe for work_Males,223,DDW-0200B-01ST-Census.xls,01ST
B0301ST,02,031,District - Solan (09),Urban,Total,Non-workers_Seeking/availabe for work_Males,26,DDW-0200B-01ST-Census.xls,01ST
B0301ST,02,031,District - Solan (09),Urban,5-14,Non-workers_Seeking/availabe for work_Males,2,DDW-0200B-01ST-Census.xls,01ST
B0301ST,02,031,District - Solan (09),Urban,15-34,Non-workers_Seeking/availabe for work_Males,22,DDW-0200B-01ST-Census.xls,01ST
B0301ST,02,031,District - Solan (09),Urban,35-59,Non-workers_Seeking/availabe for work_Males,2,DDW-0200B-01ST-Census.xls,01ST
B0301ST,02,031,District - Solan (09),Urban,60+,Non-workers_Seeking/availabe for work_Males,0,DDW-0200B-01ST-Census.xls,01ST
B0301ST,02,031,District - Solan (09),Urban,Age not stated,Non-workers_Seeking/availabe for work_Males,0,DDW-0200B-01ST-Census.xls,01ST
B0301ST,02,031,District - Solan (09),Urban,15-59,Non-workers_Seeking/availabe for work_Males,24,DDW-0200B-01ST-Census.xls,01ST
B0301ST,02,032,District - Sirmaur (10),Total,Total,Non-workers_Seeking/availabe for work_Males,104,DDW-0200B-01ST-Census.xls,01ST
B0301ST,02,032,District - Sirmaur (10),Total,5-14,Non-workers_Seeking/availabe for work_Males,2,DDW-0200B-01ST-Census.xls,01ST
B0301ST,02,032,District - Sirmaur (10),Total,15-34,Non-workers_Seeking/availabe for work_Males,94,DDW-0200B-01ST-Census.xls,01ST
B0301ST,02,032,District - Sirmaur (10),Total,35-59,Non-workers_Seeking/availabe for work_Males,6,DDW-0200B-01ST-Census.xls,01ST
B0301ST,02,032,District - Sirmaur (10),Total,60+,Non-workers_Seeking/availabe for work_Males,2,DDW-0200B-01ST-Census.xls,01ST
B0301ST,02,032,District - Sirmaur (10),Total,Age not stated,Non-workers_Seeking/availabe for work_Males,0,DDW-0200B-01ST-Census.xls,01ST
B0301ST,02,032,District - Sirmaur (10),Total,15-59,Non-workers_Seeking/availabe for work_Males,100,DDW-0200B-01ST-Census.xls,01ST
B0301ST,02,032,District - Sirmaur (10),Rural,Total,Non-workers_Seeking/availabe for work_Males,101,DDW-0200B-01ST-Census.xls,01ST
B0301ST,02,032,District - Sirmaur (10),Rural,5-14,Non-workers_Seeking/availabe for work_Males,2,DDW-0200B-01ST-Census.xls,01ST
B0301ST,02,032,District - Sirmaur (10),Rural,15-34,Non-workers_Seeking/availabe for work_Males,91,DDW-0200B-01ST-Census.xls,01ST
B0301ST,02,032,District - Sirmaur (10),Rural,35-59,Non-workers_Seeking/availabe for work_Males,6,DDW-0200B-01ST-Census.xls,01ST
B0301ST,02,032,District - Sirmaur (10),Rural,60+,Non-workers_Seeking/availabe for work_Males,2,DDW-0200B-01ST-Census.xls,01ST
B0301ST,02,032,District - Sirmaur (10),Rural,Age not stated,Non-workers_Seeking/availabe for work_Males,0,DDW-0200B-01ST-Census.xls,01ST
B0301ST,02,032,District - Sirmaur (10),Rural,15-59,Non-workers_Seeking/availabe for work_Males,97,DDW-0200B-01ST-Census.xls,01ST
B0301ST,02,032,District - Sirmaur (10),Urban,Total,Non-workers_Seeking/availabe for work_Males,3,DDW-0200B-01ST-Census.xls,01ST
B0301ST,02,032,District - Sirmaur (10),Urban,5-14,Non-workers_Seeking/availabe for work_Males,0,DDW-0200B-01ST-Census.xls,01ST
B0301ST,02,032,District - Sirmaur (10),Urban,15-34,Non-workers_Seeking/availabe for work_Males,3,DDW-0200B-01ST-Census.xls,01ST
B0301ST,02,032,District - Sirmaur (10),Urban,35-59,Non-workers_Seeking/availabe for work_Males,0,DDW-0200B-01ST-Census.xls,01ST
B0301ST,02,032,District - Sirmaur (10),Urban,60+,Non-workers_Seeking/availabe for work_Males,0,DDW-0200B-01ST-Census.xls,01ST
B0301ST,02,032,District - Sirmaur (10),Urban,Age not stated,Non-workers_Seeking/availabe for work_Males,0,DDW-0200B-01ST-Census.xls,01ST
B0301ST,02,032,District - Sirmaur (10),Urban,15-59,Non-workers_Seeking/availabe for work_Males,3,DDW-0200B-01ST-Census.xls,01ST
B0301ST,02,033,District - Shimla (11),Total,Total,Non-workers_Seeking/availabe for work_Males,299,DDW-0200B-01ST-Census.xls,01ST
B0301ST,02,033,District - Shimla (11),Total,5-14,Non-workers_Seeking/availabe for work_Males,30,DDW-0200B-01ST-Census.xls,01ST
B0301ST,02,033,District - Shimla (11),Total,15-34,Non-workers_Seeking/availabe for work_Males,254,DDW-0200B-01ST-Census.xls,01ST
B0301ST,02,033,District - Shimla (11),Total,35-59,Non-workers_Seeking/availabe for work_Males,12,DDW-0200B-01ST-Census.xls,01ST
B0301ST,02,033,District - Shimla (11),Total,60+,Non-workers_Seeking/availabe for work_Males,2,DDW-0200B-01ST-Census.xls,01ST
B0301ST,02,033,District - Shimla (11),Total,Age not stated,Non-workers_Seeking/availabe for work_Males,1,DDW-0200B-01ST-Census.xls,01ST
B0301ST,02,033,District - Shimla (11),Total,15-59,Non-workers_Seeking/availabe for work_Males,266,DDW-0200B-01ST-Census.xls,01ST
B0301ST,02,033,District - Shimla (11),Rural,Total,Non-workers_Seeking/availabe for work_Males,114,DDW-0200B-01ST-Census.xls,01ST
B0301ST,02,033,District - Shimla (11),Rural,5-14,Non-workers_Seeking/availabe for work_Males,25,DDW-0200B-01ST-Census.xls,01ST
B0301ST,02,033,District - Shimla (11),Rural,15-34,Non-workers_Seeking/availabe for work_Males,77,DDW-0200B-01ST-Census.xls,01ST
B0301ST,02,033,District - Shimla (11),Rural,35-59,Non-workers_Seeking/availabe for work_Males,10,DDW-0200B-01ST-Census.xls,01ST
B0301ST,02,033,District - Shimla (11),Rural,60+,Non-workers_Seeking/availabe for work_Males,2,DDW-0200B-01ST-Census.xls,01ST
B0301ST,02,033,District - Shimla (11),Rural,Age not stated,Non-workers_Seeking/availabe for work_Males,0,DDW-0200B-01ST-Census.xls,01ST
B0301ST,02,033,District - Shimla (11),Rural,15-59,Non-workers_Seeking/availabe for work_Males,87,DDW-0200B-01ST-Census.xls,01ST
B0301ST,02,033,District - Shimla (11),Urban,Total,Non-workers_Seeking/availabe for work_Males,185,DDW-0200B-01ST-Census.xls,01ST
B0301ST,02,033,District - Shimla (11),Urban,5-14,Non-workers_Seeking/availabe for work_Males,5,DDW-0200B-01ST-Census.xls,01ST
B0301ST,02,033,District - Shimla (11),Urban,15-34,Non-workers_Seeking/availabe for work_Males,177,DDW-0200B-01ST-Census.xls,01ST
B0301ST,02,033,District - Shimla (11),Urban,35-59,Non-workers_Seeking/availabe for work_Males,2,DDW-0200B-01ST-Census.xls,01ST
B0301ST,02,033,District - Shimla (11),Urban,60+,Non-workers_Seeking/availabe for work_Males,0,DDW-0200B-01ST-Census.xls,01ST
B0301ST,02,033,District - Shimla (11),Urban,Age not stated,Non-workers_Seeking/availabe for work_Males,1,DDW-0200B-01ST-Census.xls,01ST
B0301ST,02,033,District - Shimla (11),Urban,15-59,Non-workers_Seeking/availabe for work_Males,179,DDW-0200B-01ST-Census.xls,01ST
B0301ST,02,034,District - Kinnaur (12),Total,Total,Non-workers_Seeking/availabe for work_Males,640,DDW-0200B-01ST-Census.xls,01ST
B0301ST,02,034,District - Kinnaur (12),Total,5-14,Non-workers_Seeking/availabe for work_Males,56,DDW-0200B-01ST-Census.xls,01ST
B0301ST,02,034,District - Kinnaur (12),Total,15-34,Non-workers_Seeking/availabe for work_Males,540,DDW-0200B-01ST-Census.xls,01ST
B0301ST,02,034,District - Kinnaur (12),Total,35-59,Non-workers_Seeking/availabe for work_Males,38,DDW-0200B-01ST-Census.xls,01ST
B0301ST,02,034,District - Kinnaur (12),Total,60+,Non-workers_Seeking/availabe for work_Males,6,DDW-0200B-01ST-Census.xls,01ST
B0301ST,02,034,District - Kinnaur (12),Total,Age not stated,Non-workers_Seeking/availabe for work_Males,0,DDW-0200B-01ST-Census.xls,01ST
B0301ST,02,034,District - Kinnaur (12),Total,15-59,Non-workers_Seeking/availabe for work_Males,578,DDW-0200B-01ST-Census.xls,01ST
B0301ST,02,034,District - Kinnaur (12),Rural,Total,Non-workers_Seeking/availabe for work_Males,640,DDW-0200B-01ST-Census.xls,01ST
B0301ST,02,034,District - Kinnaur (12),Rural,5-14,Non-workers_Seeking/availabe for work_Males,56,DDW-0200B-01ST-Census.xls,01ST
B0301ST,02,034,District - Kinnaur (12),Rural,15-34,Non-workers_Seeking/availabe for work_Males,540,DDW-0200B-01ST-Census.xls,01ST
B0301ST,02,034,District - Kinnaur (12),Rural,35-59,Non-workers_Seeking/availabe for work_Males,38,DDW-0200B-01ST-Census.xls,01ST
B0301ST,02,034,District - Kinnaur (12),Rural,60+,Non-workers_Seeking/availabe for work_Males,6,DDW-0200B-01ST-Census.xls,01ST
B0301ST,02,034,District - Kinnaur (12),Rural,Age not stated,Non-workers_Seeking/availabe for work_Males,0,DDW-0200B-01ST-Census.xls,01ST
B0301ST,02,034,District - Kinnaur (12),Rural,15-59,Non-workers_Seeking/availabe for work_Males,578,DDW-0200B-01ST-Census.xls,01ST
B0301ST,02,034,District - Kinnaur (12),Urban,Total,Non-workers_Seeking/availabe for work_Males,0,DDW-0200B-01ST-Census.xls,01ST
B0301ST,02,034,District - Kinnaur (12),Urban,5-14,Non-workers_Seeking/availabe for work_Males,0,DDW-0200B-01ST-Census.xls,01ST
B0301ST,02,034,District - Kinnaur (12),Urban,15-34,Non-workers_Seeking/availabe for work_Males,0,DDW-0200B-01ST-Census.xls,01ST
B0301ST,02,034,District - Kinnaur (12),Urban,35-59,Non-workers_Seeking/availabe for work_Males,0,DDW-0200B-01ST-Census.xls,01ST
B0301ST,02,034,District - Kinnaur (12),Urban,60+,Non-workers_Seeking/availabe for work_Males,0,DDW-0200B-01ST-Census.xls,01ST
B0301ST,02,034,District - Kinnaur (12),Urban,Age not stated,Non-workers_Seeking/availabe for work_Males,0,DDW-0200B-01ST-Census.xls,01ST
B0301ST,02,034,District - Kinnaur (12),Urban,15-59,Non-workers_Seeking/availabe for work_Males,0,DDW-0200B-01ST-Census.xls,01ST
B0301ST,02,000,State - HIMACHAL PRADESH (02),Total,Total,Non-workers_Seeking/availabe for work_Females,9711,DDW-0200B-01ST-Census.xls,01ST
B0301ST,02,000,State - HIMACHAL PRADESH (02),Total,5-14,Non-workers_Seeking/availabe for work_Females,405,DDW-0200B-01ST-Census.xls,01ST
B0301ST,02,000,State - HIMACHAL PRADESH (02),Total,15-34,Non-workers_Seeking/availabe for work_Females,7264,DDW-0200B-01ST-Census.xls,01ST
B0301ST,02,000,State - HIMACHAL PRADESH (02),Total,35-59,Non-workers_Seeking/availabe for work_Females,1813,DDW-0200B-01ST-Census.xls,01ST
B0301ST,02,000,State - HIMACHAL PRADESH (02),Total,60+,Non-workers_Seeking/availabe for work_Females,216,DDW-0200B-01ST-Census.xls,01ST
B0301ST,02,000,State - HIMACHAL PRADESH (02),Total,Age not stated,Non-workers_Seeking/availabe for work_Females,13,DDW-0200B-01ST-Census.xls,01ST
B0301ST,02,000,State - HIMACHAL PRADESH (02),Total,15-59,Non-workers_Seeking/availabe for work_Females,9077,DDW-0200B-01ST-Census.xls,01ST
B0301ST,02,000,State - HIMACHAL PRADESH (02),Rural,Total,Non-workers_Seeking/availabe for work_Females,8776,DDW-0200B-01ST-Census.xls,01ST
B0301ST,02,000,State - HIMACHAL PRADESH (02),Rural,5-14,Non-workers_Seeking/availabe for work_Females,375,DDW-0200B-01ST-Census.xls,01ST
B0301ST,02,000,State - HIMACHAL PRADESH (02),Rural,15-34,Non-workers_Seeking/availabe for work_Females,6519,DDW-0200B-01ST-Census.xls,01ST
B0301ST,02,000,State - HIMACHAL PRADESH (02),Rural,35-59,Non-workers_Seeking/availabe for work_Females,1663,DDW-0200B-01ST-Census.xls,01ST
B0301ST,02,000,State - HIMACHAL PRADESH (02),Rural,60+,Non-workers_Seeking/availabe for work_Females,207,DDW-0200B-01ST-Census.xls,01ST
B0301ST,02,000,State - HIMACHAL PRADESH (02),Rural,Age not stated,Non-workers_Seeking/availabe for work_Females,12,DDW-0200B-01ST-Census.xls,01ST
B0301ST,02,000,State - HIMACHAL PRADESH (02),Rural,15-59,Non-workers_Seeking/availabe for work_Females,8182,DDW-0200B-01ST-Census.xls,01ST
B0301ST,02,000,State - HIMACHAL PRADESH (02),Urban,Total,Non-workers_Seeking/availabe for work_Females,935,DDW-0200B-01ST-Census.xls,01ST
B0301ST,02,000,State - HIMACHAL PRADESH (02),Urban,5-14,Non-workers_Seeking/availabe for work_Females,30,DDW-0200B-01ST-Census.xls,01ST
B0301ST,02,000,State - HIMACHAL PRADESH (02),Urban,15-34,Non-workers_Seeking/availabe for work_Females,745,DDW-0200B-01ST-Census.xls,01ST
B0301ST,02,000,State - HIMACHAL PRADESH (02),Urban,35-59,Non-workers_Seeking/availabe for work_Females,150,DDW-0200B-01ST-Census.xls,01ST
B0301ST,02,000,State - HIMACHAL PRADESH (02),Urban,60+,Non-workers_Seeking/availabe for work_Females,9,DDW-0200B-01ST-Census.xls,01ST
B0301ST,02,000,State - HIMACHAL PRADESH (02),Urban,Age not stated,Non-workers_Seeking/availabe for work_Females,1,DDW-0200B-01ST-Census.xls,01ST
B0301ST,02,000,State - HIMACHAL PRADESH (02),Urban,15-59,Non-workers_Seeking/availabe for work_Females,895,DDW-0200B-01ST-Census.xls,01ST
B0301ST,02,023,District - Chamba (01),Total,Total,Non-workers_Seeking/availabe for work_Females,2172,DDW-0200B-01ST-Census.xls,01ST
B0301ST,02,023,District - Chamba (01),Total,5-14,Non-workers_Seeking/availabe for work_Females,120,DDW-0200B-01ST-Census.xls,01ST
B0301ST,02,023,District - Chamba (01),Total,15-34,Non-workers_Seeking/availabe for work_Females,1607,DDW-0200B-01ST-Census.xls,01ST
B0301ST,02,023,District - Chamba (01),Total,35-59,Non-workers_Seeking/availabe for work_Females,380,DDW-0200B-01ST-Census.xls,01ST
B0301ST,02,023,District - Chamba (01),Total,60+,Non-workers_Seeking/availabe for work_Females,62,DDW-0200B-01ST-Census.xls,01ST
B0301ST,02,023,District - Chamba (01),Total,Age not stated,Non-workers_Seeking/availabe for work_Females,3,DDW-0200B-01ST-Census.xls,01ST
B0301ST,02,023,District - Chamba (01),Total,15-59,Non-workers_Seeking/availabe for work_Females,1987,DDW-0200B-01ST-Census.xls,01ST
B0301ST,02,023,District - Chamba (01),Rural,Total,Non-workers_Seeking/availabe for work_Females,2040,DDW-0200B-01ST-Census.xls,01ST
B0301ST,02,023,District - Chamba (01),Rural,5-14,Non-workers_Seeking/availabe for work_Females,118,DDW-0200B-01ST-Census.xls,01ST
B0301ST,02,023,District - Chamba (01),Rural,15-34,Non-workers_Seeking/availabe for work_Females,1495,DDW-0200B-01ST-Census.xls,01ST
B0301ST,02,023,District - Chamba (01),Rural,35-59,Non-workers_Seeking/availabe for work_Females,363,DDW-0200B-01ST-Census.xls,01ST
B0301ST,02,023,District - Chamba (01),Rural,60+,Non-workers_Seeking/availabe for work_Females,61,DDW-0200B-01ST-Census.xls,01ST
B0301ST,02,023,District - Chamba (01),Rural,Age not stated,Non-workers_Seeking/availabe for work_Females,3,DDW-0200B-01ST-Census.xls,01ST
B0301ST,02,023,District - Chamba (01),Rural,15-59,Non-workers_Seeking/availabe for work_Females,1858,DDW-0200B-01ST-Census.xls,01ST
B0301ST,02,023,District - Chamba (01),Urban,Total,Non-workers_Seeking/availabe for work_Females,132,DDW-0200B-01ST-Census.xls,01ST
B0301ST,02,023,District - Chamba (01),Urban,5-14,Non-workers_Seeking/availabe for work_Females,2,DDW-0200B-01ST-Census.xls,01ST
B0301ST,02,023,District - Chamba (01),Urban,15-34,Non-workers_Seeking/availabe for work_Females,112,DDW-0200B-01ST-Census.xls,01ST
B0301ST,02,023,District - Chamba (01),Urban,35-59,Non-workers_Seeking/availabe for work_Females,17,DDW-0200B-01ST-Census.xls,01ST
B0301ST,02,023,District - Chamba (01),Urban,60+,Non-workers_Seeking/availabe for work_Females,1,DDW-0200B-01ST-Census.xls,01ST
B0301ST,02,023,District - Chamba (01),Urban,Age not stated,Non-workers_Seeking/availabe for work_Females,0,DDW-0200B-01ST-Census.xls,01ST
B0301ST,02,023,District - Chamba (01),Urban,15-59,Non-workers_Seeking/availabe for work_Females,129,DDW-0200B-01ST-Census.xls,01ST
B0301ST,02,024,District - Kangra (02),Total,Total,Non-workers_Seeking/availabe for work_Females,3651,DDW-0200B-01ST-Census.xls,01ST
B0301ST,02,024,District - Kangra (02),Total,5-14,Non-workers_Seeking/availabe for work_Females,107,DDW-0200B-01ST-Census.xls,01ST
B0301ST,02,024,District - Kangra (02),Total,15-34,Non-workers_Seeking/availabe for work_Females,2639,DDW-0200B-01ST-Census.xls,01ST
B0301ST,02,024,District - Kangra (02),Total,35-59,Non-workers_Seeking/availabe for work_Females,820,DDW-0200B-01ST-Census.xls,01ST
B0301ST,02,024,District - Kangra (02),Total,60+,Non-workers_Seeking/availabe for work_Females,80,DDW-0200B-01ST-Census.xls,01ST
B0301ST,02,024,District - Kangra (02),Total,Age not stated,Non-workers_Seeking/availabe for work_Females,5,DDW-0200B-01ST-Census.xls,01ST
B0301ST,02,024,District - Kangra (02),Total,15-59,Non-workers_Seeking/availabe for work_Females,3459,DDW-0200B-01ST-Census.xls,01ST
B0301ST,02,024,District - Kangra (02),Rural,Total,Non-workers_Seeking/availabe for work_Females,3490,DDW-0200B-01ST-Census.xls,01ST
B0301ST,02,024,District - Kangra (02),Rural,5-14,Non-workers_Seeking/availabe for work_Females,100,DDW-0200B-01ST-Census.xls,01ST
B0301ST,02,024,District - Kangra (02),Rural,15-34,Non-workers_Seeking/availabe for work_Females,2506,DDW-0200B-01ST-Census.xls,01ST
B0301ST,02,024,District - Kangra (02),Rural,35-59,Non-workers_Seeking/availabe for work_Females,800,DDW-0200B-01ST-Census.xls,01ST
B0301ST,02,024,District - Kangra (02),Rural,60+,Non-workers_Seeking/availabe for work_Females,80,DDW-0200B-01ST-Census.xls,01ST
B0301ST,02,024,District - Kangra (02),Rural,Age not stated,Non-workers_Seeking/availabe for work_Females,4,DDW-0200B-01ST-Census.xls,01ST
B0301ST,02,024,District - Kangra (02),Rural,15-59,Non-workers_Seeking/availabe for work_Females,3306,DDW-0200B-01ST-Census.xls,01ST
B0301ST,02,024,District - Kangra (02),Urban,Total,Non-workers_Seeking/availabe for work_Females,161,DDW-0200B-01ST-Census.xls,01ST
B0301ST,02,024,District - Kangra (02),Urban,5-14,Non-workers_Seeking/availabe for work_Females,7,DDW-0200B-01ST-Census.xls,01ST
B0301ST,02,024,District - Kangra (02),Urban,15-34,Non-workers_Seeking/availabe for work_Females,133,DDW-0200B-01ST-Census.xls,01ST
B0301ST,02,024,District - Kangra (02),Urban,35-59,Non-workers_Seeking/availabe for work_Females,20,DDW-0200B-01ST-Census.xls,01ST
B0301ST,02,024,District - Kangra (02),Urban,60+,Non-workers_Seeking/availabe for work_Females,0,DDW-0200B-01ST-Census.xls,01ST
B0301ST,02,024,District - Kangra (02),Urban,Age not stated,Non-workers_Seeking/availabe for work_Females,1,DDW-0200B-01ST-Census.xls,01ST
B0301ST,02,024,District - Kangra (02),Urban,15-59,Non-workers_Seeking/availabe for work_Females,153,DDW-0200B-01ST-Census.xls,01ST
B0301ST,02,025,District - Lahul & Spiti (03),Total,Total,Non-workers_Seeking/availabe for work_Females,704,DDW-0200B-01ST-Census.xls,01ST
B0301ST,02,025,District - Lahul & Spiti (03),Total,5-14,Non-workers_Seeking/availabe for work_Females,35,DDW-0200B-01ST-Census.xls,01ST
B0301ST,02,025,District - Lahul & Spiti (03),Total,15-34,Non-workers_Seeking/availabe for work_Females,565,DDW-0200B-01ST-Census.xls,01ST
B0301ST,02,025,District - Lahul & Spiti (03),Total,35-59,Non-workers_Seeking/availabe for work_Females,88,DDW-0200B-01ST-Census.xls,01ST
B0301ST,02,025,District - Lahul & Spiti (03),Total,60+,Non-workers_Seeking/availabe for work_Females,13,DDW-0200B-01ST-Census.xls,01ST
B0301ST,02,025,District - Lahul & Spiti (03),Total,Age not stated,Non-workers_Seeking/availabe for work_Females,3,DDW-0200B-01ST-Census.xls,01ST
B0301ST,02,025,District - Lahul & Spiti (03),Total,15-59,Non-workers_Seeking/availabe for work_Females,653,DDW-0200B-01ST-Census.xls,01ST
B0301ST,02,025,District - Lahul & Spiti (03),Rural,Total,Non-workers_Seeking/availabe for work_Females,704,DDW-0200B-01ST-Census.xls,01ST
B0301ST,02,025,District - Lahul & Spiti (03),Rural,5-14,Non-workers_Seeking/availabe for work_Females,35,DDW-0200B-01ST-Census.xls,01ST
B0301ST,02,025,District - Lahul & Spiti (03),Rural,15-34,Non-workers_Seeking/availabe for work_Females,565,DDW-0200B-01ST-Census.xls,01ST
B0301ST,02,025,District - Lahul & Spiti (03),Rural,35-59,Non-workers_Seeking/availabe for work_Females,88,DDW-0200B-01ST-Census.xls,01ST
B0301ST,02,025,District - Lahul & Spiti (03),Rural,60+,Non-workers_Seeking/availabe for work_Females,13,DDW-0200B-01ST-Census.xls,01ST
B0301ST,02,025,District - Lahul & Spiti (03),Rural,Age not stated,Non-workers_Seeking/availabe for work_Females,3,DDW-0200B-01ST-Census.xls,01ST
B0301ST,02,025,District - Lahul & Spiti (03),Rural,15-59,Non-workers_Seeking/availabe for work_Females,653,DDW-0200B-01ST-Census.xls,01ST
B0301ST,02,025,District - Lahul & Spiti (03),Urban,Total,Non-workers_Seeking/availabe for work_Females,0,DDW-0200B-01ST-Census.xls,01ST
B0301ST,02,025,District - Lahul & Spiti (03),Urban,5-14,Non-workers_Seeking/availabe for work_Females,0,DDW-0200B-01ST-Census.xls,01ST
B0301ST,02,025,District - Lahul & Spiti (03),Urban,15-34,Non-workers_Seeking/availabe for work_Females,0,DDW-0200B-01ST-Census.xls,01ST
B0301ST,02,025,District - Lahul & Spiti (03),Urban,35-59,Non-workers_Seeking/availabe for work_Females,0,DDW-0200B-01ST-Census.xls,01ST
B0301ST,02,025,District - Lahul & Spiti (03),Urban,60+,Non-workers_Seeking/availabe for work_Females,0,DDW-0200B-01ST-Census.xls,01ST
B0301ST,02,025,District - Lahul & Spiti (03),Urban,Age not stated,Non-workers_Seeking/availabe for work_Females,0,DDW-0200B-01ST-Census.xls,01ST
B0301ST,02,025,District - Lahul & Spiti (03),Urban,15-59,Non-workers_Seeking/availabe for work_Females,0,DDW-0200B-01ST-Census.xls,01ST
B0301ST,02,026,District - Kullu (04),Total,Total,Non-workers_Seeking/availabe for work_Females,759,DDW-0200B-01ST-Census.xls,01ST
B0301ST,02,026,District - Kullu (04),Total,5-14,Non-workers_Seeking/availabe for work_Females,23,DDW-0200B-01ST-Census.xls,01ST
B0301ST,02,026,District - Kullu (04),Total,15-34,Non-workers_Seeking/availabe for work_Females,547,DDW-0200B-01ST-Census.xls,01ST
B0301ST,02,026,District - Kullu (04),Total,35-59,Non-workers_Seeking/availabe for work_Females,172,DDW-0200B-01ST-Census.xls,01ST
B0301ST,02,026,District - Kullu (04),Total,60+,Non-workers_Seeking/availabe for work_Females,17,DDW-0200B-01ST-Census.xls,01ST
B0301ST,02,026,District - Kullu (04),Total,Age not stated,Non-workers_Seeking/availabe for work_Females,0,DDW-0200B-01ST-Census.xls,01ST
B0301ST,02,026,District - Kullu (04),Total,15-59,Non-workers_Seeking/availabe for work_Females,719,DDW-0200B-01ST-Census.xls,01ST
B0301ST,02,026,District - Kullu (04),Rural,Total,Non-workers_Seeking/availabe for work_Females,445,DDW-0200B-01ST-Census.xls,01ST
B0301ST,02,026,District - Kullu (04),Rural,5-14,Non-workers_Seeking/availabe for work_Females,18,DDW-0200B-01ST-Census.xls,01ST
B0301ST,02,026,District - Kullu (04),Rural,15-34,Non-workers_Seeking/availabe for work_Females,326,DDW-0200B-01ST-Census.xls,01ST
B0301ST,02,026,District - Kullu (04),Rural,35-59,Non-workers_Seeking/availabe for work_Females,92,DDW-0200B-01ST-Census.xls,01ST
B0301ST,02,026,District - Kullu (04),Rural,60+,Non-workers_Seeking/availabe for work_Females,9,DDW-0200B-01ST-Census.xls,01ST
B0301ST,02,026,District - Kullu (04),Rural,Age not stated,Non-workers_Seeking/availabe for work_Females,0,DDW-0200B-01ST-Census.xls,01ST
B0301ST,02,026,District - Kullu (04),Rural,15-59,Non-workers_Seeking/availabe for work_Females,418,DDW-0200B-01ST-Census.xls,01ST
B0301ST,02,026,District - Kullu (04),Urban,Total,Non-workers_Seeking/availabe for work_Females,314,DDW-0200B-01ST-Census.xls,01ST
B0301ST,02,026,District - Kullu (04),Urban,5-14,Non-workers_Seeking/availabe for work_Females,5,DDW-0200B-01ST-Census.xls,01ST
B0301ST,02,026,District - Kullu (04),Urban,15-34,Non-workers_Seeking/availabe for work_Females,221,DDW-0200B-01ST-Census.xls,01ST
B0301ST,02,026,District - Kullu (04),Urban,35-59,Non-workers_Seeking/availabe for work_Females,80,DDW-0200B-01ST-Census.xls,01ST
B0301ST,02,026,District - Kullu (04),Urban,60+,Non-workers_Seeking/availabe for work_Females,8,DDW-0200B-01ST-Census.xls,01ST
B0301ST,02,026,District - Kullu (04),Urban,Age not stated,Non-workers_Seeking/availabe for work_Females,0,DDW-0200B-01ST-Census.xls,01ST
B0301ST,02,026,District - Kullu (04),Urban,15-59,Non-workers_Seeking/availabe for work_Females,301,DDW-0200B-01ST-Census.xls,01ST
B0301ST,02,027,District - Mandi (05),Total,Total,Non-workers_Seeking/availabe for work_Females,226,DDW-0200B-01ST-Census.xls,01ST
B0301ST,02,027,District - Mandi (05),Total,5-14,Non-workers_Seeking/availabe for work_Females,16,DDW-0200B-01ST-Census.xls,01ST
B0301ST,02,027,District - Mandi (05),Total,15-34,Non-workers_Seeking/availabe for work_Females,158,DDW-0200B-01ST-Census.xls,01ST
B0301ST,02,027,District - Mandi (05),Total,35-59,Non-workers_Seeking/availabe for work_Females,45,DDW-0200B-01ST-Census.xls,01ST
B0301ST,02,027,District - Mandi (05),Total,60+,Non-workers_Seeking/availabe for work_Females,7,DDW-0200B-01ST-Census.xls,01ST
B0301ST,02,027,District - Mandi (05),Total,Age not stated,Non-workers_Seeking/availabe for work_Females,0,DDW-0200B-01ST-Census.xls,01ST
B0301ST,02,027,District - Mandi (05),Total,15-59,Non-workers_Seeking/availabe for work_Females,203,DDW-0200B-01ST-Census.xls,01ST
B0301ST,02,027,District - Mandi (05),Rural,Total,Non-workers_Seeking/availabe for work_Females,192,DDW-0200B-01ST-Census.xls,01ST
B0301ST,02,027,District - Mandi (05),Rural,5-14,Non-workers_Seeking/availabe for work_Females,11,DDW-0200B-01ST-Census.xls,01ST
B0301ST,02,027,District - Mandi (05),Rural,15-34,Non-workers_Seeking/availabe for work_Females,132,DDW-0200B-01ST-Census.xls,01ST
B0301ST,02,027,District - Mandi (05),Rural,35-59,Non-workers_Seeking/availabe for work_Females,42,DDW-0200B-01ST-Census.xls,01ST
B0301ST,02,027,District - Mandi (05),Rural,60+,Non-workers_Seeking/availabe for work_Females,7,DDW-0200B-01ST-Census.xls,01ST
B0301ST,02,027,District - Mandi (05),Rural,Age not stated,Non-workers_Seeking/availabe for work_Females,0,DDW-0200B-01ST-Census.xls,01ST
B0301ST,02,027,District - Mandi (05),Rural,15-59,Non-workers_Seeking/availabe for work_Females,174,DDW-0200B-01ST-Census.xls,01ST
B0301ST,02,027,District - Mandi (05),Urban,Total,Non-workers_Seeking/availabe for work_Females,34,DDW-0200B-01ST-Census.xls,01ST
B0301ST,02,027,District - Mandi (05),Urban,5-14,Non-workers_Seeking/availabe for work_Females,5,DDW-0200B-01ST-Census.xls,01ST
B0301ST,02,027,District - Mandi (05),Urban,15-34,Non-workers_Seeking/availabe for work_Females,26,DDW-0200B-01ST-Census.xls,01ST
B0301ST,02,027,District - Mandi (05),Urban,35-59,Non-workers_Seeking/availabe for work_Females,3,DDW-0200B-01ST-Census.xls,01ST
B0301ST,02,027,District - Mandi (05),Urban,60+,Non-workers_Seeking/availabe for work_Females,0,DDW-0200B-01ST-Census.xls,01ST
B0301ST,02,027,District - Mandi (05),Urban,Age not stated,Non-workers_Seeking/availabe for work_Females,0,DDW-0200B-01ST-Census.xls,01ST
B0301ST,02,027,District - Mandi (05),Urban,15-59,Non-workers_Seeking/availabe for work_Females,29,DDW-0200B-01ST-Census.xls,01ST
B0301ST,02,028,District - Hamirpur (06),Total,Total,Non-workers_Seeking/availabe for work_Females,59,DDW-0200B-01ST-Census.xls,01ST
B0301ST,02,028,District - Hamirpur (06),Total,5-14,Non-workers_Seeking/availabe for work_Females,1,DDW-0200B-01ST-Census.xls,01ST
B0301ST,02,028,District - Hamirpur (06),Total,15-34,Non-workers_Seeking/availabe for work_Females,43,DDW-0200B-01ST-Census.xls,01ST
B0301ST,02,028,District - Hamirpur (06),Total,35-59,Non-workers_Seeking/availabe for work_Females,13,DDW-0200B-01ST-Census.xls,01ST
B0301ST,02,028,District - Hamirpur (06),Total,60+,Non-workers_Seeking/availabe for work_Females,2,DDW-0200B-01ST-Census.xls,01ST
B0301ST,02,028,District - Hamirpur (06),Total,Age not stated,Non-workers_Seeking/availabe for work_Females,0,DDW-0200B-01ST-Census.xls,01ST
B0301ST,02,028,District - Hamirpur (06),Total,15-59,Non-workers_Seeking/availabe for work_Females,56,DDW-0200B-01ST-Census.xls,01ST
B0301ST,02,028,District - Hamirpur (06),Rural,Total,Non-workers_Seeking/availabe for work_Females,46,DDW-0200B-01ST-Census.xls,01ST
B0301ST,02,028,District - Hamirpur (06),Rural,5-14,Non-workers_Seeking/availabe for work_Females,1,DDW-0200B-01ST-Census.xls,01ST
B0301ST,02,028,District - Hamirpur (06),Rural,15-34,Non-workers_Seeking/availabe for work_Females,30,DDW-0200B-01ST-Census.xls,01ST
B0301ST,02,028,District - Hamirpur (06),Rural,35-59,Non-workers_Seeking/availabe for work_Females,13,DDW-0200B-01ST-Census.xls,01ST
B0301ST,02,028,District - Hamirpur (06),Rural,60+,Non-workers_Seeking/availabe for work_Females,2,DDW-0200B-01ST-Census.xls,01ST
B0301ST,02,028,District - Hamirpur (06),Rural,Age not stated,Non-workers_Seeking/availabe for work_Females,0,DDW-0200B-01ST-Census.xls,01ST
B0301ST,02,028,District - Hamirpur (06),Rural,15-59,Non-workers_Seeking/availabe for work_Females,43,DDW-0200B-01ST-Census.xls,01ST
B0301ST,02,028,District - Hamirpur (06),Urban,Total,Non-workers_Seeking/availabe for work_Females,13,DDW-0200B-01ST-Census.xls,01ST
B0301ST,02,028,District - Hamirpur (06),Urban,5-14,Non-workers_Seeking/availabe for work_Females,0,DDW-0200B-01ST-Census.xls,01ST
B0301ST,02,028,District - Hamirpur (06),Urban,15-34,Non-workers_Seeking/availabe for work_Females,13,DDW-0200B-01ST-Census.xls,01ST
B0301ST,02,028,District - Hamirpur (06),Urban,35-59,Non-workers_Seeking/availabe for work_Females,0,DDW-0200B-01ST-Census.xls,01ST
B0301ST,02,028,District - Hamirpur (06),Urban,60+,Non-workers_Seeking/availabe for work_Females,0,DDW-0200B-01ST-Census.xls,01ST
B0301ST,02,028,District - Hamirpur (06),Urban,Age not stated,Non-workers_Seeking/availabe for work_Females,0,DDW-0200B-01ST-Census.xls,01ST
B0301ST,02,028,District - Hamirpur (06),Urban,15-59,Non-workers_Seeking/availabe for work_Females,13,DDW-0200B-01ST-Census.xls,01ST
B0301ST,02,029,District - Una (07),Total,Total,Non-workers_Seeking/availabe for work_Females,165,DDW-0200B-01ST-Census.xls,01ST
B0301ST,02,029,District - Una (07),Total,5-14,Non-workers_Seeking/availabe for work_Females,0,DDW-0200B-01ST-Census.xls,01ST
B0301ST,02,029,District - Una (07),Total,15-34,Non-workers_Seeking/availabe for work_Females,142,DDW-0200B-01ST-Census.xls,01ST
B0301ST,02,029,District - Una (07),Total,35-59,Non-workers_Seeking/availabe for work_Females,22,DDW-0200B-01ST-Census.xls,01ST
B0301ST,02,029,District - Una (07),Total,60+,Non-workers_Seeking/availabe for work_Females,1,DDW-0200B-01ST-Census.xls,01ST
B0301ST,02,029,District - Una (07),Total,Age not stated,Non-workers_Seeking/availabe for work_Females,0,DDW-0200B-01ST-Census.xls,01ST
B0301ST,02,029,District - Una (07),Total,15-59,Non-workers_Seeking/availabe for work_Females,164,DDW-0200B-01ST-Census.xls,01ST
B0301ST,02,029,District - Una (07),Rural,Total,Non-workers_Seeking/availabe for work_Females,163,DDW-0200B-01ST-Census.xls,01ST
B0301ST,02,029,District - Una (07),Rural,5-14,Non-workers_Seeking/availabe for work_Females,0,DDW-0200B-01ST-Census.xls,01ST
B0301ST,02,029,District - Una (07),Rural,15-34,Non-workers_Seeking/availabe for work_Females,140,DDW-0200B-01ST-Census.xls,01ST
B0301ST,02,029,District - Una (07),Rural,35-59,Non-workers_Seeking/availabe for work_Females,22,DDW-0200B-01ST-Census.xls,01ST
B0301ST,02,029,District - Una (07),Rural,60+,Non-workers_Seeking/availabe for work_Females,1,DDW-0200B-01ST-Census.xls,01ST
B0301ST,02,029,District - Una (07),Rural,Age not stated,Non-workers_Seeking/availabe for work_Females,0,DDW-0200B-01ST-Census.xls,01ST
B0301ST,02,029,District - Una (07),Rural,15-59,Non-workers_Seeking/availabe for work_Females,162,DDW-0200B-01ST-Census.xls,01ST
B0301ST,02,029,District - Una (07),Urban,Total,Non-workers_Seeking/availabe for work_Females,2,DDW-0200B-01ST-Census.xls,01ST
B0301ST,02,029,District - Una (07),Urban,5-14,Non-workers_Seeking/availabe for work_Females,0,DDW-0200B-01ST-Census.xls,01ST
B0301ST,02,029,District - Una (07),Urban,15-34,Non-workers_Seeking/availabe for work_Females,2,DDW-0200B-01ST-Census.xls,01ST
B0301ST,02,029,District - Una (07),Urban,35-59,Non-workers_Seeking/availabe for work_Females,0,DDW-0200B-01ST-Census.xls,01ST
B0301ST,02,029,District - Una (07),Urban,60+,Non-workers_Seeking/availabe for work_Females,0,DDW-0200B-01ST-Census.xls,01ST
B0301ST,02,029,District - Una (07),Urban,Age not stated,Non-workers_Seeking/availabe for work_Females,0,DDW-0200B-01ST-Census.xls,01ST
B0301ST,02,029,District - Una (07),Urban,15-59,Non-workers_Seeking/availabe for work_Females,2,DDW-0200B-01ST-Census.xls,01ST
B0301ST,02,030,District - Bilaspur (08),Total,Total,Non-workers_Seeking/availabe for work_Females,285,DDW-0200B-01ST-Census.xls,01ST
B0301ST,02,030,District - Bilaspur (08),Total,5-14,Non-workers_Seeking/availabe for work_Females,5,DDW-0200B-01ST-Census.xls,01ST
B0301ST,02,030,District - Bilaspur (08),Total,15-34,Non-workers_Seeking/availabe for work_Females,225,DDW-0200B-01ST-Census.xls,01ST
B0301ST,02,030,District - Bilaspur (08),Total,35-59,Non-workers_Seeking/availabe for work_Females,49,DDW-0200B-01ST-Census.xls,01ST
B0301ST,02,030,District - Bilaspur (08),Total,60+,Non-workers_Seeking/availabe for work_Females,6,DDW-0200B-01ST-Census.xls,01ST
B0301ST,02,030,District - Bilaspur (08),Total,Age not stated,Non-workers_Seeking/availabe for work_Females,0,DDW-0200B-01ST-Census.xls,01ST
B0301ST,02,030,District - Bilaspur (08),Total,15-59,Non-workers_Seeking/availabe for work_Females,274,DDW-0200B-01ST-Census.xls,01ST
B0301ST,02,030,District - Bilaspur (08),Rural,Total,Non-workers_Seeking/availabe for work_Females,276,DDW-0200B-01ST-Census.xls,01ST
B0301ST,02,030,District - Bilaspur (08),Rural,5-14,Non-workers_Seeking/availabe for work_Females,5,DDW-0200B-01ST-Census.xls,01ST
B0301ST,02,030,District - Bilaspur (08),Rural,15-34,Non-workers_Seeking/availabe for work_Females,220,DDW-0200B-01ST-Census.xls,01ST
B0301ST,02,030,District - Bilaspur (08),Rural,35-59,Non-workers_Seeking/availabe for work_Females,45,DDW-0200B-01ST-Census.xls,01ST
B0301ST,02,030,District - Bilaspur (08),Rural,60+,Non-workers_Seeking/availabe for work_Females,6,DDW-0200B-01ST-Census.xls,01ST
B0301ST,02,030,District - Bilaspur (08),Rural,Age not stated,Non-workers_Seeking/availabe for work_Females,0,DDW-0200B-01ST-Census.xls,01ST
B0301ST,02,030,District - Bilaspur (08),Rural,15-59,Non-workers_Seeking/availabe for work_Females,265,DDW-0200B-01ST-Census.xls,01ST
B0301ST,02,030,District - Bilaspur (08),Urban,Total,Non-workers_Seeking/availabe for work_Females,9,DDW-0200B-01ST-Census.xls,01ST
B0301ST,02,030,District - Bilaspur (08),Urban,5-14,Non-workers_Seeking/availabe for work_Females,0,DDW-0200B-01ST-Census.xls,01ST
B0301ST,02,030,District - Bilaspur (08),Urban,15-34,Non-workers_Seeking/availabe for work_Females,5,DDW-0200B-01ST-Census.xls,01ST
B0301ST,02,030,District - Bilaspur (08),Urban,35-59,Non-workers_Seeking/availabe for work_Females,4,DDW-0200B-01ST-Census.xls,01ST
B0301ST,02,030,District - Bilaspur (08),Urban,60+,Non-workers_Seeking/availabe for work_Females,0,DDW-0200B-01ST-Census.xls,01ST
B0301ST,02,030,District - Bilaspur (08),Urban,Age not stated,Non-workers_Seeking/availabe for work_Females,0,DDW-0200B-01ST-Census.xls,01ST
B0301ST,02,030,District - Bilaspur (08),Urban,15-59,Non-workers_Seeking/availabe for work_Females,9,DDW-0200B-01ST-Census.xls,01ST
B0301ST,02,031,District - Solan (09),Total,Total,Non-workers_Seeking/availabe for work_Females,438,DDW-0200B-01ST-Census.xls,01ST
B0301ST,02,031,District - Solan (09),Total,5-14,Non-workers_Seeking/availabe for work_Females,16,DDW-0200B-01ST-Census.xls,01ST
B0301ST,02,031,District - Solan (09),Total,15-34,Non-workers_Seeking/availabe for work_Females,318,DDW-0200B-01ST-Census.xls,01ST
B0301ST,02,031,District - Solan (09),Total,35-59,Non-workers_Seeking/availabe for work_Females,91,DDW-0200B-01ST-Census.xls,01ST
B0301ST,02,031,District - Solan (09),Total,60+,Non-workers_Seeking/availabe for work_Females,12,DDW-0200B-01ST-Census.xls,01ST
B0301ST,02,031,District - Solan (09),Total,Age not stated,Non-workers_Seeking/availabe for work_Females,1,DDW-0200B-01ST-Census.xls,01ST
B0301ST,02,031,District - Solan (09),Total,15-59,Non-workers_Seeking/availabe for work_Females,409,DDW-0200B-01ST-Census.xls,01ST
B0301ST,02,031,District - Solan (09),Rural,Total,Non-workers_Seeking/availabe for work_Females,393,DDW-0200B-01ST-Census.xls,01ST
B0301ST,02,031,District - Solan (09),Rural,5-14,Non-workers_Seeking/availabe for work_Females,14,DDW-0200B-01ST-Census.xls,01ST
B0301ST,02,031,District - Solan (09),Rural,15-34,Non-workers_Seeking/availabe for work_Females,281,DDW-0200B-01ST-Census.xls,01ST
B0301ST,02,031,District - Solan (09),Rural,35-59,Non-workers_Seeking/availabe for work_Females,85,DDW-0200B-01ST-Census.xls,01ST
B0301ST,02,031,District - Solan (09),Rural,60+,Non-workers_Seeking/availabe for work_Females,12,DDW-0200B-01ST-Census.xls,01ST
B0301ST,02,031,District - Solan (09),Rural,Age not stated,Non-workers_Seeking/availabe for work_Females,1,DDW-0200B-01ST-Census.xls,01ST
B0301ST,02,031,District - Solan (09),Rural,15-59,Non-workers_Seeking/availabe for work_Females,366,DDW-0200B-01ST-Census.xls,01ST
B0301ST,02,031,District - Solan (09),Urban,Total,Non-workers_Seeking/availabe for work_Females,45,DDW-0200B-01ST-Census.xls,01ST
B0301ST,02,031,District - Solan (09),Urban,5-14,Non-workers_Seeking/availabe for work_Females,2,DDW-0200B-01ST-Census.xls,01ST
B0301ST,02,031,District - Solan (09),Urban,15-34,Non-workers_Seeking/availabe for work_Females,37,DDW-0200B-01ST-Census.xls,01ST
B0301ST,02,031,District - Solan (09),Urban,35-59,Non-workers_Seeking/availabe for work_Females,6,DDW-0200B-01ST-Census.xls,01ST
B0301ST,02,031,District - Solan (09),Urban,60+,Non-workers_Seeking/availabe for work_Females,0,DDW-0200B-01ST-Census.xls,01ST
B0301ST,02,031,District - Solan (09),Urban,Age not stated,Non-workers_Seeking/availabe for work_Females,0,DDW-0200B-01ST-Census.xls,01ST
B0301ST,02,031,District - Solan (09),Urban,15-59,Non-workers_Seeking/availabe for work_Females,43,DDW-0200B-01ST-Census.xls,01ST
B0301ST,02,032,District - Sirmaur (10),Total,Total,Non-workers_Seeking/availabe for work_Females,190,DDW-0200B-01ST-Census.xls,01ST
B0301ST,02,032,District - Sirmaur (10),Total,5-14,Non-workers_Seeking/availabe for work_Females,6,DDW-0200B-01ST-Census.xls,01ST
B0301ST,02,032,District - Sirmaur (10),Total,15-34,Non-workers_Seeking/availabe for work_Females,155,DDW-0200B-01ST-Census.xls,01ST
B0301ST,02,032,District - Sirmaur (10),Total,35-59,Non-workers_Seeking/availabe for work_Females,28,DDW-0200B-01ST-Census.xls,01ST
B0301ST,02,032,District - Sirmaur (10),Total,60+,Non-workers_Seeking/availabe for work_Females,1,DDW-0200B-01ST-Census.xls,01ST
B0301ST,02,032,District - Sirmaur (10),Total,Age not stated,Non-workers_Seeking/availabe for work_Females,0,DDW-0200B-01ST-Census.xls,01ST
B0301ST,02,032,District - Sirmaur (10),Total,15-59,Non-workers_Seeking/availabe for work_Females,183,DDW-0200B-01ST-Census.xls,01ST
B0301ST,02,032,District - Sirmaur (10),Rural,Total,Non-workers_Seeking/availabe for work_Females,175,DDW-0200B-01ST-Census.xls,01ST
B0301ST,02,032,District - Sirmaur (10),Rural,5-14,Non-workers_Seeking/availabe for work_Females,6,DDW-0200B-01ST-Census.xls,01ST
B0301ST,02,032,District - Sirmaur (10),Rural,15-34,Non-workers_Seeking/availabe for work_Females,142,DDW-0200B-01ST-Census.xls,01ST
B0301ST,02,032,District - Sirmaur (10),Rural,35-59,Non-workers_Seeking/availabe for work_Females,26,DDW-0200B-01ST-Census.xls,01ST
B0301ST,02,032,District - Sirmaur (10),Rural,60+,Non-workers_Seeking/availabe for work_Females,1,DDW-0200B-01ST-Census.xls,01ST
B0301ST,02,032,District - Sirmaur (10),Rural,Age not stated,Non-workers_Seeking/availabe for work_Females,0,DDW-0200B-01ST-Census.xls,01ST
B0301ST,02,032,District - Sirmaur (10),Rural,15-59,Non-workers_Seeking/availabe for work_Females,168,DDW-0200B-01ST-Census.xls,01ST
B0301ST,02,032,District - Sirmaur (10),Urban,Total,Non-workers_Seeking/availabe for work_Females,15,DDW-0200B-01ST-Census.xls,01ST
B0301ST,02,032,District - Sirmaur (10),Urban,5-14,Non-workers_Seeking/availabe for work_Females,0,DDW-0200B-01ST-Census.xls,01ST
B0301ST,02,032,District - Sirmaur (10),Urban,15-34,Non-workers_Seeking/availabe for work_Females,13,DDW-0200B-01ST-Census.xls,01ST
B0301ST,02,032,District - Sirmaur (10),Urban,35-59,Non-workers_Seeking/availabe for work_Females,2,DDW-0200B-01ST-Census.xls,01ST
B0301ST,02,032,District - Sirmaur (10),Urban,60+,Non-workers_Seeking/availabe for work_Females,0,DDW-0200B-01ST-Census.xls,01ST
B0301ST,02,032,District - Sirmaur (10),Urban,Age not stated,Non-workers_Seeking/availabe for work_Females,0,DDW-0200B-01ST-Census.xls,01ST
B0301ST,02,032,District - Sirmaur (10),Urban,15-59,Non-workers_Seeking/availabe for work_Females,15,DDW-0200B-01ST-Census.xls,01ST
B0301ST,02,033,District - Shimla (11),Total,Total,Non-workers_Seeking/availabe for work_Females,347,DDW-0200B-01ST-Census.xls,01ST
B0301ST,02,033,District - Shimla (11),Total,5-14,Non-workers_Seeking/availabe for work_Females,29,DDW-0200B-01ST-Census.xls,01ST
B0301ST,02,033,District - Shimla (11),Total,15-34,Non-workers_Seeking/availabe for work_Females,276,DDW-0200B-01ST-Census.xls,01ST
B0301ST,02,033,District - Shimla (11),Total,35-59,Non-workers_Seeking/availabe for work_Females,40,DDW-0200B-01ST-Census.xls,01ST
B0301ST,02,033,District - Shimla (11),Total,60+,Non-workers_Seeking/availabe for work_Females,2,DDW-0200B-01ST-Census.xls,01ST
B0301ST,02,033,District - Shimla (11),Total,Age not stated,Non-workers_Seeking/availabe for work_Females,0,DDW-0200B-01ST-Census.xls,01ST
B0301ST,02,033,District - Shimla (11),Total,15-59,Non-workers_Seeking/availabe for work_Females,316,DDW-0200B-01ST-Census.xls,01ST
B0301ST,02,033,District - Shimla (11),Rural,Total,Non-workers_Seeking/availabe for work_Females,137,DDW-0200B-01ST-Census.xls,01ST
B0301ST,02,033,District - Shimla (11),Rural,5-14,Non-workers_Seeking/availabe for work_Females,20,DDW-0200B-01ST-Census.xls,01ST
B0301ST,02,033,District - Shimla (11),Rural,15-34,Non-workers_Seeking/availabe for work_Females,93,DDW-0200B-01ST-Census.xls,01ST
B0301ST,02,033,District - Shimla (11),Rural,35-59,Non-workers_Seeking/availabe for work_Females,22,DDW-0200B-01ST-Census.xls,01ST
B0301ST,02,033,District - Shimla (11),Rural,60+,Non-workers_Seeking/availabe for work_Females,2,DDW-0200B-01ST-Census.xls,01ST
B0301ST,02,033,District - Shimla (11),Rural,Age not stated,Non-workers_Seeking/availabe for work_Females,0,DDW-0200B-01ST-Census.xls,01ST
B0301ST,02,033,District - Shimla (11),Rural,15-59,Non-workers_Seeking/availabe for work_Females,115,DDW-0200B-01ST-Census.xls,01ST
B0301ST,02,033,District - Shimla (11),Urban,Total,Non-workers_Seeking/availabe for work_Females,210,DDW-0200B-01ST-Census.xls,01ST
B0301ST,02,033,District - Shimla (11),Urban,5-14,Non-workers_Seeking/availabe for work_Females,9,DDW-0200B-01ST-Census.xls,01ST
B0301ST,02,033,District - Shimla (11),Urban,15-34,Non-workers_Seeking/availabe for work_Females,183,DDW-0200B-01ST-Census.xls,01ST
B0301ST,02,033,District - Shimla (11),Urban,35-59,Non-workers_Seeking/availabe for work_Females,18,DDW-0200B-01ST-Census.xls,01ST
B0301ST,02,033,District - Shimla (11),Urban,60+,Non-workers_Seeking/availabe for work_Females,0,DDW-0200B-01ST-Census.xls,01ST
B0301ST,02,033,District - Shimla (11),Urban,Age not stated,Non-workers_Seeking/availabe for work_Females,0,DDW-0200B-01ST-Census.xls,01ST
B0301ST,02,033,District - Shimla (11),Urban,15-59,Non-workers_Seeking/availabe for work_Females,201,DDW-0200B-01ST-Census.xls,01ST
B0301ST,02,034,District - Kinnaur (12),Total,Total,Non-workers_Seeking/availabe for work_Females,715,DDW-0200B-01ST-Census.xls,01ST
B0301ST,02,034,District - Kinnaur (12),Total,5-14,Non-workers_Seeking/availabe for work_Females,47,DDW-0200B-01ST-Census.xls,01ST
B0301ST,02,034,District - Kinnaur (12),Total,15-34,Non-workers_Seeking/availabe for work_Females,589,DDW-0200B-01ST-Census.xls,01ST
B0301ST,02,034,District - Kinnaur (12),Total,35-59,Non-workers_Seeking/availabe for work_Females,65,DDW-0200B-01ST-Census.xls,01ST
B0301ST,02,034,District - Kinnaur (12),Total,60+,Non-workers_Seeking/availabe for work_Females,13,DDW-0200B-01ST-Census.xls,01ST
B0301ST,02,034,District - Kinnaur (12),Total,Age not stated,Non-workers_Seeking/availabe for work_Females,1,DDW-0200B-01ST-Census.xls,01ST
B0301ST,02,034,District - Kinnaur (12),Total,15-59,Non-workers_Seeking/availabe for work_Females,654,DDW-0200B-01ST-Census.xls,01ST
B0301ST,02,034,District - Kinnaur (12),Rural,Total,Non-workers_Seeking/availabe for work_Females,715,DDW-0200B-01ST-Census.xls,01ST
B0301ST,02,034,District - Kinnaur (12),Rural,5-14,Non-workers_Seeking/availabe for work_Females,47,DDW-0200B-01ST-Census.xls,01ST
B0301ST,02,034,District - Kinnaur (12),Rural,15-34,Non-workers_Seeking/availabe for work_Females,589,DDW-0200B-01ST-Census.xls,01ST
B0301ST,02,034,District - Kinnaur (12),Rural,35-59,Non-workers_Seeking/availabe for work_Females,65,DDW-0200B-01ST-Census.xls,01ST
B0301ST,02,034,District - Kinnaur (12),Rural,60+,Non-workers_Seeking/availabe for work_Females,13,DDW-0200B-01ST-Census.xls,01ST
B0301ST,02,034,District - Kinnaur (12),Rural,Age not stated,Non-workers_Seeking/availabe for work_Females,1,DDW-0200B-01ST-Census.xls,01ST
B0301ST,02,034,District - Kinnaur (12),Rural,15-59,Non-workers_Seeking/availabe for work_Females,654,DDW-0200B-01ST-Census.xls,01ST
B0301ST,02,034,District - Kinnaur (12),Urban,Total,Non-workers_Seeking/availabe for work_Females,0,DDW-0200B-01ST-Census.xls,01ST
B0301ST,02,034,District - Kinnaur (12),Urban,5-14,Non-workers_Seeking/availabe for work_Females,0,DDW-0200B-01ST-Census.xls,01ST
B0301ST,02,034,District - Kinnaur (12),Urban,15-34,Non-workers_Seeking/availabe for work_Females,0,DDW-0200B-01ST-Census.xls,01ST
B0301ST,02,034,District - Kinnaur (12),Urban,35-59,Non-workers_Seeking/availabe for work_Females,0,DDW-0200B-01ST-Census.xls,01ST
B0301ST,02,034,District - Kinnaur (12),Urban,60+,Non-workers_Seeking/availabe for work_Females,0,DDW-0200B-01ST-Census.xls,01ST
B0301ST,02,034,District - Kinnaur (12),Urban,Age not stated,Non-workers_Seeking/availabe for work_Females,0,DDW-0200B-01ST-Census.xls,01ST
B0301ST,02,034,District - Kinnaur (12),Urban,15-59,Non-workers_Seeking/availabe for work_Females,0,DDW-0200B-01ST-Census.xls,01ST
