table_name,state_code,district_code,area_name,total_rural_urban,age_group,metric,value,source_file,dataset_code
B0201SC,16,000,State - TRIPURA (16),Total,Total,Population_Persons,654918,DDW-1600B-01SC-Census.xls,01SC
B0201SC,16,000,State - TRIPURA (16),Total,5-14,Population_Persons,119121,DDW-1600B-01SC-Census.xls,01SC
B0201SC,16,000,State - TRIPURA (16),Total,15-34,Population_Persons,253788,DDW-1600B-01SC-Census.xls,01SC
B0201SC,16,000,State - TRIPURA (16),Total,35-59,Population_Persons,177589,DDW-1600B-01SC-Census.xls,01SC
B0201SC,16,000,State - TRIPURA (16),Total,60+,Population_Persons,50101,DDW-1600B-01SC-Census.xls,01SC
B0201SC,16,000,State - TRIPURA (16),Total,Age not stated,Population_Persons,221,DDW-1600B-01SC-Census.xls,01SC
B0201SC,16,000,State - TRIPURA (16),Total,15-59,Population_Persons,431377,DDW-1600B-01SC-Census.xls,01SC
B0201SC,16,000,State - TRIPURA (16),Rural,Total,Population_Persons,437993,DDW-1600B-01SC-Census.xls,01SC
B0201SC,16,000,State - TRIPURA (16),Rural,5-14,Population_Persons,82178,DDW-1600B-01SC-Census.xls,01SC
B0201SC,16,000,State - TRIPURA (16),Rural,15-34,Population_Persons,168854,DDW-1600B-01SC-Census.xls,01SC
B0201SC,16,000,State - TRIPURA (16),Rural,35-59,Population_Persons,114369,DDW-1600B-01SC-Census.xls,01SC
B0201SC,16,000,State - TRIPURA (16),Rural,60+,Population_Persons,34606,DDW-1600B-01SC-Census.xls,01SC
B0201SC,16,000,State - TRIPURA (16),Rural,Age not stated,Population_Persons,124,DDW-1600B-01SC-Census.xls,01SC
B0201SC,16,000,State - TRIPURA (16),Rural,15-59,Population_Persons,283223,DDW-1600B-01SC-Census.xls,01SC
B0201SC,16,000,State - TRIPURA (16),Urban,Total,Population_Persons,216925,DDW-1600B-01SC-Census.xls,01SC
B0201SC,16,000,State - TRIPURA (16),Urban,5-14,Population_Persons,36943,DDW-1600B-01SC-Census.xls,01SC
B0201SC,16,000,State - TRIPURA (16),Urban,15-34,Population_Persons,84934,DDW-1600B-01SC-Census.xls,01SC
B0201SC,16,000,State - TRIPURA (16),Urban,35-59,Population_Persons,63220,DDW-1600B-01SC-Census.xls,01SC
B0201SC,16,000,State - TRIPURA (16),Urban,60+,Population_Persons,15495,DDW-1600B-01SC-Census.xls,01SC
B0201SC,16,000,State - TRIPURA (16),Urban,Age not stated,Population_Persons,97,DDW-1600B-01SC-Census.xls,01SC
B0201SC,16,000,State - TRIPURA (16),Urban,15-59,Population_Persons,148154,DDW-1600B-01SC-Census.xls,01SC
B0201SC,16,289,District - West Tripura  (01),Total,Total,Population_Persons,338094,DDW-1600B-01SC-Census.xls,01SC
B0201SC,16,289,District - West Tripura  (01),Total,5-14,Population_Persons,59826,DDW-1600B-01SC-Census.xls,01SC
B0201SC,16,289,District - West Tripura  (01),Total,15-34,Population_Persons,132995,DDW-1600B-01SC-Census.xls,01SC
B0201SC,16,289,District - West Tripura  (01),Total,35-59,Population_Persons,93100,DDW-1600B-01SC-Census.xls,01SC
B0201SC,16,289,District - West Tripura  (01),Total,60+,Population_Persons,25293,DDW-1600B-01SC-Census.xls,01SC
B0201SC,16,289,District - West Tripura  (01),Total,Age not stated,Population_Persons,133,DDW-1600B-01SC-Census.xls,01SC
B0201SC,16,289,District - West Tripura  (01),Total,15-59,Population_Persons,226095,DDW-1600B-01SC-Census.xls,01SC
B0201SC,16,289,District - West Tripura  (01),Rural,Total,Population_Persons,186463,DDW-1600B-01SC-Census.xls,01SC
B0201SC,16,289,District - West Tripura  (01),Rural,5-14,Population_Persons,34035,DDW-1600B-01SC-Census.xls,01SC
B0201SC,16,289,District - West Tripura  (01),Rural,15-34,Population_Persons,73008,DDW-1600B-01SC-Census.xls,01SC
B0201SC,16,289,District - West Tripura  (01),Rural,35-59,Population_Persons,49210,DDW-1600B-01SC-Census.xls,01SC
B0201SC,16,289,District - West Tripura  (01),Rural,60+,Population_Persons,14602,DDW-1600B-01SC-Census.xls,01SC
B0201SC,16,289,District - West Tripura  (01),Rural,Age not stated,Population_Persons,57,DDW-1600B-01SC-Census.xls,01SC
B0201SC,16,289,District - West Tripura  (01),Rural,15-59,Population_Persons,122218,DDW-1600B-01SC-Census.xls,01SC
B0201SC,16,289,District - West Tripura  (01),Urban,Total,Population_Persons,151631,DDW-1600B-01SC-Census.xls,01SC
B0201SC,16,289,District - West Tripura  (01),Urban,5-14,Population_Persons,25791,DDW-1600B-01SC-Census.xls,01SC
B0201SC,16,289,District - West Tripura  (01),Urban,15-34,Population_Persons,59987,DDW-1600B-01SC-Census.xls,01SC
B0201SC,16,289,District - West Tripura  (01),Urban,35-59,Population_Persons,43890,DDW-1600B-01SC-Census.xls,01SC
B0201SC,16,289,District - West Tripura  (01),Urban,60+,Population_Persons,10691,DDW-1600B-01SC-Census.xls,01SC
B0201SC,16,289,District - West Tripura  (01),Urban,Age not stated,Population_Persons,76,DDW-1600B-01SC-Census.xls,01SC
B0201SC,16,289,District - West Tripura  (01),Urban,15-59,Population_Persons,103877,DDW-1600B-01SC-Census.xls,01SC
B0201SC,16,290,District - South Tripura  (02),Total,Total,Population_Persons,140168,DDW-1600B-01SC-Census.xls,01SC
B0201SC,16,290,District - South Tripura  (02),Total,5-14,Population_Persons,24563,DDW-1600B-01SC-Census.xls,01SC
B0201SC,16,290,District - South Tripura  (02),Total,15-34,Population_Persons,54240,DDW-1600B-01SC-Census.xls,01SC
B0201SC,16,290,District - South Tripura  (02),Total,35-59,Population_Persons,38956,DDW-1600B-01SC-Census.xls,01SC
B0201SC,16,290,District - South Tripura  (02),Total,60+,Population_Persons,11745,DDW-1600B-01SC-Census.xls,01SC
B0201SC,16,290,District - South Tripura  (02),Total,Age not stated,Population_Persons,53,DDW-1600B-01SC-Census.xls,01SC
B0201SC,16,290,District - South Tripura  (02),Total,15-59,Population_Persons,93196,DDW-1600B-01SC-Census.xls,01SC
B0201SC,16,290,District - South Tripura  (02),Rural,Total,Population_Persons,111464,DDW-1600B-01SC-Census.xls,01SC
B0201SC,16,290,District - South Tripura  (02),Rural,5-14,Population_Persons,19997,DDW-1600B-01SC-Census.xls,01SC
B0201SC,16,290,District - South Tripura  (02),Rural,15-34,Population_Persons,43208,DDW-1600B-01SC-Census.xls,01SC
B0201SC,16,290,District - South Tripura  (02),Rural,35-59,Population_Persons,30030,DDW-1600B-01SC-Census.xls,01SC
B0201SC,16,290,District - South Tripura  (02),Rural,60+,Population_Persons,9554,DDW-1600B-01SC-Census.xls,01SC
B0201SC,16,290,District - South Tripura  (02),Rural,Age not stated,Population_Persons,39,DDW-1600B-01SC-Census.xls,01SC
B0201SC,16,290,District - South Tripura  (02),Rural,15-59,Population_Persons,73238,DDW-1600B-01SC-Census.xls,01SC
B0201SC,16,290,District - South Tripura  (02),Urban,Total,Population_Persons,28704,DDW-1600B-01SC-Census.xls,01SC
B0201SC,16,290,District - South Tripura  (02),Urban,5-14,Population_Persons,4566,DDW-1600B-01SC-Census.xls,01SC
B0201SC,16,290,District - South Tripura  (02),Urban,15-34,Population_Persons,11032,DDW-1600B-01SC-Census.xls,01SC
B0201SC,16,290,District - South Tripura  (02),Urban,35-59,Population_Persons,8926,DDW-1600B-01SC-Census.xls,01SC
B0201SC,16,290,District - South Tripura  (02),Urban,60+,Population_Persons,2191,DDW-1600B-01SC-Census.xls,01SC
B0201SC,16,290,District - South Tripura  (02),Urban,Age not stated,Population_Persons,14,DDW-1600B-01SC-Census.xls,01SC
B0201SC,16,290,District - South Tripura  (02),Urban,15-59,Population_Persons,19958,DDW-1600B-01SC-Census.xls,01SC
B0201SC,16,291,District - Dhalai (03),Total,Total,Population_Persons,61688,DDW-1600B-01SC-Census.xls,01SC
B0201SC,16,291,District - Dhalai (03),Total,5-14,Population_Persons,11853,DDW-1600B-01SC-Census.xls,01SC
B0201SC,16,291,District - Dhalai (03),Total,15-34,Population_Persons,23730,DDW-1600B-01SC-Census.xls,01SC
B0201SC,16,291,District - Dhalai (03),Total,35-59,Population_Persons,15729,DDW-1600B-01SC-Census.xls,01SC
B0201SC,16,291,District - Dhalai (03),Total,60+,Population_Persons,4654,DDW-1600B-01SC-Census.xls,01SC
B0201SC,16,291,District - Dhalai (03),Total,Age not stated,Population_Persons,18,DDW-1600B-01SC-Census.xls,01SC
B0201SC,16,291,District - Dhalai (03),Total,15-59,Population_Persons,39459,DDW-1600B-01SC-Census.xls,01SC
B0201SC,16,291,District - Dhalai (03),Rural,Total,Population_Persons,50539,DDW-1600B-01SC-Census.xls,01SC
B0201SC,16,291,District - Dhalai (03),Rural,5-14,Population_Persons,9818,DDW-1600B-01SC-Census.xls,01SC
B0201SC,16,291,District - Dhalai (03),Rural,15-34,Population_Persons,19437,DDW-1600B-01SC-Census.xls,01SC
B0201SC,16,291,District - Dhalai (03),Rural,35-59,Population_Persons,12665,DDW-1600B-01SC-Census.xls,01SC
B0201SC,16,291,District - Dhalai (03),Rural,60+,Population_Persons,3854,DDW-1600B-01SC-Census.xls,01SC
B0201SC,16,291,District - Dhalai (03),Rural,Age not stated,Population_Persons,16,DDW-1600B-01SC-Census.xls,01SC
B0201SC,16,291,District - Dhalai (03),Rural,15-59,Population_Persons,32102,DDW-1600B-01SC-Census.xls,01SC
B0201SC,16,291,District - Dhalai (03),Urban,Total,Population_Persons,11149,DDW-1600B-01SC-Census.xls,01SC
B0201SC,16,291,District - Dhalai (03),Urban,5-14,Population_Persons,2035,DDW-1600B-01SC-Census.xls,01SC
B0201SC,16,291,District - Dhalai (03),Urban,15-34,Population_Persons,4293,DDW-1600B-01SC-Census.xls,01SC
B0201SC,16,291,District - Dhalai (03),Urban,35-59,Population_Persons,3064,DDW-1600B-01SC-Census.xls,01SC
B0201SC,16,291,District - Dhalai (03),Urban,60+,Population_Persons,800,DDW-1600B-01SC-Census.xls,01SC
B0201SC,16,291,District - Dhalai (03),Urban,Age not stated,Population_Persons,2,DDW-1600B-01SC-Census.xls,01SC
B0201SC,16,291,District - Dhalai (03),Urban,15-59,Population_Persons,7357,DDW-1600B-01SC-Census.xls,01SC
B0201SC,16,292,District - North Tripura (04),Total,Total,Population_Persons,114968,DDW-1600B-01SC-Census.xls,01SC
B0201SC,16,292,District - North Tripura (04),Total,5-14,Population_Persons,22879,DDW-1600B-01SC-Census.xls,01SC
B0201SC,16,292,District - North Tripura (04),Total,15-34,Population_Persons,42823,DDW-1600B-01SC-Census.xls,01SC
B0201SC,16,292,District - North Tripura (04),Total,35-59,Population_Persons,29804,DDW-1600B-01SC-Census.xls,01SC
B0201SC,16,292,District - North Tripura (04),Total,60+,Population_Persons,8409,DDW-1600B-01SC-Census.xls,01SC
B0201SC,16,292,District - North Tripura (04),Total,Age not stated,Population_Persons,17,DDW-1600B-01SC-Census.xls,01SC
B0201SC,16,292,District - North Tripura (04),Total,15-59,Population_Persons,72627,DDW-1600B-01SC-Census.xls,01SC
B0201SC,16,292,District - North Tripura (04),Rural,Total,Population_Persons,89527,DDW-1600B-01SC-Census.xls,01SC
B0201SC,16,292,District - North Tripura (04),Rural,5-14,Population_Persons,18328,DDW-1600B-01SC-Census.xls,01SC
B0201SC,16,292,District - North Tripura (04),Rural,15-34,Population_Persons,33201,DDW-1600B-01SC-Census.xls,01SC
B0201SC,16,292,District - North Tripura (04),Rural,35-59,Population_Persons,22464,DDW-1600B-01SC-Census.xls,01SC
B0201SC,16,292,District - North Tripura (04),Rural,60+,Population_Persons,6596,DDW-1600B-01SC-Census.xls,01SC
B0201SC,16,292,District - North Tripura (04),Rural,Age not stated,Population_Persons,12,DDW-1600B-01SC-Census.xls,01SC
B0201SC,16,292,District - North Tripura (04),Rural,15-59,Population_Persons,55665,DDW-1600B-01SC-Census.xls,01SC
B0201SC,16,292,District - North Tripura (04),Urban,Total,Population_Persons,25441,DDW-1600B-01SC-Census.xls,01SC
B0201SC,16,292,District - North Tripura (04),Urban,5-14,Population_Persons,4551,DDW-1600B-01SC-Census.xls,01SC
B0201SC,16,292,District - North Tripura (04),Urban,15-34,Population_Persons,9622,DDW-1600B-01SC-Census.xls,01SC
B0201SC,16,292,District - North Tripura (04),Urban,35-59,Population_Persons,7340,DDW-1600B-01SC-Census.xls,01SC
B0201SC,16,292,District - North Tripura (04),Urban,60+,Population_Persons,1813,DDW-1600B-01SC-Census.xls,01SC
B0201SC,16,292,District - North Tripura (04),Urban,Age not stated,Population_Persons,5,DDW-1600B-01SC-Census.xls,01SC
B0201SC,16,292,District - North Tripura (04),Urban,15-59,Population_Persons,16962,DDW-1600B-01SC-Census.xls,01SC
B0201SC,16,000,State - TRIPURA (16),Total,Total,Population_Males,334370,DDW-1600B-01SC-Census.xls,01SC
B0201SC,16,000,State - TRIPURA (16),Total,5-14,Population_Males,60897,DDW-1600B-01SC-Census.xls,01SC
B0201SC,16,000,State - TRIPURA (16),Total,15-34,Population_Males,129705,DDW-1600B-01SC-Census.xls,01SC
B0201SC,16,000,State - TRIPURA (16),Total,35-59,Population_Males,91629,DDW-1600B-01SC-Census.xls,01SC
B0201SC,16,000,State - TRIPURA (16),Total,60+,Population_Males,24339,DDW-1600B-01SC-Census.xls,01SC
B0201SC,16,000,State - TRIPURA (16),Total,Age not stated,Population_Males,115,DDW-1600B-01SC-Census.xls,01SC
B0201SC,16,000,State - TRIPURA (16),Total,15-59,Population_Males,221334,DDW-1600B-01SC-Census.xls,01SC
B0201SC,16,000,State - TRIPURA (16),Rural,Total,Population_Males,224498,DDW-1600B-01SC-Census.xls,01SC
B0201SC,16,000,State - TRIPURA (16),Rural,5-14,Population_Males,41949,DDW-1600B-01SC-Census.xls,01SC
B0201SC,16,000,State - TRIPURA (16),Rural,15-34,Population_Males,87073,DDW-1600B-01SC-Census.xls,01SC
B0201SC,16,000,State - TRIPURA (16),Rural,35-59,Population_Males,59185,DDW-1600B-01SC-Census.xls,01SC
B0201SC,16,000,State - TRIPURA (16),Rural,60+,Population_Males,16926,DDW-1600B-01SC-Census.xls,01SC
B0201SC,16,000,State - TRIPURA (16),Rural,Age not stated,Population_Males,67,DDW-1600B-01SC-Census.xls,01SC
B0201SC,16,000,State - TRIPURA (16),Rural,15-59,Population_Males,146258,DDW-1600B-01SC-Census.xls,01SC
B0201SC,16,000,State - TRIPURA (16),Urban,Total,Population_Males,109872,DDW-1600B-01SC-Census.xls,01SC
B0201SC,16,000,State - TRIPURA (16),Urban,5-14,Population_Males,18948,DDW-1600B-01SC-Census.xls,01SC
B0201SC,16,000,State - TRIPURA (16),Urban,15-34,Population_Males,42632,DDW-1600B-01SC-Census.xls,01SC
B0201SC,16,000,State - TRIPURA (16),Urban,35-59,Population_Males,32444,DDW-1600B-01SC-Census.xls,01SC
B0201SC,16,000,State - TRIPURA (16),Urban,60+,Population_Males,7413,DDW-1600B-01SC-Census.xls,01SC
B0201SC,16,000,State - TRIPURA (16),Urban,Age not stated,Population_Males,48,DDW-1600B-01SC-Census.xls,01SC
B0201SC,16,000,State - TRIPURA (16),Urban,15-59,Population_Males,75076,DDW-1600B-01SC-Census.xls,01SC
B0201SC,16,289,District - West Tripura  (01),Total,Total,Population_Males,172522,DDW-1600B-01SC-Census.xls,01SC
B0201SC,16,289,District - West Tripura  (01),Total,5-14,Population_Males,30644,DDW-1600B-01SC-Census.xls,01SC
B0201SC,16,289,District - West Tripura  (01),Total,15-34,Population_Males,67957,DDW-1600B-01SC-Census.xls,01SC
B0201SC,16,289,District - West Tripura  (01),Total,35-59,Population_Males,47931,DDW-1600B-01SC-Census.xls,01SC
B0201SC,16,289,District - West Tripura  (01),Total,60+,Population_Males,12189,DDW-1600B-01SC-Census.xls,01SC
B0201SC,16,289,District - West Tripura  (01),Total,Age not stated,Population_Males,69,DDW-1600B-01SC-Census.xls,01SC
B0201SC,16,289,District - West Tripura  (01),Total,15-59,Population_Males,115888,DDW-1600B-01SC-Census.xls,01SC
B0201SC,16,289,District - West Tripura  (01),Rural,Total,Population_Males,95784,DDW-1600B-01SC-Census.xls,01SC
B0201SC,16,289,District - West Tripura  (01),Rural,5-14,Population_Males,17393,DDW-1600B-01SC-Census.xls,01SC
B0201SC,16,289,District - West Tripura  (01),Rural,15-34,Population_Males,37846,DDW-1600B-01SC-Census.xls,01SC
B0201SC,16,289,District - West Tripura  (01),Rural,35-59,Population_Males,25461,DDW-1600B-01SC-Census.xls,01SC
B0201SC,16,289,District - West Tripura  (01),Rural,60+,Population_Males,7092,DDW-1600B-01SC-Census.xls,01SC
B0201SC,16,289,District - West Tripura  (01),Rural,Age not stated,Population_Males,32,DDW-1600B-01SC-Census.xls,01SC
B0201SC,16,289,District - West Tripura  (01),Rural,15-59,Population_Males,63307,DDW-1600B-01SC-Census.xls,01SC
B0201SC,16,289,District - West Tripura  (01),Urban,Total,Population_Males,76738,DDW-1600B-01SC-Census.xls,01SC
B0201SC,16,289,District - West Tripura  (01),Urban,5-14,Population_Males,13251,DDW-1600B-01SC-Census.xls,01SC
B0201SC,16,289,District - West Tripura  (01),Urban,15-34,Population_Males,30111,DDW-1600B-01SC-Census.xls,01SC
B0201SC,16,289,District - West Tripura  (01),Urban,35-59,Population_Males,22470,DDW-1600B-01SC-Census.xls,01SC
B0201SC,16,289,District - West Tripura  (01),Urban,60+,Population_Males,5097,DDW-1600B-01SC-Census.xls,01SC
B0201SC,16,289,District - West Tripura  (01),Urban,Age not stated,Population_Males,37,DDW-1600B-01SC-Census.xls,01SC
B0201SC,16,289,District - West Tripura  (01),Urban,15-59,Population_Males,52581,DDW-1600B-01SC-Census.xls,01SC
B0201SC,16,290,District - South Tripura  (02),Total,Total,Population_Males,72012,DDW-1600B-01SC-Census.xls,01SC
B0201SC,16,290,District - South Tripura  (02),Total,5-14,Population_Males,12600,DDW-1600B-01SC-Census.xls,01SC
B0201SC,16,290,District - South Tripura  (02),Total,15-34,Population_Males,28176,DDW-1600B-01SC-Census.xls,01SC
B0201SC,16,290,District - South Tripura  (02),Total,35-59,Population_Males,20187,DDW-1600B-01SC-Census.xls,01SC
B0201SC,16,290,District - South Tripura  (02),Total,60+,Population_Males,5605,DDW-1600B-01SC-Census.xls,01SC
B0201SC,16,290,District - South Tripura  (02),Total,Age not stated,Population_Males,24,DDW-1600B-01SC-Census.xls,01SC
B0201SC,16,290,District - South Tripura  (02),Total,15-59,Population_Males,48363,DDW-1600B-01SC-Census.xls,01SC
B0201SC,16,290,District - South Tripura  (02),Rural,Total,Population_Males,57336,DDW-1600B-01SC-Census.xls,01SC
B0201SC,16,290,District - South Tripura  (02),Rural,5-14,Population_Males,10268,DDW-1600B-01SC-Census.xls,01SC
B0201SC,16,290,District - South Tripura  (02),Rural,15-34,Population_Males,22533,DDW-1600B-01SC-Census.xls,01SC
B0201SC,16,290,District - South Tripura  (02),Rural,35-59,Population_Males,15565,DDW-1600B-01SC-Census.xls,01SC
B0201SC,16,290,District - South Tripura  (02),Rural,60+,Population_Males,4554,DDW-1600B-01SC-Census.xls,01SC
B0201SC,16,290,District - South Tripura  (02),Rural,Age not stated,Population_Males,18,DDW-1600B-01SC-Census.xls,01SC
B0201SC,16,290,District - South Tripura  (02),Rural,15-59,Population_Males,38098,DDW-1600B-01SC-Census.xls,01SC
B0201SC,16,290,District - South Tripura  (02),Urban,Total,Population_Males,14676,DDW-1600B-01SC-Census.xls,01SC
B0201SC,16,290,District - South Tripura  (02),Urban,5-14,Population_Males,2332,DDW-1600B-01SC-Census.xls,01SC
B0201SC,16,290,District - South Tripura  (02),Urban,15-34,Population_Males,5643,DDW-1600B-01SC-Census.xls,01SC
B0201SC,16,290,District - South Tripura  (02),Urban,35-59,Population_Males,4622,DDW-1600B-01SC-Census.xls,01SC
B0201SC,16,290,District - South Tripura  (02),Urban,60+,Population_Males,1051,DDW-1600B-01SC-Census.xls,01SC
B0201SC,16,290,District - South Tripura  (02),Urban,Age not stated,Population_Males,6,DDW-1600B-01SC-Census.xls,01SC
B0201SC,16,290,District - South Tripura  (02),Urban,15-59,Population_Males,10265,DDW-1600B-01SC-Census.xls,01SC
B0201SC,16,291,District - Dhalai (03),Total,Total,Population_Males,31461,DDW-1600B-01SC-Census.xls,01SC
B0201SC,16,291,District - Dhalai (03),Total,5-14,Population_Males,6067,DDW-1600B-01SC-Census.xls,01SC
B0201SC,16,291,District - Dhalai (03),Total,15-34,Population_Males,12013,DDW-1600B-01SC-Census.xls,01SC
B0201SC,16,291,District - Dhalai (03),Total,35-59,Population_Males,8181,DDW-1600B-01SC-Census.xls,01SC
B0201SC,16,291,District - Dhalai (03),Total,60+,Population_Males,2308,DDW-1600B-01SC-Census.xls,01SC
B0201SC,16,291,District - Dhalai (03),Total,Age not stated,Population_Males,11,DDW-1600B-01SC-Census.xls,01SC
B0201SC,16,291,District - Dhalai (03),Total,15-59,Population_Males,20194,DDW-1600B-01SC-Census.xls,01SC
B0201SC,16,291,District - Dhalai (03),Rural,Total,Population_Males,25853,DDW-1600B-01SC-Census.xls,01SC
B0201SC,16,291,District - Dhalai (03),Rural,5-14,Population_Males,5006,DDW-1600B-01SC-Census.xls,01SC
B0201SC,16,291,District - Dhalai (03),Rural,15-34,Population_Males,9958,DDW-1600B-01SC-Census.xls,01SC
B0201SC,16,291,District - Dhalai (03),Rural,35-59,Population_Males,6568,DDW-1600B-01SC-Census.xls,01SC
B0201SC,16,291,District - Dhalai (03),Rural,60+,Population_Males,1917,DDW-1600B-01SC-Census.xls,01SC
B0201SC,16,291,District - Dhalai (03),Rural,Age not stated,Population_Males,10,DDW-1600B-01SC-Census.xls,01SC
B0201SC,16,291,District - Dhalai (03),Rural,15-59,Population_Males,16526,DDW-1600B-01SC-Census.xls,01SC
B0201SC,16,291,District - Dhalai (03),Urban,Total,Population_Males,5608,DDW-1600B-01SC-Census.xls,01SC
B0201SC,16,291,District - Dhalai (03),Urban,5-14,Population_Males,1061,DDW-1600B-01SC-Census.xls,01SC
B0201SC,16,291,District - Dhalai (03),Urban,15-34,Population_Males,2055,DDW-1600B-01SC-Census.xls,01SC
B0201SC,16,291,District - Dhalai (03),Urban,35-59,Population_Males,1613,DDW-1600B-01SC-Census.xls,01SC
B0201SC,16,291,District - Dhalai (03),Urban,60+,Population_Males,391,DDW-1600B-01SC-Census.xls,01SC
B0201SC,16,291,District - Dhalai (03),Urban,Age not stated,Population_Males,1,DDW-1600B-01SC-Census.xls,01SC
B0201SC,16,291,District - Dhalai (03),Urban,15-59,Population_Males,3668,DDW-1600B-01SC-Census.xls,01SC
B0201SC,16,292,District - North Tripura (04),Total,Total,Population_Males,58375,DDW-1600B-01SC-Census.xls,01SC
B0201SC,16,292,District - North Tripura (04),Total,5-14,Population_Males,11586,DDW-1600B-01SC-Census.xls,01SC
B0201SC,16,292,District - North Tripura (04),Total,15-34,Population_Males,21559,DDW-1600B-01SC-Census.xls,01SC
B0201SC,16,292,District - North Tripura (04),Total,35-59,Population_Males,15330,DDW-1600B-01SC-Census.xls,01SC
B0201SC,16,292,District - North Tripura (04),Total,60+,Population_Males,4237,DDW-1600B-01SC-Census.xls,01SC
B0201SC,16,292,District - North Tripura (04),Total,Age not stated,Population_Males,11,DDW-1600B-01SC-Census.xls,01SC
B0201SC,16,292,District - North Tripura (04),Total,15-59,Population_Males,36889,DDW-1600B-01SC-Census.xls,01SC
B0201SC,16,292,District - North Tripura (04),Rural,Total,Population_Males,45525,DDW-1600B-01SC-Census.xls,01SC
B0201SC,16,292,District - North Tripura (04),Rural,5-14,Population_Males,9282,DDW-1600B-01SC-Census.xls,01SC
B0201SC,16,292,District - North Tripura (04),Rural,15-34,Population_Males,16736,DDW-1600B-01SC-Census.xls,01SC
B0201SC,16,292,District - North Tripura (04),Rural,35-59,Population_Males,11591,DDW-1600B-01SC-Census.xls,01SC
B0201SC,16,292,District - North Tripura (04),Rural,60+,Population_Males,3363,DDW-1600B-01SC-Census.xls,01SC
B0201SC,16,292,District - North Tripura (04),Rural,Age not stated,Population_Males,7,DDW-1600B-01SC-Census.xls,01SC
B0201SC,16,292,District - North Tripura (04),Rural,15-59,Population_Males,28327,DDW-1600B-01SC-Census.xls,01SC
B0201SC,16,292,District - North Tripura (04),Urban,Total,Population_Males,12850,DDW-1600B-01SC-Census.xls,01SC
B0201SC,16,292,District - North Tripura (04),Urban,5-14,Population_Males,2304,DDW-1600B-01SC-Census.xls,01SC
B0201SC,16,292,District - North Tripura (04),Urban,15-34,Population_Males,4823,DDW-1600B-01SC-Census.xls,01SC
B0201SC,16,292,District - North Tripura (04),Urban,35-59,Population_Males,3739,DDW-1600B-01SC-Census.xls,01SC
B0201SC,16,292,District - North Tripura (04),Urban,60+,Population_Males,874,DDW-1600B-01SC-Census.xls,01SC
B0201SC,16,292,District - North Tripura (04),Urban,Age not stated,Population_Males,4,DDW-1600B-01SC-Census.xls,01SC
B0201SC,16,292,District - North Tripura (04),Urban,15-59,Population_Males,8562,DDW-1600B-01SC-Census.xls,01SC
B0201SC,16,000,State - TRIPURA (16),Total,Total,Population_Females,320548,DDW-1600B-01SC-Census.xls,01SC
B0201SC,16,000,State - TRIPURA (16),Total,5-14,Population_Females,58224,DDW-1600B-01SC-Census.xls,01SC
B0201SC,16,000,State - TRIPURA (16),Total,15-34,Population_Females,124083,DDW-1600B-01SC-Census.xls,01SC
B0201SC,16,000,State - TRIPURA (16),Total,35-59,Population_Females,85960,DDW-1600B-01SC-Census.xls,01SC
B0201SC,16,000,State - TRIPURA (16),Total,60+,Population_Females,25762,DDW-1600B-01SC-Census.xls,01SC
B0201SC,16,000,State - TRIPURA (16),Total,Age not stated,Population_Females,106,DDW-1600B-01SC-Census.xls,01SC
B0201SC,16,000,State - TRIPURA (16),Total,15-59,Population_Females,210043,DDW-1600B-01SC-Census.xls,01SC
B0201SC,16,000,State - TRIPURA (16),Rural,Total,Population_Females,213495,DDW-1600B-01SC-Census.xls,01SC
B0201SC,16,000,State - TRIPURA (16),Rural,5-14,Population_Females,40229,DDW-1600B-01SC-Census.xls,01SC
B0201SC,16,000,State - TRIPURA (16),Rural,15-34,Population_Females,81781,DDW-1600B-01SC-Census.xls,01SC
B0201SC,16,000,State - TRIPURA (16),Rural,35-59,Population_Females,55184,DDW-1600B-01SC-Census.xls,01SC
B0201SC,16,000,State - TRIPURA (16),Rural,60+,Population_Females,17680,DDW-1600B-01SC-Census.xls,01SC
B0201SC,16,000,State - TRIPURA (16),Rural,Age not stated,Population_Females,57,DDW-1600B-01SC-Census.xls,01SC
B0201SC,16,000,State - TRIPURA (16),Rural,15-59,Population_Females,136965,DDW-1600B-01SC-Census.xls,01SC
B0201SC,16,000,State - TRIPURA (16),Urban,Total,Population_Females,107053,DDW-1600B-01SC-Census.xls,01SC
B0201SC,16,000,State - TRIPURA (16),Urban,5-14,Population_Females,17995,DDW-1600B-01SC-Census.xls,01SC
B0201SC,16,000,State - TRIPURA (16),Urban,15-34,Population_Females,42302,DDW-1600B-01SC-Census.xls,01SC
B0201SC,16,000,State - TRIPURA (16),Urban,35-59,Population_Females,30776,DDW-1600B-01SC-Census.xls,01SC
B0201SC,16,000,State - TRIPURA (16),Urban,60+,Population_Females,8082,DDW-1600B-01SC-Census.xls,01SC
B0201SC,16,000,State - TRIPURA (16),Urban,Age not stated,Population_Females,49,DDW-1600B-01SC-Census.xls,01SC
B0201SC,16,000,State - TRIPURA (16),Urban,15-59,Population_Females,73078,DDW-1600B-01SC-Census.xls,01SC
B0201SC,16,289,District - West Tripura  (01),Total,Total,Population_Females,165572,DDW-1600B-01SC-Census.xls,01SC
B0201SC,16,289,District - West Tripura  (01),Total,5-14,Population_Females,29182,DDW-1600B-01SC-Census.xls,01SC
B0201SC,16,289,District - West Tripura  (01),Total,15-34,Population_Females,65038,DDW-1600B-01SC-Census.xls,01SC
B0201SC,16,289,District - West Tripura  (01),Total,35-59,Population_Females,45169,DDW-1600B-01SC-Census.xls,01SC
B0201SC,16,289,District - West Tripura  (01),Total,60+,Population_Females,13104,DDW-1600B-01SC-Census.xls,01SC
B0201SC,16,289,District - West Tripura  (01),Total,Age not stated,Population_Females,64,DDW-1600B-01SC-Census.xls,01SC
B0201SC,16,289,District - West Tripura  (01),Total,15-59,Population_Females,110207,DDW-1600B-01SC-Census.xls,01SC
B0201SC,16,289,District - West Tripura  (01),Rural,Total,Population_Females,90679,DDW-1600B-01SC-Census.xls,01SC
B0201SC,16,289,District - West Tripura  (01),Rural,5-14,Population_Females,16642,DDW-1600B-01SC-Census.xls,01SC
B0201SC,16,289,District - West Tripura  (01),Rural,15-34,Population_Females,35162,DDW-1600B-01SC-Census.xls,01SC
B0201SC,16,289,District - West Tripura  (01),Rural,35-59,Population_Females,23749,DDW-1600B-01SC-Census.xls,01SC
B0201SC,16,289,District - West Tripura  (01),Rural,60+,Population_Females,7510,DDW-1600B-01SC-Census.xls,01SC
B0201SC,16,289,District - West Tripura  (01),Rural,Age not stated,Population_Females,25,DDW-1600B-01SC-Census.xls,01SC
B0201SC,16,289,District - West Tripura  (01),Rural,15-59,Population_Females,58911,DDW-1600B-01SC-Census.xls,01SC
B0201SC,16,289,District - West Tripura  (01),Urban,Total,Population_Females,74893,DDW-1600B-01SC-Census.xls,01SC
B0201SC,16,289,District - West Tripura  (01),Urban,5-14,Population_Females,12540,DDW-1600B-01SC-Census.xls,01SC
B0201SC,16,289,District - West Tripura  (01),Urban,15-34,Population_Females,29876,DDW-1600B-01SC-Census.xls,01SC
B0201SC,16,289,District - West Tripura  (01),Urban,35-59,Population_Females,21420,DDW-1600B-01SC-Census.xls,01SC
B0201SC,16,289,District - West Tripura  (01),Urban,60+,Population_Females,5594,DDW-1600B-01SC-Census.xls,01SC
B0201SC,16,289,District - West Tripura  (01),Urban,Age not stated,Population_Females,39,DDW-1600B-01SC-Census.xls,01SC
B0201SC,16,289,District - West Tripura  (01),Urban,15-59,Population_Females,51296,DDW-1600B-01SC-Census.xls,01SC
B0201SC,16,290,District - South Tripura  (02),Total,Total,Population_Females,68156,DDW-1600B-01SC-Census.xls,01SC
B0201SC,16,290,District - South Tripura  (02),Total,5-14,Population_Females,11963,DDW-1600B-01SC-Census.xls,01SC
B0201SC,16,290,District - South Tripura  (02),Total,15-34,Population_Females,26064,DDW-1600B-01SC-Census.xls,01SC
B0201SC,16,290,District - South Tripura  (02),Total,35-59,Population_Females,18769,DDW-1600B-01SC-Census.xls,01SC
B0201SC,16,290,District - South Tripura  (02),Total,60+,Population_Females,6140,DDW-1600B-01SC-Census.xls,01SC
B0201SC,16,290,District - South Tripura  (02),Total,Age not stated,Population_Females,29,DDW-1600B-01SC-Census.xls,01SC
B0201SC,16,290,District - South Tripura  (02),Total,15-59,Population_Females,44833,DDW-1600B-01SC-Census.xls,01SC
B0201SC,16,290,District - South Tripura  (02),Rural,Total,Population_Females,54128,DDW-1600B-01SC-Census.xls,01SC
B0201SC,16,290,District - South Tripura  (02),Rural,5-14,Population_Females,9729,DDW-1600B-01SC-Census.xls,01SC
B0201SC,16,290,District - South Tripura  (02),Rural,15-34,Population_Females,20675,DDW-1600B-01SC-Census.xls,01SC
B0201SC,16,290,District - South Tripura  (02),Rural,35-59,Population_Females,14465,DDW-1600B-01SC-Census.xls,01SC
B0201SC,16,290,District - South Tripura  (02),Rural,60+,Population_Females,5000,DDW-1600B-01SC-Census.xls,01SC
B0201SC,16,290,District - South Tripura  (02),Rural,Age not stated,Population_Females,21,DDW-1600B-01SC-Census.xls,01SC
B0201SC,16,290,District - South Tripura  (02),Rural,15-59,Population_Females,35140,DDW-1600B-01SC-Census.xls,01SC
B0201SC,16,290,District - South Tripura  (02),Urban,Total,Population_Females,14028,DDW-1600B-01SC-Census.xls,01SC
B0201SC,16,290,District - South Tripura  (02),Urban,5-14,Population_Females,2234,DDW-1600B-01SC-Census.xls,01SC
B0201SC,16,290,District - South Tripura  (02),Urban,15-34,Population_Females,5389,DDW-1600B-01SC-Census.xls,01SC
B0201SC,16,290,District - South Tripura  (02),Urban,35-59,Population_Females,4304,DDW-1600B-01SC-Census.xls,01SC
B0201SC,16,290,District - South Tripura  (02),Urban,60+,Population_Females,1140,DDW-1600B-01SC-Census.xls,01SC
B0201SC,16,290,District - South Tripura  (02),Urban,Age not stated,Population_Females,8,DDW-1600B-01SC-Census.xls,01SC
B0201SC,16,290,District - South Tripura  (02),Urban,15-59,Population_Females,9693,DDW-1600B-01SC-Census.xls,01SC
B0201SC,16,291,District - Dhalai (03),Total,Total,Population_Females,30227,DDW-1600B-01SC-Census.xls,01SC
B0201SC,16,291,District - Dhalai (03),Total,5-14,Population_Females,5786,DDW-1600B-01SC-Census.xls,01SC
B0201SC,16,291,District - Dhalai (03),Total,15-34,Population_Females,11717,DDW-1600B-01SC-Census.xls,01SC
B0201SC,16,291,District - Dhalai (03),Total,35-59,Population_Females,7548,DDW-1600B-01SC-Census.xls,01SC
B0201SC,16,291,District - Dhalai (03),Total,60+,Population_Females,2346,DDW-1600B-01SC-Census.xls,01SC
B0201SC,16,291,District - Dhalai (03),Total,Age not stated,Population_Females,7,DDW-1600B-01SC-Census.xls,01SC
B0201SC,16,291,District - Dhalai (03),Total,15-59,Population_Females,19265,DDW-1600B-01SC-Census.xls,01SC
B0201SC,16,291,District - Dhalai (03),Rural,Total,Population_Females,24686,DDW-1600B-01SC-Census.xls,01SC
B0201SC,16,291,District - Dhalai (03),Rural,5-14,Population_Females,4812,DDW-1600B-01SC-Census.xls,01SC
B0201SC,16,291,District - Dhalai (03),Rural,15-34,Population_Females,9479,DDW-1600B-01SC-Census.xls,01SC
B0201SC,16,291,District - Dhalai (03),Rural,35-59,Population_Females,6097,DDW-1600B-01SC-Census.xls,01SC
B0201SC,16,291,District - Dhalai (03),Rural,60+,Population_Females,1937,DDW-1600B-01SC-Census.xls,01SC
B0201SC,16,291,District - Dhalai (03),Rural,Age not stated,Population_Females,6,DDW-1600B-01SC-Census.xls,01SC
B0201SC,16,291,District - Dhalai (03),Rural,15-59,Population_Females,15576,DDW-1600B-01SC-Census.xls,01SC
B0201SC,16,291,District - Dhalai (03),Urban,Total,Population_Females,5541,DDW-1600B-01SC-Census.xls,01SC
B0201SC,16,291,District - Dhalai (03),Urban,5-14,Population_Females,974,DDW-1600B-01SC-Census.xls,01SC
B0201SC,16,291,District - Dhalai (03),Urban,15-34,Population_Females,2238,DDW-1600B-01SC-Census.xls,01SC
B0201SC,16,291,District - Dhalai (03),Urban,35-59,Population_Females,1451,DDW-1600B-01SC-Census.xls,01SC
B0201SC,16,291,District - Dhalai (03),Urban,60+,Population_Females,409,DDW-1600B-01SC-Census.xls,01SC
B0201SC,16,291,District - Dhalai (03),Urban,Age not stated,Population_Females,1,DDW-1600B-01SC-Census.xls,01SC
B0201SC,16,291,District - Dhalai (03),Urban,15-59,Population_Females,3689,DDW-1600B-01SC-Census.xls,01SC
B0201SC,16,292,District - North Tripura (04),Total,Total,Population_Females,56593,DDW-1600B-01SC-Census.xls,01SC
B0201SC,16,292,District - North Tripura (04),Total,5-14,Population_Females,11293,DDW-1600B-01SC-Census.xls,01SC
B0201SC,16,292,District - North Tripura (04),Total,15-34,Population_Females,21264,DDW-1600B-01SC-Census.xls,01SC
B0201SC,16,292,District - North Tripura (04),Total,35-59,Population_Females,14474,DDW-1600B-01SC-Census.xls,01SC
B0201SC,16,292,District - North Tripura (04),Total,60+,Population_Females,4172,DDW-1600B-01SC-Census.xls,01SC
B0201SC,16,292,District - North Tripura (04),Total,Age not stated,Population_Females,6,DDW-1600B-01SC-Census.xls,01SC
B0201SC,16,292,District - North Tripura (04),Total,15-59,Population_Females,35738,DDW-1600B-01SC-Census.xls,01SC
B0201SC,16,292,District - North Tripura (04),Rural,Total,Population_Females,44002,DDW-1600B-01SC-Census.xls,01SC
B0201SC,16,292,District - North Tripura (04),Rural,5-14,Population_Females,9046,DDW-1600B-01SC-Census.xls,01SC
B0201SC,16,292,District - North Tripura (04),Rural,15-34,Population_Females,16465,DDW-1600B-01SC-Census.xls,01SC
B0201SC,16,292,District - North Tripura (04),Rural,35-59,Population_Females,10873,DDW-1600B-01SC-Census.xls,01SC
B0201SC,16,292,District - North Tripura (04),Rural,60+,Population_Females,3233,DDW-1600B-01SC-Census.xls,01SC
B0201SC,16,292,District - North Tripura (04),Rural,Age not stated,Population_Females,5,DDW-1600B-01SC-Census.xls,01SC
B0201SC,16,292,District - North Tripura (04),Rural,15-59,Population_Females,27338,DDW-1600B-01SC-Census.xls,01SC
B0201SC,16,292,District - North Tripura (04),Urban,Total,Population_Females,12591,DDW-1600B-01SC-Census.xls,01SC
B0201SC,16,292,District - North Tripura (04),Urban,5-14,Population_Females,2247,DDW-1600B-01SC-Census.xls,01SC
B0201SC,16,292,District - North Tripura (04),Urban,15-34,Population_Females,4799,DDW-1600B-01SC-Census.xls,01SC
B0201SC,16,292,District - North Tripura (04),Urban,35-59,Population_Females,3601,DDW-1600B-01SC-Census.xls,01SC
B0201SC,16,292,District - North Tripura (04),Urban,60+,Population_Females,939,DDW-1600B-01SC-Census.xls,01SC
B0201SC,16,292,District - North Tripura (04),Urban,Age not stated,Population_Females,1,DDW-1600B-01SC-Census.xls,01SC
B0201SC,16,292,District - North Tripura (04),Urban,15-59,Population_Females,8400,DDW-1600B-01SC-Census.xls,01SC
B0201SC,16,000,State - TRIPURA (16),Total,Total,Main workers_Persons,190492,DDW-1600B-01SC-Census.xls,01SC
B0201SC,16,000,State - TRIPURA (16),Total,5-14,Main workers_Persons,767,DDW-1600B-01SC-Census.xls,01SC
B0201SC,16,000,State - TRIPURA (16),Total,15-34,Main workers_Persons,79755,DDW-1600B-01SC-Census.xls,01SC
B0201SC,16,000,State - TRIPURA (16),Total,35-59,Main workers_Persons,96010,DDW-1600B-01SC-Census.xls,01SC
B0201SC,16,000,State - TRIPURA (16),Total,60+,Main workers_Persons,13913,DDW-1600B-01SC-Census.xls,01SC
B0201SC,16,000,State - TRIPURA (16),Total,Age not stated,Main workers_Persons,47,DDW-1600B-01SC-Census.xls,01SC
B0201SC,16,000,State - TRIPURA (16),Total,15-59,Main workers_Persons,175765,DDW-1600B-01SC-Census.xls,01SC
B0201SC,16,000,State - TRIPURA (16),Rural,Total,Main workers_Persons,124980,DDW-1600B-01SC-Census.xls,01SC
B0201SC,16,000,State - TRIPURA (16),Rural,5-14,Main workers_Persons,519,DDW-1600B-01SC-Census.xls,01SC
B0201SC,16,000,State - TRIPURA (16),Rural,15-34,Main workers_Persons,53235,DDW-1600B-01SC-Census.xls,01SC
B0201SC,16,000,State - TRIPURA (16),Rural,35-59,Main workers_Persons,60941,DDW-1600B-01SC-Census.xls,01SC
B0201SC,16,000,State - TRIPURA (16),Rural,60+,Main workers_Persons,10262,DDW-1600B-01SC-Census.xls,01SC
B0201SC,16,000,State - TRIPURA (16),Rural,Age not stated,Main workers_Persons,23,DDW-1600B-01SC-Census.xls,01SC
B0201SC,16,000,State - TRIPURA (16),Rural,15-59,Main workers_Persons,114176,DDW-1600B-01SC-Census.xls,01SC
B0201SC,16,000,State - TRIPURA (16),Urban,Total,Main workers_Persons,65512,DDW-1600B-01SC-Census.xls,01SC
B0201SC,16,000,State - TRIPURA (16),Urban,5-14,Main workers_Persons,248,DDW-1600B-01SC-Census.xls,01SC
B0201SC,16,000,State - TRIPURA (16),Urban,15-34,Main workers_Persons,26520,DDW-1600B-01SC-Census.xls,01SC
B0201SC,16,000,State - TRIPURA (16),Urban,35-59,Main workers_Persons,35069,DDW-1600B-01SC-Census.xls,01SC
B0201SC,16,000,State - TRIPURA (16),Urban,60+,Main workers_Persons,3651,DDW-1600B-01SC-Census.xls,01SC
B0201SC,16,000,State - TRIPURA (16),Urban,Age not stated,Main workers_Persons,24,DDW-1600B-01SC-Census.xls,01SC
B0201SC,16,000,State - TRIPURA (16),Urban,15-59,Main workers_Persons,61589,DDW-1600B-01SC-Census.xls,01SC
B0201SC,16,289,District - West Tripura  (01),Total,Total,Main workers_Persons,101192,DDW-1600B-01SC-Census.xls,01SC
B0201SC,16,289,District - West Tripura  (01),Total,5-14,Main workers_Persons,412,DDW-1600B-01SC-Census.xls,01SC
B0201SC,16,289,District - West Tripura  (01),Total,15-34,Main workers_Persons,42593,DDW-1600B-01SC-Census.xls,01SC
B0201SC,16,289,District - West Tripura  (01),Total,35-59,Main workers_Persons,51321,DDW-1600B-01SC-Census.xls,01SC
B0201SC,16,289,District - West Tripura  (01),Total,60+,Main workers_Persons,6836,DDW-1600B-01SC-Census.xls,01SC
B0201SC,16,289,District - West Tripura  (01),Total,Age not stated,Main workers_Persons,30,DDW-1600B-01SC-Census.xls,01SC
B0201SC,16,289,District - West Tripura  (01),Total,15-59,Main workers_Persons,93914,DDW-1600B-01SC-Census.xls,01SC
B0201SC,16,289,District - West Tripura  (01),Rural,Total,Main workers_Persons,54651,DDW-1600B-01SC-Census.xls,01SC
B0201SC,16,289,District - West Tripura  (01),Rural,5-14,Main workers_Persons,226,DDW-1600B-01SC-Census.xls,01SC
B0201SC,16,289,District - West Tripura  (01),Rural,15-34,Main workers_Persons,23434,DDW-1600B-01SC-Census.xls,01SC
B0201SC,16,289,District - West Tripura  (01),Rural,35-59,Main workers_Persons,26673,DDW-1600B-01SC-Census.xls,01SC
B0201SC,16,289,District - West Tripura  (01),Rural,60+,Main workers_Persons,4308,DDW-1600B-01SC-Census.xls,01SC
B0201SC,16,289,District - West Tripura  (01),Rural,Age not stated,Main workers_Persons,10,DDW-1600B-01SC-Census.xls,01SC
B0201SC,16,289,District - West Tripura  (01),Rural,15-59,Main workers_Persons,50107,DDW-1600B-01SC-Census.xls,01SC
B0201SC,16,289,District - West Tripura  (01),Urban,Total,Main workers_Persons,46541,DDW-1600B-01SC-Census.xls,01SC
B0201SC,16,289,District - West Tripura  (01),Urban,5-14,Main workers_Persons,186,DDW-1600B-01SC-Census.xls,01SC
B0201SC,16,289,District - West Tripura  (01),Urban,15-34,Main workers_Persons,19159,DDW-1600B-01SC-Census.xls,01SC
B0201SC,16,289,District - West Tripura  (01),Urban,35-59,Main workers_Persons,24648,DDW-1600B-01SC-Census.xls,01SC
B0201SC,16,289,District - West Tripura  (01),Urban,60+,Main workers_Persons,2528,DDW-1600B-01SC-Census.xls,01SC
B0201SC,16,289,District - West Tripura  (01),Urban,Age not stated,Main workers_Persons,20,DDW-1600B-01SC-Census.xls,01SC
B0201SC,16,289,District - West Tripura  (01),Urban,15-59,Main workers_Persons,43807,DDW-1600B-01SC-Census.xls,01SC
B0201SC,16,290,District - South Tripura  (02),Total,Total,Main workers_Persons,40633,DDW-1600B-01SC-Census.xls,01SC
B0201SC,16,290,District - South Tripura  (02),Total,5-14,Main workers_Persons,131,DDW-1600B-01SC-Census.xls,01SC
B0201SC,16,290,District - South Tripura  (02),Total,15-34,Main workers_Persons,16729,DDW-1600B-01SC-Census.xls,01SC
B0201SC,16,290,District - South Tripura  (02),Total,35-59,Main workers_Persons,20544,DDW-1600B-01SC-Census.xls,01SC
B0201SC,16,290,District - South Tripura  (02),Total,60+,Main workers_Persons,3221,DDW-1600B-01SC-Census.xls,01SC
B0201SC,16,290,District - South Tripura  (02),Total,Age not stated,Main workers_Persons,8,DDW-1600B-01SC-Census.xls,01SC
B0201SC,16,290,District - South Tripura  (02),Total,15-59,Main workers_Persons,37273,DDW-1600B-01SC-Census.xls,01SC
B0201SC,16,290,District - South Tripura  (02),Rural,Total,Main workers_Persons,31961,DDW-1600B-01SC-Census.xls,01SC
B0201SC,16,290,District - South Tripura  (02),Rural,5-14,Main workers_Persons,103,DDW-1600B-01SC-Census.xls,01SC
B0201SC,16,290,District - South Tripura  (02),Rural,15-34,Main workers_Persons,13430,DDW-1600B-01SC-Census.xls,01SC
B0201SC,16,290,District - South Tripura  (02),Rural,35-59,Main workers_Persons,15705,DDW-1600B-01SC-Census.xls,01SC
B0201SC,16,290,District - South Tripura  (02),Rural,60+,Main workers_Persons,2717,DDW-1600B-01SC-Census.xls,01SC
B0201SC,16,290,District - South Tripura  (02),Rural,Age not stated,Main workers_Persons,6,DDW-1600B-01SC-Census.xls,01SC
B0201SC,16,290,District - South Tripura  (02),Rural,15-59,Main workers_Persons,29135,DDW-1600B-01SC-Census.xls,01SC
B0201SC,16,290,District - South Tripura  (02),Urban,Total,Main workers_Persons,8672,DDW-1600B-01SC-Census.xls,01SC
B0201SC,16,290,District - South Tripura  (02),Urban,5-14,Main workers_Persons,28,DDW-1600B-01SC-Census.xls,01SC
B0201SC,16,290,District - South Tripura  (02),Urban,15-34,Main workers_Persons,3299,DDW-1600B-01SC-Census.xls,01SC
B0201SC,16,290,District - South Tripura  (02),Urban,35-59,Main workers_Persons,4839,DDW-1600B-01SC-Census.xls,01SC
B0201SC,16,290,District - South Tripura  (02),Urban,60+,Main workers_Persons,504,DDW-1600B-01SC-Census.xls,01SC
B0201SC,16,290,District - South Tripura  (02),Urban,Age not stated,Main workers_Persons,2,DDW-1600B-01SC-Census.xls,01SC
B0201SC,16,290,District - South Tripura  (02),Urban,15-59,Main workers_Persons,8138,DDW-1600B-01SC-Census.xls,01SC
B0201SC,16,291,District - Dhalai (03),Total,Total,Main workers_Persons,17928,DDW-1600B-01SC-Census.xls,01SC
B0201SC,16,291,District - Dhalai (03),Total,5-14,Main workers_Persons,76,DDW-1600B-01SC-Census.xls,01SC
B0201SC,16,291,District - Dhalai (03),Total,15-34,Main workers_Persons,7634,DDW-1600B-01SC-Census.xls,01SC
B0201SC,16,291,District - Dhalai (03),Total,35-59,Main workers_Persons,8772,DDW-1600B-01SC-Census.xls,01SC
B0201SC,16,291,District - Dhalai (03),Total,60+,Main workers_Persons,1441,DDW-1600B-01SC-Census.xls,01SC
B0201SC,16,291,District - Dhalai (03),Total,Age not stated,Main workers_Persons,5,DDW-1600B-01SC-Census.xls,01SC
B0201SC,16,291,District - Dhalai (03),Total,15-59,Main workers_Persons,16406,DDW-1600B-01SC-Census.xls,01SC
B0201SC,16,291,District - Dhalai (03),Rural,Total,Main workers_Persons,14574,DDW-1600B-01SC-Census.xls,01SC
B0201SC,16,291,District - Dhalai (03),Rural,5-14,Main workers_Persons,66,DDW-1600B-01SC-Census.xls,01SC
B0201SC,16,291,District - Dhalai (03),Rural,15-34,Main workers_Persons,6284,DDW-1600B-01SC-Census.xls,01SC
B0201SC,16,291,District - Dhalai (03),Rural,35-59,Main workers_Persons,7007,DDW-1600B-01SC-Census.xls,01SC
B0201SC,16,291,District - Dhalai (03),Rural,60+,Main workers_Persons,1212,DDW-1600B-01SC-Census.xls,01SC
B0201SC,16,291,District - Dhalai (03),Rural,Age not stated,Main workers_Persons,5,DDW-1600B-01SC-Census.xls,01SC
B0201SC,16,291,District - Dhalai (03),Rural,15-59,Main workers_Persons,13291,DDW-1600B-01SC-Census.xls,01SC
B0201SC,16,291,District - Dhalai (03),Urban,Total,Main workers_Persons,3354,DDW-1600B-01SC-Census.xls,01SC
B0201SC,16,291,District - Dhalai (03),Urban,5-14,Main workers_Persons,10,DDW-1600B-01SC-Census.xls,01SC
B0201SC,16,291,District - Dhalai (03),Urban,15-34,Main workers_Persons,1350,DDW-1600B-01SC-Census.xls,01SC
B0201SC,16,291,District - Dhalai (03),Urban,35-59,Main workers_Persons,1765,DDW-1600B-01SC-Census.xls,01SC
B0201SC,16,291,District - Dhalai (03),Urban,60+,Main workers_Persons,229,DDW-1600B-01SC-Census.xls,01SC
B0201SC,16,291,District - Dhalai (03),Urban,Age not stated,Main workers_Persons,0,DDW-1600B-01SC-Census.xls,01SC
B0201SC,16,291,District - Dhalai (03),Urban,15-59,Main workers_Persons,3115,DDW-1600B-01SC-Census.xls,01SC
B0201SC,16,292,District - North Tripura (04),Total,Total,Main workers_Persons,30739,DDW-1600B-01SC-Census.xls,01SC
B0201SC,16,292,District - North Tripura (04),Total,5-14,Main workers_Persons,148,DDW-1600B-01SC-Census.xls,01SC
B0201SC,16,292,District - North Tripura (04),Total,15-34,Main workers_Persons,12799,DDW-1600B-01SC-Census.xls,01SC
B0201SC,16,292,District - North Tripura (04),Total,35-59,Main workers_Persons,15373,DDW-1600B-01SC-Census.xls,01SC
B0201SC,16,292,District - North Tripura (04),Total,60+,Main workers_Persons,2415,DDW-1600B-01SC-Census.xls,01SC
B0201SC,16,292,District - North Tripura (04),Total,Age not stated,Main workers_Persons,4,DDW-1600B-01SC-Census.xls,01SC
B0201SC,16,292,District - North Tripura (04),Total,15-59,Main workers_Persons,28172,DDW-1600B-01SC-Census.xls,01SC
B0201SC,16,292,District - North Tripura (04),Rural,Total,Main workers_Persons,23794,DDW-1600B-01SC-Census.xls,01SC
B0201SC,16,292,District - North Tripura (04),Rural,5-14,Main workers_Persons,124,DDW-1600B-01SC-Census.xls,01SC
B0201SC,16,292,District - North Tripura (04),Rural,15-34,Main workers_Persons,10087,DDW-1600B-01SC-Census.xls,01SC
B0201SC,16,292,District - North Tripura (04),Rural,35-59,Main workers_Persons,11556,DDW-1600B-01SC-Census.xls,01SC
B0201SC,16,292,District - North Tripura (04),Rural,60+,Main workers_Persons,2025,DDW-1600B-01SC-Census.xls,01SC
B0201SC,16,292,District - North Tripura (04),Rural,Age not stated,Main workers_Persons,2,DDW-1600B-01SC-Census.xls,01SC
B0201SC,16,292,District - North Tripura (04),Rural,15-59,Main workers_Persons,21643,DDW-1600B-01SC-Census.xls,01SC
B0201SC,16,292,District - North Tripura (04),Urban,Total,Main workers_Persons,6945,DDW-1600B-01SC-Census.xls,01SC
B0201SC,16,292,District - North Tripura (04),Urban,5-14,Main workers_Persons,24,DDW-1600B-01SC-Census.xls,01SC
B0201SC,16,292,District - North Tripura (04),Urban,15-34,Main workers_Persons,2712,DDW-1600B-01SC-Census.xls,01SC
B0201SC,16,292,District - North Tripura (04),Urban,35-59,Main workers_Persons,3817,DDW-1600B-01SC-Census.xls,01SC
B0201SC,16,292,District - North Tripura (04),Urban,60+,Main workers_Persons,390,DDW-1600B-01SC-Census.xls,01SC
B0201SC,16,292,District - North Tripura (04),Urban,Age not stated,Main workers_Persons,2,DDW-1600B-01SC-Census.xls,01SC
B0201SC,16,292,District - North Tripura (04),Urban,15-59,Main workers_Persons,6529,DDW-1600B-01SC-Census.xls,01SC
B0201SC,16,000,State - TRIPURA (16),Total,Total,Main workers_Males,162933,DDW-1600B-01SC-Census.xls,01SC
B0201SC,16,000,State - TRIPURA (16),Total,5-14,Main workers_Males,581,DDW-1600B-01SC-Census.xls,01SC
B0201SC,16,000,State - TRIPURA (16),Total,15-34,Main workers_Males,69783,DDW-1600B-01SC-Census.xls,01SC
B0201SC,16,000,State - TRIPURA (16),Total,35-59,Main workers_Males,80309,DDW-1600B-01SC-Census.xls,01SC
B0201SC,16,000,State - TRIPURA (16),Total,60+,Main workers_Males,12222,DDW-1600B-01SC-Census.xls,01SC
B0201SC,16,000,State - TRIPURA (16),Total,Age not stated,Main workers_Males,38,DDW-1600B-01SC-Census.xls,01SC
B0201SC,16,000,State - TRIPURA (16),Total,15-59,Main workers_Males,150092,DDW-1600B-01SC-Census.xls,01SC
B0201SC,16,000,State - TRIPURA (16),Rural,Total,Main workers_Males,108090,DDW-1600B-01SC-Census.xls,01SC
B0201SC,16,000,State - TRIPURA (16),Rural,5-14,Main workers_Males,400,DDW-1600B-01SC-Census.xls,01SC
B0201SC,16,000,State - TRIPURA (16),Rural,15-34,Main workers_Males,46836,DDW-1600B-01SC-Census.xls,01SC
B0201SC,16,000,State - TRIPURA (16),Rural,35-59,Main workers_Males,51708,DDW-1600B-01SC-Census.xls,01SC
B0201SC,16,000,State - TRIPURA (16),Rural,60+,Main workers_Males,9125,DDW-1600B-01SC-Census.xls,01SC
B0201SC,16,000,State - TRIPURA (16),Rural,Age not stated,Main workers_Males,21,DDW-1600B-01SC-Census.xls,01SC
B0201SC,16,000,State - TRIPURA (16),Rural,15-59,Main workers_Males,98544,DDW-1600B-01SC-Census.xls,01SC
B0201SC,16,000,State - TRIPURA (16),Urban,Total,Main workers_Males,54843,DDW-1600B-01SC-Census.xls,01SC
B0201SC,16,000,State - TRIPURA (16),Urban,5-14,Main workers_Males,181,DDW-1600B-01SC-Census.xls,01SC
B0201SC,16,000,State - TRIPURA (16),Urban,15-34,Main workers_Males,22947,DDW-1600B-01SC-Census.xls,01SC
B0201SC,16,000,State - TRIPURA (16),Urban,35-59,Main workers_Males,28601,DDW-1600B-01SC-Census.xls,01SC
B0201SC,16,000,State - TRIPURA (16),Urban,60+,Main workers_Males,3097,DDW-1600B-01SC-Census.xls,01SC
B0201SC,16,000,State - TRIPURA (16),Urban,Age not stated,Main workers_Males,17,DDW-1600B-01SC-Census.xls,01SC
B0201SC,16,000,State - TRIPURA (16),Urban,15-59,Main workers_Males,51548,DDW-1600B-01SC-Census.xls,01SC
B0201SC,16,289,District - West Tripura  (01),Total,Total,Main workers_Males,85332,DDW-1600B-01SC-Census.xls,01SC
B0201SC,16,289,District - West Tripura  (01),Total,5-14,Main workers_Males,307,DDW-1600B-01SC-Census.xls,01SC
B0201SC,16,289,District - West Tripura  (01),Total,15-34,Main workers_Males,36912,DDW-1600B-01SC-Census.xls,01SC
B0201SC,16,289,District - West Tripura  (01),Total,35-59,Main workers_Males,42215,DDW-1600B-01SC-Census.xls,01SC
B0201SC,16,289,District - West Tripura  (01),Total,60+,Main workers_Males,5876,DDW-1600B-01SC-Census.xls,01SC
B0201SC,16,289,District - West Tripura  (01),Total,Age not stated,Main workers_Males,22,DDW-1600B-01SC-Census.xls,01SC
B0201SC,16,289,District - West Tripura  (01),Total,15-59,Main workers_Males,79127,DDW-1600B-01SC-Census.xls,01SC
B0201SC,16,289,District - West Tripura  (01),Rural,Total,Main workers_Males,46766,DDW-1600B-01SC-Census.xls,01SC
B0201SC,16,289,District - West Tripura  (01),Rural,5-14,Main workers_Males,170,DDW-1600B-01SC-Census.xls,01SC
B0201SC,16,289,District - West Tripura  (01),Rural,15-34,Main workers_Males,20458,DDW-1600B-01SC-Census.xls,01SC
B0201SC,16,289,District - West Tripura  (01),Rural,35-59,Main workers_Males,22361,DDW-1600B-01SC-Census.xls,01SC
B0201SC,16,289,District - West Tripura  (01),Rural,60+,Main workers_Males,3768,DDW-1600B-01SC-Census.xls,01SC
B0201SC,16,289,District - West Tripura  (01),Rural,Age not stated,Main workers_Males,9,DDW-1600B-01SC-Census.xls,01SC
B0201SC,16,289,District - West Tripura  (01),Rural,15-59,Main workers_Males,42819,DDW-1600B-01SC-Census.xls,01SC
B0201SC,16,289,District - West Tripura  (01),Urban,Total,Main workers_Males,38566,DDW-1600B-01SC-Census.xls,01SC
B0201SC,16,289,District - West Tripura  (01),Urban,5-14,Main workers_Males,137,DDW-1600B-01SC-Census.xls,01SC
B0201SC,16,289,District - West Tripura  (01),Urban,15-34,Main workers_Males,16454,DDW-1600B-01SC-Census.xls,01SC
B0201SC,16,289,District - West Tripura  (01),Urban,35-59,Main workers_Males,19854,DDW-1600B-01SC-Census.xls,01SC
B0201SC,16,289,District - West Tripura  (01),Urban,60+,Main workers_Males,2108,DDW-1600B-01SC-Census.xls,01SC
B0201SC,16,289,District - West Tripura  (01),Urban,Age not stated,Main workers_Males,13,DDW-1600B-01SC-Census.xls,01SC
B0201SC,16,289,District - West Tripura  (01),Urban,15-59,Main workers_Males,36308,DDW-1600B-01SC-Census.xls,01SC
B0201SC,16,290,District - South Tripura  (02),Total,Total,Main workers_Males,35684,DDW-1600B-01SC-Census.xls,01SC
B0201SC,16,290,District - South Tripura  (02),Total,5-14,Main workers_Males,105,DDW-1600B-01SC-Census.xls,01SC
B0201SC,16,290,District - South Tripura  (02),Total,15-34,Main workers_Males,14985,DDW-1600B-01SC-Census.xls,01SC
B0201SC,16,290,District - South Tripura  (02),Total,35-59,Main workers_Males,17675,DDW-1600B-01SC-Census.xls,01SC
B0201SC,16,290,District - South Tripura  (02),Total,60+,Main workers_Males,2912,DDW-1600B-01SC-Census.xls,01SC
B0201SC,16,290,District - South Tripura  (02),Total,Age not stated,Main workers_Males,7,DDW-1600B-01SC-Census.xls,01SC
B0201SC,16,290,District - South Tripura  (02),Total,15-59,Main workers_Males,32660,DDW-1600B-01SC-Census.xls,01SC
B0201SC,16,290,District - South Tripura  (02),Rural,Total,Main workers_Males,28093,DDW-1600B-01SC-Census.xls,01SC
B0201SC,16,290,District - South Tripura  (02),Rural,5-14,Main workers_Males,85,DDW-1600B-01SC-Census.xls,01SC
B0201SC,16,290,District - South Tripura  (02),Rural,15-34,Main workers_Males,11987,DDW-1600B-01SC-Census.xls,01SC
B0201SC,16,290,District - South Tripura  (02),Rural,35-59,Main workers_Males,13556,DDW-1600B-01SC-Census.xls,01SC
B0201SC,16,290,District - South Tripura  (02),Rural,60+,Main workers_Males,2460,DDW-1600B-01SC-Census.xls,01SC
B0201SC,16,290,District - South Tripura  (02),Rural,Age not stated,Main workers_Males,5,DDW-1600B-01SC-Census.xls,01SC
B0201SC,16,290,District - South Tripura  (02),Rural,15-59,Main workers_Males,25543,DDW-1600B-01SC-Census.xls,01SC
B0201SC,16,290,District - South Tripura  (02),Urban,Total,Main workers_Males,7591,DDW-1600B-01SC-Census.xls,01SC
B0201SC,16,290,District - South Tripura  (02),Urban,5-14,Main workers_Males,20,DDW-1600B-01SC-Census.xls,01SC
B0201SC,16,290,District - South Tripura  (02),Urban,15-34,Main workers_Males,2998,DDW-1600B-01SC-Census.xls,01SC
B0201SC,16,290,District - South Tripura  (02),Urban,35-59,Main workers_Males,4119,DDW-1600B-01SC-Census.xls,01SC
B0201SC,16,290,District - South Tripura  (02),Urban,60+,Main workers_Males,452,DDW-1600B-01SC-Census.xls,01SC
B0201SC,16,290,District - South Tripura  (02),Urban,Age not stated,Main workers_Males,2,DDW-1600B-01SC-Census.xls,01SC
B0201SC,16,290,District - South Tripura  (02),Urban,15-59,Main workers_Males,7117,DDW-1600B-01SC-Census.xls,01SC
B0201SC,16,291,District - Dhalai (03),Total,Total,Main workers_Males,15340,DDW-1600B-01SC-Census.xls,01SC
B0201SC,16,291,District - Dhalai (03),Total,5-14,Main workers_Males,60,DDW-1600B-01SC-Census.xls,01SC
B0201SC,16,291,District - Dhalai (03),Total,15-34,Main workers_Males,6659,DDW-1600B-01SC-Census.xls,01SC
B0201SC,16,291,District - Dhalai (03),Total,35-59,Main workers_Males,7354,DDW-1600B-01SC-Census.xls,01SC
B0201SC,16,291,District - Dhalai (03),Total,60+,Main workers_Males,1262,DDW-1600B-01SC-Census.xls,01SC
B0201SC,16,291,District - Dhalai (03),Total,Age not stated,Main workers_Males,5,DDW-1600B-01SC-Census.xls,01SC
B0201SC,16,291,District - Dhalai (03),Total,15-59,Main workers_Males,14013,DDW-1600B-01SC-Census.xls,01SC
B0201SC,16,291,District - Dhalai (03),Rural,Total,Main workers_Males,12482,DDW-1600B-01SC-Census.xls,01SC
B0201SC,16,291,District - Dhalai (03),Rural,5-14,Main workers_Males,53,DDW-1600B-01SC-Census.xls,01SC
B0201SC,16,291,District - Dhalai (03),Rural,15-34,Main workers_Males,5479,DDW-1600B-01SC-Census.xls,01SC
B0201SC,16,291,District - Dhalai (03),Rural,35-59,Main workers_Males,5872,DDW-1600B-01SC-Census.xls,01SC
B0201SC,16,291,District - Dhalai (03),Rural,60+,Main workers_Males,1073,DDW-1600B-01SC-Census.xls,01SC
B0201SC,16,291,District - Dhalai (03),Rural,Age not stated,Main workers_Males,5,DDW-1600B-01SC-Census.xls,01SC
B0201SC,16,291,District - Dhalai (03),Rural,15-59,Main workers_Males,11351,DDW-1600B-01SC-Census.xls,01SC
B0201SC,16,291,District - Dhalai (03),Urban,Total,Main workers_Males,2858,DDW-1600B-01SC-Census.xls,01SC
B0201SC,16,291,District - Dhalai (03),Urban,5-14,Main workers_Males,7,DDW-1600B-01SC-Census.xls,01SC
B0201SC,16,291,District - Dhalai (03),Urban,15-34,Main workers_Males,1180,DDW-1600B-01SC-Census.xls,01SC
B0201SC,16,291,District - Dhalai (03),Urban,35-59,Main workers_Males,1482,DDW-1600B-01SC-Census.xls,01SC
B0201SC,16,291,District - Dhalai (03),Urban,60+,Main workers_Males,189,DDW-1600B-01SC-Census.xls,01SC
B0201SC,16,291,District - Dhalai (03),Urban,Age not stated,Main workers_Males,0,DDW-1600B-01SC-Census.xls,01SC
B0201SC,16,291,District - Dhalai (03),Urban,15-59,Main workers_Males,2662,DDW-1600B-01SC-Census.xls,01SC
B0201SC,16,292,District - North Tripura (04),Total,Total,Main workers_Males,26577,DDW-1600B-01SC-Census.xls,01SC
B0201SC,16,292,District - North Tripura (04),Total,5-14,Main workers_Males,109,DDW-1600B-01SC-Census.xls,01SC
B0201SC,16,292,District - North Tripura (04),Total,15-34,Main workers_Males,11227,DDW-1600B-01SC-Census.xls,01SC
B0201SC,16,292,District - North Tripura (04),Total,35-59,Main workers_Males,13065,DDW-1600B-01SC-Census.xls,01SC
B0201SC,16,292,District - North Tripura (04),Total,60+,Main workers_Males,2172,DDW-1600B-01SC-Census.xls,01SC
B0201SC,16,292,District - North Tripura (04),Total,Age not stated,Main workers_Males,4,DDW-1600B-01SC-Census.xls,01SC
B0201SC,16,292,District - North Tripura (04),Total,15-59,Main workers_Males,24292,DDW-1600B-01SC-Census.xls,01SC
B0201SC,16,292,District - North Tripura (04),Rural,Total,Main workers_Males,20749,DDW-1600B-01SC-Census.xls,01SC
B0201SC,16,292,District - North Tripura (04),Rural,5-14,Main workers_Males,92,DDW-1600B-01SC-Census.xls,01SC
B0201SC,16,292,District - North Tripura (04),Rural,15-34,Main workers_Males,8912,DDW-1600B-01SC-Census.xls,01SC
B0201SC,16,292,District - North Tripura (04),Rural,35-59,Main workers_Males,9919,DDW-1600B-01SC-Census.xls,01SC
B0201SC,16,292,District - North Tripura (04),Rural,60+,Main workers_Males,1824,DDW-1600B-01SC-Census.xls,01SC
B0201SC,16,292,District - North Tripura (04),Rural,Age not stated,Main workers_Males,2,DDW-1600B-01SC-Census.xls,01SC
B0201SC,16,292,District - North Tripura (04),Rural,15-59,Main workers_Males,18831,DDW-1600B-01SC-Census.xls,01SC
B0201SC,16,292,District - North Tripura (04),Urban,Total,Main workers_Males,5828,DDW-1600B-01SC-Census.xls,01SC
B0201SC,16,292,District - North Tripura (04),Urban,5-14,Main workers_Males,17,DDW-1600B-01SC-Census.xls,01SC
B0201SC,16,292,District - North Tripura (04),Urban,15-34,Main workers_Males,2315,DDW-1600B-01SC-Census.xls,01SC
B0201SC,16,292,District - North Tripura (04),Urban,35-59,Main workers_Males,3146,DDW-1600B-01SC-Census.xls,01SC
B0201SC,16,292,District - North Tripura (04),Urban,60+,Main workers_Males,348,DDW-1600B-01SC-Census.xls,01SC
B0201SC,16,292,District - North Tripura (04),Urban,Age not stated,Main workers_Males,2,DDW-1600B-01SC-Census.xls,01SC
B0201SC,16,292,District - North Tripura (04),Urban,15-59,Main workers_Males,5461,DDW-1600B-01SC-Census.xls,01SC
B0201SC,16,000,State - TRIPURA (16),Total,Total,Main workers_Females,27559,DDW-1600B-01SC-Census.xls,01SC
B0201SC,16,000,State - TRIPURA (16),Total,5-14,Main workers_Females,186,DDW-1600B-01SC-Census.xls,01SC
B0201SC,16,000,State - TRIPURA (16),Total,15-34,Main workers_Females,9972,DDW-1600B-01SC-Census.xls,01SC
B0201SC,16,000,State - TRIPURA (16),Total,35-59,Main workers_Females,15701,DDW-1600B-01SC-Census.xls,01SC
B0201SC,16,000,State - TRIPURA (16),Total,60+,Main workers_Females,1691,DDW-1600B-01SC-Census.xls,01SC
B0201SC,16,000,State - TRIPURA (16),Total,Age not stated,Main workers_Females,9,DDW-1600B-01SC-Census.xls,01SC
B0201SC,16,000,State - TRIPURA (16),Total,15-59,Main workers_Females,25673,DDW-1600B-01SC-Census.xls,01SC
B0201SC,16,000,State - TRIPURA (16),Rural,Total,Main workers_Females,16890,DDW-1600B-01SC-Census.xls,01SC
B0201SC,16,000,State - TRIPURA (16),Rural,5-14,Main workers_Females,119,DDW-1600B-01SC-Census.xls,01SC
B0201SC,16,000,State - TRIPURA (16),Rural,15-34,Main workers_Females,6399,DDW-1600B-01SC-Census.xls,01SC
B0201SC,16,000,State - TRIPURA (16),Rural,35-59,Main workers_Females,9233,DDW-1600B-01SC-Census.xls,01SC
B0201SC,16,000,State - TRIPURA (16),Rural,60+,Main workers_Females,1137,DDW-1600B-01SC-Census.xls,01SC
B0201SC,16,000,State - TRIPURA (16),Rural,Age not stated,Main workers_Females,2,DDW-1600B-01SC-Census.xls,01SC
B0201SC,16,000,State - TRIPURA (16),Rural,15-59,Main workers_Females,15632,DDW-1600B-01SC-Census.xls,01SC
B0201SC,16,000,State - TRIPURA (16),Urban,Total,Main workers_Females,10669,DDW-1600B-01SC-Census.xls,01SC
B0201SC,16,000,State - TRIPURA (16),Urban,5-14,Main workers_Females,67,DDW-1600B-01SC-Census.xls,01SC
B0201SC,16,000,State - TRIPURA (16),Urban,15-34,Main workers_Females,3573,DDW-1600B-01SC-Census.xls,01SC
B0201SC,16,000,State - TRIPURA (16),Urban,35-59,Main workers_Females,6468,DDW-1600B-01SC-Census.xls,01SC
B0201SC,16,000,State - TRIPURA (16),Urban,60+,Main workers_Females,554,DDW-1600B-01SC-Census.xls,01SC
B0201SC,16,000,State - TRIPURA (16),Urban,Age not stated,Main workers_Females,7,DDW-1600B-01SC-Census.xls,01SC
B0201SC,16,000,State - TRIPURA (16),Urban,15-59,Main workers_Females,10041,DDW-1600B-01SC-Census.xls,01SC
B0201SC,16,289,District - West Tripura  (01),Total,Total,Main workers_Females,15860,DDW-1600B-01SC-Census.xls,01SC
B0201SC,16,289,District - West Tripura  (01),Total,5-14,Main workers_Females,105,DDW-1600B-01SC-Census.xls,01SC
B0201SC,16,289,District - West Tripura  (01),Total,15-34,Main workers_Females,5681,DDW-1600B-01SC-Census.xls,01SC
B0201SC,16,289,District - West Tripura  (01),Total,35-59,Main workers_Females,9106,DDW-1600B-01SC-Census.xls,01SC
B0201SC,16,289,District - West Tripura  (01),Total,60+,Main workers_Females,960,DDW-1600B-01SC-Census.xls,01SC
B0201SC,16,289,District - West Tripura  (01),Total,Age not stated,Main workers_Females,8,DDW-1600B-01SC-Census.xls,01SC
B0201SC,16,289,District - West Tripura  (01),Total,15-59,Main workers_Females,14787,DDW-1600B-01SC-Census.xls,01SC
B0201SC,16,289,District - West Tripura  (01),Rural,Total,Main workers_Females,7885,DDW-1600B-01SC-Census.xls,01SC
B0201SC,16,289,District - West Tripura  (01),Rural,5-14,Main workers_Females,56,DDW-1600B-01SC-Census.xls,01SC
B0201SC,16,289,District - West Tripura  (01),Rural,15-34,Main workers_Females,2976,DDW-1600B-01SC-Census.xls,01SC
B0201SC,16,289,District - West Tripura  (01),Rural,35-59,Main workers_Females,4312,DDW-1600B-01SC-Census.xls,01SC
B0201SC,16,289,District - West Tripura  (01),Rural,60+,Main workers_Females,540,DDW-1600B-01SC-Census.xls,01SC
B0201SC,16,289,District - West Tripura  (01),Rural,Age not stated,Main workers_Females,1,DDW-1600B-01SC-Census.xls,01SC
B0201SC,16,289,District - West Tripura  (01),Rural,15-59,Main workers_Females,7288,DDW-1600B-01SC-Census.xls,01SC
B0201SC,16,289,District - West Tripura  (01),Urban,Total,Main workers_Females,7975,DDW-1600B-01SC-Census.xls,01SC
B0201SC,16,289,District - West Tripura  (01),Urban,5-14,Main workers_Females,49,DDW-1600B-01SC-Census.xls,01SC
B0201SC,16,289,District - West Tripura  (01),Urban,15-34,Main workers_Females,2705,DDW-1600B-01SC-Census.xls,01SC
B0201SC,16,289,District - West Tripura  (01),Urban,35-59,Main workers_Females,4794,DDW-1600B-01SC-Census.xls,01SC
B0201SC,16,289,District - West Tripura  (01),Urban,60+,Main workers_Females,420,DDW-1600B-01SC-Census.xls,01SC
B0201SC,16,289,District - West Tripura  (01),Urban,Age not stated,Main workers_Females,7,DDW-1600B-01SC-Census.xls,01SC
B0201SC,16,289,District - West Tripura  (01),Urban,15-59,Main workers_Females,7499,DDW-1600B-01SC-Census.xls,01SC
B0201SC,16,290,District - South Tripura  (02),Total,Total,Main workers_Females,4949,DDW-1600B-01SC-Census.xls,01SC
B0201SC,16,290,District - South Tripura  (02),Total,5-14,Main workers_Females,26,DDW-1600B-01SC-Census.xls,01SC
B0201SC,16,290,District - South Tripura  (02),Total,15-34,Main workers_Females,1744,DDW-1600B-01SC-Census.xls,01SC
B0201SC,16,290,District - South Tripura  (02),Total,35-59,Main workers_Females,2869,DDW-1600B-01SC-Census.xls,01SC
B0201SC,16,290,District - South Tripura  (02),Total,60+,Main workers_Females,309,DDW-1600B-01SC-Census.xls,01SC
B0201SC,16,290,District - South Tripura  (02),Total,Age not stated,Main workers_Females,1,DDW-1600B-01SC-Census.xls,01SC
B0201SC,16,290,District - South Tripura  (02),Total,15-59,Main workers_Females,4613,DDW-1600B-01SC-Census.xls,01SC
B0201SC,16,290,District - South Tripura  (02),Rural,Total,Main workers_Females,3868,DDW-1600B-01SC-Census.xls,01SC
B0201SC,16,290,District - South Tripura  (02),Rural,5-14,Main workers_Females,18,DDW-1600B-01SC-Census.xls,01SC
B0201SC,16,290,District - South Tripura  (02),Rural,15-34,Main workers_Females,1443,DDW-1600B-01SC-Census.xls,01SC
B0201SC,16,290,District - South Tripura  (02),Rural,35-59,Main workers_Females,2149,DDW-1600B-01SC-Census.xls,01SC
B0201SC,16,290,District - South Tripura  (02),Rural,60+,Main workers_Females,257,DDW-1600B-01SC-Census.xls,01SC
B0201SC,16,290,District - South Tripura  (02),Rural,Age not stated,Main workers_Females,1,DDW-1600B-01SC-Census.xls,01SC
B0201SC,16,290,District - South Tripura  (02),Rural,15-59,Main workers_Females,3592,DDW-1600B-01SC-Census.xls,01SC
B0201SC,16,290,District - South Tripura  (02),Urban,Total,Main workers_Females,1081,DDW-1600B-01SC-Census.xls,01SC
B0201SC,16,290,District - South Tripura  (02),Urban,5-14,Main workers_Females,8,DDW-1600B-01SC-Census.xls,01SC
B0201SC,16,290,District - South Tripura  (02),Urban,15-34,Main workers_Females,301,DDW-1600B-01SC-Census.xls,01SC
B0201SC,16,290,District - South Tripura  (02),Urban,35-59,Main workers_Females,720,DDW-1600B-01SC-Census.xls,01SC
B0201SC,16,290,District - South Tripura  (02),Urban,60+,Main workers_Females,52,DDW-1600B-01SC-Census.xls,01SC
B0201SC,16,290,District - South Tripura  (02),Urban,Age not stated,Main workers_Females,0,DDW-1600B-01SC-Census.xls,01SC
B0201SC,16,290,District - South Tripura  (02),Urban,15-59,Main workers_Females,1021,DDW-1600B-01SC-Census.xls,01SC
B0201SC,16,291,District - Dhalai (03),Total,Total,Main workers_Females,2588,DDW-1600B-01SC-Census.xls,01SC
B0201SC,16,291,District - Dhalai (03),Total,5-14,Main workers_Females,16,DDW-1600B-01SC-Census.xls,01SC
B0201SC,16,291,District - Dhalai (03),Total,15-34,Main workers_Females,975,DDW-1600B-01SC-Census.xls,01SC
B0201SC,16,291,District - Dhalai (03),Total,35-59,Main workers_Females,1418,DDW-1600B-01SC-Census.xls,01SC
B0201SC,16,291,District - Dhalai (03),Total,60+,Main workers_Females,179,DDW-1600B-01SC-Census.xls,01SC
B0201SC,16,291,District - Dhalai (03),Total,Age not stated,Main workers_Females,0,DDW-1600B-01SC-Census.xls,01SC
B0201SC,16,291,District - Dhalai (03),Total,15-59,Main workers_Females,2393,DDW-1600B-01SC-Census.xls,01SC
B0201SC,16,291,District - Dhalai (03),Rural,Total,Main workers_Females,2092,DDW-1600B-01SC-Census.xls,01SC
B0201SC,16,291,District - Dhalai (03),Rural,5-14,Main workers_Females,13,DDW-1600B-01SC-Census.xls,01SC
B0201SC,16,291,District - Dhalai (03),Rural,15-34,Main workers_Females,805,DDW-1600B-01SC-Census.xls,01SC
B0201SC,16,291,District - Dhalai (03),Rural,35-59,Main workers_Females,1135,DDW-1600B-01SC-Census.xls,01SC
B0201SC,16,291,District - Dhalai (03),Rural,60+,Main workers_Females,139,DDW-1600B-01SC-Census.xls,01SC
B0201SC,16,291,District - Dhalai (03),Rural,Age not stated,Main workers_Females,0,DDW-1600B-01SC-Census.xls,01SC
B0201SC,16,291,District - Dhalai (03),Rural,15-59,Main workers_Females,1940,DDW-1600B-01SC-Census.xls,01SC
B0201SC,16,291,District - Dhalai (03),Urban,Total,Main workers_Females,496,DDW-1600B-01SC-Census.xls,01SC
B0201SC,16,291,District - Dhalai (03),Urban,5-14,Main workers_Females,3,DDW-1600B-01SC-Census.xls,01SC
B0201SC,16,291,District - Dhalai (03),Urban,15-34,Main workers_Females,170,DDW-1600B-01SC-Census.xls,01SC
B0201SC,16,291,District - Dhalai (03),Urban,35-59,Main workers_Females,283,DDW-1600B-01SC-Census.xls,01SC
B0201SC,16,291,District - Dhalai (03),Urban,60+,Main workers_Females,40,DDW-1600B-01SC-Census.xls,01SC
B0201SC,16,291,District - Dhalai (03),Urban,Age not stated,Main workers_Females,0,DDW-1600B-01SC-Census.xls,01SC
B0201SC,16,291,District - Dhalai (03),Urban,15-59,Main workers_Females,453,DDW-1600B-01SC-Census.xls,01SC
B0201SC,16,292,District - North Tripura (04),Total,Total,Main workers_Females,4162,DDW-1600B-01SC-Census.xls,01SC
B0201SC,16,292,District - North Tripura (04),Total,5-14,Main workers_Females,39,DDW-1600B-01SC-Census.xls,01SC
B0201SC,16,292,District - North Tripura (04),Total,15-34,Main workers_Females,1572,DDW-1600B-01SC-Census.xls,01SC
B0201SC,16,292,District - North Tripura (04),Total,35-59,Main workers_Females,2308,DDW-1600B-01SC-Census.xls,01SC
B0201SC,16,292,District - North Tripura (04),Total,60+,Main workers_Females,243,DDW-1600B-01SC-Census.xls,01SC
B0201SC,16,292,District - North Tripura (04),Total,Age not stated,Main workers_Females,0,DDW-1600B-01SC-Census.xls,01SC
B0201SC,16,292,District - North Tripura (04),Total,15-59,Main workers_Females,3880,DDW-1600B-01SC-Census.xls,01SC
B0201SC,16,292,District - North Tripura (04),Rural,Total,Main workers_Females,3045,DDW-1600B-01SC-Census.xls,01SC
B0201SC,16,292,District - North Tripura (04),Rural,5-14,Main workers_Females,32,DDW-1600B-01SC-Census.xls,01SC
B0201SC,16,292,District - North Tripura (04),Rural,15-34,Main workers_Females,1175,DDW-1600B-01SC-Census.xls,01SC
B0201SC,16,292,District - North Tripura (04),Rural,35-59,Main workers_Females,1637,DDW-1600B-01SC-Census.xls,01SC
B0201SC,16,292,District - North Tripura (04),Rural,60+,Main workers_Females,201,DDW-1600B-01SC-Census.xls,01SC
B0201SC,16,292,District - North Tripura (04),Rural,Age not stated,Main workers_Females,0,DDW-1600B-01SC-Census.xls,01SC
B0201SC,16,292,District - North Tripura (04),Rural,15-59,Main workers_Females,2812,DDW-1600B-01SC-Census.xls,01SC
B0201SC,16,292,District - North Tripura (04),Urban,Total,Main workers_Females,1117,DDW-1600B-01SC-Census.xls,01SC
B0201SC,16,292,District - North Tripura (04),Urban,5-14,Main workers_Females,7,DDW-1600B-01SC-Census.xls,01SC
B0201SC,16,292,District - North Tripura (04),Urban,15-34,Main workers_Females,397,DDW-1600B-01SC-Census.xls,01SC
B0201SC,16,292,District - North Tripura (04),Urban,35-59,Main workers_Females,671,DDW-1600B-01SC-Census.xls,01SC
B0201SC,16,292,District - North Tripura (04),Urban,60+,Main workers_Females,42,DDW-1600B-01SC-Census.xls,01SC
B0201SC,16,292,District - North Tripura (04),Urban,Age not stated,Main workers_Females,0,DDW-1600B-01SC-Census.xls,01SC
B0201SC,16,292,District - North Tripura (04),Urban,15-59,Main workers_Females,1068,DDW-1600B-01SC-Census.xls,01SC
B0201SC,16,000,State - TRIPURA (16),Total,Total,Marginal workers_Worked for less than_3 months_Total_Persons,17658,DDW-1600B-01SC-Census.xls,01SC
B0201SC,16,000,State - TRIPURA (16),Total,5-14,Marginal workers_Worked for less than_3 months_Total_Persons,224,DDW-1600B-01SC-Census.xls,01SC
B0201SC,16,000,State - TRIPURA (16),Total,15-34,Marginal workers_Worked for less than_3 months_Total_Persons,9000,DDW-1600B-01SC-Census.xls,01SC
B0201SC,16,000,State - TRIPURA (16),Total,35-59,Marginal workers_Worked for less than_3 months_Total_Persons,7100,DDW-1600B-01SC-Census.xls,01SC
B0201SC,16,000,State - TRIPURA (16),Total,60+,Marginal workers_Worked for less than_3 months_Total_Persons,1330,DDW-1600B-01SC-Census.xls,01SC
B0201SC,16,000,State - TRIPURA (16),Total,Age not stated,Marginal workers_Worked for less than_3 months_Total_Persons,4,DDW-1600B-01SC-Census.xls,01SC
B0201SC,16,000,State - TRIPURA (16),Total,15-59,Marginal workers_Worked for less than_3 months_Total_Persons,16100,DDW-1600B-01SC-Census.xls,01SC
B0201SC,16,000,State - TRIPURA (16),Rural,Total,Marginal workers_Worked for less than_3 months_Total_Persons,13137,DDW-1600B-01SC-Census.xls,01SC
B0201SC,16,000,State - TRIPURA (16),Rural,5-14,Marginal workers_Worked for less than_3 months_Total_Persons,183,DDW-1600B-01SC-Census.xls,01SC
B0201SC,16,000,State - TRIPURA (16),Rural,15-34,Marginal workers_Worked for less than_3 months_Total_Persons,6828,DDW-1600B-01SC-Census.xls,01SC
B0201SC,16,000,State - TRIPURA (16),Rural,35-59,Marginal workers_Worked for less than_3 months_Total_Persons,5151,DDW-1600B-01SC-Census.xls,01SC
B0201SC,16,000,State - TRIPURA (16),Rural,60+,Marginal workers_Worked for less than_3 months_Total_Persons,972,DDW-1600B-01SC-Census.xls,01SC
B0201SC,16,000,State - TRIPURA (16),Rural,Age not stated,Marginal workers_Worked for less than_3 months_Total_Persons,3,DDW-1600B-01SC-Census.xls,01SC
B0201SC,16,000,State - TRIPURA (16),Rural,15-59,Marginal workers_Worked for less than_3 months_Total_Persons,11979,DDW-1600B-01SC-Census.xls,01SC
B0201SC,16,000,State - TRIPURA (16),Urban,Total,Marginal workers_Worked for less than_3 months_Total_Persons,4521,DDW-1600B-01SC-Census.xls,01SC
B0201SC,16,000,State - TRIPURA (16),Urban,5-14,Marginal workers_Worked for less than_3 months_Total_Persons,41,DDW-1600B-01SC-Census.xls,01SC
B0201SC,16,000,State - TRIPURA (16),Urban,15-34,Marginal workers_Worked for less than_3 months_Total_Persons,2172,DDW-1600B-01SC-Census.xls,01SC
B0201SC,16,000,State - TRIPURA (16),Urban,35-59,Marginal workers_Worked for less than_3 months_Total_Persons,1949,DDW-1600B-01SC-Census.xls,01SC
B0201SC,16,000,State - TRIPURA (16),Urban,60+,Marginal workers_Worked for less than_3 months_Total_Persons,358,DDW-1600B-01SC-Census.xls,01SC
B0201SC,16,000,State - TRIPURA (16),Urban,Age not stated,Marginal workers_Worked for less than_3 months_Total_Persons,1,DDW-1600B-01SC-Census.xls,01SC
B0201SC,16,000,State - TRIPURA (16),Urban,15-59,Marginal workers_Worked for less than_3 months_Total_Persons,4121,DDW-1600B-01SC-Census.xls,01SC
B0201SC,16,289,District - West Tripura  (01),Total,Total,Marginal workers_Worked for less than_3 months_Total_Persons,8655,DDW-1600B-01SC-Census.xls,01SC
B0201SC,16,289,District - West Tripura  (01),Total,5-14,Marginal workers_Worked for less than_3 months_Total_Persons,119,DDW-1600B-01SC-Census.xls,01SC
B0201SC,16,289,District - West Tripura  (01),Total,15-34,Marginal workers_Worked for less than_3 months_Total_Persons,4373,DDW-1600B-01SC-Census.xls,01SC
B0201SC,16,289,District - West Tripura  (01),Total,35-59,Marginal workers_Worked for less than_3 months_Total_Persons,3496,DDW-1600B-01SC-Census.xls,01SC
B0201SC,16,289,District - West Tripura  (01),Total,60+,Marginal workers_Worked for less than_3 months_Total_Persons,664,DDW-1600B-01SC-Census.xls,01SC
B0201SC,16,289,District - West Tripura  (01),Total,Age not stated,Marginal workers_Worked for less than_3 months_Total_Persons,3,DDW-1600B-01SC-Census.xls,01SC
B0201SC,16,289,District - West Tripura  (01),Total,15-59,Marginal workers_Worked for less than_3 months_Total_Persons,7869,DDW-1600B-01SC-Census.xls,01SC
B0201SC,16,289,District - West Tripura  (01),Rural,Total,Marginal workers_Worked for less than_3 months_Total_Persons,5077,DDW-1600B-01SC-Census.xls,01SC
B0201SC,16,289,District - West Tripura  (01),Rural,5-14,Marginal workers_Worked for less than_3 months_Total_Persons,89,DDW-1600B-01SC-Census.xls,01SC
B0201SC,16,289,District - West Tripura  (01),Rural,15-34,Marginal workers_Worked for less than_3 months_Total_Persons,2655,DDW-1600B-01SC-Census.xls,01SC
B0201SC,16,289,District - West Tripura  (01),Rural,35-59,Marginal workers_Worked for less than_3 months_Total_Persons,1946,DDW-1600B-01SC-Census.xls,01SC
B0201SC,16,289,District - West Tripura  (01),Rural,60+,Marginal workers_Worked for less than_3 months_Total_Persons,385,DDW-1600B-01SC-Census.xls,01SC
B0201SC,16,289,District - West Tripura  (01),Rural,Age not stated,Marginal workers_Worked for less than_3 months_Total_Persons,2,DDW-1600B-01SC-Census.xls,01SC
B0201SC,16,289,District - West Tripura  (01),Rural,15-59,Marginal workers_Worked for less than_3 months_Total_Persons,4601,DDW-1600B-01SC-Census.xls,01SC
B0201SC,16,289,District - West Tripura  (01),Urban,Total,Marginal workers_Worked for less than_3 months_Total_Persons,3578,DDW-1600B-01SC-Census.xls,01SC
B0201SC,16,289,District - West Tripura  (01),Urban,5-14,Marginal workers_Worked for less than_3 months_Total_Persons,30,DDW-1600B-01SC-Census.xls,01SC
B0201SC,16,289,District - West Tripura  (01),Urban,15-34,Marginal workers_Worked for less than_3 months_Total_Persons,1718,DDW-1600B-01SC-Census.xls,01SC
B0201SC,16,289,District - West Tripura  (01),Urban,35-59,Marginal workers_Worked for less than_3 months_Total_Persons,1550,DDW-1600B-01SC-Census.xls,01SC
B0201SC,16,289,District - West Tripura  (01),Urban,60+,Marginal workers_Worked for less than_3 months_Total_Persons,279,DDW-1600B-01SC-Census.xls,01SC
B0201SC,16,289,District - West Tripura  (01),Urban,Age not stated,Marginal workers_Worked for less than_3 months_Total_Persons,1,DDW-1600B-01SC-Census.xls,01SC
B0201SC,16,289,District - West Tripura  (01),Urban,15-59,Marginal workers_Worked for less than_3 months_Total_Persons,3268,DDW-1600B-01SC-Census.xls,01SC
B0201SC,16,290,District - South Tripura  (02),Total,Total,Marginal workers_Worked for less than_3 months_Total_Persons,5354,DDW-1600B-01SC-Census.xls,01SC
B0201SC,16,290,District - South Tripura  (02),Total,5-14,Marginal workers_Worked for less than_3 months_Total_Persons,66,DDW-1600B-01SC-Census.xls,01SC
B0201SC,16,290,District - South Tripura  (02),Total,15-34,Marginal workers_Worked for less than_3 months_Total_Persons,2691,DDW-1600B-01SC-Census.xls,01SC
B0201SC,16,290,District - South Tripura  (02),Total,35-59,Marginal workers_Worked for less than_3 months_Total_Persons,2230,DDW-1600B-01SC-Census.xls,01SC
B0201SC,16,290,District - South Tripura  (02),Total,60+,Marginal workers_Worked for less than_3 months_Total_Persons,366,DDW-1600B-01SC-Census.xls,01SC
B0201SC,16,290,District - South Tripura  (02),Total,Age not stated,Marginal workers_Worked for less than_3 months_Total_Persons,1,DDW-1600B-01SC-Census.xls,01SC
B0201SC,16,290,District - South Tripura  (02),Total,15-59,Marginal workers_Worked for less than_3 months_Total_Persons,4921,DDW-1600B-01SC-Census.xls,01SC
B0201SC,16,290,District - South Tripura  (02),Rural,Total,Marginal workers_Worked for less than_3 months_Total_Persons,4956,DDW-1600B-01SC-Census.xls,01SC
B0201SC,16,290,District - South Tripura  (02),Rural,5-14,Marginal workers_Worked for less than_3 months_Total_Persons,59,DDW-1600B-01SC-Census.xls,01SC
B0201SC,16,290,District - South Tripura  (02),Rural,15-34,Marginal workers_Worked for less than_3 months_Total_Persons,2502,DDW-1600B-01SC-Census.xls,01SC
B0201SC,16,290,District - South Tripura  (02),Rural,35-59,Marginal workers_Worked for less than_3 months_Total_Persons,2052,DDW-1600B-01SC-Census.xls,01SC
B0201SC,16,290,District - South Tripura  (02),Rural,60+,Marginal workers_Worked for less than_3 months_Total_Persons,342,DDW-1600B-01SC-Census.xls,01SC
B0201SC,16,290,District - South Tripura  (02),Rural,Age not stated,Marginal workers_Worked for less than_3 months_Total_Persons,1,DDW-1600B-01SC-Census.xls,01SC
B0201SC,16,290,District - South Tripura  (02),Rural,15-59,Marginal workers_Worked for less than_3 months_Total_Persons,4554,DDW-1600B-01SC-Census.xls,01SC
B0201SC,16,290,District - South Tripura  (02),Urban,Total,Marginal workers_Worked for less than_3 months_Total_Persons,398,DDW-1600B-01SC-Census.xls,01SC
B0201SC,16,290,District - South Tripura  (02),Urban,5-14,Marginal workers_Worked for less than_3 months_Total_Persons,7,DDW-1600B-01SC-Census.xls,01SC
B0201SC,16,290,District - South Tripura  (02),Urban,15-34,Marginal workers_Worked for less than_3 months_Total_Persons,189,DDW-1600B-01SC-Census.xls,01SC
B0201SC,16,290,District - South Tripura  (02),Urban,35-59,Marginal workers_Worked for less than_3 months_Total_Persons,178,DDW-1600B-01SC-Census.xls,01SC
B0201SC,16,290,District - South Tripura  (02),Urban,60+,Marginal workers_Worked for less than_3 months_Total_Persons,24,DDW-1600B-01SC-Census.xls,01SC
B0201SC,16,290,District - South Tripura  (02),Urban,Age not stated,Marginal workers_Worked for less than_3 months_Total_Persons,0,DDW-1600B-01SC-Census.xls,01SC
B0201SC,16,290,District - South Tripura  (02),Urban,15-59,Marginal workers_Worked for less than_3 months_Total_Persons,367,DDW-1600B-01SC-Census.xls,01SC
B0201SC,16,291,District - Dhalai (03),Total,Total,Marginal workers_Worked for less than_3 months_Total_Persons,1510,DDW-1600B-01SC-Census.xls,01SC
B0201SC,16,291,District - Dhalai (03),Total,5-14,Marginal workers_Worked for less than_3 months_Total_Persons,19,DDW-1600B-01SC-Census.xls,01SC
B0201SC,16,291,District - Dhalai (03),Total,15-34,Marginal workers_Worked for less than_3 months_Total_Persons,831,DDW-1600B-01SC-Census.xls,01SC
B0201SC,16,291,District - Dhalai (03),Total,35-59,Marginal workers_Worked for less than_3 months_Total_Persons,532,DDW-1600B-01SC-Census.xls,01SC
B0201SC,16,291,District - Dhalai (03),Total,60+,Marginal workers_Worked for less than_3 months_Total_Persons,128,DDW-1600B-01SC-Census.xls,01SC
B0201SC,16,291,District - Dhalai (03),Total,Age not stated,Marginal workers_Worked for less than_3 months_Total_Persons,0,DDW-1600B-01SC-Census.xls,01SC
B0201SC,16,291,District - Dhalai (03),Total,15-59,Marginal workers_Worked for less than_3 months_Total_Persons,1363,DDW-1600B-01SC-Census.xls,01SC
B0201SC,16,291,District - Dhalai (03),Rural,Total,Marginal workers_Worked for less than_3 months_Total_Persons,1448,DDW-1600B-01SC-Census.xls,01SC
B0201SC,16,291,District - Dhalai (03),Rural,5-14,Marginal workers_Worked for less than_3 months_Total_Persons,18,DDW-1600B-01SC-Census.xls,01SC
B0201SC,16,291,District - Dhalai (03),Rural,15-34,Marginal workers_Worked for less than_3 months_Total_Persons,807,DDW-1600B-01SC-Census.xls,01SC
B0201SC,16,291,District - Dhalai (03),Rural,35-59,Marginal workers_Worked for less than_3 months_Total_Persons,504,DDW-1600B-01SC-Census.xls,01SC
B0201SC,16,291,District - Dhalai (03),Rural,60+,Marginal workers_Worked for less than_3 months_Total_Persons,119,DDW-1600B-01SC-Census.xls,01SC
B0201SC,16,291,District - Dhalai (03),Rural,Age not stated,Marginal workers_Worked for less than_3 months_Total_Persons,0,DDW-1600B-01SC-Census.xls,01SC
B0201SC,16,291,District - Dhalai (03),Rural,15-59,Marginal workers_Worked for less than_3 months_Total_Persons,1311,DDW-1600B-01SC-Census.xls,01SC
B0201SC,16,291,District - Dhalai (03),Urban,Total,Marginal workers_Worked for less than_3 months_Total_Persons,62,DDW-1600B-01SC-Census.xls,01SC
B0201SC,16,291,District - Dhalai (03),Urban,5-14,Marginal workers_Worked for less than_3 months_Total_Persons,1,DDW-1600B-01SC-Census.xls,01SC
B0201SC,16,291,District - Dhalai (03),Urban,15-34,Marginal workers_Worked for less than_3 months_Total_Persons,24,DDW-1600B-01SC-Census.xls,01SC
B0201SC,16,291,District - Dhalai (03),Urban,35-59,Marginal workers_Worked for less than_3 months_Total_Persons,28,DDW-1600B-01SC-Census.xls,01SC
B0201SC,16,291,District - Dhalai (03),Urban,60+,Marginal workers_Worked for less than_3 months_Total_Persons,9,DDW-1600B-01SC-Census.xls,01SC
B0201SC,16,291,District - Dhalai (03),Urban,Age not stated,Marginal workers_Worked for less than_3 months_Total_Persons,0,DDW-1600B-01SC-Census.xls,01SC
B0201SC,16,291,District - Dhalai (03),Urban,15-59,Marginal workers_Worked for less than_3 months_Total_Persons,52,DDW-1600B-01SC-Census.xls,01SC
B0201SC,16,292,District - North Tripura (04),Total,Total,Marginal workers_Worked for less than_3 months_Total_Persons,2139,DDW-1600B-01SC-Census.xls,01SC
B0201SC,16,292,District - North Tripura (04),Total,5-14,Marginal workers_Worked for less than_3 months_Total_Persons,20,DDW-1600B-01SC-Census.xls,01SC
B0201SC,16,292,District - North Tripura (04),Total,15-34,Marginal workers_Worked for less than_3 months_Total_Persons,1105,DDW-1600B-01SC-Census.xls,01SC
B0201SC,16,292,District - North Tripura (04),Total,35-59,Marginal workers_Worked for less than_3 months_Total_Persons,842,DDW-1600B-01SC-Census.xls,01SC
B0201SC,16,292,District - North Tripura (04),Total,60+,Marginal workers_Worked for less than_3 months_Total_Persons,172,DDW-1600B-01SC-Census.xls,01SC
B0201SC,16,292,District - North Tripura (04),Total,Age not stated,Marginal workers_Worked for less than_3 months_Total_Persons,0,DDW-1600B-01SC-Census.xls,01SC
B0201SC,16,292,District - North Tripura (04),Total,15-59,Marginal workers_Worked for less than_3 months_Total_Persons,1947,DDW-1600B-01SC-Census.xls,01SC
B0201SC,16,292,District - North Tripura (04),Rural,Total,Marginal workers_Worked for less than_3 months_Total_Persons,1656,DDW-1600B-01SC-Census.xls,01SC
B0201SC,16,292,District - North Tripura (04),Rural,5-14,Marginal workers_Worked for less than_3 months_Total_Persons,17,DDW-1600B-01SC-Census.xls,01SC
B0201SC,16,292,District - North Tripura (04),Rural,15-34,Marginal workers_Worked for less than_3 months_Total_Persons,864,DDW-1600B-01SC-Census.xls,01SC
B0201SC,16,292,District - North Tripura (04),Rural,35-59,Marginal workers_Worked for less than_3 months_Total_Persons,649,DDW-1600B-01SC-Census.xls,01SC
B0201SC,16,292,District - North Tripura (04),Rural,60+,Marginal workers_Worked for less than_3 months_Total_Persons,126,DDW-1600B-01SC-Census.xls,01SC
B0201SC,16,292,District - North Tripura (04),Rural,Age not stated,Marginal workers_Worked for less than_3 months_Total_Persons,0,DDW-1600B-01SC-Census.xls,01SC
B0201SC,16,292,District - North Tripura (04),Rural,15-59,Marginal workers_Worked for less than_3 months_Total_Persons,1513,DDW-1600B-01SC-Census.xls,01SC
B0201SC,16,292,District - North Tripura (04),Urban,Total,Marginal workers_Worked for less than_3 months_Total_Persons,483,DDW-1600B-01SC-Census.xls,01SC
B0201SC,16,292,District - North Tripura (04),Urban,5-14,Marginal workers_Worked for less than_3 months_Total_Persons,3,DDW-1600B-01SC-Census.xls,01SC
B0201SC,16,292,District - North Tripura (04),Urban,15-34,Marginal workers_Worked for less than_3 months_Total_Persons,241,DDW-1600B-01SC-Census.xls,01SC
B0201SC,16,292,District - North Tripura (04),Urban,35-59,Marginal workers_Worked for less than_3 months_Total_Persons,193,DDW-1600B-01SC-Census.xls,01SC
B0201SC,16,292,District - North Tripura (04),Urban,60+,Marginal workers_Worked for less than_3 months_Total_Persons,46,DDW-1600B-01SC-Census.xls,01SC
B0201SC,16,292,District - North Tripura (04),Urban,Age not stated,Marginal workers_Worked for less than_3 months_Total_Persons,0,DDW-1600B-01SC-Census.xls,01SC
B0201SC,16,292,District - North Tripura (04),Urban,15-59,Marginal workers_Worked for less than_3 months_Total_Persons,434,DDW-1600B-01SC-Census.xls,01SC
B0201SC,16,000,State - TRIPURA (16),Total,Total,Marginal workers_Worked for less than_3 months_Total_Males,5908,DDW-1600B-01SC-Census.xls,01SC
B0201SC,16,000,State - TRIPURA (16),Total,5-14,Marginal workers_Worked for less than_3 months_Total_Males,129,DDW-1600B-01SC-Census.xls,01SC
B0201SC,16,000,State - TRIPURA (16),Total,15-34,Marginal workers_Worked for less than_3 months_Total_Males,3896,DDW-1600B-01SC-Census.xls,01SC
B0201SC,16,000,State - TRIPURA (16),Total,35-59,Marginal workers_Worked for less than_3 months_Total_Males,1331,DDW-1600B-01SC-Census.xls,01SC
B0201SC,16,000,State - TRIPURA (16),Total,60+,Marginal workers_Worked for less than_3 months_Total_Males,550,DDW-1600B-01SC-Census.xls,01SC
B0201SC,16,000,State - TRIPURA (16),Total,Age not stated,Marginal workers_Worked for less than_3 months_Total_Males,2,DDW-1600B-01SC-Census.xls,01SC
B0201SC,16,000,State - TRIPURA (16),Total,15-59,Marginal workers_Worked for less than_3 months_Total_Males,5227,DDW-1600B-01SC-Census.xls,01SC
B0201SC,16,000,State - TRIPURA (16),Rural,Total,Marginal workers_Worked for less than_3 months_Total_Males,4288,DDW-1600B-01SC-Census.xls,01SC
B0201SC,16,000,State - TRIPURA (16),Rural,5-14,Marginal workers_Worked for less than_3 months_Total_Males,101,DDW-1600B-01SC-Census.xls,01SC
B0201SC,16,000,State - TRIPURA (16),Rural,15-34,Marginal workers_Worked for less than_3 months_Total_Males,2904,DDW-1600B-01SC-Census.xls,01SC
B0201SC,16,000,State - TRIPURA (16),Rural,35-59,Marginal workers_Worked for less than_3 months_Total_Males,897,DDW-1600B-01SC-Census.xls,01SC
B0201SC,16,000,State - TRIPURA (16),Rural,60+,Marginal workers_Worked for less than_3 months_Total_Males,385,DDW-1600B-01SC-Census.xls,01SC
B0201SC,16,000,State - TRIPURA (16),Rural,Age not stated,Marginal workers_Worked for less than_3 months_Total_Males,1,DDW-1600B-01SC-Census.xls,01SC
B0201SC,16,000,State - TRIPURA (16),Rural,15-59,Marginal workers_Worked for less than_3 months_Total_Males,3801,DDW-1600B-01SC-Census.xls,01SC
B0201SC,16,000,State - TRIPURA (16),Urban,Total,Marginal workers_Worked for less than_3 months_Total_Males,1620,DDW-1600B-01SC-Census.xls,01SC
B0201SC,16,000,State - TRIPURA (16),Urban,5-14,Marginal workers_Worked for less than_3 months_Total_Males,28,DDW-1600B-01SC-Census.xls,01SC
B0201SC,16,000,State - TRIPURA (16),Urban,15-34,Marginal workers_Worked for less than_3 months_Total_Males,992,DDW-1600B-01SC-Census.xls,01SC
B0201SC,16,000,State - TRIPURA (16),Urban,35-59,Marginal workers_Worked for less than_3 months_Total_Males,434,DDW-1600B-01SC-Census.xls,01SC
B0201SC,16,000,State - TRIPURA (16),Urban,60+,Marginal workers_Worked for less than_3 months_Total_Males,165,DDW-1600B-01SC-Census.xls,01SC
B0201SC,16,000,State - TRIPURA (16),Urban,Age not stated,Marginal workers_Worked for less than_3 months_Total_Males,1,DDW-1600B-01SC-Census.xls,01SC
B0201SC,16,000,State - TRIPURA (16),Urban,15-59,Marginal workers_Worked for less than_3 months_Total_Males,1426,DDW-1600B-01SC-Census.xls,01SC
B0201SC,16,289,District - West Tripura  (01),Total,Total,Marginal workers_Worked for less than_3 months_Total_Males,2612,DDW-1600B-01SC-Census.xls,01SC
B0201SC,16,289,District - West Tripura  (01),Total,5-14,Marginal workers_Worked for less than_3 months_Total_Males,66,DDW-1600B-01SC-Census.xls,01SC
B0201SC,16,289,District - West Tripura  (01),Total,15-34,Marginal workers_Worked for less than_3 months_Total_Males,1699,DDW-1600B-01SC-Census.xls,01SC
B0201SC,16,289,District - West Tripura  (01),Total,35-59,Marginal workers_Worked for less than_3 months_Total_Males,594,DDW-1600B-01SC-Census.xls,01SC
B0201SC,16,289,District - West Tripura  (01),Total,60+,Marginal workers_Worked for less than_3 months_Total_Males,252,DDW-1600B-01SC-Census.xls,01SC
B0201SC,16,289,District - West Tripura  (01),Total,Age not stated,Marginal workers_Worked for less than_3 months_Total_Males,1,DDW-1600B-01SC-Census.xls,01SC
B0201SC,16,289,District - West Tripura  (01),Total,15-59,Marginal workers_Worked for less than_3 months_Total_Males,2293,DDW-1600B-01SC-Census.xls,01SC
B0201SC,16,289,District - West Tripura  (01),Rural,Total,Marginal workers_Worked for less than_3 months_Total_Males,1473,DDW-1600B-01SC-Census.xls,01SC
B0201SC,16,289,District - West Tripura  (01),Rural,5-14,Marginal workers_Worked for less than_3 months_Total_Males,46,DDW-1600B-01SC-Census.xls,01SC
B0201SC,16,289,District - West Tripura  (01),Rural,15-34,Marginal workers_Worked for less than_3 months_Total_Males,977,DDW-1600B-01SC-Census.xls,01SC
B0201SC,16,289,District - West Tripura  (01),Rural,35-59,Marginal workers_Worked for less than_3 months_Total_Males,309,DDW-1600B-01SC-Census.xls,01SC
B0201SC,16,289,District - West Tripura  (01),Rural,60+,Marginal workers_Worked for less than_3 months_Total_Males,141,DDW-1600B-01SC-Census.xls,01SC
B0201SC,16,289,District - West Tripura  (01),Rural,Age not stated,Marginal workers_Worked for less than_3 months_Total_Males,0,DDW-1600B-01SC-Census.xls,01SC
B0201SC,16,289,District - West Tripura  (01),Rural,15-59,Marginal workers_Worked for less than_3 months_Total_Males,1286,DDW-1600B-01SC-Census.xls,01SC
B0201SC,16,289,District - West Tripura  (01),Urban,Total,Marginal workers_Worked for less than_3 months_Total_Males,1139,DDW-1600B-01SC-Census.xls,01SC
B0201SC,16,289,District - West Tripura  (01),Urban,5-14,Marginal workers_Worked for less than_3 months_Total_Males,20,DDW-1600B-01SC-Census.xls,01SC
B0201SC,16,289,District - West Tripura  (01),Urban,15-34,Marginal workers_Worked for less than_3 months_Total_Males,722,DDW-1600B-01SC-Census.xls,01SC
B0201SC,16,289,District - West Tripura  (01),Urban,35-59,Marginal workers_Worked for less than_3 months_Total_Males,285,DDW-1600B-01SC-Census.xls,01SC
B0201SC,16,289,District - West Tripura  (01),Urban,60+,Marginal workers_Worked for less than_3 months_Total_Males,111,DDW-1600B-01SC-Census.xls,01SC
B0201SC,16,289,District - West Tripura  (01),Urban,Age not stated,Marginal workers_Worked for less than_3 months_Total_Males,1,DDW-1600B-01SC-Census.xls,01SC
B0201SC,16,289,District - West Tripura  (01),Urban,15-59,Marginal workers_Worked for less than_3 months_Total_Males,1007,DDW-1600B-01SC-Census.xls,01SC
B0201SC,16,290,District - South Tripura  (02),Total,Total,Marginal workers_Worked for less than_3 months_Total_Males,1725,DDW-1600B-01SC-Census.xls,01SC
B0201SC,16,290,District - South Tripura  (02),Total,5-14,Marginal workers_Worked for less than_3 months_Total_Males,41,DDW-1600B-01SC-Census.xls,01SC
B0201SC,16,290,District - South Tripura  (02),Total,15-34,Marginal workers_Worked for less than_3 months_Total_Males,1202,DDW-1600B-01SC-Census.xls,01SC
B0201SC,16,290,District - South Tripura  (02),Total,35-59,Marginal workers_Worked for less than_3 months_Total_Males,339,DDW-1600B-01SC-Census.xls,01SC
B0201SC,16,290,District - South Tripura  (02),Total,60+,Marginal workers_Worked for less than_3 months_Total_Males,142,DDW-1600B-01SC-Census.xls,01SC
B0201SC,16,290,District - South Tripura  (02),Total,Age not stated,Marginal workers_Worked for less than_3 months_Total_Males,1,DDW-1600B-01SC-Census.xls,01SC
B0201SC,16,290,District - South Tripura  (02),Total,15-59,Marginal workers_Worked for less than_3 months_Total_Males,1541,DDW-1600B-01SC-Census.xls,01SC
B0201SC,16,290,District - South Tripura  (02),Rural,Total,Marginal workers_Worked for less than_3 months_Total_Males,1579,DDW-1600B-01SC-Census.xls,01SC
B0201SC,16,290,District - South Tripura  (02),Rural,5-14,Marginal workers_Worked for less than_3 months_Total_Males,37,DDW-1600B-01SC-Census.xls,01SC
B0201SC,16,290,District - South Tripura  (02),Rural,15-34,Marginal workers_Worked for less than_3 months_Total_Males,1113,DDW-1600B-01SC-Census.xls,01SC
B0201SC,16,290,District - South Tripura  (02),Rural,35-59,Marginal workers_Worked for less than_3 months_Total_Males,301,DDW-1600B-01SC-Census.xls,01SC
B0201SC,16,290,District - South Tripura  (02),Rural,60+,Marginal workers_Worked for less than_3 months_Total_Males,127,DDW-1600B-01SC-Census.xls,01SC
B0201SC,16,290,District - South Tripura  (02),Rural,Age not stated,Marginal workers_Worked for less than_3 months_Total_Males,1,DDW-1600B-01SC-Census.xls,01SC
B0201SC,16,290,District - South Tripura  (02),Rural,15-59,Marginal workers_Worked for less than_3 months_Total_Males,1414,DDW-1600B-01SC-Census.xls,01SC
B0201SC,16,290,District - South Tripura  (02),Urban,Total,Marginal workers_Worked for less than_3 months_Total_Males,146,DDW-1600B-01SC-Census.xls,01SC
B0201SC,16,290,District - South Tripura  (02),Urban,5-14,Marginal workers_Worked for less than_3 months_Total_Males,4,DDW-1600B-01SC-Census.xls,01SC
B0201SC,16,290,District - South Tripura  (02),Urban,15-34,Marginal workers_Worked for less than_3 months_Total_Males,89,DDW-1600B-01SC-Census.xls,01SC
B0201SC,16,290,District - South Tripura  (02),Urban,35-59,Marginal workers_Worked for less than_3 months_Total_Males,38,DDW-1600B-01SC-Census.xls,01SC
B0201SC,16,290,District - South Tripura  (02),Urban,60+,Marginal workers_Worked for less than_3 months_Total_Males,15,DDW-1600B-01SC-Census.xls,01SC
B0201SC,16,290,District - South Tripura  (02),Urban,Age not stated,Marginal workers_Worked for less than_3 months_Total_Males,0,DDW-1600B-01SC-Census.xls,01SC
B0201SC,16,290,District - South Tripura  (02),Urban,15-59,Marginal workers_Worked for less than_3 months_Total_Males,127,DDW-1600B-01SC-Census.xls,01SC
B0201SC,16,291,District - Dhalai (03),Total,Total,Marginal workers_Worked for less than_3 months_Total_Males,489,DDW-1600B-01SC-Census.xls,01SC
B0201SC,16,291,District - Dhalai (03),Total,5-14,Marginal workers_Worked for less than_3 months_Total_Males,12,DDW-1600B-01SC-Census.xls,01SC
B0201SC,16,291,District - Dhalai (03),Total,15-34,Marginal workers_Worked for less than_3 months_Total_Males,327,DDW-1600B-01SC-Census.xls,01SC
B0201SC,16,291,District - Dhalai (03),Total,35-59,Marginal workers_Worked for less than_3 months_Total_Males,88,DDW-1600B-01SC-Census.xls,01SC
B0201SC,16,291,District - Dhalai (03),Total,60+,Marginal workers_Worked for less than_3 months_Total_Males,62,DDW-1600B-01SC-Census.xls,01SC
B0201SC,16,291,District - Dhalai (03),Total,Age not stated,Marginal workers_Worked for less than_3 months_Total_Males,0,DDW-1600B-01SC-Census.xls,01SC
B0201SC,16,291,District - Dhalai (03),Total,15-59,Marginal workers_Worked for less than_3 months_Total_Males,415,DDW-1600B-01SC-Census.xls,01SC
B0201SC,16,291,District - Dhalai (03),Rural,Total,Marginal workers_Worked for less than_3 months_Total_Males,465,DDW-1600B-01SC-Census.xls,01SC
B0201SC,16,291,District - Dhalai (03),Rural,5-14,Marginal workers_Worked for less than_3 months_Total_Males,11,DDW-1600B-01SC-Census.xls,01SC
B0201SC,16,291,District - Dhalai (03),Rural,15-34,Marginal workers_Worked for less than_3 months_Total_Males,315,DDW-1600B-01SC-Census.xls,01SC
B0201SC,16,291,District - Dhalai (03),Rural,35-59,Marginal workers_Worked for less than_3 months_Total_Males,83,DDW-1600B-01SC-Census.xls,01SC
B0201SC,16,291,District - Dhalai (03),Rural,60+,Marginal workers_Worked for less than_3 months_Total_Males,56,DDW-1600B-01SC-Census.xls,01SC
B0201SC,16,291,District - Dhalai (03),Rural,Age not stated,Marginal workers_Worked for less than_3 months_Total_Males,0,DDW-1600B-01SC-Census.xls,01SC
B0201SC,16,291,District - Dhalai (03),Rural,15-59,Marginal workers_Worked for less than_3 months_Total_Males,398,DDW-1600B-01SC-Census.xls,01SC
B0201SC,16,291,District - Dhalai (03),Urban,Total,Marginal workers_Worked for less than_3 months_Total_Males,24,DDW-1600B-01SC-Census.xls,01SC
B0201SC,16,291,District - Dhalai (03),Urban,5-14,Marginal workers_Worked for less than_3 months_Total_Males,1,DDW-1600B-01SC-Census.xls,01SC
B0201SC,16,291,District - Dhalai (03),Urban,15-34,Marginal workers_Worked for less than_3 months_Total_Males,12,DDW-1600B-01SC-Census.xls,01SC
B0201SC,16,291,District - Dhalai (03),Urban,35-59,Marginal workers_Worked for less than_3 months_Total_Males,5,DDW-1600B-01SC-Census.xls,01SC
B0201SC,16,291,District - Dhalai (03),Urban,60+,Marginal workers_Worked for less than_3 months_Total_Males,6,DDW-1600B-01SC-Census.xls,01SC
B0201SC,16,291,District - Dhalai (03),Urban,Age not stated,Marginal workers_Worked for less than_3 months_Total_Males,0,DDW-1600B-01SC-Census.xls,01SC
B0201SC,16,291,District - Dhalai (03),Urban,15-59,Marginal workers_Worked for less than_3 months_Total_Males,17,DDW-1600B-01SC-Census.xls,01SC
B0201SC,16,292,District - North Tripura (04),Total,Total,Marginal workers_Worked for less than_3 months_Total_Males,1082,DDW-1600B-01SC-Census.xls,01SC
B0201SC,16,292,District - North Tripura (04),Total,5-14,Marginal workers_Worked for less than_3 months_Total_Males,10,DDW-1600B-01SC-Census.xls,01SC
B0201SC,16,292,District - North Tripura (04),Total,15-34,Marginal workers_Worked for less than_3 months_Total_Males,668,DDW-1600B-01SC-Census.xls,01SC
B0201SC,16,292,District - North Tripura (04),Total,35-59,Marginal workers_Worked for less than_3 months_Total_Males,310,DDW-1600B-01SC-Census.xls,01SC
B0201SC,16,292,District - North Tripura (04),Total,60+,Marginal workers_Worked for less than_3 months_Total_Males,94,DDW-1600B-01SC-Census.xls,01SC
B0201SC,16,292,District - North Tripura (04),Total,Age not stated,Marginal workers_Worked for less than_3 months_Total_Males,0,DDW-1600B-01SC-Census.xls,01SC
B0201SC,16,292,District - North Tripura (04),Total,15-59,Marginal workers_Worked for less than_3 months_Total_Males,978,DDW-1600B-01SC-Census.xls,01SC
B0201SC,16,292,District - North Tripura (04),Rural,Total,Marginal workers_Worked for less than_3 months_Total_Males,771,DDW-1600B-01SC-Census.xls,01SC
B0201SC,16,292,District - North Tripura (04),Rural,5-14,Marginal workers_Worked for less than_3 months_Total_Males,7,DDW-1600B-01SC-Census.xls,01SC
B0201SC,16,292,District - North Tripura (04),Rural,15-34,Marginal workers_Worked for less than_3 months_Total_Males,499,DDW-1600B-01SC-Census.xls,01SC
B0201SC,16,292,District - North Tripura (04),Rural,35-59,Marginal workers_Worked for less than_3 months_Total_Males,204,DDW-1600B-01SC-Census.xls,01SC
B0201SC,16,292,District - North Tripura (04),Rural,60+,Marginal workers_Worked for less than_3 months_Total_Males,61,DDW-1600B-01SC-Census.xls,01SC
B0201SC,16,292,District - North Tripura (04),Rural,Age not stated,Marginal workers_Worked for less than_3 months_Total_Males,0,DDW-1600B-01SC-Census.xls,01SC
B0201SC,16,292,District - North Tripura (04),Rural,15-59,Marginal workers_Worked for less than_3 months_Total_Males,703,DDW-1600B-01SC-Census.xls,01SC
B0201SC,16,292,District - North Tripura (04),Urban,Total,Marginal workers_Worked for less than_3 months_Total_Males,311,DDW-1600B-01SC-Census.xls,01SC
B0201SC,16,292,District - North Tripura (04),Urban,5-14,Marginal workers_Worked for less than_3 months_Total_Males,3,DDW-1600B-01SC-Census.xls,01SC
B0201SC,16,292,District - North Tripura (04),Urban,15-34,Marginal workers_Worked for less than_3 months_Total_Males,169,DDW-1600B-01SC-Census.xls,01SC
B0201SC,16,292,District - North Tripura (04),Urban,35-59,Marginal workers_Worked for less than_3 months_Total_Males,106,DDW-1600B-01SC-Census.xls,01SC
B0201SC,16,292,District - North Tripura (04),Urban,60+,Marginal workers_Worked for less than_3 months_Total_Males,33,DDW-1600B-01SC-Census.xls,01SC
B0201SC,16,292,District - North Tripura (04),Urban,Age not stated,Marginal workers_Worked for less than_3 months_Total_Males,0,DDW-1600B-01SC-Census.xls,01SC
B0201SC,16,292,District - North Tripura (04),Urban,15-59,Marginal workers_Worked for less than_3 months_Total_Males,275,DDW-1600B-01SC-Census.xls,01SC
B0201SC,16,000,State - TRIPURA (16),Total,Total,Marginal workers_Worked for less than_3 months_Total_Females,11750,DDW-1600B-01SC-Census.xls,01SC
B0201SC,16,000,State - TRIPURA (16),Total,5-14,Marginal workers_Worked for less than_3 months_Total_Females,95,DDW-1600B-01SC-Census.xls,01SC
B0201SC,16,000,State - TRIPURA (16),Total,15-34,Marginal workers_Worked for less than_3 months_Total_Females,5104,DDW-1600B-01SC-Census.xls,01SC
B0201SC,16,000,State - TRIPURA (16),Total,35-59,Marginal workers_Worked for less than_3 months_Total_Females,5769,DDW-1600B-01SC-Census.xls,01SC
B0201SC,16,000,State - TRIPURA (16),Total,60+,Marginal workers_Worked for less than_3 months_Total_Females,780,DDW-1600B-01SC-Census.xls,01SC
B0201SC,16,000,State - TRIPURA (16),Total,Age not stated,Marginal workers_Worked for less than_3 months_Total_Females,2,DDW-1600B-01SC-Census.xls,01SC
B0201SC,16,000,State - TRIPURA (16),Total,15-59,Marginal workers_Worked for less than_3 months_Total_Females,10873,DDW-1600B-01SC-Census.xls,01SC
B0201SC,16,000,State - TRIPURA (16),Rural,Total,Marginal workers_Worked for less than_3 months_Total_Females,8849,DDW-1600B-01SC-Census.xls,01SC
B0201SC,16,000,State - TRIPURA (16),Rural,5-14,Marginal workers_Worked for less than_3 months_Total_Females,82,DDW-1600B-01SC-Census.xls,01SC
B0201SC,16,000,State - TRIPURA (16),Rural,15-34,Marginal workers_Worked for less than_3 months_Total_Females,3924,DDW-1600B-01SC-Census.xls,01SC
B0201SC,16,000,State - TRIPURA (16),Rural,35-59,Marginal workers_Worked for less than_3 months_Total_Females,4254,DDW-1600B-01SC-Census.xls,01SC
B0201SC,16,000,State - TRIPURA (16),Rural,60+,Marginal workers_Worked for less than_3 months_Total_Females,587,DDW-1600B-01SC-Census.xls,01SC
B0201SC,16,000,State - TRIPURA (16),Rural,Age not stated,Marginal workers_Worked for less than_3 months_Total_Females,2,DDW-1600B-01SC-Census.xls,01SC
B0201SC,16,000,State - TRIPURA (16),Rural,15-59,Marginal workers_Worked for less than_3 months_Total_Females,8178,DDW-1600B-01SC-Census.xls,01SC
B0201SC,16,000,State - TRIPURA (16),Urban,Total,Marginal workers_Worked for less than_3 months_Total_Females,2901,DDW-1600B-01SC-Census.xls,01SC
B0201SC,16,000,State - TRIPURA (16),Urban,5-14,Marginal workers_Worked for less than_3 months_Total_Females,13,DDW-1600B-01SC-Census.xls,01SC
B0201SC,16,000,State - TRIPURA (16),Urban,15-34,Marginal workers_Worked for less than_3 months_Total_Females,1180,DDW-1600B-01SC-Census.xls,01SC
B0201SC,16,000,State - TRIPURA (16),Urban,35-59,Marginal workers_Worked for less than_3 months_Total_Females,1515,DDW-1600B-01SC-Census.xls,01SC
B0201SC,16,000,State - TRIPURA (16),Urban,60+,Marginal workers_Worked for less than_3 months_Total_Females,193,DDW-1600B-01SC-Census.xls,01SC
B0201SC,16,000,State - TRIPURA (16),Urban,Age not stated,Marginal workers_Worked for less than_3 months_Total_Females,0,DDW-1600B-01SC-Census.xls,01SC
B0201SC,16,000,State - TRIPURA (16),Urban,15-59,Marginal workers_Worked for less than_3 months_Total_Females,2695,DDW-1600B-01SC-Census.xls,01SC
B0201SC,16,289,District - West Tripura  (01),Total,Total,Marginal workers_Worked for less than_3 months_Total_Females,6043,DDW-1600B-01SC-Census.xls,01SC
B0201SC,16,289,District - West Tripura  (01),Total,5-14,Marginal workers_Worked for less than_3 months_Total_Females,53,DDW-1600B-01SC-Census.xls,01SC
B0201SC,16,289,District - West Tripura  (01),Total,15-34,Marginal workers_Worked for less than_3 months_Total_Females,2674,DDW-1600B-01SC-Census.xls,01SC
B0201SC,16,289,District - West Tripura  (01),Total,35-59,Marginal workers_Worked for less than_3 months_Total_Females,2902,DDW-1600B-01SC-Census.xls,01SC
B0201SC,16,289,District - West Tripura  (01),Total,60+,Marginal workers_Worked for less than_3 months_Total_Females,412,DDW-1600B-01SC-Census.xls,01SC
B0201SC,16,289,District - West Tripura  (01),Total,Age not stated,Marginal workers_Worked for less than_3 months_Total_Females,2,DDW-1600B-01SC-Census.xls,01SC
B0201SC,16,289,District - West Tripura  (01),Total,15-59,Marginal workers_Worked for less than_3 months_Total_Females,5576,DDW-1600B-01SC-Census.xls,01SC
B0201SC,16,289,District - West Tripura  (01),Rural,Total,Marginal workers_Worked for less than_3 months_Total_Females,3604,DDW-1600B-01SC-Census.xls,01SC
B0201SC,16,289,District - West Tripura  (01),Rural,5-14,Marginal workers_Worked for less than_3 months_Total_Females,43,DDW-1600B-01SC-Census.xls,01SC
B0201SC,16,289,District - West Tripura  (01),Rural,15-34,Marginal workers_Worked for less than_3 months_Total_Females,1678,DDW-1600B-01SC-Census.xls,01SC
B0201SC,16,289,District - West Tripura  (01),Rural,35-59,Marginal workers_Worked for less than_3 months_Total_Females,1637,DDW-1600B-01SC-Census.xls,01SC
B0201SC,16,289,District - West Tripura  (01),Rural,60+,Marginal workers_Worked for less than_3 months_Total_Females,244,DDW-1600B-01SC-Census.xls,01SC
B0201SC,16,289,District - West Tripura  (01),Rural,Age not stated,Marginal workers_Worked for less than_3 months_Total_Females,2,DDW-1600B-01SC-Census.xls,01SC
B0201SC,16,289,District - West Tripura  (01),Rural,15-59,Marginal workers_Worked for less than_3 months_Total_Females,3315,DDW-1600B-01SC-Census.xls,01SC
B0201SC,16,289,District - West Tripura  (01),Urban,Total,Marginal workers_Worked for less than_3 months_Total_Females,2439,DDW-1600B-01SC-Census.xls,01SC
B0201SC,16,289,District - West Tripura  (01),Urban,5-14,Marginal workers_Worked for less than_3 months_Total_Females,10,DDW-1600B-01SC-Census.xls,01SC
B0201SC,16,289,District - West Tripura  (01),Urban,15-34,Marginal workers_Worked for less than_3 months_Total_Females,996,DDW-1600B-01SC-Census.xls,01SC
B0201SC,16,289,District - West Tripura  (01),Urban,35-59,Marginal workers_Worked for less than_3 months_Total_Females,1265,DDW-1600B-01SC-Census.xls,01SC
B0201SC,16,289,District - West Tripura  (01),Urban,60+,Marginal workers_Worked for less than_3 months_Total_Females,168,DDW-1600B-01SC-Census.xls,01SC
B0201SC,16,289,District - West Tripura  (01),Urban,Age not stated,Marginal workers_Worked for less than_3 months_Total_Females,0,DDW-1600B-01SC-Census.xls,01SC
B0201SC,16,289,District - West Tripura  (01),Urban,15-59,Marginal workers_Worked for less than_3 months_Total_Females,2261,DDW-1600B-01SC-Census.xls,01SC
B0201SC,16,290,District - South Tripura  (02),Total,Total,Marginal workers_Worked for less than_3 months_Total_Females,3629,DDW-1600B-01SC-Census.xls,01SC
B0201SC,16,290,District - South Tripura  (02),Total,5-14,Marginal workers_Worked for less than_3 months_Total_Females,25,DDW-1600B-01SC-Census.xls,01SC
B0201SC,16,290,District - South Tripura  (02),Total,15-34,Marginal workers_Worked for less than_3 months_Total_Females,1489,DDW-1600B-01SC-Census.xls,01SC
B0201SC,16,290,District - South Tripura  (02),Total,35-59,Marginal workers_Worked for less than_3 months_Total_Females,1891,DDW-1600B-01SC-Census.xls,01SC
B0201SC,16,290,District - South Tripura  (02),Total,60+,Marginal workers_Worked for less than_3 months_Total_Females,224,DDW-1600B-01SC-Census.xls,01SC
B0201SC,16,290,District - South Tripura  (02),Total,Age not stated,Marginal workers_Worked for less than_3 months_Total_Females,0,DDW-1600B-01SC-Census.xls,01SC
B0201SC,16,290,District - South Tripura  (02),Total,15-59,Marginal workers_Worked for less than_3 months_Total_Females,3380,DDW-1600B-01SC-Census.xls,01SC
B0201SC,16,290,District - South Tripura  (02),Rural,Total,Marginal workers_Worked for less than_3 months_Total_Females,3377,DDW-1600B-01SC-Census.xls,01SC
B0201SC,16,290,District - South Tripura  (02),Rural,5-14,Marginal workers_Worked for less than_3 months_Total_Females,22,DDW-1600B-01SC-Census.xls,01SC
B0201SC,16,290,District - South Tripura  (02),Rural,15-34,Marginal workers_Worked for less than_3 months_Total_Females,1389,DDW-1600B-01SC-Census.xls,01SC
B0201SC,16,290,District - South Tripura  (02),Rural,35-59,Marginal workers_Worked for less than_3 months_Total_Females,1751,DDW-1600B-01SC-Census.xls,01SC
B0201SC,16,290,District - South Tripura  (02),Rural,60+,Marginal workers_Worked for less than_3 months_Total_Females,215,DDW-1600B-01SC-Census.xls,01SC
B0201SC,16,290,District - South Tripura  (02),Rural,Age not stated,Marginal workers_Worked for less than_3 months_Total_Females,0,DDW-1600B-01SC-Census.xls,01SC
B0201SC,16,290,District - South Tripura  (02),Rural,15-59,Marginal workers_Worked for less than_3 months_Total_Females,3140,DDW-1600B-01SC-Census.xls,01SC
B0201SC,16,290,District - South Tripura  (02),Urban,Total,Marginal workers_Worked for less than_3 months_Total_Females,252,DDW-1600B-01SC-Census.xls,01SC
B0201SC,16,290,District - South Tripura  (02),Urban,5-14,Marginal workers_Worked for less than_3 months_Total_Females,3,DDW-1600B-01SC-Census.xls,01SC
B0201SC,16,290,District - South Tripura  (02),Urban,15-34,Marginal workers_Worked for less than_3 months_Total_Females,100,DDW-1600B-01SC-Census.xls,01SC
B0201SC,16,290,District - South Tripura  (02),Urban,35-59,Marginal workers_Worked for less than_3 months_Total_Females,140,DDW-1600B-01SC-Census.xls,01SC
B0201SC,16,290,District - South Tripura  (02),Urban,60+,Marginal workers_Worked for less than_3 months_Total_Females,9,DDW-1600B-01SC-Census.xls,01SC
B0201SC,16,290,District - South Tripura  (02),Urban,Age not stated,Marginal workers_Worked for less than_3 months_Total_Females,0,DDW-1600B-01SC-Census.xls,01SC
B0201SC,16,290,District - South Tripura  (02),Urban,15-59,Marginal workers_Worked for less than_3 months_Total_Females,240,DDW-1600B-01SC-Census.xls,01SC
B0201SC,16,291,District - Dhalai (03),Total,Total,Marginal workers_Worked for less than_3 months_Total_Females,1021,DDW-1600B-01SC-Census.xls,01SC
B0201SC,16,291,District - Dhalai (03),Total,5-14,Marginal workers_Worked for less than_3 months_Total_Females,7,DDW-1600B-01SC-Census.xls,01SC
B0201SC,16,291,District - Dhalai (03),Total,15-34,Marginal workers_Worked for less than_3 months_Total_Females,504,DDW-1600B-01SC-Census.xls,01SC
B0201SC,16,291,District - Dhalai (03),Total,35-59,Marginal workers_Worked for less than_3 months_Total_Females,444,DDW-1600B-01SC-Census.xls,01SC
B0201SC,16,291,District - Dhalai (03),Total,60+,Marginal workers_Worked for less than_3 months_Total_Females,66,DDW-1600B-01SC-Census.xls,01SC
B0201SC,16,291,District - Dhalai (03),Total,Age not stated,Marginal workers_Worked for less than_3 months_Total_Females,0,DDW-1600B-01SC-Census.xls,01SC
B0201SC,16,291,District - Dhalai (03),Total,15-59,Marginal workers_Worked for less than_3 months_Total_Females,948,DDW-1600B-01SC-Census.xls,01SC
B0201SC,16,291,District - Dhalai (03),Rural,Total,Marginal workers_Worked for less than_3 months_Total_Females,983,DDW-1600B-01SC-Census.xls,01SC
B0201SC,16,291,District - Dhalai (03),Rural,5-14,Marginal workers_Worked for less than_3 months_Total_Females,7,DDW-1600B-01SC-Census.xls,01SC
B0201SC,16,291,District - Dhalai (03),Rural,15-34,Marginal workers_Worked for less than_3 months_Total_Females,492,DDW-1600B-01SC-Census.xls,01SC
B0201SC,16,291,District - Dhalai (03),Rural,35-59,Marginal workers_Worked for less than_3 months_Total_Females,421,DDW-1600B-01SC-Census.xls,01SC
B0201SC,16,291,District - Dhalai (03),Rural,60+,Marginal workers_Worked for less than_3 months_Total_Females,63,DDW-1600B-01SC-Census.xls,01SC
B0201SC,16,291,District - Dhalai (03),Rural,Age not stated,Marginal workers_Worked for less than_3 months_Total_Females,0,DDW-1600B-01SC-Census.xls,01SC
B0201SC,16,291,District - Dhalai (03),Rural,15-59,Marginal workers_Worked for less than_3 months_Total_Females,913,DDW-1600B-01SC-Census.xls,01SC
B0201SC,16,291,District - Dhalai (03),Urban,Total,Marginal workers_Worked for less than_3 months_Total_Females,38,DDW-1600B-01SC-Census.xls,01SC
B0201SC,16,291,District - Dhalai (03),Urban,5-14,Marginal workers_Worked for less than_3 months_Total_Females,0,DDW-1600B-01SC-Census.xls,01SC
B0201SC,16,291,District - Dhalai (03),Urban,15-34,Marginal workers_Worked for less than_3 months_Total_Females,12,DDW-1600B-01SC-Census.xls,01SC
B0201SC,16,291,District - Dhalai (03),Urban,35-59,Marginal workers_Worked for less than_3 months_Total_Females,23,DDW-1600B-01SC-Census.xls,01SC
B0201SC,16,291,District - Dhalai (03),Urban,60+,Marginal workers_Worked for less than_3 months_Total_Females,3,DDW-1600B-01SC-Census.xls,01SC
B0201SC,16,291,District - Dhalai (03),Urban,Age not stated,Marginal workers_Worked for less than_3 months_Total_Females,0,DDW-1600B-01SC-Census.xls,01SC
B0201SC,16,291,District - Dhalai (03),Urban,15-59,Marginal workers_Worked for less than_3 months_Total_Females,35,DDW-1600B-01SC-Census.xls,01SC
B0201SC,16,292,District - North Tripura (04),Total,Total,Marginal workers_Worked for less than_3 months_Total_Females,1057,DDW-1600B-01SC-Census.xls,01SC
B0201SC,16,292,District - North Tripura (04),Total,5-14,Marginal workers_Worked for less than_3 months_Total_Females,10,DDW-1600B-01SC-Census.xls,01SC
B0201SC,16,292,District - North Tripura (04),Total,15-34,Marginal workers_Worked for less than_3 months_Total_Females,437,DDW-1600B-01SC-Census.xls,01SC
B0201SC,16,292,District - North Tripura (04),Total,35-59,Marginal workers_Worked for less than_3 months_Total_Females,532,DDW-1600B-01SC-Census.xls,01SC
B0201SC,16,292,District - North Tripura (04),Total,60+,Marginal workers_Worked for less than_3 months_Total_Females,78,DDW-1600B-01SC-Census.xls,01SC
B0201SC,16,292,District - North Tripura (04),Total,Age not stated,Marginal workers_Worked for less than_3 months_Total_Females,0,DDW-1600B-01SC-Census.xls,01SC
B0201SC,16,292,District - North Tripura (04),Total,15-59,Marginal workers_Worked for less than_3 months_Total_Females,969,DDW-1600B-01SC-Census.xls,01SC
B0201SC,16,292,District - North Tripura (04),Rural,Total,Marginal workers_Worked for less than_3 months_Total_Females,885,DDW-1600B-01SC-Census.xls,01SC
B0201SC,16,292,District - North Tripura (04),Rural,5-14,Marginal workers_Worked for less than_3 months_Total_Females,10,DDW-1600B-01SC-Census.xls,01SC
B0201SC,16,292,District - North Tripura (04),Rural,15-34,Marginal workers_Worked for less than_3 months_Total_Females,365,DDW-1600B-01SC-Census.xls,01SC
B0201SC,16,292,District - North Tripura (04),Rural,35-59,Marginal workers_Worked for less than_3 months_Total_Females,445,DDW-1600B-01SC-Census.xls,01SC
B0201SC,16,292,District - North Tripura (04),Rural,60+,Marginal workers_Worked for less than_3 months_Total_Females,65,DDW-1600B-01SC-Census.xls,01SC
B0201SC,16,292,District - North Tripura (04),Rural,Age not stated,Marginal workers_Worked for less than_3 months_Total_Females,0,DDW-1600B-01SC-Census.xls,01SC
B0201SC,16,292,District - North Tripura (04),Rural,15-59,Marginal workers_Worked for less than_3 months_Total_Females,810,DDW-1600B-01SC-Census.xls,01SC
B0201SC,16,292,District - North Tripura (04),Urban,Total,Marginal workers_Worked for less than_3 months_Total_Females,172,DDW-1600B-01SC-Census.xls,01SC
B0201SC,16,292,District - North Tripura (04),Urban,5-14,Marginal workers_Worked for less than_3 months_Total_Females,0,DDW-1600B-01SC-Census.xls,01SC
B0201SC,16,292,District - North Tripura (04),Urban,15-34,Marginal workers_Worked for less than_3 months_Total_Females,72,DDW-1600B-01SC-Census.xls,01SC
B0201SC,16,292,District - North Tripura (04),Urban,35-59,Marginal workers_Worked for less than_3 months_Total_Females,87,DDW-1600B-01SC-Census.xls,01SC
B0201SC,16,292,District - North Tripura (04),Urban,60+,Marginal workers_Worked for less than_3 months_Total_Females,13,DDW-1600B-01SC-Census.xls,01SC
B0201SC,16,292,District - North Tripura (04),Urban,Age not stated,Marginal workers_Worked for less than_3 months_Total_Females,0,DDW-1600B-01SC-Census.xls,01SC
B0201SC,16,292,District - North Tripura (04),Urban,15-59,Marginal workers_Worked for less than_3 months_Total_Females,159,DDW-1600B-01SC-Census.xls,01SC
B0201SC,16,000,State - TRIPURA (16),Total,Total,Marginal workers_Worked for 3 to 6 months_Total_Persons,43158,DDW-1600B-01SC-Census.xls,01SC
B0201SC,16,000,State - TRIPURA (16),Total,5-14,Marginal workers_Worked for 3 to 6 months_Total_Persons,604,DDW-1600B-01SC-Census.xls,01SC
B0201SC,16,000,State - TRIPURA (16),Total,15-34,Marginal workers_Worked for 3 to 6 months_Total_Persons,23737,DDW-1600B-01SC-Census.xls,01SC
B0201SC,16,000,State - TRIPURA (16),Total,35-59,Marginal workers_Worked for 3 to 6 months_Total_Persons,16118,DDW-1600B-01SC-Census.xls,01SC
B0201SC,16,000,State - TRIPURA (16),Total,60+,Marginal workers_Worked for 3 to 6 months_Total_Persons,2685,DDW-1600B-01SC-Census.xls,01SC
B0201SC,16,000,State - TRIPURA (16),Total,Age not stated,Marginal workers_Worked for 3 to 6 months_Total_Persons,14,DDW-1600B-01SC-Census.xls,01SC
B0201SC,16,000,State - TRIPURA (16),Total,15-59,Marginal workers_Worked for 3 to 6 months_Total_Persons,39855,DDW-1600B-01SC-Census.xls,01SC
B0201SC,16,000,State - TRIPURA (16),Rural,Total,Marginal workers_Worked for 3 to 6 months_Total_Persons,32097,DDW-1600B-01SC-Census.xls,01SC
B0201SC,16,000,State - TRIPURA (16),Rural,5-14,Marginal workers_Worked for 3 to 6 months_Total_Persons,410,DDW-1600B-01SC-Census.xls,01SC
B0201SC,16,000,State - TRIPURA (16),Rural,15-34,Marginal workers_Worked for 3 to 6 months_Total_Persons,17678,DDW-1600B-01SC-Census.xls,01SC
B0201SC,16,000,State - TRIPURA (16),Rural,35-59,Marginal workers_Worked for 3 to 6 months_Total_Persons,11964,DDW-1600B-01SC-Census.xls,01SC
B0201SC,16,000,State - TRIPURA (16),Rural,60+,Marginal workers_Worked for 3 to 6 months_Total_Persons,2037,DDW-1600B-01SC-Census.xls,01SC
B0201SC,16,000,State - TRIPURA (16),Rural,Age not stated,Marginal workers_Worked for 3 to 6 months_Total_Persons,8,DDW-1600B-01SC-Census.xls,01SC
B0201SC,16,000,State - TRIPURA (16),Rural,15-59,Marginal workers_Worked for 3 to 6 months_Total_Persons,29642,DDW-1600B-01SC-Census.xls,01SC
B0201SC,16,000,State - TRIPURA (16),Urban,Total,Marginal workers_Worked for 3 to 6 months_Total_Persons,11061,DDW-1600B-01SC-Census.xls,01SC
B0201SC,16,000,State - TRIPURA (16),Urban,5-14,Marginal workers_Worked for 3 to 6 months_Total_Persons,194,DDW-1600B-01SC-Census.xls,01SC
B0201SC,16,000,State - TRIPURA (16),Urban,15-34,Marginal workers_Worked for 3 to 6 months_Total_Persons,6059,DDW-1600B-01SC-Census.xls,01SC
B0201SC,16,000,State - TRIPURA (16),Urban,35-59,Marginal workers_Worked for 3 to 6 months_Total_Persons,4154,DDW-1600B-01SC-Census.xls,01SC
B0201SC,16,000,State - TRIPURA (16),Urban,60+,Marginal workers_Worked for 3 to 6 months_Total_Persons,648,DDW-1600B-01SC-Census.xls,01SC
B0201SC,16,000,State - TRIPURA (16),Urban,Age not stated,Marginal workers_Worked for 3 to 6 months_Total_Persons,6,DDW-1600B-01SC-Census.xls,01SC
B0201SC,16,000,State - TRIPURA (16),Urban,15-59,Marginal workers_Worked for 3 to 6 months_Total_Persons,10213,DDW-1600B-01SC-Census.xls,01SC
B0201SC,16,289,District - West Tripura  (01),Total,Total,Marginal workers_Worked for 3 to 6 months_Total_Persons,21672,DDW-1600B-01SC-Census.xls,01SC
B0201SC,16,289,District - West Tripura  (01),Total,5-14,Marginal workers_Worked for 3 to 6 months_Total_Persons,366,DDW-1600B-01SC-Census.xls,01SC
B0201SC,16,289,District - West Tripura  (01),Total,15-34,Marginal workers_Worked for 3 to 6 months_Total_Persons,12165,DDW-1600B-01SC-Census.xls,01SC
B0201SC,16,289,District - West Tripura  (01),Total,35-59,Marginal workers_Worked for 3 to 6 months_Total_Persons,7892,DDW-1600B-01SC-Census.xls,01SC
B0201SC,16,289,District - West Tripura  (01),Total,60+,Marginal workers_Worked for 3 to 6 months_Total_Persons,1242,DDW-1600B-01SC-Census.xls,01SC
B0201SC,16,289,District - West Tripura  (01),Total,Age not stated,Marginal workers_Worked for 3 to 6 months_Total_Persons,7,DDW-1600B-01SC-Census.xls,01SC
B0201SC,16,289,District - West Tripura  (01),Total,15-59,Marginal workers_Worked for 3 to 6 months_Total_Persons,20057,DDW-1600B-01SC-Census.xls,01SC
B0201SC,16,289,District - West Tripura  (01),Rural,Total,Marginal workers_Worked for 3 to 6 months_Total_Persons,13774,DDW-1600B-01SC-Census.xls,01SC
B0201SC,16,289,District - West Tripura  (01),Rural,5-14,Marginal workers_Worked for 3 to 6 months_Total_Persons,211,DDW-1600B-01SC-Census.xls,01SC
B0201SC,16,289,District - West Tripura  (01),Rural,15-34,Marginal workers_Worked for 3 to 6 months_Total_Persons,7805,DDW-1600B-01SC-Census.xls,01SC
B0201SC,16,289,District - West Tripura  (01),Rural,35-59,Marginal workers_Worked for 3 to 6 months_Total_Persons,4956,DDW-1600B-01SC-Census.xls,01SC
B0201SC,16,289,District - West Tripura  (01),Rural,60+,Marginal workers_Worked for 3 to 6 months_Total_Persons,799,DDW-1600B-01SC-Census.xls,01SC
B0201SC,16,289,District - West Tripura  (01),Rural,Age not stated,Marginal workers_Worked for 3 to 6 months_Total_Persons,3,DDW-1600B-01SC-Census.xls,01SC
B0201SC,16,289,District - West Tripura  (01),Rural,15-59,Marginal workers_Worked for 3 to 6 months_Total_Persons,12761,DDW-1600B-01SC-Census.xls,01SC
B0201SC,16,289,District - West Tripura  (01),Urban,Total,Marginal workers_Worked for 3 to 6 months_Total_Persons,7898,DDW-1600B-01SC-Census.xls,01SC
B0201SC,16,289,District - West Tripura  (01),Urban,5-14,Marginal workers_Worked for 3 to 6 months_Total_Persons,155,DDW-1600B-01SC-Census.xls,01SC
B0201SC,16,289,District - West Tripura  (01),Urban,15-34,Marginal workers_Worked for 3 to 6 months_Total_Persons,4360,DDW-1600B-01SC-Census.xls,01SC
B0201SC,16,289,District - West Tripura  (01),Urban,35-59,Marginal workers_Worked for 3 to 6 months_Total_Persons,2936,DDW-1600B-01SC-Census.xls,01SC
B0201SC,16,289,District - West Tripura  (01),Urban,60+,Marginal workers_Worked for 3 to 6 months_Total_Persons,443,DDW-1600B-01SC-Census.xls,01SC
B0201SC,16,289,District - West Tripura  (01),Urban,Age not stated,Marginal workers_Worked for 3 to 6 months_Total_Persons,4,DDW-1600B-01SC-Census.xls,01SC
B0201SC,16,289,District - West Tripura  (01),Urban,15-59,Marginal workers_Worked for 3 to 6 months_Total_Persons,7296,DDW-1600B-01SC-Census.xls,01SC
B0201SC,16,290,District - South Tripura  (02),Total,Total,Marginal workers_Worked for 3 to 6 months_Total_Persons,9893,DDW-1600B-01SC-Census.xls,01SC
B0201SC,16,290,District - South Tripura  (02),Total,5-14,Marginal workers_Worked for 3 to 6 months_Total_Persons,69,DDW-1600B-01SC-Census.xls,01SC
B0201SC,16,290,District - South Tripura  (02),Total,15-34,Marginal workers_Worked for 3 to 6 months_Total_Persons,5261,DDW-1600B-01SC-Census.xls,01SC
B0201SC,16,290,District - South Tripura  (02),Total,35-59,Marginal workers_Worked for 3 to 6 months_Total_Persons,3913,DDW-1600B-01SC-Census.xls,01SC
B0201SC,16,290,District - South Tripura  (02),Total,60+,Marginal workers_Worked for 3 to 6 months_Total_Persons,643,DDW-1600B-01SC-Census.xls,01SC
B0201SC,16,290,District - South Tripura  (02),Total,Age not stated,Marginal workers_Worked for 3 to 6 months_Total_Persons,7,DDW-1600B-01SC-Census.xls,01SC
B0201SC,16,290,District - South Tripura  (02),Total,15-59,Marginal workers_Worked for 3 to 6 months_Total_Persons,9174,DDW-1600B-01SC-Census.xls,01SC
B0201SC,16,290,District - South Tripura  (02),Rural,Total,Marginal workers_Worked for 3 to 6 months_Total_Persons,8445,DDW-1600B-01SC-Census.xls,01SC
B0201SC,16,290,District - South Tripura  (02),Rural,5-14,Marginal workers_Worked for 3 to 6 months_Total_Persons,54,DDW-1600B-01SC-Census.xls,01SC
B0201SC,16,290,District - South Tripura  (02),Rural,15-34,Marginal workers_Worked for 3 to 6 months_Total_Persons,4503,DDW-1600B-01SC-Census.xls,01SC
B0201SC,16,290,District - South Tripura  (02),Rural,35-59,Marginal workers_Worked for 3 to 6 months_Total_Persons,3336,DDW-1600B-01SC-Census.xls,01SC
B0201SC,16,290,District - South Tripura  (02),Rural,60+,Marginal workers_Worked for 3 to 6 months_Total_Persons,547,DDW-1600B-01SC-Census.xls,01SC
B0201SC,16,290,District - South Tripura  (02),Rural,Age not stated,Marginal workers_Worked for 3 to 6 months_Total_Persons,5,DDW-1600B-01SC-Census.xls,01SC
B0201SC,16,290,District - South Tripura  (02),Rural,15-59,Marginal workers_Worked for 3 to 6 months_Total_Persons,7839,DDW-1600B-01SC-Census.xls,01SC
B0201SC,16,290,District - South Tripura  (02),Urban,Total,Marginal workers_Worked for 3 to 6 months_Total_Persons,1448,DDW-1600B-01SC-Census.xls,01SC
B0201SC,16,290,District - South Tripura  (02),Urban,5-14,Marginal workers_Worked for 3 to 6 months_Total_Persons,15,DDW-1600B-01SC-Census.xls,01SC
B0201SC,16,290,District - South Tripura  (02),Urban,15-34,Marginal workers_Worked for 3 to 6 months_Total_Persons,758,DDW-1600B-01SC-Census.xls,01SC
B0201SC,16,290,District - South Tripura  (02),Urban,35-59,Marginal workers_Worked for 3 to 6 months_Total_Persons,577,DDW-1600B-01SC-Census.xls,01SC
B0201SC,16,290,District - South Tripura  (02),Urban,60+,Marginal workers_Worked for 3 to 6 months_Total_Persons,96,DDW-1600B-01SC-Census.xls,01SC
B0201SC,16,290,District - South Tripura  (02),Urban,Age not stated,Marginal workers_Worked for 3 to 6 months_Total_Persons,2,DDW-1600B-01SC-Census.xls,01SC
B0201SC,16,290,District - South Tripura  (02),Urban,15-59,Marginal workers_Worked for 3 to 6 months_Total_Persons,1335,DDW-1600B-01SC-Census.xls,01SC
B0201SC,16,291,District - Dhalai (03),Total,Total,Marginal workers_Worked for 3 to 6 months_Total_Persons,4287,DDW-1600B-01SC-Census.xls,01SC
B0201SC,16,291,District - Dhalai (03),Total,5-14,Marginal workers_Worked for 3 to 6 months_Total_Persons,26,DDW-1600B-01SC-Census.xls,01SC
B0201SC,16,291,District - Dhalai (03),Total,15-34,Marginal workers_Worked for 3 to 6 months_Total_Persons,2243,DDW-1600B-01SC-Census.xls,01SC
B0201SC,16,291,District - Dhalai (03),Total,35-59,Marginal workers_Worked for 3 to 6 months_Total_Persons,1704,DDW-1600B-01SC-Census.xls,01SC
B0201SC,16,291,District - Dhalai (03),Total,60+,Marginal workers_Worked for 3 to 6 months_Total_Persons,314,DDW-1600B-01SC-Census.xls,01SC
B0201SC,16,291,District - Dhalai (03),Total,Age not stated,Marginal workers_Worked for 3 to 6 months_Total_Persons,0,DDW-1600B-01SC-Census.xls,01SC
B0201SC,16,291,District - Dhalai (03),Total,15-59,Marginal workers_Worked for 3 to 6 months_Total_Persons,3947,DDW-1600B-01SC-Census.xls,01SC
B0201SC,16,291,District - Dhalai (03),Rural,Total,Marginal workers_Worked for 3 to 6 months_Total_Persons,3897,DDW-1600B-01SC-Census.xls,01SC
B0201SC,16,291,District - Dhalai (03),Rural,5-14,Marginal workers_Worked for 3 to 6 months_Total_Persons,20,DDW-1600B-01SC-Census.xls,01SC
B0201SC,16,291,District - Dhalai (03),Rural,15-34,Marginal workers_Worked for 3 to 6 months_Total_Persons,2041,DDW-1600B-01SC-Census.xls,01SC
B0201SC,16,291,District - Dhalai (03),Rural,35-59,Marginal workers_Worked for 3 to 6 months_Total_Persons,1554,DDW-1600B-01SC-Census.xls,01SC
B0201SC,16,291,District - Dhalai (03),Rural,60+,Marginal workers_Worked for 3 to 6 months_Total_Persons,282,DDW-1600B-01SC-Census.xls,01SC
B0201SC,16,291,District - Dhalai (03),Rural,Age not stated,Marginal workers_Worked for 3 to 6 months_Total_Persons,0,DDW-1600B-01SC-Census.xls,01SC
B0201SC,16,291,District - Dhalai (03),Rural,15-59,Marginal workers_Worked for 3 to 6 months_Total_Persons,3595,DDW-1600B-01SC-Census.xls,01SC
B0201SC,16,291,District - Dhalai (03),Urban,Total,Marginal workers_Worked for 3 to 6 months_Total_Persons,390,DDW-1600B-01SC-Census.xls,01SC
B0201SC,16,291,District - Dhalai (03),Urban,5-14,Marginal workers_Worked for 3 to 6 months_Total_Persons,6,DDW-1600B-01SC-Census.xls,01SC
B0201SC,16,291,District - Dhalai (03),Urban,15-34,Marginal workers_Worked for 3 to 6 months_Total_Persons,202,DDW-1600B-01SC-Census.xls,01SC
B0201SC,16,291,District - Dhalai (03),Urban,35-59,Marginal workers_Worked for 3 to 6 months_Total_Persons,150,DDW-1600B-01SC-Census.xls,01SC
B0201SC,16,291,District - Dhalai (03),Urban,60+,Marginal workers_Worked for 3 to 6 months_Total_Persons,32,DDW-1600B-01SC-Census.xls,01SC
B0201SC,16,291,District - Dhalai (03),Urban,Age not stated,Marginal workers_Worked for 3 to 6 months_Total_Persons,0,DDW-1600B-01SC-Census.xls,01SC
B0201SC,16,291,District - Dhalai (03),Urban,15-59,Marginal workers_Worked for 3 to 6 months_Total_Persons,352,DDW-1600B-01SC-Census.xls,01SC
B0201SC,16,292,District - North Tripura (04),Total,Total,Marginal workers_Worked for 3 to 6 months_Total_Persons,7306,DDW-1600B-01SC-Census.xls,01SC
B0201SC,16,292,District - North Tripura (04),Total,5-14,Marginal workers_Worked for 3 to 6 months_Total_Persons,143,DDW-1600B-01SC-Census.xls,01SC
B0201SC,16,292,District - North Tripura (04),Total,15-34,Marginal workers_Worked for 3 to 6 months_Total_Persons,4068,DDW-1600B-01SC-Census.xls,01SC
B0201SC,16,292,District - North Tripura (04),Total,35-59,Marginal workers_Worked for 3 to 6 months_Total_Persons,2609,DDW-1600B-01SC-Census.xls,01SC
B0201SC,16,292,District - North Tripura (04),Total,60+,Marginal workers_Worked for 3 to 6 months_Total_Persons,486,DDW-1600B-01SC-Census.xls,01SC
B0201SC,16,292,District - North Tripura (04),Total,Age not stated,Marginal workers_Worked for 3 to 6 months_Total_Persons,0,DDW-1600B-01SC-Census.xls,01SC
B0201SC,16,292,District - North Tripura (04),Total,15-59,Marginal workers_Worked for 3 to 6 months_Total_Persons,6677,DDW-1600B-01SC-Census.xls,01SC
B0201SC,16,292,District - North Tripura (04),Rural,Total,Marginal workers_Worked for 3 to 6 months_Total_Persons,5981,DDW-1600B-01SC-Census.xls,01SC
B0201SC,16,292,District - North Tripura (04),Rural,5-14,Marginal workers_Worked for 3 to 6 months_Total_Persons,125,DDW-1600B-01SC-Census.xls,01SC
B0201SC,16,292,District - North Tripura (04),Rural,15-34,Marginal workers_Worked for 3 to 6 months_Total_Persons,3329,DDW-1600B-01SC-Census.xls,01SC
B0201SC,16,292,District - North Tripura (04),Rural,35-59,Marginal workers_Worked for 3 to 6 months_Total_Persons,2118,DDW-1600B-01SC-Census.xls,01SC
B0201SC,16,292,District - North Tripura (04),Rural,60+,Marginal workers_Worked for 3 to 6 months_Total_Persons,409,DDW-1600B-01SC-Census.xls,01SC
B0201SC,16,292,District - North Tripura (04),Rural,Age not stated,Marginal workers_Worked for 3 to 6 months_Total_Persons,0,DDW-1600B-01SC-Census.xls,01SC
B0201SC,16,292,District - North Tripura (04),Rural,15-59,Marginal workers_Worked for 3 to 6 months_Total_Persons,5447,DDW-1600B-01SC-Census.xls,01SC
B0201SC,16,292,District - North Tripura (04),Urban,Total,Marginal workers_Worked for 3 to 6 months_Total_Persons,1325,DDW-1600B-01SC-Census.xls,01SC
B0201SC,16,292,District - North Tripura (04),Urban,5-14,Marginal workers_Worked for 3 to 6 months_Total_Persons,18,DDW-1600B-01SC-Census.xls,01SC
B0201SC,16,292,District - North Tripura (04),Urban,15-34,Marginal workers_Worked for 3 to 6 months_Total_Persons,739,DDW-1600B-01SC-Census.xls,01SC
B0201SC,16,292,District - North Tripura (04),Urban,35-59,Marginal workers_Worked for 3 to 6 months_Total_Persons,491,DDW-1600B-01SC-Census.xls,01SC
B0201SC,16,292,District - North Tripura (04),Urban,60+,Marginal workers_Worked for 3 to 6 months_Total_Persons,77,DDW-1600B-01SC-Census.xls,01SC
B0201SC,16,292,District - North Tripura (04),Urban,Age not stated,Marginal workers_Worked for 3 to 6 months_Total_Persons,0,DDW-1600B-01SC-Census.xls,01SC
B0201SC,16,292,District - North Tripura (04),Urban,15-59,Marginal workers_Worked for 3 to 6 months_Total_Persons,1230,DDW-1600B-01SC-Census.xls,01SC
B0201SC,16,000,State - TRIPURA (16),Total,Total,Marginal workers_Worked for 3 to 6 months_Total_Males,22407,DDW-1600B-01SC-Census.xls,01SC
B0201SC,16,000,State - TRIPURA (16),Total,5-14,Marginal workers_Worked for 3 to 6 months_Total_Males,358,DDW-1600B-01SC-Census.xls,01SC
B0201SC,16,000,State - TRIPURA (16),Total,15-34,Marginal workers_Worked for 3 to 6 months_Total_Males,14011,DDW-1600B-01SC-Census.xls,01SC
B0201SC,16,000,State - TRIPURA (16),Total,35-59,Marginal workers_Worked for 3 to 6 months_Total_Males,6462,DDW-1600B-01SC-Census.xls,01SC
B0201SC,16,000,State - TRIPURA (16),Total,60+,Marginal workers_Worked for 3 to 6 months_Total_Males,1567,DDW-1600B-01SC-Census.xls,01SC
B0201SC,16,000,State - TRIPURA (16),Total,Age not stated,Marginal workers_Worked for 3 to 6 months_Total_Males,9,DDW-1600B-01SC-Census.xls,01SC
B0201SC,16,000,State - TRIPURA (16),Total,15-59,Marginal workers_Worked for 3 to 6 months_Total_Males,20473,DDW-1600B-01SC-Census.xls,01SC
B0201SC,16,000,State - TRIPURA (16),Rural,Total,Marginal workers_Worked for 3 to 6 months_Total_Males,16358,DDW-1600B-01SC-Census.xls,01SC
B0201SC,16,000,State - TRIPURA (16),Rural,5-14,Marginal workers_Worked for 3 to 6 months_Total_Males,237,DDW-1600B-01SC-Census.xls,01SC
B0201SC,16,000,State - TRIPURA (16),Rural,15-34,Marginal workers_Worked for 3 to 6 months_Total_Males,10298,DDW-1600B-01SC-Census.xls,01SC
B0201SC,16,000,State - TRIPURA (16),Rural,35-59,Marginal workers_Worked for 3 to 6 months_Total_Males,4651,DDW-1600B-01SC-Census.xls,01SC
B0201SC,16,000,State - TRIPURA (16),Rural,60+,Marginal workers_Worked for 3 to 6 months_Total_Males,1167,DDW-1600B-01SC-Census.xls,01SC
B0201SC,16,000,State - TRIPURA (16),Rural,Age not stated,Marginal workers_Worked for 3 to 6 months_Total_Males,5,DDW-1600B-01SC-Census.xls,01SC
B0201SC,16,000,State - TRIPURA (16),Rural,15-59,Marginal workers_Worked for 3 to 6 months_Total_Males,14949,DDW-1600B-01SC-Census.xls,01SC
B0201SC,16,000,State - TRIPURA (16),Urban,Total,Marginal workers_Worked for 3 to 6 months_Total_Males,6049,DDW-1600B-01SC-Census.xls,01SC
B0201SC,16,000,State - TRIPURA (16),Urban,5-14,Marginal workers_Worked for 3 to 6 months_Total_Males,121,DDW-1600B-01SC-Census.xls,01SC
B0201SC,16,000,State - TRIPURA (16),Urban,15-34,Marginal workers_Worked for 3 to 6 months_Total_Males,3713,DDW-1600B-01SC-Census.xls,01SC
B0201SC,16,000,State - TRIPURA (16),Urban,35-59,Marginal workers_Worked for 3 to 6 months_Total_Males,1811,DDW-1600B-01SC-Census.xls,01SC
B0201SC,16,000,State - TRIPURA (16),Urban,60+,Marginal workers_Worked for 3 to 6 months_Total_Males,400,DDW-1600B-01SC-Census.xls,01SC
B0201SC,16,000,State - TRIPURA (16),Urban,Age not stated,Marginal workers_Worked for 3 to 6 months_Total_Males,4,DDW-1600B-01SC-Census.xls,01SC
B0201SC,16,000,State - TRIPURA (16),Urban,15-59,Marginal workers_Worked for 3 to 6 months_Total_Males,5524,DDW-1600B-01SC-Census.xls,01SC
B0201SC,16,289,District - West Tripura  (01),Total,Total,Marginal workers_Worked for 3 to 6 months_Total_Males,10923,DDW-1600B-01SC-Census.xls,01SC
B0201SC,16,289,District - West Tripura  (01),Total,5-14,Marginal workers_Worked for 3 to 6 months_Total_Males,219,DDW-1600B-01SC-Census.xls,01SC
B0201SC,16,289,District - West Tripura  (01),Total,15-34,Marginal workers_Worked for 3 to 6 months_Total_Males,6933,DDW-1600B-01SC-Census.xls,01SC
B0201SC,16,289,District - West Tripura  (01),Total,35-59,Marginal workers_Worked for 3 to 6 months_Total_Males,3041,DDW-1600B-01SC-Census.xls,01SC
B0201SC,16,289,District - West Tripura  (01),Total,60+,Marginal workers_Worked for 3 to 6 months_Total_Males,725,DDW-1600B-01SC-Census.xls,01SC
B0201SC,16,289,District - West Tripura  (01),Total,Age not stated,Marginal workers_Worked for 3 to 6 months_Total_Males,5,DDW-1600B-01SC-Census.xls,01SC
B0201SC,16,289,District - West Tripura  (01),Total,15-59,Marginal workers_Worked for 3 to 6 months_Total_Males,9974,DDW-1600B-01SC-Census.xls,01SC
B0201SC,16,289,District - West Tripura  (01),Rural,Total,Marginal workers_Worked for 3 to 6 months_Total_Males,6765,DDW-1600B-01SC-Census.xls,01SC
B0201SC,16,289,District - West Tripura  (01),Rural,5-14,Marginal workers_Worked for 3 to 6 months_Total_Males,120,DDW-1600B-01SC-Census.xls,01SC
B0201SC,16,289,District - West Tripura  (01),Rural,15-34,Marginal workers_Worked for 3 to 6 months_Total_Males,4344,DDW-1600B-01SC-Census.xls,01SC
B0201SC,16,289,District - West Tripura  (01),Rural,35-59,Marginal workers_Worked for 3 to 6 months_Total_Males,1840,DDW-1600B-01SC-Census.xls,01SC
B0201SC,16,289,District - West Tripura  (01),Rural,60+,Marginal workers_Worked for 3 to 6 months_Total_Males,458,DDW-1600B-01SC-Census.xls,01SC
B0201SC,16,289,District - West Tripura  (01),Rural,Age not stated,Marginal workers_Worked for 3 to 6 months_Total_Males,3,DDW-1600B-01SC-Census.xls,01SC
B0201SC,16,289,District - West Tripura  (01),Rural,15-59,Marginal workers_Worked for 3 to 6 months_Total_Males,6184,DDW-1600B-01SC-Census.xls,01SC
B0201SC,16,289,District - West Tripura  (01),Urban,Total,Marginal workers_Worked for 3 to 6 months_Total_Males,4158,DDW-1600B-01SC-Census.xls,01SC
B0201SC,16,289,District - West Tripura  (01),Urban,5-14,Marginal workers_Worked for 3 to 6 months_Total_Males,99,DDW-1600B-01SC-Census.xls,01SC
B0201SC,16,289,District - West Tripura  (01),Urban,15-34,Marginal workers_Worked for 3 to 6 months_Total_Males,2589,DDW-1600B-01SC-Census.xls,01SC
B0201SC,16,289,District - West Tripura  (01),Urban,35-59,Marginal workers_Worked for 3 to 6 months_Total_Males,1201,DDW-1600B-01SC-Census.xls,01SC
B0201SC,16,289,District - West Tripura  (01),Urban,60+,Marginal workers_Worked for 3 to 6 months_Total_Males,267,DDW-1600B-01SC-Census.xls,01SC
B0201SC,16,289,District - West Tripura  (01),Urban,Age not stated,Marginal workers_Worked for 3 to 6 months_Total_Males,2,DDW-1600B-01SC-Census.xls,01SC
B0201SC,16,289,District - West Tripura  (01),Urban,15-59,Marginal workers_Worked for 3 to 6 months_Total_Males,3790,DDW-1600B-01SC-Census.xls,01SC
B0201SC,16,290,District - South Tripura  (02),Total,Total,Marginal workers_Worked for 3 to 6 months_Total_Males,5156,DDW-1600B-01SC-Census.xls,01SC
B0201SC,16,290,District - South Tripura  (02),Total,5-14,Marginal workers_Worked for 3 to 6 months_Total_Males,42,DDW-1600B-01SC-Census.xls,01SC
B0201SC,16,290,District - South Tripura  (02),Total,15-34,Marginal workers_Worked for 3 to 6 months_Total_Males,3198,DDW-1600B-01SC-Census.xls,01SC
B0201SC,16,290,District - South Tripura  (02),Total,35-59,Marginal workers_Worked for 3 to 6 months_Total_Males,1563,DDW-1600B-01SC-Census.xls,01SC
B0201SC,16,290,District - South Tripura  (02),Total,60+,Marginal workers_Worked for 3 to 6 months_Total_Males,349,DDW-1600B-01SC-Census.xls,01SC
B0201SC,16,290,District - South Tripura  (02),Total,Age not stated,Marginal workers_Worked for 3 to 6 months_Total_Males,4,DDW-1600B-01SC-Census.xls,01SC
B0201SC,16,290,District - South Tripura  (02),Total,15-59,Marginal workers_Worked for 3 to 6 months_Total_Males,4761,DDW-1600B-01SC-Census.xls,01SC
B0201SC,16,290,District - South Tripura  (02),Rural,Total,Marginal workers_Worked for 3 to 6 months_Total_Males,4333,DDW-1600B-01SC-Census.xls,01SC
B0201SC,16,290,District - South Tripura  (02),Rural,5-14,Marginal workers_Worked for 3 to 6 months_Total_Males,35,DDW-1600B-01SC-Census.xls,01SC
B0201SC,16,290,District - South Tripura  (02),Rural,15-34,Marginal workers_Worked for 3 to 6 months_Total_Males,2710,DDW-1600B-01SC-Census.xls,01SC
B0201SC,16,290,District - South Tripura  (02),Rural,35-59,Marginal workers_Worked for 3 to 6 months_Total_Males,1299,DDW-1600B-01SC-Census.xls,01SC
B0201SC,16,290,District - South Tripura  (02),Rural,60+,Marginal workers_Worked for 3 to 6 months_Total_Males,287,DDW-1600B-01SC-Census.xls,01SC
B0201SC,16,290,District - South Tripura  (02),Rural,Age not stated,Marginal workers_Worked for 3 to 6 months_Total_Males,2,DDW-1600B-01SC-Census.xls,01SC
B0201SC,16,290,District - South Tripura  (02),Rural,15-59,Marginal workers_Worked for 3 to 6 months_Total_Males,4009,DDW-1600B-01SC-Census.xls,01SC
B0201SC,16,290,District - South Tripura  (02),Urban,Total,Marginal workers_Worked for 3 to 6 months_Total_Males,823,DDW-1600B-01SC-Census.xls,01SC
B0201SC,16,290,District - South Tripura  (02),Urban,5-14,Marginal workers_Worked for 3 to 6 months_Total_Males,7,DDW-1600B-01SC-Census.xls,01SC
B0201SC,16,290,District - South Tripura  (02),Urban,15-34,Marginal workers_Worked for 3 to 6 months_Total_Males,488,DDW-1600B-01SC-Census.xls,01SC
B0201SC,16,290,District - South Tripura  (02),Urban,35-59,Marginal workers_Worked for 3 to 6 months_Total_Males,264,DDW-1600B-01SC-Census.xls,01SC
B0201SC,16,290,District - South Tripura  (02),Urban,60+,Marginal workers_Worked for 3 to 6 months_Total_Males,62,DDW-1600B-01SC-Census.xls,01SC
B0201SC,16,290,District - South Tripura  (02),Urban,Age not stated,Marginal workers_Worked for 3 to 6 months_Total_Males,2,DDW-1600B-01SC-Census.xls,01SC
B0201SC,16,290,District - South Tripura  (02),Urban,15-59,Marginal workers_Worked for 3 to 6 months_Total_Males,752,DDW-1600B-01SC-Census.xls,01SC
B0201SC,16,291,District - Dhalai (03),Total,Total,Marginal workers_Worked for 3 to 6 months_Total_Males,1826,DDW-1600B-01SC-Census.xls,01SC
B0201SC,16,291,District - Dhalai (03),Total,5-14,Marginal workers_Worked for 3 to 6 months_Total_Males,14,DDW-1600B-01SC-Census.xls,01SC
B0201SC,16,291,District - Dhalai (03),Total,15-34,Marginal workers_Worked for 3 to 6 months_Total_Males,1154,DDW-1600B-01SC-Census.xls,01SC
B0201SC,16,291,District - Dhalai (03),Total,35-59,Marginal workers_Worked for 3 to 6 months_Total_Males,483,DDW-1600B-01SC-Census.xls,01SC
B0201SC,16,291,District - Dhalai (03),Total,60+,Marginal workers_Worked for 3 to 6 months_Total_Males,175,DDW-1600B-01SC-Census.xls,01SC
B0201SC,16,291,District - Dhalai (03),Total,Age not stated,Marginal workers_Worked for 3 to 6 months_Total_Males,0,DDW-1600B-01SC-Census.xls,01SC
B0201SC,16,291,District - Dhalai (03),Total,15-59,Marginal workers_Worked for 3 to 6 months_Total_Males,1637,DDW-1600B-01SC-Census.xls,01SC
B0201SC,16,291,District - Dhalai (03),Rural,Total,Marginal workers_Worked for 3 to 6 months_Total_Males,1643,DDW-1600B-01SC-Census.xls,01SC
B0201SC,16,291,District - Dhalai (03),Rural,5-14,Marginal workers_Worked for 3 to 6 months_Total_Males,11,DDW-1600B-01SC-Census.xls,01SC
B0201SC,16,291,District - Dhalai (03),Rural,15-34,Marginal workers_Worked for 3 to 6 months_Total_Males,1046,DDW-1600B-01SC-Census.xls,01SC
B0201SC,16,291,District - Dhalai (03),Rural,35-59,Marginal workers_Worked for 3 to 6 months_Total_Males,431,DDW-1600B-01SC-Census.xls,01SC
B0201SC,16,291,District - Dhalai (03),Rural,60+,Marginal workers_Worked for 3 to 6 months_Total_Males,155,DDW-1600B-01SC-Census.xls,01SC
B0201SC,16,291,District - Dhalai (03),Rural,Age not stated,Marginal workers_Worked for 3 to 6 months_Total_Males,0,DDW-1600B-01SC-Census.xls,01SC
B0201SC,16,291,District - Dhalai (03),Rural,15-59,Marginal workers_Worked for 3 to 6 months_Total_Males,1477,DDW-1600B-01SC-Census.xls,01SC
B0201SC,16,291,District - Dhalai (03),Urban,Total,Marginal workers_Worked for 3 to 6 months_Total_Males,183,DDW-1600B-01SC-Census.xls,01SC
B0201SC,16,291,District - Dhalai (03),Urban,5-14,Marginal workers_Worked for 3 to 6 months_Total_Males,3,DDW-1600B-01SC-Census.xls,01SC
B0201SC,16,291,District - Dhalai (03),Urban,15-34,Marginal workers_Worked for 3 to 6 months_Total_Males,108,DDW-1600B-01SC-Census.xls,01SC
B0201SC,16,291,District - Dhalai (03),Urban,35-59,Marginal workers_Worked for 3 to 6 months_Total_Males,52,DDW-1600B-01SC-Census.xls,01SC
B0201SC,16,291,District - Dhalai (03),Urban,60+,Marginal workers_Worked for 3 to 6 months_Total_Males,20,DDW-1600B-01SC-Census.xls,01SC
B0201SC,16,291,District - Dhalai (03),Urban,Age not stated,Marginal workers_Worked for 3 to 6 months_Total_Males,0,DDW-1600B-01SC-Census.xls,01SC
B0201SC,16,291,District - Dhalai (03),Urban,15-59,Marginal workers_Worked for 3 to 6 months_Total_Males,160,DDW-1600B-01SC-Census.xls,01SC
B0201SC,16,292,District - North Tripura (04),Total,Total,Marginal workers_Worked for 3 to 6 months_Total_Males,4502,DDW-1600B-01SC-Census.xls,01SC
B0201SC,16,292,District - North Tripura (04),Total,5-14,Marginal workers_Worked for 3 to 6 months_Total_Males,83,DDW-1600B-01SC-Census.xls,01SC
B0201SC,16,292,District - North Tripura (04),Total,15-34,Marginal workers_Worked for 3 to 6 months_Total_Males,2726,DDW-1600B-01SC-Census.xls,01SC
B0201SC,16,292,District - North Tripura (04),Total,35-59,Marginal workers_Worked for 3 to 6 months_Total_Males,1375,DDW-1600B-01SC-Census.xls,01SC
B0201SC,16,292,District - North Tripura (04),Total,60+,Marginal workers_Worked for 3 to 6 months_Total_Males,318,DDW-1600B-01SC-Census.xls,01SC
B0201SC,16,292,District - North Tripura (04),Total,Age not stated,Marginal workers_Worked for 3 to 6 months_Total_Males,0,DDW-1600B-01SC-Census.xls,01SC
B0201SC,16,292,District - North Tripura (04),Total,15-59,Marginal workers_Worked for 3 to 6 months_Total_Males,4101,DDW-1600B-01SC-Census.xls,01SC
B0201SC,16,292,District - North Tripura (04),Rural,Total,Marginal workers_Worked for 3 to 6 months_Total_Males,3617,DDW-1600B-01SC-Census.xls,01SC
B0201SC,16,292,District - North Tripura (04),Rural,5-14,Marginal workers_Worked for 3 to 6 months_Total_Males,71,DDW-1600B-01SC-Census.xls,01SC
B0201SC,16,292,District - North Tripura (04),Rural,15-34,Marginal workers_Worked for 3 to 6 months_Total_Males,2198,DDW-1600B-01SC-Census.xls,01SC
B0201SC,16,292,District - North Tripura (04),Rural,35-59,Marginal workers_Worked for 3 to 6 months_Total_Males,1081,DDW-1600B-01SC-Census.xls,01SC
B0201SC,16,292,District - North Tripura (04),Rural,60+,Marginal workers_Worked for 3 to 6 months_Total_Males,267,DDW-1600B-01SC-Census.xls,01SC
B0201SC,16,292,District - North Tripura (04),Rural,Age not stated,Marginal workers_Worked for 3 to 6 months_Total_Males,0,DDW-1600B-01SC-Census.xls,01SC
B0201SC,16,292,District - North Tripura (04),Rural,15-59,Marginal workers_Worked for 3 to 6 months_Total_Males,3279,DDW-1600B-01SC-Census.xls,01SC
B0201SC,16,292,District - North Tripura (04),Urban,Total,Marginal workers_Worked for 3 to 6 months_Total_Males,885,DDW-1600B-01SC-Census.xls,01SC
B0201SC,16,292,District - North Tripura (04),Urban,5-14,Marginal workers_Worked for 3 to 6 months_Total_Males,12,DDW-1600B-01SC-Census.xls,01SC
B0201SC,16,292,District - North Tripura (04),Urban,15-34,Marginal workers_Worked for 3 to 6 months_Total_Males,528,DDW-1600B-01SC-Census.xls,01SC
B0201SC,16,292,District - North Tripura (04),Urban,35-59,Marginal workers_Worked for 3 to 6 months_Total_Males,294,DDW-1600B-01SC-Census.xls,01SC
B0201SC,16,292,District - North Tripura (04),Urban,60+,Marginal workers_Worked for 3 to 6 months_Total_Males,51,DDW-1600B-01SC-Census.xls,01SC
B0201SC,16,292,District - North Tripura (04),Urban,Age not stated,Marginal workers_Worked for 3 to 6 months_Total_Males,0,DDW-1600B-01SC-Census.xls,01SC
B0201SC,16,292,District - North Tripura (04),Urban,15-59,Marginal workers_Worked for 3 to 6 months_Total_Males,822,DDW-1600B-01SC-Census.xls,01SC
B0201SC,16,000,State - TRIPURA (16),Total,Total,Marginal workers_Worked for 3 to 6 months_Total_Females,20751,DDW-1600B-01SC-Census.xls,01SC
B0201SC,16,000,State - TRIPURA (16),Total,5-14,Marginal workers_Worked for 3 to 6 months_Total_Females,246,DDW-1600B-01SC-Census.xls,01SC
B0201SC,16,000,State - TRIPURA (16),Total,15-34,Marginal workers_Worked for 3 to 6 months_Total_Females,9726,DDW-1600B-01SC-Census.xls,01SC
B0201SC,16,000,State - TRIPURA (16),Total,35-59,Marginal workers_Worked for 3 to 6 months_Total_Females,9656,DDW-1600B-01SC-Census.xls,01SC
B0201SC,16,000,State - TRIPURA (16),Total,60+,Marginal workers_Worked for 3 to 6 months_Total_Females,1118,DDW-1600B-01SC-Census.xls,01SC
B0201SC,16,000,State - TRIPURA (16),Total,Age not stated,Marginal workers_Worked for 3 to 6 months_Total_Females,5,DDW-1600B-01SC-Census.xls,01SC
B0201SC,16,000,State - TRIPURA (16),Total,15-59,Marginal workers_Worked for 3 to 6 months_Total_Females,19382,DDW-1600B-01SC-Census.xls,01SC
B0201SC,16,000,State - TRIPURA (16),Rural,Total,Marginal workers_Worked for 3 to 6 months_Total_Females,15739,DDW-1600B-01SC-Census.xls,01SC
B0201SC,16,000,State - TRIPURA (16),Rural,5-14,Marginal workers_Worked for 3 to 6 months_Total_Females,173,DDW-1600B-01SC-Census.xls,01SC
B0201SC,16,000,State - TRIPURA (16),Rural,15-34,Marginal workers_Worked for 3 to 6 months_Total_Females,7380,DDW-1600B-01SC-Census.xls,01SC
B0201SC,16,000,State - TRIPURA (16),Rural,35-59,Marginal workers_Worked for 3 to 6 months_Total_Females,7313,DDW-1600B-01SC-Census.xls,01SC
B0201SC,16,000,State - TRIPURA (16),Rural,60+,Marginal workers_Worked for 3 to 6 months_Total_Females,870,DDW-1600B-01SC-Census.xls,01SC
B0201SC,16,000,State - TRIPURA (16),Rural,Age not stated,Marginal workers_Worked for 3 to 6 months_Total_Females,3,DDW-1600B-01SC-Census.xls,01SC
B0201SC,16,000,State - TRIPURA (16),Rural,15-59,Marginal workers_Worked for 3 to 6 months_Total_Females,14693,DDW-1600B-01SC-Census.xls,01SC
B0201SC,16,000,State - TRIPURA (16),Urban,Total,Marginal workers_Worked for 3 to 6 months_Total_Females,5012,DDW-1600B-01SC-Census.xls,01SC
B0201SC,16,000,State - TRIPURA (16),Urban,5-14,Marginal workers_Worked for 3 to 6 months_Total_Females,73,DDW-1600B-01SC-Census.xls,01SC
B0201SC,16,000,State - TRIPURA (16),Urban,15-34,Marginal workers_Worked for 3 to 6 months_Total_Females,2346,DDW-1600B-01SC-Census.xls,01SC
B0201SC,16,000,State - TRIPURA (16),Urban,35-59,Marginal workers_Worked for 3 to 6 months_Total_Females,2343,DDW-1600B-01SC-Census.xls,01SC
B0201SC,16,000,State - TRIPURA (16),Urban,60+,Marginal workers_Worked for 3 to 6 months_Total_Females,248,DDW-1600B-01SC-Census.xls,01SC
B0201SC,16,000,State - TRIPURA (16),Urban,Age not stated,Marginal workers_Worked for 3 to 6 months_Total_Females,2,DDW-1600B-01SC-Census.xls,01SC
B0201SC,16,000,State - TRIPURA (16),Urban,15-59,Marginal workers_Worked for 3 to 6 months_Total_Females,4689,DDW-1600B-01SC-Census.xls,01SC
B0201SC,16,289,District - West Tripura  (01),Total,Total,Marginal workers_Worked for 3 to 6 months_Total_Females,10749,DDW-1600B-01SC-Census.xls,01SC
B0201SC,16,289,District - West Tripura  (01),Total,5-14,Marginal workers_Worked for 3 to 6 months_Total_Females,147,DDW-1600B-01SC-Census.xls,01SC
B0201SC,16,289,District - West Tripura  (01),Total,15-34,Marginal workers_Worked for 3 to 6 months_Total_Females,5232,DDW-1600B-01SC-Census.xls,01SC
B0201SC,16,289,District - West Tripura  (01),Total,35-59,Marginal workers_Worked for 3 to 6 months_Total_Females,4851,DDW-1600B-01SC-Census.xls,01SC
B0201SC,16,289,District - West Tripura  (01),Total,60+,Marginal workers_Worked for 3 to 6 months_Total_Females,517,DDW-1600B-01SC-Census.xls,01SC
B0201SC,16,289,District - West Tripura  (01),Total,Age not stated,Marginal workers_Worked for 3 to 6 months_Total_Females,2,DDW-1600B-01SC-Census.xls,01SC
B0201SC,16,289,District - West Tripura  (01),Total,15-59,Marginal workers_Worked for 3 to 6 months_Total_Females,10083,DDW-1600B-01SC-Census.xls,01SC
B0201SC,16,289,District - West Tripura  (01),Rural,Total,Marginal workers_Worked for 3 to 6 months_Total_Females,7009,DDW-1600B-01SC-Census.xls,01SC
B0201SC,16,289,District - West Tripura  (01),Rural,5-14,Marginal workers_Worked for 3 to 6 months_Total_Females,91,DDW-1600B-01SC-Census.xls,01SC
B0201SC,16,289,District - West Tripura  (01),Rural,15-34,Marginal workers_Worked for 3 to 6 months_Total_Females,3461,DDW-1600B-01SC-Census.xls,01SC
B0201SC,16,289,District - West Tripura  (01),Rural,35-59,Marginal workers_Worked for 3 to 6 months_Total_Females,3116,DDW-1600B-01SC-Census.xls,01SC
B0201SC,16,289,District - West Tripura  (01),Rural,60+,Marginal workers_Worked for 3 to 6 months_Total_Females,341,DDW-1600B-01SC-Census.xls,01SC
B0201SC,16,289,District - West Tripura  (01),Rural,Age not stated,Marginal workers_Worked for 3 to 6 months_Total_Females,0,DDW-1600B-01SC-Census.xls,01SC
B0201SC,16,289,District - West Tripura  (01),Rural,15-59,Marginal workers_Worked for 3 to 6 months_Total_Females,6577,DDW-1600B-01SC-Census.xls,01SC
B0201SC,16,289,District - West Tripura  (01),Urban,Total,Marginal workers_Worked for 3 to 6 months_Total_Females,3740,DDW-1600B-01SC-Census.xls,01SC
B0201SC,16,289,District - West Tripura  (01),Urban,5-14,Marginal workers_Worked for 3 to 6 months_Total_Females,56,DDW-1600B-01SC-Census.xls,01SC
B0201SC,16,289,District - West Tripura  (01),Urban,15-34,Marginal workers_Worked for 3 to 6 months_Total_Females,1771,DDW-1600B-01SC-Census.xls,01SC
B0201SC,16,289,District - West Tripura  (01),Urban,35-59,Marginal workers_Worked for 3 to 6 months_Total_Females,1735,DDW-1600B-01SC-Census.xls,01SC
B0201SC,16,289,District - West Tripura  (01),Urban,60+,Marginal workers_Worked for 3 to 6 months_Total_Females,176,DDW-1600B-01SC-Census.xls,01SC
B0201SC,16,289,District - West Tripura  (01),Urban,Age not stated,Marginal workers_Worked for 3 to 6 months_Total_Females,2,DDW-1600B-01SC-Census.xls,01SC
B0201SC,16,289,District - West Tripura  (01),Urban,15-59,Marginal workers_Worked for 3 to 6 months_Total_Females,3506,DDW-1600B-01SC-Census.xls,01SC
B0201SC,16,290,District - South Tripura  (02),Total,Total,Marginal workers_Worked for 3 to 6 months_Total_Females,4737,DDW-1600B-01SC-Census.xls,01SC
B0201SC,16,290,District - South Tripura  (02),Total,5-14,Marginal workers_Worked for 3 to 6 months_Total_Females,27,DDW-1600B-01SC-Census.xls,01SC
B0201SC,16,290,District - South Tripura  (02),Total,15-34,Marginal workers_Worked for 3 to 6 months_Total_Females,2063,DDW-1600B-01SC-Census.xls,01SC
B0201SC,16,290,District - South Tripura  (02),Total,35-59,Marginal workers_Worked for 3 to 6 months_Total_Females,2350,DDW-1600B-01SC-Census.xls,01SC
B0201SC,16,290,District - South Tripura  (02),Total,60+,Marginal workers_Worked for 3 to 6 months_Total_Females,294,DDW-1600B-01SC-Census.xls,01SC
B0201SC,16,290,District - South Tripura  (02),Total,Age not stated,Marginal workers_Worked for 3 to 6 months_Total_Females,3,DDW-1600B-01SC-Census.xls,01SC
B0201SC,16,290,District - South Tripura  (02),Total,15-59,Marginal workers_Worked for 3 to 6 months_Total_Females,4413,DDW-1600B-01SC-Census.xls,01SC
B0201SC,16,290,District - South Tripura  (02),Rural,Total,Marginal workers_Worked for 3 to 6 months_Total_Females,4112,DDW-1600B-01SC-Census.xls,01SC
B0201SC,16,290,District - South Tripura  (02),Rural,5-14,Marginal workers_Worked for 3 to 6 months_Total_Females,19,DDW-1600B-01SC-Census.xls,01SC
B0201SC,16,290,District - South Tripura  (02),Rural,15-34,Marginal workers_Worked for 3 to 6 months_Total_Females,1793,DDW-1600B-01SC-Census.xls,01SC
B0201SC,16,290,District - South Tripura  (02),Rural,35-59,Marginal workers_Worked for 3 to 6 months_Total_Females,2037,DDW-1600B-01SC-Census.xls,01SC
B0201SC,16,290,District - South Tripura  (02),Rural,60+,Marginal workers_Worked for 3 to 6 months_Total_Females,260,DDW-1600B-01SC-Census.xls,01SC
B0201SC,16,290,District - South Tripura  (02),Rural,Age not stated,Marginal workers_Worked for 3 to 6 months_Total_Females,3,DDW-1600B-01SC-Census.xls,01SC
B0201SC,16,290,District - South Tripura  (02),Rural,15-59,Marginal workers_Worked for 3 to 6 months_Total_Females,3830,DDW-1600B-01SC-Census.xls,01SC
B0201SC,16,290,District - South Tripura  (02),Urban,Total,Marginal workers_Worked for 3 to 6 months_Total_Females,625,DDW-1600B-01SC-Census.xls,01SC
B0201SC,16,290,District - South Tripura  (02),Urban,5-14,Marginal workers_Worked for 3 to 6 months_Total_Females,8,DDW-1600B-01SC-Census.xls,01SC
B0201SC,16,290,District - South Tripura  (02),Urban,15-34,Marginal workers_Worked for 3 to 6 months_Total_Females,270,DDW-1600B-01SC-Census.xls,01SC
B0201SC,16,290,District - South Tripura  (02),Urban,35-59,Marginal workers_Worked for 3 to 6 months_Total_Females,313,DDW-1600B-01SC-Census.xls,01SC
B0201SC,16,290,District - South Tripura  (02),Urban,60+,Marginal workers_Worked for 3 to 6 months_Total_Females,34,DDW-1600B-01SC-Census.xls,01SC
B0201SC,16,290,District - South Tripura  (02),Urban,Age not stated,Marginal workers_Worked for 3 to 6 months_Total_Females,0,DDW-1600B-01SC-Census.xls,01SC
B0201SC,16,290,District - South Tripura  (02),Urban,15-59,Marginal workers_Worked for 3 to 6 months_Total_Females,583,DDW-1600B-01SC-Census.xls,01SC
B0201SC,16,291,District - Dhalai (03),Total,Total,Marginal workers_Worked for 3 to 6 months_Total_Females,2461,DDW-1600B-01SC-Census.xls,01SC
B0201SC,16,291,District - Dhalai (03),Total,5-14,Marginal workers_Worked for 3 to 6 months_Total_Females,12,DDW-1600B-01SC-Census.xls,01SC
B0201SC,16,291,District - Dhalai (03),Total,15-34,Marginal workers_Worked for 3 to 6 months_Total_Females,1089,DDW-1600B-01SC-Census.xls,01SC
B0201SC,16,291,District - Dhalai (03),Total,35-59,Marginal workers_Worked for 3 to 6 months_Total_Females,1221,DDW-1600B-01SC-Census.xls,01SC
B0201SC,16,291,District - Dhalai (03),Total,60+,Marginal workers_Worked for 3 to 6 months_Total_Females,139,DDW-1600B-01SC-Census.xls,01SC
B0201SC,16,291,District - Dhalai (03),Total,Age not stated,Marginal workers_Worked for 3 to 6 months_Total_Females,0,DDW-1600B-01SC-Census.xls,01SC
B0201SC,16,291,District - Dhalai (03),Total,15-59,Marginal workers_Worked for 3 to 6 months_Total_Females,2310,DDW-1600B-01SC-Census.xls,01SC
B0201SC,16,291,District - Dhalai (03),Rural,Total,Marginal workers_Worked for 3 to 6 months_Total_Females,2254,DDW-1600B-01SC-Census.xls,01SC
B0201SC,16,291,District - Dhalai (03),Rural,5-14,Marginal workers_Worked for 3 to 6 months_Total_Females,9,DDW-1600B-01SC-Census.xls,01SC
B0201SC,16,291,District - Dhalai (03),Rural,15-34,Marginal workers_Worked for 3 to 6 months_Total_Females,995,DDW-1600B-01SC-Census.xls,01SC
B0201SC,16,291,District - Dhalai (03),Rural,35-59,Marginal workers_Worked for 3 to 6 months_Total_Females,1123,DDW-1600B-01SC-Census.xls,01SC
B0201SC,16,291,District - Dhalai (03),Rural,60+,Marginal workers_Worked for 3 to 6 months_Total_Females,127,DDW-1600B-01SC-Census.xls,01SC
B0201SC,16,291,District - Dhalai (03),Rural,Age not stated,Marginal workers_Worked for 3 to 6 months_Total_Females,0,DDW-1600B-01SC-Census.xls,01SC
B0201SC,16,291,District - Dhalai (03),Rural,15-59,Marginal workers_Worked for 3 to 6 months_Total_Females,2118,DDW-1600B-01SC-Census.xls,01SC
B0201SC,16,291,District - Dhalai (03),Urban,Total,Marginal workers_Worked for 3 to 6 months_Total_Females,207,DDW-1600B-01SC-Census.xls,01SC
B0201SC,16,291,District - Dhalai (03),Urban,5-14,Marginal workers_Worked for 3 to 6 months_Total_Females,3,DDW-1600B-01SC-Census.xls,01SC
B0201SC,16,291,District - Dhalai (03),Urban,15-34,Marginal workers_Worked for 3 to 6 months_Total_Females,94,DDW-1600B-01SC-Census.xls,01SC
B0201SC,16,291,District - Dhalai (03),Urban,35-59,Marginal workers_Worked for 3 to 6 months_Total_Females,98,DDW-1600B-01SC-Census.xls,01SC
B0201SC,16,291,District - Dhalai (03),Urban,60+,Marginal workers_Worked for 3 to 6 months_Total_Females,12,DDW-1600B-01SC-Census.xls,01SC
B0201SC,16,291,District - Dhalai (03),Urban,Age not stated,Marginal workers_Worked for 3 to 6 months_Total_Females,0,DDW-1600B-01SC-Census.xls,01SC
B0201SC,16,291,District - Dhalai (03),Urban,15-59,Marginal workers_Worked for 3 to 6 months_Total_Females,192,DDW-1600B-01SC-Census.xls,01SC
B0201SC,16,292,District - North Tripura (04),Total,Total,Marginal workers_Worked for 3 to 6 months_Total_Females,2804,DDW-1600B-01SC-Census.xls,01SC
B0201SC,16,292,District - North Tripura (04),Total,5-14,Marginal workers_Worked for 3 to 6 months_Total_Females,60,DDW-1600B-01SC-Census.xls,01SC
B0201SC,16,292,District - North Tripura (04),Total,15-34,Marginal workers_Worked for 3 to 6 months_Total_Females,1342,DDW-1600B-01SC-Census.xls,01SC
B0201SC,16,292,District - North Tripura (04),Total,35-59,Marginal workers_Worked for 3 to 6 months_Total_Females,1234,DDW-1600B-01SC-Census.xls,01SC
B0201SC,16,292,District - North Tripura (04),Total,60+,Marginal workers_Worked for 3 to 6 months_Total_Females,168,DDW-1600B-01SC-Census.xls,01SC
B0201SC,16,292,District - North Tripura (04),Total,Age not stated,Marginal workers_Worked for 3 to 6 months_Total_Females,0,DDW-1600B-01SC-Census.xls,01SC
B0201SC,16,292,District - North Tripura (04),Total,15-59,Marginal workers_Worked for 3 to 6 months_Total_Females,2576,DDW-1600B-01SC-Census.xls,01SC
B0201SC,16,292,District - North Tripura (04),Rural,Total,Marginal workers_Worked for 3 to 6 months_Total_Females,2364,DDW-1600B-01SC-Census.xls,01SC
B0201SC,16,292,District - North Tripura (04),Rural,5-14,Marginal workers_Worked for 3 to 6 months_Total_Females,54,DDW-1600B-01SC-Census.xls,01SC
B0201SC,16,292,District - North Tripura (04),Rural,15-34,Marginal workers_Worked for 3 to 6 months_Total_Females,1131,DDW-1600B-01SC-Census.xls,01SC
B0201SC,16,292,District - North Tripura (04),Rural,35-59,Marginal workers_Worked for 3 to 6 months_Total_Females,1037,DDW-1600B-01SC-Census.xls,01SC
B0201SC,16,292,District - North Tripura (04),Rural,60+,Marginal workers_Worked for 3 to 6 months_Total_Females,142,DDW-1600B-01SC-Census.xls,01SC
B0201SC,16,292,District - North Tripura (04),Rural,Age not stated,Marginal workers_Worked for 3 to 6 months_Total_Females,0,DDW-1600B-01SC-Census.xls,01SC
B0201SC,16,292,District - North Tripura (04),Rural,15-59,Marginal workers_Worked for 3 to 6 months_Total_Females,2168,DDW-1600B-01SC-Census.xls,01SC
B0201SC,16,292,District - North Tripura (04),Urban,Total,Marginal workers_Worked for 3 to 6 months_Total_Females,440,DDW-1600B-01SC-Census.xls,01SC
B0201SC,16,292,District - North Tripura (04),Urban,5-14,Marginal workers_Worked for 3 to 6 months_Total_Females,6,DDW-1600B-01SC-Census.xls,01SC
B0201SC,16,292,District - North Tripura (04),Urban,15-34,Marginal workers_Worked for 3 to 6 months_Total_Females,211,DDW-1600B-01SC-Census.xls,01SC
B0201SC,16,292,District - North Tripura (04),Urban,35-59,Marginal workers_Worked for 3 to 6 months_Total_Females,197,DDW-1600B-01SC-Census.xls,01SC
B0201SC,16,292,District - North Tripura (04),Urban,60+,Marginal workers_Worked for 3 to 6 months_Total_Females,26,DDW-1600B-01SC-Census.xls,01SC
B0201SC,16,292,District - North Tripura (04),Urban,Age not stated,Marginal workers_Worked for 3 to 6 months_Total_Females,0,DDW-1600B-01SC-Census.xls,01SC
B0201SC,16,292,District - North Tripura (04),Urban,15-59,Marginal workers_Worked for 3 to 6 months_Total_Females,408,DDW-1600B-01SC-Census.xls,01SC
B0201SC,16,000,State - TRIPURA (16),Total,Total,Marginal workers_Seeking/available for work_Persons,42901,DDW-1600B-01SC-Census.xls,01SC
B0201SC,16,000,State - TRIPURA (16),Total,5-14,Marginal workers_Seeking/available for work_Persons,364,DDW-1600B-01SC-Census.xls,01SC
B0201SC,16,000,State - TRIPURA (16),Total,15-34,Marginal workers_Seeking/available for work_Persons,25701,DDW-1600B-01SC-Census.xls,01SC
B0201SC,16,000,State - TRIPURA (16),Total,35-59,Marginal workers_Seeking/available for work_Persons,15198,DDW-1600B-01SC-Census.xls,01SC
B0201SC,16,000,State - TRIPURA (16),Total,60+,Marginal workers_Seeking/available for work_Persons,1627,DDW-1600B-01SC-Census.xls,01SC
B0201SC,16,000,State - TRIPURA (16),Total,Age not stated,Marginal workers_Seeking/available for work_Persons,11,DDW-1600B-01SC-Census.xls,01SC
B0201SC,16,000,State - TRIPURA (16),Total,15-59,Marginal workers_Seeking/available for work_Persons,40899,DDW-1600B-01SC-Census.xls,01SC
B0201SC,16,000,State - TRIPURA (16),Rural,Total,Marginal workers_Seeking/available for work_Persons,31865,DDW-1600B-01SC-Census.xls,01SC
B0201SC,16,000,State - TRIPURA (16),Rural,5-14,Marginal workers_Seeking/available for work_Persons,283,DDW-1600B-01SC-Census.xls,01SC
B0201SC,16,000,State - TRIPURA (16),Rural,15-34,Marginal workers_Seeking/available for work_Persons,19150,DDW-1600B-01SC-Census.xls,01SC
B0201SC,16,000,State - TRIPURA (16),Rural,35-59,Marginal workers_Seeking/available for work_Persons,11201,DDW-1600B-01SC-Census.xls,01SC
B0201SC,16,000,State - TRIPURA (16),Rural,60+,Marginal workers_Seeking/available for work_Persons,1223,DDW-1600B-01SC-Census.xls,01SC
B0201SC,16,000,State - TRIPURA (16),Rural,Age not stated,Marginal workers_Seeking/available for work_Persons,8,DDW-1600B-01SC-Census.xls,01SC
B0201SC,16,000,State - TRIPURA (16),Rural,15-59,Marginal workers_Seeking/available for work_Persons,30351,DDW-1600B-01SC-Census.xls,01SC
B0201SC,16,000,State - TRIPURA (16),Urban,Total,Marginal workers_Seeking/available for work_Persons,11036,DDW-1600B-01SC-Census.xls,01SC
B0201SC,16,000,State - TRIPURA (16),Urban,5-14,Marginal workers_Seeking/available for work_Persons,81,DDW-1600B-01SC-Census.xls,01SC
B0201SC,16,000,State - TRIPURA (16),Urban,15-34,Marginal workers_Seeking/available for work_Persons,6551,DDW-1600B-01SC-Census.xls,01SC
B0201SC,16,000,State - TRIPURA (16),Urban,35-59,Marginal workers_Seeking/available for work_Persons,3997,DDW-1600B-01SC-Census.xls,01SC
B0201SC,16,000,State - TRIPURA (16),Urban,60+,Marginal workers_Seeking/available for work_Persons,404,DDW-1600B-01SC-Census.xls,01SC
B0201SC,16,000,State - TRIPURA (16),Urban,Age not stated,Marginal workers_Seeking/available for work_Persons,3,DDW-1600B-01SC-Census.xls,01SC
B0201SC,16,000,State - TRIPURA (16),Urban,15-59,Marginal workers_Seeking/available for work_Persons,10548,DDW-1600B-01SC-Census.xls,01SC
B0201SC,16,289,District - West Tripura  (01),Total,Total,Marginal workers_Seeking/available for work_Persons,21664,DDW-1600B-01SC-Census.xls,01SC
B0201SC,16,289,District - West Tripura  (01),Total,5-14,Marginal workers_Seeking/available for work_Persons,216,DDW-1600B-01SC-Census.xls,01SC
B0201SC,16,289,District - West Tripura  (01),Total,15-34,Marginal workers_Seeking/available for work_Persons,13082,DDW-1600B-01SC-Census.xls,01SC
B0201SC,16,289,District - West Tripura  (01),Total,35-59,Marginal workers_Seeking/available for work_Persons,7551,DDW-1600B-01SC-Census.xls,01SC
B0201SC,16,289,District - West Tripura  (01),Total,60+,Marginal workers_Seeking/available for work_Persons,809,DDW-1600B-01SC-Census.xls,01SC
B0201SC,16,289,District - West Tripura  (01),Total,Age not stated,Marginal workers_Seeking/available for work_Persons,6,DDW-1600B-01SC-Census.xls,01SC
B0201SC,16,289,District - West Tripura  (01),Total,15-59,Marginal workers_Seeking/available for work_Persons,20633,DDW-1600B-01SC-Census.xls,01SC
B0201SC,16,289,District - West Tripura  (01),Rural,Total,Marginal workers_Seeking/available for work_Persons,13652,DDW-1600B-01SC-Census.xls,01SC
B0201SC,16,289,District - West Tripura  (01),Rural,5-14,Marginal workers_Seeking/available for work_Persons,154,DDW-1600B-01SC-Census.xls,01SC
B0201SC,16,289,District - West Tripura  (01),Rural,15-34,Marginal workers_Seeking/available for work_Persons,8274,DDW-1600B-01SC-Census.xls,01SC
B0201SC,16,289,District - West Tripura  (01),Rural,35-59,Marginal workers_Seeking/available for work_Persons,4694,DDW-1600B-01SC-Census.xls,01SC
B0201SC,16,289,District - West Tripura  (01),Rural,60+,Marginal workers_Seeking/available for work_Persons,526,DDW-1600B-01SC-Census.xls,01SC
B0201SC,16,289,District - West Tripura  (01),Rural,Age not stated,Marginal workers_Seeking/available for work_Persons,4,DDW-1600B-01SC-Census.xls,01SC
B0201SC,16,289,District - West Tripura  (01),Rural,15-59,Marginal workers_Seeking/available for work_Persons,12968,DDW-1600B-01SC-Census.xls,01SC
B0201SC,16,289,District - West Tripura  (01),Urban,Total,Marginal workers_Seeking/available for work_Persons,8012,DDW-1600B-01SC-Census.xls,01SC
B0201SC,16,289,District - West Tripura  (01),Urban,5-14,Marginal workers_Seeking/available for work_Persons,62,DDW-1600B-01SC-Census.xls,01SC
B0201SC,16,289,District - West Tripura  (01),Urban,15-34,Marginal workers_Seeking/available for work_Persons,4808,DDW-1600B-01SC-Census.xls,01SC
B0201SC,16,289,District - West Tripura  (01),Urban,35-59,Marginal workers_Seeking/available for work_Persons,2857,DDW-1600B-01SC-Census.xls,01SC
B0201SC,16,289,District - West Tripura  (01),Urban,60+,Marginal workers_Seeking/available for work_Persons,283,DDW-1600B-01SC-Census.xls,01SC
B0201SC,16,289,District - West Tripura  (01),Urban,Age not stated,Marginal workers_Seeking/available for work_Persons,2,DDW-1600B-01SC-Census.xls,01SC
B0201SC,16,289,District - West Tripura  (01),Urban,15-59,Marginal workers_Seeking/available for work_Persons,7665,DDW-1600B-01SC-Census.xls,01SC
B0201SC,16,290,District - South Tripura  (02),Total,Total,Marginal workers_Seeking/available for work_Persons,10706,DDW-1600B-01SC-Census.xls,01SC
B0201SC,16,290,District - South Tripura  (02),Total,5-14,Marginal workers_Seeking/available for work_Persons,52,DDW-1600B-01SC-Census.xls,01SC
B0201SC,16,290,District - South Tripura  (02),Total,15-34,Marginal workers_Seeking/available for work_Persons,6270,DDW-1600B-01SC-Census.xls,01SC
B0201SC,16,290,District - South Tripura  (02),Total,35-59,Marginal workers_Seeking/available for work_Persons,4003,DDW-1600B-01SC-Census.xls,01SC
B0201SC,16,290,District - South Tripura  (02),Total,60+,Marginal workers_Seeking/available for work_Persons,376,DDW-1600B-01SC-Census.xls,01SC
B0201SC,16,290,District - South Tripura  (02),Total,Age not stated,Marginal workers_Seeking/available for work_Persons,5,DDW-1600B-01SC-Census.xls,01SC
B0201SC,16,290,District - South Tripura  (02),Total,15-59,Marginal workers_Seeking/available for work_Persons,10273,DDW-1600B-01SC-Census.xls,01SC
B0201SC,16,290,District - South Tripura  (02),Rural,Total,Marginal workers_Seeking/available for work_Persons,9369,DDW-1600B-01SC-Census.xls,01SC
B0201SC,16,290,District - South Tripura  (02),Rural,5-14,Marginal workers_Seeking/available for work_Persons,45,DDW-1600B-01SC-Census.xls,01SC
B0201SC,16,290,District - South Tripura  (02),Rural,15-34,Marginal workers_Seeking/available for work_Persons,5508,DDW-1600B-01SC-Census.xls,01SC
B0201SC,16,290,District - South Tripura  (02),Rural,35-59,Marginal workers_Seeking/available for work_Persons,3483,DDW-1600B-01SC-Census.xls,01SC
B0201SC,16,290,District - South Tripura  (02),Rural,60+,Marginal workers_Seeking/available for work_Persons,329,DDW-1600B-01SC-Census.xls,01SC
B0201SC,16,290,District - South Tripura  (02),Rural,Age not stated,Marginal workers_Seeking/available for work_Persons,4,DDW-1600B-01SC-Census.xls,01SC
B0201SC,16,290,District - South Tripura  (02),Rural,15-59,Marginal workers_Seeking/available for work_Persons,8991,DDW-1600B-01SC-Census.xls,01SC
B0201SC,16,290,District - South Tripura  (02),Urban,Total,Marginal workers_Seeking/available for work_Persons,1337,DDW-1600B-01SC-Census.xls,01SC
B0201SC,16,290,District - South Tripura  (02),Urban,5-14,Marginal workers_Seeking/available for work_Persons,7,DDW-1600B-01SC-Census.xls,01SC
B0201SC,16,290,District - South Tripura  (02),Urban,15-34,Marginal workers_Seeking/available for work_Persons,762,DDW-1600B-01SC-Census.xls,01SC
B0201SC,16,290,District - South Tripura  (02),Urban,35-59,Marginal workers_Seeking/available for work_Persons,520,DDW-1600B-01SC-Census.xls,01SC
B0201SC,16,290,District - South Tripura  (02),Urban,60+,Marginal workers_Seeking/available for work_Persons,47,DDW-1600B-01SC-Census.xls,01SC
B0201SC,16,290,District - South Tripura  (02),Urban,Age not stated,Marginal workers_Seeking/available for work_Persons,1,DDW-1600B-01SC-Census.xls,01SC
B0201SC,16,290,District - South Tripura  (02),Urban,15-59,Marginal workers_Seeking/available for work_Persons,1282,DDW-1600B-01SC-Census.xls,01SC
B0201SC,16,291,District - Dhalai (03),Total,Total,Marginal workers_Seeking/available for work_Persons,3852,DDW-1600B-01SC-Census.xls,01SC
B0201SC,16,291,District - Dhalai (03),Total,5-14,Marginal workers_Seeking/available for work_Persons,20,DDW-1600B-01SC-Census.xls,01SC
B0201SC,16,291,District - Dhalai (03),Total,15-34,Marginal workers_Seeking/available for work_Persons,2347,DDW-1600B-01SC-Census.xls,01SC
B0201SC,16,291,District - Dhalai (03),Total,35-59,Marginal workers_Seeking/available for work_Persons,1322,DDW-1600B-01SC-Census.xls,01SC
B0201SC,16,291,District - Dhalai (03),Total,60+,Marginal workers_Seeking/available for work_Persons,163,DDW-1600B-01SC-Census.xls,01SC
B0201SC,16,291,District - Dhalai (03),Total,Age not stated,Marginal workers_Seeking/available for work_Persons,0,DDW-1600B-01SC-Census.xls,01SC
B0201SC,16,291,District - Dhalai (03),Total,15-59,Marginal workers_Seeking/available for work_Persons,3669,DDW-1600B-01SC-Census.xls,01SC
B0201SC,16,291,District - Dhalai (03),Rural,Total,Marginal workers_Seeking/available for work_Persons,3559,DDW-1600B-01SC-Census.xls,01SC
B0201SC,16,291,District - Dhalai (03),Rural,5-14,Marginal workers_Seeking/available for work_Persons,19,DDW-1600B-01SC-Census.xls,01SC
B0201SC,16,291,District - Dhalai (03),Rural,15-34,Marginal workers_Seeking/available for work_Persons,2172,DDW-1600B-01SC-Census.xls,01SC
B0201SC,16,291,District - Dhalai (03),Rural,35-59,Marginal workers_Seeking/available for work_Persons,1220,DDW-1600B-01SC-Census.xls,01SC
B0201SC,16,291,District - Dhalai (03),Rural,60+,Marginal workers_Seeking/available for work_Persons,148,DDW-1600B-01SC-Census.xls,01SC
B0201SC,16,291,District - Dhalai (03),Rural,Age not stated,Marginal workers_Seeking/available for work_Persons,0,DDW-1600B-01SC-Census.xls,01SC
B0201SC,16,291,District - Dhalai (03),Rural,15-59,Marginal workers_Seeking/available for work_Persons,3392,DDW-1600B-01SC-Census.xls,01SC
B0201SC,16,291,District - Dhalai (03),Urban,Total,Marginal workers_Seeking/available for work_Persons,293,DDW-1600B-01SC-Census.xls,01SC
B0201SC,16,291,District - Dhalai (03),Urban,5-14,Marginal workers_Seeking/available for work_Persons,1,DDW-1600B-01SC-Census.xls,01SC
B0201SC,16,291,District - Dhalai (03),Urban,15-34,Marginal workers_Seeking/available for work_Persons,175,DDW-1600B-01SC-Census.xls,01SC
B0201SC,16,291,District - Dhalai (03),Urban,35-59,Marginal workers_Seeking/available for work_Persons,102,DDW-1600B-01SC-Census.xls,01SC
B0201SC,16,291,District - Dhalai (03),Urban,60+,Marginal workers_Seeking/available for work_Persons,15,DDW-1600B-01SC-Census.xls,01SC
B0201SC,16,291,District - Dhalai (03),Urban,Age not stated,Marginal workers_Seeking/available for work_Persons,0,DDW-1600B-01SC-Census.xls,01SC
B0201SC,16,291,District - Dhalai (03),Urban,15-59,Marginal workers_Seeking/available for work_Persons,277,DDW-1600B-01SC-Census.xls,01SC
B0201SC,16,292,District - North Tripura (04),Total,Total,Marginal workers_Seeking/available for work_Persons,6679,DDW-1600B-01SC-Census.xls,01SC
B0201SC,16,292,District - North Tripura (04),Total,5-14,Marginal workers_Seeking/available for work_Persons,76,DDW-1600B-01SC-Census.xls,01SC
B0201SC,16,292,District - North Tripura (04),Total,15-34,Marginal workers_Seeking/available for work_Persons,4002,DDW-1600B-01SC-Census.xls,01SC
B0201SC,16,292,District - North Tripura (04),Total,35-59,Marginal workers_Seeking/available for work_Persons,2322,DDW-1600B-01SC-Census.xls,01SC
B0201SC,16,292,District - North Tripura (04),Total,60+,Marginal workers_Seeking/available for work_Persons,279,DDW-1600B-01SC-Census.xls,01SC
B0201SC,16,292,District - North Tripura (04),Total,Age not stated,Marginal workers_Seeking/available for work_Persons,0,DDW-1600B-01SC-Census.xls,01SC
B0201SC,16,292,District - North Tripura (04),Total,15-59,Marginal workers_Seeking/available for work_Persons,6324,DDW-1600B-01SC-Census.xls,01SC
B0201SC,16,292,District - North Tripura (04),Rural,Total,Marginal workers_Seeking/available for work_Persons,5285,DDW-1600B-01SC-Census.xls,01SC
B0201SC,16,292,District - North Tripura (04),Rural,5-14,Marginal workers_Seeking/available for work_Persons,65,DDW-1600B-01SC-Census.xls,01SC
B0201SC,16,292,District - North Tripura (04),Rural,15-34,Marginal workers_Seeking/available for work_Persons,3196,DDW-1600B-01SC-Census.xls,01SC
B0201SC,16,292,District - North Tripura (04),Rural,35-59,Marginal workers_Seeking/available for work_Persons,1804,DDW-1600B-01SC-Census.xls,01SC
B0201SC,16,292,District - North Tripura (04),Rural,60+,Marginal workers_Seeking/available for work_Persons,220,DDW-1600B-01SC-Census.xls,01SC
B0201SC,16,292,District - North Tripura (04),Rural,Age not stated,Marginal workers_Seeking/available for work_Persons,0,DDW-1600B-01SC-Census.xls,01SC
B0201SC,16,292,District - North Tripura (04),Rural,15-59,Marginal workers_Seeking/available for work_Persons,5000,DDW-1600B-01SC-Census.xls,01SC
B0201SC,16,292,District - North Tripura (04),Urban,Total,Marginal workers_Seeking/available for work_Persons,1394,DDW-1600B-01SC-Census.xls,01SC
B0201SC,16,292,District - North Tripura (04),Urban,5-14,Marginal workers_Seeking/available for work_Persons,11,DDW-1600B-01SC-Census.xls,01SC
B0201SC,16,292,District - North Tripura (04),Urban,15-34,Marginal workers_Seeking/available for work_Persons,806,DDW-1600B-01SC-Census.xls,01SC
B0201SC,16,292,District - North Tripura (04),Urban,35-59,Marginal workers_Seeking/available for work_Persons,518,DDW-1600B-01SC-Census.xls,01SC
B0201SC,16,292,District - North Tripura (04),Urban,60+,Marginal workers_Seeking/available for work_Persons,59,DDW-1600B-01SC-Census.xls,01SC
B0201SC,16,292,District - North Tripura (04),Urban,Age not stated,Marginal workers_Seeking/available for work_Persons,0,DDW-1600B-01SC-Census.xls,01SC
B0201SC,16,292,District - North Tripura (04),Urban,15-59,Marginal workers_Seeking/available for work_Persons,1324,DDW-1600B-01SC-Census.xls,01SC
B0201SC,16,000,State - TRIPURA (16),Total,Total,Marginal workers_Seeking/available for work_Males,22072,DDW-1600B-01SC-Census.xls,01SC
B0201SC,16,000,State - TRIPURA (16),Total,5-14,Marginal workers_Seeking/available for work_Males,228,DDW-1600B-01SC-Census.xls,01SC
B0201SC,16,000,State - TRIPURA (16),Total,15-34,Marginal workers_Seeking/available for work_Males,15042,DDW-1600B-01SC-Census.xls,01SC
B0201SC,16,000,State - TRIPURA (16),Total,35-59,Marginal workers_Seeking/available for work_Males,5908,DDW-1600B-01SC-Census.xls,01SC
B0201SC,16,000,State - TRIPURA (16),Total,60+,Marginal workers_Seeking/available for work_Males,887,DDW-1600B-01SC-Census.xls,01SC
B0201SC,16,000,State - TRIPURA (16),Total,Age not stated,Marginal workers_Seeking/available for work_Males,7,DDW-1600B-01SC-Census.xls,01SC
B0201SC,16,000,State - TRIPURA (16),Total,15-59,Marginal workers_Seeking/available for work_Males,20950,DDW-1600B-01SC-Census.xls,01SC
B0201SC,16,000,State - TRIPURA (16),Rural,Total,Marginal workers_Seeking/available for work_Males,16317,DDW-1600B-01SC-Census.xls,01SC
B0201SC,16,000,State - TRIPURA (16),Rural,5-14,Marginal workers_Seeking/available for work_Males,171,DDW-1600B-01SC-Census.xls,01SC
B0201SC,16,000,State - TRIPURA (16),Rural,15-34,Marginal workers_Seeking/available for work_Males,11188,DDW-1600B-01SC-Census.xls,01SC
B0201SC,16,000,State - TRIPURA (16),Rural,35-59,Marginal workers_Seeking/available for work_Males,4290,DDW-1600B-01SC-Census.xls,01SC
B0201SC,16,000,State - TRIPURA (16),Rural,60+,Marginal workers_Seeking/available for work_Males,663,DDW-1600B-01SC-Census.xls,01SC
B0201SC,16,000,State - TRIPURA (16),Rural,Age not stated,Marginal workers_Seeking/available for work_Males,5,DDW-1600B-01SC-Census.xls,01SC
B0201SC,16,000,State - TRIPURA (16),Rural,15-59,Marginal workers_Seeking/available for work_Males,15478,DDW-1600B-01SC-Census.xls,01SC
B0201SC,16,000,State - TRIPURA (16),Urban,Total,Marginal workers_Seeking/available for work_Males,5755,DDW-1600B-01SC-Census.xls,01SC
B0201SC,16,000,State - TRIPURA (16),Urban,5-14,Marginal workers_Seeking/available for work_Males,57,DDW-1600B-01SC-Census.xls,01SC
B0201SC,16,000,State - TRIPURA (16),Urban,15-34,Marginal workers_Seeking/available for work_Males,3854,DDW-1600B-01SC-Census.xls,01SC
B0201SC,16,000,State - TRIPURA (16),Urban,35-59,Marginal workers_Seeking/available for work_Males,1618,DDW-1600B-01SC-Census.xls,01SC
B0201SC,16,000,State - TRIPURA (16),Urban,60+,Marginal workers_Seeking/available for work_Males,224,DDW-1600B-01SC-Census.xls,01SC
B0201SC,16,000,State - TRIPURA (16),Urban,Age not stated,Marginal workers_Seeking/available for work_Males,2,DDW-1600B-01SC-Census.xls,01SC
B0201SC,16,000,State - TRIPURA (16),Urban,15-59,Marginal workers_Seeking/available for work_Males,5472,DDW-1600B-01SC-Census.xls,01SC
B0201SC,16,289,District - West Tripura  (01),Total,Total,Marginal workers_Seeking/available for work_Males,10512,DDW-1600B-01SC-Census.xls,01SC
B0201SC,16,289,District - West Tripura  (01),Total,5-14,Marginal workers_Seeking/available for work_Males,136,DDW-1600B-01SC-Census.xls,01SC
B0201SC,16,289,District - West Tripura  (01),Total,15-34,Marginal workers_Seeking/available for work_Males,7246,DDW-1600B-01SC-Census.xls,01SC
B0201SC,16,289,District - West Tripura  (01),Total,35-59,Marginal workers_Seeking/available for work_Males,2714,DDW-1600B-01SC-Census.xls,01SC
B0201SC,16,289,District - West Tripura  (01),Total,60+,Marginal workers_Seeking/available for work_Males,413,DDW-1600B-01SC-Census.xls,01SC
B0201SC,16,289,District - West Tripura  (01),Total,Age not stated,Marginal workers_Seeking/available for work_Males,3,DDW-1600B-01SC-Census.xls,01SC
B0201SC,16,289,District - West Tripura  (01),Total,15-59,Marginal workers_Seeking/available for work_Males,9960,DDW-1600B-01SC-Census.xls,01SC
B0201SC,16,289,District - West Tripura  (01),Rural,Total,Marginal workers_Seeking/available for work_Males,6606,DDW-1600B-01SC-Census.xls,01SC
B0201SC,16,289,District - West Tripura  (01),Rural,5-14,Marginal workers_Seeking/available for work_Males,92,DDW-1600B-01SC-Census.xls,01SC
B0201SC,16,289,District - West Tripura  (01),Rural,15-34,Marginal workers_Seeking/available for work_Males,4547,DDW-1600B-01SC-Census.xls,01SC
B0201SC,16,289,District - West Tripura  (01),Rural,35-59,Marginal workers_Seeking/available for work_Males,1694,DDW-1600B-01SC-Census.xls,01SC
B0201SC,16,289,District - West Tripura  (01),Rural,60+,Marginal workers_Seeking/available for work_Males,271,DDW-1600B-01SC-Census.xls,01SC
B0201SC,16,289,District - West Tripura  (01),Rural,Age not stated,Marginal workers_Seeking/available for work_Males,2,DDW-1600B-01SC-Census.xls,01SC
B0201SC,16,289,District - West Tripura  (01),Rural,15-59,Marginal workers_Seeking/available for work_Males,6241,DDW-1600B-01SC-Census.xls,01SC
B0201SC,16,289,District - West Tripura  (01),Urban,Total,Marginal workers_Seeking/available for work_Males,3906,DDW-1600B-01SC-Census.xls,01SC
B0201SC,16,289,District - West Tripura  (01),Urban,5-14,Marginal workers_Seeking/available for work_Males,44,DDW-1600B-01SC-Census.xls,01SC
B0201SC,16,289,District - West Tripura  (01),Urban,15-34,Marginal workers_Seeking/available for work_Males,2699,DDW-1600B-01SC-Census.xls,01SC
B0201SC,16,289,District - West Tripura  (01),Urban,35-59,Marginal workers_Seeking/available for work_Males,1020,DDW-1600B-01SC-Census.xls,01SC
B0201SC,16,289,District - West Tripura  (01),Urban,60+,Marginal workers_Seeking/available for work_Males,142,DDW-1600B-01SC-Census.xls,01SC
B0201SC,16,289,District - West Tripura  (01),Urban,Age not stated,Marginal workers_Seeking/available for work_Males,1,DDW-1600B-01SC-Census.xls,01SC
B0201SC,16,289,District - West Tripura  (01),Urban,15-59,Marginal workers_Seeking/available for work_Males,3719,DDW-1600B-01SC-Census.xls,01SC
B0201SC,16,290,District - South Tripura  (02),Total,Total,Marginal workers_Seeking/available for work_Males,5542,DDW-1600B-01SC-Census.xls,01SC
B0201SC,16,290,District - South Tripura  (02),Total,5-14,Marginal workers_Seeking/available for work_Males,33,DDW-1600B-01SC-Census.xls,01SC
B0201SC,16,290,District - South Tripura  (02),Total,15-34,Marginal workers_Seeking/available for work_Males,3821,DDW-1600B-01SC-Census.xls,01SC
B0201SC,16,290,District - South Tripura  (02),Total,35-59,Marginal workers_Seeking/available for work_Males,1489,DDW-1600B-01SC-Census.xls,01SC
B0201SC,16,290,District - South Tripura  (02),Total,60+,Marginal workers_Seeking/available for work_Males,195,DDW-1600B-01SC-Census.xls,01SC
B0201SC,16,290,District - South Tripura  (02),Total,Age not stated,Marginal workers_Seeking/available for work_Males,4,DDW-1600B-01SC-Census.xls,01SC
B0201SC,16,290,District - South Tripura  (02),Total,15-59,Marginal workers_Seeking/available for work_Males,5310,DDW-1600B-01SC-Census.xls,01SC
B0201SC,16,290,District - South Tripura  (02),Rural,Total,Marginal workers_Seeking/available for work_Males,4822,DDW-1600B-01SC-Census.xls,01SC
B0201SC,16,290,District - South Tripura  (02),Rural,5-14,Marginal workers_Seeking/available for work_Males,29,DDW-1600B-01SC-Census.xls,01SC
B0201SC,16,290,District - South Tripura  (02),Rural,15-34,Marginal workers_Seeking/available for work_Males,3360,DDW-1600B-01SC-Census.xls,01SC
B0201SC,16,290,District - South Tripura  (02),Rural,35-59,Marginal workers_Seeking/available for work_Males,1264,DDW-1600B-01SC-Census.xls,01SC
B0201SC,16,290,District - South Tripura  (02),Rural,60+,Marginal workers_Seeking/available for work_Males,166,DDW-1600B-01SC-Census.xls,01SC
B0201SC,16,290,District - South Tripura  (02),Rural,Age not stated,Marginal workers_Seeking/available for work_Males,3,DDW-1600B-01SC-Census.xls,01SC
B0201SC,16,290,District - South Tripura  (02),Rural,15-59,Marginal workers_Seeking/available for work_Males,4624,DDW-1600B-01SC-Census.xls,01SC
B0201SC,16,290,District - South Tripura  (02),Urban,Total,Marginal workers_Seeking/available for work_Males,720,DDW-1600B-01SC-Census.xls,01SC
B0201SC,16,290,District - South Tripura  (02),Urban,5-14,Marginal workers_Seeking/available for work_Males,4,DDW-1600B-01SC-Census.xls,01SC
B0201SC,16,290,District - South Tripura  (02),Urban,15-34,Marginal workers_Seeking/available for work_Males,461,DDW-1600B-01SC-Census.xls,01SC
B0201SC,16,290,District - South Tripura  (02),Urban,35-59,Marginal workers_Seeking/available for work_Males,225,DDW-1600B-01SC-Census.xls,01SC
B0201SC,16,290,District - South Tripura  (02),Urban,60+,Marginal workers_Seeking/available for work_Males,29,DDW-1600B-01SC-Census.xls,01SC
B0201SC,16,290,District - South Tripura  (02),Urban,Age not stated,Marginal workers_Seeking/available for work_Males,1,DDW-1600B-01SC-Census.xls,01SC
B0201SC,16,290,District - South Tripura  (02),Urban,15-59,Marginal workers_Seeking/available for work_Males,686,DDW-1600B-01SC-Census.xls,01SC
B0201SC,16,291,District - Dhalai (03),Total,Total,Marginal workers_Seeking/available for work_Males,1791,DDW-1600B-01SC-Census.xls,01SC
B0201SC,16,291,District - Dhalai (03),Total,5-14,Marginal workers_Seeking/available for work_Males,12,DDW-1600B-01SC-Census.xls,01SC
B0201SC,16,291,District - Dhalai (03),Total,15-34,Marginal workers_Seeking/available for work_Males,1260,DDW-1600B-01SC-Census.xls,01SC
B0201SC,16,291,District - Dhalai (03),Total,35-59,Marginal workers_Seeking/available for work_Males,427,DDW-1600B-01SC-Census.xls,01SC
B0201SC,16,291,District - Dhalai (03),Total,60+,Marginal workers_Seeking/available for work_Males,92,DDW-1600B-01SC-Census.xls,01SC
B0201SC,16,291,District - Dhalai (03),Total,Age not stated,Marginal workers_Seeking/available for work_Males,0,DDW-1600B-01SC-Census.xls,01SC
B0201SC,16,291,District - Dhalai (03),Total,15-59,Marginal workers_Seeking/available for work_Males,1687,DDW-1600B-01SC-Census.xls,01SC
B0201SC,16,291,District - Dhalai (03),Rural,Total,Marginal workers_Seeking/available for work_Males,1633,DDW-1600B-01SC-Census.xls,01SC
B0201SC,16,291,District - Dhalai (03),Rural,5-14,Marginal workers_Seeking/available for work_Males,11,DDW-1600B-01SC-Census.xls,01SC
B0201SC,16,291,District - Dhalai (03),Rural,15-34,Marginal workers_Seeking/available for work_Males,1155,DDW-1600B-01SC-Census.xls,01SC
B0201SC,16,291,District - Dhalai (03),Rural,35-59,Marginal workers_Seeking/available for work_Males,383,DDW-1600B-01SC-Census.xls,01SC
B0201SC,16,291,District - Dhalai (03),Rural,60+,Marginal workers_Seeking/available for work_Males,84,DDW-1600B-01SC-Census.xls,01SC
B0201SC,16,291,District - Dhalai (03),Rural,Age not stated,Marginal workers_Seeking/available for work_Males,0,DDW-1600B-01SC-Census.xls,01SC
B0201SC,16,291,District - Dhalai (03),Rural,15-59,Marginal workers_Seeking/available for work_Males,1538,DDW-1600B-01SC-Census.xls,01SC
B0201SC,16,291,District - Dhalai (03),Urban,Total,Marginal workers_Seeking/available for work_Males,158,DDW-1600B-01SC-Census.xls,01SC
B0201SC,16,291,District - Dhalai (03),Urban,5-14,Marginal workers_Seeking/available for work_Males,1,DDW-1600B-01SC-Census.xls,01SC
B0201SC,16,291,District - Dhalai (03),Urban,15-34,Marginal workers_Seeking/available for work_Males,105,DDW-1600B-01SC-Census.xls,01SC
B0201SC,16,291,District - Dhalai (03),Urban,35-59,Marginal workers_Seeking/available for work_Males,44,DDW-1600B-01SC-Census.xls,01SC
B0201SC,16,291,District - Dhalai (03),Urban,60+,Marginal workers_Seeking/available for work_Males,8,DDW-1600B-01SC-Census.xls,01SC
B0201SC,16,291,District - Dhalai (03),Urban,Age not stated,Marginal workers_Seeking/available for work_Males,0,DDW-1600B-01SC-Census.xls,01SC
B0201SC,16,291,District - Dhalai (03),Urban,15-59,Marginal workers_Seeking/available for work_Males,149,DDW-1600B-01SC-Census.xls,01SC
B0201SC,16,292,District - North Tripura (04),Total,Total,Marginal workers_Seeking/available for work_Males,4227,DDW-1600B-01SC-Census.xls,01SC
B0201SC,16,292,District - North Tripura (04),Total,5-14,Marginal workers_Seeking/available for work_Males,47,DDW-1600B-01SC-Census.xls,01SC
B0201SC,16,292,District - North Tripura (04),Total,15-34,Marginal workers_Seeking/available for work_Males,2715,DDW-1600B-01SC-Census.xls,01SC
B0201SC,16,292,District - North Tripura (04),Total,35-59,Marginal workers_Seeking/available for work_Males,1278,DDW-1600B-01SC-Census.xls,01SC
B0201SC,16,292,District - North Tripura (04),Total,60+,Marginal workers_Seeking/available for work_Males,187,DDW-1600B-01SC-Census.xls,01SC
B0201SC,16,292,District - North Tripura (04),Total,Age not stated,Marginal workers_Seeking/available for work_Males,0,DDW-1600B-01SC-Census.xls,01SC
B0201SC,16,292,District - North Tripura (04),Total,15-59,Marginal workers_Seeking/available for work_Males,3993,DDW-1600B-01SC-Census.xls,01SC
B0201SC,16,292,District - North Tripura (04),Rural,Total,Marginal workers_Seeking/available for work_Males,3256,DDW-1600B-01SC-Census.xls,01SC
B0201SC,16,292,District - North Tripura (04),Rural,5-14,Marginal workers_Seeking/available for work_Males,39,DDW-1600B-01SC-Census.xls,01SC
B0201SC,16,292,District - North Tripura (04),Rural,15-34,Marginal workers_Seeking/available for work_Males,2126,DDW-1600B-01SC-Census.xls,01SC
B0201SC,16,292,District - North Tripura (04),Rural,35-59,Marginal workers_Seeking/available for work_Males,949,DDW-1600B-01SC-Census.xls,01SC
B0201SC,16,292,District - North Tripura (04),Rural,60+,Marginal workers_Seeking/available for work_Males,142,DDW-1600B-01SC-Census.xls,01SC
B0201SC,16,292,District - North Tripura (04),Rural,Age not stated,Marginal workers_Seeking/available for work_Males,0,DDW-1600B-01SC-Census.xls,01SC
B0201SC,16,292,District - North Tripura (04),Rural,15-59,Marginal workers_Seeking/available for work_Males,3075,DDW-1600B-01SC-Census.xls,01SC
B0201SC,16,292,District - North Tripura (04),Urban,Total,Marginal workers_Seeking/available for work_Males,971,DDW-1600B-01SC-Census.xls,01SC
B0201SC,16,292,District - North Tripura (04),Urban,5-14,Marginal workers_Seeking/available for work_Males,8,DDW-1600B-01SC-Census.xls,01SC
B0201SC,16,292,District - North Tripura (04),Urban,15-34,Marginal workers_Seeking/available for work_Males,589,DDW-1600B-01SC-Census.xls,01SC
B0201SC,16,292,District - North Tripura (04),Urban,35-59,Marginal workers_Seeking/available for work_Males,329,DDW-1600B-01SC-Census.xls,01SC
B0201SC,16,292,District - North Tripura (04),Urban,60+,Marginal workers_Seeking/available for work_Males,45,DDW-1600B-01SC-Census.xls,01SC
B0201SC,16,292,District - North Tripura (04),Urban,Age not stated,Marginal workers_Seeking/available for work_Males,0,DDW-1600B-01SC-Census.xls,01SC
B0201SC,16,292,District - North Tripura (04),Urban,15-59,Marginal workers_Seeking/available for work_Males,918,DDW-1600B-01SC-Census.xls,01SC
B0201SC,16,000,State - TRIPURA (16),Total,Total,Marginal workers_Seeking/available for work_Females,20829,DDW-1600B-01SC-Census.xls,01SC
B0201SC,16,000,State - TRIPURA (16),Total,5-14,Marginal workers_Seeking/available for work_Females,136,DDW-1600B-01SC-Census.xls,01SC
B0201SC,16,000,State - TRIPURA (16),Total,15-34,Marginal workers_Seeking/available for work_Females,10659,DDW-1600B-01SC-Census.xls,01SC
B0201SC,16,000,State - TRIPURA (16),Total,35-59,Marginal workers_Seeking/available for work_Females,9290,DDW-1600B-01SC-Census.xls,01SC
B0201SC,16,000,State - TRIPURA (16),Total,60+,Marginal workers_Seeking/available for work_Females,740,DDW-1600B-01SC-Census.xls,01SC
B0201SC,16,000,State - TRIPURA (16),Total,Age not stated,Marginal workers_Seeking/available for work_Females,4,DDW-1600B-01SC-Census.xls,01SC
B0201SC,16,000,State - TRIPURA (16),Total,15-59,Marginal workers_Seeking/available for work_Females,19949,DDW-1600B-01SC-Census.xls,01SC
B0201SC,16,000,State - TRIPURA (16),Rural,Total,Marginal workers_Seeking/available for work_Females,15548,DDW-1600B-01SC-Census.xls,01SC
B0201SC,16,000,State - TRIPURA (16),Rural,5-14,Marginal workers_Seeking/available for work_Females,112,DDW-1600B-01SC-Census.xls,01SC
B0201SC,16,000,State - TRIPURA (16),Rural,15-34,Marginal workers_Seeking/available for work_Females,7962,DDW-1600B-01SC-Census.xls,01SC
B0201SC,16,000,State - TRIPURA (16),Rural,35-59,Marginal workers_Seeking/available for work_Females,6911,DDW-1600B-01SC-Census.xls,01SC
B0201SC,16,000,State - TRIPURA (16),Rural,60+,Marginal workers_Seeking/available for work_Females,560,DDW-1600B-01SC-Census.xls,01SC
B0201SC,16,000,State - TRIPURA (16),Rural,Age not stated,Marginal workers_Seeking/available for work_Females,3,DDW-1600B-01SC-Census.xls,01SC
B0201SC,16,000,State - TRIPURA (16),Rural,15-59,Marginal workers_Seeking/available for work_Females,14873,DDW-1600B-01SC-Census.xls,01SC
B0201SC,16,000,State - TRIPURA (16),Urban,Total,Marginal workers_Seeking/available for work_Females,5281,DDW-1600B-01SC-Census.xls,01SC
B0201SC,16,000,State - TRIPURA (16),Urban,5-14,Marginal workers_Seeking/available for work_Females,24,DDW-1600B-01SC-Census.xls,01SC
B0201SC,16,000,State - TRIPURA (16),Urban,15-34,Marginal workers_Seeking/available for work_Females,2697,DDW-1600B-01SC-Census.xls,01SC
B0201SC,16,000,State - TRIPURA (16),Urban,35-59,Marginal workers_Seeking/available for work_Females,2379,DDW-1600B-01SC-Census.xls,01SC
B0201SC,16,000,State - TRIPURA (16),Urban,60+,Marginal workers_Seeking/available for work_Females,180,DDW-1600B-01SC-Census.xls,01SC
B0201SC,16,000,State - TRIPURA (16),Urban,Age not stated,Marginal workers_Seeking/available for work_Females,1,DDW-1600B-01SC-Census.xls,01SC
B0201SC,16,000,State - TRIPURA (16),Urban,15-59,Marginal workers_Seeking/available for work_Females,5076,DDW-1600B-01SC-Census.xls,01SC
B0201SC,16,289,District - West Tripura  (01),Total,Total,Marginal workers_Seeking/available for work_Females,11152,DDW-1600B-01SC-Census.xls,01SC
B0201SC,16,289,District - West Tripura  (01),Total,5-14,Marginal workers_Seeking/available for work_Females,80,DDW-1600B-01SC-Census.xls,01SC
B0201SC,16,289,District - West Tripura  (01),Total,15-34,Marginal workers_Seeking/available for work_Females,5836,DDW-1600B-01SC-Census.xls,01SC
B0201SC,16,289,District - West Tripura  (01),Total,35-59,Marginal workers_Seeking/available for work_Females,4837,DDW-1600B-01SC-Census.xls,01SC
B0201SC,16,289,District - West Tripura  (01),Total,60+,Marginal workers_Seeking/available for work_Females,396,DDW-1600B-01SC-Census.xls,01SC
B0201SC,16,289,District - West Tripura  (01),Total,Age not stated,Marginal workers_Seeking/available for work_Females,3,DDW-1600B-01SC-Census.xls,01SC
B0201SC,16,289,District - West Tripura  (01),Total,15-59,Marginal workers_Seeking/available for work_Females,10673,DDW-1600B-01SC-Census.xls,01SC
B0201SC,16,289,District - West Tripura  (01),Rural,Total,Marginal workers_Seeking/available for work_Females,7046,DDW-1600B-01SC-Census.xls,01SC
B0201SC,16,289,District - West Tripura  (01),Rural,5-14,Marginal workers_Seeking/available for work_Females,62,DDW-1600B-01SC-Census.xls,01SC
B0201SC,16,289,District - West Tripura  (01),Rural,15-34,Marginal workers_Seeking/available for work_Females,3727,DDW-1600B-01SC-Census.xls,01SC
B0201SC,16,289,District - West Tripura  (01),Rural,35-59,Marginal workers_Seeking/available for work_Females,3000,DDW-1600B-01SC-Census.xls,01SC
B0201SC,16,289,District - West Tripura  (01),Rural,60+,Marginal workers_Seeking/available for work_Females,255,DDW-1600B-01SC-Census.xls,01SC
B0201SC,16,289,District - West Tripura  (01),Rural,Age not stated,Marginal workers_Seeking/available for work_Females,2,DDW-1600B-01SC-Census.xls,01SC
B0201SC,16,289,District - West Tripura  (01),Rural,15-59,Marginal workers_Seeking/available for work_Females,6727,DDW-1600B-01SC-Census.xls,01SC
B0201SC,16,289,District - West Tripura  (01),Urban,Total,Marginal workers_Seeking/available for work_Females,4106,DDW-1600B-01SC-Census.xls,01SC
B0201SC,16,289,District - West Tripura  (01),Urban,5-14,Marginal workers_Seeking/available for work_Females,18,DDW-1600B-01SC-Census.xls,01SC
B0201SC,16,289,District - West Tripura  (01),Urban,15-34,Marginal workers_Seeking/available for work_Females,2109,DDW-1600B-01SC-Census.xls,01SC
B0201SC,16,289,District - West Tripura  (01),Urban,35-59,Marginal workers_Seeking/available for work_Females,1837,DDW-1600B-01SC-Census.xls,01SC
B0201SC,16,289,District - West Tripura  (01),Urban,60+,Marginal workers_Seeking/available for work_Females,141,DDW-1600B-01SC-Census.xls,01SC
B0201SC,16,289,District - West Tripura  (01),Urban,Age not stated,Marginal workers_Seeking/available for work_Females,1,DDW-1600B-01SC-Census.xls,01SC
B0201SC,16,289,District - West Tripura  (01),Urban,15-59,Marginal workers_Seeking/available for work_Females,3946,DDW-1600B-01SC-Census.xls,01SC
B0201SC,16,290,District - South Tripura  (02),Total,Total,Marginal workers_Seeking/available for work_Females,5164,DDW-1600B-01SC-Census.xls,01SC
B0201SC,16,290,District - South Tripura  (02),Total,5-14,Marginal workers_Seeking/available for work_Females,19,DDW-1600B-01SC-Census.xls,01SC
B0201SC,16,290,District - South Tripura  (02),Total,15-34,Marginal workers_Seeking/available for work_Females,2449,DDW-1600B-01SC-Census.xls,01SC
B0201SC,16,290,District - South Tripura  (02),Total,35-59,Marginal workers_Seeking/available for work_Females,2514,DDW-1600B-01SC-Census.xls,01SC
B0201SC,16,290,District - South Tripura  (02),Total,60+,Marginal workers_Seeking/available for work_Females,181,DDW-1600B-01SC-Census.xls,01SC
B0201SC,16,290,District - South Tripura  (02),Total,Age not stated,Marginal workers_Seeking/available for work_Females,1,DDW-1600B-01SC-Census.xls,01SC
B0201SC,16,290,District - South Tripura  (02),Total,15-59,Marginal workers_Seeking/available for work_Females,4963,DDW-1600B-01SC-Census.xls,01SC
B0201SC,16,290,District - South Tripura  (02),Rural,Total,Marginal workers_Seeking/available for work_Females,4547,DDW-1600B-01SC-Census.xls,01SC
B0201SC,16,290,District - South Tripura  (02),Rural,5-14,Marginal workers_Seeking/available for work_Females,16,DDW-1600B-01SC-Census.xls,01SC
B0201SC,16,290,District - South Tripura  (02),Rural,15-34,Marginal workers_Seeking/available for work_Females,2148,DDW-1600B-01SC-Census.xls,01SC
B0201SC,16,290,District - South Tripura  (02),Rural,35-59,Marginal workers_Seeking/available for work_Females,2219,DDW-1600B-01SC-Census.xls,01SC
B0201SC,16,290,District - South Tripura  (02),Rural,60+,Marginal workers_Seeking/available for work_Females,163,DDW-1600B-01SC-Census.xls,01SC
B0201SC,16,290,District - South Tripura  (02),Rural,Age not stated,Marginal workers_Seeking/available for work_Females,1,DDW-1600B-01SC-Census.xls,01SC
B0201SC,16,290,District - South Tripura  (02),Rural,15-59,Marginal workers_Seeking/available for work_Females,4367,DDW-1600B-01SC-Census.xls,01SC
B0201SC,16,290,District - South Tripura  (02),Urban,Total,Marginal workers_Seeking/available for work_Females,617,DDW-1600B-01SC-Census.xls,01SC
B0201SC,16,290,District - South Tripura  (02),Urban,5-14,Marginal workers_Seeking/available for work_Females,3,DDW-1600B-01SC-Census.xls,01SC
B0201SC,16,290,District - South Tripura  (02),Urban,15-34,Marginal workers_Seeking/available for work_Females,301,DDW-1600B-01SC-Census.xls,01SC
B0201SC,16,290,District - South Tripura  (02),Urban,35-59,Marginal workers_Seeking/available for work_Females,295,DDW-1600B-01SC-Census.xls,01SC
B0201SC,16,290,District - South Tripura  (02),Urban,60+,Marginal workers_Seeking/available for work_Females,18,DDW-1600B-01SC-Census.xls,01SC
B0201SC,16,290,District - South Tripura  (02),Urban,Age not stated,Marginal workers_Seeking/available for work_Females,0,DDW-1600B-01SC-Census.xls,01SC
B0201SC,16,290,District - South Tripura  (02),Urban,15-59,Marginal workers_Seeking/available for work_Females,596,DDW-1600B-01SC-Census.xls,01SC
B0201SC,16,291,District - Dhalai (03),Total,Total,Marginal workers_Seeking/available for work_Females,2061,DDW-1600B-01SC-Census.xls,01SC
B0201SC,16,291,District - Dhalai (03),Total,5-14,Marginal workers_Seeking/available for work_Females,8,DDW-1600B-01SC-Census.xls,01SC
B0201SC,16,291,District - Dhalai (03),Total,15-34,Marginal workers_Seeking/available for work_Females,1087,DDW-1600B-01SC-Census.xls,01SC
B0201SC,16,291,District - Dhalai (03),Total,35-59,Marginal workers_Seeking/available for work_Females,895,DDW-1600B-01SC-Census.xls,01SC
B0201SC,16,291,District - Dhalai (03),Total,60+,Marginal workers_Seeking/available for work_Females,71,DDW-1600B-01SC-Census.xls,01SC
B0201SC,16,291,District - Dhalai (03),Total,Age not stated,Marginal workers_Seeking/available for work_Females,0,DDW-1600B-01SC-Census.xls,01SC
B0201SC,16,291,District - Dhalai (03),Total,15-59,Marginal workers_Seeking/available for work_Females,1982,DDW-1600B-01SC-Census.xls,01SC
B0201SC,16,291,District - Dhalai (03),Rural,Total,Marginal workers_Seeking/available for work_Females,1926,DDW-1600B-01SC-Census.xls,01SC
B0201SC,16,291,District - Dhalai (03),Rural,5-14,Marginal workers_Seeking/available for work_Females,8,DDW-1600B-01SC-Census.xls,01SC
B0201SC,16,291,District - Dhalai (03),Rural,15-34,Marginal workers_Seeking/available for work_Females,1017,DDW-1600B-01SC-Census.xls,01SC
B0201SC,16,291,District - Dhalai (03),Rural,35-59,Marginal workers_Seeking/available for work_Females,837,DDW-1600B-01SC-Census.xls,01SC
B0201SC,16,291,District - Dhalai (03),Rural,60+,Marginal workers_Seeking/available for work_Females,64,DDW-1600B-01SC-Census.xls,01SC
B0201SC,16,291,District - Dhalai (03),Rural,Age not stated,Marginal workers_Seeking/available for work_Females,0,DDW-1600B-01SC-Census.xls,01SC
B0201SC,16,291,District - Dhalai (03),Rural,15-59,Marginal workers_Seeking/available for work_Females,1854,DDW-1600B-01SC-Census.xls,01SC
B0201SC,16,291,District - Dhalai (03),Urban,Total,Marginal workers_Seeking/available for work_Females,135,DDW-1600B-01SC-Census.xls,01SC
B0201SC,16,291,District - Dhalai (03),Urban,5-14,Marginal workers_Seeking/available for work_Females,0,DDW-1600B-01SC-Census.xls,01SC
B0201SC,16,291,District - Dhalai (03),Urban,15-34,Marginal workers_Seeking/available for work_Females,70,DDW-1600B-01SC-Census.xls,01SC
B0201SC,16,291,District - Dhalai (03),Urban,35-59,Marginal workers_Seeking/available for work_Females,58,DDW-1600B-01SC-Census.xls,01SC
B0201SC,16,291,District - Dhalai (03),Urban,60+,Marginal workers_Seeking/available for work_Females,7,DDW-1600B-01SC-Census.xls,01SC
B0201SC,16,291,District - Dhalai (03),Urban,Age not stated,Marginal workers_Seeking/available for work_Females,0,DDW-1600B-01SC-Census.xls,01SC
B0201SC,16,291,District - Dhalai (03),Urban,15-59,Marginal workers_Seeking/available for work_Females,128,DDW-1600B-01SC-Census.xls,01SC
B0201SC,16,292,District - North Tripura (04),Total,Total,Marginal workers_Seeking/available for work_Females,2452,DDW-1600B-01SC-Census.xls,01SC
B0201SC,16,292,District - North Tripura (04),Total,5-14,Marginal workers_Seeking/available for work_Females,29,DDW-1600B-01SC-Census.xls,01SC
B0201SC,16,292,District - North Tripura (04),Total,15-34,Marginal workers_Seeking/available for work_Females,1287,DDW-1600B-01SC-Census.xls,01SC
B0201SC,16,292,District - North Tripura (04),Total,35-59,Marginal workers_Seeking/available for work_Females,1044,DDW-1600B-01SC-Census.xls,01SC
B0201SC,16,292,District - North Tripura (04),Total,60+,Marginal workers_Seeking/available for work_Females,92,DDW-1600B-01SC-Census.xls,01SC
B0201SC,16,292,District - North Tripura (04),Total,Age not stated,Marginal workers_Seeking/available for work_Females,0,DDW-1600B-01SC-Census.xls,01SC
B0201SC,16,292,District - North Tripura (04),Total,15-59,Marginal workers_Seeking/available for work_Females,2331,DDW-1600B-01SC-Census.xls,01SC
B0201SC,16,292,District - North Tripura (04),Rural,Total,Marginal workers_Seeking/available for work_Females,2029,DDW-1600B-01SC-Census.xls,01SC
B0201SC,16,292,District - North Tripura (04),Rural,5-14,Marginal workers_Seeking/available for work_Females,26,DDW-1600B-01SC-Census.xls,01SC
B0201SC,16,292,District - North Tripura (04),Rural,15-34,Marginal workers_Seeking/available for work_Females,1070,DDW-1600B-01SC-Census.xls,01SC
B0201SC,16,292,District - North Tripura (04),Rural,35-59,Marginal workers_Seeking/available for work_Females,855,DDW-1600B-01SC-Census.xls,01SC
B0201SC,16,292,District - North Tripura (04),Rural,60+,Marginal workers_Seeking/available for work_Females,78,DDW-1600B-01SC-Census.xls,01SC
B0201SC,16,292,District - North Tripura (04),Rural,Age not stated,Marginal workers_Seeking/available for work_Females,0,DDW-1600B-01SC-Census.xls,01SC
B0201SC,16,292,District - North Tripura (04),Rural,15-59,Marginal workers_Seeking/available for work_Females,1925,DDW-1600B-01SC-Census.xls,01SC
B0201SC,16,292,District - North Tripura (04),Urban,Total,Marginal workers_Seeking/available for work_Females,423,DDW-1600B-01SC-Census.xls,01SC
B0201SC,16,292,District - North Tripura (04),Urban,5-14,Marginal workers_Seeking/available for work_Females,3,DDW-1600B-01SC-Census.xls,01SC
B0201SC,16,292,District - North Tripura (04),Urban,15-34,Marginal workers_Seeking/available for work_Females,217,DDW-1600B-01SC-Census.xls,01SC
B0201SC,16,292,District - North Tripura (04),Urban,35-59,Marginal workers_Seeking/available for work_Females,189,DDW-1600B-01SC-Census.xls,01SC
B0201SC,16,292,District - North Tripura (04),Urban,60+,Marginal workers_Seeking/available for work_Females,14,DDW-1600B-01SC-Census.xls,01SC
B0201SC,16,292,District - North Tripura (04),Urban,Age not stated,Marginal workers_Seeking/available for work_Females,0,DDW-1600B-01SC-Census.xls,01SC
B0201SC,16,292,District - North Tripura (04),Urban,15-59,Marginal workers_Seeking/available for work_Females,406,DDW-1600B-01SC-Census.xls,01SC
B0201SC,16,000,State - TRIPURA (16),Total,Total,Non-workers_Total_Persons,403610,DDW-1600B-01SC-Census.xls,01SC
B0201SC,16,000,State - TRIPURA (16),Total,5-14,Non-workers_Total_Persons,117526,DDW-1600B-01SC-Census.xls,01SC
B0201SC,16,000,State - TRIPURA (16),Total,15-34,Non-workers_Total_Persons,141296,DDW-1600B-01SC-Census.xls,01SC
B0201SC,16,000,State - TRIPURA (16),Total,35-59,Non-workers_Total_Persons,58361,DDW-1600B-01SC-Census.xls,01SC
B0201SC,16,000,State - TRIPURA (16),Total,60+,Non-workers_Total_Persons,32173,DDW-1600B-01SC-Census.xls,01SC
B0201SC,16,000,State - TRIPURA (16),Total,Age not stated,Non-workers_Total_Persons,156,DDW-1600B-01SC-Census.xls,01SC
B0201SC,16,000,State - TRIPURA (16),Total,15-59,Non-workers_Total_Persons,199657,DDW-1600B-01SC-Census.xls,01SC
B0201SC,16,000,State - TRIPURA (16),Rural,Total,Non-workers_Total_Persons,267779,DDW-1600B-01SC-Census.xls,01SC
B0201SC,16,000,State - TRIPURA (16),Rural,5-14,Non-workers_Total_Persons,81066,DDW-1600B-01SC-Census.xls,01SC
B0201SC,16,000,State - TRIPURA (16),Rural,15-34,Non-workers_Total_Persons,91113,DDW-1600B-01SC-Census.xls,01SC
B0201SC,16,000,State - TRIPURA (16),Rural,35-59,Non-workers_Total_Persons,36313,DDW-1600B-01SC-Census.xls,01SC
B0201SC,16,000,State - TRIPURA (16),Rural,60+,Non-workers_Total_Persons,21335,DDW-1600B-01SC-Census.xls,01SC
B0201SC,16,000,State - TRIPURA (16),Rural,Age not stated,Non-workers_Total_Persons,90,DDW-1600B-01SC-Census.xls,01SC
B0201SC,16,000,State - TRIPURA (16),Rural,15-59,Non-workers_Total_Persons,127426,DDW-1600B-01SC-Census.xls,01SC
B0201SC,16,000,State - TRIPURA (16),Urban,Total,Non-workers_Total_Persons,135831,DDW-1600B-01SC-Census.xls,01SC
B0201SC,16,000,State - TRIPURA (16),Urban,5-14,Non-workers_Total_Persons,36460,DDW-1600B-01SC-Census.xls,01SC
B0201SC,16,000,State - TRIPURA (16),Urban,15-34,Non-workers_Total_Persons,50183,DDW-1600B-01SC-Census.xls,01SC
B0201SC,16,000,State - TRIPURA (16),Urban,35-59,Non-workers_Total_Persons,22048,DDW-1600B-01SC-Census.xls,01SC
B0201SC,16,000,State - TRIPURA (16),Urban,60+,Non-workers_Total_Persons,10838,DDW-1600B-01SC-Census.xls,01SC
B0201SC,16,000,State - TRIPURA (16),Urban,Age not stated,Non-workers_Total_Persons,66,DDW-1600B-01SC-Census.xls,01SC
B0201SC,16,000,State - TRIPURA (16),Urban,15-59,Non-workers_Total_Persons,72231,DDW-1600B-01SC-Census.xls,01SC
B0201SC,16,289,District - West Tripura  (01),Total,Total,Non-workers_Total_Persons,206575,DDW-1600B-01SC-Census.xls,01SC
B0201SC,16,289,District - West Tripura  (01),Total,5-14,Non-workers_Total_Persons,58929,DDW-1600B-01SC-Census.xls,01SC
B0201SC,16,289,District - West Tripura  (01),Total,15-34,Non-workers_Total_Persons,73864,DDW-1600B-01SC-Census.xls,01SC
B0201SC,16,289,District - West Tripura  (01),Total,35-59,Non-workers_Total_Persons,30391,DDW-1600B-01SC-Census.xls,01SC
B0201SC,16,289,District - West Tripura  (01),Total,60+,Non-workers_Total_Persons,16551,DDW-1600B-01SC-Census.xls,01SC
B0201SC,16,289,District - West Tripura  (01),Total,Age not stated,Non-workers_Total_Persons,93,DDW-1600B-01SC-Census.xls,01SC
B0201SC,16,289,District - West Tripura  (01),Total,15-59,Non-workers_Total_Persons,104255,DDW-1600B-01SC-Census.xls,01SC
B0201SC,16,289,District - West Tripura  (01),Rural,Total,Non-workers_Total_Persons,112961,DDW-1600B-01SC-Census.xls,01SC
B0201SC,16,289,District - West Tripura  (01),Rural,5-14,Non-workers_Total_Persons,33509,DDW-1600B-01SC-Census.xls,01SC
B0201SC,16,289,District - West Tripura  (01),Rural,15-34,Non-workers_Total_Persons,39114,DDW-1600B-01SC-Census.xls,01SC
B0201SC,16,289,District - West Tripura  (01),Rural,35-59,Non-workers_Total_Persons,15635,DDW-1600B-01SC-Census.xls,01SC
B0201SC,16,289,District - West Tripura  (01),Rural,60+,Non-workers_Total_Persons,9110,DDW-1600B-01SC-Census.xls,01SC
B0201SC,16,289,District - West Tripura  (01),Rural,Age not stated,Non-workers_Total_Persons,42,DDW-1600B-01SC-Census.xls,01SC
B0201SC,16,289,District - West Tripura  (01),Rural,15-59,Non-workers_Total_Persons,54749,DDW-1600B-01SC-Census.xls,01SC
B0201SC,16,289,District - West Tripura  (01),Urban,Total,Non-workers_Total_Persons,93614,DDW-1600B-01SC-Census.xls,01SC
B0201SC,16,289,District - West Tripura  (01),Urban,5-14,Non-workers_Total_Persons,25420,DDW-1600B-01SC-Census.xls,01SC
B0201SC,16,289,District - West Tripura  (01),Urban,15-34,Non-workers_Total_Persons,34750,DDW-1600B-01SC-Census.xls,01SC
B0201SC,16,289,District - West Tripura  (01),Urban,35-59,Non-workers_Total_Persons,14756,DDW-1600B-01SC-Census.xls,01SC
B0201SC,16,289,District - West Tripura  (01),Urban,60+,Non-workers_Total_Persons,7441,DDW-1600B-01SC-Census.xls,01SC
B0201SC,16,289,District - West Tripura  (01),Urban,Age not stated,Non-workers_Total_Persons,51,DDW-1600B-01SC-Census.xls,01SC
B0201SC,16,289,District - West Tripura  (01),Urban,15-59,Non-workers_Total_Persons,49506,DDW-1600B-01SC-Census.xls,01SC
B0201SC,16,290,District - South Tripura  (02),Total,Total,Non-workers_Total_Persons,84288,DDW-1600B-01SC-Census.xls,01SC
B0201SC,16,290,District - South Tripura  (02),Total,5-14,Non-workers_Total_Persons,24297,DDW-1600B-01SC-Census.xls,01SC
B0201SC,16,290,District - South Tripura  (02),Total,15-34,Non-workers_Total_Persons,29559,DDW-1600B-01SC-Census.xls,01SC
B0201SC,16,290,District - South Tripura  (02),Total,35-59,Non-workers_Total_Persons,12269,DDW-1600B-01SC-Census.xls,01SC
B0201SC,16,290,District - South Tripura  (02),Total,60+,Non-workers_Total_Persons,7515,DDW-1600B-01SC-Census.xls,01SC
B0201SC,16,290,District - South Tripura  (02),Total,Age not stated,Non-workers_Total_Persons,37,DDW-1600B-01SC-Census.xls,01SC
B0201SC,16,290,District - South Tripura  (02),Total,15-59,Non-workers_Total_Persons,41828,DDW-1600B-01SC-Census.xls,01SC
B0201SC,16,290,District - South Tripura  (02),Rural,Total,Non-workers_Total_Persons,66102,DDW-1600B-01SC-Census.xls,01SC
B0201SC,16,290,District - South Tripura  (02),Rural,5-14,Non-workers_Total_Persons,19781,DDW-1600B-01SC-Census.xls,01SC
B0201SC,16,290,District - South Tripura  (02),Rural,15-34,Non-workers_Total_Persons,22773,DDW-1600B-01SC-Census.xls,01SC
B0201SC,16,290,District - South Tripura  (02),Rural,35-59,Non-workers_Total_Persons,8937,DDW-1600B-01SC-Census.xls,01SC
B0201SC,16,290,District - South Tripura  (02),Rural,60+,Non-workers_Total_Persons,5948,DDW-1600B-01SC-Census.xls,01SC
B0201SC,16,290,District - South Tripura  (02),Rural,Age not stated,Non-workers_Total_Persons,27,DDW-1600B-01SC-Census.xls,01SC
B0201SC,16,290,District - South Tripura  (02),Rural,15-59,Non-workers_Total_Persons,31710,DDW-1600B-01SC-Census.xls,01SC
B0201SC,16,290,District - South Tripura  (02),Urban,Total,Non-workers_Total_Persons,18186,DDW-1600B-01SC-Census.xls,01SC
B0201SC,16,290,District - South Tripura  (02),Urban,5-14,Non-workers_Total_Persons,4516,DDW-1600B-01SC-Census.xls,01SC
B0201SC,16,290,District - South Tripura  (02),Urban,15-34,Non-workers_Total_Persons,6786,DDW-1600B-01SC-Census.xls,01SC
B0201SC,16,290,District - South Tripura  (02),Urban,35-59,Non-workers_Total_Persons,3332,DDW-1600B-01SC-Census.xls,01SC
B0201SC,16,290,District - South Tripura  (02),Urban,60+,Non-workers_Total_Persons,1567,DDW-1600B-01SC-Census.xls,01SC
B0201SC,16,290,District - South Tripura  (02),Urban,Age not stated,Non-workers_Total_Persons,10,DDW-1600B-01SC-Census.xls,01SC
B0201SC,16,290,District - South Tripura  (02),Urban,15-59,Non-workers_Total_Persons,10118,DDW-1600B-01SC-Census.xls,01SC
B0201SC,16,291,District - Dhalai (03),Total,Total,Non-workers_Total_Persons,37963,DDW-1600B-01SC-Census.xls,01SC
B0201SC,16,291,District - Dhalai (03),Total,5-14,Non-workers_Total_Persons,11732,DDW-1600B-01SC-Census.xls,01SC
B0201SC,16,291,District - Dhalai (03),Total,15-34,Non-workers_Total_Persons,13022,DDW-1600B-01SC-Census.xls,01SC
B0201SC,16,291,District - Dhalai (03),Total,35-59,Non-workers_Total_Persons,4721,DDW-1600B-01SC-Census.xls,01SC
B0201SC,16,291,District - Dhalai (03),Total,60+,Non-workers_Total_Persons,2771,DDW-1600B-01SC-Census.xls,01SC
B0201SC,16,291,District - Dhalai (03),Total,Age not stated,Non-workers_Total_Persons,13,DDW-1600B-01SC-Census.xls,01SC
B0201SC,16,291,District - Dhalai (03),Total,15-59,Non-workers_Total_Persons,17743,DDW-1600B-01SC-Census.xls,01SC
B0201SC,16,291,District - Dhalai (03),Rural,Total,Non-workers_Total_Persons,30620,DDW-1600B-01SC-Census.xls,01SC
B0201SC,16,291,District - Dhalai (03),Rural,5-14,Non-workers_Total_Persons,9714,DDW-1600B-01SC-Census.xls,01SC
B0201SC,16,291,District - Dhalai (03),Rural,15-34,Non-workers_Total_Persons,10305,DDW-1600B-01SC-Census.xls,01SC
B0201SC,16,291,District - Dhalai (03),Rural,35-59,Non-workers_Total_Persons,3600,DDW-1600B-01SC-Census.xls,01SC
B0201SC,16,291,District - Dhalai (03),Rural,60+,Non-workers_Total_Persons,2241,DDW-1600B-01SC-Census.xls,01SC
B0201SC,16,291,District - Dhalai (03),Rural,Age not stated,Non-workers_Total_Persons,11,DDW-1600B-01SC-Census.xls,01SC
B0201SC,16,291,District - Dhalai (03),Rural,15-59,Non-workers_Total_Persons,13905,DDW-1600B-01SC-Census.xls,01SC
B0201SC,16,291,District - Dhalai (03),Urban,Total,Non-workers_Total_Persons,7343,DDW-1600B-01SC-Census.xls,01SC
B0201SC,16,291,District - Dhalai (03),Urban,5-14,Non-workers_Total_Persons,2018,DDW-1600B-01SC-Census.xls,01SC
B0201SC,16,291,District - Dhalai (03),Urban,15-34,Non-workers_Total_Persons,2717,DDW-1600B-01SC-Census.xls,01SC
B0201SC,16,291,District - Dhalai (03),Urban,35-59,Non-workers_Total_Persons,1121,DDW-1600B-01SC-Census.xls,01SC
B0201SC,16,291,District - Dhalai (03),Urban,60+,Non-workers_Total_Persons,530,DDW-1600B-01SC-Census.xls,01SC
B0201SC,16,291,District - Dhalai (03),Urban,Age not stated,Non-workers_Total_Persons,2,DDW-1600B-01SC-Census.xls,01SC
B0201SC,16,291,District - Dhalai (03),Urban,15-59,Non-workers_Total_Persons,3838,DDW-1600B-01SC-Census.xls,01SC
B0201SC,16,292,District - North Tripura (04),Total,Total,Non-workers_Total_Persons,74784,DDW-1600B-01SC-Census.xls,01SC
B0201SC,16,292,District - North Tripura (04),Total,5-14,Non-workers_Total_Persons,22568,DDW-1600B-01SC-Census.xls,01SC
B0201SC,16,292,District - North Tripura (04),Total,15-34,Non-workers_Total_Persons,24851,DDW-1600B-01SC-Census.xls,01SC
B0201SC,16,292,District - North Tripura (04),Total,35-59,Non-workers_Total_Persons,10980,DDW-1600B-01SC-Census.xls,01SC
B0201SC,16,292,District - North Tripura (04),Total,60+,Non-workers_Total_Persons,5336,DDW-1600B-01SC-Census.xls,01SC
B0201SC,16,292,District - North Tripura (04),Total,Age not stated,Non-workers_Total_Persons,13,DDW-1600B-01SC-Census.xls,01SC
B0201SC,16,292,District - North Tripura (04),Total,15-59,Non-workers_Total_Persons,35831,DDW-1600B-01SC-Census.xls,01SC
B0201SC,16,292,District - North Tripura (04),Rural,Total,Non-workers_Total_Persons,58096,DDW-1600B-01SC-Census.xls,01SC
B0201SC,16,292,District - North Tripura (04),Rural,5-14,Non-workers_Total_Persons,18062,DDW-1600B-01SC-Census.xls,01SC
B0201SC,16,292,District - North Tripura (04),Rural,15-34,Non-workers_Total_Persons,18921,DDW-1600B-01SC-Census.xls,01SC
B0201SC,16,292,District - North Tripura (04),Rural,35-59,Non-workers_Total_Persons,8141,DDW-1600B-01SC-Census.xls,01SC
B0201SC,16,292,District - North Tripura (04),Rural,60+,Non-workers_Total_Persons,4036,DDW-1600B-01SC-Census.xls,01SC
B0201SC,16,292,District - North Tripura (04),Rural,Age not stated,Non-workers_Total_Persons,10,DDW-1600B-01SC-Census.xls,01SC
B0201SC,16,292,District - North Tripura (04),Rural,15-59,Non-workers_Total_Persons,27062,DDW-1600B-01SC-Census.xls,01SC
B0201SC,16,292,District - North Tripura (04),Urban,Total,Non-workers_Total_Persons,16688,DDW-1600B-01SC-Census.xls,01SC
B0201SC,16,292,District - North Tripura (04),Urban,5-14,Non-workers_Total_Persons,4506,DDW-1600B-01SC-Census.xls,01SC
B0201SC,16,292,District - North Tripura (04),Urban,15-34,Non-workers_Total_Persons,5930,DDW-1600B-01SC-Census.xls,01SC
B0201SC,16,292,District - North Tripura (04),Urban,35-59,Non-workers_Total_Persons,2839,DDW-1600B-01SC-Census.xls,01SC
B0201SC,16,292,District - North Tripura (04),Urban,60+,Non-workers_Total_Persons,1300,DDW-1600B-01SC-Census.xls,01SC
B0201SC,16,292,District - North Tripura (04),Urban,Age not stated,Non-workers_Total_Persons,3,DDW-1600B-01SC-Census.xls,01SC
B0201SC,16,292,District - North Tripura (04),Urban,15-59,Non-workers_Total_Persons,8769,DDW-1600B-01SC-Census.xls,01SC
B0201SC,16,000,State - TRIPURA (16),Total,Total,Non-workers_Total_Males,143122,DDW-1600B-01SC-Census.xls,01SC
B0201SC,16,000,State - TRIPURA (16),Total,5-14,Non-workers_Total_Males,59829,DDW-1600B-01SC-Census.xls,01SC
B0201SC,16,000,State - TRIPURA (16),Total,15-34,Non-workers_Total_Males,42015,DDW-1600B-01SC-Census.xls,01SC
B0201SC,16,000,State - TRIPURA (16),Total,35-59,Non-workers_Total_Males,3527,DDW-1600B-01SC-Census.xls,01SC
B0201SC,16,000,State - TRIPURA (16),Total,60+,Non-workers_Total_Males,10000,DDW-1600B-01SC-Census.xls,01SC
B0201SC,16,000,State - TRIPURA (16),Total,Age not stated,Non-workers_Total_Males,66,DDW-1600B-01SC-Census.xls,01SC
B0201SC,16,000,State - TRIPURA (16),Total,15-59,Non-workers_Total_Males,45542,DDW-1600B-01SC-Census.xls,01SC
B0201SC,16,000,State - TRIPURA (16),Rural,Total,Non-workers_Total_Males,95762,DDW-1600B-01SC-Census.xls,01SC
B0201SC,16,000,State - TRIPURA (16),Rural,5-14,Non-workers_Total_Males,41211,DDW-1600B-01SC-Census.xls,01SC
B0201SC,16,000,State - TRIPURA (16),Rural,15-34,Non-workers_Total_Males,27035,DDW-1600B-01SC-Census.xls,01SC
B0201SC,16,000,State - TRIPURA (16),Rural,35-59,Non-workers_Total_Males,1929,DDW-1600B-01SC-Census.xls,01SC
B0201SC,16,000,State - TRIPURA (16),Rural,60+,Non-workers_Total_Males,6249,DDW-1600B-01SC-Census.xls,01SC
B0201SC,16,000,State - TRIPURA (16),Rural,Age not stated,Non-workers_Total_Males,40,DDW-1600B-01SC-Census.xls,01SC
B0201SC,16,000,State - TRIPURA (16),Rural,15-59,Non-workers_Total_Males,28964,DDW-1600B-01SC-Census.xls,01SC
B0201SC,16,000,State - TRIPURA (16),Urban,Total,Non-workers_Total_Males,47360,DDW-1600B-01SC-Census.xls,01SC
B0201SC,16,000,State - TRIPURA (16),Urban,5-14,Non-workers_Total_Males,18618,DDW-1600B-01SC-Census.xls,01SC
B0201SC,16,000,State - TRIPURA (16),Urban,15-34,Non-workers_Total_Males,14980,DDW-1600B-01SC-Census.xls,01SC
B0201SC,16,000,State - TRIPURA (16),Urban,35-59,Non-workers_Total_Males,1598,DDW-1600B-01SC-Census.xls,01SC
B0201SC,16,000,State - TRIPURA (16),Urban,60+,Non-workers_Total_Males,3751,DDW-1600B-01SC-Census.xls,01SC
B0201SC,16,000,State - TRIPURA (16),Urban,Age not stated,Non-workers_Total_Males,26,DDW-1600B-01SC-Census.xls,01SC
B0201SC,16,000,State - TRIPURA (16),Urban,15-59,Non-workers_Total_Males,16578,DDW-1600B-01SC-Census.xls,01SC
B0201SC,16,289,District - West Tripura  (01),Total,Total,Non-workers_Total_Males,73655,DDW-1600B-01SC-Census.xls,01SC
B0201SC,16,289,District - West Tripura  (01),Total,5-14,Non-workers_Total_Males,30052,DDW-1600B-01SC-Census.xls,01SC
B0201SC,16,289,District - West Tripura  (01),Total,15-34,Non-workers_Total_Males,22413,DDW-1600B-01SC-Census.xls,01SC
B0201SC,16,289,District - West Tripura  (01),Total,35-59,Non-workers_Total_Males,2081,DDW-1600B-01SC-Census.xls,01SC
B0201SC,16,289,District - West Tripura  (01),Total,60+,Non-workers_Total_Males,5336,DDW-1600B-01SC-Census.xls,01SC
B0201SC,16,289,District - West Tripura  (01),Total,Age not stated,Non-workers_Total_Males,41,DDW-1600B-01SC-Census.xls,01SC
B0201SC,16,289,District - West Tripura  (01),Total,15-59,Non-workers_Total_Males,24494,DDW-1600B-01SC-Census.xls,01SC
B0201SC,16,289,District - West Tripura  (01),Rural,Total,Non-workers_Total_Males,40780,DDW-1600B-01SC-Census.xls,01SC
B0201SC,16,289,District - West Tripura  (01),Rural,5-14,Non-workers_Total_Males,17057,DDW-1600B-01SC-Census.xls,01SC
B0201SC,16,289,District - West Tripura  (01),Rural,15-34,Non-workers_Total_Males,12067,DDW-1600B-01SC-Census.xls,01SC
B0201SC,16,289,District - West Tripura  (01),Rural,35-59,Non-workers_Total_Males,951,DDW-1600B-01SC-Census.xls,01SC
B0201SC,16,289,District - West Tripura  (01),Rural,60+,Non-workers_Total_Males,2725,DDW-1600B-01SC-Census.xls,01SC
B0201SC,16,289,District - West Tripura  (01),Rural,Age not stated,Non-workers_Total_Males,20,DDW-1600B-01SC-Census.xls,01SC
B0201SC,16,289,District - West Tripura  (01),Rural,15-59,Non-workers_Total_Males,13018,DDW-1600B-01SC-Census.xls,01SC
B0201SC,16,289,District - West Tripura  (01),Urban,Total,Non-workers_Total_Males,32875,DDW-1600B-01SC-Census.xls,01SC
B0201SC,16,289,District - West Tripura  (01),Urban,5-14,Non-workers_Total_Males,12995,DDW-1600B-01SC-Census.xls,01SC
B0201SC,16,289,District - West Tripura  (01),Urban,15-34,Non-workers_Total_Males,10346,DDW-1600B-01SC-Census.xls,01SC
B0201SC,16,289,District - West Tripura  (01),Urban,35-59,Non-workers_Total_Males,1130,DDW-1600B-01SC-Census.xls,01SC
B0201SC,16,289,District - West Tripura  (01),Urban,60+,Non-workers_Total_Males,2611,DDW-1600B-01SC-Census.xls,01SC
B0201SC,16,289,District - West Tripura  (01),Urban,Age not stated,Non-workers_Total_Males,21,DDW-1600B-01SC-Census.xls,01SC
B0201SC,16,289,District - West Tripura  (01),Urban,15-59,Non-workers_Total_Males,11476,DDW-1600B-01SC-Census.xls,01SC
B0201SC,16,290,District - South Tripura  (02),Total,Total,Non-workers_Total_Males,29447,DDW-1600B-01SC-Census.xls,01SC
B0201SC,16,290,District - South Tripura  (02),Total,5-14,Non-workers_Total_Males,12412,DDW-1600B-01SC-Census.xls,01SC
B0201SC,16,290,District - South Tripura  (02),Total,15-34,Non-workers_Total_Males,8791,DDW-1600B-01SC-Census.xls,01SC
B0201SC,16,290,District - South Tripura  (02),Total,35-59,Non-workers_Total_Males,610,DDW-1600B-01SC-Census.xls,01SC
B0201SC,16,290,District - South Tripura  (02),Total,60+,Non-workers_Total_Males,2202,DDW-1600B-01SC-Census.xls,01SC
B0201SC,16,290,District - South Tripura  (02),Total,Age not stated,Non-workers_Total_Males,12,DDW-1600B-01SC-Census.xls,01SC
B0201SC,16,290,District - South Tripura  (02),Total,15-59,Non-workers_Total_Males,9401,DDW-1600B-01SC-Census.xls,01SC
B0201SC,16,290,District - South Tripura  (02),Rural,Total,Non-workers_Total_Males,23331,DDW-1600B-01SC-Census.xls,01SC
B0201SC,16,290,District - South Tripura  (02),Rural,5-14,Non-workers_Total_Males,10111,DDW-1600B-01SC-Census.xls,01SC
B0201SC,16,290,District - South Tripura  (02),Rural,15-34,Non-workers_Total_Males,6723,DDW-1600B-01SC-Census.xls,01SC
B0201SC,16,290,District - South Tripura  (02),Rural,35-59,Non-workers_Total_Males,409,DDW-1600B-01SC-Census.xls,01SC
B0201SC,16,290,District - South Tripura  (02),Rural,60+,Non-workers_Total_Males,1680,DDW-1600B-01SC-Census.xls,01SC
B0201SC,16,290,District - South Tripura  (02),Rural,Age not stated,Non-workers_Total_Males,10,DDW-1600B-01SC-Census.xls,01SC
B0201SC,16,290,District - South Tripura  (02),Rural,15-59,Non-workers_Total_Males,7132,DDW-1600B-01SC-Census.xls,01SC
B0201SC,16,290,District - South Tripura  (02),Urban,Total,Non-workers_Total_Males,6116,DDW-1600B-01SC-Census.xls,01SC
B0201SC,16,290,District - South Tripura  (02),Urban,5-14,Non-workers_Total_Males,2301,DDW-1600B-01SC-Census.xls,01SC
B0201SC,16,290,District - South Tripura  (02),Urban,15-34,Non-workers_Total_Males,2068,DDW-1600B-01SC-Census.xls,01SC
B0201SC,16,290,District - South Tripura  (02),Urban,35-59,Non-workers_Total_Males,201,DDW-1600B-01SC-Census.xls,01SC
B0201SC,16,290,District - South Tripura  (02),Urban,60+,Non-workers_Total_Males,522,DDW-1600B-01SC-Census.xls,01SC
B0201SC,16,290,District - South Tripura  (02),Urban,Age not stated,Non-workers_Total_Males,2,DDW-1600B-01SC-Census.xls,01SC
B0201SC,16,290,District - South Tripura  (02),Urban,15-59,Non-workers_Total_Males,2269,DDW-1600B-01SC-Census.xls,01SC
B0201SC,16,291,District - Dhalai (03),Total,Total,Non-workers_Total_Males,13806,DDW-1600B-01SC-Census.xls,01SC
B0201SC,16,291,District - Dhalai (03),Total,5-14,Non-workers_Total_Males,5981,DDW-1600B-01SC-Census.xls,01SC
B0201SC,16,291,District - Dhalai (03),Total,15-34,Non-workers_Total_Males,3873,DDW-1600B-01SC-Census.xls,01SC
B0201SC,16,291,District - Dhalai (03),Total,35-59,Non-workers_Total_Males,256,DDW-1600B-01SC-Census.xls,01SC
B0201SC,16,291,District - Dhalai (03),Total,60+,Non-workers_Total_Males,809,DDW-1600B-01SC-Census.xls,01SC
B0201SC,16,291,District - Dhalai (03),Total,Age not stated,Non-workers_Total_Males,6,DDW-1600B-01SC-Census.xls,01SC
B0201SC,16,291,District - Dhalai (03),Total,15-59,Non-workers_Total_Males,4129,DDW-1600B-01SC-Census.xls,01SC
B0201SC,16,291,District - Dhalai (03),Rural,Total,Non-workers_Total_Males,11263,DDW-1600B-01SC-Census.xls,01SC
B0201SC,16,291,District - Dhalai (03),Rural,5-14,Non-workers_Total_Males,4931,DDW-1600B-01SC-Census.xls,01SC
B0201SC,16,291,District - Dhalai (03),Rural,15-34,Non-workers_Total_Males,3118,DDW-1600B-01SC-Census.xls,01SC
B0201SC,16,291,District - Dhalai (03),Rural,35-59,Non-workers_Total_Males,182,DDW-1600B-01SC-Census.xls,01SC
B0201SC,16,291,District - Dhalai (03),Rural,60+,Non-workers_Total_Males,633,DDW-1600B-01SC-Census.xls,01SC
B0201SC,16,291,District - Dhalai (03),Rural,Age not stated,Non-workers_Total_Males,5,DDW-1600B-01SC-Census.xls,01SC
B0201SC,16,291,District - Dhalai (03),Rural,15-59,Non-workers_Total_Males,3300,DDW-1600B-01SC-Census.xls,01SC
B0201SC,16,291,District - Dhalai (03),Urban,Total,Non-workers_Total_Males,2543,DDW-1600B-01SC-Census.xls,01SC
B0201SC,16,291,District - Dhalai (03),Urban,5-14,Non-workers_Total_Males,1050,DDW-1600B-01SC-Census.xls,01SC
B0201SC,16,291,District - Dhalai (03),Urban,15-34,Non-workers_Total_Males,755,DDW-1600B-01SC-Census.xls,01SC
B0201SC,16,291,District - Dhalai (03),Urban,35-59,Non-workers_Total_Males,74,DDW-1600B-01SC-Census.xls,01SC
B0201SC,16,291,District - Dhalai (03),Urban,60+,Non-workers_Total_Males,176,DDW-1600B-01SC-Census.xls,01SC
B0201SC,16,291,District - Dhalai (03),Urban,Age not stated,Non-workers_Total_Males,1,DDW-1600B-01SC-Census.xls,01SC
B0201SC,16,291,District - Dhalai (03),Urban,15-59,Non-workers_Total_Males,829,DDW-1600B-01SC-Census.xls,01SC
B0201SC,16,292,District - North Tripura (04),Total,Total,Non-workers_Total_Males,26214,DDW-1600B-01SC-Census.xls,01SC
B0201SC,16,292,District - North Tripura (04),Total,5-14,Non-workers_Total_Males,11384,DDW-1600B-01SC-Census.xls,01SC
B0201SC,16,292,District - North Tripura (04),Total,15-34,Non-workers_Total_Males,6938,DDW-1600B-01SC-Census.xls,01SC
B0201SC,16,292,District - North Tripura (04),Total,35-59,Non-workers_Total_Males,580,DDW-1600B-01SC-Census.xls,01SC
B0201SC,16,292,District - North Tripura (04),Total,60+,Non-workers_Total_Males,1653,DDW-1600B-01SC-Census.xls,01SC
B0201SC,16,292,District - North Tripura (04),Total,Age not stated,Non-workers_Total_Males,7,DDW-1600B-01SC-Census.xls,01SC
B0201SC,16,292,District - North Tripura (04),Total,15-59,Non-workers_Total_Males,7518,DDW-1600B-01SC-Census.xls,01SC
B0201SC,16,292,District - North Tripura (04),Rural,Total,Non-workers_Total_Males,20388,DDW-1600B-01SC-Census.xls,01SC
B0201SC,16,292,District - North Tripura (04),Rural,5-14,Non-workers_Total_Males,9112,DDW-1600B-01SC-Census.xls,01SC
B0201SC,16,292,District - North Tripura (04),Rural,15-34,Non-workers_Total_Males,5127,DDW-1600B-01SC-Census.xls,01SC
B0201SC,16,292,District - North Tripura (04),Rural,35-59,Non-workers_Total_Males,387,DDW-1600B-01SC-Census.xls,01SC
B0201SC,16,292,District - North Tripura (04),Rural,60+,Non-workers_Total_Males,1211,DDW-1600B-01SC-Census.xls,01SC
B0201SC,16,292,District - North Tripura (04),Rural,Age not stated,Non-workers_Total_Males,5,DDW-1600B-01SC-Census.xls,01SC
B0201SC,16,292,District - North Tripura (04),Rural,15-59,Non-workers_Total_Males,5514,DDW-1600B-01SC-Census.xls,01SC
B0201SC,16,292,District - North Tripura (04),Urban,Total,Non-workers_Total_Males,5826,DDW-1600B-01SC-Census.xls,01SC
B0201SC,16,292,District - North Tripura (04),Urban,5-14,Non-workers_Total_Males,2272,DDW-1600B-01SC-Census.xls,01SC
B0201SC,16,292,District - North Tripura (04),Urban,15-34,Non-workers_Total_Males,1811,DDW-1600B-01SC-Census.xls,01SC
B0201SC,16,292,District - North Tripura (04),Urban,35-59,Non-workers_Total_Males,193,DDW-1600B-01SC-Census.xls,01SC
B0201SC,16,292,District - North Tripura (04),Urban,60+,Non-workers_Total_Males,442,DDW-1600B-01SC-Census.xls,01SC
B0201SC,16,292,District - North Tripura (04),Urban,Age not stated,Non-workers_Total_Males,2,DDW-1600B-01SC-Census.xls,01SC
B0201SC,16,292,District - North Tripura (04),Urban,15-59,Non-workers_Total_Males,2004,DDW-1600B-01SC-Census.xls,01SC
B0201SC,16,000,State - TRIPURA (16),Total,Total,Non-workers_Total_Females,260488,DDW-1600B-01SC-Census.xls,01SC
B0201SC,16,000,State - TRIPURA (16),Total,5-14,Non-workers_Total_Females,57697,DDW-1600B-01SC-Census.xls,01SC
B0201SC,16,000,State - TRIPURA (16),Total,15-34,Non-workers_Total_Females,99281,DDW-1600B-01SC-Census.xls,01SC
B0201SC,16,000,State - TRIPURA (16),Total,35-59,Non-workers_Total_Females,54834,DDW-1600B-01SC-Census.xls,01SC
B0201SC,16,000,State - TRIPURA (16),Total,60+,Non-workers_Total_Females,22173,DDW-1600B-01SC-Census.xls,01SC
B0201SC,16,000,State - TRIPURA (16),Total,Age not stated,Non-workers_Total_Females,90,DDW-1600B-01SC-Census.xls,01SC
B0201SC,16,000,State - TRIPURA (16),Total,15-59,Non-workers_Total_Females,154115,DDW-1600B-01SC-Census.xls,01SC
B0201SC,16,000,State - TRIPURA (16),Rural,Total,Non-workers_Total_Females,172017,DDW-1600B-01SC-Census.xls,01SC
B0201SC,16,000,State - TRIPURA (16),Rural,5-14,Non-workers_Total_Females,39855,DDW-1600B-01SC-Census.xls,01SC
B0201SC,16,000,State - TRIPURA (16),Rural,15-34,Non-workers_Total_Females,64078,DDW-1600B-01SC-Census.xls,01SC
B0201SC,16,000,State - TRIPURA (16),Rural,35-59,Non-workers_Total_Females,34384,DDW-1600B-01SC-Census.xls,01SC
B0201SC,16,000,State - TRIPURA (16),Rural,60+,Non-workers_Total_Females,15086,DDW-1600B-01SC-Census.xls,01SC
B0201SC,16,000,State - TRIPURA (16),Rural,Age not stated,Non-workers_Total_Females,50,DDW-1600B-01SC-Census.xls,01SC
B0201SC,16,000,State - TRIPURA (16),Rural,15-59,Non-workers_Total_Females,98462,DDW-1600B-01SC-Census.xls,01SC
B0201SC,16,000,State - TRIPURA (16),Urban,Total,Non-workers_Total_Females,88471,DDW-1600B-01SC-Census.xls,01SC
B0201SC,16,000,State - TRIPURA (16),Urban,5-14,Non-workers_Total_Females,17842,DDW-1600B-01SC-Census.xls,01SC
B0201SC,16,000,State - TRIPURA (16),Urban,15-34,Non-workers_Total_Females,35203,DDW-1600B-01SC-Census.xls,01SC
B0201SC,16,000,State - TRIPURA (16),Urban,35-59,Non-workers_Total_Females,20450,DDW-1600B-01SC-Census.xls,01SC
B0201SC,16,000,State - TRIPURA (16),Urban,60+,Non-workers_Total_Females,7087,DDW-1600B-01SC-Census.xls,01SC
B0201SC,16,000,State - TRIPURA (16),Urban,Age not stated,Non-workers_Total_Females,40,DDW-1600B-01SC-Census.xls,01SC
B0201SC,16,000,State - TRIPURA (16),Urban,15-59,Non-workers_Total_Females,55653,DDW-1600B-01SC-Census.xls,01SC
B0201SC,16,289,District - West Tripura  (01),Total,Total,Non-workers_Total_Females,132920,DDW-1600B-01SC-Census.xls,01SC
B0201SC,16,289,District - West Tripura  (01),Total,5-14,Non-workers_Total_Females,28877,DDW-1600B-01SC-Census.xls,01SC
B0201SC,16,289,District - West Tripura  (01),Total,15-34,Non-workers_Total_Females,51451,DDW-1600B-01SC-Census.xls,01SC
B0201SC,16,289,District - West Tripura  (01),Total,35-59,Non-workers_Total_Females,28310,DDW-1600B-01SC-Census.xls,01SC
B0201SC,16,289,District - West Tripura  (01),Total,60+,Non-workers_Total_Females,11215,DDW-1600B-01SC-Census.xls,01SC
B0201SC,16,289,District - West Tripura  (01),Total,Age not stated,Non-workers_Total_Females,52,DDW-1600B-01SC-Census.xls,01SC
B0201SC,16,289,District - West Tripura  (01),Total,15-59,Non-workers_Total_Females,79761,DDW-1600B-01SC-Census.xls,01SC
B0201SC,16,289,District - West Tripura  (01),Rural,Total,Non-workers_Total_Females,72181,DDW-1600B-01SC-Census.xls,01SC
B0201SC,16,289,District - West Tripura  (01),Rural,5-14,Non-workers_Total_Females,16452,DDW-1600B-01SC-Census.xls,01SC
B0201SC,16,289,District - West Tripura  (01),Rural,15-34,Non-workers_Total_Females,27047,DDW-1600B-01SC-Census.xls,01SC
B0201SC,16,289,District - West Tripura  (01),Rural,35-59,Non-workers_Total_Females,14684,DDW-1600B-01SC-Census.xls,01SC
B0201SC,16,289,District - West Tripura  (01),Rural,60+,Non-workers_Total_Females,6385,DDW-1600B-01SC-Census.xls,01SC
B0201SC,16,289,District - West Tripura  (01),Rural,Age not stated,Non-workers_Total_Females,22,DDW-1600B-01SC-Census.xls,01SC
B0201SC,16,289,District - West Tripura  (01),Rural,15-59,Non-workers_Total_Females,41731,DDW-1600B-01SC-Census.xls,01SC
B0201SC,16,289,District - West Tripura  (01),Urban,Total,Non-workers_Total_Females,60739,DDW-1600B-01SC-Census.xls,01SC
B0201SC,16,289,District - West Tripura  (01),Urban,5-14,Non-workers_Total_Females,12425,DDW-1600B-01SC-Census.xls,01SC
B0201SC,16,289,District - West Tripura  (01),Urban,15-34,Non-workers_Total_Females,24404,DDW-1600B-01SC-Census.xls,01SC
B0201SC,16,289,District - West Tripura  (01),Urban,35-59,Non-workers_Total_Females,13626,DDW-1600B-01SC-Census.xls,01SC
B0201SC,16,289,District - West Tripura  (01),Urban,60+,Non-workers_Total_Females,4830,DDW-1600B-01SC-Census.xls,01SC
B0201SC,16,289,District - West Tripura  (01),Urban,Age not stated,Non-workers_Total_Females,30,DDW-1600B-01SC-Census.xls,01SC
B0201SC,16,289,District - West Tripura  (01),Urban,15-59,Non-workers_Total_Females,38030,DDW-1600B-01SC-Census.xls,01SC
B0201SC,16,290,District - South Tripura  (02),Total,Total,Non-workers_Total_Females,54841,DDW-1600B-01SC-Census.xls,01SC
B0201SC,16,290,District - South Tripura  (02),Total,5-14,Non-workers_Total_Females,11885,DDW-1600B-01SC-Census.xls,01SC
B0201SC,16,290,District - South Tripura  (02),Total,15-34,Non-workers_Total_Females,20768,DDW-1600B-01SC-Census.xls,01SC
B0201SC,16,290,District - South Tripura  (02),Total,35-59,Non-workers_Total_Females,11659,DDW-1600B-01SC-Census.xls,01SC
B0201SC,16,290,District - South Tripura  (02),Total,60+,Non-workers_Total_Females,5313,DDW-1600B-01SC-Census.xls,01SC
B0201SC,16,290,District - South Tripura  (02),Total,Age not stated,Non-workers_Total_Females,25,DDW-1600B-01SC-Census.xls,01SC
B0201SC,16,290,District - South Tripura  (02),Total,15-59,Non-workers_Total_Females,32427,DDW-1600B-01SC-Census.xls,01SC
B0201SC,16,290,District - South Tripura  (02),Rural,Total,Non-workers_Total_Females,42771,DDW-1600B-01SC-Census.xls,01SC
B0201SC,16,290,District - South Tripura  (02),Rural,5-14,Non-workers_Total_Females,9670,DDW-1600B-01SC-Census.xls,01SC
B0201SC,16,290,District - South Tripura  (02),Rural,15-34,Non-workers_Total_Females,16050,DDW-1600B-01SC-Census.xls,01SC
B0201SC,16,290,District - South Tripura  (02),Rural,35-59,Non-workers_Total_Females,8528,DDW-1600B-01SC-Census.xls,01SC
B0201SC,16,290,District - South Tripura  (02),Rural,60+,Non-workers_Total_Females,4268,DDW-1600B-01SC-Census.xls,01SC
B0201SC,16,290,District - South Tripura  (02),Rural,Age not stated,Non-workers_Total_Females,17,DDW-1600B-01SC-Census.xls,01SC
B0201SC,16,290,District - South Tripura  (02),Rural,15-59,Non-workers_Total_Females,24578,DDW-1600B-01SC-Census.xls,01SC
B0201SC,16,290,District - South Tripura  (02),Urban,Total,Non-workers_Total_Females,12070,DDW-1600B-01SC-Census.xls,01SC
B0201SC,16,290,District - South Tripura  (02),Urban,5-14,Non-workers_Total_Females,2215,DDW-1600B-01SC-Census.xls,01SC
B0201SC,16,290,District - South Tripura  (02),Urban,15-34,Non-workers_Total_Females,4718,DDW-1600B-01SC-Census.xls,01SC
B0201SC,16,290,District - South Tripura  (02),Urban,35-59,Non-workers_Total_Females,3131,DDW-1600B-01SC-Census.xls,01SC
B0201SC,16,290,District - South Tripura  (02),Urban,60+,Non-workers_Total_Females,1045,DDW-1600B-01SC-Census.xls,01SC
B0201SC,16,290,District - South Tripura  (02),Urban,Age not stated,Non-workers_Total_Females,8,DDW-1600B-01SC-Census.xls,01SC
B0201SC,16,290,District - South Tripura  (02),Urban,15-59,Non-workers_Total_Females,7849,DDW-1600B-01SC-Census.xls,01SC
B0201SC,16,291,District - Dhalai (03),Total,Total,Non-workers_Total_Females,24157,DDW-1600B-01SC-Census.xls,01SC
B0201SC,16,291,District - Dhalai (03),Total,5-14,Non-workers_Total_Females,5751,DDW-1600B-01SC-Census.xls,01SC
B0201SC,16,291,District - Dhalai (03),Total,15-34,Non-workers_Total_Females,9149,DDW-1600B-01SC-Census.xls,01SC
B0201SC,16,291,District - Dhalai (03),Total,35-59,Non-workers_Total_Females,4465,DDW-1600B-01SC-Census.xls,01SC
B0201SC,16,291,District - Dhalai (03),Total,60+,Non-workers_Total_Females,1962,DDW-1600B-01SC-Census.xls,01SC
B0201SC,16,291,District - Dhalai (03),Total,Age not stated,Non-workers_Total_Females,7,DDW-1600B-01SC-Census.xls,01SC
B0201SC,16,291,District - Dhalai (03),Total,15-59,Non-workers_Total_Females,13614,DDW-1600B-01SC-Census.xls,01SC
B0201SC,16,291,District - Dhalai (03),Rural,Total,Non-workers_Total_Females,19357,DDW-1600B-01SC-Census.xls,01SC
B0201SC,16,291,District - Dhalai (03),Rural,5-14,Non-workers_Total_Females,4783,DDW-1600B-01SC-Census.xls,01SC
B0201SC,16,291,District - Dhalai (03),Rural,15-34,Non-workers_Total_Females,7187,DDW-1600B-01SC-Census.xls,01SC
B0201SC,16,291,District - Dhalai (03),Rural,35-59,Non-workers_Total_Females,3418,DDW-1600B-01SC-Census.xls,01SC
B0201SC,16,291,District - Dhalai (03),Rural,60+,Non-workers_Total_Females,1608,DDW-1600B-01SC-Census.xls,01SC
B0201SC,16,291,District - Dhalai (03),Rural,Age not stated,Non-workers_Total_Females,6,DDW-1600B-01SC-Census.xls,01SC
B0201SC,16,291,District - Dhalai (03),Rural,15-59,Non-workers_Total_Females,10605,DDW-1600B-01SC-Census.xls,01SC
B0201SC,16,291,District - Dhalai (03),Urban,Total,Non-workers_Total_Females,4800,DDW-1600B-01SC-Census.xls,01SC
B0201SC,16,291,District - Dhalai (03),Urban,5-14,Non-workers_Total_Females,968,DDW-1600B-01SC-Census.xls,01SC
B0201SC,16,291,District - Dhalai (03),Urban,15-34,Non-workers_Total_Females,1962,DDW-1600B-01SC-Census.xls,01SC
B0201SC,16,291,District - Dhalai (03),Urban,35-59,Non-workers_Total_Females,1047,DDW-1600B-01SC-Census.xls,01SC
B0201SC,16,291,District - Dhalai (03),Urban,60+,Non-workers_Total_Females,354,DDW-1600B-01SC-Census.xls,01SC
B0201SC,16,291,District - Dhalai (03),Urban,Age not stated,Non-workers_Total_Females,1,DDW-1600B-01SC-Census.xls,01SC
B0201SC,16,291,District - Dhalai (03),Urban,15-59,Non-workers_Total_Females,3009,DDW-1600B-01SC-Census.xls,01SC
B0201SC,16,292,District - North Tripura (04),Total,Total,Non-workers_Total_Females,48570,DDW-1600B-01SC-Census.xls,01SC
B0201SC,16,292,District - North Tripura (04),Total,5-14,Non-workers_Total_Females,11184,DDW-1600B-01SC-Census.xls,01SC
B0201SC,16,292,District - North Tripura (04),Total,15-34,Non-workers_Total_Females,17913,DDW-1600B-01SC-Census.xls,01SC
B0201SC,16,292,District - North Tripura (04),Total,35-59,Non-workers_Total_Females,10400,DDW-1600B-01SC-Census.xls,01SC
B0201SC,16,292,District - North Tripura (04),Total,60+,Non-workers_Total_Females,3683,DDW-1600B-01SC-Census.xls,01SC
B0201SC,16,292,District - North Tripura (04),Total,Age not stated,Non-workers_Total_Females,6,DDW-1600B-01SC-Census.xls,01SC
B0201SC,16,292,District - North Tripura (04),Total,15-59,Non-workers_Total_Females,28313,DDW-1600B-01SC-Census.xls,01SC
B0201SC,16,292,District - North Tripura (04),Rural,Total,Non-workers_Total_Females,37708,DDW-1600B-01SC-Census.xls,01SC
B0201SC,16,292,District - North Tripura (04),Rural,5-14,Non-workers_Total_Females,8950,DDW-1600B-01SC-Census.xls,01SC
B0201SC,16,292,District - North Tripura (04),Rural,15-34,Non-workers_Total_Females,13794,DDW-1600B-01SC-Census.xls,01SC
B0201SC,16,292,District - North Tripura (04),Rural,35-59,Non-workers_Total_Females,7754,DDW-1600B-01SC-Census.xls,01SC
B0201SC,16,292,District - North Tripura (04),Rural,60+,Non-workers_Total_Females,2825,DDW-1600B-01SC-Census.xls,01SC
B0201SC,16,292,District - North Tripura (04),Rural,Age not stated,Non-workers_Total_Females,5,DDW-1600B-01SC-Census.xls,01SC
B0201SC,16,292,District - North Tripura (04),Rural,15-59,Non-workers_Total_Females,21548,DDW-1600B-01SC-Census.xls,01SC
B0201SC,16,292,District - North Tripura (04),Urban,Total,Non-workers_Total_Females,10862,DDW-1600B-01SC-Census.xls,01SC
B0201SC,16,292,District - North Tripura (04),Urban,5-14,Non-workers_Total_Females,2234,DDW-1600B-01SC-Census.xls,01SC
B0201SC,16,292,District - North Tripura (04),Urban,15-34,Non-workers_Total_Females,4119,DDW-1600B-01SC-Census.xls,01SC
B0201SC,16,292,District - North Tripura (04),Urban,35-59,Non-workers_Total_Females,2646,DDW-1600B-01SC-Census.xls,01SC
B0201SC,16,292,District - North Tripura (04),Urban,60+,Non-workers_Total_Females,858,DDW-1600B-01SC-Census.xls,01SC
B0201SC,16,292,District - North Tripura (04),Urban,Age not stated,Non-workers_Total_Females,1,DDW-1600B-01SC-Census.xls,01SC
B0201SC,16,292,District - North Tripura (04),Urban,15-59,Non-workers_Total_Females,6765,DDW-1600B-01SC-Census.xls,01SC
B0201SC,16,000,State - TRIPURA (16),Total,Total,Non-workers_Seeking/availabe for work_Persons,101558,DDW-1600B-01SC-Census.xls,01SC
B0201SC,16,000,State - TRIPURA (16),Total,5-14,Non-workers_Seeking/availabe for work_Persons,3503,DDW-1600B-01SC-Census.xls,01SC
B0201SC,16,000,State - TRIPURA (16),Total,15-34,Non-workers_Seeking/availabe for work_Persons,74177,DDW-1600B-01SC-Census.xls,01SC
B0201SC,16,000,State - TRIPURA (16),Total,35-59,Non-workers_Seeking/availabe for work_Persons,21709,DDW-1600B-01SC-Census.xls,01SC
B0201SC,16,000,State - TRIPURA (16),Total,60+,Non-workers_Seeking/availabe for work_Persons,2147,DDW-1600B-01SC-Census.xls,01SC
B0201SC,16,000,State - TRIPURA (16),Total,Age not stated,Non-workers_Seeking/availabe for work_Persons,22,DDW-1600B-01SC-Census.xls,01SC
B0201SC,16,000,State - TRIPURA (16),Total,15-59,Non-workers_Seeking/availabe for work_Persons,95886,DDW-1600B-01SC-Census.xls,01SC
B0201SC,16,000,State - TRIPURA (16),Rural,Total,Non-workers_Seeking/availabe for work_Persons,61564,DDW-1600B-01SC-Census.xls,01SC
B0201SC,16,000,State - TRIPURA (16),Rural,5-14,Non-workers_Seeking/availabe for work_Persons,2260,DDW-1600B-01SC-Census.xls,01SC
B0201SC,16,000,State - TRIPURA (16),Rural,15-34,Non-workers_Seeking/availabe for work_Persons,44979,DDW-1600B-01SC-Census.xls,01SC
B0201SC,16,000,State - TRIPURA (16),Rural,35-59,Non-workers_Seeking/availabe for work_Persons,12959,DDW-1600B-01SC-Census.xls,01SC
B0201SC,16,000,State - TRIPURA (16),Rural,60+,Non-workers_Seeking/availabe for work_Persons,1355,DDW-1600B-01SC-Census.xls,01SC
B0201SC,16,000,State - TRIPURA (16),Rural,Age not stated,Non-workers_Seeking/availabe for work_Persons,11,DDW-1600B-01SC-Census.xls,01SC
B0201SC,16,000,State - TRIPURA (16),Rural,15-59,Non-workers_Seeking/availabe for work_Persons,57938,DDW-1600B-01SC-Census.xls,01SC
B0201SC,16,000,State - TRIPURA (16),Urban,Total,Non-workers_Seeking/availabe for work_Persons,39994,DDW-1600B-01SC-Census.xls,01SC
B0201SC,16,000,State - TRIPURA (16),Urban,5-14,Non-workers_Seeking/availabe for work_Persons,1243,DDW-1600B-01SC-Census.xls,01SC
B0201SC,16,000,State - TRIPURA (16),Urban,15-34,Non-workers_Seeking/availabe for work_Persons,29198,DDW-1600B-01SC-Census.xls,01SC
B0201SC,16,000,State - TRIPURA (16),Urban,35-59,Non-workers_Seeking/availabe for work_Persons,8750,DDW-1600B-01SC-Census.xls,01SC
B0201SC,16,000,State - TRIPURA (16),Urban,60+,Non-workers_Seeking/availabe for work_Persons,792,DDW-1600B-01SC-Census.xls,01SC
B0201SC,16,000,State - TRIPURA (16),Urban,Age not stated,Non-workers_Seeking/availabe for work_Persons,11,DDW-1600B-01SC-Census.xls,01SC
B0201SC,16,000,State - TRIPURA (16),Urban,15-59,Non-workers_Seeking/availabe for work_Persons,37948,DDW-1600B-01SC-Census.xls,01SC
B0201SC,16,289,District - West Tripura  (01),Total,Total,Non-workers_Seeking/availabe for work_Persons,57007,DDW-1600B-01SC-Census.xls,01SC
B0201SC,16,289,District - West Tripura  (01),Total,5-14,Non-workers_Seeking/availabe for work_Persons,1990,DDW-1600B-01SC-Census.xls,01SC
B0201SC,16,289,District - West Tripura  (01),Total,15-34,Non-workers_Seeking/availabe for work_Persons,41283,DDW-1600B-01SC-Census.xls,01SC
B0201SC,16,289,District - West Tripura  (01),Total,35-59,Non-workers_Seeking/availabe for work_Persons,12432,DDW-1600B-01SC-Census.xls,01SC
B0201SC,16,289,District - West Tripura  (01),Total,60+,Non-workers_Seeking/availabe for work_Persons,1288,DDW-1600B-01SC-Census.xls,01SC
B0201SC,16,289,District - West Tripura  (01),Total,Age not stated,Non-workers_Seeking/availabe for work_Persons,14,DDW-1600B-01SC-Census.xls,01SC
B0201SC,16,289,District - West Tripura  (01),Total,15-59,Non-workers_Seeking/availabe for work_Persons,53715,DDW-1600B-01SC-Census.xls,01SC
B0201SC,16,289,District - West Tripura  (01),Rural,Total,Non-workers_Seeking/availabe for work_Persons,28899,DDW-1600B-01SC-Census.xls,01SC
B0201SC,16,289,District - West Tripura  (01),Rural,5-14,Non-workers_Seeking/availabe for work_Persons,1062,DDW-1600B-01SC-Census.xls,01SC
B0201SC,16,289,District - West Tripura  (01),Rural,15-34,Non-workers_Seeking/availabe for work_Persons,20703,DDW-1600B-01SC-Census.xls,01SC
B0201SC,16,289,District - West Tripura  (01),Rural,35-59,Non-workers_Seeking/availabe for work_Persons,6400,DDW-1600B-01SC-Census.xls,01SC
B0201SC,16,289,District - West Tripura  (01),Rural,60+,Non-workers_Seeking/availabe for work_Persons,730,DDW-1600B-01SC-Census.xls,01SC
B0201SC,16,289,District - West Tripura  (01),Rural,Age not stated,Non-workers_Seeking/availabe for work_Persons,4,DDW-1600B-01SC-Census.xls,01SC
B0201SC,16,289,District - West Tripura  (01),Rural,15-59,Non-workers_Seeking/availabe for work_Persons,27103,DDW-1600B-01SC-Census.xls,01SC
B0201SC,16,289,District - West Tripura  (01),Urban,Total,Non-workers_Seeking/availabe for work_Persons,28108,DDW-1600B-01SC-Census.xls,01SC
B0201SC,16,289,District - West Tripura  (01),Urban,5-14,Non-workers_Seeking/availabe for work_Persons,928,DDW-1600B-01SC-Census.xls,01SC
B0201SC,16,289,District - West Tripura  (01),Urban,15-34,Non-workers_Seeking/availabe for work_Persons,20580,DDW-1600B-01SC-Census.xls,01SC
B0201SC,16,289,District - West Tripura  (01),Urban,35-59,Non-workers_Seeking/availabe for work_Persons,6032,DDW-1600B-01SC-Census.xls,01SC
B0201SC,16,289,District - West Tripura  (01),Urban,60+,Non-workers_Seeking/availabe for work_Persons,558,DDW-1600B-01SC-Census.xls,01SC
B0201SC,16,289,District - West Tripura  (01),Urban,Age not stated,Non-workers_Seeking/availabe for work_Persons,10,DDW-1600B-01SC-Census.xls,01SC
B0201SC,16,289,District - West Tripura  (01),Urban,15-59,Non-workers_Seeking/availabe for work_Persons,26612,DDW-1600B-01SC-Census.xls,01SC
B0201SC,16,290,District - South Tripura  (02),Total,Total,Non-workers_Seeking/availabe for work_Persons,19484,DDW-1600B-01SC-Census.xls,01SC
B0201SC,16,290,District - South Tripura  (02),Total,5-14,Non-workers_Seeking/availabe for work_Persons,517,DDW-1600B-01SC-Census.xls,01SC
B0201SC,16,290,District - South Tripura  (02),Total,15-34,Non-workers_Seeking/availabe for work_Persons,14631,DDW-1600B-01SC-Census.xls,01SC
B0201SC,16,290,District - South Tripura  (02),Total,35-59,Non-workers_Seeking/availabe for work_Persons,3974,DDW-1600B-01SC-Census.xls,01SC
B0201SC,16,290,District - South Tripura  (02),Total,60+,Non-workers_Seeking/availabe for work_Persons,356,DDW-1600B-01SC-Census.xls,01SC
B0201SC,16,290,District - South Tripura  (02),Total,Age not stated,Non-workers_Seeking/availabe for work_Persons,6,DDW-1600B-01SC-Census.xls,01SC
B0201SC,16,290,District - South Tripura  (02),Total,15-59,Non-workers_Seeking/availabe for work_Persons,18605,DDW-1600B-01SC-Census.xls,01SC
B0201SC,16,290,District - South Tripura  (02),Rural,Total,Non-workers_Seeking/availabe for work_Persons,14032,DDW-1600B-01SC-Census.xls,01SC
B0201SC,16,290,District - South Tripura  (02),Rural,5-14,Non-workers_Seeking/availabe for work_Persons,394,DDW-1600B-01SC-Census.xls,01SC
B0201SC,16,290,District - South Tripura  (02),Rural,15-34,Non-workers_Seeking/availabe for work_Persons,10667,DDW-1600B-01SC-Census.xls,01SC
B0201SC,16,290,District - South Tripura  (02),Rural,35-59,Non-workers_Seeking/availabe for work_Persons,2724,DDW-1600B-01SC-Census.xls,01SC
B0201SC,16,290,District - South Tripura  (02),Rural,60+,Non-workers_Seeking/availabe for work_Persons,242,DDW-1600B-01SC-Census.xls,01SC
B0201SC,16,290,District - South Tripura  (02),Rural,Age not stated,Non-workers_Seeking/availabe for work_Persons,5,DDW-1600B-01SC-Census.xls,01SC
B0201SC,16,290,District - South Tripura  (02),Rural,15-59,Non-workers_Seeking/availabe for work_Persons,13391,DDW-1600B-01SC-Census.xls,01SC
B0201SC,16,290,District - South Tripura  (02),Urban,Total,Non-workers_Seeking/availabe for work_Persons,5452,DDW-1600B-01SC-Census.xls,01SC
B0201SC,16,290,District - South Tripura  (02),Urban,5-14,Non-workers_Seeking/availabe for work_Persons,123,DDW-1600B-01SC-Census.xls,01SC
B0201SC,16,290,District - South Tripura  (02),Urban,15-34,Non-workers_Seeking/availabe for work_Persons,3964,DDW-1600B-01SC-Census.xls,01SC
B0201SC,16,290,District - South Tripura  (02),Urban,35-59,Non-workers_Seeking/availabe for work_Persons,1250,DDW-1600B-01SC-Census.xls,01SC
B0201SC,16,290,District - South Tripura  (02),Urban,60+,Non-workers_Seeking/availabe for work_Persons,114,DDW-1600B-01SC-Census.xls,01SC
B0201SC,16,290,District - South Tripura  (02),Urban,Age not stated,Non-workers_Seeking/availabe for work_Persons,1,DDW-1600B-01SC-Census.xls,01SC
B0201SC,16,290,District - South Tripura  (02),Urban,15-59,Non-workers_Seeking/availabe for work_Persons,5214,DDW-1600B-01SC-Census.xls,01SC
B0201SC,16,291,District - Dhalai (03),Total,Total,Non-workers_Seeking/availabe for work_Persons,8533,DDW-1600B-01SC-Census.xls,01SC
B0201SC,16,291,District - Dhalai (03),Total,5-14,Non-workers_Seeking/availabe for work_Persons,373,DDW-1600B-01SC-Census.xls,01SC
B0201SC,16,291,District - Dhalai (03),Total,15-34,Non-workers_Seeking/availabe for work_Persons,6326,DDW-1600B-01SC-Census.xls,01SC
B0201SC,16,291,District - Dhalai (03),Total,35-59,Non-workers_Seeking/availabe for work_Persons,1669,DDW-1600B-01SC-Census.xls,01SC
B0201SC,16,291,District - Dhalai (03),Total,60+,Non-workers_Seeking/availabe for work_Persons,163,DDW-1600B-01SC-Census.xls,01SC
B0201SC,16,291,District - Dhalai (03),Total,Age not stated,Non-workers_Seeking/availabe for work_Persons,2,DDW-1600B-01SC-Census.xls,01SC
B0201SC,16,291,District - Dhalai (03),Total,15-59,Non-workers_Seeking/availabe for work_Persons,7995,DDW-1600B-01SC-Census.xls,01SC
B0201SC,16,291,District - Dhalai (03),Rural,Total,Non-workers_Seeking/availabe for work_Persons,6628,DDW-1600B-01SC-Census.xls,01SC
B0201SC,16,291,District - Dhalai (03),Rural,5-14,Non-workers_Seeking/availabe for work_Persons,321,DDW-1600B-01SC-Census.xls,01SC
B0201SC,16,291,District - Dhalai (03),Rural,15-34,Non-workers_Seeking/availabe for work_Persons,4942,DDW-1600B-01SC-Census.xls,01SC
B0201SC,16,291,District - Dhalai (03),Rural,35-59,Non-workers_Seeking/availabe for work_Persons,1238,DDW-1600B-01SC-Census.xls,01SC
B0201SC,16,291,District - Dhalai (03),Rural,60+,Non-workers_Seeking/availabe for work_Persons,125,DDW-1600B-01SC-Census.xls,01SC
B0201SC,16,291,District - Dhalai (03),Rural,Age not stated,Non-workers_Seeking/availabe for work_Persons,2,DDW-1600B-01SC-Census.xls,01SC
B0201SC,16,291,District - Dhalai (03),Rural,15-59,Non-workers_Seeking/availabe for work_Persons,6180,DDW-1600B-01SC-Census.xls,01SC
B0201SC,16,291,District - Dhalai (03),Urban,Total,Non-workers_Seeking/availabe for work_Persons,1905,DDW-1600B-01SC-Census.xls,01SC
B0201SC,16,291,District - Dhalai (03),Urban,5-14,Non-workers_Seeking/availabe for work_Persons,52,DDW-1600B-01SC-Census.xls,01SC
B0201SC,16,291,District - Dhalai (03),Urban,15-34,Non-workers_Seeking/availabe for work_Persons,1384,DDW-1600B-01SC-Census.xls,01SC
B0201SC,16,291,District - Dhalai (03),Urban,35-59,Non-workers_Seeking/availabe for work_Persons,431,DDW-1600B-01SC-Census.xls,01SC
B0201SC,16,291,District - Dhalai (03),Urban,60+,Non-workers_Seeking/availabe for work_Persons,38,DDW-1600B-01SC-Census.xls,01SC
B0201SC,16,291,District - Dhalai (03),Urban,Age not stated,Non-workers_Seeking/availabe for work_Persons,0,DDW-1600B-01SC-Census.xls,01SC
B0201SC,16,291,District - Dhalai (03),Urban,15-59,Non-workers_Seeking/availabe for work_Persons,1815,DDW-1600B-01SC-Census.xls,01SC
B0201SC,16,292,District - North Tripura (04),Total,Total,Non-workers_Seeking/availabe for work_Persons,16534,DDW-1600B-01SC-Census.xls,01SC
B0201SC,16,292,District - North Tripura (04),Total,5-14,Non-workers_Seeking/availabe for work_Persons,623,DDW-1600B-01SC-Census.xls,01SC
B0201SC,16,292,District - North Tripura (04),Total,15-34,Non-workers_Seeking/availabe for work_Persons,11937,DDW-1600B-01SC-Census.xls,01SC
B0201SC,16,292,District - North Tripura (04),Total,35-59,Non-workers_Seeking/availabe for work_Persons,3634,DDW-1600B-01SC-Census.xls,01SC
B0201SC,16,292,District - North Tripura (04),Total,60+,Non-workers_Seeking/availabe for work_Persons,340,DDW-1600B-01SC-Census.xls,01SC
B0201SC,16,292,District - North Tripura (04),Total,Age not stated,Non-workers_Seeking/availabe for work_Persons,0,DDW-1600B-01SC-Census.xls,01SC
B0201SC,16,292,District - North Tripura (04),Total,15-59,Non-workers_Seeking/availabe for work_Persons,15571,DDW-1600B-01SC-Census.xls,01SC
B0201SC,16,292,District - North Tripura (04),Rural,Total,Non-workers_Seeking/availabe for work_Persons,12005,DDW-1600B-01SC-Census.xls,01SC
B0201SC,16,292,District - North Tripura (04),Rural,5-14,Non-workers_Seeking/availabe for work_Persons,483,DDW-1600B-01SC-Census.xls,01SC
B0201SC,16,292,District - North Tripura (04),Rural,15-34,Non-workers_Seeking/availabe for work_Persons,8667,DDW-1600B-01SC-Census.xls,01SC
B0201SC,16,292,District - North Tripura (04),Rural,35-59,Non-workers_Seeking/availabe for work_Persons,2597,DDW-1600B-01SC-Census.xls,01SC
B0201SC,16,292,District - North Tripura (04),Rural,60+,Non-workers_Seeking/availabe for work_Persons,258,DDW-1600B-01SC-Census.xls,01SC
B0201SC,16,292,District - North Tripura (04),Rural,Age not stated,Non-workers_Seeking/availabe for work_Persons,0,DDW-1600B-01SC-Census.xls,01SC
B0201SC,16,292,District - North Tripura (04),Rural,15-59,Non-workers_Seeking/availabe for work_Persons,11264,DDW-1600B-01SC-Census.xls,01SC
B0201SC,16,292,District - North Tripura (04),Urban,Total,Non-workers_Seeking/availabe for work_Persons,4529,DDW-1600B-01SC-Census.xls,01SC
B0201SC,16,292,District - North Tripura (04),Urban,5-14,Non-workers_Seeking/availabe for work_Persons,140,DDW-1600B-01SC-Census.xls,01SC
B0201SC,16,292,District - North Tripura (04),Urban,15-34,Non-workers_Seeking/availabe for work_Persons,3270,DDW-1600B-01SC-Census.xls,01SC
B0201SC,16,292,District - North Tripura (04),Urban,35-59,Non-workers_Seeking/availabe for work_Persons,1037,DDW-1600B-01SC-Census.xls,01SC
B0201SC,16,292,District - North Tripura (04),Urban,60+,Non-workers_Seeking/availabe for work_Persons,82,DDW-1600B-01SC-Census.xls,01SC
B0201SC,16,292,District - North Tripura (04),Urban,Age not stated,Non-workers_Seeking/availabe for work_Persons,0,DDW-1600B-01SC-Census.xls,01SC
B0201SC,16,292,District - North Tripura (04),Urban,15-59,Non-workers_Seeking/availabe for work_Persons,4307,DDW-1600B-01SC-Census.xls,01SC
B0201SC,16,000,State - TRIPURA (16),Total,Total,Non-workers_Seeking/availabe for work_Males,24705,DDW-1600B-01SC-Census.xls,01SC
B0201SC,16,000,State - TRIPURA (16),Total,5-14,Non-workers_Seeking/availabe for work_Males,1747,DDW-1600B-01SC-Census.xls,01SC
B0201SC,16,000,State - TRIPURA (16),Total,15-34,Non-workers_Seeking/availabe for work_Males,21165,DDW-1600B-01SC-Census.xls,01SC
B0201SC,16,000,State - TRIPURA (16),Total,35-59,Non-workers_Seeking/availabe for work_Males,1193,DDW-1600B-01SC-Census.xls,01SC
B0201SC,16,000,State - TRIPURA (16),Total,60+,Non-workers_Seeking/availabe for work_Males,593,DDW-1600B-01SC-Census.xls,01SC
B0201SC,16,000,State - TRIPURA (16),Total,Age not stated,Non-workers_Seeking/availabe for work_Males,7,DDW-1600B-01SC-Census.xls,01SC
B0201SC,16,000,State - TRIPURA (16),Total,15-59,Non-workers_Seeking/availabe for work_Males,22358,DDW-1600B-01SC-Census.xls,01SC
B0201SC,16,000,State - TRIPURA (16),Rural,Total,Non-workers_Seeking/availabe for work_Males,14789,DDW-1600B-01SC-Census.xls,01SC
B0201SC,16,000,State - TRIPURA (16),Rural,5-14,Non-workers_Seeking/availabe for work_Males,1121,DDW-1600B-01SC-Census.xls,01SC
B0201SC,16,000,State - TRIPURA (16),Rural,15-34,Non-workers_Seeking/availabe for work_Males,12759,DDW-1600B-01SC-Census.xls,01SC
B0201SC,16,000,State - TRIPURA (16),Rural,35-59,Non-workers_Seeking/availabe for work_Males,572,DDW-1600B-01SC-Census.xls,01SC
B0201SC,16,000,State - TRIPURA (16),Rural,60+,Non-workers_Seeking/availabe for work_Males,335,DDW-1600B-01SC-Census.xls,01SC
B0201SC,16,000,State - TRIPURA (16),Rural,Age not stated,Non-workers_Seeking/availabe for work_Males,2,DDW-1600B-01SC-Census.xls,01SC
B0201SC,16,000,State - TRIPURA (16),Rural,15-59,Non-workers_Seeking/availabe for work_Males,13331,DDW-1600B-01SC-Census.xls,01SC
B0201SC,16,000,State - TRIPURA (16),Urban,Total,Non-workers_Seeking/availabe for work_Males,9916,DDW-1600B-01SC-Census.xls,01SC
B0201SC,16,000,State - TRIPURA (16),Urban,5-14,Non-workers_Seeking/availabe for work_Males,626,DDW-1600B-01SC-Census.xls,01SC
B0201SC,16,000,State - TRIPURA (16),Urban,15-34,Non-workers_Seeking/availabe for work_Males,8406,DDW-1600B-01SC-Census.xls,01SC
B0201SC,16,000,State - TRIPURA (16),Urban,35-59,Non-workers_Seeking/availabe for work_Males,621,DDW-1600B-01SC-Census.xls,01SC
B0201SC,16,000,State - TRIPURA (16),Urban,60+,Non-workers_Seeking/availabe for work_Males,258,DDW-1600B-01SC-Census.xls,01SC
B0201SC,16,000,State - TRIPURA (16),Urban,Age not stated,Non-workers_Seeking/availabe for work_Males,5,DDW-1600B-01SC-Census.xls,01SC
B0201SC,16,000,State - TRIPURA (16),Urban,15-59,Non-workers_Seeking/availabe for work_Males,9027,DDW-1600B-01SC-Census.xls,01SC
B0201SC,16,289,District - West Tripura  (01),Total,Total,Non-workers_Seeking/availabe for work_Males,14021,DDW-1600B-01SC-Census.xls,01SC
B0201SC,16,289,District - West Tripura  (01),Total,5-14,Non-workers_Seeking/availabe for work_Males,1012,DDW-1600B-01SC-Census.xls,01SC
B0201SC,16,289,District - West Tripura  (01),Total,15-34,Non-workers_Seeking/availabe for work_Males,11921,DDW-1600B-01SC-Census.xls,01SC
B0201SC,16,289,District - West Tripura  (01),Total,35-59,Non-workers_Seeking/availabe for work_Males,739,DDW-1600B-01SC-Census.xls,01SC
B0201SC,16,289,District - West Tripura  (01),Total,60+,Non-workers_Seeking/availabe for work_Males,343,DDW-1600B-01SC-Census.xls,01SC
B0201SC,16,289,District - West Tripura  (01),Total,Age not stated,Non-workers_Seeking/availabe for work_Males,6,DDW-1600B-01SC-Census.xls,01SC
B0201SC,16,289,District - West Tripura  (01),Total,15-59,Non-workers_Seeking/availabe for work_Males,12660,DDW-1600B-01SC-Census.xls,01SC
B0201SC,16,289,District - West Tripura  (01),Rural,Total,Non-workers_Seeking/availabe for work_Males,7106,DDW-1600B-01SC-Census.xls,01SC
B0201SC,16,289,District - West Tripura  (01),Rural,5-14,Non-workers_Seeking/availabe for work_Males,546,DDW-1600B-01SC-Census.xls,01SC
B0201SC,16,289,District - West Tripura  (01),Rural,15-34,Non-workers_Seeking/availabe for work_Males,6068,DDW-1600B-01SC-Census.xls,01SC
B0201SC,16,289,District - West Tripura  (01),Rural,35-59,Non-workers_Seeking/availabe for work_Males,312,DDW-1600B-01SC-Census.xls,01SC
B0201SC,16,289,District - West Tripura  (01),Rural,60+,Non-workers_Seeking/availabe for work_Males,179,DDW-1600B-01SC-Census.xls,01SC
B0201SC,16,289,District - West Tripura  (01),Rural,Age not stated,Non-workers_Seeking/availabe for work_Males,1,DDW-1600B-01SC-Census.xls,01SC
B0201SC,16,289,District - West Tripura  (01),Rural,15-59,Non-workers_Seeking/availabe for work_Males,6380,DDW-1600B-01SC-Census.xls,01SC
B0201SC,16,289,District - West Tripura  (01),Urban,Total,Non-workers_Seeking/availabe for work_Males,6915,DDW-1600B-01SC-Census.xls,01SC
B0201SC,16,289,District - West Tripura  (01),Urban,5-14,Non-workers_Seeking/availabe for work_Males,466,DDW-1600B-01SC-Census.xls,01SC
B0201SC,16,289,District - West Tripura  (01),Urban,15-34,Non-workers_Seeking/availabe for work_Males,5853,DDW-1600B-01SC-Census.xls,01SC
B0201SC,16,289,District - West Tripura  (01),Urban,35-59,Non-workers_Seeking/availabe for work_Males,427,DDW-1600B-01SC-Census.xls,01SC
B0201SC,16,289,District - West Tripura  (01),Urban,60+,Non-workers_Seeking/availabe for work_Males,164,DDW-1600B-01SC-Census.xls,01SC
B0201SC,16,289,District - West Tripura  (01),Urban,Age not stated,Non-workers_Seeking/availabe for work_Males,5,DDW-1600B-01SC-Census.xls,01SC
B0201SC,16,289,District - West Tripura  (01),Urban,15-59,Non-workers_Seeking/availabe for work_Males,6280,DDW-1600B-01SC-Census.xls,01SC
B0201SC,16,290,District - South Tripura  (02),Total,Total,Non-workers_Seeking/availabe for work_Males,4746,DDW-1600B-01SC-Census.xls,01SC
B0201SC,16,290,District - South Tripura  (02),Total,5-14,Non-workers_Seeking/availabe for work_Males,251,DDW-1600B-01SC-Census.xls,01SC
B0201SC,16,290,District - South Tripura  (02),Total,15-34,Non-workers_Seeking/availabe for work_Males,4210,DDW-1600B-01SC-Census.xls,01SC
B0201SC,16,290,District - South Tripura  (02),Total,35-59,Non-workers_Seeking/availabe for work_Males,175,DDW-1600B-01SC-Census.xls,01SC
B0201SC,16,290,District - South Tripura  (02),Total,60+,Non-workers_Seeking/availabe for work_Males,110,DDW-1600B-01SC-Census.xls,01SC
B0201SC,16,290,District - South Tripura  (02),Total,Age not stated,Non-workers_Seeking/availabe for work_Males,0,DDW-1600B-01SC-Census.xls,01SC
B0201SC,16,290,District - South Tripura  (02),Total,15-59,Non-workers_Seeking/availabe for work_Males,4385,DDW-1600B-01SC-Census.xls,01SC
B0201SC,16,290,District - South Tripura  (02),Rural,Total,Non-workers_Seeking/availabe for work_Males,3353,DDW-1600B-01SC-Census.xls,01SC
B0201SC,16,290,District - South Tripura  (02),Rural,5-14,Non-workers_Seeking/availabe for work_Males,189,DDW-1600B-01SC-Census.xls,01SC
B0201SC,16,290,District - South Tripura  (02),Rural,15-34,Non-workers_Seeking/availabe for work_Males,3006,DDW-1600B-01SC-Census.xls,01SC
B0201SC,16,290,District - South Tripura  (02),Rural,35-59,Non-workers_Seeking/availabe for work_Males,98,DDW-1600B-01SC-Census.xls,01SC
B0201SC,16,290,District - South Tripura  (02),Rural,60+,Non-workers_Seeking/availabe for work_Males,60,DDW-1600B-01SC-Census.xls,01SC
B0201SC,16,290,District - South Tripura  (02),Rural,Age not stated,Non-workers_Seeking/availabe for work_Males,0,DDW-1600B-01SC-Census.xls,01SC
B0201SC,16,290,District - South Tripura  (02),Rural,15-59,Non-workers_Seeking/availabe for work_Males,3104,DDW-1600B-01SC-Census.xls,01SC
B0201SC,16,290,District - South Tripura  (02),Urban,Total,Non-workers_Seeking/availabe for work_Males,1393,DDW-1600B-01SC-Census.xls,01SC
B0201SC,16,290,District - South Tripura  (02),Urban,5-14,Non-workers_Seeking/availabe for work_Males,62,DDW-1600B-01SC-Census.xls,01SC
B0201SC,16,290,District - South Tripura  (02),Urban,15-34,Non-workers_Seeking/availabe for work_Males,1204,DDW-1600B-01SC-Census.xls,01SC
B0201SC,16,290,District - South Tripura  (02),Urban,35-59,Non-workers_Seeking/availabe for work_Males,77,DDW-1600B-01SC-Census.xls,01SC
B0201SC,16,290,District - South Tripura  (02),Urban,60+,Non-workers_Seeking/availabe for work_Males,50,DDW-1600B-01SC-Census.xls,01SC
B0201SC,16,290,District - South Tripura  (02),Urban,Age not stated,Non-workers_Seeking/availabe for work_Males,0,DDW-1600B-01SC-Census.xls,01SC
B0201SC,16,290,District - South Tripura  (02),Urban,15-59,Non-workers_Seeking/availabe for work_Males,1281,DDW-1600B-01SC-Census.xls,01SC
B0201SC,16,291,District - Dhalai (03),Total,Total,Non-workers_Seeking/availabe for work_Males,2103,DDW-1600B-01SC-Census.xls,01SC
B0201SC,16,291,District - Dhalai (03),Total,5-14,Non-workers_Seeking/availabe for work_Males,185,DDW-1600B-01SC-Census.xls,01SC
B0201SC,16,291,District - Dhalai (03),Total,15-34,Non-workers_Seeking/availabe for work_Males,1784,DDW-1600B-01SC-Census.xls,01SC
B0201SC,16,291,District - Dhalai (03),Total,35-59,Non-workers_Seeking/availabe for work_Males,87,DDW-1600B-01SC-Census.xls,01SC
B0201SC,16,291,District - Dhalai (03),Total,60+,Non-workers_Seeking/availabe for work_Males,46,DDW-1600B-01SC-Census.xls,01SC
B0201SC,16,291,District - Dhalai (03),Total,Age not stated,Non-workers_Seeking/availabe for work_Males,1,DDW-1600B-01SC-Census.xls,01SC
B0201SC,16,291,District - Dhalai (03),Total,15-59,Non-workers_Seeking/availabe for work_Males,1871,DDW-1600B-01SC-Census.xls,01SC
B0201SC,16,291,District - Dhalai (03),Rural,Total,Non-workers_Seeking/availabe for work_Males,1645,DDW-1600B-01SC-Census.xls,01SC
B0201SC,16,291,District - Dhalai (03),Rural,5-14,Non-workers_Seeking/availabe for work_Males,159,DDW-1600B-01SC-Census.xls,01SC
B0201SC,16,291,District - Dhalai (03),Rural,15-34,Non-workers_Seeking/availabe for work_Males,1399,DDW-1600B-01SC-Census.xls,01SC
B0201SC,16,291,District - Dhalai (03),Rural,35-59,Non-workers_Seeking/availabe for work_Males,52,DDW-1600B-01SC-Census.xls,01SC
B0201SC,16,291,District - Dhalai (03),Rural,60+,Non-workers_Seeking/availabe for work_Males,34,DDW-1600B-01SC-Census.xls,01SC
B0201SC,16,291,District - Dhalai (03),Rural,Age not stated,Non-workers_Seeking/availabe for work_Males,1,DDW-1600B-01SC-Census.xls,01SC
B0201SC,16,291,District - Dhalai (03),Rural,15-59,Non-workers_Seeking/availabe for work_Males,1451,DDW-1600B-01SC-Census.xls,01SC
B0201SC,16,291,District - Dhalai (03),Urban,Total,Non-workers_Seeking/availabe for work_Males,458,DDW-1600B-01SC-Census.xls,01SC
B0201SC,16,291,District - Dhalai (03),Urban,5-14,Non-workers_Seeking/availabe for work_Males,26,DDW-1600B-01SC-Census.xls,01SC
B0201SC,16,291,District - Dhalai (03),Urban,15-34,Non-workers_Seeking/availabe for work_Males,385,DDW-1600B-01SC-Census.xls,01SC
B0201SC,16,291,District - Dhalai (03),Urban,35-59,Non-workers_Seeking/availabe for work_Males,35,DDW-1600B-01SC-Census.xls,01SC
B0201SC,16,291,District - Dhalai (03),Urban,60+,Non-workers_Seeking/availabe for work_Males,12,DDW-1600B-01SC-Census.xls,01SC
B0201SC,16,291,District - Dhalai (03),Urban,Age not stated,Non-workers_Seeking/availabe for work_Males,0,DDW-1600B-01SC-Census.xls,01SC
B0201SC,16,291,District - Dhalai (03),Urban,15-59,Non-workers_Seeking/availabe for work_Males,420,DDW-1600B-01SC-Census.xls,01SC
B0201SC,16,292,District - North Tripura (04),Total,Total,Non-workers_Seeking/availabe for work_Males,3835,DDW-1600B-01SC-Census.xls,01SC
B0201SC,16,292,District - North Tripura (04),Total,5-14,Non-workers_Seeking/availabe for work_Males,299,DDW-1600B-01SC-Census.xls,01SC
B0201SC,16,292,District - North Tripura (04),Total,15-34,Non-workers_Seeking/availabe for work_Males,3250,DDW-1600B-01SC-Census.xls,01SC
B0201SC,16,292,District - North Tripura (04),Total,35-59,Non-workers_Seeking/availabe for work_Males,192,DDW-1600B-01SC-Census.xls,01SC
B0201SC,16,292,District - North Tripura (04),Total,60+,Non-workers_Seeking/availabe for work_Males,94,DDW-1600B-01SC-Census.xls,01SC
B0201SC,16,292,District - North Tripura (04),Total,Age not stated,Non-workers_Seeking/availabe for work_Males,0,DDW-1600B-01SC-Census.xls,01SC
B0201SC,16,292,District - North Tripura (04),Total,15-59,Non-workers_Seeking/availabe for work_Males,3442,DDW-1600B-01SC-Census.xls,01SC
B0201SC,16,292,District - North Tripura (04),Rural,Total,Non-workers_Seeking/availabe for work_Males,2685,DDW-1600B-01SC-Census.xls,01SC
B0201SC,16,292,District - North Tripura (04),Rural,5-14,Non-workers_Seeking/availabe for work_Males,227,DDW-1600B-01SC-Census.xls,01SC
B0201SC,16,292,District - North Tripura (04),Rural,15-34,Non-workers_Seeking/availabe for work_Males,2286,DDW-1600B-01SC-Census.xls,01SC
B0201SC,16,292,District - North Tripura (04),Rural,35-59,Non-workers_Seeking/availabe for work_Males,110,DDW-1600B-01SC-Census.xls,01SC
B0201SC,16,292,District - North Tripura (04),Rural,60+,Non-workers_Seeking/availabe for work_Males,62,DDW-1600B-01SC-Census.xls,01SC
B0201SC,16,292,District - North Tripura (04),Rural,Age not stated,Non-workers_Seeking/availabe for work_Males,0,DDW-1600B-01SC-Census.xls,01SC
B0201SC,16,292,District - North Tripura (04),Rural,15-59,Non-workers_Seeking/availabe for work_Males,2396,DDW-1600B-01SC-Census.xls,01SC
B0201SC,16,292,District - North Tripura (04),Urban,Total,Non-workers_Seeking/availabe for work_Males,1150,DDW-1600B-01SC-Census.xls,01SC
B0201SC,16,292,District - North Tripura (04),Urban,5-14,Non-workers_Seeking/availabe for work_Males,72,DDW-1600B-01SC-Census.xls,01SC
B0201SC,16,292,District - North Tripura (04),Urban,15-34,Non-workers_Seeking/availabe for work_Males,964,DDW-1600B-01SC-Census.xls,01SC
B0201SC,16,292,District - North Tripura (04),Urban,35-59,Non-workers_Seeking/availabe for work_Males,82,DDW-1600B-01SC-Census.xls,01SC
B0201SC,16,292,District - North Tripura (04),Urban,60+,Non-workers_Seeking/availabe for work_Males,32,DDW-1600B-01SC-Census.xls,01SC
B0201SC,16,292,District - North Tripura (04),Urban,Age not stated,Non-workers_Seeking/availabe for work_Males,0,DDW-1600B-01SC-Census.xls,01SC
B0201SC,16,292,District - North Tripura (04),Urban,15-59,Non-workers_Seeking/availabe for work_Males,1046,DDW-1600B-01SC-Census.xls,01SC
B0201SC,16,000,State - TRIPURA (16),Total,Total,Non-workers_Seeking/availabe for work_Females,76853,DDW-1600B-01SC-Census.xls,01SC
B0201SC,16,000,State - TRIPURA (16),Total,5-14,Non-workers_Seeking/availabe for work_Females,1756,DDW-1600B-01SC-Census.xls,01SC
B0201SC,16,000,State - TRIPURA (16),Total,15-34,Non-workers_Seeking/availabe for work_Females,53012,DDW-1600B-01SC-Census.xls,01SC
B0201SC,16,000,State - TRIPURA (16),Total,35-59,Non-workers_Seeking/availabe for work_Females,20516,DDW-1600B-01SC-Census.xls,01SC
B0201SC,16,000,State - TRIPURA (16),Total,60+,Non-workers_Seeking/availabe for work_Females,1554,DDW-1600B-01SC-Census.xls,01SC
B0201SC,16,000,State - TRIPURA (16),Total,Age not stated,Non-workers_Seeking/availabe for work_Females,15,DDW-1600B-01SC-Census.xls,01SC
B0201SC,16,000,State - TRIPURA (16),Total,15-59,Non-workers_Seeking/availabe for work_Females,73528,DDW-1600B-01SC-Census.xls,01SC
B0201SC,16,000,State - TRIPURA (16),Rural,Total,Non-workers_Seeking/availabe for work_Females,46775,DDW-1600B-01SC-Census.xls,01SC
B0201SC,16,000,State - TRIPURA (16),Rural,5-14,Non-workers_Seeking/availabe for work_Females,1139,DDW-1600B-01SC-Census.xls,01SC
B0201SC,16,000,State - TRIPURA (16),Rural,15-34,Non-workers_Seeking/availabe for work_Females,32220,DDW-1600B-01SC-Census.xls,01SC
B0201SC,16,000,State - TRIPURA (16),Rural,35-59,Non-workers_Seeking/availabe for work_Females,12387,DDW-1600B-01SC-Census.xls,01SC
B0201SC,16,000,State - TRIPURA (16),Rural,60+,Non-workers_Seeking/availabe for work_Females,1020,DDW-1600B-01SC-Census.xls,01SC
B0201SC,16,000,State - TRIPURA (16),Rural,Age not stated,Non-workers_Seeking/availabe for work_Females,9,DDW-1600B-01SC-Census.xls,01SC
B0201SC,16,000,State - TRIPURA (16),Rural,15-59,Non-workers_Seeking/availabe for work_Females,44607,DDW-1600B-01SC-Census.xls,01SC
B0201SC,16,000,State - TRIPURA (16),Urban,Total,Non-workers_Seeking/availabe for work_Females,30078,DDW-1600B-01SC-Census.xls,01SC
B0201SC,16,000,State - TRIPURA (16),Urban,5-14,Non-workers_Seeking/availabe for work_Females,617,DDW-1600B-01SC-Census.xls,01SC
B0201SC,16,000,State - TRIPURA (16),Urban,15-34,Non-workers_Seeking/availabe for work_Females,20792,DDW-1600B-01SC-Census.xls,01SC
B0201SC,16,000,State - TRIPURA (16),Urban,35-59,Non-workers_Seeking/availabe for work_Females,8129,DDW-1600B-01SC-Census.xls,01SC
B0201SC,16,000,State - TRIPURA (16),Urban,60+,Non-workers_Seeking/availabe for work_Females,534,DDW-1600B-01SC-Census.xls,01SC
B0201SC,16,000,State - TRIPURA (16),Urban,Age not stated,Non-workers_Seeking/availabe for work_Females,6,DDW-1600B-01SC-Census.xls,01SC
B0201SC,16,000,State - TRIPURA (16),Urban,15-59,Non-workers_Seeking/availabe for work_Females,28921,DDW-1600B-01SC-Census.xls,01SC
B0201SC,16,289,District - West Tripura  (01),Total,Total,Non-workers_Seeking/availabe for work_Females,42986,DDW-1600B-01SC-Census.xls,01SC
B0201SC,16,289,District - West Tripura  (01),Total,5-14,Non-workers_Seeking/availabe for work_Females,978,DDW-1600B-01SC-Census.xls,01SC
B0201SC,16,289,District - West Tripura  (01),Total,15-34,Non-workers_Seeking/availabe for work_Females,29362,DDW-1600B-01SC-Census.xls,01SC
B0201SC,16,289,District - West Tripura  (01),Total,35-59,Non-workers_Seeking/availabe for work_Females,11693,DDW-1600B-01SC-Census.xls,01SC
B0201SC,16,289,District - West Tripura  (01),Total,60+,Non-workers_Seeking/availabe for work_Females,945,DDW-1600B-01SC-Census.xls,01SC
B0201SC,16,289,District - West Tripura  (01),Total,Age not stated,Non-workers_Seeking/availabe for work_Females,8,DDW-1600B-01SC-Census.xls,01SC
B0201SC,16,289,District - West Tripura  (01),Total,15-59,Non-workers_Seeking/availabe for work_Females,41055,DDW-1600B-01SC-Census.xls,01SC
B0201SC,16,289,District - West Tripura  (01),Rural,Total,Non-workers_Seeking/availabe for work_Females,21793,DDW-1600B-01SC-Census.xls,01SC
B0201SC,16,289,District - West Tripura  (01),Rural,5-14,Non-workers_Seeking/availabe for work_Females,516,DDW-1600B-01SC-Census.xls,01SC
B0201SC,16,289,District - West Tripura  (01),Rural,15-34,Non-workers_Seeking/availabe for work_Females,14635,DDW-1600B-01SC-Census.xls,01SC
B0201SC,16,289,District - West Tripura  (01),Rural,35-59,Non-workers_Seeking/availabe for work_Females,6088,DDW-1600B-01SC-Census.xls,01SC
B0201SC,16,289,District - West Tripura  (01),Rural,60+,Non-workers_Seeking/availabe for work_Females,551,DDW-1600B-01SC-Census.xls,01SC
B0201SC,16,289,District - West Tripura  (01),Rural,Age not stated,Non-workers_Seeking/availabe for work_Females,3,DDW-1600B-01SC-Census.xls,01SC
B0201SC,16,289,District - West Tripura  (01),Rural,15-59,Non-workers_Seeking/availabe for work_Females,20723,DDW-1600B-01SC-Census.xls,01SC
B0201SC,16,289,District - West Tripura  (01),Urban,Total,Non-workers_Seeking/availabe for work_Females,21193,DDW-1600B-01SC-Census.xls,01SC
B0201SC,16,289,District - West Tripura  (01),Urban,5-14,Non-workers_Seeking/availabe for work_Females,462,DDW-1600B-01SC-Census.xls,01SC
B0201SC,16,289,District - West Tripura  (01),Urban,15-34,Non-workers_Seeking/availabe for work_Females,14727,DDW-1600B-01SC-Census.xls,01SC
B0201SC,16,289,District - West Tripura  (01),Urban,35-59,Non-workers_Seeking/availabe for work_Females,5605,DDW-1600B-01SC-Census.xls,01SC
B0201SC,16,289,District - West Tripura  (01),Urban,60+,Non-workers_Seeking/availabe for work_Females,394,DDW-1600B-01SC-Census.xls,01SC
B0201SC,16,289,District - West Tripura  (01),Urban,Age not stated,Non-workers_Seeking/availabe for work_Females,5,DDW-1600B-01SC-Census.xls,01SC
B0201SC,16,289,District - West Tripura  (01),Urban,15-59,Non-workers_Seeking/availabe for work_Females,20332,DDW-1600B-01SC-Census.xls,01SC
B0201SC,16,290,District - South Tripura  (02),Total,Total,Non-workers_Seeking/availabe for work_Females,14738,DDW-1600B-01SC-Census.xls,01SC
B0201SC,16,290,District - South Tripura  (02),Total,5-14,Non-workers_Seeking/availabe for work_Females,266,DDW-1600B-01SC-Census.xls,01SC
B0201SC,16,290,District - South Tripura  (02),Total,15-34,Non-workers_Seeking/availabe for work_Females,10421,DDW-1600B-01SC-Census.xls,01SC
B0201SC,16,290,District - South Tripura  (02),Total,35-59,Non-workers_Seeking/availabe for work_Females,3799,DDW-1600B-01SC-Census.xls,01SC
B0201SC,16,290,District - South Tripura  (02),Total,60+,Non-workers_Seeking/availabe for work_Females,246,DDW-1600B-01SC-Census.xls,01SC
B0201SC,16,290,District - South Tripura  (02),Total,Age not stated,Non-workers_Seeking/availabe for work_Females,6,DDW-1600B-01SC-Census.xls,01SC
B0201SC,16,290,District - South Tripura  (02),Total,15-59,Non-workers_Seeking/availabe for work_Females,14220,DDW-1600B-01SC-Census.xls,01SC
B0201SC,16,290,District - South Tripura  (02),Rural,Total,Non-workers_Seeking/availabe for work_Females,10679,DDW-1600B-01SC-Census.xls,01SC
B0201SC,16,290,District - South Tripura  (02),Rural,5-14,Non-workers_Seeking/availabe for work_Females,205,DDW-1600B-01SC-Census.xls,01SC
B0201SC,16,290,District - South Tripura  (02),Rural,15-34,Non-workers_Seeking/availabe for work_Females,7661,DDW-1600B-01SC-Census.xls,01SC
B0201SC,16,290,District - South Tripura  (02),Rural,35-59,Non-workers_Seeking/availabe for work_Females,2626,DDW-1600B-01SC-Census.xls,01SC
B0201SC,16,290,District - South Tripura  (02),Rural,60+,Non-workers_Seeking/availabe for work_Females,182,DDW-1600B-01SC-Census.xls,01SC
B0201SC,16,290,District - South Tripura  (02),Rural,Age not stated,Non-workers_Seeking/availabe for work_Females,5,DDW-1600B-01SC-Census.xls,01SC
B0201SC,16,290,District - South Tripura  (02),Rural,15-59,Non-workers_Seeking/availabe for work_Females,10287,DDW-1600B-01SC-Census.xls,01SC
B0201SC,16,290,District - South Tripura  (02),Urban,Total,Non-workers_Seeking/availabe for work_Females,4059,DDW-1600B-01SC-Census.xls,01SC
B0201SC,16,290,District - South Tripura  (02),Urban,5-14,Non-workers_Seeking/availabe for work_Females,61,DDW-1600B-01SC-Census.xls,01SC
B0201SC,16,290,District - South Tripura  (02),Urban,15-34,Non-workers_Seeking/availabe for work_Females,2760,DDW-1600B-01SC-Census.xls,01SC
B0201SC,16,290,District - South Tripura  (02),Urban,35-59,Non-workers_Seeking/availabe for work_Females,1173,DDW-1600B-01SC-Census.xls,01SC
B0201SC,16,290,District - South Tripura  (02),Urban,60+,Non-workers_Seeking/availabe for work_Females,64,DDW-1600B-01SC-Census.xls,01SC
B0201SC,16,290,District - South Tripura  (02),Urban,Age not stated,Non-workers_Seeking/availabe for work_Females,1,DDW-1600B-01SC-Census.xls,01SC
B0201SC,16,290,District - South Tripura  (02),Urban,15-59,Non-workers_Seeking/availabe for work_Females,3933,DDW-1600B-01SC-Census.xls,01SC
B0201SC,16,291,District - Dhalai (03),Total,Total,Non-workers_Seeking/availabe for work_Females,6430,DDW-1600B-01SC-Census.xls,01SC
B0201SC,16,291,District - Dhalai (03),Total,5-14,Non-workers_Seeking/availabe for work_Females,188,DDW-1600B-01SC-Census.xls,01SC
B0201SC,16,291,District - Dhalai (03),Total,15-34,Non-workers_Seeking/availabe for work_Females,4542,DDW-1600B-01SC-Census.xls,01SC
B0201SC,16,291,District - Dhalai (03),Total,35-59,Non-workers_Seeking/availabe for work_Females,1582,DDW-1600B-01SC-Census.xls,01SC
B0201SC,16,291,District - Dhalai (03),Total,60+,Non-workers_Seeking/availabe for work_Females,117,DDW-1600B-01SC-Census.xls,01SC
B0201SC,16,291,District - Dhalai (03),Total,Age not stated,Non-workers_Seeking/availabe for work_Females,1,DDW-1600B-01SC-Census.xls,01SC
B0201SC,16,291,District - Dhalai (03),Total,15-59,Non-workers_Seeking/availabe for work_Females,6124,DDW-1600B-01SC-Census.xls,01SC
B0201SC,16,291,District - Dhalai (03),Rural,Total,Non-workers_Seeking/availabe for work_Females,4983,DDW-1600B-01SC-Census.xls,01SC
B0201SC,16,291,District - Dhalai (03),Rural,5-14,Non-workers_Seeking/availabe for work_Females,162,DDW-1600B-01SC-Census.xls,01SC
B0201SC,16,291,District - Dhalai (03),Rural,15-34,Non-workers_Seeking/availabe for work_Females,3543,DDW-1600B-01SC-Census.xls,01SC
B0201SC,16,291,District - Dhalai (03),Rural,35-59,Non-workers_Seeking/availabe for work_Females,1186,DDW-1600B-01SC-Census.xls,01SC
B0201SC,16,291,District - Dhalai (03),Rural,60+,Non-workers_Seeking/availabe for work_Females,91,DDW-1600B-01SC-Census.xls,01SC
B0201SC,16,291,District - Dhalai (03),Rural,Age not stated,Non-workers_Seeking/availabe for work_Females,1,DDW-1600B-01SC-Census.xls,01SC
B0201SC,16,291,District - Dhalai (03),Rural,15-59,Non-workers_Seeking/availabe for work_Females,4729,DDW-1600B-01SC-Census.xls,01SC
B0201SC,16,291,District - Dhalai (03),Urban,Total,Non-workers_Seeking/availabe for work_Females,1447,DDW-1600B-01SC-Census.xls,01SC
B0201SC,16,291,District - Dhalai (03),Urban,5-14,Non-workers_Seeking/availabe for work_Females,26,DDW-1600B-01SC-Census.xls,01SC
B0201SC,16,291,District - Dhalai (03),Urban,15-34,Non-workers_Seeking/availabe for work_Females,999,DDW-1600B-01SC-Census.xls,01SC
B0201SC,16,291,District - Dhalai (03),Urban,35-59,Non-workers_Seeking/availabe for work_Females,396,DDW-1600B-01SC-Census.xls,01SC
B0201SC,16,291,District - Dhalai (03),Urban,60+,Non-workers_Seeking/availabe for work_Females,26,DDW-1600B-01SC-Census.xls,01SC
B0201SC,16,291,District - Dhalai (03),Urban,Age not stated,Non-workers_Seeking/availabe for work_Females,0,DDW-1600B-01SC-Census.xls,01SC
B0201SC,16,291,District - Dhalai (03),Urban,15-59,Non-workers_Seeking/availabe for work_Females,1395,DDW-1600B-01SC-Census.xls,01SC
B0201SC,16,292,District - North Tripura (04),Total,Total,Non-workers_Seeking/availabe for work_Females,12699,DDW-1600B-01SC-Census.xls,01SC
B0201SC,16,292,District - North Tripura (04),Total,5-14,Non-workers_Seeking/availabe for work_Females,324,DDW-1600B-01SC-Census.xls,01SC
B0201SC,16,292,District - North Tripura (04),Total,15-34,Non-workers_Seeking/availabe for work_Females,8687,DDW-1600B-01SC-Census.xls,01SC
B0201SC,16,292,District - North Tripura (04),Total,35-59,Non-workers_Seeking/availabe for work_Females,3442,DDW-1600B-01SC-Census.xls,01SC
B0201SC,16,292,District - North Tripura (04),Total,60+,Non-workers_Seeking/availabe for work_Females,246,DDW-1600B-01SC-Census.xls,01SC
B0201SC,16,292,District - North Tripura (04),Total,Age not stated,Non-workers_Seeking/availabe for work_Females,0,DDW-1600B-01SC-Census.xls,01SC
B0201SC,16,292,District - North Tripura (04),Total,15-59,Non-workers_Seeking/availabe for work_Females,12129,DDW-1600B-01SC-Census.xls,01SC
B0201SC,16,292,District - North Tripura (04),Rural,Total,Non-workers_Seeking/availabe for work_Females,9320,DDW-1600B-01SC-Census.xls,01SC
B0201SC,16,292,District - North Tripura (04),Rural,5-14,Non-workers_Seeking/availabe for work_Females,256,DDW-1600B-01SC-Census.xls,01SC
B0201SC,16,292,District - North Tripura (04),Rural,15-34,Non-workers_Seeking/availabe for work_Females,6381,DDW-1600B-01SC-Census.xls,01SC
B0201SC,16,292,District - North Tripura (04),Rural,35-59,Non-workers_Seeking/availabe for work_Females,2487,DDW-1600B-01SC-Census.xls,01SC
B0201SC,16,292,District - North Tripura (04),Rural,60+,Non-workers_Seeking/availabe for work_Females,196,DDW-1600B-01SC-Census.xls,01SC
B0201SC,16,292,District - North Tripura (04),Rural,Age not stated,Non-workers_Seeking/availabe for work_Females,0,DDW-1600B-01SC-Census.xls,01SC
B0201SC,16,292,District - North Tripura (04),Rural,15-59,Non-workers_Seeking/availabe for work_Females,8868,DDW-1600B-01SC-Census.xls,01SC
B0201SC,16,292,District - North Tripura (04),Urban,Total,Non-workers_Seeking/availabe for work_Females,3379,DDW-1600B-01SC-Census.xls,01SC
B0201SC,16,292,District - North Tripura (04),Urban,5-14,Non-workers_Seeking/availabe for work_Females,68,DDW-1600B-01SC-Census.xls,01SC
B0201SC,16,292,District - North Tripura (04),Urban,15-34,Non-workers_Seeking/availabe for work_Females,2306,DDW-1600B-01SC-Census.xls,01SC
B0201SC,16,292,District - North Tripura (04),Urban,35-59,Non-workers_Seeking/availabe for work_Females,955,DDW-1600B-01SC-Census.xls,01SC
B0201SC,16,292,District - North Tripura (04),Urban,60+,Non-workers_Seeking/availabe for work_Females,50,DDW-1600B-01SC-Census.xls,01SC
B0201SC,16,292,District - North Tripura (04),Urban,Age not stated,Non-workers_Seeking/availabe for work_Females,0,DDW-1600B-01SC-Census.xls,01SC
B0201SC,16,292,District - North Tripura (04),Urban,15-59,Non-workers_Seeking/availabe for work_Females,3261,DDW-1600B-01SC-Census.xls,01SC
